time_since_start_s,accel_x,accel_y,accel_z,gyro_x,gyro_y,gyro_z,latitude,longitude,vehicle_speed,trip_id
2582.12,2.1313,2.4238,10.5873,-0.1319,-0.5064,0.2103,52.749237,-1.674216,57.29,Vta1b
2582.22,4.209631999999017,5.33824800000394,9.673331000002744,0.09370200000039967,0.116522999999419,-0.007433000000416936,52.749237,-1.674216,57.621199999999696,Vta1b
2582.3199999999997,4.615431999995866,3.7246340000135474,8.592533999998716,-0.06568699999970312,0.3433160000007963,0.15422800000084336,52.749237,-1.674216,57.74369999999907,Vta1b
2582.4199999999996,6.21330891090087,-1.6295881188139516,9.09196435643787,-0.18345148514845144,0.027595049505077813,-0.17375346534800878,52.749237,-1.674216,58.11485148514729,Vta1b
2582.5199999999995,2.33420000001764,-0.8084000000037344,8.208400000004017,-0.20859999999988565,-0.022899999999770382,0.4108999999973414,52.749237,-1.674216,58.59999999999779,Vta1b
2582.6199999999994,0.04830000001039503,2.0079999999871925,8.37759999999923,0.004699999999030036,-0.09189999999968622,-0.020699999998037344,52.749237,-1.674216,58.37000000000104,Vta1b
2582.7199999999993,1.0078999999956362,-3.36189999997558,9.655799999994187,-0.028899999999847204,-0.4957999999981633,0.2426999999988022,52.749237,-1.674216,58.27000000000046,Vta1b
2582.8199999999993,4.344237000030142,0.6341489999917186,9.375021999986311,0.09638700000050257,-0.5041230000004068,0.16208199999909637,52.749237,-1.674216,58.60209999999852,Vta1b
2582.919999999999,0.11241188118690872,1.7743267326895067,11.297028712871834,0.02704455445456579,-0.44317524752745613,0.2855366336658145,52.74923835643564,-1.6742166732673263,58.810693069306446,Vta1b
2583.019999999999,0.28359999999844304,-0.5229999999791062,11.219900000000703,0.1514999999988681,-0.06070000000347858,-0.060799999996850096,52.749374,-1.6742839999999994,58.87999999999937,Vta1b
2583.119999999999,1.2005999999916597,3.572399999962752,10.510300000006454,-0.036899999998286526,-0.05410000000006003,0.030199999999172354,52.749374,-1.674284,58.94999999999936,Vta1b
2583.219999999999,2.9193999999843676,-0.14519999996618838,10.31020000000182,0.14869999999831196,0.07639999999881311,0.06259999999970532,52.749374,-1.674284,58.999999999999545,Vta1b
2583.319999999999,1.4127623762634558,-2.733166336678193,10.123214851488152,-0.1244009901010997,0.29031980197750323,-0.20257326732780917,52.749374,-1.674284,59.0919801980175,Vta1b
2583.4199999999987,-0.8109999999696624,1.1001999999477041,9.864700000003525,0.05549999999754571,0.5222999999968352,-0.10990000000126429,52.749374,-1.674284,59.2899999999973,Vta1b
2583.5199999999986,3.127099999946275,3.7915999999632826,8.44940000001931,-0.150399999997191,0.3100000000028963,-0.01980000000122918,52.749374,-1.674284,59.389999999998636,Vta1b
2583.6199999999985,3.4502999999955906,-0.6359999999395969,9.698599999982958,-0.10420000000063029,0.057700000003442,-0.08629999999909278,52.749374,-1.674284,59.340000000000686,Vta1b
2583.7199999999984,1.6890000000240284,-0.7607999999982975,9.396300000004125,-0.021300000001130956,-0.1338999999973861,0.23509999999561537,52.749374,-1.674284,59.300000000000544,Vta1b
2583.8199999999983,2.5945999999835268,5.574099999884768,8.013000000025162,-0.14959999999766627,-0.4899999999935225,0.2762999999992506,52.749374,-1.674284,59.28000000000036,Vta1b
2583.9199999999983,-0.41259999994529917,3.323300000040942,9.356399999975565,-0.0712000000014261,0.025899999990615874,-0.04079999999423195,52.749374,-1.674284,59.439999999997085,Vta1b
2584.019999999998,-0.6669999999953725,-1.6194999999100905,10.202599999984608,0.11259999999665672,0.08989999999883586,0.004099999999183278,52.749516,-1.6743649999999985,59.55999999999782,Vta1b
2584.119999999998,1.5252603960146798,-0.38106534654299157,9.987603960407604,0.02514158415894989,0.060074257426622424,-0.051901980201322306,52.749516,-1.674365,59.47306930692435,Vta1b
2584.219999999998,2.731299999978062,0.022399999992661013,9.42800000001018,-0.0006999999995299412,0.017500000000774424,0.10789999999709321,52.749516,-1.674365,59.779999999994416,Vta1b
2584.319999999998,0.2718396039184772,2.5621722772731377,9.535563366338573,-0.04656534653534657,-0.11580297029805911,0.2829336633747585,52.749516,-1.674365,59.95980198019843,Vta1b
2584.419999999998,2.29579999995398,0.36940000004985807,9.44190000000213,-0.013100000000760913,-0.06610000000113012,-0.1236999999907542,52.749516,-1.674365,59.940000000000445,Vta1b
2584.5199999999977,-0.20229999994320025,-0.22759999998642572,9.523099999998154,-0.02459999999973852,0.03399999999772399,0.17959999999310375,52.749516,-1.674365,59.959999999999546,Vta1b
2584.6199999999976,-0.4277999999948727,-0.3638999999969009,10.066899999987635,0.05569999999817418,0.047199999999699864,-0.12539999999306514,52.749516,-1.674365,59.94000000000045,Vta1b
2584.7199999999975,1.7748999999499167,0.8535999999723173,9.658800000009279,-0.007499999998563003,0.28459999999460217,-0.16129999999918374,52.749516,-1.674365,60.19999999999409,Vta1b
2584.8199999999974,3.706699999947291,-1.08959999994698,9.5379000000033,-0.1833999999952006,0.13800000000399995,0.014899999995192398,52.749516,-1.674365,60.26999999999809,Vta1b
2584.9199999999973,3.185500000014221,0.4518999999579403,10.182999999982398,0.03279999999410102,-0.026099999995522594,0.0728999999984175,52.749516,-1.674365,60.30999999999891,Vta1b
2585.0199999999973,3.793699999983405,-0.3906999999770097,9.61420000001552,-0.08769999999671216,0.11499999999615011,0.04550000000074761,52.749652999999995,-1.6744589999999973,60.45999999999591,Vta1b
2585.119999999997,2.308310891125385,-0.3912465346625528,9.065096039621828,-0.12433168316971059,0.10499405940893439,-0.08326831683743209,52.749653,-1.674459,60.58029702970209,Vta1b
2585.219999999997,1.0894000000332578,-0.08590000000833131,8.464700000016382,-0.0775000000012778,0.0044000000027446945,0.10989999999472944,52.749653,-1.674459,60.60999999999919,Vta1b
2585.319999999997,2.5645999999530407,1.1866999999594903,9.183299999977125,-0.10439999999914372,-0.15599999999489408,-0.03459999999540023,52.749653,-1.674459,60.719999999996496,Vta1b
2585.419999999997,2.606099999998679,-0.38039999995011575,9.484399999990416,-0.03590000000218051,0.0008999999950055071,0.06919999999669582,52.749653,-1.674459,60.79999999999745,Vta1b
2585.519999999997,2.410100000006239,-3.906399999887759,9.689399999993473,-0.09759999999803595,0.525999999983285,-0.15969999999271356,52.749653,-1.674459,60.869999999997766,Vta1b
2585.6199999999967,0.639200000056372,4.140599999743847,9.26500000001351,-0.027500000002231434,0.4760000000015916,-0.3336999999944612,52.749653,-1.674459,60.909999999998725,Vta1b
2585.7199999999966,1.2770999999796941,2.1974000000618563,9.654199999987611,-0.038199999999659395,0.19000000000910405,-0.024300000009848888,52.749653,-1.674459,60.86000000000159,Vta1b
2585.8199999999965,-0.8253999999235115,-3.335299999798722,10.035099999986143,0.056999999996536654,-0.1220999999886459,0.048599999997347904,52.749653,-1.674459,60.77000000000328,Vta1b
2585.9199999999964,1.097999999930027,-1.2996000000740584,10.945899999966866,-0.079999999995016,0.034099999994317495,-0.018899999997544374,52.749653,-1.674459,60.61000000000582,Vta1b
2586.0199999999963,2.139099999962125,0.30839999994150125,10.234300000025888,-0.04080000000142609,-0.2707999999889078,0.19589999999218563,52.74978999999999,-1.6745609999999962,60.52000000000328,Vta1b
2586.1199999999963,-0.7621999998944515,-1.221899999944328,10.0089000000082,0.06209999999625651,-0.02740000000885484,-0.031399999991730904,52.74979,-1.674561,60.539999999999274,Vta1b
2586.219999999996,-1.8329999999610445,2.4791999998653544,8.516800000054282,-0.06239999999547072,-0.2345999999924621,0.03859999999745342,52.74979,-1.674561,59.99000000002001,Vta1b
2586.319999999996,-1.115600000029361,1.3603000000457937,9.159599999973691,-0.040900000000879934,0.016199999989735453,-0.18499999999084865,52.74979,-1.674561,59.52000000001924,Vta1b
2586.419999999996,1.369999999898271,-3.044399999819728,9.038000000004978,-0.018300000000924955,0.21079999999203555,0.08099999998911339,52.74979,-1.674561,58.990000000021695,Vta1b
2586.519999999996,0.6033000000313788,-3.9142999999643973,9.247799999991413,0.01209999999875581,0.4085999999919046,-0.5177999999754928,52.74979,-1.674561,58.86000000000532,Vta1b
2586.619999999996,-0.16779999996844097,-0.5588000001373312,9.898999999973347,-0.11939999999461809,0.1341000000112345,0.06449999997616807,52.74979,-1.674561,58.700000000006554,Vta1b
2586.7199999999957,-0.9611999999675285,0.5070999999563757,9.785400000004648,0.040299999993463925,-0.40599999997789515,0.23829999999288684,52.74979,-1.674561,58.320000000015554,Vta1b
2586.8199999999956,3.5411999997952543,-5.232499999738993,8.582200000054716,-0.0653999999951933,-0.4778999999967304,0.37209999999391546,52.74979,-1.674561,57.84000000002183,Vta1b
2586.9199999999955,5.097699999929218,-5.245199999999422,7.826500000034366,0.13349999999095508,-0.198800000012692,-0.04779999998090517,52.74979,-1.674561,57.770000000003186,Vta1b
2587.0199999999954,2.487700000118689,2.4262999996511416,10.18209999989288,-0.16109999998660307,0.2847999999780084,-0.0669999999991269,52.74992799999999,-1.6746609999999955,57.64000000000591,Vta1b
2587.1199999999953,1.9022000000266255,-1.8419999998059002,10.725999999975267,-0.006000000007053141,0.48629999999083684,-0.30049999998938165,52.749928,-1.674661,57.70999999999682,Vta1b
2587.2199999999953,3.4540999999294275,-4.62639999987338,10.619300000004854,-0.1825999999919692,0.0634000000192313,-0.0450000000116188,52.749928,-1.674661,57.91999999999045,Vta1b
2587.319999999995,1.083400000118587,-2.827100000090005,10.3894000000115,0.05579999998807472,-0.16129999998876005,0.05679999999490774,52.749928,-1.674661,57.8700000000025,Vta1b
2587.419999999995,2.754999999916383,-1.0531000000887392,10.053000000016828,-0.020099999996203308,-0.18149999999898955,-0.10789999999176135,52.749928,-1.674661,58.00999999999299,Vta1b
2587.519999999995,1.8271000000464155,-0.556900000024821,10.113499999996973,0.12659999999266172,0.02609999998961543,-0.29509999999063585,52.749928,-1.674661,57.830000000009,Vta1b
2587.619999999995,1.7134000000056875,-0.25220000001524173,10.186899999996328,-0.07249999999004059,-0.027599999997313805,9.999998523341214e-05,52.749928,-1.674661,57.929999999995,Vta1b
2587.719999999995,2.107360396019099,-3.7017049503155084,10.768484158385572,0.09136138613008514,-0.2466099009786999,0.009109900989630059,52.749928,-1.674661,58.12801980196989,Vta1b
2587.8199999999947,1.8274000000156487,-3.069500000036749,9.445900000073223,0.0037000000049222936,-0.27499999999855584,0.1278999999934572,52.749928,-1.674661,58.32999999998897,Vta1b
2587.9199999999946,2.3272999999727206,-5.919199999844492,8.833200000033434,-0.11529999999350621,0.4303999999615066,-0.28899999997724984,52.749928,-1.674661,58.519999999989636,Vta1b
2588.0199999999945,0.29254752486763325,2.1047603955854832,8.435180198042328,-0.17500297029365078,0.05614257427860714,-0.081376237635513,52.750063643564346,-1.6747451584158368,58.85663366334728,Vta1b
2588.1199999999944,2.504099999876976,0.3839000000992785,10.188299999903148,0.10469999998454962,-0.21259999998539297,0.005499999995325758,52.750065,-1.674746,58.94999999999504,Vta1b
2588.2199999999943,2.472200000001741,2.199699999900912,10.013300000009549,0.023300000004441976,-0.5107999999837274,0.26379999998590464,52.750065,-1.674746,59.19999999998636,Vta1b
2588.3199999999943,2.533399999996382,-3.7310999996493877,9.587600000025166,0.006600000000987261,0.009599999969235551,-0.14879999997560822,52.750065,-1.674746,59.40999999998758,Vta1b
2588.419999999994,4.0092999999127485,-4.657499999945234,9.850199999984476,-0.06519999999575538,0.33889999998053266,-0.1494999999999586,52.750065,-1.674746,59.79999999997694,Vta1b
2588.519999999994,3.203200000047654,-0.5501000002428178,10.018799999990033,-0.0038000000036297887,0.3313000000004493,-0.2322999999951051,52.750065,-1.674746,59.86999999999586,Vta1b
2588.619999999994,3.076100000007514,2.5535999998165178,9.270400000044244,0.055799999996476626,0.057200000016203956,-0.08950000000844191,52.750065,-1.674746,60.12999999998463,Vta1b
2588.719999999994,3.4483999999779904,-0.49649999981968707,9.791099999969218,0.0481000000004552,-0.5223999999657357,0.31059999997634724,52.750065,-1.674746,60.43999999998167,Vta1b
2588.819999999994,4.305099999945459,-6.238499999634438,10.144499999977501,0.05179999999976444,-0.16490000002276006,0.03230000001771782,52.750065,-1.674746,60.68999999998408,Vta1b
2588.9199999999937,2.734400000099998,-1.9368000002738661,9.757100000024662,0.0036000000030686347,0.26059999997291067,-0.2771999999802958,52.750065,-1.674746,60.96999999998217,Vta1b
2589.0199999999936,-0.11169999981880396,2.5168999997164567,9.29720000002928,-0.12389999999188277,0.6232999999769089,-0.41249999999138615,52.75019999999999,-1.6747989999999966,61.14999999998854,Vta1b
2589.1199999999935,0.831899999939926,0.47790000012981215,10.136999999946536,0.12979999998384828,-0.02769999995855421,-0.11450000001897204,52.7502,-1.674799,61.5599999999739,Vta1b
2589.2199999999934,4.140099999789385,-4.135999999706258,10.102000000002228,0.23219999999348073,-0.32519999998105975,0.2089999999794045,52.7502,-1.674799,61.819999999983445,Vta1b
2589.3199999999933,3.2027000000639423,-1.8901000001531973,9.305300000054345,0.00900000001522494,-0.5155999999870123,0.28039999999512966,52.7502,-1.674799,62.12999999997886,Vta1b
2589.4199999999933,2.557900000043983,6.079099999456405,8.365900000064078,0.03479999999824012,-0.305300000014345,0.3227999999971078,52.7502,-1.674799,62.63999999996521,Vta1b
2589.519999999993,1.1415000000966156,2.0148000002772344,9.630899999913712,-0.11269999998993871,0.9869999999118496,-0.4701999999459078,52.7502,-1.674799,62.939999999979534,Vta1b
2589.619999999993,1.5772999999702733,-4.94099999952553,10.2568999999573,-0.07770000000238743,0.8171000000115893,-0.47449999999970666,52.7502,-1.674799,63.149999999985674,Vta1b
2589.719999999993,1.7442999999886086,-6.6456999998837185,11.109099999941868,0.048999999991357526,0.11010000004822595,-0.17240000002060685,52.7502,-1.674799,63.319999999988404,Vta1b
2589.819999999993,2.183499999968044,6.78359999902289,9.485800000118111,0.03420000000107684,-0.7342999999385618,0.43009999995616244,52.7502,-1.674799,63.689999999973075,Vta1b
2589.919999999993,0.7922000001012304,7.803899999925763,9.809299999976462,0.01400000000146974,-0.23600000003625604,0.08530000002508747,52.7502,-1.674799,64.12999999996798,Vta1b
2590.0199999999927,1.3480999999595529,-0.714599999380197,10.666399999937637,-0.06229999999444845,0.700399999931868,-0.35189999996818955,52.75034999999998,-1.6748459999999967,64.47999999997454,Vta1b
2590.1199999999926,1.994999999952932,-6.5424999995759645,12.130099999893503,-0.15249999999343708,0.6061000000068613,-0.37159999999856663,52.75035,-1.674846,64.61999999998982,Vta1b
2590.2199999999925,1.0796000000666042,-4.58840000014218,11.636900000035887,0.05879999998462587,0.10640000003635791,0.059299999968647876,52.75035,-1.674846,64.93998999997673,Vta1b
2590.3199999999924,1.7607999999473383,0.8989999995757847,9.721100000148105,0.12169999999513739,-0.47459999995508456,0.22759999998698924,52.75035,-1.674846,65.1299999999853,Vta1b
2590.4199999999923,1.5729039604057964,1.223138613961219,9.098933663421791,0.017794059416524646,-0.011458415875773634,-0.060605940578958496,52.75035,-1.674846,65.61188118810465,Vta1b
2590.5199999999923,1.4433000000100193,-0.10299999989747999,8.362300000056946,-0.1227999999891311,0.4426999999648903,-0.26119999998449267,52.75035,-1.674846,65.79999999998546,Vta1b
2590.619999999992,3.5931999998337973,-5.7511999995633545,9.082099999944354,0.006599999989996483,0.48089999999704686,-0.39559999998960993,52.75035,-1.674846,65.89999999999227,Vta1b
2590.719999999992,0.15810000026555748,-2.580200000245141,10.044499999925598,-0.03429999999683814,-0.730099999906381,0.4782999999324414,52.75035,-1.674846,66.06999999998685,Vta1b
2590.819999999992,0.9998999999310948,1.6986999996497532,9.916700000010461,0.08299999999039846,-0.5567000000141935,0.39860000000652385,52.75035,-1.674846,66.31999999997953,Vta1b
2590.919999999992,-0.6464999998652345,5.023199999727876,10.082399999986437,0.23629999998745171,0.2159999999367509,-0.2513999999467946,52.75035,-1.674846,66.4799999999869,Vta1b
2591.019999999992,0.507899999905507,2.523800000204587,10.382599999975428,-0.205299999963853,0.7587999999555693,-0.3374999999929523,52.750509999999984,-1.6748879999999966,66.82999999997135,Vta1b
2591.1199999999917,2.488499999837879,-1.274099999689125,9.322100000086808,0.046499999979389056,-0.23829999991838302,0.09349999996472069,52.75051,-1.674888,66.94999999999018,Vta1b
2591.2199999999916,-0.040499999792989794,-4.224499999758496,9.966999999947213,-0.010599999995326105,-0.33839999999180637,0.2893999999839647,52.75051,-1.674888,67.18998999998037,Vta1b
2591.3199999999915,0.18029999998092244,-2.4401000001541755,9.721700000021194,0.08009999999216334,0.11619999996072167,-0.12229999996442831,52.75051,-1.674888,67.18999000000001,Vta1b
2591.4199999999914,1.0329999999263249,-2.373000000005798,10.388599999942379,-0.003399999992785438,0.0831000000028599,-0.16389999999640567,52.75051,-1.674888,67.27999999999223,Vta1b
2591.5199999999913,0.8834509999759373,0.018458999991905936,9.579720999971126,0.137812000020999,-0.2628430000190493,0.009642999998793063,52.75051,-1.674888,67.4515999999865,Vta1b
2591.6199999999913,1.1549594060360546,0.11276138614428975,9.92631980190981,-0.10700891090434166,-0.03838712872187352,0.022354455458392316,52.75051,-1.674888,67.60970297029967,Vta1b
2591.719999999991,0.08090000009280085,0.04890000000551775,10.71829999993157,0.04209999998711671,0.0628999999912486,-0.1221999999875102,52.75051,-1.674888,67.58000000000257,Vta1b
2591.819999999991,1.7703999998463409,-0.6225999999389273,10.824099999990377,0.2057999999851116,-0.10109999998508427,-0.024000000008931224,52.75051,-1.674888,67.66999999999182,Vta1b
2591.919999999991,0.9937000000706405,2.17499999974556,11.192399999966502,0.03170000001583431,-0.237999999987549,0.10009999998871316,52.75051,-1.674888,67.91999999997726,Vta1b
2592.019999999991,1.787899999927768,-2.0291999996176306,10.03660000010512,0.07669999999590728,0.1567999999640931,-0.18499999997407032,52.75067999999999,-1.6749269999999965,68.03999999998909,Vta1b
2592.119999999991,1.1609000000570253,-2.849499999925394,11.52829999986433,-0.11599999998247403,0.5028999999685224,-0.23419999999552527,52.75068,-1.674927,67.88000000001455,Vta1b
2592.2199999999907,1.2229999999943522,1.4533999996086537,11.425700000009332,0.08479999998173736,0.04160000004195491,-0.25759999999787175,52.75068,-1.674927,68.16999999997363,Vta1b
2592.3199999999906,-1.7394999997170906,12.775899998918737,8.635600000266447,0.2111999999879292,-1.2997999998719005,0.8151999998975508,52.75068,-1.674927,68.1899899999981,Vta1b
2592.4199999999905,0.6607999997707785,-0.9026999986937358,10.267699999844139,-0.007399999979124355,-0.035800000120708164,0.11470000006689562,52.75068,-1.674927,68.3899999999809,Vta1b
2592.5199999999904,0.8835999999787233,-7.626099999357936,10.464199999981235,-0.09029999999208331,1.1889999998830354,-0.772499999915275,52.75068,-1.674927,68.2800000000105,Vta1b
2592.6199999999903,1.9358999998995086,-6.487100000108771,9.785200000064842,-0.061100000002788514,1.0192000000162156,-0.6099000000155278,52.75068,-1.674927,67.89000000003725,Vta1b
2592.7199999999903,-1.0759999997123726,8.17399999859991,8.979700000076923,0.11929999998277234,-0.9422999998126826,0.5141999998926517,52.75068,-1.674927,67.91999999999713,Vta1b
2592.81999999999,-0.85020000002259,-3.3098999988510993,10.37549999986036,0.046600000007273226,-1.0243999999917863,0.5820999999932069,52.75068,-1.674927,68.01999999998999,Vta1b
2592.91999999999,1.4628999997685872,-9.810199999349681,10.240800000013476,0.03470000000119053,-0.1223000000902501,0.16850000004137833,52.75068,-1.674927,67.710000000031,Vta1b
2593.01999999999,-2.048399999648714,2.6895999987494648,9.640600000060045,-0.056199999990905976,0.7186999999158628,-0.5074999999323699,52.750846999999986,-1.6749629999999964,67.41000000003001,Vta1b
2593.11999999999,-0.32940000017197635,5.8923999996795775,9.87869999997618,0.053099999989065144,0.44060000002782235,-0.4868000000020709,52.750847,-1.674963,67.200000000021,Vta1b
2593.21999999999,-0.19078400020320424,8.789780002013174,8.937316999975215,0.18329100002880502,-0.7669619999532187,0.3794829999478761,52.750847,-1.674963,67.14760000002461,Vta1b
2593.3199999999897,1.732309901386927,-10.645475247529108,9.18770990087615,-0.09276831685252128,-1.2126049505565382,0.8772960396593866,52.750847,-1.674963,66.90900990100025,Vta1b
2593.4199999999896,-2.1366999995953333,-10.603000000004442,10.2986999998838,0.11039999997875022,-0.6131000000627033,0.336900000056521,52.750847,-1.674963,66.81000000001036,Vta1b
2593.5199999999895,0.5995999997138055,-2.005700000899207,8.97240000013872,-0.010099999987396677,0.9629999998351526,-0.8720999998735486,52.750847,-1.674963,66.39000000004393,Vta1b
2593.6199999999894,0.25410000003613653,5.921399999170889,8.420600000057714,-0.20579999997953138,0.6499000000327477,-0.3876000000506748,52.750847,-1.674963,66.12000000002824,Vta1b
2593.7199999999893,2.171594000127505,-2.3330209999419447,9.646907000041692,-0.13687800001522862,0.0038260000168564385,0.14022300002438506,52.750847,-1.674963,66.02890000001179,Vta1b
2593.8199999999892,0.9918702970407325,-2.8157435649343805,9.239425742810703,0.003200990106497224,-0.15390594057364426,-0.08290594061863182,52.750847,-1.674963,65.9156435644031,Vta1b
2593.919999999989,0.8889000000112381,2.579899999411123,7.032000000240917,-0.06669999999237104,-0.34449999997919867,0.14649999997496277,52.750847,-1.674963,65.48000000004755,Vta1b
2594.019999999989,0.038200000092844855,-0.9514999996145854,9.353899999746588,0.0431999999880056,-0.3337000000011787,0.21719999999228384,52.75101499999998,-1.6749889999999972,64.97000000005566,Vta1b
2594.119999999989,-0.6378999999262109,-2.3811999998439637,11.05749999981407,0.06819999999727151,-0.06520000002930393,-0.07529999996807668,52.751015,-1.674989,64.82000000001636,Vta1b
2594.219999999989,-0.8835999999731845,-4.035799999819418,10.96210000001041,0.011000000006242773,0.29709999996045877,-0.312299999974134,52.751015,-1.674989,64.52000000003274,Vta1b
2594.319999999989,-0.14590000008386683,-5.566199999826014,10.820800000016064,-0.1013999999872216,-0.3624999999250121,0.26599999993425494,52.751015,-1.674989,64.61999999998864,Vta1b
2594.4199999999887,-1.2203999998778434,0.5427999993054868,9.526600000147134,0.07609999997982057,-0.6862999999631882,0.37159999998799464,52.751015,-1.674989,64.52000000001136,Vta1b
2594.5199999999886,-0.2221000001134935,4.208699999583236,10.56049999988246,0.08679999999878356,-0.4869000000226692,0.3505000000023988,52.751015,-1.674989,64.10000000004774,Vta1b
2594.6199999999885,1.0815999998517865,2.1572000002332286,11.293299999916691,0.14719999999313332,-0.006600000054603816,-0.0028999999598230963,52.751015,-1.674989,63.950000000017056,Vta1b
2594.7199999999884,0.8475524749529082,-6.524045544734049,11.336511881426206,-0.1607752475529301,0.46263663373963804,-0.3590188119262907,52.751015,-1.674989,63.8,Vta1b
2594.8199999999883,3.382799999700247,-4.978600000182725,9.28770000024224,0.08169999997133112,-0.19369999992239856,0.029099999954111055,52.751015,-1.674989,63.8,Vta1b
2594.9199999999882,-1.181499999460344,-2.5985000002814096,9.84219999993444,-0.05119999998428665,-0.6276999999486864,0.18989999998098794,52.751015,-1.674989,63.79000000000118,Vta1b
2595.019999999988,-3.350399999743561,4.925399999110416,10.487499999923704,-0.03900000000144246,-0.34590000003331844,0.22129999999628744,52.75117499999998,-1.6749989999999988,63.43000000004256,Vta1b
2595.119999999988,1.2084999994609809,5.256599999960841,10.97059999994288,0.013899999993745416,0.7470999998707698,-0.527399999911478,52.751175,-1.674999,63.110000000037836,Vta1b
2595.219999999988,4.408899999621603,-1.49879999920128,9.753000000143963,-0.11459999998480691,0.6318000000136325,-0.34000000002215713,52.751175,-1.674999,63.249999999983444,Vta1b
2595.319999999988,3.153900000154091,-4.241699999663221,9.597700000019067,-0.21669999998746398,0.21190000005155601,-0.08720000003103923,52.751175,-1.674999,63.28999999999509,Vta1b
2595.419999999988,2.0619000001340777,-0.6111000004457718,9.684299999989367,-0.038000000021941094,-0.2667999999412244,0.0004999999892320306,52.751175,-1.674999,63.29,Vta1b
2595.5199999999877,3.06619999987669,0.3371999998835661,9.811199999984419,0.05989999998797966,-0.2669999999999755,0.0540999999934189,52.751175,-1.674999,63.030000000031926,Vta1b
2595.6199999999876,3.567799999938413,-3.57689999951942,10.282699999942109,0.01010000000611453,0.03739999996262522,-0.021899999990668585,52.751175,-1.674999,63.04999999999754,Vta1b
2595.7199999999875,0.9973049508158676,-2.026305940787586,10.47250198017433,-0.09534554454129501,0.2659148514566281,-0.18655346532598463,52.751175,-1.674999,63.158910891075514,Vta1b
2595.8199999999874,1.220799999967949,-0.6514000001748399,10.702399999970677,0.11999999997216758,0.1954000000093632,-0.15060000000483595,52.751175,-1.674999,63.090000000009006,Vta1b
2595.9199999999873,0.800300000053542,1.72369999969758,10.542900000020309,0.04230000000989349,-0.40979999992294025,0.24279999994990864,52.751175,-1.674999,62.9400000000191,Vta1b
2596.0199999999872,1.6221999998953482,1.9859999999666016,10.624699999989586,0.07999999999519969,-0.11820000003712927,-0.1337999999520478,52.75133999999998,-1.674992000000001,63.12999999997581,Vta1b
2596.119999999987,0.2680000001724292,-1.3159999995795586,9.670200000121536,-0.09419999997781926,0.2638999999513475,-0.06050000000933324,52.75134,-1.674992,63.30999999997708,Vta1b
2596.219999999987,-0.1446999999474512,-6.981299999278642,9.317400000044922,-0.13549999999474133,0.5594999999623614,-0.3534999999626925,52.75134,-1.674992,63.190000000015274,Vta1b
2596.319999999987,-0.6222999999370156,-5.506400000194505,10.342299999864839,0.0027999999817614474,-0.11009999991169528,0.2013999999268215,52.75134,-1.674992,63.09000000001319,Vta1b
2596.419999999987,-1.4350999998928107,0.4360999992163226,9.09150000016495,0.1131999999854408,-0.2878999999765523,-0.015799999971356393,52.75134,-1.674992,63.21999999998285,Vta1b
2596.519999999987,-0.07350000017956337,-4.421499999359395,8.283300000106584,0.0491000000084533,-0.3353999999937358,0.18459999997357188,52.75134,-1.674992,63.32999999998549,Vta1b
2596.6199999999867,-1.5251999998085544,-0.29330000054441374,9.705899999812392,-0.1244999999771062,-0.43659999998665405,0.3329999999804295,52.75134,-1.674992,63.46999999998154,Vta1b
2596.7199999999866,-1.5371801980181978,0.6882841582844048,10.787385148370037,-0.09588613861769286,-0.21164950498061658,0.04082178221734134,52.75134,-1.674992,63.31158415843706,Vta1b
2596.8199999999865,0.5816959997133511,-0.95282399977667,11.059064999964711,0.1902129999613364,-0.13307100001032546,0.10215099999130839,52.75134,-1.674992,63.28030000000402,Vta1b
2596.9199999999864,2.523299999735392,-2.3975999998032047,10.511000000075887,-0.01209999997172298,-0.24519999998444214,0.24219999998079036,52.75134,-1.674992,63.57999999995866,Vta1b
2597.0199999999863,0.8969000002218805,-1.114200000175087,10.111300000054529,0.09559999998530712,-0.17250000000991803,0.048400000026439016,52.75149499999998,-1.6749650000000038,63.709999999982266,Vta1b
2597.1199999999862,0.8897630002644722,-3.7179840006698424,11.32363500024819,-0.17628800003489803,0.31705600005062434,-0.16887500001146133,52.751495,-1.674965,63.76960000000556,Vta1b
2597.219999999986,-1.0020960395039746,1.095628712312327,9.552312871324466,0.07183366337420563,-0.04926237616033701,-0.08210792086283139,52.751495,-1.674965,63.72910891090347,Vta1b
2597.319999999986,-1.7216999998985563,5.118499999432889,9.28360000003788,0.015200000007983744,-0.6054999999215862,0.42709999992821607,52.751495,-1.674965,63.64000000001256,Vta1b
2597.419999999986,-0.33720000019517515,3.0201000002958147,9.061100000031367,-0.03559999999283864,-0.017200000082933653,0.07960000004898765,52.751495,-1.674965,63.69999999999155,Vta1b
2597.519999999986,1.7728999997025359,-5.513899998796948,11.221399999695457,-0.010200000003580682,0.4928999999280903,-0.37549999993584376,52.751495,-1.674965,63.82999999998167,Vta1b
2597.619999999986,-2.9430999993351765,1.2845999990416042,11.942199999898387,-0.024399999997998204,0.5197999999962079,-0.14170000003295918,52.751495,-1.674965,63.869999999994356,Vta1b
2597.7199999999857,0.03829999957970687,1.5089999999683659,10.229400000241457,-0.045499999997025496,0.2114000000434757,-0.1420999999999436,52.751495,-1.674965,64.01999999997885,Vta1b
2597.8199999999856,1.6551999997647102,-3.4776999992743396,10.56529999995112,0.10739999997775009,-0.24379999993375964,-0.012400000018873814,52.751495,-1.674965,64.00000000000291,Vta1b
2597.9199999999855,0.3350000001921143,1.2856999993068343,9.668600000130487,-0.1283999999656866,-0.1743000000101136,0.054399999990279314,52.751495,-1.674965,64.01999999999708,Vta1b
2598.0199999999854,-0.06879999994123936,1.0956000000276631,9.706699999994456,-0.06860000000870203,-0.10060000001072476,-0.02329999998869315,52.751655999999976,-1.674932000000005,63.890000000018915,Vta1b
2598.1199999999853,-1.1304999998455023,-0.5906999997546112,8.904700000116707,0.18279999996341645,-0.13439999999508145,-0.011400000001731678,52.751656,-1.674932,63.94999999999127,Vta1b
2598.2199999999852,0.09611000000133217,-2.748077000274178,9.80800500010502,0.058110000001332186,0.09104399993718021,-0.040773999955978774,52.751656,-1.674932,63.821899999971876,Vta1b
2598.319999999985,0.11793267281235863,-0.8475801990075255,9.102503960441874,0.046866336668211044,0.5121009900856716,-0.3335683168558387,52.751656,-1.674932,64.01009900989953,Vta1b
2598.419999999985,3.1911999995388047,5.824399998998759,8.79290000004646,-0.18649999996497948,0.6021999999864791,-0.17040000002448613,52.751656,-1.674932,64.0199999999985,Vta1b
2598.519999999985,0.0451000004721247,1.1615000006997462,8.584000000031349,-0.039900000021999754,0.007600000089229675,-0.01560000002323031,52.751656,-1.674932,64.1499999999805,Vta1b
2598.619999999985,0.6538999999086395,-0.8980999996909229,8.485600000014767,0.02959999998957038,-0.02619999999492775,0.1030999999821871,52.751656,-1.674932,64.27999999998049,Vta1b
2598.719999999985,-0.515399999824527,-1.8133999998626438,11.225299999588863,-0.034599999990365726,0.06659999998607381,-0.005399999983717763,52.751656,-1.674932,64.18999000001352,Vta1b
2598.8199999999847,-1.5307999998430049,-0.2332000002443213,11.503699999956956,0.13629999997357645,-0.2890999999450038,0.21229999996634047,52.751656,-1.674932,64.1000000000139,Vta1b
2598.9199999999846,-0.21890000020283829,-3.6229999994758897,9.254600000347743,0.0059000000201616665,-0.17380000001782703,0.23709999999616557,52.751656,-1.674932,64.1899899999861,Vta1b
2599.0199999999845,1.3500999997574106,-2.7038000001421216,8.415300000129768,-0.17679999997175203,0.8650999998393714,-0.49059999988748737,52.75180999999998,-1.6749070000000037,64.30999999998144,Vta1b
2599.1199999999844,-1.6202999995407341,6.741799998539576,8.301900000017532,-0.18929999999806732,0.6961000000261298,-0.20590000004401865,52.75181,-1.674907,64.46999999997526,Vta1b
2599.2199999999843,0.48069999967515575,-3.6236999983973472,9.212899999859147,-0.03290000002418167,0.28410000006370106,-0.062300000022202595,52.75181,-1.674907,64.32000000002319,Vta1b
2599.3199999999842,0.511699999995066,-3.597400000004186,10.384899999813463,0.06149999998497514,-0.1186999999358897,0.2390999999520287,52.75181,-1.674907,64.17000000002388,Vta1b
2599.419999999984,0.4490000000099794,3.0466999989425143,10.639499999959478,0.017600000006987193,-0.31839999996821544,0.1853000000085629,52.75181,-1.674907,64.33999999997295,Vta1b
2599.519999999984,0.3419000000170462,-2.579499999104525,7.782800000454676,-0.14709999997378612,-0.33119999999796274,0.34369999997478884,52.75181,-1.674907,64.60999999995703,Vta1b
2599.619999999984,0.5408999999683268,-3.7526999998132715,8.123199999945822,-0.1762999999953525,-0.07270000004114324,0.06460000004442201,52.75181,-1.674907,64.63999999999523,Vta1b
2599.719999999984,-1.9138999996092902,0.300199999354934,8.508299999938707,0.062199999962039954,0.25419999994797005,-0.22079999995457528,52.75181,-1.674907,64.5200000000191,Vta1b
2599.819999999984,-1.5354000000619639,3.1266999995372764,9.710399999803204,-0.04619999998225393,0.2483000000009659,-0.14670000001213085,52.75181,-1.674907,64.46000000000981,Vta1b
2599.9199999999837,-1.3671000000275522,2.6286000000815433,10.010999999950789,-0.062499999997331544,-0.13759999993682473,0.18409999994584503,52.75181,-1.674907,64.50999999999182,Vta1b
2600.0199999999836,-0.20810000018973884,-2.301199999192947,9.284300000118968,-0.04490000000288128,-0.34829999996550653,0.3003999999809607,52.75196999999997,-1.6748970000000016,64.55999999999182,Vta1b
2600.1199999999835,-0.14490000001034642,-4.096499999706093,10.243299999843003,0.06849999998143538,-0.07010000004554384,0.07410000003704736,52.75197,-1.674897,64.52000000000655,Vta1b
2600.2199999999834,-1.1548999998346539,-3.328700000125696,11.412899999808527,0.024900000007137713,0.30209999993906744,-0.22379999995123107,52.75197,-1.674897,64.57999999999018,Vta1b
2600.3199999999833,0.5675999997101784,2.879599998955413,9.882800000257449,0.10279999998689282,-0.4971999998655125,0.45159999988635957,52.75197,-1.674897,64.31000000004543,Vta1b
2600.4199999999832,-1.9181999995817476,2.66790000003562,9.293900000099088,-0.04269999997551868,-0.5632999999888783,0.3447000000179866,52.75197,-1.674897,64.37999999998821,Vta1b
2600.519999999983,-1.1183769999022917,2.8332350006561278,7.309874999892349,-0.17920900004473939,0.1414499999891934,0.05088400004848014,52.75197,-1.674897,64.37790000003491,Vta1b
2600.619999999983,-1.6881643566411315,-1.1157673260161531,7.977936633201762,0.08566930695682703,0.1998415842601456,-0.23276336642262557,52.75197,-1.674897,64.1699009901007,Vta1b
2600.719999999983,-0.4846000002025075,-5.312499999293872,10.68159999954509,-0.06739999997424509,-0.39599999989974577,0.27089999991525526,52.75197,-1.674897,64.16000000000166,Vta1b
2600.819999999983,-0.34580000002398514,-3.1460000003743795,11.356999999883287,0.10219999997069244,-0.34930000000806993,0.18910000001413535,52.75197,-1.674897,63.980000000031104,Vta1b
2600.919999999983,3.060099999411447,4.3925999986973,9.658000000293594,0.07630000000447563,0.23279999989941086,-0.1026999999495758,52.75197,-1.674897,63.99999999999655,Vta1b
2601.0199999999827,2.1454000001580638,-1.5185999989785213,8.94060000012397,-0.09329999997069244,0.46929999995913185,-0.13029999999523062,52.75211999999997,-1.6748999999999996,64.2099999999637,Vta1b
2601.1199999999826,-0.8297999994858736,-2.7573999997859304,9.679299999872349,-0.03200000001059289,-0.2230999998803505,0.03239999997188481,52.75212,-1.6749,64.1800000000052,Vta1b
2601.2199999999825,2.0454999995031367,-3.8932999998037117,9.337400000059082,0.10419999997646409,-0.5445999999444435,0.41859999993326313,52.75212,-1.6749,64.03000000002592,Vta1b
2601.3199999999824,1.2443000001420939,5.583199998319328,9.337499999999983,-0.05249999997220904,-0.660499999979445,0.4475999999948568,52.75212,-1.6749,63.74000000005143,Vta1b
2601.4199999999823,0.10110000020274823,8.286199999520619,8.359000000173538,-0.10179999999125658,0.6874999997609302,-0.4079999998482581,52.75212,-1.6749,63.86999999997694,Vta1b
2601.5199999999822,0.87509999986273,-1.3751999982865364,11.298199999478728,-0.22319999997846954,0.7207999999940942,-0.33880000001227273,52.75212,-1.6749,63.909999999992905,Vta1b
2601.619999999982,2.0446190003791473,1.0354559993245456,9.421358000042122,-0.11581000003039509,0.43871200008791195,-0.08332500001214005,52.75212,-1.6749,63.868600000025175,Vta1b
2601.719999999982,-0.0437039603725849,4.718503961025523,9.19877227706094,0.050930693079547215,-0.04968118803820747,-0.013710891139277405,52.75212,-1.6749,63.72881188120949,Vta1b
2601.819999999982,-0.17409999997628112,1.218900000636574,10.125999999831338,-0.005999999989644365,-0.4977999999184877,0.2651999999492664,52.75212,-1.6749,63.610000000021614,Vta1b
2601.919999999982,1.0495999997774104,-3.9806999990541985,10.030700000017335,0.13119999997504347,0.03929999990230215,0.00570000004720278,52.75212,-1.6749,63.60000000000182,Vta1b
2602.019999999982,1.8080999998620297,0.2709999992266199,10.129299999982065,0.016400000020882002,0.3566999999422653,-0.31539999994159224,52.75228499999997,-1.6749149999999973,63.51000000001637,Vta1b
2602.1199999999817,1.7976000000019101,3.886599999342326,9.088700000189283,-0.010999999995015969,0.4444999999840293,-0.15560000002906743,52.752285,-1.674915,63.44000000001273,Vta1b
2602.2199999999816,0.36860000025993367,2.0577000003326753,7.543600000281051,0.1995999999616921,0.03010000007537894,0.012399999969440967,52.752285,-1.674915,63.390000000009096,Vta1b
2602.3199999999815,0.6360999999501256,-0.6661999994921386,7.948199999924563,-0.1401999999366455,-0.00479999999349302,0.008200000000783076,52.752285,-1.674915,63.290000000018644,Vta1b
2602.4199999999814,0.2916000000642308,-0.7905999999768061,8.461499999904296,-0.08840000000965792,-0.14949999997302119,0.1376999999758552,52.752285,-1.674915,63.25000000000746,Vta1b
2602.5199999999813,0.3615999999869487,-0.5266000000492218,8.443600000003338,0.023299999979173952,0.0240999999676329,-0.02509999996964654,52.752285,-1.674915,63.19000000001118,Vta1b
2602.6199999999812,1.492339000018158,-0.6963050003966954,9.177061999938365,0.029965999970410818,-0.16790199998673588,0.08610499999990552,52.752285,-1.674915,63.06099999998111,Vta1b
2602.719999999981,1.4042485147182908,1.366776237915222,9.492928713004911,0.1832009901330054,-0.23724455445838297,0.08705148513998323,52.752285,-1.674915,63.1620792078815,Vta1b
2602.819999999981,2.1090999998653777,-0.17559999970541562,8.785800000135058,0.0033000000343599845,-0.2217000000029689,0.13219999999137694,52.752285,-1.674915,63.369999999960285,Vta1b
2602.919999999981,1.522500000112037,-5.3987999990024,9.116999999936743,-0.10289999997971645,0.39789999988166014,-0.0939999999567972,52.752285,-1.674915,63.5699999999618,Vta1b
2603.019999999981,0.24970000024309713,-0.7392000008899551,8.905200000040454,0.11529999995832514,0.3649000000063028,-0.26649999996705354,52.75243799999997,-1.6749409999999951,63.61999999999045,Vta1b
2603.119999999981,-1.7742999996134283,4.639499998972701,8.469500000083215,-0.06119999996628957,0.6781999999401617,-0.39009999997639316,52.752438,-1.674941,63.73999999997708,Vta1b
2603.2199999999807,1.600299999355472,1.795200000543244,8.783499999940029,-0.08289999999585543,0.15510000009990887,-0.04920000006510983,52.752438,-1.674941,63.909999999967525,Vta1b
2603.3199999999806,3.08279999971011,-1.3766999993797624,8.740100000008486,0.012799999981286697,-0.6330999998458743,0.2518999999411225,52.752438,-1.674941,64.0899999999648,Vta1b
2603.4199999999805,4.739599999676027,-2.0951999998595037,9.883399999776438,0.013399999999882676,-0.39110000004732104,0.2312000000040477,52.752438,-1.674941,64.21999999997458,Vta1b
2603.5199999999804,-2.6571999985536197,6.1667999983844375,10.20169999993776,-0.04009999998953853,0.2718999998703562,-0.04919999994517024,52.752438,-1.674941,64.33999999997654,Vta1b
2603.6199999999803,-3.7544999997854327,6.872999999861909,9.40760000015528,-0.12219999998394607,1.0358999998506064,-0.5650999998991202,52.752438,-1.674941,64.6999999999296,Vta1b
2603.7199999999802,0.9276999990844361,-3.1417999980416917,10.684899999750236,-0.07710000000881892,-0.08249999978130651,0.045199999880661035,52.752438,-1.674941,64.99999999994134,Vta1b
2603.81999999998,4.662199999252769,-5.781999999471726,11.609699999814957,0.18679999994719654,-0.7200999998724233,0.3118999999466363,52.752438,-1.674941,65.14999999996999,Vta1b
2603.91999999998,3.4278000002469895,1.052699998632452,10.14680000029271,0.2365999999900356,-0.9662999999507382,0.401399999982092,52.752438,-1.674941,65.32999999996399,Vta1b
2604.01999999998,-0.7563999991627885,9.579699998293842,9.177300000193986,-0.02679999994729662,-0.9129000000106848,0.6875999999427346,52.75259799999996,-1.6749739999999933,65.52999999995998,Vta1b
2604.11999999998,3.6680554446503058,-0.9231712850059264,9.816012871158035,0.06300198017986948,-0.35616732684519725,0.16403564367017665,52.752598,-1.674974,65.88643564349232,Vta1b
2604.21999999998,1.557200000435567,-4.255799999347669,10.01659999996075,-0.054499999976070204,0.5636999998152109,-0.24289999991881245,52.752598,-1.674974,66.00999999997575,Vta1b
2604.3199999999797,2.787507921107991,-3.0114069319551904,10.98106237610061,-0.17019306935164535,0.7054792081643456,-0.3084752476346635,52.752598,-1.674974,66.07207920787866,Vta1b
2604.4199999999796,1.2283000003190705,3.2178999987252577,11.657299999861616,0.05049999995483817,-0.4965999997540109,0.23399999988898995,52.752598,-1.674974,66.27999999995745,Vta1b
2604.5199999999795,0.7779702965926667,7.15843663433529,12.053318811974007,-0.050849504992040176,-0.7266396041642299,0.5766821783904016,52.752598,-1.674974,66.74168316828272,Vta1b
2604.6199999999794,2.9349999995585936,3.8421000006786423,11.595200000093747,0.1541999999580394,0.2793999997941278,-0.27509999982569455,52.752598,-1.674974,66.90999999996555,Vta1b
2604.7199999999793,3.7833999998263863,-9.828299997202542,10.498100000224508,-0.10989999994595556,1.1430999998232556,-0.7277999999073611,52.752598,-1.674974,67.04999999997135,Vta1b
2604.8199999999792,4.509799999848049,-5.135700000981616,9.201300000271269,0.13259999994927293,-0.5021999996558297,0.21759999980223765,52.752598,-1.674974,67.23999999996025,Vta1b
2604.919999999979,2.5223000004157528,0.14749999889484045,10.045299999823449,-0.04549999996274434,-0.6411999999709235,0.5119999999384163,52.752598,-1.674974,67.38999999996862,Vta1b
2605.019999999979,2.5181000000008784,5.2251999989378275,10.61929999987993,0.07209999997539998,-0.3360000000638429,0.10660000008480314,52.75274999999997,-1.6750109999999923,67.64999999994562,Vta1b
2605.119999999979,2.4257000000193285,2.380800000595002,9.437900000247131,0.11659999999069132,0.3310999998604535,-0.29149999991672393,52.75275,-1.675011,67.83999999996026,Vta1b
2605.219999999979,3.2554999998264194,-8.545799997714333,9.351300000018115,-0.11009999995257803,0.7659999999090259,-0.6020999999350275,52.75275,-1.675011,68.11999999994143,Vta1b
2605.319999999979,1.3442000004085048,0.6554999980333935,9.447099999979525,-0.01050000002128762,0.0755000001475814,0.007299999869752161,52.75275,-1.675011,68.27999999996581,Vta1b
2605.4199999999787,-0.5271999996000232,4.334399999213703,10.140799999851735,0.006699999996323822,-0.4635999998847775,0.20579999995757436,52.75275,-1.675011,68.34999999998503,Vta1b
2605.5199999999786,-1.1183999998736422,1.7477000005528587,11.902799999623404,0.18029999996289625,-0.605899999969586,0.4275999999525944,52.75275,-1.675011,68.62999999994015,Vta1b
2605.6199999999785,1.3705999994680227,-5.843199998377588,10.247900000353702,0.18229999999957253,0.43399999977774095,-0.3508999998336102,52.75275,-1.675011,69.11999999989527,Vta1b
2605.7199999999784,0.9771000000841032,-4.841200000214158,9.11830000024143,-0.17919999992273614,0.4663999999930751,-0.2872000000136147,52.75275,-1.675011,69.29999999996153,Vta1b
2605.8199999999783,-0.2763999997263874,2.3354999984334794,8.794200000070743,-0.16580000000292494,0.45160000000323053,-0.12410000003560123,52.75275,-1.675011,69.66999999991924,Vta1b
2605.9199999999782,0.7268999997810008,-0.8035999993148013,10.091699999716782,-0.006500000034771802,0.049500000087769835,-0.03570000001929584,52.75275,-1.675011,69.92999999994325,Vta1b
2606.019999999978,-1.0894999996035182,-3.7928999993474997,10.230799999969637,0.11009999997454871,-0.08489999997066337,0.05069999998114071,52.75293399999996,-1.6750429999999932,69.93,Vta1b
2606.119999999978,-0.24280000018481662,-1.6386000004702375,9.901500000071879,0.11849999999816645,0.25599999992558875,-0.39549999990260404,52.752934,-1.675043,70.22999999993452,Vta1b
2606.219999999978,-0.17060000001575973,2.6021999990743234,10.64169999983843,0.0166000000222426,0.46109999995523104,-0.21190000004007598,52.752934,-1.675043,70.6399999999105,Vta1b
2606.319999999978,-0.6604999998908375,-0.21049999937325659,12.085699999678239,-0.010799999993894565,0.10470000007941527,-0.08890000002740762,52.752934,-1.675043,70.76999999997103,Vta1b
2606.419999999978,0.8380999996660726,-1.2589999997663668,9.683700000535229,0.07499999998088151,-0.0638999999624315,0.05679999996753421,52.752934,-1.675043,70.8399999999844,Vta1b
2606.5199999999777,0.5244000000699005,-2.4416999997364632,10.792799999752862,-0.013899999980190744,0.32359999991365485,-0.18739999994558587,52.752934,-1.675043,71.12999999993538,Vta1b
2606.6199999999776,0.7558999999484157,-3.0656999998609566,9.306000000331297,0.10569999997334999,0.33879999999661303,-0.16060000000597174,52.752934,-1.675043,71.35999999994876,Vta1b
2606.7199999999775,1.0712999999297206,-2.4510000001369714,10.448299999745466,0.08050000000561522,-0.2338999998723874,-0.03090000002890056,52.752934,-1.675043,71.41999999998663,Vta1b
2606.8199999999774,-0.7213999995923874,8.32569999754966,11.860499999678902,-0.019499999977262636,-1.0591999998123485,0.7409999998244903,52.752934,-1.675043,71.72999999992952,Vta1b
2606.9199999999773,-0.13870000013249062,8.294600000007073,10.973000000201795,0.19929999995025066,-0.1711000002019306,-0.01979999982701408,52.752934,-1.675043,71.9199999999568,Vta1b
2607.0199999999772,3.3102108902979297,-3.6990633635852905,11.398643564258794,-0.06367029696937768,0.5217712869697683,-0.37801782170000314,52.7531082574257,-1.6750816138613773,72.05861386135435,Vta1b
2607.119999999977,3.329900000003399,-4.137199999926919,11.693699999933212,-0.3203999999416408,0.72249999995549,-0.23920000003270506,52.75311,-1.675082,72.19999999996784,Vta1b
2607.219999999977,2.5642000001741,1.1537999987969663,10.357500000303817,0.07319999991050569,0.34560000008569713,-0.1988000000091859,52.75311,-1.675082,72.47999999993634,Vta1b
2607.319999999977,0.28888712849246795,0.754884158269073,9.180636633441825,0.03150792077810341,-0.29881683175404883,0.2520673267931971,52.75311,-1.675082,72.53178217817685,Vta1b
2607.419999999977,1.2475999997776541,1.393299999851938,10.144299999776505,0.09229999998590104,0.009499999928494818,-0.011199999938942773,52.75311,-1.675082,72.70999999995865,Vta1b
2607.519999999977,2.091999999804166,2.2385999998039567,10.048000000022334,0.04510000001094668,0.16699999996347242,-0.27659999993844814,52.75311,-1.675082,72.83999999996985,Vta1b
2607.6199999999767,2.1837999999787097,0.3438000004394439,9.309300000171321,-0.0025999999889373543,-0.02749999995489133,0.18109999989384967,52.75311,-1.675082,73.0499999999513,Vta1b
2607.7199999999766,1.1827000002321764,-3.2335999991703255,7.742200000363444,-0.21659999995036885,0.20639999994575364,0.22839999998903013,52.75311,-1.675082,73.42999999991187,Vta1b
2607.8199999999765,0.9244821782782312,-5.677362375665913,7.667843564373831,0.15201386129990238,0.278974257408764,-0.5154613859645896,52.75311,-1.675082,73.38049504951653,Vta1b
2607.9199999999764,-1.0103999995384565,-1.4543000010145457,8.201199999872426,0.06640000002132995,0.11010000004051018,0.1824999998315101,52.75311,-1.675082,73.59999999994744,Vta1b
2608.0199999999763,-1.8257999998071837,1.787999999233298,8.246099999989383,-0.18759999993993698,0.04060000001643457,-0.11069999993066743,52.75328399999996,-1.6751229999999901,73.84999999994088,Vta1b
2608.1199999999762,-0.2861000003640908,0.1596000003850655,7.972200000064769,0.051799999943389435,-0.6049999998473359,0.1766999999320389,52.753284,-1.675123,74.0199999999598,Vta1b
2608.219999999976,-1.3822999997407832,-4.386899998924895,7.876600000022607,-0.2762999999224146,-0.06820000012693639,0.33949999996150293,52.753284,-1.675123,74.2199999999527,Vta1b
2608.319999999976,0.30499999959333346,-0.7598000008741903,9.163599999689813,0.010899999930780169,0.2601999999208503,-0.4464999998105613,52.753284,-1.675123,74.43998999994699,Vta1b
2608.419999999976,-0.15059999989019307,1.7337999993990019,9.38739999994606,-0.068799999980791,0.2352000000060254,0.18049999984888287,52.753284,-1.675123,74.50999999998314,Vta1b
2608.519999999976,0.8393999997613941,-1.8583999991342224,8.462600000222892,0.13999999994967582,0.5085999999341063,-0.30009999988416763,52.753284,-1.675123,74.77999999993493,Vta1b
2608.619999999976,2.5469999995884414,-2.6615999998064157,9.396099999775013,-0.1125999999391194,0.07110000010544448,0.01529999992398351,52.753284,-1.675123,74.9799999999518,Vta1b
2608.7199999999757,3.751199999709768,-2.6453000000039286,11.737199999435756,0.20109999992439323,-0.590299999840592,0.28339999993538356,52.753284,-1.675123,74.99999999999518,Vta1b
2608.8199999999756,2.300600000356215,6.5437999977434895,12.512399999809638,-0.21429999989799287,-0.8686999999316352,0.512399999943766,52.753284,-1.675123,75.19999999995089,Vta1b
2608.9199999999755,3.638399999671485,-3.7442999974736173,11.62550000021779,0.246199999886918,0.2689999997206225,-0.4224999997704225,52.753284,-1.675123,75.46999999993369,Vta1b
2609.0199999999754,4.103699999885739,-4.792799999742527,10.48950000027896,-0.20739999988861232,0.8459999998583098,-0.3466000000186383,52.753467999999955,-1.6751689999999886,75.70999999994106,Vta1b
2609.1199999999753,2.9495000002834297,-0.6440000010187941,10.67059999995553,-0.09330000002801879,0.6043000000593527,-0.347499999999779,52.753468,-1.675169,75.7799999999828,Vta1b
2609.2199999999752,0.9599950499975316,4.779861384795723,11.356540593889575,0.17105643557811245,-0.06322475230997526,0.019628712780389856,52.753468,-1.675169,76.04732673260708,Vta1b
2609.319999999975,0.6604000000706627,1.9776000007216585,11.111200000063715,-0.004699999954929507,-0.45169999990354304,0.19709999995609162,52.753468,-1.675169,76.38999999991411,Vta1b
2609.419999999975,0.33310000008186136,-6.835999997795622,10.926100000046295,-0.059899999986193865,-0.11180000008501273,0.21039999999667353,52.753468,-1.675169,76.29000000002502,Vta1b
2609.519999999975,3.88799999911088,-1.328100001377587,8.40510000063053,0.030799999977314925,0.30059999989685415,-0.2712999998795216,52.753468,-1.675169,76.41999999996749,Vta1b
2609.619999999975,-0.28239999895693657,1.7097999992401878,8.260600000036142,0.10149999998231715,0.5486999999379474,-0.352599999979666,52.753468,-1.675169,76.61999999994998,Vta1b
2609.719999999975,-2.480499999450231,2.1819999998818975,9.178299999770474,0.039100000015606935,-0.2839999997917325,0.08229999989122666,52.753468,-1.675169,76.78999999995749,Vta1b
2609.8199999999747,2.3073999987807206,-5.557999998028944,11.061199999520502,0.1968999999598149,-0.7251999998876446,0.3912999999213105,52.753468,-1.675169,76.81999999999235,Vta1b
2609.9199999999746,2.7074999998981113,-6.786199999687229,10.477300000148695,0.10060000002452361,-0.4882000000603541,0.2773000000290311,52.753468,-1.675169,76.83999999999492,Vta1b
2610.0199999999745,-0.2391999992495979,-0.8088000015221954,9.986200000125063,-0.1476999999367683,0.3385999997894484,-0.26699999986138934,52.75365399999995,-1.6752149999999881,77.04999999994652,Vta1b
2610.1199999999744,2.7810999992308547,-4.165799999145111,7.841600000546141,-0.09810000001263107,0.4739999999655192,-0.35849999997669874,52.753654,-1.675215,77.1799999999669,Vta1b
2610.2199999999743,-0.13278217836744446,4.376827723257634,8.912573266995658,-0.052445544509563555,-0.13865841571406368,0.13522079199894743,52.753654,-1.675215,77.14099009898443,Vta1b
2610.3199999999742,0.44899999984919853,2.4896000004891805,10.199899999666316,-0.22699999995475445,-0.6344999998714748,0.4472999999191071,52.753654,-1.675215,77.23999999997433,Vta1b
2610.419999999974,0.9511999998698268,0.14260000060835631,10.495899999923276,0.19309999989110763,-0.4520000000473051,0.18880000006700476,52.753654,-1.675215,77.41999999995335,Vta1b
2610.519999999974,2.9175999994902977,-2.4725999993221244,11.200699999817312,-0.23729999988843775,0.6170999997228828,-0.18549999990297913,52.753654,-1.675215,77.43998999999482,Vta1b
2610.619999999974,-0.19769999919249592,2.717299998654747,11.353599999960368,-0.026300000054692463,0.5021000000298087,-0.35789999995531285,52.753654,-1.675215,77.62999999995074,Vta1b
2610.719999999974,1.1756999996440065,1.6509000002764174,12.983299999577572,0.06369999997667147,0.023200000124133757,-0.07950000007216296,52.753654,-1.675215,77.90999999992742,Vta1b
2610.819999999974,2.267699999711981,-1.6674999991247605,9.95680000079825,-0.11359999995323652,-0.12469999996099088,0.13749999994276552,52.753654,-1.675215,77.68000000006067,Vta1b
2610.9199999999737,1.6076000001741035,-4.2122999993288,9.237600000189692,-0.033000000021258524,-0.2438999999685606,0.3016999999566917,52.753654,-1.675215,77.79999999996835,Vta1b
2611.0199999999736,0.04420000041235217,-0.7082000009242191,11.17599999948874,-0.06329999999200826,0.2579999998676221,-0.15039999988075708,52.75384499999995,-1.6752619999999876,77.65000000003957,Vta1b
2611.1199999999735,1.867799999519019,3.0438999990103706,11.233899999984729,0.06269999996676706,0.4760999999424754,-0.21749999998230213,52.753845,-1.675262,77.41000000006329,Vta1b
2611.2199999999734,0.6321000003259201,-0.7634999989957856,9.981300000330377,-0.08359999996141285,0.15390000008498134,-0.06710000003966854,52.753845,-1.675262,77.41,Vta1b
2611.3199999999733,0.8794999999336223,-3.436199999282912,9.490400000131709,-0.04210000001113449,-0.49909999982479947,0.15179999994126891,52.753845,-1.675262,77.59999999994902,Vta1b
2611.4199999999732,0.9709999999754504,-4.602099999687188,8.8743000001653,0.117999999957045,-0.11980000010176656,0.24039999997622852,52.753845,-1.675262,77.4800000000322,Vta1b
2611.519999999973,0.6401000000887808,0.4099999986552483,9.17719999991873,-0.06919999994977405,0.26309999989726757,-0.381199999833224,52.753845,-1.675262,77.41000000001878,Vta1b
2611.619999999973,0.07810000015078511,0.16360000006610934,10.165399999734865,0.020999999975799252,0.23820000000668068,-0.05810000008668803,52.753845,-1.675262,77.29000000003221,Vta1b
2611.719999999973,0.12839999998650445,0.9809999997806907,11.324199999689093,-0.02479999998771182,-0.27649999986190565,0.24929999991752433,52.753845,-1.675262,77.20000000002415,Vta1b
2611.819999999973,-0.00869999996259252,-0.4858999995997585,10.71430000016641,0.04929999997978193,0.0711999999051306,-0.009599999929359532,52.753845,-1.675262,76.93999000007095,Vta1b
2611.919999999973,1.5351999995787493,-3.400899999204647,9.61710000029937,-0.06449999996894987,0.31189999993432543,-0.26519999993025994,52.753845,-1.675262,76.90000000001092,Vta1b
2612.0199999999727,-0.15638415795086846,0.6382089097808414,8.320565346891039,0.05738118808530984,0.3566524752352234,0.011136633587408462,52.7540301485148,-1.675307544554443,76.95940594057772,Vta1b
2612.1199999999726,-0.9655099012458784,3.6750247528765403,8.820111881028103,-0.12625346539462107,-0.20281881185589096,0.389940594132626,52.754032,-1.675308,76.72554455457812,Vta1b
2612.2199999999725,-0.03650000025347877,2.217500000397683,9.401299999841424,0.04839999995234609,-0.2946999999749304,0.12400000007256146,52.754032,-1.675308,76.28000000012156,Vta1b
2612.3199999999724,0.24729999992127502,-2.6730999986433672,10.800299999611923,0.15189999997128953,-0.12390000004737922,0.045000000021914274,52.754032,-1.675308,76.00999000007491,Vta1b
2612.4199999999723,-0.2178999998709555,0.9845999989853693,11.806199999720969,-0.044599999945491714,-0.17349999998624116,0.12489999997783607,52.754032,-1.675308,75.7800000000638,Vta1b
2612.5199999999722,-0.4117613860844448,0.6263821783179158,11.635902970344615,-0.0502435643548587,0.4254108909217601,-0.27985247513442796,52.754032,-1.675308,75.68099009903757,Vta1b
2612.619999999972,-1.743285149242935,1.2979297047186673,10.609625742758253,-0.0489633662956781,0.5984960398223715,-0.33846732685113406,52.754032,-1.675308,75.63881188122137,Vta1b
2612.719999999972,0.8581999992783589,-4.9490999982671,9.952200000182367,-0.19529999995940683,-0.18189999978352145,0.0847999998825874,52.754032,-1.675308,75.52000000003295,Vta1b
2612.819999999972,0.16480000019549945,-5.327799999893228,9.024800000261475,0.08859999991995629,-0.4627999999208021,0.46789999989198744,52.754032,-1.675308,75.14000000010714,Vta1b
2612.919999999972,-0.26359999987921545,-1.462800001089711,10.351899999625834,0.009400000022329921,0.18579999981713147,0.034700000122137864,52.754032,-1.675308,74.40000000020865,Vta1b
2613.019999999972,0.5005584156245866,0.04710098967024434,11.300612871017723,0.11801386135529558,0.1881762376230876,-0.19282475241063746,52.75421813861381,-1.6753515643564232,74.23168316836463,Vta1b
2613.1199999999717,1.0946759998317646,-1.020463999689429,10.97003500009755,-0.010094999962939347,0.04613500004075252,0.040123999932524024,52.75422,-1.675352,74.02210000005964,Vta1b
2613.2199999999716,0.21990000025081557,-2.281399999644011,10.204500000217038,-0.06849999998373843,0.15429999996878688,-0.05219999997303027,52.75422,-1.675352,73.89000000003702,Vta1b
2613.3199999999715,-0.86009999969059,5.196099997857766,11.295299999687495,-0.04070000000796445,-0.4100999998383046,0.30749999989694926,52.75422,-1.675352,73.51000000010887,Vta1b
2613.4199999999714,-2.0410999996616543,3.5327000004765488,11.076600000062655,0.11169999995633877,-0.5647999999556799,0.36759999998278187,52.75422,-1.675352,72.93000000016617,Vta1b
2613.5199999999713,-2.2244999999474575,-5.609699997380787,9.400400000480214,0.05260000001693161,-0.4305000000384757,0.19900000004830237,52.75422,-1.675352,72.51000000012033,Vta1b
2613.6199999999712,-2.0907000000383325,-0.7868000013817174,11.091899999515402,-0.18969999993058329,-0.24970000005179754,0.23559999998951445,52.75422,-1.675352,71.85000000018908,Vta1b
2613.719999999971,-1.2191309995540565,3.0920790013415296,10.535490000104325,0.03556700004141254,0.24396600007323055,-0.01808699999459585,52.75422,-1.675352,70.74260000021386,Vta1b
2613.819999999971,-2.737645000264572,-1.49444300026463,10.176524000045546,-0.10374400007386635,-0.004371000073086061,-0.03603900001621245,52.75422,-1.675352,69.99900000031789,Vta1b
2613.919999999971,-1.8272683169482036,-0.5692237629160036,10.034724752064134,0.14814554458782062,0.2470623762069198,0.01700495056715948,52.754221732673216,-1.6753524356435516,68.89831683202083,Vta1b
2614.019999999971,-1.4241000001173374,1.29839999945645,11.457199999586006,0.03270000003359909,0.3532999999690808,-0.23249999992738454,52.75439499999995,-1.6753959999999875,67.73000000034003,Vta1b
2614.119999999971,-2.5104326718193404,0.7814653465298003,9.44910197995141,-0.03549405938263379,-0.031780198087891565,0.12485445552319517,52.754395,-1.675396,66.88594059447207,Vta1b
2614.2199999999707,-7.44369999856423,0.7979999999951878,10.289299999755471,-0.11489999997688982,0.20019999993248488,-0.13969999992300453,52.754395,-1.675396,65.48000000040919,Vta1b
2614.3199999999706,-5.65318500093096,-2.888081998888014,11.873796999653711,0.16575600005999946,0.5859550000717704,-0.4265580001069071,52.754395,-1.675396,63.83310000049608,Vta1b
2614.4199999999705,-2.5246149996707956,-6.516518003577717,13.014378000802008,-0.037090999985587216,0.33420900028446904,-0.06072300015490075,52.754395,-1.675396,62.144800000446175,Vta1b
2614.5199999999704,-3.6548405934740305,5.568526732123527,10.299363366634203,-0.08258019811138678,-0.6254594059329789,0.4614059406026918,52.754395,-1.675396,60.621782178752625,Vta1b
2614.6199999999703,-5.648899999410585,7.441199999446464,9.285700000299626,0.2293999999077831,-0.6513999999923323,0.432000000008692,52.754395,-1.675396,58.80000000053849,Vta1b
2614.7199999999702,-3.5415000006229174,-0.03319999779067384,9.860699999830038,0.13650000002745993,0.12589999977024124,-0.2109999998099384,52.754395,-1.675396,57.150000000487715,Vta1b
2614.81999999997,-5.347299999458019,-4.180999998755107,9.79320000002026,-0.2765999998760149,0.6730999998357671,-0.13250000002356047,52.754395,-1.675396,54.77000000071432,Vta1b
2614.91999999997,-4.311600000310849,-2.994700000356048,9.636600000047,-0.02270000007620382,0.6048000000204992,-0.3378999999383526,52.754395,-1.675396,51.27000000105047,Vta1b
2615.01999999997,-5.1696999997424555,5.401999997479869,10.354199999784624,-0.1958999999480169,0.20670000011948303,0.2006999998383482,52.754542999999956,-1.6754339999999888,51.42999999995198,Vta1b
2615.11999999997,-4.568100000180561,-7.438799996146048,10.767099999876073,0.13179999990164634,-0.34409999983468664,0.0859000000344553,52.754543,-1.675434,51.20000000006903,Vta1b
2615.21999999997,-4.900199999900326,-6.930800000152467,10.814899999985654,0.15859999999195643,-0.5072999999510182,0.3740999999135016,52.754543,-1.675434,48.51000000080736,Vta1b
2615.3199999999697,-5.877910891336956,-0.3159930715952094,10.886833663867725,-0.02274554452886465,0.30272772258681885,-0.14849306919818478,52.754543,-1.675434,46.72742574295483,Vta1b
2615.4199999999696,-5.059000000249506,7.244699997696403,9.230200000504745,-0.10729999997423789,0.9154999998133001,-0.507799999890526,52.754543,-1.675434,45.47000000038311,Vta1b
2615.5199999999695,-1.6854000010278707,0.7452000019802716,9.449399999933215,-0.16949999998104887,0.9070000000025898,-0.43900000002096207,52.754543,-1.675434,42.77000000082264,Vta1b
2615.6199999999694,-0.9196000002333244,-4.88229999828541,9.79749999989394,-0.14180000000843968,0.49180000012650343,-0.23300000006276422,52.754543,-1.675434,39.340000001045055,Vta1b
2615.7199999999693,-4.583599998883649,0.26249999843247895,10.475799999793335,-0.10200000001212628,-0.4692999997071714,0.23879999985625158,52.754543,-1.675434,39.270000000021334,Vta1b
2615.8199999999692,-5.816999999618599,5.2886999984457574,10.05210000013102,0.157099999919879,-0.33960000004010693,0.3636999999613774,52.754543,-1.675434,38.25000000031541,Vta1b
2615.919999999969,-5.475000000105756,-0.10249999833288825,10.774399999776644,0.09610000001886293,0.12849999985525024,-0.18979999982884221,52.754543,-1.675434,34.65000000111322,Vta1b
2616.019999999969,-4.138800000413191,-5.122299998447736,11.170099999877639,-0.042999999956986376,0.8192999997863852,-0.2751999999735919,52.754657999999964,-1.675475999999987,35.4199999997619,Vta1b
2616.119999999969,-2.480400000512824,-4.694900000132164,9.960300000374104,0.04859999997167469,0.062100000234147634,-0.11140000005065157,52.754658,-1.675476,34.2600000003587,Vta1b
2616.219999999969,-3.6138999996494903,-0.23380000137949697,10.168899999935496,0.019400000009029462,-0.2559999999016345,0.4419999998288731,52.754658,-1.675476,31.790000000763794,Vta1b
2616.319999999969,-0.6410000009328236,2.8497999990324416,9.778600000122468,0.04719999999127704,-0.252300000001161,0.17330000008431157,52.754658,-1.675476,30.720000000335737,Vta1b
2616.4199999999687,-0.632800000002573,2.1513000002191722,9.755500000007247,0.19059999995500457,0.14569999987511728,0.10620000002105436,52.754658,-1.675476,29.560000000363978,Vta1b
2616.5199999999686,-0.003100000197584496,-1.9095999987257883,9.596200000049985,-0.03759999992839638,0.5907999998603384,-0.17529999991167217,52.754658,-1.675476,29.090000000147473,Vta1b
2616.6199999999685,0.7502999997636014,-3.6426999994561955,9.18240000012984,-0.08229999998597423,0.17170000013150338,-0.058300000036711735,52.754658,-1.675476,28.580000000160023,Vta1b
2616.7199999999684,0.1647000001837471,-1.455800000686196,9.768799999816002,-2.5823745919417718e-11,-0.280399999858142,0.3280999998787571,52.754658,-1.675476,28.39000000005962,Vta1b
2616.8199999999683,-1.8982999993432996,2.784999998650055,9.790999999992934,0.07729999997539362,-0.24430000001149144,0.15440000005529275,52.754658,-1.675476,28.02000000011778,Vta1b
2616.9199999999682,0.020799999389105928,1.0982000005369474,9.934399999954353,-0.011199999971828398,0.4883999997667646,-0.19109999989001938,52.754658,-1.675476,27.790000000073213,Vta1b
2617.019999999968,-0.7853999997433678,-2.022499999006609,10.11009999994407,-0.08749999997571194,0.5114999999926467,-0.19139999999990448,52.75472599999998,-1.675525999999984,27.610000000057298,Vta1b
2617.119999999968,-0.09650000021929284,-1.8033000000697763,9.918000000061149,0.00619999997017312,0.19940000009934866,0.011499999935412258,52.754726,-1.675526,27.719999999964983,Vta1b
2617.219999999968,-0.6557999998219619,1.2776999990192468,9.723100000062042,-0.0810999999722104,-0.0037999999353167113,0.0625999999837337,52.754726,-1.675526,27.38000000010823,Vta1b
2617.319999999968,-0.7697999999631928,1.1713000000343534,9.973999999918991,0.09959999994165727,0.051799999982048386,-0.09389999994947075,52.754726,-1.675526,27.22000000005166,Vta1b
2617.419999999968,-0.2963000001528792,-1.105299999264953,9.699700000088564,-0.06699999994620975,0.19979999995221515,0.04889999995389406,52.754726,-1.675526,26.880000000109774,Vta1b
2617.5199999999677,1.059199999562349,-3.1671999993342723,10.410399999770535,0.01199999997449322,0.48289999990859533,-0.2858999998919029,52.754726,-1.675526,26.620000000083948,Vta1b
2617.6199999999676,0.9004000000512719,-0.31690000092027804,10.050600000116168,0.09439999997339546,0.5191999999882798,-0.22930000001827447,52.754726,-1.675526,26.49000000004197,Vta1b
2617.7199999999675,0.6414000000836235,2.818599998987639,9.542800000163954,0.02040000002389243,-0.03999999981945079,0.19279999986371638,52.754726,-1.675526,26.559999999977396,Vta1b
2617.8199999999674,1.6095999996829937,-1.5359999985742245,9.751499999931667,0.003900000005402398,-0.15849999996120095,0.022300000055824803,52.754726,-1.675526,26.510000000016372,Vta1b
2617.9199999999673,1.1403000001536574,-3.6362999993123237,10.05489999990066,0.009999999998002749,-0.00480000005032416,0.16689999995265536,52.754726,-1.675526,26.44000000002292,Vta1b
2618.0199999999672,1.5076762374976327,-2.750707921631333,9.968118812186443,-0.021530693061800363,0.3946485148922074,-0.2995772277462907,52.754787,-1.675587,26.512673267239748,Vta1b
2618.119999999967,1.8952999998730848,-0.17150000084447958,9.030000000307156,-0.044599999992446696,0.2695000000409759,-0.22730000002366488,52.754787,-1.675587,26.779999999912473,Vta1b
2618.219999999967,2.074199999941425,3.616399998759773,9.728099999771429,0.09049999995576583,-0.03579999990003924,0.1478999998771527,52.754787,-1.675587,27.269999999839566,Vta1b
2618.319999999967,2.885799999730577,-1.1325999984234962,10.576099999718494,-0.0406999999564461,-0.2121999999414413,0.19079999998575867,52.754787,-1.675587,27.88999999979418,Vta1b
2618.419999999967,2.252400000210267,-2.3255999996039654,10.830899999915415,0.09689999995432154,-0.07110000004684036,0.0639000000421264,52.754787,-1.675587,28.409999999827377,Vta1b
2618.519999999967,1.9354000001052332,-0.2631000006846791,9.660300000388599,0.0019000000315367305,0.4553999998252201,-0.09689999994661995,52.754787,-1.675587,29.199999999737745,Vta1b
2618.6199999999667,2.2261999999034643,1.3757999994559418,10.205199999819111,-0.01419999999465535,0.4411000000047471,-0.2079999999631186,52.754787,-1.675587,29.789999999804138,Vta1b
2618.7199999999666,3.6152099005261817,1.0633247525796117,10.05747722777211,-0.09944752472400328,0.23308019808927888,-0.06700990103718854,52.754787,-1.675587,30.40386138593359,Vta1b
2618.8199999999665,2.3605603963486566,-1.3346762373803815,10.248911881274688,-0.10939405946634694,0.10418316836087797,0.05524752470405744,52.754787,-1.675587,31.22415841570249,Vta1b
2618.9199999999664,1.4366000003109247,-2.062299999755145,9.990100000087093,0.07119999993922774,-0.027499999955686902,0.19999999995128892,52.754787,-1.675587,31.639999999860063,Vta1b
2619.0199999999663,1.004400000145441,-2.0506000000039375,9.900000000030321,-0.020599999969108093,0.3313999998792254,-0.2518999998479298,52.754849999999976,-1.675663999999974,32.00999999987549,Vta1b
2619.1199999999662,0.6877000001065736,-0.045500000674742136,10.260799999878586,0.016099999987649966,0.25230000002661823,0.043699999900526754,52.75485,-1.675664,32.629999999791366,Vta1b
2619.219999999966,1.0133999998903978,-1.2140999996067507,10.847599999802535,0.04439999999047668,0.10430000004980394,-0.06329999996399309,52.75485,-1.675664,33.17999999981492,Vta1b
2619.319999999966,1.741399999751708,-2.7909999994621817,9.93650000031074,0.04250000000064802,-0.21509999989106526,0.12619999993536904,52.75485,-1.675664,33.68999999982606,Vta1b
2619.419999999966,0.8026000003201876,-3.2630999998389854,9.715900000075237,0.06459999999246256,-0.22899999999525927,0.20679999997251053,52.75485,-1.675664,34.049999999877215,Vta1b
2619.519999999966,1.5582999997422604,1.4970999983764837,10.586399999703106,-0.07179999995347934,0.18519999985873273,-0.12559999988663154,52.75485,-1.675664,34.52999999983629,Vta1b
2619.619999999966,-0.21399999939553838,1.9485999998460113,10.617599999989359,0.027799999966030373,0.4673999999037527,-0.2230999999667466,52.75485,-1.675664,34.93999999986016,Vta1b
2619.7199999999657,0.9799999995927737,-1.9153999986821424,10.549600000023192,0.033799999997953634,-0.1104999998029011,0.149299999872989,52.75485,-1.675664,35.299999999877215,Vta1b
2619.8199999999656,-1.0598999992949945,-3.1544999995717573,9.121200000493666,0.029800000001382432,-0.26589999994629254,0.11600000001150876,52.75485,-1.675664,35.53999999991705,Vta1b
2619.9199999999655,0.9162764699061337,-2.3525392159630814,8.85149411774015,-0.01225882351489465,-0.05825294124814251,0.0598235294311547,52.75485,-1.675664,35.86352941165303,Vta1b
2620.0199999999654,1.4596386138531878,1.206766337029939,10.133602970932555,0.10358910897998166,0.1534811880576135,-0.12904257423191223,52.75491,-1.675762,36.17178217815659,Vta1b
2620.1199999999653,1.4834999999917533,0.05340000039861259,8.283900000639271,-0.09749999993050201,0.3315999999384407,-0.20329999997433607,52.75491,-1.675762,36.349999999938404,Vta1b
2620.2199999999652,0.7050000002690557,-3.5350999987597853,8.491899999928114,-0.02140000002630077,0.08430000008546887,-0.0436000000551936,52.75491,-1.675762,36.65999999989286,Vta1b
2620.319999999965,-1.004699999401339,-2.2701000004429464,9.182299999758252,-0.07649999998070643,-0.10529999993361051,0.04599999996862607,52.75491,-1.675762,36.879999999922966,Vta1b
2620.419999999965,-0.7586000000861732,-2.8587999997938636,10.61169999949949,-0.02660000001747275,0.00329999996197311,0.09049999998441807,52.75491,-1.675762,37.099999999922964,Vta1b
2620.519999999965,1.6408999991598021,-0.7579000007356411,10.290400000112506,0.10769999995297412,0.24129999991666298,-0.11209999992905853,52.75491,-1.675762,37.45999999987394,Vta1b
2620.619999999965,0.22840000049459452,0.6067999995221427,10.73959999984271,0.029000000027557232,-0.050999999897649556,0.02519999995192365,52.75491,-1.675762,37.64999999993347,Vta1b
2620.719999999965,-0.21489999984477615,-1.213799999362507,10.25770000016874,0.13629999996242834,-0.22749999993819758,0.13279999996232328,52.75491,-1.675762,38.2899999997759,Vta1b
2620.8199999999647,0.7331999996637062,-3.1759999993040022,9.459800000283018,-0.007899999948851821,-0.16600000002181423,0.03020000003639252,52.75491,-1.675762,38.61999999988294,Vta1b
2620.9199999999646,-0.25139999965075954,-2.3651000002876286,9.669599999925584,-0.08919999997116265,0.19479999987202315,-0.05189999997087889,52.75491,-1.675762,38.86999999991132,Vta1b
2621.0199999999645,1.7922999992750934,-0.34110000071791857,8.883800000278725,-0.0975999999970205,0.3778999999350539,-0.21939999994058726,52.754973999999976,-1.6758729999999606,39.14999999990068,Vta1b
2621.1199999999644,-0.3558999992380274,1.2747999994268355,9.085199999928562,0.07009999994051631,0.17230000007292692,-0.15590000002252363,52.754974,-1.675873,39.21999999997517,Vta1b
2621.2199999999643,-2.2093980001393807,-3.6485870000147527,8.558042999598396,-0.05883800005936731,-0.23845799998364003,0.16853400004879407,52.754974,-1.675873,39.39219999992142,Vta1b
2621.3199999999642,-1.7875732685958339,-3.566663367802562,9.659938614260097,0.10469306934290071,-0.2823841584664189,0.03420297026477341,52.754974,-1.675873,39.61207920784652,Vta1b
2621.419999999964,1.7650999987237006,0.5369999985257574,8.543800000400973,0.0040000000361740395,-0.14080000005086418,0.12449999996756075,52.754974,-1.675873,39.81999999992531,Vta1b
2621.519999999964,-0.7153999991088797,0.4009000000488939,9.191299999767386,-0.0753999999714755,0.2603999998558687,-0.0786999999270003,52.754974,-1.675873,39.93999999995689,Vta1b
2621.619999999964,-2.3906999993981475,-9.418299996472449,7.3255000006702895,-0.022900000018860646,0.7960999998075495,-0.6061999998104954,52.754974,-1.675873,40.199999999906595,Vta1b
2621.719999999964,0.08029999911229213,-2.3635000025344404,8.129199999711272,-0.28829999990465494,0.6916000000375416,-0.367300000085825,52.754974,-1.675873,40.160000000014364,Vta1b
2621.819999999964,1.3217999995483452,5.208399997245359,8.635999999815626,-0.01010000010120854,0.16710000019081206,-0.12370000008862114,52.754974,-1.675873,40.13000000001092,Vta1b
2621.9199999999637,1.1058000000785801,-4.407599996501719,8.749499999958708,0.04809999997882696,-0.6184999997142004,0.31639999983989253,52.754974,-1.675873,40.28999999994179,Vta1b
2622.0199999999636,-0.19799999952568026,-5.799799999493521,8.781499999988357,-0.0863999999510692,-0.5569000000224099,0.41849999996285625,52.75504699999997,-1.6759969999999549,40.51999999991633,Vta1b
2622.1199999999635,0.1626999998687781,-2.220100001302287,8.59370000006832,-0.02090000002382876,0.29999999968826163,-0.16729999978688725,52.755047,-1.675997,40.70999999993088,Vta1b
2622.2199999999634,-0.10459999990275681,0.1436999991400545,9.459499999685024,-0.11039999996744009,0.21170000003212336,-0.1649000000008731,52.755047,-1.675997,40.95999999990905,Vta1b
2622.3199999999633,-0.5752999998266198,-0.15669999988934907,9.718799999904489,0.08889999992658876,0.015200000072379871,-0.061900000037939565,52.755047,-1.675997,41.16999999992265,Vta1b
2622.4199999999632,0.9028999994555119,-2.4278999991634143,8.74740000035781,-0.06339999994390097,-0.2323999999087977,0.11129999993620258,52.755047,-1.675997,41.35999999993001,Vta1b
2622.519999999963,-1.2783999991965282,-3.4439999996257242,8.915699999938006,0.03679999996309179,0.03299999990224112,-0.122599999913844,52.755047,-1.675997,41.419999999977904,Vta1b
2622.619999999963,-3.7139514866780994,-1.8843009899432281,8.659418811594957,-0.012149504930118214,0.12354950499686611,-0.0700881188197382,52.755047,-1.675997,41.47138613856246,Vta1b
2622.719999999963,0.41089999848063075,-2.3043999998452582,9.431299999715682,-0.06709999997975925,-0.0014999999539385966,-0.04890000000780455,52.755047,-1.675997,41.60999999994894,Vta1b
2622.819999999963,2.396099999259733,-0.05550000083859841,10.192599999716117,-0.0130000000201735,-0.12259999995484269,-0.021400000010254553,52.755047,-1.675997,41.87999999989932,Vta1b
2622.919999999963,2.5097999999576017,-0.9469999996675661,10.255399999976582,-0.02429999999578631,-0.19489999997303983,-0.01320000000305772,52.755047,-1.675997,41.97999999996271,Vta1b
2623.0199999999627,2.4398000000261026,-2.7576999993248026,9.309400000352756,0.01389999998575549,-0.08460000004113007,-0.001900000004213689,52.75511599999997,-1.676117999999955,42.20999999991424,Vta1b
2623.1199999999626,0.6782000006568878,-1.372600000516494,9.845699999800019,-0.09289999996017505,0.06729999994335754,-0.0008000000004101822,52.755116,-1.676118,42.39999999992915,Vta1b
2623.2199999999625,0.29220000014393666,-0.8566000001924127,9.601200000091172,0.02229999995704275,0.15349999996785663,-0.1108999999589445,52.755116,-1.676118,42.699999999888135,Vta1b
2623.3199999999624,-0.3887999997429632,-2.13539999951733,9.630099999989092,-0.014799999985996966,0.018700000050878962,0.03359999994545987,52.755116,-1.676118,42.89999999992451,Vta1b
2623.4199999999623,0.19509999977961262,-1.529400000228729,9.646699999993734,0.04629999997693841,0.0025000000061145312,-0.08659999995463169,52.755116,-1.676118,42.9799999999698,Vta1b
2623.5199999999622,-0.722199999653774,-2.353699999688876,9.064000000219934,-0.07619999995376356,0.3688999998617059,-0.14709999997716486,52.755116,-1.676118,43.19999999991697,Vta1b
2623.619999999962,-0.8949999999347783,-7.605799998017646,8.773500000109646,0.017099999964784826,0.2719000000366117,-0.3131999999373072,52.755116,-1.676118,43.48999999989054,Vta1b
2623.719999999962,2.372940000427814,1.1241759984621493,9.48631399973351,-0.0932810000539137,-0.8648430001237469,0.42102499999905013,52.755116,-1.676118,43.742199999916416,Vta1b
2623.819999999962,1.2418650006206342,5.065688002492872,10.182084999947378,0.04741799999171727,-0.5362900002321442,0.41699800024703787,52.755116,-1.676118,43.962599999901215,Vta1b
2623.919999999962,-0.36489207960338194,-1.430880197982558,10.306318812370625,0.0686871287247592,0.07127722762104788,-0.22673366336505757,52.75511671287126,-1.6761192277227257,44.222673267225154,Vta1b
2624.019999999962,0.6758999996024302,-1.5288999999625577,9.018200000492046,0.037400000011951304,0.3389999998977332,-0.2300999999987141,52.75518799999997,-1.6762419999999532,44.48999999989789,Vta1b
2624.1199999999617,0.49688499981217715,-4.103023000587383,10.070396000284676,-0.006956999986273747,-0.0083949999463638,0.08577800002776009,52.755188,-1.676242,44.953399999869276,Vta1b
2624.2199999999616,0.9816623761929294,-2.559337624964443,9.341825742404085,-0.04070594065535244,-0.1446831683866905,0.01420891089459157,52.755188,-1.676242,45.29207920784084,Vta1b
2624.3199999999615,1.0978999999550703,0.566899998791599,9.78439999982893,0.11869999993838398,0.03699999992977304,0.005100000003520915,52.755188,-1.676242,45.49999999991963,Vta1b
2624.4199999999614,1.858699999705924,0.47020000003737794,8.955400000320436,-0.0699999999270608,0.21669999993053962,-0.2559999998990757,52.755188,-1.676242,45.82999999987244,Vta1b
2624.5199999999613,3.3665999994171436,-2.9720999986694294,8.781100000067374,0.0009999999725559955,-0.21649999983255291,-0.02540000008913501,52.755188,-1.676242,46.10999999989177,Vta1b
2624.6199999999612,2.8081000002158802,-3.7186999997114127,9.485899999727572,0.09599999996327915,-0.36959999994082143,0.16849999992505083,52.755188,-1.676242,46.48999999985312,Vta1b
2624.719999999961,2.9456999999468128,0.9817999981830905,9.36630000004623,-0.03859999994797236,-0.2990000000272894,0.12440000001704621,52.755188,-1.676242,46.75999999989563,Vta1b
2624.819999999961,0.9819000007680083,-0.7438999993251083,8.968800000155456,-0.018100000008017196,-0.1768000000477903,0.019800000040907248,52.755188,-1.676242,47.019999999898324,Vta1b
2624.919999999961,0.7927000000739928,-2.6208999992659376,8.663900000119241,-0.012700000002111845,0.31319999980836943,-0.2736999998852172,52.755188,-1.676242,47.289999999894405,Vta1b
2625.019999999961,0.4136708739352252,-3.938375727638062,8.898657281461226,-0.10386504850789537,0.14921941754011153,-0.14670970878772402,52.75526761165046,-1.6763633592232532,47.66864077655036,Vta1b
2625.119999999961,2.8705999990048356,-1.8317000008653008,9.5537999997387,0.12169999990795444,-0.2817999998282059,-0.015000000051566459,52.75527,-1.676367,47.97999999987904,Vta1b
2625.2199999999607,-0.20739999879624715,1.759799998595426,10.206099999744897,-0.0834999999197498,-0.0729000000816972,0.1746999999258116,52.75527,-1.676367,48.309999999870946,Vta1b
2625.3199999999606,-2.5053999990908413,-0.9068999989449733,10.181700000009652,-0.12299999998437261,0.11899999992407857,-0.03819999991577033,52.75527,-1.676367,48.81999999979823,Vta1b
2625.4199999999605,-0.24050000089606272,-5.170499998313191,9.051900000446983,-0.006900000045932678,0.166599999981168,-0.14839999995640157,52.75527,-1.676367,49.27999999981801,Vta1b
2625.5199999999604,-0.5501999998774734,-3.8657000005162185,10.10219999958447,0.014499999991533515,-0.18259999986184597,0.11679999989507886,52.75527,-1.676367,49.67999999984175,Vta1b
2625.6199999999603,-0.7478999999217839,-1.509800000932065,9.90990000007608,0.13029999995418604,-0.5171999998676222,0.28209999993460233,52.75527,-1.676367,49.93999999989713,Vta1b
2625.7199999999602,1.5314999990982003,0.9988999990074829,10.916199999601877,-0.06979999992083438,-0.24090000010931262,0.2037000000310174,52.75527,-1.676367,50.16999999990901,Vta1b
2625.81999999996,1.5663999999860339,-4.413599997834038,11.408999999802793,0.06379999994653626,0.08479999986966213,-0.08759999988342826,52.75527,-1.676367,50.47999999987594,Vta1b
2625.91999999996,1.2102000001425433,-2.6037000007242814,11.514499999957781,-0.1758999999040774,0.01970000002605156,0.19299999988771016,52.75527,-1.676367,50.89999999983193,Vta1b
2626.01999999996,3.6071306921052524,-3.075383168127119,9.591826733446574,-0.012632673332993477,-0.1660425741827194,0.001316831760264009,52.755355148514816,-1.676498683168264,51.21683168304089,Vta1b
2626.11999999996,2.1469000005999432,1.5517999981276942,9.556600000006467,0.24669999989583252,-0.315299999940418,0.0357999999852864,52.755356,-1.6765,51.57999999985448,Vta1b
2626.21999999996,4.078399999227058,0.6811000003484347,9.461300000038136,-0.016699999894593226,-0.04760000010712756,0.022600000005282346,52.755356,-1.6765,51.819999999903956,Vta1b
2626.3199999999597,2.802500000516389,-1.3491999991782861,9.76169999987842,0.22979999990023525,-0.05639999999643842,-0.23249999989675463,52.755356,-1.6765,52.10999999988263,Vta1b
2626.4199999999596,0.9781000007383807,-3.3849999991760606,10.242399999805448,-0.06639999988012041,0.1138999999310753,0.0472999998867579,52.755356,-1.6765,52.35999999989882,Vta1b
2626.5199999999595,2.9683999991944754,-2.539300000342276,9.817900000171806,0.10249999993164192,-0.26029999984855184,-0.09079999994410745,52.755356,-1.6765,52.91999999977335,Vta1b
2626.6199999999594,0.7309000009055726,0.7096999986850476,9.218300000242673,0.040500000025092964,-0.3013999999833658,-0.1151999999901247,52.755356,-1.6765,53.19999999988668,Vta1b
2626.7199999999593,0.37050000014586293,-4.130899998040887,8.64910000023037,-0.013299999978225785,-0.19220000004419602,0.15779999988951007,52.755356,-1.6765,53.35999999993524,Vta1b
2626.8199999999592,0.27230000004019056,-3.4651000002724937,7.947900000286982,-0.18339999993038275,-0.07790000004677985,-0.054399999913152364,52.755356,-1.6765,53.57999999990996,Vta1b
2626.919999999959,1.8102999993705386,-1.0312000009961282,9.049499999549145,0.08819999988884153,0.06809999994024618,-0.04130000000536148,52.755356,-1.6765,53.66999999996317,Vta1b
2627.019999999959,-0.7584999989486605,-1.0211000000041335,9.789599999697097,0.04490000001772151,0.06959999999938608,-0.14189999995882718,52.75544999999997,-1.6766409999999423,53.989999999869035,Vta1b
2627.119999999959,-0.5310000000931095,-2.3686999994484643,9.156900000258947,-0.002299999980682338,0.05030000000789896,-0.1008000000168211,52.75545,-1.676641,54.4099999998281,Vta1b
2627.219999999959,0.624799999526963,-2.51429999994041,8.511900000263982,-0.18519999992514405,0.24639999991974165,-0.06920000001293301,52.75545,-1.676641,54.59999999992224,Vta1b
2627.319999999959,-1.7988999989970242,-3.0201999997906483,8.000700000211545,0.14979999986137024,0.20390000001758735,-0.21929999993788563,52.75545,-1.676641,54.65999999997517,Vta1b
2627.4199999999587,-1.5050000001216217,-2.3771000002661276,8.977199999595905,-0.11349999989104115,0.08290000005007224,-0.0563000000674527,52.75545,-1.676641,54.789999999946204,Vta1b
2627.5199999999586,-0.31420000049277697,-1.2067000004843351,8.781300000081067,0.16389999988520632,-0.05259999994392739,-0.10899999997819168,52.75545,-1.676641,54.88999999995862,Vta1b
2627.6199999999585,-0.3640999999793504,-3.72619999895738,8.04830000030333,-0.2803999998161397,-0.03720000000637283,0.1782999998811095,52.75545,-1.676641,55.10999999990896,Vta1b
2627.7199999999584,-0.6247999998921172,-3.3614000001509616,8.761499999704863,0.05399999986161852,-0.10979999996995665,-0.00879999992257427,52.75545,-1.676641,55.18999999996689,Vta1b
2627.8199999999583,-0.10250000021851335,-0.06080000138086428,8.867699999955569,0.04900000000209184,-0.004900000043886757,-0.07649999997167652,52.75545,-1.676641,55.2499999999749,Vta1b
2627.9199999999582,1.6521999992658905,-2.2172999990977904,9.297599999820143,0.15039999995757752,0.0032999999965693857,-0.11369999998443672,52.75545,-1.676641,55.29999999997908,Vta1b
2628.019999999958,0.292300000568938,-4.043599999235935,9.954599999725131,0.0056000000605796185,0.12949999994720202,-0.1074000000026357,52.755553999999954,-1.676781999999941,55.409999999953975,Vta1b
2628.119999999958,-0.8979999995020171,-2.8382000005043,10.968999999575608,0.0455999999832653,0.19189999997389384,-0.01720000003773675,52.755554,-1.676782,55.54999999994143,Vta1b
2628.219999999958,0.6612999993476393,-1.2703000006559584,9.675900000540992,-0.024899999970505085,0.036900000064847005,0.009899999988662242,52.755554,-1.676782,55.81999999988704,Vta1b
2628.319999999958,0.21040891108064086,-2.238814851077991,10.41510792048132,-0.0618306930537815,-0.2392386137452992,0.13188019796852227,52.755554,-1.676782,56.11702970284543,Vta1b
2628.419999999958,2.187181999579889,-4.246276000068349,10.02583599995219,0.14805500008606765,-0.1668349999227706,0.1475230000327015,52.755554,-1.676782,56.16099999995791,Vta1b
2628.5199999999577,3.1355730016763745,-4.0258520025106685,10.147036999632247,-0.054527999994612296,-0.3453810001312831,0.07165799995546727,52.755554,-1.676782,56.26149999993686,Vta1b
2628.6199999999576,-0.8036148516419116,1.7994970330977198,11.013769306855428,-0.0673980197935566,-0.031734653672314185,0.1721455447354363,52.755554,-1.676782,56.410495049483885,Vta1b
2628.7199999999575,-0.43510000015585043,-6.180799996625013,11.190699999925172,-0.08719999999162545,0.45479999979423713,-0.25329999982007273,52.755554,-1.676782,56.45999999997906,Vta1b
2628.8199999999574,1.8622999990179478,-7.455499999455113,10.486400000301062,-0.27699999991886765,0.27420000007719975,-0.26769999999384453,52.755554,-1.676782,56.659999999914504,Vta1b
2628.9199999999573,-2.292199998224106,-4.584400001227287,11.127099999726125,0.1188999998307676,-0.19719999979849423,0.017699999878002193,52.755554,-1.676782,56.26000000017098,Vta1b
2629.0199999999572,-1.0170000005451,-5.3367999996783775,7.99410000133924,-0.040299999931947966,-0.527499999858809,0.05119999998568001,52.75565699999996,-1.6769429999999312,55.580000000290674,Vta1b
2629.119999999957,-3.976599998734882,-7.091799999249803,10.159799999074245,0.20759999989403205,-0.17330000015140723,-0.10899999993152051,52.755657,-1.676943,54.51000000045738,Vta1b
2629.219999999957,-5.885999999183803,-7.318199999903222,10.510699999850003,0.13010000003312833,0.27319999980913795,-0.28279999992570704,52.755657,-1.676943,53.50000000043174,Vta1b
2629.319999999957,-4.768600000482728,-1.1735000026545714,9.67000000036319,-0.21509999985087014,0.47739999991178356,-0.18670000004151616,52.755657,-1.676943,52.22000000055297,Vta1b
2629.419999999957,-4.195100000247757,0.9207999990952416,9.105000000244086,-0.062200000066054334,0.19400000012243163,-0.037700000064369465,52.755657,-1.676943,51.12000000047521,Vta1b
2629.519999999957,-2.4454000007558876,-1.816599998817416,11.314699999045388,-0.0807999999919646,0.05740000005901255,-0.03080000000298087,52.755657,-1.676943,49.79000000057457,Vta1b
2629.6199999999567,-1.8202000002700927,1.754399998457292,11.347999999985614,0.2131999998729891,0.4283999998397243,-0.3852999998468524,52.755657,-1.676943,48.31000000063938,Vta1b
2629.7199999999566,0.5434999989788578,0.9357000003536865,11.420399999968723,-0.037299999891781455,0.2829000000628574,-0.14600000010338,52.755657,-1.676943,47.16000000049681,Vta1b
2629.8199999999565,3.8653999985497998,-4.319899997705629,9.631200000781089,-0.12389999996219413,-0.14529999981306613,0.1417999998743588,52.755657,-1.676943,46.69000000020518,Vta1b
2629.9199999999564,4.565499999694366,-5.181799999623731,8.661800000423199,0.0011999999453866511,-0.5391999998280401,0.31809999992303495,52.755657,-1.676943,46.68000000000436,Vta1b
2630.0199999999563,0.243795050009222,-0.22037821874828048,9.031282177549418,0.05149405947572375,-0.11034158434780267,0.12568415856861592,52.755753,-1.677074,46.62851485154969,Vta1b
2630.1199999999562,-0.9166999994933771,1.9117999990691812,10.56949999932848,-0.10909999992989147,0.3254999998097302,-0.2258999998465133,52.755753,-1.677074,46.480000000064834,Vta1b
2630.219999999956,-0.9292999999944994,-0.19499999908026044,11.007399999808833,0.043699999933294015,0.5507999999016435,-0.25969999998524435,52.755753,-1.677074,46.27000000009168,Vta1b
2630.319999999956,-0.7665000000718118,-13.184699994270177,9.32270000074313,-0.046499999960212327,0.5682999999922806,-0.5016999998932526,52.755753,-1.677074,46.21000000002647,Vta1b
2630.419999999956,-2.8310851480369075,-5.940275250911137,9.297641583866799,0.03142475246976991,-1.0509306930020976,0.5677297030348547,52.755753,-1.677074,45.963762376511504,Vta1b
2630.519999999956,-3.9195999995198507,1.7721999965979887,9.961799999707036,0.043899999994497105,-1.2039999999324804,0.42070000006485553,52.755753,-1.677074,45.34000000027515,Vta1b
2630.619999999956,-3.7320000000827513,4.1255999989619045,9.560500000177015,0.00950000001517401,-0.17360000045451462,0.07710000015156365,52.755753,-1.677074,44.31000000045434,Vta1b
2630.7199999999557,-1.2318000011028505,-7.020599995083357,10.717899999489465,-0.13599999993581924,0.5492999996811252,-0.45469999976542047,52.755753,-1.677074,43.090000000538154,Vta1b
2630.8199999999556,-1.9289999996892913,-2.1407000021747393,10.722899999997772,0.05559999991461298,0.346200000090512,-0.3571000000434956,52.755753,-1.677074,42.310000000347614,Vta1b
2630.9199999999555,-2.2022999998782034,0.5333999988082807,10.094500000280048,-0.026799999963278254,0.02850000014158377,0.13809999977931298,52.755753,-1.677074,41.51000000035652,Vta1b
2631.0199999999554,-2.5945287134156736,-3.1755207918609085,9.212590099072449,0.031538613926217075,-0.24961683170903917,-0.11726930708288764,52.755848,-1.677187,40.248514851994656,Vta1b
2631.1199999999553,-1.3674000005468727,-3.667599999780704,9.071600000062833,-0.11459999993487299,-0.19130000002598904,0.22579999984711038,52.755848,-1.677187,39.10000000051184,Vta1b
2631.2199999999552,-2.1531540007773673,-2.1153720001894794,9.89050199991028,0.02930600002662032,0.04361800001263793,-0.026300000049296886,52.755848,-1.677187,37.62040000043023,Vta1b
2631.319999999955,-0.4385237622586475,-1.6982306930051871,10.088547524759308,-0.027383168411702526,0.016467326698283696,0.08018415852411327,52.755848,-1.677187,36.66009901034473,Vta1b
2631.419999999955,-0.7008999998818782,-1.8412999999355901,10.073300000006864,0.18429999990470025,0.09319999996545497,-0.16139999989123885,52.755848,-1.677187,35.67000000044575,Vta1b
2631.519999999955,0.06905299980938097,-2.4157229999138115,9.135423999895838,0.08653299998955696,0.10340900008027244,0.0017940000181968791,52.755848,-1.677187,35.29850000006723,Vta1b
2631.619999999955,0.4817792082974545,-2.597591089494089,9.371390098743271,0.10944950495730761,-0.07287821786803582,-0.03955148509638985,52.755848,-1.677187,35.14970297031047,Vta1b
2631.719999999955,-0.35029999962539815,-1.746700000383071,9.960399999734827,0.09440000000677529,0.029299999953999373,-0.15469999994816017,52.755848,-1.677187,35.12000000001337,Vta1b
2631.8199999999547,2.2303999988264334,-1.3851000001644367,9.537900000192131,0.011900000037516664,-0.009499999982355803,0.02169999991978258,52.755848,-1.677187,35.00000000005457,Vta1b
2631.9199999999546,1.9320000001356965,-0.9416000002016804,9.650299999948887,-0.028299999981719157,-0.036799999987585395,-0.04859999996803126,52.755848,-1.677187,35.09999999995453,Vta1b
2632.0199999999545,1.4118000002365596,0.3189999994267454,9.151700000226738,-0.09009999997189662,0.12849999992483027,-0.15139999995325198,52.75592799999996,-1.6772519999999704,35.12999999998636,Vta1b
2632.1199999999544,0.42010000045097284,0.4770999999281045,10.408299999428564,-0.00600000003824426,-0.0050999999392457585,0.09109999988972378,52.755928,-1.677252,35.26999999993634,Vta1b
2632.2199999999543,-0.5845999995431153,-1.0387999993106485,10.86639999979168,-0.04909999998040039,-0.09979999995693545,0.029100000028194337,52.755928,-1.677252,35.289999999990904,Vta1b
2632.3199999999542,0.27229999960643025,-4.436599998439408,10.50600000016553,0.19359999988852913,-0.2689999999222873,0.07679999997809163,52.755928,-1.677252,35.37999999995866,Vta1b
2632.419999999954,2.05339999918195,3.074299996550283,9.591900000419843,-0.028399999898036543,0.12519999981894597,-0.13949999990065454,52.755928,-1.677252,35.45999999996326,Vta1b
2632.519999999954,3.4295999993679187,0.024000001400986903,8.648400000433345,-0.0405999999943966,0.23319999995039614,-0.18289999998006662,52.755928,-1.677252,35.66999999990355,Vta1b
2632.619999999954,-0.048199998402664423,-2.811899998697486,9.772999999483476,0.006299999978459071,0.20010000001520267,-0.1680000000068435,52.755928,-1.677252,35.89999999989436,Vta1b
2632.719999999954,0.831099999596142,-2.8044000000034446,9.178300000273143,-0.03999999997873465,-0.14669999984071652,0.13959999985872087,52.755928,-1.677252,36.1899999998668,Vta1b
2632.819999999954,4.2372999984200606,-0.17970000121744656,7.996700000548076,0.019299999972494153,0.0918999998893272,-0.04569999991405002,52.755928,-1.677252,36.509999999851566,Vta1b
2632.9199999999537,3.084800000534578,1.7386999991101646,8.681599999682314,-0.15829999991762161,0.34289999988357556,-0.14859999995227063,52.755928,-1.677252,36.98999999977736,Vta1b
2633.0199999999536,2.508900000267127,0.4504000005975679,9.23639999974266,-0.05630000004731191,0.273400000032237,-0.15919999999508327,52.75600399999996,-1.6773169999999697,37.42999999979591,Vta1b
2633.1199999999535,1.4293859990912832,-1.5394970004245123,9.98576100024898,0.04728899999118611,-0.0007110000554482311,0.11102400000354422,52.756004,-1.677317,37.94539999974817,Vta1b
2633.2199999999534,3.3616405939129397,-0.6379297029875663,9.45714950495285,0.06538910893938084,0.11652277229948389,0.10168316840156211,52.756004,-1.677317,38.48455445523314,Vta1b
2633.3199999999533,3.6756999998528976,-0.6009000000173443,9.452100000002364,0.004300000028613506,0.06880000002235286,-0.07999999991490146,52.756004,-1.677317,38.93999999978667,Vta1b
2633.4199999999532,1.1956000011616532,0.7755999993552616,10.072499999709411,0.019099999993067832,0.0982999999861825,0.09739999991690766,52.756004,-1.677317,39.4399999997658,Vta1b
2633.519999999953,1.8846999996772327,-1.5707999989009704,9.46860000028286,-0.03569999997433224,-0.07349999991953063,-0.012799999948383461,52.756004,-1.677317,40.04999999971428,Vta1b
2633.619999999953,2.3544999997799505,-2.159999999724025,9.31670000007115,-0.07129999998332533,-0.30499999989156773,0.1351999999306783,52.756004,-1.677317,40.45999999980796,Vta1b
2633.719999999953,1.7165000002988327,-0.6253000007188376,8.670200000302813,0.07359999993213032,-0.06410000011283509,0.1339000000006089,52.756004,-1.677317,40.92999999977986,Vta1b
2633.819999999953,3.075599999357231,-1.9497999993735946,9.623999999548912,0.08269999999569627,-0.11399999997640044,-0.13759999987159752,52.756004,-1.677317,41.4399999997588,Vta1b
2633.919999999953,4.8201544546248,-0.7824732678759143,7.978356436417775,-0.03185445539165116,0.025009900924700276,0.18784554440134604,52.756004,-1.677317,41.94495049481195,Vta1b
2634.0199999999527,3.8607670004686216,-0.9301899999235349,8.384728999797153,0.033230999968226635,0.1338149999484692,-0.07095299987428388,52.75608913999996,-1.6773892699999653,42.41529999977678,Vta1b
2634.1199999999526,4.443399999716954,-1.2092999998674343,9.842099999305834,0.03439999999976114,-0.1426999998673865,0.06729999993269004,52.75609,-1.67739,42.86999999978502,Vta1b
2634.2199999999525,4.52617549180421,0.817987254189416,9.189765686675505,0.05729705885219528,-0.39139313726949126,0.05032647045860964,52.75609,-1.67739,43.416470587927655,Vta1b
2634.3199999999524,1.1437245114105452,2.316712744386163,8.346334314126109,-0.002997058794890428,-0.3607068627596737,0.32297352928226064,52.75609,-1.67739,44.06352941145736,Vta1b
2634.4199999999523,0.7643900001657693,-5.716801996138479,9.901208999249953,0.009764999993587722,0.45981499960647615,-0.06416199981295145,52.75609,-1.67739,44.456099999814754,Vta1b
2634.5199999999522,1.4538009996644081,-6.008078999898301,10.545649999695526,-0.14404499992543998,0.6231339999249126,-0.43172699982388496,52.75609,-1.67739,44.855999999808205,Vta1b
2634.619999999952,2.21479999963634,-0.3026000027528202,9.404400000553498,-0.061700000040465636,0.2396000001857368,0.0028999997886045015,52.75609,-1.67739,45.41999999972991,Vta1b
2634.719999999952,0.052100001032655996,2.2765999987684715,9.827899999797785,0.08549999992971424,-0.34329999972167413,0.134499999937163,52.75609,-1.67739,45.84999999979468,Vta1b
2634.819999999952,-0.4629999997517053,-2.1362999978728405,10.517799999667446,0.09019999999773445,-0.2679000000363453,0.1569999999891543,52.75609,-1.67739,46.40999999973006,Vta1b
2634.919999999952,0.7788999994013641,-4.792299998719722,10.889199999820974,0.1861999999537249,-0.07660000009221274,-0.06959999989077151,52.75609,-1.67739,46.91999999975417,Vta1b
2635.019999999952,-1.309399998993372,-0.9643000018452197,10.14120000036056,-0.011199999904846825,0.26439999983562706,-0.20459999993492567,52.75618699999995,-1.6774739999999595,47.43999999974934,Vta1b
2635.1199999999517,-2.727099999316623,0.13479999947019816,11.075599999549588,0.00149999999387819,0.19780000003210335,-0.15000000002631897,52.756187,-1.677474,47.95999999974934,Vta1b
2635.2199999999516,0.23775148371335364,-3.4244079190692154,10.527580198285076,0.07130198016423156,-0.03487326721410525,-0.06524752479350038,52.756187,-1.677474,48.405544554239775,Vta1b
2635.3199999999515,2.51114700061308,-4.240378001052504,8.1986460002788,-0.08979100008280674,-0.34567099996264244,0.37072800010524065,52.756187,-1.677474,48.9741999997965,Vta1b
2635.4199999999514,1.2484891093959722,-2.0328099037564202,7.639706930174261,0.08153465336191114,-0.41896435658273673,0.15417722779655876,52.756187,-1.677474,49.395544554186785,Vta1b
2635.5199999999513,0.24740000048710975,3.6761999972221115,8.710399999479023,0.29499999989613207,-0.11540000014770824,0.0019000000740950207,52.756187,-1.677474,49.94999999973022,Vta1b
2635.6199999999512,1.491699999394549,-0.2025999981126545,8.853799999930224,0.04220000012300734,0.4404999997295104,-0.22159999989124946,52.756187,-1.677474,50.49999999973238,Vta1b
2635.719999999951,1.9918999997566127,-3.309299998488343,8.972399999942292,0.05539999999357714,0.055300000187430476,-0.13370000004277038,52.756187,-1.677474,50.919999999795635,Vta1b
2635.819999999951,2.4843999997581196,-2.2967000004973155,8.233900000362699,-0.12899999990943617,-0.16059999989396562,0.1621999998546755,52.756187,-1.677474,51.47999999972497,Vta1b
2635.919999999951,0.05300000119412651,-0.4024000009303421,10.28739999899147,0.178799999848831,-0.2834999999396405,0.034900000062520475,52.756187,-1.677474,51.87999999980355,Vta1b
2636.019999999951,-0.1708999998900366,1.89789999887026,9.349100000460824,-0.15559999983576708,0.17679999977393424,-0.03749999996444239,52.75628999999995,-1.6775619999999567,52.46999999971023,Vta1b
2636.119999999951,1.2314999993112432,0.06810000089866453,10.13019999961638,-0.08000000003712922,0.38779999989637215,-0.38169999983095404,52.75629,-1.677562,52.88999999979373,Vta1b
2636.2199999999507,-1.8011999985105591,-3.3273999983323774,11.761399999198874,-0.03410000002254273,0.20390000009031828,0.08459999977098748,52.75629,-1.677562,53.35999999976917,Vta1b
2636.3199999999506,0.1343999990405722,-2.5606000003800835,10.548600000601155,0.18709999989035675,-0.1780999998106523,-0.07689999991994854,52.75629,-1.677562,53.659999999851294,Vta1b
2636.4199999999505,4.074299998047092,1.757699997859528,10.529800000009319,-0.011399999901608587,-0.047400000064784675,-0.03680000001987655,52.75629,-1.677562,54.119999999771984,Vta1b
2636.5199999999504,2.6635000013920886,1.9572366338392715,9.977153465240228,-0.026672277179726454,0.2368891089163652,-0.05968316829791664,52.75629,-1.677562,54.68495049480512,Vta1b
2636.6199999999503,-0.15649999860219754,1.600900000176627,10.19249999989326,-0.12389999995180669,0.2258000000054966,-0.09799999998100732,52.75629,-1.677562,55.179999999754614,Vta1b
2636.7199999999502,0.780299999535652,-3.567299997438254,9.736600000225977,0.042399999917569334,-0.02979999987330556,0.0866999999084489,52.75629,-1.677562,55.41999999988104,Vta1b
2636.81999999995,-1.8154999987015232,-2.53160000051808,9.564000000086338,-0.025699999965934868,-0.36929999983017464,0.3734999998565363,52.75629,-1.677562,55.56999999992497,Vta1b
2636.91999999995,-1.8231999999961481,0.17729999864494816,9.986299999788756,0.2240999998750445,-0.05990000015476871,0.017100000178279173,52.75629,-1.677562,55.68999999993997,Vta1b
2637.01999999995,-0.8414000004911182,1.0722999995523013,9.201400000392624,-0.07359999985108381,0.3348999998025123,-0.14719999991781352,52.756409999999946,-1.6776609999999506,55.93999999987494,Vta1b
2637.11999999995,0.4836999993371557,-3.5838999976708656,8.133900000533988,-0.14569999996393398,0.510399999912211,-0.16939999998889507,52.75641,-1.677661,56.00999999996498,Vta1b
2637.21999999995,0.8918999997958094,-4.137199999723228,9.459299999337006,0.040899999906658546,-0.24529999962198212,0.18669999982187085,52.75641,-1.677661,56.209999999899956,Vta1b
2637.3199999999497,0.31470000029135303,-1.5400000013109878,9.401100000029377,0.06829999998616931,-0.2813999999817778,0.20929999998859222,52.75641,-1.677661,56.20000000000505,Vta1b
2637.4199999999496,-1.9354999988641677,3.4151999974987657,10.204999999594216,0.039400000014587835,0.028099999843773815,-0.010099999889253558,52.75641,-1.677661,56.429999999883904,Vta1b
2637.5199999999495,-2.394899999768109,1.4083000010130222,9.964300000121497,-0.0629999999483116,0.35339999983579845,-0.12659999994119434,52.75641,-1.677661,56.43999999999495,Vta1b
2637.6199999999494,1.519297000608877,-1.8272789985096896,9.883577000178711,-0.03258299999071695,-0.0032539998197160043,0.1306909999649476,52.75641,-1.677661,56.32009999999493,Vta1b
2637.7199999999493,0.3232465350467916,-4.697045546520434,9.539969306668459,-0.04917326740418244,-0.3551,0.20015940588685135,52.75641,-1.677661,56.3302970296879,Vta1b
2637.8199999999492,-0.4520999996051028,-0.821600001973831,10.05689999973672,0.1034999999222409,-0.3551,0.30609999994604264,52.75641,-1.677661,56.35999999998487,Vta1b
2637.919999999949,0.5237999995029574,-1.126099999844913,10.46159999979388,-0.11469999988886705,-0.19810000007996276,0.13940000008490316,52.75641,-1.677661,56.3699999999949,Vta1b
2638.019999999949,0.9167999997998384,-1.0101000000590807,8.636900000929352,0.08149999990007198,-0.05010000007537893,-0.006399999925741556,52.756519999999945,-1.6777659999999466,56.34000000001528,Vta1b
2638.119999999949,0.41460000025577903,0.26769999934919464,9.93759999933753,-0.12149999989660863,-0.23329999990669315,0.1792999999054198,52.75652,-1.677766,56.30000000002037,Vta1b
2638.219999999949,0.0039000002091765795,-2.317999998683059,9.827300000056177,0.0004999999378633158,-0.07530000008047211,0.1058000000374348,52.75652,-1.677766,56.13000000008659,Vta1b
2638.319999999949,3.203299998355942,-2.698899999804269,9.748800000040337,-0.04619999997600253,0.11439999990251992,-0.2453999998195308,52.75652,-1.677766,56.13999999999486,Vta1b
2638.4199999999487,2.2518000004889416,-0.19040000128902923,10.163099999787105,0.05949999994568451,0.1594999999768247,-0.18310000003201377,52.75652,-1.677766,56.11000000001542,Vta1b
2638.5199999999486,1.698300000284424,0.8646999994578216,10.456499999849232,0.010400000025230748,0.04490000005888886,0.09359999985781367,52.75652,-1.677766,56.010000000051384,Vta1b
2638.6199999999485,2.700599999484954,-1.4593999988057273,9.626500000426507,-0.12389999993098799,-0.23619999985555268,0.14029999997600254,52.75652,-1.677766,55.95000000003083,Vta1b
2638.7199999999484,2.1679000002737356,-3.1050999991543335,10.545199999527913,0.11489999987728917,-0.22890000000375121,0.23359999995205644,52.75652,-1.677766,56.02999999995889,Vta1b
2638.8199999999483,0.7271000007469282,-0.6031000012970669,10.093100000234374,0.03250000004271715,-0.013300000111769655,0.0583000000908776,52.75652,-1.677766,55.92000000005703,Vta1b
2638.9199999999482,-0.47949999937448406,-2.217099999163283,9.928400000085382,0.008400000012493726,-0.01569999999875581,-0.05619999994064181,52.75652,-1.677766,55.73000000009849,Vta1b
2639.019999999948,-0.021000000237691885,-4.344299998897234,9.791100000071179,0.01579999999616375,0.16359999990704874,-0.07909999998812836,52.75663999999993,-1.6778639999999492,55.73,Vta1b
2639.119999999948,-2.0202079197516154,-1.7758841597525428,7.8701099019898555,0.036196039593345525,0.15666930693430006,-0.1558326732273921,52.75664,-1.677864,55.71019801981229,Vta1b
2639.219999999948,-0.4013000008582073,0.010799999077854894,10.462599998632388,0.08409999997502196,-0.3685999997249799,0.08329999987437675,52.75664,-1.677864,55.65000000003142,Vta1b
2639.319999999948,-2.505999998899327,1.6591999991379536,10.444900000009257,0.2994999998873545,-0.972099999684394,0.2693999999026772,52.75664,-1.677864,55.450000000104595,Vta1b
2639.419999999948,3.86526732912025,-8.676248519672802,11.662651487401474,0.27985247526562845,-0.8576475248333488,0.44318613878128216,52.75664,-1.677864,55.40069306927082,Vta1b
2639.5199999999477,-0.7179999976031364,0.5788999951599312,7.337800002261721,0.24510000001817414,-0.7024000000811882,0.12180000016807191,52.75664,-1.677864,55.469999999963754,Vta1b
2639.6199999999476,-2.1893999992305178,9.528499995319724,8.399299999444878,-0.07399999983312358,0.5141999993637675,-0.23819999981173456,52.75664,-1.677864,55.649999999905866,Vta1b
2639.7199999999475,2.4087999975953283,-4.756399992529579,9.620699999361257,-0.12729999997212627,0.5782999999664783,-0.37299999992950506,52.75664,-1.677864,54.990000000345155,Vta1b
2639.8199999999474,0.25660000113530046,-0.9920000019857471,10.532399999519072,-0.04040000004584035,0.16040000022044515,0.08009999976098658,52.75664,-1.677864,54.950000000021106,Vta1b
2639.9199999999473,-1.41569999911785,-0.059500000491900185,10.084300000236377,0.08129999993580242,0.1559000000023738,-0.2862999998067215,52.75664,-1.677864,54.900000000026374,Vta1b
2640.0199999999472,2.9412607820173404,-7.731656858701403,8.956750980986445,-0.2137980390601516,0.2893313724786931,-0.3696333332894116,52.75676450980386,-1.6779600784313218,54.74313725498464,Vta1b
2640.119999999947,-0.14659999829098513,-4.349100001903331,9.4554999997194,-0.040400000096512234,-0.20889999973037948,0.03579999978086934,52.756767,-1.677962,54.63000000005921,Vta1b
2640.219999999947,-2.602599998704443,5.014899995060425,9.554099999947988,0.14889999990014294,-0.7726999997025916,0.26699999987804046,52.756767,-1.677962,54.320000000163525,Vta1b
2640.319999999947,-0.21227623926810957,3.636356443113972,9.994454455013335,0.009500000026501415,-0.7023752482257017,0.4755049509665123,52.756767,-1.677962,54.0793069307298,Vta1b
2640.419999999947,2.890099998349367,-10.457999992501037,10.80989999956614,-0.04049999997339728,0.6200999992963714,-0.413999999526735,52.756767,-1.677962,54.010000000036875,Vta1b
2640.519999999947,0.87530800083176,-10.479064005392553,11.35470700040777,-0.23818900014899802,0.8623680003303293,-0.5270310002156788,52.756767,-1.677962,54.22760000012721,Vta1b
2640.6199999999467,-0.674863366514987,-0.3765207937191059,10.584911881625798,0.04263762362673244,0.23764851526582587,-0.12188712883650138,52.756767,-1.677962,53.985148515110815,Vta1b
2640.7199999999466,-0.34120000017752705,2.691399998367699,9.766100000435653,0.29639999986498455,-0.5374999995875789,0.10939999987694266,52.756767,-1.677962,53.500000000258126,Vta1b
2640.8199999999465,-0.9643999996655896,-2.905499996996693,9.949299999901694,0.04990000013227236,-0.7653999998777083,0.27599999991060215,52.756767,-1.677962,53.55999999996781,Vta1b
2640.9199999999464,0.6872999991136944,-7.266899997659665,9.401900000293736,0.16329999993914934,-0.21890000029325296,0.11590000008590995,52.756767,-1.677962,53.44000000006439,Vta1b
2641.0199999999463,-1.9491999985852488,-1.1535000032804623,9.053100000187168,-0.13359999984068294,0.5588999995826309,-0.4375999997029909,52.75689699999993,-1.6780469999999545,52.61000000044538,Vta1b
2641.1199999999462,-0.36340000085094304,0.5008999991122458,9.752699999624594,-0.07420000003187416,0.5258000000177616,-0.24610000010275926,52.756897,-1.678047,52.37000000012878,Vta1b
2641.219999999946,0.13159999973438213,-0.054399999702025026,8.589000000624445,0.2314999998359608,-0.5722999994107576,0.330699999690488,52.756897,-1.678047,52.05000000017171,Vta1b
2641.319999999946,-0.31199999975994613,-5.841699996868207,9.54189999948434,0.07000000008739563,-0.5448000000148816,0.2736000000308996,52.756897,-1.678047,51.85000000010823,Vta1b
2641.419999999946,0.5925999995104763,-4.807300000559764,8.347000000646618,-0.2445999998297544,-0.18270000019595017,0.13910000007278459,52.756897,-1.678047,51.19000000035716,Vta1b
2641.519999999946,-1.215425743904504,-1.70761089090522,9.760834653091482,0.05967326734434759,0.05342673265565241,-0.022889108965390578,52.756897,-1.678047,50.15465346563477,Vta1b
2641.619999999946,1.2519999986647536,-2.04869999981542,10.454299999624732,0.02700000001768111,0.08609999998231888,0.07819999994529571,52.756897,-1.678047,49.62000000028932,Vta1b
2641.7199999999457,-0.5934999990013088,-3.8536999990232257,10.040800000223767,0.0032000000128793553,0.030600000030033783,-0.21169999984312082,52.756897,-1.678047,49.3600000001407,Vta1b
2641.8199999999456,-0.7281999999264945,-3.6156000001299304,9.696300000187993,-0.01569999998968633,-0.23639999985429896,0.08689999983705493,52.756897,-1.678047,48.96000000021828,Vta1b
2641.9199999999455,-2.349799999115098,-2.3792000006746994,9.321300000204637,-0.011100000002510206,-0.163900000039563,4.7421053195328966e-11,52.756897,-1.678047,48.680000000152795,Vta1b
2642.0199999999454,-0.09690000122940079,-2.6796999998360183,8.431200000485726,-0.16469999991618098,-0.19899999998084605,0.09589999994766767,52.75701499999994,-1.678105999999968,47.92000000041473,Vta1b
2642.1199999999453,-2.2019999988512535,-3.4938999995556936,7.577200000466026,-0.06680000005342372,-0.3617999999111606,0.2562999999124702,52.757015,-1.678106,47.66000000014188,Vta1b
2642.2199999999452,-3.034199999545871,2.1175999969378223,10.096999998624952,0.4169999997359919,-0.21300000008119968,-0.06279999982586809,52.757015,-1.678106,47.26000000021828,Vta1b
2642.319999999945,3.987899996136129,1.602400000283486,9.341100000415931,0.048700000202655025,0.2093999997675768,-0.2829999998788362,52.757015,-1.678106,46.80000000025311,Vta1b
2642.419999999945,0.20510000208146417,-5.06739999632998,7.916300000783988,0.20229999991548248,0.27789999996230824,-0.38919999994156407,52.757015,-1.678106,46.70000000005503,Vta1b
2642.519999999945,-0.9924999993410273,-0.32160000261134947,8.1819999998538,-0.19339999978226832,0.023500000139982158,-0.1489000001322237,52.757015,-1.678106,45.93000000042369,Vta1b
2642.619999999945,-2.4238999992123804,-0.34019999998976547,8.562299999790742,-0.03470000008732377,-0.8782999995037896,0.8031999994761125,52.757015,-1.678106,45.32000000033565,Vta1b
2642.719999999945,0.11049999860546089,6.094599996459287,10.433299998970492,0.1609999998923172,-0.5937000001565995,0.09200000039133371,52.757015,-1.678106,45.11000000011555,Vta1b
2642.8199999999447,1.3063999993365245,-0.905299996116514,10.86819999975872,-0.2534999997700388,0.9200999991601563,-0.7012999995598838,52.757015,-1.678106,44.89000000012206,Vta1b
2642.9199999999446,2.032299999597277,-7.051899996589917,9.438500000793185,0.012799999852258936,0.15500000042447115,-0.10380000033148806,52.757015,-1.678106,44.550000000188625,Vta1b
2643.0199999999445,-0.40997722636286893,-7.486652475005447,8.875034653779094,-0.01650693067675068,-0.7732178212653299,0.30520990076235505,52.75713579207914,-1.6781446138613647,44.094554455699146,Vta1b
2643.1199999999444,-3.2212999984382327,5.719799992596723,9.620699999578974,0.038199999969178236,-1.0679999998400072,0.6724999997964642,52.757137,-1.678145,43.77000000017933,Vta1b
2643.2199999999443,-3.3411930704999673,6.2974673331101565,9.798668316794437,-0.035775247436961866,0.529622772041887,-0.21457920778262257,52.757137,-1.678145,43.4957425744947,Vta1b
2643.3199999999442,-1.2005000011973732,-5.145799993599332,9.86549999996262,-0.19329999991189023,0.9518999997638038,-0.4624999998613282,52.757137,-1.678145,43.07000000023813,Vta1b
2643.419999999944,-2.1856999994489392,-8.775199997969935,10.005799999921525,-0.007500000103925236,0.49930000025315696,-0.4105000000290856,52.757137,-1.678145,42.90000000009508,Vta1b
2643.519999999944,0.18809999867224025,-3.9751000026848837,9.62140000021501,0.001799999994798145,-0.29699999955459816,0.2566999996268089,52.757137,-1.678145,42.7500000000839,Vta1b
2643.619999999944,1.1772999994467017,3.8852999956033707,9.676199999969349,0.03529999998126213,-0.21380000004653701,0.2243000000181226,52.757137,-1.678145,42.33000000023492,Vta1b
2643.719999999944,-0.5721999990214361,2.26310000090736,9.706399999983109,-0.05129999995156122,0.3394999996905177,-0.23379999974376675,52.757137,-1.678145,42.16000000009508,Vta1b
2643.819999999944,0.4210999994398914,-2.506399997310543,9.815599999938424,-0.016300000019736034,0.701999999795591,-0.29249999996689985,52.757137,-1.678145,42.05000000006203,Vta1b
2643.9199999999437,0.9069999997260074,-4.641599998795989,9.030200000442877,-0.16529999991598088,0.4917000001185854,-0.24870000002469825,52.757137,-1.678145,41.79000000014661,Vta1b
2644.0199999999436,-1.3119999987487354,2.4931999959767817,9.768099999583908,0.09649999985237451,-0.4065999994934607,0.20759999974269852,52.75723599999994,-1.6781719999999847,41.40000000021991,Vta1b
2644.1199999999435,-1.4977470010451555,2.447962001491752,9.938990999904224,-0.0016740000637752693,-0.30285700021199896,0.2859780002051457,52.757236,-1.678172,41.176700000186905,Vta1b
2644.2199999999434,0.3221260003949989,-0.20523899740939872,10.095649000608924,0.10793000010591451,0.07093499981677354,-0.07289999998300836,52.757236,-1.678172,40.84940000003399,Vta1b
2644.3199999999433,-0.3523633672392975,-4.730283168493371,9.033208910782967,-0.07707821782868002,0.38633267354301604,-0.09983861401779327,52.757236,-1.678172,40.78861386146465,Vta1b
2644.4199999999432,1.2412999990941074,-4.418600000177171,9.224099999891491,-0.06490000000692252,-0.10039999972332453,0.17629999984303338,52.757236,-1.678172,40.65000000007879,Vta1b
2644.519999999943,-1.2528999985822116,1.0196999969086846,8.962600000148646,-0.004300000034447103,-0.32739999987096546,0.18939999999255352,52.757236,-1.678172,40.59000000003411,Vta1b
2644.619999999943,-0.7796623777926484,2.5301514883483835,8.705487128490951,0.07186336642436171,-0.5224217823368292,0.31283168322930816,52.757236,-1.678172,40.428514851569936,Vta1b
2644.719999999943,1.9440999984517202,-3.0746999968140107,9.094199999779043,-0.08179999991265248,-0.24460000015792344,0.20600000006072677,52.757236,-1.678172,40.28000000008442,Vta1b
2644.819999999943,0.7474000006856871,-6.295699998154426,10.296799999310931,-0.10789999998504518,0.5947999995190392,-0.29139999971499886,52.757236,-1.678172,40.25000000001719,Vta1b
2644.919999999943,-0.9404999990328645,2.3678999950359163,9.583300000408823,-0.07440000001919488,0.4865000000620539,-0.26370000001587157,52.757236,-1.678172,40.11000000008022,Vta1b
2645.0199999999427,-1.635699999601663,2.2809000000498494,9.810799999869648,0.13699999987887168,0.07160000023773011,0.013399999841226806,52.75733999999994,-1.6782019999999829,40.04000000004011,Vta1b
2645.1199999999426,1.9449999979483246,-2.9790999969861165,9.576800000134078,-0.03739999990007198,-0.14879999987371484,0.00900000000252112,52.75734,-1.678202,40.12999999994843,Vta1b
2645.2199999999425,0.4627000008493307,-2.84770000007529,10.667199999375221,0.06999999993846177,-0.4158999998469566,0.12319999993456551,52.75734,-1.678202,40.10000000001719,Vta1b
2645.3199999999424,0.6224999999077109,0.8676999978542486,9.845600000474498,-0.015499999950621263,-0.04490000021426327,0.0527000000407158,52.75734,-1.678202,40.0200000000462,Vta1b
2645.4199999999423,-0.6769999992495008,0.42540000025544117,9.645500000115565,0.07809999994594327,0.1578999998828771,-0.11799999990141577,52.75734,-1.678202,39.860000000092406,Vta1b
2645.5199999999422,-0.6598000000099336,-1.2082999990564904,9.665599999988391,-0.09129999990216656,0.16679999999486,-0.06790000002893422,52.75734,-1.678202,39.83000000001732,Vta1b
2645.619999999942,-1.0225999997904724,-1.4172999998792963,9.84669999989541,-0.0070000000486857145,-0.020499999891828796,0.09939999990337937,52.75734,-1.678202,39.770000000034656,Vta1b
2645.719999999942,-0.1910000004802732,-1.642699999869825,9.471600000216633,-0.03499999998382919,0.05499999995639655,0.0018000000563668378,52.75734,-1.678202,39.720000000028875,Vta1b
2645.819999999942,0.8959999993672825,-1.9414999998260756,8.811400000384287,-0.10729999995791586,0.08999999997962732,-0.11549999993172241,52.75734,-1.678202,39.55000000009895,Vta1b
2645.919999999942,-0.9103106785654228,-2.3064514560992975,9.744603882954628,-0.11351359222941075,-0.04135922322488672,0.14498543674232894,52.75734,-1.678202,39.4237864078401,Vta1b
2646.019999999942,0.44689999915304857,-1.8251000002954187,9.818799999972276,-0.048000000039425186,-0.019800000015302015,-0.012899999900566894,52.757434999999944,-1.6782309999999827,39.22000000012002,Vta1b
2646.1199999999417,2.69869999868928,-0.6765000006685731,9.597600000128756,0.026499999956635295,-0.05789999997782287,0.06319999995570398,52.757435,-1.678231,39.249999999982535,Vta1b
2646.2199999999416,2.973599999839987,-0.06490000035599797,9.625499999983761,-0.02019999997281702,-0.12319999996199041,-0.06689999992427181,52.757435,-1.678231,39.07000000010478,Vta1b
2646.3199999999415,-0.3513999980494753,0.6820999995617918,9.85949999986273,-0.030299999994075098,-0.15339999998228396,0.11139999989540493,52.757435,-1.678231,39.0999999999824,Vta1b
2646.4199999999414,-0.5487999998842004,-0.9936999990169356,9.933199999956765,-0.0680999999778256,0.10429999984882701,-0.0641999998969888,52.757435,-1.678231,38.90000000011732,Vta1b
2646.5199999999413,1.838499998599552,-0.14090000050027307,8.756400000690338,0.02369999994614791,0.029500000043879482,-0.013300000029859163,52.757435,-1.678231,38.82000000004693,Vta1b
2646.6199999999412,1.5454000001719397,-0.9436999995290583,9.041299999832871,-0.08229999993781784,-0.04199999995805638,-0.013599999999824012,52.757435,-1.678231,38.81000000000587,Vta1b
2646.719999999941,0.38130000068288905,1.3013999986829703,8.644300000232889,-0.08589999999788815,-0.1502999999364686,0.09679999993523669,52.757435,-1.678231,38.69000000007039,Vta1b
2646.819999999941,1.4137999993896153,-0.37159999901096996,8.799099999908487,-0.1371999999696729,-0.12950000001229636,0.07920000001040463,52.757435,-1.678231,38.68000000000591,Vta1b
2646.919999999941,0.7332000004023513,-1.4348999993714073,9.691099999472675,0.005299999915758052,-0.0683000000361797,0.07690000000135969,52.757435,-1.678231,38.56000000007094,Vta1b
2647.019999999941,0.9250999998865542,-0.4245000005973196,9.937299999854455,-0.06459999995867712,-0.06859999999982264,-0.03779999993219263,52.75753799999993,-1.678259999999983,38.56,Vta1b
2647.119999999941,-0.4857999991659161,-0.8849999997277656,10.133399999884071,-0.021400000025538615,0.03749999993727671,0.058399999943129305,52.757538,-1.67826,38.58999999998227,Vta1b
2647.2199999999407,2.1313999984527863,-0.47050000024504063,9.694600000259406,0.0443999999611009,0.08149999997398846,-0.010999999958972696,52.757538,-1.67826,38.49000000005912,Vta1b
2647.3199999999406,1.0791000006268752,-0.7469999998352836,9.26250000025741,0.06529999998754947,0.022800000034968702,-0.052299999975396805,52.757538,-1.67826,38.6299999999166,Vta1b
2647.4199999999405,2.346899999244748,-0.8542999999360793,10.19429999944491,-0.07159999991844607,0.022600000000119143,0.0896999999154079,52.757538,-1.67826,38.50000000007744,Vta1b
2647.5199999999404,-1.259499997851599,-0.43450000025008284,10.302599999935484,0.11159999989086428,-0.029799999968784328,-0.01999999993464964,52.757538,-1.67826,38.59999999994043,Vta1b
2647.6199999999403,0.5520999989207953,-0.40180000001948,9.29090000060269,-0.037499999911178306,0.05709999994823201,0.022099999974920227,52.757538,-1.67826,38.47000000007744,Vta1b
2647.7199999999402,0.6068999999673546,-1.1278999995674484,9.202600000052602,0.05379999994561085,0.018700000022875612,-0.050499999956750787,52.757538,-1.67826,38.489999999988086,Vta1b
2647.81999999994,0.49570000006674964,-1.270499999914402,8.388600000488617,-0.1011999999069587,-0.011899999981631843,0.04839999994063364,52.757538,-1.67826,38.49,Vta1b
2647.91999999994,2.0467999990689267,0.26399999907889105,8.315700000043758,-0.001200000060026643,-0.10209999994585597,0.06589999998949533,52.757538,-1.67826,38.43000000003602,Vta1b
2648.01999999994,0.62030000085628,0.8046999996754358,8.897899999650525,0.024299999984693205,-0.019500000049582022,-0.03359999994027349,52.75763299999994,-1.6782869999999839,38.370000000036015,Vta1b
2648.11999999994,-0.9631999990494781,-1.2268999987804987,9.971999999355253,0.12209999994129393,0.10779999992358606,-0.06089999998361273,52.757633,-1.678287,38.33000000002401,Vta1b
2648.21999999994,-0.2530000004263093,-2.773399999071688,10.100399999922926,-0.001299999925927095,0.1498999999747288,-0.15069999994609606,52.757633,-1.678287,38.300000000018,Vta1b
2648.3199999999397,0.3146999996566471,-2.388100000233035,10.117299999989779,0.06729999995850976,-0.07169999986597325,0.16589999980851589,52.757633,-1.678287,38.32999999998185,Vta1b
2648.4199999999396,2.2224999988461365,-0.5345000011210832,9.425900000418169,-0.08679999990679818,0.01279999994889322,0.0590000000646546,52.757633,-1.678287,38.34999999998791,Vta1b
2648.5199999999395,1.4764000004512516,0.3996999994349827,9.235400000115217,-0.06490000001324542,0.07579999996189672,-0.07129999992119274,52.757633,-1.678287,38.38999999997581,Vta1b
2648.6199999999394,0.16290000079442324,-0.8585999992389626,9.95019999956768,-0.0418000000139712,0.20739999992040647,-0.13599999996086853,52.757633,-1.678287,38.27000000007258,Vta1b
2648.7199999999393,0.5988999997363011,-1.602899999549837,10.474799999682714,-0.008700000020019347,0.07030000008291998,0.001799999916656636,52.757633,-1.678287,38.20000000004234,Vta1b
2648.8199999999392,2.3271999989468406,0.054299998990166465,10.024900000274153,-0.02089999999256579,-0.05599999992303764,0.027299999984461285,52.757633,-1.678287,38.0400000000975,Vta1b
2648.919999999939,1.7883000003283849,0.4186999997779487,9.814900000127965,0.03519999996581483,-0.08059999998500972,0.07549999997062877,52.757633,-1.678287,38.09999999996344,Vta1b
2649.019999999939,1.2281000003413642,0.9236999996922723,9.417300000242282,-0.024199999963803925,0.12559999987434964,-0.019299999942232526,52.757724999999944,-1.6783109999999855,38.14999999996953,Vta1b
2649.119999999939,0.9318000001805538,-2.0406999981936096,9.92589999969008,-0.07889999996666794,0.18179999996575386,-0.07729999996465703,52.757725,-1.678311,38.199999999969535,Vta1b
2649.219999999939,0.44950000029389503,-2.762999999559858,9.376100000335025,-0.017800000037231978,0.13380000002924936,0.025699999937235776,52.757725,-1.678311,38.140000000036565,Vta1b
2649.319999999939,-0.13329999964221384,0.030599998284984498,9.359100000010436,0.01069999998250359,-0.1500999998257113,0.08309999996476161,52.757725,-1.678311,37.93000000012892,Vta1b
2649.4199999999387,0.324899999718707,0.36969999979182344,9.691699999795814,0.02119999999355396,-0.17369999998551175,0.14499999996199903,52.757725,-1.678311,37.98999999996317,Vta1b
2649.5199999999386,0.960099999610045,-0.8578999992463656,10.571599999459822,-0.07259999994241534,-0.08390000005512903,-0.03999999988642686,52.757725,-1.678311,37.980000000006136,Vta1b
2649.6199999999385,0.3322000003854735,-2.6130999989224675,10.714799999912088,-0.07669999999748298,0.1371999998642647,-0.08409999997292661,52.757725,-1.678311,37.79000000011664,Vta1b
2649.7199999999384,0.484399999906563,-1.5111000006765278,10.670700000027074,0.037299999930014385,0.14889999999281728,-0.1783999999421084,52.757725,-1.678311,37.78000000000614,Vta1b
2649.8199999999383,1.7241999992332377,-0.7015000005007023,9.902100000475347,0.06629999998206476,-0.21229999977661348,0.06889999984705575,52.757725,-1.678311,37.78,Vta1b
2649.919999999938,0.2632000009035649,2.6587999979218004,10.86279999940585,-0.055799999924486476,-0.26389999996808766,0.10859999997544728,52.757725,-1.678311,37.8399999999629,Vta1b
2650.019999999938,1.373599999313266,0.946400001059045,10.199500000410223,0.09809999990481956,-0.16930000005850598,0.07060000002350134,52.757819999999946,-1.678334999999985,37.730000000068024,Vta1b
2650.119999999938,1.0734000001856605,-3.4415999972862132,9.77750000026099,0.026200000044467014,-0.051700000072730457,0.02930000002554225,52.75782,-1.678335,37.8599999999196,Vta1b
2650.219999999938,1.7692999995696164,-1.1492000014177495,9.551100000140018,0.057699999980518626,-0.2915999998516324,0.1791999999072934,52.75782,-1.678335,37.64000000013606,Vta1b
2650.319999999938,1.504000000165283,1.346599998445107,9.896399999784876,0.06629999999464217,-0.3116999999874776,0.10700000004498088,52.75782,-1.678335,37.590000000031154,Vta1b
2650.4199999999378,1.3931000000690912,0.08670000078492257,9.35390000033798,0.12259999996492488,-0.1011000001312046,0.0804000000165719,52.75782,-1.678335,37.759999999894085,Vta1b
2650.5199999999377,1.577542574223733,-1.0639485145379834,9.00333465366191,0.07511683169454267,0.05747524735241577,-0.08965940594311486,52.75782,-1.678335,37.781485148422625,Vta1b
2650.6199999999376,1.6317999999661974,-1.5687999996854756,8.686800000197202,0.05680000001141146,0.33499999982710094,-0.08560000000252901,52.75782,-1.678335,37.92999999990747,Vta1b
2650.7199999999375,0.7619000005419512,1.1347999983156463,8.76019999995427,-0.1736999998563976,0.19090000008977484,-0.10019999999090415,52.75782,-1.678335,37.88000000003115,Vta1b
2650.8199999999374,-0.612299999137619,-1.2843999984818277,9.166499999745024,0.0780999998419826,-0.19519999975770244,0.1172999998635076,52.75782,-1.678335,37.92999999996862,Vta1b
2650.9199999999373,1.330299998780919,-1.4421999999009723,9.941899999513398,0.1629999999467209,-0.3455999999056163,0.13029999999184183,52.75782,-1.678335,37.860000000043925,Vta1b
2651.019999999937,1.013700000198683,3.782799996721044,9.333500000381804,0.12590000002328217,-0.33100000000916224,0.002400000080263809,52.757909999999946,-1.6783549999999874,37.81000000003138,Vta1b
2651.119999999937,1.8469999994770614,-1.9908999963767071,8.396100000588268,-0.175899999810605,-0.253800000048447,0.3362999997904606,52.75791,-1.678355,37.929999999924696,Vta1b
2651.219999999937,-2.398346531980691,-0.720206931493069,9.72580296945988,0.055882178071896965,-0.6736019799337218,0.17342871297382723,52.75791,-1.678355,38.02900990092777,Vta1b
2651.319999999937,-1.6443450005065114,4.349716996783826,10.187074999715106,-0.3020609997708894,0.00470599956595541,0.10418300004300152,52.75791,-1.678355,37.96070000004407,Vta1b
2651.419999999937,-0.9418000004434269,1.3898000019224743,8.4116000011365,-0.06220000015547078,0.9041999994300896,-0.5217999996007562,52.75791,-1.678355,38.01999999996169,Vta1b
2651.5199999999368,2.327699997933353,-10.697799992359444,8.992199999633003,-0.023700000024335803,1.2733999997666292,-0.7914999998295229,52.75791,-1.678355,38.18999999989254,Vta1b
2651.6199999999367,1.3333435649869818,-6.535819804619414,9.769922771784053,-0.26855148499324843,0.5700336638123586,-0.3645693072014205,52.75791,-1.678355,37.99198019814537,Vta1b
2651.7199999999366,-2.1725999977678616,6.179299991908176,9.920899999908569,0.05819999978981122,-0.913499999057279,0.3020999995770684,52.75791,-1.678355,38.129999999910616,Vta1b
2651.8199999999365,1.177599997867108,-0.6306999956644397,10.226899999805187,0.06039999999859938,-0.6713000001541958,0.4765999998889052,52.75791,-1.678355,37.980000000095494,Vta1b
2651.9199999999364,1.5654999997530448,-6.615399996189863,9.932700000187301,-0.003099999959572962,-0.2715000002545312,0.10140000023886969,52.75791,-1.678355,38.1899999998663,Vta1b
2652.0199999999363,-0.37488316737231575,2.029465341485276,11.802402972530704,0.06217623777757923,0.09142277131750606,0.030466337264073697,52.758007,-1.678376,38.03118811873648,Vta1b
2652.119999999936,-1.8631999990524686,9.985999994934502,8.282700002240805,-0.18019999984569207,1.6036999990372143,-0.9628999993675771,52.758007,-1.678376,38.149999999924354,Vta1b
2652.219999999936,1.8741999976205985,-4.7441999906220715,8.703399999732163,-0.07860000006468328,1.1542000002861723,-0.6553000001958325,52.758007,-1.678376,38.1799999999809,Vta1b
2652.319999999936,5.813299997474274,-9.207699997138032,10.977199998542053,-0.09239999999115152,0.1840000006220861,-0.20650000028776783,52.758007,-1.678376,37.94000000015389,Vta1b
2652.419999999936,-0.5777999959020663,7.598299989224097,9.666500000840411,0.1753999998282883,-0.8039999993665006,0.3827999996221444,52.758007,-1.678376,38.01999999994871,Vta1b
2652.519999999936,-1.5367999993850952,3.2561000027841915,9.590200000048922,0.02570000009598672,-0.42590000024243535,0.4247999999730699,52.758007,-1.678376,38.34999999978841,Vta1b
2652.6199999999358,1.3241999981655446,-3.1031999959224565,9.689299999936457,0.06819999997274925,-0.025700000256605793,-0.1726999996168867,52.758007,-1.678376,38.49999999990382,Vta1b
2652.7199999999357,1.5553999998517558,0.6167999976147587,9.321900000235575,0.0223000000294308,0.18449999986522106,-0.01660000010009033,52.758007,-1.678376,38.54999999996794,Vta1b
2652.8199999999356,0.7193000005399044,3.4416999981758454,9.211600000071225,-0.15599999988486435,0.24999999995770394,-0.0945999999496322,52.758007,-1.678376,38.330000000142064,Vta1b
2652.9199999999355,0.42270000019152687,-0.539099997429433,9.451199999845281,0.037999999874726215,-0.0526999998045341,-0.0436000000329328,52.758007,-1.678376,38.36999999997417,Vta1b
2653.0199999999354,1.1377999995382302,-3.064899998368987,9.870799999729046,-0.02399999995996404,-0.20819999989958723,0.1913999998482508,52.75809499999994,-1.6783959999999871,38.3000000000452,Vta1b
2653.1199999999353,0.3675000004974145,-1.956600000715675,10.370999999677,0.0853999999293559,-0.19170000001065474,0.0053000001201724545,52.758095,-1.678396,38.29000000000646,Vta1b
2653.219999999935,-0.8401999992201383,-0.26890000108981726,10.429499999962225,0.024200000039519366,-0.010100000117266611,0.025099999987214322,52.758095,-1.678396,38.339999999967716,Vta1b
2653.319999999935,-0.37910000029984814,-2.1787999987580133,9.597600000540975,-0.13009999989966042,-0.06789999996241332,0.149799999918909,52.758095,-1.678396,38.320000000013,Vta1b
2653.419999999935,-0.999199999596756,-3.7112999990034323,9.9781999997525,0.004099999912731245,0.09289999989543359,-0.15679999980062148,52.758095,-1.678396,38.3299999999935,Vta1b
2653.519999999935,-0.3439000004261342,-0.9006000018277662,9.024000000620504,-0.04349999996904626,0.10389999999284683,-0.00940000009585254,52.758095,-1.678396,38.39999999995448,Vta1b
2653.619999999935,2.3727999982333605,-2.652899998860499,9.922599999415649,-0.12549999994667632,-0.10769999986239893,0.10609999992489165,52.758095,-1.678396,38.16000000015607,Vta1b
2653.7199999999348,1.1174000008163723,-2.938199999814473,9.966899999971194,-0.059700000042789,0.18689999980842498,-0.1896999998076446,52.758095,-1.678396,38.33999999988295,Vta1b
2653.8199999999347,-1.103199998545871,-1.6095000008700808,9.720600000161285,-0.08409999998402198,0.12330000004164758,0.14269999978233247,52.758095,-1.678396,38.399999999960706,Vta1b
2653.9199999999346,0.8523999987194024,-3.2234999989430944,9.827199999930194,-0.061200000014995745,0.1493999999829088,-0.20199999977427796,52.758095,-1.678396,38.30000000006548,Vta1b
2654.0199999999345,-0.6783999989975769,-1.9155000008565257,9.018300000529697,0.04579999992993252,0.05640000006089978,-0.008500000126710816,52.758185999999945,-1.6784129999999888,38.240000000039295,Vta1b
2654.1199999999344,1.9732999982635708,-3.3267999990758295,7.635600000905442,0.045600000000130966,0.05300000000222644,0.035599999971121725,52.758186,-1.678413,38.33999999993452,Vta1b
2654.2199999999343,1.6575000002067972,-1.7080000010600487,9.09539999904407,-0.12079999989103526,0.4047999997696286,-0.2832999997911727,52.758186,-1.678413,38.30000000002619,Vta1b
2654.319999999934,-2.1946999974599226,4.183499996115242,9.782899999546673,-0.19029999995417285,0.6898999998120097,-0.3018999999877355,52.758186,-1.678413,38.19000000007253,Vta1b
2654.419999999934,3.2869999963854566,-4.094299994541753,9.96089999988263,-0.12360000004398089,0.6651000000163527,-0.40159999993425943,52.758186,-1.678413,38.09000000006594,Vta1b
2654.519999999934,4.727049507925071,-6.997885153077889,10.41743564449546,0.20274059414219392,-0.4999099010025953,0.23269702964400338,52.758186,-1.678413,38.130693069261376,Vta1b
2654.619999999934,0.20200000298374388,-0.05640000457710137,9.001000000933974,0.07680000008304316,-0.4809000000125348,0.32239999994085133,52.758186,-1.678413,38.1999999999543,Vta1b
2654.719999999934,2.78199999829879,-1.3067999991755066,10.07839999928958,-0.06879999990399376,-0.11760000023955403,-0.039699999761237226,52.758186,-1.678413,38.17000000001978,Vta1b
2654.8199999999338,0.7674000013375553,-3.1782999987574527,9.954400000082327,-0.020200000032267046,-0.24419999991594632,0.12449999989098252,52.758186,-1.678413,38.199999999980086,Vta1b
2654.9199999999337,0.6705425740030838,-0.8064108910155785,9.650931683252267,-0.016833663370727486,0.017977227717660534,-0.024137623773124003,52.75818699009895,-1.67841317821781,38.16940594063338,Vta1b
2655.0199999999336,1.0547999997448796,-0.9174999999262444,9.524100000084209,-0.010200000004404297,0.025699999994872613,-0.007900000010780665,52.758285999999934,-1.6784309999999882,38.11000000003944,Vta1b
2655.1199999999335,-0.6355999988776906,1.1315999986395386,9.868599999771277,0.015999999982605005,-0.08839999992424546,0.004799999991568072,52.758286,-1.678431,38.12999999998672,Vta1b
2655.2199999999334,0.3674999993340108,-1.5745999982032692,9.524700000228325,0.031799999989509886,-0.21539999991568076,0.20479999986721378,52.758286,-1.678431,38.15999999998008,Vta1b
2655.3199999999333,0.134800000155555,-0.883100000462253,9.804399999813025,0.04289999999257989,-0.1412000000496011,0.02090000012293322,52.758286,-1.678431,38.23999999994653,Vta1b
2655.419999999933,0.7073999996172291,0.6970999989436701,10.299499999669036,-0.004999999967979875,-0.13130000000661793,0.14139999991944832,52.758286,-1.678431,38.27999999997326,Vta1b
2655.519999999933,1.5642999994271807,-1.9286999982447088,10.089400000140447,-0.0143999999937163,0.03189999989090431,-0.06659999986095647,52.758286,-1.678431,38.28999999999331,Vta1b
2655.619999999933,1.4805000000560185,-1.4701000003065643,9.418700000448348,0.04689999995902225,0.27009999984076843,-0.12719999995949022,52.758286,-1.678431,38.31999999997995,Vta1b
2655.719999999933,1.5016999999858283,-1.61189999990521,9.66489999983542,0.10799999995915596,0.17260000006517667,-0.08280000002968045,52.758286,-1.678431,38.30000000001337,Vta1b
2655.819999999933,4.939199997686472,-3.2339999989082844,8.914400000505106,0.004600000069590909,0.307099999909478,-0.2430999998921139,52.758286,-1.678431,38.41999999991924,Vta1b
2655.9199999999328,1.8196000020995724,1.484099996824595,9.628299999519527,-0.021099999982703233,0.43439999991432376,-0.17610000004509274,52.758286,-1.678431,38.290000000087495,Vta1b
2656.0199999999327,2.473999999559572,1.8206999997734594,9.475700000102703,0.12599999990099786,-0.006799999703060888,-0.13210000002961314,52.75838499999993,-1.6784459999999901,38.25000000002692,Vta1b
2656.1199999999326,2.9974999996476708,1.5871000001572189,9.757899999810071,0.13339999999501959,-0.21539999985960678,-0.02750000007039853,52.758385,-1.678446,38.28999999997308,Vta1b
2656.2199999999325,3.730499999506672,-1.6746999978047237,9.282100000320225,0.04240000006124536,-0.16250000003560308,0.1405999998868643,52.758385,-1.678446,38.31999999997981,Vta1b
2656.3199999999324,1.8927000012452448,-2.267999999597995,9.779999999662635,-0.08439999991408367,0.26159999971264114,-0.13859999981082144,52.758385,-1.678446,38.34999999997967,Vta1b
2656.4199999999323,2.413199999647323,-0.20100000140054464,8.88910000060365,0.14459999984483565,0.17270000006023628,-0.21499999994823338,52.758385,-1.678446,38.26000000006098,Vta1b
2656.519999999932,-0.6263999979404473,-0.6666999996844539,8.900899999992005,0.1452999999995257,-0.08939999982240801,-0.03190000012406374,52.758385,-1.678446,38.28999999997967,Vta1b
2656.619999999932,-1.1611999996376337,-2.289499998900433,8.958399999961038,0.0916000000363857,-0.1986999999259412,0.03459999995494137,52.758385,-1.678446,38.31999999997967,Vta1b
2656.719999999932,-0.3249000005666548,-3.0892999994580768,8.676600000190941,-0.10219999986868623,0.0514999998304711,0.12399999993942493,52.758385,-1.678446,38.32999999999322,Vta1b
2656.819999999932,-0.6521999997767418,-2.2524000005708675,9.518599999425653,0.16389999981848757,-0.04669999993301572,-0.21959999976562322,52.758385,-1.678446,38.3799999999659,Vta1b
2656.919999999932,1.6367465343306558,0.19395940556250169,8.94233960429095,0.035462376131367344,-0.07862277228247995,-0.10345148519262001,52.75838594059399,-1.6784461089108837,38.42970297031723,Vta1b
2657.0199999999318,2.111399999676229,0.7498999996207812,8.456300000331538,0.191699999893427,-0.07090000000526787,-0.038600000044236554,52.758479999999935,-1.6784569999999928,38.400000000020256,Vta1b
2657.1199999999317,-0.46689999824128714,-0.6613999990373225,9.85519999904578,-0.06489999982496772,0.04399999992162429,-0.04249999999733973,52.75848,-1.678457,38.380000000013645,Vta1b
2657.2199999999316,-0.8993999997049826,-0.7469999999416105,10.479499999574152,-0.024600000027489473,0.03960000000300134,-0.03460000000538876,52.75848,-1.678457,38.350000000020465,Vta1b
2657.3199999999315,-0.6051000002020865,-1.4818999994953672,10.283600000134518,0.015399999972533256,0.02310000001133003,0.07289999992618315,52.75848,-1.678457,38.3200000000206,Vta1b
2657.4199999999314,-1.7887999991871906,-1.999099999644855,10.312299999980294,-0.03159999996772658,-0.0715999999349725,-0.04579999991849244,52.75848,-1.678457,38.32,Vta1b
2657.5199999999313,-0.7081000007420826,-0.5381000010032226,10.500599999870701,-0.10169999995186454,-0.011100000041543448,0.028999999948637202,52.75848,-1.678457,38.42999999992447,Vta1b
2657.619999999931,0.020299999499830634,-1.7668999991562218,10.175900000222962,0.014299999920346446,-0.03709999998214662,-0.0400999999525512,52.75848,-1.678457,38.380000000034336,Vta1b
2657.719999999931,2.312299998426156,-1.0718000004773034,8.727400000994638,0.08319999995268854,0.09839999990695644,-0.08149999997157192,52.75848,-1.678457,38.38999999999314,Vta1b
2657.819999999931,-0.2095999982568224,-0.9354000000942819,9.01649999980017,0.0009000000568870764,0.07360000001714215,-0.06600000001071385,52.75848,-1.678457,38.43999999996544,Vta1b
2657.919999999931,0.14419999975544778,-1.186199999826643,9.137999999916017,-0.06089999995728286,0.03140000002916931,0.022899999938550908,52.75848,-1.678457,38.42000000001383,Vta1b
2658.019999999931,0.6151999996744373,-0.7776000002824308,9.408099999813302,0.040199999930118045,0.06449999997712075,-0.035099999959909464,52.758569999999935,-1.6784659999999938,38.50999999993779,Vta1b
2658.1199999999308,1.2597999995544422,-0.7996999999847241,9.42729999998673,0.09689999996080806,-0.07859999990108699,0.0375999999497486,52.75857,-1.678466,38.24000000018663,Vta1b
2658.2199999999307,2.5699999990943687,-1.7203999993635972,9.102900000224231,0.08190000001036823,-0.08019999999889404,0.04079999999778811,52.75857,-1.678466,38.26999999997927,Vta1b
2658.3199999999306,1.026386139377934,-0.2717336640785507,9.521294059371666,0.031594059371665845,0.09399306936984786,-0.05875742578021466,52.75857,-1.678466,38.27881188127054,Vta1b
2658.4199999999305,-0.07499999923369582,0.7548999992857057,9.570699999965626,0.08099999996562515,0.0033000000631009246,-0.004500000037750328,52.75857,-1.678466,38.16000000008266,Vta1b
2658.5199999999304,1.0374999992259633,0.558300000136787,10.61619999927258,-0.0842999998849903,-0.12639999990975948,0.11349999991789991,52.75857,-1.678466,37.91000000017394,Vta1b
2658.6199999999303,0.5517000003380019,0.4055000001063127,10.714599999931538,0.025699999923466013,-0.033200000064845164,0.08420000002038587,52.75857,-1.678466,37.76000000010436,Vta1b
2658.71999999993,2.6451999985434194,-1.1675999989054946,10.166100000381626,0.11379999993870324,0.06799999992958877,-0.11749999985966453,52.75857,-1.678466,37.67000000006262,Vta1b
2658.81999999993,1.461800000828748,-1.4004999998368977,11.13689999932014,-0.0546999998819976,0.27789999985300473,-0.17669999995854158,52.75857,-1.678466,37.52000000010505,Vta1b
2658.91999999993,-1.4270999979768717,0.9203999983746485,11.261199999912952,0.02159999994656628,0.11770000011218981,-0.09660000005609491,52.75857,-1.678466,37.52,Vta1b
2659.01999999993,-1.4070009901131262,-2.9770257398369506,11.123972277324103,-0.12592475237163545,-0.07932970283191579,0.15290495031981294,52.758666039603895,-1.6784729306930646,37.40118811889533,Vta1b
2659.11999999993,-1.5010999999332937,-3.3307999997773154,10.677500000314858,0.03099999988795024,-0.3300999998240027,0.07540000005659078,52.758667,-1.678473,37.37000000002122,Vta1b
2659.2199999999298,0.1440999988478482,-2.439400000624257,10.641600000025141,-0.22669999981952996,0.20209999962729458,-0.18059999982072042,52.758667,-1.678473,37.070000000210094,Vta1b
2659.3199999999297,-0.3311475244186913,-1.9036574261188461,10.253481188391401,-0.02066039618431323,-0.03869207903880362,0.029201980050668125,52.758667,-1.678473,36.81257425760654,Vta1b
2659.4199999999296,-1.5441949991427726,-0.8393960007512413,9.367114000626081,0.04198799995701573,-0.06278099998461838,-0.026713999958841862,52.758667,-1.678473,36.32490000034416,Vta1b
2659.5199999999295,-1.2618000002097487,-1.7083999993736727,10.590199999122841,0.0015000000292623092,-0.02400000002776715,-0.03889999999174105,52.758667,-1.678473,35.450000000619426,Vta1b
2659.6199999999294,-1.385899999912527,-0.8812000005830588,10.255600000235845,-0.008599999992880929,0.17639999985874638,-0.11719999994480959,52.758667,-1.678473,34.710000000521596,Vta1b
2659.7199999999293,-1.5055999999156284,-1.49249999956912,9.857100000280887,0.05369999995608732,-0.14119999977613695,0.11399999983703676,52.758667,-1.678473,33.79000000064847,Vta1b
2659.819999999929,-1.4239000000579585,-1.2271000001882764,9.085700000547234,0.07919999998191016,0.015399999888907029,0.039800000052637924,52.758667,-1.678473,32.99000000056753,Vta1b
2659.919999999929,-0.9262000003530713,-1.4986999998073252,9.725599999546052,0.009800000049232774,0.007700000005462425,0.05999999998567,52.758667,-1.678473,32.09000000063847,Vta1b
2660.019999999929,-1.2600999997631295,-1.1195000002690065,9.526600000141173,-0.027599999973468226,0.06779999995736471,-0.1264999998676958,52.75875499999994,-1.6784759999999979,31.360000000517864,Vta1b
2660.119999999929,-0.8550000002873803,-2.923899998719948,9.152900000265106,-0.09459999995246982,-0.018799999938565445,0.14839999980498436,52.758755,-1.678476,30.27000000077325,Vta1b
2660.219999999929,-1.8189999993161328,-2.503500000298234,9.945099999438009,0.102299999860318,0.04529999995452709,-0.18329999976469005,52.758755,-1.678476,29.820000000319233,Vta1b
2660.3199999999288,-0.6632000008251873,-3.1267999995549927,10.702999999458894,-0.0017999999256774618,-0.017999999954806743,0.0029999998669904826,52.758755,-1.678476,29.45000000026416,Vta1b
2660.4199999999287,-1.3591999995030886,-1.2581000013341646,8.73780000140306,0.1097999999203228,-0.25799999982865124,0.12769999991097,52.758755,-1.678476,29.06000000027844,Vta1b
2660.5199999999286,-0.7371000004441504,-1.61429999974569,9.844799999209654,-0.01529999991068444,-0.0715000001331523,-0.043299999877914,52.758755,-1.678476,28.710000000249885,Vta1b
2660.6199999999285,0.31749999924706496,-0.7161000006412728,10.190599999753115,0.033799999964944885,0.02219999993310258,-0.05609999999086139,52.758755,-1.678476,28.200000000364117,Vta1b
2660.7199999999284,-0.9846568618101937,-1.429041175958721,10.09197254909042,-0.0978666665721345,0.037592156851694064,-0.08002156861027612,52.758755,-1.678476,27.64117647098945,Vta1b
2660.8199999999283,-0.41470000043696587,-2.405999999294183,9.733700000261226,0.011399999917958939,-0.022699999955570246,-0.035800000032772436,52.758755,-1.678476,26.940000000505883,Vta1b
2660.919999999928,-1.1636999994618427,-0.20120000158415063,10.167799999688098,-0.010899999983977431,-0.15099999990781632,-0.04519999999324609,52.758755,-1.678476,26.420000000373623,Vta1b
2661.019999999928,-1.1228000000293867,0.651999999386975,10.079500000063444,0.024599999974493227,-0.30539999988906347,0.1704999998450194,52.75882699999995,-1.6784769999999993,25.90000000037362,Vta1b
2661.119999999928,-0.11650000072302746,-1.6384999983542738,9.886800000138454,0.06109999997377473,-0.18880000008377718,0.046700000088950394,52.758827,-1.678477,25.34000000040236,Vta1b
2661.219999999928,0.2942999997048399,-3.3111999987981635,10.112999999837475,-0.07189999990443939,0.0801999998067233,-0.061599999922186364,52.758827,-1.678477,24.78000000040236,Vta1b
2661.319999999928,-0.43059999947586225,-1.2913000014604856,10.671299999596323,-0.00840000004591357,-0.05709999990072545,0.04299999992436915,52.758827,-1.678477,24.080000000506132,Vta1b
2661.4199999999278,-0.40527722740716443,-2.658412872757086,10.511966336960551,-0.014298019794912754,-0.15378019803565018,-0.041087128757060665,52.758827,-1.678477,23.79623762403365,Vta1b
2661.5199999999277,-0.8429999996835053,-0.6197000014740879,10.058600000327806,-0.024099999992912693,-0.13180000001589276,0.020199999955686443,52.758827,-1.678477,23.42000000027204,Vta1b
2661.6199999999276,-0.060800000565568335,-4.220999997396087,9.894900000118362,-0.06159999997288569,0.13439999980752457,-0.1799999998552457,52.758827,-1.678477,22.760000000477213,Vta1b
2661.7199999999275,-0.23549999987368345,-3.095700000813646,8.84970000075573,-0.0678999999954448,0.008100000091321002,0.07789999981352586,52.758827,-1.678477,22.70000000004338,Vta1b
2661.8199999999274,-1.0527999994053359,-2.038800000768996,10.089699999097782,0.0005999999501596909,-0.28689999978535924,0.020500000041764,52.758827,-1.678477,22.210000000356523,Vta1b
2661.9199999999273,-1.6602999995579857,-0.1773000013544197,10.211399999911452,-0.03009999997766281,-0.08480000014704711,-0.13839999988438503,52.758827,-1.678477,21.76000000032742,Vta1b
2662.019999999927,-3.0099039594113393,-1.0173990092880354,10.177043564381503,-0.03742673266792158,0.11935841569262569,0.07407524736972593,52.758889376237576,-1.6784700693069357,21.334257426053203,Vta1b
2662.119999999927,-2.8358000001378754,-1.4131999997152822,10.524199999744607,-0.048899999991621625,0.14059999998588907,-0.09029999987763161,52.75889,-1.67847,20.83000000036747,Vta1b
2662.219999999927,-2.6298000001498845,-1.5303999999147258,10.011900000372748,0.157399999849897,-0.01359999988780472,0.09679999986386682,52.75889,-1.67847,20.100000000531146,Vta1b
2662.319999999927,-3.491399999369185,-4.1235999981014055,10.387499999725007,0.07000000006398933,-0.25459999982355347,0.18719999993381425,52.75889,-1.67847,19.32000000057107,Vta1b
2662.419999999927,-2.9615000003879626,-1.2622000020949549,10.018000000270527,-0.03739999992136782,0.33279999956993894,-0.19739999971841768,52.75889,-1.67847,18.140000000863928,Vta1b
2662.5199999999268,-3.7291999994379337,2.348299997356597,9.832400000135886,-0.02790000000695536,0.3741999999696892,-0.4047999998481535,52.75889,-1.67847,17.010000000827322,Vta1b
2662.6199999999267,-3.7051000000176444,-1.1689999974248324,10.576499999455212,0.0058999999752535615,0.14880000016502506,-0.008900000289855547,52.75889,-1.67847,15.55000000106893,Vta1b
2662.7199999999266,-2.8835000006015292,-2.0966999993207907,10.497400000057914,-0.044599999963026764,-0.0752999998359267,0.1651999998725339,52.75889,-1.67847,14.210000000981072,Vta1b
2662.8199999999265,-1.257700001197712,-2.0116000000626926,9.434500000783029,0.08839999990202013,0.023999999926846607,0.060100000077426205,52.75889,-1.67847,12.840000001009265,Vta1b
2662.9199999999264,-1.817299999587748,-1.5159000003651777,9.429200000003904,-0.016499999922721137,0.13119999992102677,-0.017699999942685465,52.75889,-1.67847,11.58000000092823,Vta1b
2663.0199999999263,-1.6555000001191966,0.36679999861303236,10.279899999373297,-0.05559999997119539,0.11850000000935597,-0.046799999978562296,52.758925999999974,-1.678466000000003,10.670000000670388,Vta1b
2663.119999999926,-1.2797000002768484,0.10560000019242366,10.125300000113892,-0.10039999996699625,0.055100000046706205,-0.05789999999182273,52.758926,-1.678466,9.650000000751426,Vta1b
2663.219999999926,-1.3156999999734793,-1.6121999987345126,10.251999999906662,-0.015300000062692373,-0.08359999989782099,0.07359999990312519,52.758926,-1.678466,8.790000000633553,Vta1b
2663.319999999926,-0.5566000005626739,-0.8260000005827615,10.107200000107332,-0.01789999999807278,0.05589999989659729,-0.04179999991446111,52.758926,-1.678466,8.000000000585578,Vta1b
2663.419999999926,-0.8829999997580599,-1.1131999997871165,9.722100000285451,-0.004300000010080839,0.022500000024757355,0.010799999961010866,52.758926,-1.678466,7.320000000504042,Vta1b
2663.519999999926,-1.0081999999071969,-0.7774000002489078,9.734799999990587,-0.01819999998969679,0.07669999995982489,-0.07149999993899608,52.758926,-1.678466,6.820000000370619,Vta1b
2663.6199999999258,-0.9417000000492923,-1.1501999997236663,9.829699999929657,0.015799999974797904,0.0716000000037803,-0.0869999999885108,52.758926,-1.678466,6.330000000363206,Vta1b
2663.7199999999257,-1.0702999999046767,-0.48010000049670376,9.994699999877696,-0.017799999975094405,0.07729999999577494,-0.046000000030390766,52.758926,-1.678466,5.830000000370619,Vta1b
2663.8199999999256,-0.9902000000597374,-0.8545999997207033,10.047899999960325,-0.0219999999968677,0.008400000051384637,0.02519999994690006,52.758926,-1.678466,5.380000000335603,Vta1b
2663.9199999999255,-1.0443999999595783,-0.8593999999964202,9.803800000182047,-0.0122000000073087,0.05239999996718543,0.0029000000166310193,52.758926,-1.678466,4.880000000372893,Vta1b
2664.0199999999254,-0.8913000001141798,-1.2194999997314426,9.867699999952343,-0.008200000002983144,0.07729999998142993,-0.032099999973897494,52.75893799999999,-1.678466,4.340000000402724,Vta1b
2664.1199999999253,-1.0874999998536767,-0.9190000002241087,9.848400000014394,-0.008000000000149157,-0.0035999999396659488,-0.005000000020210792,52.758938,-1.678466,3.860000000357977,Vta1b
2664.219999999925,-0.2966870000907672,-0.7156429998396422,10.045883000218275,0.019224000028135582,0.012756999973286162,-0.014736999997231338,52.758938,-1.678466,3.3750000003741434,Vta1b
2664.319999999925,-0.17539607852145989,-0.9239647061693411,9.758295097949787,-0.017734313745371027,0.048392156840883514,-0.01906764700886468,52.758938,-1.678466,2.8752941179991915,Vta1b
2664.419999999925,-0.055003921658661095,-0.5404352944044644,9.87780490187141,0.00883431370562121,0.07760784311540635,-0.08583235289124738,52.758938,-1.678466,2.404705882704864,Vta1b
2664.519999999925,-0.0033000000382745615,0.017099999580344027,10.091199999839171,-0.05409999995209995,0.0768000000008337,0.018699999920267635,52.758938,-1.678466,2.0300000002804275,Vta1b
2664.619999999925,0.14119999989157686,-1.5275999988409605,9.91300000013371,0.02219999994274959,-0.03079999991926416,0.0018000000126806304,52.758938,-1.678466,1.7100000002401066,Vta1b
2664.7199999999248,-0.06099999984828264,-1.7355999998439307,9.833800000059426,0.007200000011254997,-0.07389999996766064,0.05789999995790631,52.758938,-1.678466,1.4500000001950866,Vta1b
2664.8199999999247,-0.027000000025665938,-0.8257000006868659,9.717800000087566,0.022399999988525814,0.03859999991507594,-0.04789999992013364,52.758938,-1.678466,1.2700000001358784,Vta1b
2664.9199999999246,0.17029999985106206,-0.1044000005444955,9.728099999992224,-0.018399999969200876,0.10629999994889458,-0.036500000008605635,52.758938,-1.678466,1.0700000001509762,Vta1b
2665.0199999999245,0.4712999997727809,-0.33099999982894407,9.7741999999652,0.00039999998580824564,0.07200000002589241,-0.0381999999987167,52.758938,-1.678466,0.8800000001434274,Vta1b
2665.1199999999244,0.9741999996203705,-1.176199999361975,9.808299999974258,0.006199999995621692,-0.024799999926927566,0.016799999958481568,52.758938,-1.678466,0.3800000003774403,Vta1b
2665.2199999999243,1.3363999997265823,-0.8890000002168017,9.75780000003812,0.03749999997637223,-0.031499999994942296,0.02819999999139436,52.758938,-1.678466,2.8685465114364206e-10,Vta1b
2665.319999999924,1.0696000002026156,-0.4062000003666519,9.769799999990887,-0.0010999999706860705,0.030999999952535745,-0.009299999971521446,52.758938,-1.678466,0.0,Vta1b
2665.419999999924,1.5477999996368417,0.13039999959249082,9.8042999999738,-0.0014999999996962287,0.07949999996316774,-0.049099999969774766,52.758938,-1.678466,0.0,Vta1b
2665.519999999924,1.2603000002183355,-0.7593999993242609,9.749400000041692,-0.009399999994000518,0.0878999999936208,-0.03280000001237868,52.758938,-1.678466,0.0,Vta1b
2665.619999999924,1.4522999998541897,-1.0100999998096114,9.766999999986634,0.005099999988988293,-0.04469999989929982,0.03599999994775135,52.758938,-1.678466,0.0,Vta1b
2665.719999999924,1.618399999873859,-0.4135000004530748,9.72410000003258,0.003500000001215085,-0.05829999998967177,0.036,52.758938,-1.678466,0.8499999993544861,Vta1b
2665.8199999999238,1.5554000000481303,0.3447999994206774,9.698900000019252,0.029899999979831043,0.009399999948278857,0.01690000001459193,52.758938,-1.678466,1.1399999997784471,Vta1b
2665.9199999999237,1.7454999998547682,0.25940000006524355,9.673400000019482,-0.018899999962717993,0.08549999994186147,-0.04369999995370309,52.758938,-1.678466,1.4799999997402482,Vta1b
2666.0199999999236,2.225199999633521,-0.8385999991611548,9.629300000033693,0.020699999969746564,0.07920000000481306,-0.04340000000022919,52.75892600000001,-1.678466,1.7399999998013664,Vta1b
2666.1199999999235,2.756199999594329,0.10249999928102271,9.570600000044847,0.030299999992665836,0.022400000043393813,0.003899999963863955,52.758926,-1.678466,2.0899999997326084,Vta1b
2666.2199999999234,3.151499999698,0.6554999995775215,9.720299999885633,0.019900000007945347,0.012400000007639755,0.026999999982352165,52.758926,-1.678466,2.49999999968677,Vta1b
2666.3199999999233,4.081399999285351,0.7192999999509683,9.437500000217339,0.04879999997778969,0.06829999995703956,0.005000000016907508,52.758926,-1.678466,3.039999999584998,Vta1b
2666.419999999923,3.432000000499079,-0.2739999992366261,9.412200000019444,0.04770000000084537,0.20739999989309846,-0.058299999951352495,52.758926,-1.678466,3.6399999995388863,Vta1b
2666.519999999923,0.5955000021799153,-0.16980000008008012,10.15239999943114,-0.03079999993967094,0.19580000000891487,-0.028600000022825135,52.758926,-1.678466,4.449999999377496,Vta1b
2666.619999999923,0.14570000034568165,-0.5811999996838296,10.57019999967891,-0.04809999998670455,0.16020000002735943,-0.0039000000189825176,52.758926,-1.678466,5.439999999239163,Vta1b
2666.719999999923,0.8898999994280652,-0.37750000015654817,10.406800000125576,-0.07909999997617578,0.1336000000204427,0.018999999982400824,52.758926,-1.678466,6.469999999208421,Vta1b
2666.819999999923,5.0628108917436565,0.8546376241141557,9.21031188145707,0.01588712872928461,0.17215445538737267,-0.036713861377359394,52.758926,-1.678466,7.480495048695735,Vta1b
2666.9199999999228,4.213900000656268,0.3984000003527038,8.861500000269656,-0.005399999983543548,0.24759999994167525,-0.04809999999119771,52.758926,-1.678466,8.529999999188657,Vta1b
2667.0199999999227,2.934183019855589,-0.11848679205390555,9.661311320137436,-0.03738113205078919,0.15882641516285362,0.021239622587994257,52.758939207547165,-1.6784641132075486,9.511132074714476,Vta1b
2667.1199999999226,3.0743999998215354,0.45059999950646845,9.74719999996883,0.015099999955260596,0.16759999998840394,-0.0067999999735182184,52.75894,-1.678464,10.519999999218705,Vta1b
2667.2199999999225,4.345299999017505,1.6128999991014603,9.816299999946581,0.025399999992037372,0.09320000005751645,0.09349999992246104,52.75894,-1.678464,11.469999999265584,Vta1b
2667.3199999999224,4.221600000096191,0.2439000010645591,9.32800000037971,0.008300000013297271,0.2630999998678827,-0.06099999987985802,52.75894,-1.678464,12.449999999237933,Vta1b
2667.4199999999223,4.0331000001465815,-1.3642999987494349,9.465099999893388,-0.028799999971150375,0.26190000000093316,-0.010500000039269708,52.75894,-1.678464,13.33999999930792,Vta1b
2667.519999999922,3.1610000006781607,-0.033400001034932014,9.644399999860573,-0.05849999997690475,0.2729999999913685,-0.11849999991601724,52.75894,-1.678464,14.339999999222382,Vta1b
2667.619999999922,2.1982000007486904,1.4257999988652998,9.536200000084138,-0.0017000000441686966,-0.106099999705205,0.0466999998715375,52.75894,-1.678464,15.509999999090187,Vta1b
2667.719999999922,3.093599999303721,0.4405000007661869,9.564499999977993,0.04159999996632914,-0.05090000004292452,0.19619999988374612,52.75894,-1.678464,16.36999999933125,Vta1b
2667.819999999922,2.663200000336644,-0.9669999988991022,8.766200000624401,-0.05279999992616358,0.027899999938365366,-0.053099999805006154,52.75894,-1.678464,17.119999999413377,Vta1b
2667.919999999922,2.5487529995902034,-1.2844220001699098,9.861425000450518,0.0537380000360415,0.06250299999976597,0.020999000039083966,52.75894043999997,-1.6784641399999891,17.90899999929789,Vta1b
2668.0199999999218,3.0644623765760186,-1.0570148524045544,9.286748515081742,0.007769306948690343,0.06198712877628657,-0.02858118812027947,52.758984,-1.678478,18.805940593595956,Vta1b
2668.1199999999217,2.630700000339274,0.12149999907820619,8.991600000230855,-0.015299999981955987,-0.01929999993642001,-0.0267000000014714,52.758984,-1.678478,19.399999999535346,Vta1b
2668.2199999999216,2.1410000003830265,-2.2809999981208477,9.914899999277825,-0.08629999994446626,-0.1207999999206102,0.0681999999257725,52.758984,-1.678478,20.029999999507236,Vta1b
2668.3199999999215,3.6935999987785495,-0.09510000171967592,9.792500000096295,0.059999999884903885,-0.20849999993100526,0.027600000031940547,52.758984,-1.678478,20.749999999433566,Vta1b
2668.4199999999214,2.7488000007432865,1.0516999990977978,9.81129999998521,0.09119999997545455,0.108499999750612,-0.09969999989985144,52.758984,-1.678478,21.499999999409965,Vta1b
2668.5199999999213,2.5642000001452274,0.4910000004411099,9.10020000055943,-0.0153999999161364,-0.0071999999089773226,0.016899999908269264,52.758984,-1.678478,22.309999999362763,Vta1b
2668.619999999921,3.2301999994760493,-0.685099999074747,9.771299999472037,0.07349999993006122,-0.23959999981716792,0.1645999998838025,52.758984,-1.678478,23.10999999937063,Vta1b
2668.719999999921,2.7341000003902884,-2.031299998940927,8.535200000972456,0.09199999998544581,-0.16930000005530593,-0.012799999860437117,52.758984,-1.678478,23.8699999994021,Vta1b
2668.819999999921,1.6490000008585965,-3.3209999989795116,9.657299999112126,-0.019199999912011836,0.06919999981128436,-0.05979999996281076,52.758984,-1.678478,24.51999999948568,Vta1b
2668.919999999921,0.8983000005939992,2.8574999951111972,10.085499999661183,-0.11659999992293123,0.4557999996940987,-0.24999999984950227,52.758984,-1.678478,25.229999999438206,Vta1b
2669.019999999921,0.35275544597732766,2.255024752953183,9.537381188553628,-0.06254059410229054,0.22500792097516345,-0.08712871300049074,52.75903251485145,-1.6784987920791914,25.824059405469335,Vta1b
2669.1199999999208,1.8735999987801002,-2.911299995875616,10.619499999130733,-0.004800000045717262,-0.2192999996467302,0.09969999985197835,52.759033,-1.678499,26.34999999958439,Vta1b
2669.2199999999207,3.722499998537039,-4.487899998752499,9.371600000987415,0.09339999992229822,-0.3669999998831308,0.06790000002516208,52.759033,-1.678499,26.899999999564805,Vta1b
2669.3199999999206,1.6567000016439795,-2.8693000012880945,9.12790000019394,-0.009399999918190946,0.054999999664169075,0.07079999999769215,52.759033,-1.678499,27.549999999482726,Vta1b
2669.4199999999205,3.2525999987299707,1.8084999962773693,10.227899999124611,-0.08149999994262225,0.3575999997591885,-0.26999999972878874,52.759033,-1.678499,28.219999999466808,Vta1b
2669.5199999999204,2.3253000007379527,1.8684999999522516,10.228199999999761,-0.05670000001973603,0.41559999995384317,-0.26300000000557067,52.759033,-1.678499,28.63999999966576,Vta1b
2669.6199999999203,3.0599999994153197,-3.0390999960944933,10.046000000144996,0.1176999998612111,-0.3378999994003588,0.07429999973157403,52.759033,-1.678499,29.289999999482724,Vta1b
2669.71999999992,2.9892000000563432,-0.7885000017910451,9.505100000430453,0.06910000003867625,-0.40649999994540753,0.16689999992630816,52.759033,-1.678499,29.80999999958618,Vta1b
2669.81999999992,3.240199999799111,0.6588999988415656,9.207500000238186,-0.17999999980063147,-0.1861000001763983,0.15610000000864382,52.759033,-1.678499,30.269999999631835,Vta1b
2669.91999999992,2.871300000295251,-0.43969999912072977,10.396599999048297,0.034599999828243744,-0.10060000006843037,-0.1778999997326813,52.759033,-1.678499,30.839999999543796,Vta1b
2670.01999999992,2.8231000000385773,-1.3245999992917656,11.111999999427425,0.04859999998879502,-0.11759999998639395,0.02789999983528685,52.759112999999935,-1.6785229999999807,31.159999999743885,Vta1b
2670.11999999992,0.8628000015689368,0.00719999893408696,9.235900001501548,-0.04809999992260563,-0.12179999999663851,-0.0017999999762294445,52.759113,-1.678523,31.559999999679857,Vta1b
2670.2199999999198,-0.355499999024927,-3.6216999970955905,9.555699999744046,-0.004900000034575351,0.03319999987594492,0.18379999985145404,52.759113,-1.678523,32.03999999961583,Vta1b
2670.3199999999197,4.527099996069982,-4.359599999406063,8.773600000629514,0.02319999997738223,0.21799999985125396,-0.3292999995870044,52.759113,-1.678523,32.70999999946071,Vta1b
2670.4199999999196,2.317900001778191,-2.919400001159221,8.795299999982532,0.06399999996715997,0.2210999999975048,-0.017200000251210157,52.759113,-1.678523,33.279999999541204,Vta1b
2670.5199999999195,0.8106000012132302,2.7430999954422375,7.911400000711454,0.11839999995621328,-0.49719999942183835,0.33999999971248873,52.759113,-1.678523,33.919999999484865,Vta1b
2670.6199999999194,1.9292999990995552,2.3191000003412787,9.624699998620962,-0.08729999983443149,0.12749999949717727,-0.19839999956664028,52.759113,-1.678523,34.15999999980682,Vta1b
2670.7199999999193,0.8507000008681682,1.3956000007433276,10.606199999209988,0.01769999991548521,0.3382999998303265,-0.1890000000075661,52.759113,-1.678523,34.499999999726334,Vta1b
2670.819999999919,1.6169999993797184,-0.8244999982029393,10.518700000070828,-0.12639999988335823,-0.08329999965873575,0.07979999978241975,52.759113,-1.678523,35.0499999995548,Vta1b
2670.919999999919,2.3058999994423695,-1.3292999995913894,9.300200000986315,-0.012200000092439212,-0.06940000001125136,0.06760000000987529,52.759113,-1.678523,35.79999999939291,Vta1b
2671.019999999919,2.515499999830339,-1.3642999999716694,9.662499999706736,0.03169999996446513,0.054899999899385335,0.028300000031811393,52.75919299999994,-1.6785389999999871,36.27999999961146,Vta1b
2671.119999999919,1.8785000005156198,-0.9262000003546202,9.432600000186094,-0.01479999996236056,0.1883999998919384,-0.14699999985810336,52.759193,-1.678539,36.859999999530515,Vta1b
2671.219999999919,1.2998479989974026,0.7982990029068672,9.683874000278175,-0.004788999935937035,0.14865100019072738,0.042071999872361245,52.759193,-1.678539,37.39389999968334,Vta1b
2671.3199999999188,2.545138998145584,-2.735469000855066,9.342418000185287,-0.08069300017919767,-0.08321000005602465,0.196178000123579,52.759193,-1.678539,37.78539999956155,Vta1b
2671.4199999999187,4.791353466552031,-1.6923049505433658,9.132298018519226,0.13570099026944357,-0.014200000056838016,0.04427920801991694,52.759193,-1.678539,38.32524752432639,Vta1b
2671.5199999999186,3.3067000012085046,-1.6328000000484368,10.712099998714045,-0.0741999998291411,0.055799999943020165,-0.0777999999006278,52.759193,-1.678539,38.84999999957285,Vta1b
2671.6199999999185,3.1338000001407402,0.292999998432403,10.305800000330727,-0.07410000000008139,0.13859999993260097,0.2554999997286945,52.759193,-1.678539,39.349999999593,Vta1b
2671.7199999999184,2.4932000005214467,1.6958999988580425,10.787199999608141,-0.1544999999345546,-0.06519999983410724,0.33079999993870596,52.759193,-1.678539,39.669999999739524,Vta1b
2671.8199999999183,1.4406000008616007,-0.6252999980999929,11.178599999679621,-0.17789999998084605,-0.08929999998027306,0.031500000244990556,52.759193,-1.678539,40.22999999954161,Vta1b
2671.919999999918,1.6270356434122122,-1.8153990089297873,11.167510891098159,0.11417920768243534,0.11990792062135112,-0.06929207912566751,52.759193,-1.678539,40.69534653427371,Vta1b
2672.019999999918,3.210427723586533,-1.5855108928274053,10.283409902034435,-0.22270297057440366,0.10015841594296189,0.032427722778178805,52.759277,-1.678569,41.014257425394945,Vta1b
2672.119999999918,2.213200000816276,0.5433999982573898,9.004400001046928,0.11699999972193778,-0.02399999989837072,0.02520000000591622,52.759277,-1.678569,41.439999999651505,Vta1b
2672.219999999918,2.4725999997876693,0.47300000005762555,9.394999999680277,-0.15699999977571866,-0.010700000010886652,0.13789999990774995,52.759277,-1.678569,41.839999999672585,Vta1b
2672.319999999918,1.9046792083868116,-0.4981881180149521,9.500841584071564,0.0465643562686045,0.06880495042981001,-0.16635742549290936,52.759277,-1.678569,42.285544554089846,Vta1b
2672.4199999999178,2.648899999376528,-1.7232999989895084,9.96009999961905,0.06929999998278988,0.08199999998969056,-0.058100000092535575,52.759277,-1.678569,42.72999999963418,Vta1b
2672.5199999999177,2.2302000003446287,-1.3570000003014988,10.715999999377823,0.15299999993110713,-0.2972999996878009,0.025099999931518693,52.759277,-1.678569,43.129999999670765,Vta1b
2672.6199999999176,2.811399999521618,0.18319999873227255,9.64420000088219,0.05560000008016923,-0.055400000199106125,0.11349999992723861,52.759277,-1.678569,43.65999999956376,Vta1b
2672.7199999999175,1.718500000899558,0.07040000009284485,9.776499999891104,-0.0041999999507790625,0.07309999989423258,-0.08899999983332375,52.759277,-1.678569,43.90999999979422,Vta1b
2672.8199999999174,1.4497000002224696,-0.7045999993585789,10.670499999260091,-0.04019999997020495,0.13619999994777587,-0.1117999999811298,52.759277,-1.678569,44.19999999975999,Vta1b
2672.9199999999173,1.7984999997113191,-0.9580999997901931,10.288900000315827,0.04719999992766426,-0.12329999978522738,0.06489999985375598,52.759277,-1.678569,44.49999999975171,Vta1b
2673.019999999917,1.8447999999616802,-1.2670999997442591,9.846900000365817,-0.021299999943306662,-0.10310000001671833,-0.00799999993966502,52.75936999999992,-1.6785869999999852,44.90999999966066,Vta1b
2673.119999999917,-0.6339999979484456,-0.053800001004175924,9.671600000145085,0.0016999999809642757,0.11739999981750535,0.021799999975336326,52.75937,-1.678587,44.999999999925514,Vta1b
2673.219999999917,2.892499997081327,0.2860999997186851,9.363200000255246,-0.0938999999208776,0.056400000050486045,-0.10639999989389652,52.75937,-1.678587,45.26999999977654,Vta1b
2673.319999999917,1.1425000014563285,-2.5446999976442433,10.756999998840097,0.010699999912953173,-0.00019999995289818329,-0.044600000051429195,52.75937,-1.678587,45.559999999758666,Vta1b
2673.419999999917,1.4736999997243796,-1.4199000009360445,10.126400000524779,0.10219999992385483,-0.13109999989106663,0.004499999959139585,52.75937,-1.678587,45.68999999989181,Vta1b
2673.5199999999168,0.4503000008516609,-0.08160000111371679,9.481500000536679,0.061800000033620385,-0.32529999983838914,0.21149999982773712,52.75937,-1.678587,45.93999999979195,Vta1b
2673.6199999999167,0.24860000016785222,2.4885999978611113,9.348400000110765,0.1555999999219408,-0.21470000009203993,0.08590000010452278,52.75937,-1.678587,46.239999999750346,Vta1b
2673.7199999999166,2.4973999981285764,-3.935499994653944,9.952099999497609,-0.13929999975458787,0.8271999991329438,-0.2732999997010781,52.75937,-1.678587,46.339999999916785,Vta1b
2673.8199999999165,3.910599998817526,-6.829699997578321,9.677600000229683,-0.148799999992051,0.9520999998954918,-0.4996999998105632,52.75937,-1.678587,46.34999999999163,Vta1b
2673.9199999999164,-1.1288999957832737,-0.34780000542363343,10.318599999463652,-0.04940000008317147,0.48480000039100635,-0.20260000024859398,52.75937,-1.678587,46.47999999989122,Vta1b
2674.0199999999163,0.9217999982841072,0.23719999951050985,10.433399999903944,-0.18099999988988566,0.08700000033285321,0.03979999979717541,52.75947999999991,-1.6786049999999848,46.80999999972388,Vta1b
2674.119999999916,0.28710000053107576,2.2527999983134768,8.134600001923488,-0.028000000128020452,0.016500000058989828,0.013800000021755115,52.75948,-1.678605,47.10999999974898,Vta1b
2674.219999999916,3.3678999974221866,-8.311399991160563,10.86169999771814,-0.12369999991992446,0.3314999997364284,-0.19779999982294688,52.75948,-1.678605,47.32999999981592,Vta1b
2674.319999999916,-0.24409999696128715,0.9496999922087976,7.792500002582065,-0.06910000004593403,0.5383999998259386,-0.3519999998702742,52.75948,-1.678605,47.44999999989905,Vta1b
2674.419999999916,-1.2807999991278423,4.151299997306549,7.925199999888362,-0.23909999985698197,0.5809999999641613,-0.33150000001724633,52.75948,-1.678605,47.45,Vta1b
2674.519999999916,-0.49950000065729405,1.7489000020210974,9.397999998760959,0.0830999997289387,-0.3566999992111294,0.12339999961730053,52.75948,-1.678605,47.48999999996635,Vta1b
2674.6199999999158,2.1496999977712745,-4.115999995065961,9.059800000284522,-0.020599999912758987,-0.43669999993269737,0.32129999983351015,52.75948,-1.678605,47.769999999764444,Vta1b
2674.7199999999157,1.9233000001904663,-2.3637000014741796,9.057100000002272,-0.08219999994817699,-0.05720000031926681,0.044100000233203485,52.75948,-1.678605,47.95999999984016,Vta1b
2674.8199999999156,-0.2275999981807042,0.34529999770864617,9.579899999557801,-0.12369999996489806,0.09309999987287174,-0.07549999989883872,52.75948,-1.678605,48.02999999994079,Vta1b
2674.9199999999155,2.2258999979247562,1.28769999920289,9.211400000311688,-0.1258999999981392,-0.028999999896724152,0.14859999981044952,52.75948,-1.678605,47.98000000004229,Vta1b
2675.0199999999154,0.9224000011025397,-3.0820999963038913,12.088399997566547,-0.13439999999281044,0.5313999995259968,-0.1540999997439672,52.75958999999991,-1.678623999999984,48.29999999972933,Vta1b
2675.1199999999153,2.752599998451962,5.0579999931148585,11.468100000524668,0.20179999971563192,0.47850000004474436,-0.33519999984682014,52.75959,-1.678624,48.569999999771625,Vta1b
2675.219999999915,0.5237000018852704,2.17430000243912,8.934300002143164,0.1959000000049904,-0.10969999950248271,0.1383999995994149,52.75959,-1.678624,48.619999999957706,Vta1b
2675.319999999915,0.9492999996380793,-4.157099994615921,10.230799998897485,0.13090000005527452,0.250499999693694,-0.1894999997211612,52.75959,-1.678624,48.819999999829925,Vta1b
2675.419999999915,3.602599997743693,-5.127699999174624,9.507100000615418,0.0385000000785749,0.7146999996052548,-0.5045999997320461,52.75959,-1.678624,49.05999999979591,Vta1b
2675.519999999915,2.255174258574293,0.688042569300066,9.453436633709108,-0.2009059403899889,0.5557891090463474,-0.14984752505486754,52.75959,-1.678624,49.04019801981886,Vta1b
2675.619999999915,0.3436445560850361,7.417525736846537,9.302831683297159,0.13761287099443528,0.04547722815954025,-0.08199900995619622,52.75959,-1.678624,49.20663366322327,Vta1b
2675.7199999999148,-2.1532198045969086,4.969053471525492,9.760737624177088,0.05017425752175703,-0.3078772282876278,0.2691158418727929,52.75959,-1.678624,49.322376237421096,Vta1b
2675.8199999999147,0.9147999973770733,-2.275599993806364,9.274500000415696,-0.06239999990375744,0.3543999994338026,-0.0692999997106798,52.75959,-1.678624,49.55999999979685,Vta1b
2675.9199999999146,4.284699997118988,-2.118200000134565,8.738700000458069,-0.025500000031546732,0.7433999996674341,-0.30599999979763925,52.75959,-1.678624,49.5999999999658,Vta1b
2676.0199999999145,3.436000000725575,-0.32450000153347913,9.186999999616736,0.1226999998733001,0.3837000003075165,-0.17660000011062732,52.759711999999894,-1.6786549999999736,49.66999999994016,Vta1b
2676.1199999999144,-1.2744999959728753,3.269799996927143,10.386899998974176,0.0866000000308628,-0.29649999941848,0.23009999965230196,52.759712,-1.678655,49.86999999982901,Vta1b
2676.2199999999143,-0.8221000003867681,0.5111000023584813,10.923999999540818,0.043400000036932763,-0.06530000019765866,0.16020000005975926,52.759712,-1.678655,49.97999999990596,Vta1b
2676.319999999914,0.05166237548885211,-1.3624643548300903,11.230435643301755,0.14409306922064166,0.08776930679952016,-0.05009702952275602,52.759712,-1.678655,50.03940594054315,Vta1b
2676.419999999914,0.6239999995107084,-0.34650000089827904,10.14450000094542,0.08920000004852982,0.2770999998369607,-0.15259999991283738,52.759712,-1.678655,50.12999999992187,Vta1b
2676.519999999914,-1.0946999985228247,2.8520999972508916,8.510100001404721,-0.047699999882338195,0.2257000000441769,-0.0582000000811342,52.759712,-1.678655,50.19999999993984,Vta1b
2676.619999999914,-0.04660792128270731,1.3313811913355025,8.73944653439949,0.08150594076593713,-0.20399405938059417,0.15046435629218455,52.759712,-1.678655,50.26059405935473,Vta1b
2676.719999999914,0.5225999995107814,-2.4004999967925507,9.034099999746754,-0.11789999982861608,-0.2333999999747264,0.31689999985695316,52.759712,-1.678655,50.31999999994894,Vta1b
2676.8199999999138,0.7494999998039539,-0.8181000013672253,9.812499999327446,0.09469999981630936,0.11499999969897545,-0.06699999966830272,52.759712,-1.678655,50.34999999997408,Vta1b
2676.9199999999137,-1.8303999977709153,1.6189999978942968,11.538699998508529,-0.17159999976991147,0.11350000000129604,-0.08459999998479324,52.759712,-1.678655,50.3000000000432,Vta1b
2677.0199999999136,-3.0871999989141,6.299399995956041,8.68180000246842,0.22019999966147705,-0.7265999992741369,0.2926999996740053,52.75983999999988,-1.6787109999999517,50.41999999989632,Vta1b
2677.1199999999135,-6.155999997348495,2.2489000034997124,7.603500000931673,0.05650000014144005,-0.927599999826332,0.7057999996430734,52.75984,-1.678711,50.40000000001728,Vta1b
2677.2199999999134,-2.1716000034426015,-0.6636999974834557,9.390899998455652,-0.13189999983721865,-0.1441000006769596,0.05690000056066258,52.75984,-1.678711,49.96000000038017,Vta1b
2677.3199999999133,-0.6349000013347277,-1.3693999993870518,9.676699999751763,0.012099999874926298,0.41829999951151775,-0.31539999967663235,52.75984,-1.678711,50.18999999980023,Vta1b
