time_since_start_s,accel_x,accel_y,accel_z,gyro_x,gyro_y,gyro_z,latitude,longitude,vehicle_speed,trip_id
13938.31,0.064,1.2419,9.2444,-0.0342,-0.2439,0.1678,52.201836,-2.201769,15.14,Vw10
13938.41,0.0569,-2.9698,9.9913,0.0101,-0.4286,0.2517,52.201836,-2.201769,15.21,Vw10
13938.51,0.6111,0.3082,10.5127,0.0033,-0.0586,0.0544,52.201836,-2.201769,15.23,Vw10
13938.61,-1.072,-1.0043,9.2935,-0.0582,-0.2647,0.0106,52.201836,-2.201769,15.32,Vw10
13938.710000000001,0.46699999998782565,-0.7120000000332674,10.569999999977203,-0.060000000000207616,0.15939999999528165,-0.16969999999394772,52.201836,-2.201769,15.420000000001654,Vw10
13938.810000000001,-0.18748811879551874,-2.499433663319608,9.337265346550922,-0.07065247524621864,-0.09461881187557819,0.1569831683113516,52.201836,-2.201769,15.511089108913088,Vw10
13938.910000000002,0.6237000000061126,-0.1827999999727818,10.143799999979123,-0.005900000001053573,0.1834999999955678,-0.11469999999691671,52.201836,-2.201769,15.62000000000234,Vw10
13939.010000000002,0.9597396039658428,1.3135366336876202,8.99607722770417,-0.06382079208014674,-0.06016336634058314,0.05480495049779699,52.201836,-2.201769,15.748712871289214,Vw10
13939.110000000002,0.8879297029388133,1.111853465331787,9.915258415835394,-0.025113861386777354,0.14391188118488682,-0.035433663365794614,52.201836,-2.201769,15.880099009901192,Vw10
13939.210000000003,-0.659099999956075,0.38719999995584586,9.611100000020086,-0.05649999999898501,-0.01489999999805732,-0.00880000000212458,52.201836,-2.201769,15.890000000005822,Vw10
13939.310000000003,0.5483000000073597,-0.8264999999736101,10.16319999992683,-0.02860000000052387,0.03849999999816646,-0.06719999999488864,52.201836,-2.201769,16.050000000010552,Vw10
13939.410000000003,0.7506000000159271,-0.10109999994856625,8.151900000051713,-0.0429999999978645,-0.011899999997366104,0.0732999999981701,52.201836,-2.201769,16.340000000009457,Vw10
13939.510000000004,1.1883999999529864,1.3126999998682178,9.573400000034153,0.01569999999668944,0.06049999999524152,0.023000000003448803,52.201836,-2.201769,16.600000000007277,Vw10
13939.610000000004,-0.10390000005380902,-2.30970000001726,10.512200000055477,-0.07529999999473412,-0.07029999998166679,0.11779999998550321,52.201836,-2.201769,16.800000000003674,Vw10
13939.710000000005,-1.569151485152182,-2.77838514851094,12.007924752421387,0.06696633662967953,0.42472475246031194,-0.27583168316497025,52.201836,-2.201769,16.901089108915087,Vw10
13939.810000000005,-1.6642999998484544,-2.676899999745203,10.610399999950037,-0.03639999999118154,0.03720000002197521,-0.189000000006772,52.201836,-2.201769,17.01000000000655,Vw10
13939.910000000005,1.1128000000076126,1.9923000000519886,9.694799999968339,0.12520000000227557,0.43989999997979834,-0.3130999999765077,52.201836,-2.201769,17.12999999999509,Vw10
13940.010000000006,1.2522999999881201,2.944999999824444,9.11460000002168,0.16690000000037106,0.0697000000081909,0.11739999998731256,52.201836,-2.201769,17.039999999993995,Vw10
13940.110000000006,1.0345999999438313,-0.27210000009225005,9.511899999994538,0.17369999999366445,0.21979999998810382,-0.11510000000269027,52.201836,-2.201769,16.929999999998362,Vw10
13940.210000000006,0.0052999999647814254,-1.9626000000428545,9.41180000012541,0.05759999999703082,0.0018000000336310929,-0.1644000000227539,52.201836,-2.201769,16.900000000003672,Vw10
13940.310000000007,-0.47027425739864354,-2.5194643562395567,11.10485049494973,0.016779207917647053,0.4554019801681383,-0.4692633663012317,52.201836,-2.201769,16.95049504950865,Vw10
13940.410000000007,-0.10770000004237694,0.10410000008290182,9.769900000021078,-0.025299999990967523,0.0556000000314777,0.004399999989784261,52.201836,-2.201769,17.000000000005144,Vw10
13940.510000000007,-0.6728336632806365,1.2648534655913362,10.056398019799722,0.09736534653289966,0.481456435625301,-0.13491188119044983,52.201836,-2.201769,17.07049504950865,Vw10
13940.610000000008,0.47380000000052386,4.54019999976105,10.026199999953338,0.0739000000009968,0.23710000002011802,-0.1661000000099535,52.201836,-2.201769,17.11999999999709,Vw10
13940.710000000008,0.48100000008969085,1.2561000001254918,9.384900000032227,0.08759999999548927,0.5135999999929995,-0.3028999999899129,52.201836,-2.201769,17.080000000005512,Vw10
13940.810000000009,1.4480289999138258,2.576014999571638,9.732211999967578,0.0386000000009295,0.4355679999829715,-0.19215699999123478,52.201836,-2.201769,17.141400000013014,Vw10
13940.910000000009,0.5320207920961286,-1.9366425737950272,9.398023762479612,0.048764356438100245,0.25614653467155457,-0.1010356435851324,52.201836,-2.201769,17.281881188136296,Vw10
13941.01000000001,0.7140999998702423,3.0390999996172754,10.510399999997153,0.07519999999130524,0.4507999999654392,-0.32459999997669875,52.201836,-2.201769,17.47000000001819,Vw10
13941.11000000001,-0.7125999998471343,-1.1689999999107548,10.479099999932547,-0.02039999999781898,0.07080000000915676,-0.06839999998956289,52.201836,-2.201769,17.670000000021194,Vw10
13941.21000000001,0.9681766992018791,-0.18773786397681425,9.737449514486878,0.003580582526736608,0.17147961166083348,0.04635728156519302,52.201836,-2.201769,17.903009708761815,Vw10
13941.31000000001,1.0466999998819986,-0.3936000000736691,10.391499999862365,0.05529999999179272,0.08129999998912972,0.06520000000440923,52.201836,-2.201769,18.070000000021828,Vw10
13941.41000000001,-0.03449999986869443,-1.0685999997885425,9.130400000091349,-0.01989999998965359,-0.018299999979874703,0.10559999998173007,52.201836,-2.201769,18.270000000034923,Vw10
13941.510000000011,1.168599999973512,0.8689000001106564,9.967399999894887,0.07489999999562351,0.16609999996490077,-0.06179999998923886,52.201836,-2.201769,18.59000000002401,Vw10
13941.610000000011,0.9259000000027781,1.8827999998724723,9.004300000188756,0.03480000000285526,-0.15549999998962624,0.03680000000696728,52.201836,-2.201769,18.810000000024253,Vw10
13941.710000000012,0.9484524752180576,0.7359475248631917,10.703357425596296,0.05955643563083642,-0.061567326734535625,0.10071782179016762,52.201836,-2.201769,19.03287128716067,Vw10
13941.810000000012,0.6836999999378788,1.7306999995279813,9.389099999972899,-0.05479999999741483,-0.07830000001091944,0.17249999999904822,52.201836,-2.201769,19.320000000036014,Vw10
13941.910000000013,0.203476237659662,-1.9111742570620476,9.176350495023003,-0.03575247526113435,-0.16257128712058297,0.16457326731992147,52.201836,-2.201769,19.60217821784995,Vw10
13942.010000000013,0.481099999940932,0.9013999994860864,8.971400000098399,-0.14099999998912607,-0.0997000000225882,0.11190000001725312,52.201836,-2.201769,19.82000000002037,Vw10
13942.110000000013,0.017200000057373807,-3.1346999995091647,9.744200000116638,-0.05560000000388291,-0.27709999996239376,0.24739999996567152,52.201836,-2.201769,19.980000000028998,Vw10
13942.210000000014,0.4677940594705368,0.7201514857011384,10.660239604091718,-0.0860950495093222,0.018246534695805616,-0.022203960434689474,52.201836,-2.201769,20.207722772309875,Vw10
13942.310000000014,0.9713999997718842,-0.2854999996151018,10.921199999733744,0.10629999997577107,-0.21489999999448484,0.1281000000310538,52.201836,-2.201769,20.300000000008733,Vw10
13942.410000000014,-0.5961999998572001,2.359499999343694,9.091500000099645,-0.060199999983654814,-0.1770000000064822,0.34149999994923,52.201836,-2.201769,20.35999999999412,Vw10
13942.510000000015,0.36818217811283377,-2.083499009576475,9.770625742592337,0.049855445527672244,-0.221401980202474,-0.0036079207877710326,52.201836,-2.201769,20.320891089122053,Vw10
13942.610000000015,-0.3436000002062734,0.11659999969052441,9.89319999970707,-0.06460000000932778,-0.2515999999775027,0.02560000001958688,52.201836,-2.201769,20.40999999999418,Vw10
13942.710000000015,-1.761099999685335,-2.0100999995909894,7.880200000160599,-0.12869999995881082,-0.09699999999808451,0.16019999997264422,52.201836,-2.201769,20.370000000016372,Vw10
13942.810000000016,0.16099999992875383,0.4882999998435269,8.861200000044873,0.12289999997343001,-0.08530000000018008,-0.006900000005353285,52.201836,-2.201769,20.47000000000491,Vw10
13942.910000000016,-0.27419999990668587,-0.46749999976589607,9.135300000138695,-0.039399999986543116,-0.0863999999736101,-0.03959999999304237,52.201836,-2.201769,20.50000000001146,Vw10
13943.010000000017,0.2957999999925256,0.9624999997938755,9.982500000081789,0.04279999999166572,0.0747999999821739,0.002900000005688476,52.201836,-2.201769,20.57000000002315,Vw10
13943.110000000017,0.24705544548576083,-0.2652435640453222,10.46650990081444,-0.007741584160764301,-0.03018415836913516,0.035009900952113086,52.201836,-2.201769,20.710693069318427,Vw10
13943.210000000017,-0.10739999998408384,1.610399999776428,9.407500000082056,-0.021899999996034602,0.25139999996754925,-0.19399999997038675,52.201836,-2.201769,20.780000000012734,Vw10
13943.310000000018,-0.019899999994306566,0.38129999966590616,9.858600000035505,-9.999999752617442e-05,0.0730000000197906,-0.03120000000685759,52.201836,-2.201769,20.850000000014553,Vw10
13943.410000000018,0.011400000087366061,-1.455399999758802,10.053799999898411,0.013499999988976923,0.18179999997564372,-0.0689000000125874,52.201836,-2.201769,20.930000000027285,Vw10
13943.510000000018,0.4916999999696229,-0.129400000103646,9.495300000099409,-0.04709999998455678,0.04789999998179192,-0.13809999997869962,52.201836,-2.201769,21.080000000020007,Vw10
13943.610000000019,0.32469999986668624,-0.6992000000003274,10.041800000046166,0.03779999999919965,-0.05219999998899512,-0.020999999990977816,52.201836,-2.201769,21.190000000007277,Vw10
13943.71000000002,-0.40819999998971546,-0.7010000000032615,10.295599999899016,0.03339999998797466,0.00829999999891952,0.028599999988254785,52.201836,-2.201769,21.230000000032014,Vw10
13943.81000000002,-0.35679999995137235,-0.7172999997196331,9.790900000035775,-0.02669999998924775,0.0029000000254860623,-0.030100000007498278,52.201836,-2.201769,21.390000000014147,Vw10
13943.91000000002,-0.11593663365804449,0.6614376235913771,9.96154653452508,0.02665247525060582,0.1284990098908666,-0.06679207919967793,52.201836,-2.201769,21.460297029708972,Vw10
13944.01000000002,-0.08959999988604941,-0.18479999997512894,9.326200000080195,0.04190000000066029,0.07840000000572254,-0.02600000001986882,52.201836,-2.201769,21.49000000003001,Vw10
13944.11000000002,0.4798999998020521,-0.0605000003727655,9.727000000017648,0.045199999991836375,0.10699999999827924,-0.12529999997921076,52.201836,-2.201769,21.64000000002401,Vw10
13944.210000000021,-0.5094000000687141,-1.9234999995721738,9.815200000062145,0.004399999984720489,0.09840000001506123,-0.02140000002872548,52.201836,-2.201769,21.760000000026196,Vw10
13944.310000000021,-0.8241999996529369,0.03650000012055534,10.099899999997337,-0.06559999997786654,0.16739999995117105,-0.1529999999631109,52.201836,-2.201769,21.88000000002401,Vw10
13944.410000000022,0.7657999995971448,0.588800000303582,10.087699999793399,0.0357999999768188,-0.05629999996612314,0.01599999998155545,52.201836,-2.201769,21.990000000006546,Vw10
13944.510000000022,-1.0797999998202257,1.9795999994513565,9.141200000105997,-0.07039999996810949,0.09889999994754763,-0.06849999996673432,52.201836,-2.201769,22.020000000013095,Vw10
13944.610000000022,-0.2561999995645229,-0.5339000003503044,9.626800000250844,0.07569999999880939,-0.14139999997221908,0.0838999999866828,52.201836,-2.201769,22.08,Vw10
13944.710000000023,1.7066319997295378,-2.105862999628809,10.757457999844751,0.07066900000813503,-0.01705500003648638,0.02477800002817498,52.201836,-2.201769,22.08070000001543,Vw10
13944.810000000023,0.48973069301281086,-0.44906435667562783,10.073449505264044,0.10737227723183072,-0.1806693069251922,0.15112475247106874,52.201836,-2.201769,22.150297029710053,Vw10
13944.910000000024,0.25279999991159896,-1.455499999194478,11.388399999627335,0.12459999996507908,-0.15759999998244398,0.13359999999474514,52.201836,-2.201769,22.180000000009553,Vw10
13945.010000000024,-0.11873663369762283,1.898656435208547,9.831149505020827,-0.02130099009188002,-0.08493762378234934,0.11147326732371074,52.201836,-2.201769,22.22,Vw10
13945.110000000024,-0.26239999979498174,0.0743000005181737,10.12609999991208,0.008599999984062015,-0.16869999994868629,0.09879999997755913,52.201836,-2.201769,22.220000000033103,Vw10
13945.210000000025,0.6045999999320911,2.2655999990796025,9.754299999932323,-0.05879999998827027,0.048299999944952605,0.0039000000361666537,52.201836,-2.201769,22.360000000018005,Vw10
13945.310000000025,0.34238400004578806,-1.2806559991826938,9.494663000088881,-0.01314099999848571,-0.16415399996032043,0.14337899997122847,52.201836,-2.201769,22.431400000035932,Vw10
13945.410000000025,0.5154495048593754,1.8264287117043139,9.833839603866457,-0.007656435652711907,-0.014050495125226336,0.034341584208244576,52.201836,-2.201769,22.570099009903533,Vw10
13945.510000000026,0.1603999999040956,-2.720699999687534,9.4678000002173,-0.04330000001711305,-0.30909999980062786,0.22849999988800118,52.201836,-2.201769,22.58000000004329,Vw10
13945.610000000026,-0.216199999888439,-1.4937000007771715,10.321099999756145,-0.1104999999748171,0.473799999873391,-0.21129999998261118,52.201836,-2.201769,22.75000000001286,Vw10
13945.710000000026,0.21008712852249414,-4.458499008449933,9.387864356814822,-0.012466336630230628,-0.011948514685798306,-0.1483772278428927,52.201836,-2.201769,22.80069306932473,Vw10
13945.810000000027,-0.5311999999573265,1.1916000011817065,10.86429999990775,0.000899999994161044,0.6331999998902331,-0.6160999997868235,52.201836,-2.201769,22.870000000027286,Vw10
13945.910000000027,-0.37479999956003196,5.522599999175043,10.526200000223653,-0.02049999996155566,0.2309000001754688,0.16519999989757272,52.201836,-2.201769,22.970000000030012,Vw10
13946.010000000028,1.2376999993143591,2.4991000000341606,11.345899999230268,0.12039999995798134,0.87399999983801,-0.21020000005249603,52.201836,-2.201769,23.079999999975442,Vw10
13946.110000000028,-1.2751999999119443,2.6242999980277193,8.52480000039825,-0.03359999998269204,0.2803000000573257,-0.4025999999831606,52.201836,-2.201769,22.99000000003307,Vw10
13946.210000000028,-0.9593188119807089,-4.464270295169822,9.962216831474624,0.02928514851719315,0.48764059404127164,-0.3392495048886043,52.201836,-2.201769,23.10970297028886,Vw10
13946.310000000029,-1.3211999999763677,2.2986999984973986,9.203900000417407,0.037800000030791855,0.4216999999314896,-0.11420000002066372,52.201836,-2.201769,23.079999999976714,Vw10
13946.410000000029,-1.2399999995609396,-2.8641999985417232,10.638099999962892,0.14359999997162376,0.1863000000068685,-0.18519999997930717,52.201836,-2.201769,23.000000000014552,Vw10
13946.51000000003,0.26859999983807686,2.1463999989310074,10.510599999841634,0.04610000001193551,0.20989999996192985,-0.11409999996266477,52.201836,-2.201769,23.05,Vw10
13946.61000000003,-0.28517326741390875,-1.4602999991321295,9.971486138601726,0.08642871286333301,0.08125841586675286,0.011099999947224094,52.201836,-2.201769,23.050099009903892,Vw10
13946.71000000003,-0.5824999998510757,1.4996999996083935,9.930099999919477,0.05929999999601095,0.16709999993824712,-0.16889999995089455,52.201836,-2.201769,23.060000000024736,Vw10
13946.81000000003,-0.1009000001418739,0.23330000002248089,9.669700000031016,0.04639999997288068,-0.03260000000868931,-0.010099999997835403,52.201836,-2.201769,23.14000000000309,Vw10
13946.91000000003,-0.5597000000029376,0.30600000016849843,9.770000000077554,-0.04129999998633212,-0.060699999970283164,-0.003099999995206963,52.201836,-2.201769,23.149999999996908,Vw10
13947.010000000031,-0.5691999998183903,0.850899999618165,10.020799999864774,0.002899999985930117,0.03539999994953396,0.012400000017811543,52.201836,-2.201769,23.14000000001237,Vw10
13947.110000000032,0.01810000005581725,-0.3838999995001748,9.583500000200905,-0.042599999956864226,-0.12779999992709712,0.06999999994224618,52.201836,-2.201769,23.179999999996877,Vw10
13947.210000000032,0.19318529400509662,1.2066058820510972,10.214861764337277,0.09354901954709581,0.10512549018130371,-0.11348039211266067,52.201836,-2.201769,23.17088235296865,Vw10
13947.310000000032,-0.16828529423522556,0.23719411733173046,9.031038234909046,-0.10154901967130425,0.0576745097884868,0.028480392203039495,52.201836,-2.201769,23.259117647087525,Vw10
13947.410000000033,-0.383499999878135,0.6730999995402068,9.771700000208597,-0.05289999996568659,0.05009999997825944,-0.007499999979536369,52.20188,-2.201058,23.240000000006546,Vw10
13947.510000000033,-0.01130000029300645,-0.7311999990815268,10.40879999980787,0.051900000004747565,-0.01629999990210199,0.05499999991857112,52.20188,-2.201058,23.260000000029468,Vw10
13947.610000000033,-0.9061999998517124,2.073999998606934,9.822000000070329,0.06639999997455961,0.2826999999353022,-0.19369999996516274,52.20188,-2.201058,23.349999999996726,Vw10
13947.710000000034,-0.453300000033835,-2.1806999985373867,10.036800000132851,-0.011299999974183083,0.08510000007672497,-0.0873000000335931,52.20188,-2.201058,23.340000000010367,Vw10
13947.810000000034,-0.551199999605454,2.051299998435087,10.421199999691822,0.06339999998275415,0.3070999998481744,-0.18449999991273397,52.20188,-2.201058,23.37,Vw10
13947.910000000034,0.5903999999487464,-2.476699999144413,9.529500000089929,0.013500000029791409,-0.1321999998980802,0.06799999994418432,52.20188,-2.201058,23.36999999998272,Vw10
13948.010000000035,0.4420999998337625,-0.001100000505555363,9.789699999710484,0.09969999994954123,0.16269999993105122,-0.09349999992489938,52.20188,-2.201058,23.32,Vw10
13948.110000000035,-0.03890000023249049,-1.4638999991404384,8.952000000431147,-0.046299999976809704,-0.03679999995375765,0.12379999990253854,52.20188,-2.201058,23.320000000038018,Vw10
13948.210000000036,-0.7115999999650391,1.0231999990707512,10.199499999774227,0.020800000012914825,0.0969999999452847,-0.15819999994448444,52.20188,-2.201058,23.429999999978172,Vw10
13948.310000000036,-0.6154999995407779,-1.53109999916472,9.578899999870888,0.056299999968858906,-0.05339999992920494,-0.005600000049440132,52.20188,-2.201058,23.370000000047295,Vw10
13948.410000000036,0.6467999997374408,0.7648999990382874,9.22400000014934,-0.029300000013082025,0.14119999998868182,-0.14149999994774537,52.20188,-2.201058,23.50000000000735,Vw10
13948.510000000037,-0.07254400017719292,-1.8277299991048905,9.638813000307746,-0.06377499995884764,0.11014299999059897,-0.0005430000454687871,52.20188,-2.201058,23.520500000018288,Vw10
13948.610000000037,-0.5519841584116023,0.590502970139776,10.457685148001966,0.046720792047032514,0.08398415838964471,-0.12354653465150874,52.20188,-2.201058,23.570297029713842,Vw10
13948.710000000037,-0.5404000001911085,0.16080000022946006,9.056199999997174,-0.04120000001161243,0.012400000033003743,-0.1181999999500742,52.20188,-2.201058,23.59999999995034,Vw10
13948.810000000038,-1.0406999999535884,0.7615000004311495,9.048800000077048,-0.0715999999653919,0.09879999984334681,0.012500000048665243,52.20188,-2.201058,23.470000000026737,Vw10
13948.910000000038,-0.9191999994010509,1.8901999987973945,9.25050000040348,0.01900000001018634,-0.3113000000055562,0.13990000004136272,52.20188,-2.201058,23.540000000057876,Vw10
13949.010000000038,0.618633999444522,-1.1977979988940357,10.281044999418066,0.0439039999425553,-0.3260720000142844,0.24705799999838723,52.20188,-2.201058,23.69190000007296,Vw10
13949.110000000039,-0.8107336632600681,1.623785147369517,8.783923762500077,-0.10287920787005399,-0.3613554454852206,0.24045841574779098,52.20188,-2.201058,23.880792079238347,Vw10
13949.21000000004,-0.5340999990407341,-1.3576999992383818,9.106300000174837,0.02919999995289909,-0.2068999999806314,-0.003700000004441972,52.20188,-2.201058,23.96000000006803,Vw10
13949.31000000004,1.8629999994766075,0.5454999990628239,9.543199999573412,-0.08850000000772343,-0.1584999999993597,-0.014799999908559403,52.20188,-2.201058,24.13000000007203,Vw10
13949.41000000004,0.5550999998913918,-1.7963999991405384,8.47720000067662,-0.10779999996498446,-0.1568999999983593,0.21369999995229882,52.20188,-2.201058,24.310000000080034,Vw10
13949.51000000004,0.2837000000757104,0.3513000001105137,10.16799999974227,-0.020300000026597667,-0.1527999999591738,0.09449999995711228,52.20188,-2.201058,24.510000000141478,Vw10
13949.61000000004,0.4715653465573995,0.6216534652239608,9.539732673642817,-0.08528514848206684,-0.05183960396198946,-0.011117821762778314,52.20188,-2.201058,24.862376237719367,Vw10
13949.710000000041,0.5280999999250704,0.3170000000738419,10.47299999993712,-0.0038000000155632733,-0.055799999954481615,0.03709999997602754,52.20188,-2.201058,25.100000000129697,Vw10
13949.810000000041,0.349000000300633,0.4934999996504729,10.322699999428949,-0.040999999969742205,0.05299999999252009,-0.02020000000971965,52.20188,-2.201058,25.41000000012678,Vw10
13949.910000000042,1.0622500000777682,-0.314409999193313,8.990430000799961,0.03160400004220499,0.03678800006255083,-0.04249599997040606,52.20188,-2.201058,25.712600000109298,Vw10
13950.010000000042,1.2412306928940506,1.5868069307522095,10.869581187916253,0.1287851484217505,0.18020693052942469,0.030070297150355516,52.20188,-2.201058,25.973465346680317,Vw10
13950.110000000042,0.8242999993783895,1.7275000007645667,10.38769999965744,-0.09270000001857552,-0.20909999984093666,0.31709999980700704,52.20188,-2.201058,26.3200000001799,Vw10
13950.210000000043,-0.6614999997620977,3.5549999986347856,9.568900000816146,-0.13709999993097205,0.17109999983402172,-0.1441999999119537,52.20188,-2.201058,26.750000000155605,Vw10
13950.310000000043,-0.11654950471367242,0.4277722758687035,11.438404951307493,0.02101881194990285,-0.20909801996720526,0.057483168404478424,52.20188,-2.201058,27.106435643719255,Vw10
13950.410000000044,1.479999999669526,-0.9277999989411299,10.745499999526597,-0.019099999980267603,-0.1215999999578722,0.13219999998921705,52.20188,-2.201058,27.500000000144063,Vw10
13950.510000000044,0.7229999998315761,1.4976999995671096,9.661099999908497,0.02609999997839041,-0.025099999971099896,0.10749999994093377,52.20188,-2.201058,27.83000000008731,Vw10
13950.610000000044,0.3372000004937901,0.5061000000068976,9.451500000579093,-0.023399999997729903,0.041100000077576256,-0.027800000069805535,52.20188,-2.201058,28.030000000113507,Vw10
13950.710000000045,1.4682999994212307,0.5218999997995437,10.777999999832709,-0.018200000006338903,0.21879999994538438,-0.18769999986876634,52.20188,-2.201058,28.29000000009187,Vw10
13950.810000000045,0.21234752493733722,0.08581386140047356,10.41477623766835,-0.03221881189118188,0.10044158418315154,0.09704257421369739,52.20188,-2.201058,28.490792079244095,Vw10
13950.910000000045,0.6170999998422164,0.11720000054555901,10.512399999310713,-0.054100000017960226,0.15459999993808085,0.0013000000307758308,52.20188,-2.201058,28.569999999995407,Vw10
13951.010000000046,0.28132800035297506,1.3064610000712984,9.029283000798532,-0.09306099999365121,0.020524000033068573,0.06711799994601236,52.20188,-2.201058,28.562200000100482,Vw10
13951.110000000046,1.0310475240510075,1.4215940576054495,10.735351484017734,-0.08063168322916257,0.09083762370012811,-0.04736237612167757,52.20188,-2.201058,28.78217821792131,Vw10
13951.210000000046,-0.5041999997043196,-2.51899999913566,8.260500000466978,-0.21379999977346306,-0.04539999987386764,0.20639999981725704,52.20188,-2.201058,29.00000000007567,Vw10
13951.310000000047,0.12099999928222314,-0.6914000003179557,9.24790000010381,0.26519999988815035,0.22129999999862848,-0.17999999994022073,52.20188,-2.201058,29.15999999999527,Vw10
13951.410000000047,-1.3966999988325617,-1.3636999995687193,9.467400000273777,0.028700000012850516,0.21840000001648116,-0.05360000003000046,52.20188,-2.201058,29.150000000090763,Vw10
13951.510000000048,1.0240801969265494,-0.44580692997627175,10.017990097940864,0.053825742489994687,0.2515722771646668,-0.11691980200488437,52.20188,-2.201058,29.340396039622767,Vw10
13951.610000000048,-1.2778999996884763,1.0634999981321815,7.767000001095985,-0.1235999999155807,0.11880000007950076,-0.16890000005306355,52.20188,-2.201058,29.38000000005202,Vw10
13951.710000000048,-0.6191999998795994,-2.8858999999349133,10.084399999295753,0.05489999992251105,0.28689999984502207,-0.28109999982393835,52.20188,-2.201058,29.48999999995535,Vw10
13951.810000000049,-0.3726881186239142,-2.7186861368379884,8.673753465788037,-0.09795742557774917,-0.023788118727466917,0.07244950488390103,52.20188,-2.201058,29.399504950470636,Vw10
13951.910000000049,0.008500000294921848,0.8826999997970663,9.56910000078001,0.23629999993541678,0.14739999989268873,-0.06259999996036604,52.20188,-2.201058,29.34999999999509,Vw10
13952.01000000005,0.6089999997758004,0.46950000018181526,11.157299998769824,0.10479999991528058,-0.07109999983105227,0.018099999903051504,52.20188,-2.201058,29.340000000024556,Vw10
13952.11000000005,0.15249999818538346,0.8397000002208108,8.652500000771363,-0.06769999997603299,0.27289999995388314,-0.17929999994641801,52.20188,-2.201058,29.39000000003438,Vw10
13952.21000000005,-3.542299998239342,1.2892999973377488,10.22309999996114,-0.018900000015075785,0.17899999996027327,-0.07020000002027081,52.20188,-2.201058,29.459999999994906,Vw10
13952.31000000005,-0.0854000001304361,-3.9377999981309593,10.146800000086635,-0.04849999999516149,0.10099999988759363,-0.10999999997652049,52.20188,-2.201058,29.450000000010185,Vw10
13952.41000000005,-0.3414999999347056,-0.26810000002516027,10.316899999820466,-0.038999999918509276,-0.11970000003341119,-0.06389999997865961,52.20188,-2.201058,29.469999999974533,Vw10
13952.510000000051,-0.2132999998678322,-0.31750000074579293,9.964399999831313,0.1209999999442807,-0.18529999999322608,-0.021999999974228558,52.20188,-2.201058,29.420000000005096,Vw10
13952.610000000052,0.04619999999727335,-1.7817999999035385,9.63319999996584,0.011599999981993842,-0.17199999999536983,0.02859999998873329,52.20188,-2.201058,29.430000000077168,Vw10
13952.710000000052,0.04689405971252367,-1.5980910893028168,9.571594059651147,-0.022311881132463907,-0.1624415841298541,0.006397029687474027,52.20188,-2.201058,29.580099009906053,Vw10
13952.810000000052,0.6462999993970968,-1.977200000562461,10.050999999851339,0.0864999999517784,-0.10660000006633799,-0.023900000027334452,52.20188,-2.201058,29.590000000053283,Vw10
13952.910000000053,-0.4777782174288077,-3.020218811215029,9.785868317565994,-0.002624752402429818,-0.23234950501665483,-0.07458613858135817,52.20188,-2.201058,29.68910891084391,Vw10
13953.010000000053,0.26439999953415866,-1.7620999995770976,11.172699999312343,0.13489999994144672,-0.35729999977496557,-0.01320000007997005,52.20188,-2.201058,29.600000000031653,Vw10
13953.110000000053,-0.6186999996754777,-0.9604000008207481,9.869099999807723,0.023900000027641363,0.06929999984649549,-0.16479999998338354,52.20188,-2.201058,29.660000000121325,Vw10
13953.210000000054,-0.0035000002771048457,-2.516299998945114,9.504599999253378,0.07629999999361535,-0.22169999991176084,-0.13329999994504832,52.20188,-2.201058,29.89000000014734,Vw10
13953.310000000054,-0.5112999987981027,-0.5831999992135418,8.13640000162945,0.06459999997675332,-0.05999999989468051,-0.03260000004305547,52.20188,-2.201058,30.160000000169166,Vw10
13953.410000000054,1.6911999987828779,0.8579999980020948,11.122400000440706,0.021999999971241777,0.13299999997615305,-0.11150000008218194,52.20188,-2.201058,30.470000000130966,Vw10
13953.510000000055,-0.5392000006219853,-2.803199998722742,11.929999999408246,-0.030699999958254193,0.08929999997260603,-0.2620999999058673,52.20188,-2.201058,30.710000000027286,Vw10
13953.610000000055,-1.6789999982668669,-0.46259999965806636,10.84559999971902,0.04580000017053026,0.03909999997009582,-0.08959999981582732,52.20188,-2.201058,30.76000000009277,Vw10
13953.710000000056,1.4970000000883048,0.16400000134752,10.330699999964926,0.35829999992945777,-0.015699999942709108,0.24789999976074287,52.20188,-2.201058,30.930000000163528,Vw10
13953.810000000056,1.6535999990432722,2.553699999690147,10.268499999591608,0.2331999998126643,0.08589999989656381,-0.17640000001196124,52.20188,-2.201058,31.220000000290486,Vw10
13953.910000000056,-0.0014633649425259132,2.0145069309650783,9.55820297067633,-0.09527227720351931,-0.09503861382396042,-0.1915574254119618,52.20188,-2.201058,31.735346534956008,Vw10
13954.010000000057,2.4621999980437645,2.4952000007799118,10.22849999957855,-0.052499999978572305,-0.028899999991203365,0.3926999999972933,52.20188,-2.201058,32.270000000259394,Vw10
13954.110000000057,-1.0069999997119101,3.878299998506095,9.481099999881245,-0.014499999959061826,-0.013300000132231433,0.3878999997357627,52.20188,-2.201058,32.73000000028758,Vw10
13954.210000000057,-0.49609999906109276,1.2290000030790678,9.27049999972031,0.05809999994878902,-0.2477999996633363,-0.08070000018250159,52.20188,-2.201058,33.24000000021755,Vw10
13954.310000000058,1.0849762366995634,6.393591084885654,8.807145545275507,-0.02939207923082038,0.3228811880067422,-0.3835950490666181,52.20188,-2.201058,33.61396039627091,Vw10
13954.410000000058,-0.49739999914252475,-0.8372999994054587,10.041700000038453,-0.06860000004397912,0.13100000016145277,0.36689999981673405,52.20188,-2.201058,34.010000000311614,Vw10
13954.510000000058,0.9535249995634021,0.18314400053992125,10.109353000131593,-0.14392200003048886,0.4032369998619825,0.05317999988201635,52.20188,-2.201058,34.545400000315404,Vw10
13954.610000000059,0.23963069459596076,1.112179208731668,10.335398019977136,-0.19467821776792818,0.16789405932380025,-0.1440079206289554,52.20188,-2.201058,35.08495049533873,Vw10
13954.71000000006,2.852699998659725,2.500099998249503,10.635199998567103,-0.10250000001770786,0.027299999948677215,0.13519999995666074,52.20188,-2.201058,35.5800000002281,Vw10
13954.81000000006,0.6199000012169202,-0.41609999882245724,8.248100001286552,-0.13199999991560254,-0.058199999896934244,0.06299999987034244,52.20188,-2.201058,35.96000000033015,Vw10
13954.91000000006,2.6471999982813172,1.5455999989845293,10.391399999116349,0.008599999933190338,0.11349999989741445,-0.15299999984056922,52.20188,-2.201058,36.51000000034815,Vw10
13955.01000000006,-0.21599999968185876,-0.14609999793035386,8.919300000943934,-0.10269999991541699,-0.05739999993627474,0.11259999986199934,52.20188,-2.201058,37.09000000029104,Vw10
13955.11000000006,0.31587821825421786,3.2170792048953527,10.478279208052074,0.03695544555391893,0.04552475234420459,-0.11181881168954455,52.20188,-2.201058,37.57485148544078,Vw10
13955.210000000061,1.0336999996228653,-1.8049999997132835,10.696200000101117,0.05249999996592305,-0.17199999978403502,0.20629999983852104,52.20188,-2.201058,38.060000000259755,Vw10
13955.310000000061,0.42390000092774704,-1.3413999996154324,10.85969999938698,-0.0025999999975011862,0.17719999982801915,-0.05479999993246956,52.20188,-2.201058,38.48000000031235,Vw10
13955.410000000062,1.900389108376639,-0.7107019792612821,9.876077227578659,0.001460396043351157,-0.0977029702723965,0.053385148520134415,52.20188,-2.201058,38.988316832199175,Vw10
13955.510000000062,1.0393000003963686,0.7991000002939523,9.643800000136123,0.007499999967283656,-0.057999999944029594,0.06189999990735523,52.20188,-2.201058,39.820000000179355,Vw10
13955.610000000062,1.680199996612858,1.274399997665858,9.863899999811213,-0.045399999823146464,0.03250000026968447,-0.08790000005097581,52.20188,-2.201058,40.11000000022489,Vw10
13955.710000000063,-3.6830306894219804,-2.421954452960248,9.548944553663821,0.2369554454983461,0.4627237622846197,-0.17210594075578867,52.20188,-2.201058,40.47247524767837,Vw10
13955.810000000063,2.193899998749818,1.5825999967462918,8.273399998485418,0.16249999992697667,0.3150999998098974,-0.4326999997694704,52.20188,-2.201058,40.72000000038835,Vw10
13955.910000000064,0.23020000243549038,-3.5280999985311294,5.894400001844428,0.047800000179215936,0.016500000399049895,-0.07059999989017851,52.20188,-2.201058,41.33000000033742,Vw10
13956.010000000064,4.055699999180318,-1.2209000030746198,8.791500001477273,0.32929999985299835,0.6432999994012978,0.10190000013827957,52.20188,-2.201058,41.860000000311956,Vw10
13956.110000000064,2.7681999982443357,-6.050299995799549,11.111899999955435,0.09839999999562708,-0.29709999980726975,0.3190999996747316,52.20188,-2.201058,42.3500000002508,Vw10
13956.210000000065,0.039459406027433926,0.519709903430976,11.032408910240076,0.08951287115380137,-0.002615841917350271,-0.1786752470121253,52.2018812871288,-2.20104771287063,42.74306930712677,Vw10
13956.310000000065,0.17540000107216328,4.340699994445221,10.013300000298539,-0.11919999991605,-0.5241999994653918,0.6237999993543315,52.20201,-2.200019,43.05000000033397,Vw10
13956.410000000065,1.8126999982599878,-4.141999996952366,10.469199998803237,0.008999999932995044,0.292199999990872,-0.3621999997862853,52.20201,-2.200019,43.560000000257965,Vw10
13956.510000000066,-0.7948712856161472,0.44869702859932226,8.690843566388862,-0.08950098991516608,0.2775049504362611,-0.04032178225846659,52.20201,-2.200019,43.95405940620723,Vw10
13956.610000000066,1.5080000006722323,-1.2315999965539741,11.78519999961305,0.1903999999889538,0.18800000010226028,-0.16250000011317423,52.20201,-2.200019,44.36000000015875,Vw10
13956.710000000066,2.502781186705032,3.9524297012771954,11.183588117720486,0.17168712858062618,0.33724752440081907,-0.328268316481393,52.20201,-2.200019,44.60297029722485,Vw10
13956.810000000067,0.3509000002070901,1.3754000014373144,9.522399999668467,-0.029599999973819287,-0.19799999983026284,0.2048999998139083,52.20201,-2.200019,44.90000000026248,Vw10
13956.910000000067,0.6585999999787996,3.5109999994215344,9.029799999650699,0.009299999966617905,0.05419999971530997,-0.07159999981895598,52.20201,-2.200019,45.29000000037016,Vw10
13957.010000000068,0.6271000001047229,2.651499995904973,8.510800001193074,-0.04029999991829464,-0.36879999993155327,0.19740000001177796,52.20201,-2.200019,45.84000000028267,Vw10
13957.110000000068,0.7826999993059082,-3.432999996470786,10.283500000075986,0.0810999999560514,-0.2670999998886142,0.21489999992711128,52.20201,-2.200019,46.26000000010095,Vw10
13957.210000000068,-0.24859999943437797,1.8107999968773627,10.3963999996443,0.015799999947329346,-0.1016000001350636,0.10660000008439748,52.20201,-2.200019,46.41000000023501,Vw10
13957.310000000069,0.5697000008508241,-2.7067999965025167,9.881800000527978,-0.060399999991342344,-0.29699999975653835,0.22869999986755182,52.20201,-2.200019,46.75000000028626,Vw10
13957.410000000069,1.7814529995253545,2.2778899982939933,10.618563998652663,-0.048704000048802466,0.0509989999514055,0.040279000088662434,52.20201,-2.200019,47.1631000002149,Vw10
13957.51000000007,1.097709900581799,-0.1640237627591432,8.704583169022726,-0.1195900990923983,-0.01773960391461758,0.16506930680378995,52.20201,-2.200019,47.47366336659058,Vw10
13957.61000000007,0.508699999570202,-0.7163999989416793,9.722899998953292,-0.23860000001092121,0.04829999998168278,-0.0180000000233631,52.20201,-2.200019,47.84000000019354,Vw10
13957.71000000007,-0.11309999919979019,0.8146999993882084,8.208600002982982,-0.2543999998284657,0.02180000020927473,-0.051800000066258504,52.20201,-2.200019,48.12000000021282,Vw10
13957.81000000007,1.0148999997282042,-0.047699998829265344,12.413499997310135,-0.01260000009329762,0.3168000000085272,-0.1451999999941241,52.20201,-2.200019,48.42000000020781,Vw10
13957.91000000007,0.6432320005429457,1.5632579983750048,8.690377002182384,-0.14086599986241394,0.328685999999004,-0.13763000004481854,52.20201,-2.200019,48.71360000025611,Vw10
13958.010000000071,1.377061998453544,-0.6661589977276957,11.710123998770973,0.04951299992267009,0.32571899988752656,-0.197845999846763,52.20201,-2.200019,49.07230000016362,Vw10
13958.110000000072,-0.7401504925697291,2.4763584144439537,10.013472278200597,-0.055893069149892775,0.17025148522333505,0.014162376149558535,52.20201,-2.200019,49.30207920806874,Vw10
13958.210000000072,2.744799998698404,0.5122000008069036,11.380699998255443,0.16479999982006557,0.27539999992156516,-0.10959999993917299,52.20201,-2.200019,49.51000000026193,Vw10
13958.310000000072,0.9558999997573211,1.6211999958181618,8.982999997956851,-0.08249999962400204,0.16760000023430052,-0.025999999952669526,52.20201,-2.200019,49.870000000338074,Vw10
13958.410000000073,0.6050019786879403,-4.017961382429546,6.221003961709566,0.42472277195787533,0.4871386139152737,0.0301920786090899,52.20201,-2.200019,50.33257425761355,Vw10
13958.510000000073,-1.464799998591011,1.0658999969587952,8.021400002765882,-0.012999999744686647,0.5610000000164437,-0.7906000000860746,52.20201,-2.200019,50.5900000001819,Vw10
13958.610000000073,0.4717000002313755,-3.1138999943749575,11.82279999924803,0.33789999980514984,0.5835999997441046,-0.9088999992624363,52.20201,-2.200019,50.840000000232834,Vw10
13958.710000000074,0.789700000563814,4.6170999984484675,10.789300000195173,0.0701000000393029,0.23190000012641065,0.10479999988925083,52.20201,-2.200019,51.16000000016407,Vw10
13958.810000000074,1.5456999983044564,2.5366999987363408,11.050999998786455,0.12279999982697773,0.40139999980982466,-0.04370000011500015,52.20201,-2.200019,51.38000000021628,Vw10
13958.910000000074,-0.7277999986144048,0.8422999992774829,9.423800002880224,-0.10920000013446515,0.14639999998806744,-0.1979000000163327,52.20201,-2.200019,51.67000000035052,Vw10
13959.010000000075,1.1301000004042159,-0.1265000040047198,13.285799996178893,-0.2895000001158205,0.13039999968356314,-0.21979999961226604,52.20201,-2.200019,52.14000000017153,Vw10
13959.110000000075,1.6721000004597768,-5.496299997541667,8.162200002454084,-0.4447999995487997,-0.29389999939956796,0.3000999996074184,52.20201,-2.200019,52.37000000016407,Vw10
13959.210000000076,2.2885999994122685,-2.1999999973387934,11.452800000110058,0.16020000001724619,0.5111999996655149,-0.22629999991255884,52.20201,-2.200019,52.59000000016641,Vw10
13959.310000000076,1.5192930687207231,1.2833663392879693,11.596859406050367,0.18277425744294404,0.07337821748816437,-0.11184455436823114,52.20201,-2.200019,52.8078217823442,Vw10
13959.410000000076,-0.13969999986408874,1.1783999971576289,8.591100002185124,0.1291000000683758,-0.06710000009076031,-0.04089999980801294,52.20201,-2.200019,53.090000000191,Vw10
13959.510000000077,0.03819999918789399,-2.5420999999988543,11.45129999924565,0.21859999982092412,-0.1858999993323618,0.21039999965116876,52.20201,-2.200019,53.340000000061124,Vw10
13959.610000000077,-1.0247999999157333,-2.5405999935444066,10.463899999640626,-0.015799999925206795,0.6879999996944861,-0.24620000013193857,52.20201,-2.200019,53.41999999990833,Vw10
13959.710000000077,-0.914499999659054,5.90939999636207,9.993499999696363,0.0820999999049669,0.2880999999781776,-0.41889999982057124,52.20201,-2.200019,53.30000000009386,Vw10
13959.810000000078,-0.4786000000442706,1.258300001129838,9.605300000560186,-0.0393999999229567,0.26020000003676175,-0.18950000002119669,52.20201,-2.200019,53.41999999993743,Vw10
13959.910000000078,-0.535199999505124,2.702799996944549,10.32150000016144,0.05910000003394598,0.30719999967141226,-0.21659999986319925,52.20201,-2.200019,53.33999999983575,Vw10
13960.010000000078,0.09750000048674155,-1.2035999950214387,10.527899999521628,0.10250000014790749,-0.11289999941181159,-0.04170000008994903,52.20201,-2.200019,53.12999999991396,Vw10
13960.110000000079,0.7197999988302716,5.1614999927160845,9.916299999047244,0.29159999967540134,0.6390999992068842,-0.15669999963621487,52.20201,-2.200019,53.01999999986703,Vw10
13960.21000000008,-0.7757000007757844,-4.150999998528226,8.698199999966384,-0.12339999996134283,-0.374899999826563,0.3083999996946645,52.20201,-2.200019,52.84999999988795,Vw10
13960.31000000008,-1.7449999990163714,-2.312100000291281,8.656199999823599,-0.07509999993201022,-0.15819999992360245,-0.07309999979756669,52.20201,-2.200019,52.710000000064674,Vw10
13960.41000000008,-0.5383019810005151,-2.624427718923287,8.445222772856736,0.009,-0.061237623564810835,0.17477326712400373,52.20201,-2.200019,52.7897029702732,Vw10
13960.51000000008,-1.5385000003701845,2.1727999978141406,9.167500000363393,0.00900000005861188,0.18499999975245576,-0.07790000003468206,52.20201,-2.200019,52.75999999984639,Vw10
13960.61000000008,-1.9753069290003156,-0.5243465341195138,9.643147526850859,0.08368514869021326,-0.1210702970192941,-0.1186960394351141,52.20201,-2.200019,52.565445544188954,Vw10
13960.710000000081,0.13399999980715074,0.141000000432683,12.257899998291695,0.3021999997678606,-0.1080999999292777,0.09170000014029865,52.20201,-2.200019,52.10999999983629,Vw10
13960.810000000081,-0.10159999868508894,0.6696000011127303,10.170899999771216,0.018600000060572344,-0.021699999919618858,0.26309999957599356,52.20201,-2.200019,51.91000000002455,Vw10
13960.910000000082,1.5047999975324582,2.028999999090257,9.891399999066943,0.09259999988151765,0.0765000000133117,-0.25490000002282004,52.20201,-2.200019,51.9400000000248,Vw10
13961.010000000082,-1.4681762366864126,0.9116514837496393,8.782474259031861,-0.049875247457079365,0.09206435639169261,-0.27769504911069165,52.20201,-2.200019,51.969405940545315,Vw10
13961.110000000082,-0.3258000012195505,-0.7932000003444438,10.739899998264766,0.032600000109439496,0.03850000011017619,0.2027999999589909,52.20201,-2.200019,51.909999999893586,Vw10
13961.210000000083,-1.8156999990009384,-1.2139999973630293,8.620000001078552,0.16629999983775706,0.17309999985415708,0.15269999999891223,52.20201,-2.200019,51.78000000012551,Vw10
13961.310000000083,-0.6216999987302545,1.9374999984164787,9.90899999962054,-0.027600000059910236,-0.0012000000389918567,0.15139999986528566,52.20201,-2.200019,51.93000000009204,Vw10
13961.410000000084,0.8957999984358911,0.04499999982938971,9.455500001113194,-0.09919999994987956,-0.047800000069867385,-0.009600000058320438,52.20201,-2.200019,52.04,Vw10
13961.510000000084,-0.9734999979974139,-0.1589000010367909,10.785899999582224,-0.039299999959515546,-0.13130000013413118,-0.0792999997532054,52.20201,-2.200019,52.0400000000169,Vw10
13961.610000000084,1.3852239991045654,-1.3526019972323389,10.29142199998507,0.008667000005619532,-0.2874749997882191,0.2119239999349141,52.20201,-2.200019,52.060800000067104,Vw10
13961.710000000085,0.3093267310816069,1.8775475216777127,10.254278216184106,0.014146534556701566,-0.03974752494101927,0.1344009900403702,52.20201,-2.200019,52.1400990099093,Vw10
13961.810000000085,-1.587999998918007,-1.7876999975141346,8.302100001465597,-0.10119999998110615,-0.2644999997367686,0.06449999996597398,52.20201,-2.200019,52.150000000017094,Vw10
13961.910000000085,-0.32239999697681415,1.1200000013195768,10.016400004164256,-0.07909999957749606,0.043400000087287845,0.02470000002017623,52.20201,-2.200019,52.16999999984611,Vw10
13962.010000000086,3.213799998141051,2.6634999948531806,14.88729999387147,0.4150999992720314,0.14549999947618744,0.04830000028682735,52.20201,-2.200019,51.98999999997435,Vw10
13962.110000000086,1.0393999986387885,-3.3567000031038052,7.718799999892792,-0.4363999996810275,-0.46719999967435905,0.38379999972779183,52.20201,-2.200019,51.95999999988886,Vw10
13962.210000000086,-0.5527999993344245,-6.987199994446552,7.593400003301684,-0.06330000009997165,-0.08630000016021659,0.06540000020841252,52.20201,-2.200019,51.82999999989522,Vw10
13962.310000000087,0.20949999866937286,-0.6267000001303561,11.374899996848841,-0.1778000000644359,-0.2697999998476414,0.30409999977237895,52.20201,-2.200019,51.709999999729334,Vw10
13962.410000000087,-1.3145000008840508,-0.7759999982937217,7.765800001259931,-0.2515999996212974,-0.09529999994708394,0.04340000009322045,52.20201,-2.200019,51.39999999974424,Vw10
13962.510000000088,-2.31781386146611,1.1182108875459233,9.173336631820119,0.1749970294576835,-0.03712475263493088,0.1471425740861322,52.20201,-2.200019,51.10831683153587,Vw10
13962.610000000088,-2.4091999984509194,-2.93069999405269,7.067000001626002,-0.10529999982607552,-0.21959999972924704,-0.04860000031746458,52.20201,-2.200019,50.93999999994761,Vw10
13962.710000000088,-0.6349999987856864,3.8808999960554416,8.929300002230935,0.09390000005044785,0.09049999970301724,-0.41219999929898876,52.20201,-2.200019,50.879999999884134,Vw10
13962.810000000089,0.7273999973752856,-0.5446999982848622,11.432299997939303,0.15049999997878694,-0.24269999945389753,0.37429999954071064,52.20201,-2.200019,50.74999999970587,Vw10
13962.910000000089,-2.2173999992941757,1.379600000624448,9.120300002633092,0.12670000020615882,0.36999999983938686,-0.1410000001220196,52.20201,-2.200019,50.419999999768265,Vw10
13963.01000000009,-1.425499998002667,2.0801999946365957,12.074499997473286,0.3579999996297934,0.18980000016457627,-0.2779000000162055,52.20201,-2.200019,50.1599999997029,Vw10
13963.11000000009,0.7803613850093967,-3.8409197987476205,9.295188121241047,-0.05110198001056886,0.3717495048745062,-0.2944316830371277,52.20201,-2.200019,49.82792079189343,Vw10
13963.21000000009,-0.4834999994621248,-0.2229000036126039,12.013999996914539,0.15869999965039025,0.28669999995234247,-0.14759999986685,52.20201,-2.200019,49.61999999978172,Vw10
13963.31000000009,0.10789999917217792,-4.194999996109455,8.621500000567615,-0.22569999970423232,0.23430000010086297,-0.001200000315503712,52.20201,-2.200019,49.37999999984539,Vw10
13963.41000000009,-0.8022999990013931,0.08269999755263244,9.245600000228384,0.09949999980551513,0.3451999996939872,-0.3480999997704215,52.20201,-2.200019,49.209999999843824,Vw10
13963.510000000091,0.26447227538401485,-2.5503683140123354,9.487258415208874,-0.11274257430688006,0.01347920804650354,-0.09898910898281645,52.20201,-2.200019,49.03693069278955,Vw10
13963.610000000092,-1.758299999215106,0.542800001580247,8.793100002416983,-0.16699999987194306,0.151399999564443,-0.17789999972542356,52.20201,-2.200019,48.72999999972715,Vw10
13963.710000000092,-0.8953000012006094,2.2802999989832577,11.45059999723884,-0.026200000050744347,-0.32749999993431994,0.12400000008005918,52.20201,-2.200019,48.42999999969386,Vw10
13963.810000000092,-2.1894999988370545,1.1843000023698629,8.474200000561991,-0.08089999991409641,-0.2567000003185669,0.21030000012551572,52.20201,-2.200019,48.099999999703144,Vw10
13963.910000000093,-0.9358999995381255,3.7388999914526515,9.080000000766418,0.011699999972169462,-0.6000999997704215,0.3455999999880994,52.20201,-2.200019,47.779999999840705,Vw10
13964.010000000093,-0.44262970293587167,-5.328219796924658,9.894512870972239,-0.017581188079876377,-0.35398910880761536,0.3317485147444355,52.20201,-2.200019,47.61108910901214,Vw10
13964.110000000093,-0.4055999994952084,0.10979999812429671,9.555799998640989,0.024299999871623443,-0.24289999989739247,0.21659999980799738,52.20201,-2.200019,47.71999999996252,Vw10
13964.210000000094,0.10014799693590098,-1.8600509970384653,8.111603000567497,-0.10962099971369382,-0.13122299979756785,0.010008999842759426,52.20201,-2.200019,47.67699999972104,Vw10
13964.310000000094,-3.1350939974401677,1.3092960015446578,8.749202003166094,0.19245399973971344,0.08138499972369433,-0.15483899975724913,52.20201,-2.200019,47.37679999969668,Vw10
13964.410000000094,-0.46716237677433525,2.9029237605112144,12.055246534582047,-0.0765188116080931,-0.20566633648829422,0.09835247521458443,52.20201,-2.200019,47.058019801792504,Vw10
13964.510000000095,-1.0333999954664237,0.935299995414968,11.979899999517983,0.21159999993293752,-0.05230000048599031,0.06360000028858631,52.20201,-2.200019,46.86000000008513,Vw10
13964.610000000095,3.7595999961285353,-3.9120999933260987,11.470299999386032,0.14069999939681582,-0.5660999989173521,0.3686999993609672,52.20201,-2.200019,46.949999999763534,Vw10
13964.710000000096,-0.33339999865647985,3.1436999852757483,10.821199999775855,-0.4969999999492902,0.5784999982955342,-0.30689999903362186,52.20201,-2.200019,46.70000000017353,Vw10
13964.810000000096,1.0601999978963152,-12.129399974424336,10.588699997710442,-0.444400000173628,-1.1894999985795476,0.6954999990568558,52.20201,-2.200019,46.87999999980719,Vw10
13964.910000000096,-1.1219000015300664,14.39959998672734,8.213799997005038,-0.6245000000691234,0.283899998831554,-0.28279999881988876,52.20201,-2.200019,46.679999999836106,Vw10
13965.010000000097,-2.708999996746572,0.6322000091116617,5.107200002344508,-0.6961999996985371,-0.9280999982495484,0.9412999985977684,52.20201,-2.200019,46.510000000385624,Vw10
13965.110000000097,0.6657000007643102,10.083499990328026,7.539099997791136,-0.3835000002803499,0.8875999991578897,-0.5131999992285556,52.20201,-2.200019,46.910000000289216,Vw10
13965.210000000097,1.4584999984198475,0.05099999953136648,5.247900004600486,-0.6742999995504222,0.01410000058670048,0.28699999946496607,52.20201000000033,-2.200018999998295,47.21000000049113,Vw10
13965.310000000098,-0.15020000081467574,-0.4260999990922581,9.93149999655318,-0.21660000012838757,0.6113999994579743,-0.25769999972308366,52.202343,-2.198283,47.710000000188515,Vw10
13965.410000000098,-0.9769316837226071,0.4745366322595154,6.470481189396466,-0.3399861380219559,0.06737920814511979,0.017581187742950914,52.202343,-2.198283,47.90346534687573,Vw10
13965.510000000098,-1.5400999977804,-0.9518000008105562,7.7686000013099346,0.2613999999947941,0.29529999968813425,-0.3642999995714425,52.202343,-2.198283,48.25000000000982,Vw10
13965.610000000099,0.7196000013923455,-1.7770000002329907,9.102200000771463,0.2560999999295724,-0.022199999869163732,0.07199999995795951,52.202343,-2.198283,48.260000000157156,Vw10
13965.7100000001,2.1371000019876827,-2.014199998504336,9.887600001006447,0.18439999985353497,0.11099999988014679,0.02919999987134288,52.202343,-2.198283,48.42000000056025,Vw10
13965.8100000001,4.123899994462141,-0.5191999970752015,10.893599998968941,0.03799999989565367,-0.00880000007043127,-0.09939999989575372,52.202343,-2.198283,48.98000000017007,Vw10
13965.9100000001,-1.4114999996788473,2.4042999953603643,9.862999998554207,-0.06630000011136257,-0.07920000008286508,0.004800000202109933,52.202343,-2.198283,49.150000000192,Vw10
13966.0100000001,-1.0855891080978348,-2.139929698261876,8.451908912856736,-0.17492970281288647,-0.16125544555011245,0.2036217820601103,52.202343,-2.198283,49.34207920812922,Vw10
13966.1100000001,-0.27449999796269553,2.557099996449424,10.412800000278425,-0.017900000128557074,-0.1668000002145953,0.08580000030863703,52.202343,-2.198283,49.550000000290126,Vw10
13966.210000000101,1.761899999102278,-0.9918999953932275,10.691099999505555,-0.14640000005724724,-0.3812999997029663,0.39429999972038493,52.202343,-2.198283,49.84000000019354,Vw10
13966.310000000101,0.8805999984305906,3.530599995091406,10.205699998578089,-0.2025999998992571,-0.08970000022511813,0.11980000003015157,52.202343,-2.198283,50.0300000002954,Vw10
13966.410000000102,-0.6601000004813303,-1.288199997371924,8.809799999571247,-0.10370000007078993,-0.3106999997736368,0.14939999992118447,52.202343,-2.198283,50.32000000027781,Vw10
13966.510000000102,-1.1001719971699833,1.236138996952282,8.412951002026062,-0.1704069997863811,-0.09173400010553366,0.07478000020208572,52.202343,-2.198283,50.59340000034702,Vw10
13966.610000000102,1.6243409979016765,-1.706856998648373,10.359245998065488,0.037592000080834284,-0.19073399965645427,0.26811899972636777,52.202343,-2.198283,50.93040000004083,Vw10
13966.710000000103,-0.37896633336368224,-0.4236871315595761,8.511708913842096,0.11720990111360502,0.1394613858284336,0.0008891087260361886,52.202343,-2.198283,50.97396039644388,Vw10
13966.810000000103,2.8243999970681726,-3.2123999981655476,11.402599997393528,0.2381999996140941,-0.16439999969859526,-0.18020000000217734,52.202343,-2.198283,51.3700000002592,Vw10
13966.910000000104,-0.0032999972740955525,-1.4431000012436652,8.88870000164677,-0.13399999988521627,0.12629999995926014,-0.18229999961511836,52.202343,-2.198283,51.62000000015709,Vw10
13967.010000000104,2.5922950487564966,-2.6182920779293677,10.463266336858704,-0.022546534460926436,0.08703564352650692,0.18451287121574944,52.202343,-2.198283,51.771980198225506,Vw10
13967.110000000104,1.8717999982309708,-1.3874999948000168,10.679899997655118,0.16279999977231346,0.050600000186732,0.11579999939356167,52.202343,-2.198283,51.97000000027994,Vw10
13967.210000000105,0.16560000135563951,3.6277999946371198,8.418300001072812,-0.05679999995737318,0.23069999980903183,-0.46909999973486116,52.202343,-2.198283,52.240000000309045,Vw10
13967.310000000105,1.4355881185886563,-1.383106928421263,9.432289109681347,-0.01626930687459908,0.04985247507338222,-0.21912475235102447,52.202343,-2.198283,52.531881188317655,Vw10
13967.410000000105,1.2244000008786156,0.7661999989947827,10.161199999897557,0.036799999936910174,-0.11489999982539521,-0.10159999974067759,52.202343,-2.198283,52.7200000004009,Vw10
13967.510000000106,2.057199998938656,-0.18660000005707625,10.06409999904057,-0.022999999930158083,0.050599999743631635,0.14420000003207242,52.202343,-2.198283,53.100000000126606,Vw10
13967.610000000106,1.0512000032025999,-0.2407000058941514,9.15470000225372,0.04319999975734681,-0.19240000082850237,0.17460000007247944,52.202343,-2.198283,53.2200000002954,Vw10
13967.710000000106,4.086799993861275,-5.82749998870893,11.290899997091618,-0.18680000018265927,-0.9776999987148385,0.2432999997693685,52.202343,-2.198283,53.50000000050441,Vw10
13967.810000000107,-1.6331999984169703,4.693399995054157,8.580900001277328,-0.35699999975825814,0.2197999996050827,0.028400000056695514,52.202343,-2.198283,53.9700000000542,Vw10
13967.910000000107,-0.16781699945347348,0.15034600208009088,9.766638000799738,-0.12958299952508212,-0.13930299944121613,0.07486499937261809,52.202343,-2.198283,54.02410000044084,Vw10
13968.010000000108,0.3439504959688412,2.061561385704388,10.508628713476478,0.3070455444840894,0.37297128688908504,-0.49981188086684086,52.202343,-2.198283,54.43346534690724,Vw10
13968.110000000108,1.1989999980096364,1.6576999940706565,11.071499996484937,0.24159999992745143,0.15010000023234862,-0.20099999984942954,52.202343,-2.198283,54.780000000139516,Vw10
13968.210000000108,-0.6555999975785249,-3.867199995077051,7.796200001873268,0.17400000017593265,0.36660000026771883,-0.06070000066738721,52.202343,-2.198283,54.91000000034924,Vw10
13968.310000000109,1.5630999999251303,0.6434999890752587,9.512599998537642,0.3351999997107807,0.6118999996230327,-0.672199999664833,52.202343,-2.198283,55.23000000028376,Vw10
13968.410000000109,1.4944999990965686,-9.36639998569227,8.172700002591565,0.07020000001852061,0.2665000002569736,-0.36510000002546583,52.202343,-2.198283,55.490000000319704,Vw10
13968.51000000011,0.6646970285764696,3.5641584105997723,10.510790097620232,0.0869168316740749,0.4939178211609032,-0.38319603905684,52.202343,-2.198283,55.7825742577072,Vw10
13968.61000000011,-0.3656000009047653,-1.229999994038153,9.239800000816144,0.07860000005871698,-0.07429999932606443,0.11719999938881956,52.202343,-2.198283,56.04000000030559,Vw10
13968.71000000011,-1.1945999968208214,4.232599992843741,9.987599999374972,0.1323999995906746,0.5431999988200689,-0.44279999952731747,52.202343,-2.198283,56.320000000299586,Vw10
13968.81000000011,1.6706000005847506,-2.216900000793352,9.4243000002835,-0.23649999960543208,-0.52019999929375,-0.016799999769872374,52.202343,-2.198283,56.59000000032178,Vw10
13968.91000000011,2.197599998318759,-2.9319000011319973,9.679800000945809,0.11910000003706009,0.11629999967056465,0.19059999997714258,52.202343,-2.198283,56.8800000002885,Vw10
13969.010000000111,0.6824000007863619,-3.9520999938122965,10.532199999989459,0.1524999999176689,-0.18059999968942758,0.1699999994128084,52.202343,-2.198283,57.140000000443834,Vw10
13969.110000000112,1.3910999999620521,1.624500000367938,10.522700000582754,0.07829999947439027,0.09929999942523572,-0.35919999962529364,52.202343,-2.198283,57.540000000277395,Vw10
13969.210000000112,1.3568999978227274,1.9560999992925174,11.047900001147426,-0.3953999996737273,-0.41869999965686655,-0.021499999629509676,52.202343,-2.198283,57.79000000035732,Vw10
13969.310000000112,-0.5736940615793886,1.3287732666204932,12.065325743719667,-0.10609306898123116,-0.11444257391489504,0.307014851854988,52.202343,-2.198283,58.106831683525,Vw10
13969.410000000113,3.2716999965579228,-0.6780999995462967,11.558099998294242,-0.036300000093943526,-0.059800000065523634,0.23669999952080906,52.202343,-2.198283,58.43000000019172,Vw10
13969.510000000113,0.21959999829243823,-0.27580000148471373,10.045600002016684,-0.11959999975572427,-0.11789999970192949,-0.1881999998850799,52.202343,-2.198283,58.60000000024811,Vw10
13969.610000000113,-1.2944999994288955,-1.5923000023876093,11.833799994540675,0.09699999969268165,0.14639999988316268,-0.08630000006067422,52.202343,-2.198283,58.82000000005639,Vw10
13969.710000000114,-0.788099997380557,-3.7093999977925307,6.993000003696075,-0.17549999924263282,0.04280000052198629,-0.14010000033542347,52.202343,-2.198283,58.87000000002292,Vw10
13969.810000000114,1.4976999987095307,-1.7830999932605895,10.21830000369172,0.4853999997798604,0.4982999998622552,-0.43279999979693534,52.202343,-2.198283,58.89000000002292,Vw10
13969.910000000114,0.37159999916035263,4.097899994058639,13.439799995096882,0.29329999982581356,0.3780999999545053,-0.2555999998621406,52.202343,-2.198283,58.90999999993124,Vw10
13970.010000000115,-0.36109999811603627,-1.0866999947665001,9.161200005560787,0.1413000003373716,0.3384000001260559,-0.13530000028053182,52.202343,-2.198283,58.84999999982811,Vw10
13970.110000000115,1.2828999999118753,3.480199986699033,14.013699997508905,0.4356999995123926,0.4484000000488181,-0.3800999997780269,52.202343,-2.198283,58.699999999862484,Vw10
13970.210000000116,1.2060000004848699,-8.126599983846909,11.83990000010128,0.010200000402331353,0.4910000006513437,-0.18640000076787547,52.202343,-2.198283,58.579999999965075,Vw10
13970.310000000116,1.6224999987174524,5.74879998165248,11.926899998667626,0.35579999949813357,1.0504999988279304,-0.8459999993498204,52.202343,-2.198283,58.55000000016298,Vw10
13970.410000000116,0.5207999982520239,-10.011599987397808,10.782400000775676,-0.07529999986728654,0.043700000789063054,-0.2875000001536682,52.202343,-2.198283,58.68999999960418,Vw10
13970.510000000117,-0.9806999982238515,0.8135999918016837,11.448700003098278,0.03870000046868809,0.7214999992388766,-0.4194999996252591,52.202343,-2.198283,58.3499999997206,Vw10
13970.610000000117,0.5449999994599494,-6.228699993723468,14.110099997090314,0.4412999998128042,0.06769999983457382,-0.09760000046193601,52.202343,-2.198283,58.10999999944121,Vw10
13970.710000000117,0.08109999999125067,-0.8372000075412209,11.610700000763675,0.2804999999423017,-0.0743999993714664,-0.494400000535365,52.202343,-2.198283,57.62999999885313,Vw10
13970.810000000118,0.07369999943992407,-7.215399998846624,12.256599999153442,0.23170000028541762,0.45720000010215445,-0.9471999986478724,52.202343,-2.198283,56.65999999881765,Vw10
13970.910000000118,-0.4000000051027564,-6.239900004712465,11.54059999771252,0.4730999996784027,0.5436000004969388,0.19639999930099875,52.202343,-2.198283,55.659999998545715,Vw10
13971.010000000118,-4.715799997233435,-10.225599978901915,9.6058999989353,0.20109999977783774,0.9638999995242251,-0.39480000043924046,52.202343,-2.198283,54.429999998569365,Vw10
13971.110000000119,-2.375900001174185,7.618699989737616,8.705400000952968,0.013199999852916517,0.5614999996300448,-0.7662999993961773,52.202343,-2.198283,53.219999998474776,Vw10
13971.21000000012,-3.3689999998589375,-1.0609999952292017,9.511400000749854,-0.1111999998184794,0.24860000040710073,-0.2555999997219566,52.202343,-2.198283,51.92999999816318,Vw10
13971.31000000012,-3.2515000032132266,2.912899991976718,10.135999997377676,0.040000000137581086,0.5876999994584395,-0.023999999878025847,52.202343,-2.198283,50.39999999852334,Vw10
13971.41000000012,-5.927999998397769,-3.770199989313215,7.951700002859069,0.154600000042859,0.13660000065957284,0.0775999991213299,52.202343,-2.198283,49.1699999981992,Vw10
13971.51000000012,-4.59340000153128,5.131499987633069,10.333199999495056,0.19029999987802584,0.6859999991827971,-0.6542999992596313,52.202343,-2.198283,47.66999999817519,Vw10
13971.61000000012,-5.868900000539159,-5.169699992507113,9.912600000089318,0.08869999994837709,0.005300000458603608,-0.03760000025835471,52.202343,-2.198283,46.1499999979711,Vw10
13971.710000000121,-6.317999997873144,1.0715999949085697,9.987000000579817,0.04569999997562554,0.387299999114764,-0.2527999994047955,52.202343,-2.198283,44.459999998313485,Vw10
13971.810000000121,-4.574318998049161,-3.042875997384721,10.44766899873887,0.025682999973510295,-0.32897499965514554,0.23014699993249396,52.202343,-2.198283,43.07949999871824,Vw10
13971.910000000122,-2.9906247522829563,-0.8694881124139421,9.426086138758652,0.004898019887187753,-0.05545346609769061,0.17700297049270491,52.202343,-2.198283,42.032970296171584,Vw10
13972.010000000122,-2.8331000000610578,4.371699992726418,9.544700000723191,0.07469999999902502,-0.670799999924561,0.337300000313943,52.202343,-2.198283,41.32999999920783,Vw10
13972.110000000122,-2.8831999978523393,-1.5964999965255318,10.138099997423692,0.07389999999766103,-0.6088999999790724,0.594899999863109,52.202343,-2.198283,40.67999999953221,Vw10
13972.210000000123,-1.1411990102182992,1.1436425642147476,8.070151488182592,0.07348910909269402,-0.5925831684002386,0.4819881186028804,52.202343,-2.198283,40.29633663321611,Vw10
13972.310000000123,-1.4011000013784707,-7.082099995357579,10.555299995875334,0.22239999951185674,-0.6608999998645644,0.31079999988592916,52.202343,-2.198283,39.92999999960019,Vw10
13972.410000000124,-2.5006267322057996,-3.4059000048936308,7.293942579205886,-0.16456039557630672,-0.5540831685129695,0.2206445545972437,52.202343,-2.198283,39.606633662949285,Vw10
13972.510000000124,-2.1232999965275234,-7.355899992903244,11.288200000671182,0.20939999928871267,-0.7123999994436392,0.3350999997497438,52.202343,-2.198283,39.26999999977511,Vw10
13972.610000000124,0.6258959962703742,-1.7177910052023224,11.812089998351006,-0.35923599991773614,-0.27037200040537257,0.13603100015251027,52.202343,-2.198283,39.08469999934338,Vw10
13972.710000000125,-2.3372148493557816,-5.824301973928551,10.508650496815248,-0.28999900946719154,-0.5890643557869086,0.25377128661713483,52.202343,-2.198283,38.55653465303597,Vw10
13972.810000000125,-0.6187000005194097,-0.7645000008357209,11.93369999821636,0.06009999984063999,-0.0655000006110702,-0.15909999954689524,52.202343,-2.198283,38.209999999328076,Vw10
13972.910000000125,-1.0152455429008302,-1.4154475237150699,10.53357821867386,-0.06354356409792446,-0.5433801975019084,0.19577524720736994,52.202343,-2.198283,37.68059405948062,Vw10
13973.010000000126,0.30019999416201537,-0.5902000044734369,11.21139999285633,0.14209999951640895,-0.13140000033147262,-0.05669999973793456,52.202343,-2.198283,37.73999999972388,Vw10
13973.110000000126,-4.351199997351354,-4.154399996647988,5.519700005293871,-0.24319999930563663,-0.39549999981325595,0.15209999953206224,52.202343,-2.198283,37.51999999973377,Vw10
13973.210000000126,-2.2770415860495397,-1.569120799461961,9.680359404049593,0.30165841548432204,-0.2543821789950847,-0.21080296951789956,52.202343,-2.198283,37.306930692683416,Vw10
13973.310000000127,-3.781200001282588,-7.441199986469357,8.176299999363353,0.01750000013063982,-0.8725999984142414,0.4088999992002449,52.202343,-2.198283,36.99999999933789,Vw10
13973.410000000127,-4.788499996385505,3.185300001218923,7.676300001584486,0.12009999971567377,0.3727999994282917,-0.2191999998025123,52.202343,-2.198283,36.47999999975807,Vw10
13973.510000000128,-1.9497999975773062,4.142599992195735,8.920700001979842,-0.10320000005054972,-0.07619999967760233,-0.06410000024472684,52.202343,-2.198283,36.28999999949068,Vw10
13973.610000000128,-0.047100002691663354,-1.9866000002546584,10.47559999900979,-0.14290000011549664,0.17699999970264116,-0.25629999985119195,52.202343,-2.198283,35.88999999989711,Vw10
13973.710000000128,-2.1388891087819566,-2.162017818901926,9.695242572923629,-0.23154257410980142,-0.05352277219085046,-0.14036336630645213,52.202343,-2.198283,35.80732673233231,Vw10
13973.810000000129,-2.0378000001513614,0.09619999698425927,8.649499998461843,-0.11579999994963218,0.014199999598607247,-0.11669999960855167,52.202343,-2.198283,35.53999999997417,Vw10
13973.910000000129,-2.154999999661373,-2.23889999900995,7.458500002537117,-0.07679999997636587,-0.29659999947126703,0.1863999999081756,52.202343,-2.198283,35.520000000077495,Vw10
13974.01000000013,-1.8927999978930756,-1.472299995035283,9.423000001669628,-0.05849999982293776,0.11280000001446461,0.11529999941728311,52.202343,-2.198283,35.57999999996125,Vw10
13974.11000000013,-0.2614000021886754,2.3718999936531384,10.715799999803695,0.07859999974131607,0.12400000018300307,-0.3358999999252231,52.202343,-2.198283,35.55000000003874,Vw10
13974.21000000013,-1.956099997750114,-2.5424999938137627,10.563799997651365,-0.12169999991356163,0.26569999884421414,-0.2779999993954553,52.20234300000044,-2.1982829999977422,35.58000000007858,Vw10
13974.31000000013,-0.2382000030028168,2.180999992102283,8.77049999958575,-0.055700000074520355,-0.6167999993469974,0.18360000019212894,52.20268,-2.196559,35.64000000013097,Vw10
13974.41000000013,-2.5309999981114526,-3.849300000628774,8.454200001870344,-0.11260000007072231,-0.11820000036539859,0.33030000003680177,52.20268,-2.196559,35.740000000419094,Vw10
13974.510000000131,-1.088999996202736,-4.329399992743105,9.882299999527865,-0.1665999999057036,-0.3971999991498917,0.35839999936624956,52.20268,-2.196559,36.0600000004322,Vw10
13974.610000000132,1.810399995510574,1.2115999988832424,9.521800000935631,-0.09459999995835242,0.2518999995412218,-0.1254999998056446,52.20268,-2.196559,36.3900000003929,Vw10
13974.710000000132,-1.6174999945654218,0.35889999988129717,10.236199998472959,-0.06279999980310082,-0.098399999644428,0.022899999695798826,52.20268,-2.196559,36.6900000003219,Vw10
13974.810000000132,2.414210888417572,0.28597623969515795,9.071245541036427,0.08454554462700432,0.16103762300936889,-0.2024128710893639,52.20268,-2.196559,36.93277227759639,Vw10
13974.910000000133,0.40529999927538557,1.8435999921791568,6.425800006130607,0.1391000001033077,-0.40519999990373,-0.05369999957442014,52.20268,-2.196559,37.210000000531146,Vw10
13975.010000000133,-0.14040000132494096,-4.046199992375414,11.042699995736898,0.21689999960708556,-0.3326999995041762,0.26679999969552115,52.20268,-2.196559,37.61000000057098,Vw10
13975.110000000133,-1.1381999959960971,1.695799997922825,7.8322000041729405,-0.07899999971915714,0.04069999991023651,0.0374999997994928,52.20268,-2.196559,38.040000000544424,Vw10
13975.210000000134,1.8770999999199098,0.1314999984023707,10.974799997405215,0.13249999962377842,-0.026900000029343937,-0.11350000003957393,52.20268,-2.196559,38.450000000726874,Vw10
13975.310000000134,1.8175999975618957,-1.0553999983330489,9.047100001188834,-0.14699999975932587,-0.04869999999784632,-0.14289999960735658,52.20268,-2.196559,38.9900000005115,Vw10
13975.410000000134,0.006300002181815944,0.18299999654333804,9.930299999876164,0.031799999846550055,-0.04710000002705565,0.14880000009987707,52.20268,-2.196559,39.37000000056534,Vw10
13975.510000000135,1.6272000027195637,-2.3849999966947686,9.838300000180507,-0.08219999997496343,-0.06719999963225855,0.22299999944636875,52.20268,-2.196559,39.79000000065957,Vw10
13975.610000000135,3.6475999977807816,0.07050000700953261,9.972399997531694,-0.06359999979265359,0.20600000056126294,-0.18830000046228054,52.20268,-2.196559,40.28000000058465,Vw10
13975.710000000136,2.0162346535778757,5.2050594031308375,8.191350499680684,0.09043960416796751,0.6166930690228715,-0.5253722768330032,52.20268,-2.196559,40.71396039657355,Vw10
13975.810000000136,2.0996999922094957,3.1209999843345453,11.626400000366163,0.24439999950314306,0.4060000006571554,-0.2326000001189619,52.20268,-2.196559,41.11000000066848,Vw10
13975.910000000136,-3.6107999931306316,-8.361899977557128,11.894799991678532,-0.11980000011145858,0.8877000006522442,-0.31980000056234054,52.20268,-2.196559,41.60000000073669,Vw10
13976.010000000137,1.424499993208121,8.088899976840764,5.795100006002392,-0.20149999921788003,1.3657999979940183,-0.7319999988931905,52.20268,-2.196559,42.14000000061391,Vw10
13976.110000000137,-3.5539999908288826,-8.886999989204753,10.194900004693539,0.3717999995878625,-0.10459999890478648,0.07929999906140146,52.20268,-2.196559,42.590000000682124,Vw10
13976.210000000137,3.1684999944950176,-0.974000005854461,13.635299996123662,0.06970000057398575,0.6981999981486472,-0.6086999989530844,52.20268,-2.196559,43.09000000058062,Vw10
13976.310000000138,-0.8135999936300301,-5.208899988202326,10.831300001217786,0.48489999989355276,-0.6409999991751028,0.14859999971853688,52.20268,-2.196559,43.5100000004562,Vw10
13976.410000000138,3.794199997544524,3.325099997429506,11.712199993987388,0.4078999991987424,-0.04430000034408731,-0.054999999635314455,52.20268,-2.196559,43.840000000649745,Vw10
13976.510000000138,2.0180000046650792,1.4657000007669005,7.362900008429623,-0.1716999992660543,-0.29319999905966704,0.20879999958708576,52.20268,-2.196559,44.31000000113108,Vw10
13976.610000000139,5.342581997754726,2.0091669992063044,13.393585999167401,0.3440109986309344,0.37738799961069747,-0.07984499902328264,52.20268,-2.196559,45.12600000083066,Vw10
13976.71000000014,3.7435710009098306,1.5596410163441308,12.768130995836602,-0.6310839994577849,0.11116100168382999,0.608178998557093,52.20268,-2.196559,45.72340000047077,Vw10
13976.81000000014,4.325951475589984,13.047315813758738,9.811274260227338,-0.23834851414296238,1.2953277199990119,-0.4134475233425121,52.20268,-2.196559,46.06405940650997,Vw10
13976.91000000014,-2.4888999946548593,-6.791099996176868,11.808700001231133,0.2667999998586645,-0.6818999982895436,0.5917999986074424,52.20268,-2.196559,46.47000000070739,Vw10
13977.01000000014,1.2715673242595094,-4.0990871301557466,12.643789103986228,0.16539900969046079,0.513365344608227,-0.3826089095037621,52.20268,-2.196559,46.97534653540337,Vw10
13977.11000000014,-0.49169999744204435,-5.1277999956318805,9.132700003333479,0.015300000271580575,-0.8600999990051382,0.6064999995623057,52.20268,-2.196559,47.51000000053224,Vw10
13977.210000000141,1.3346000027163796,-2.0090999877245554,11.512699999100704,0.20919999960416585,-0.14980000056852788,0.2940000002304494,52.20268,-2.196559,47.89000000058759,Vw10
13977.310000000141,3.218481186482227,6.51733761822663,10.884628712790118,-0.06498613832773341,-0.5434851480865035,0.45253267294518656,52.20268,-2.196559,48.30396039660229,Vw10
13977.410000000142,2.066600000629243,2.6211000017072563,10.82749999752758,0.136399999787462,-0.24200000046295828,0.22580000049573282,52.20268,-2.196559,48.70000000056753,Vw10
13977.510000000142,2.5100999959545423,3.824399989403037,9.084900002354376,-0.013399999693820427,-0.5682999993260645,0.5751999994032478,52.20268,-2.196559,49.10000000038308,Vw10
13977.610000000142,-0.3411999990369106,-3.6444999959582307,10.74429999902102,0.20239999960358399,-0.0933000002102679,0.1546000004717549,52.20268,-2.196559,49.37000000048239,Vw10
13977.710000000143,0.3376000010405329,-0.7957999966308059,10.054299999226606,-0.07699999987225055,-0.2414999995599901,0.48709999921209196,52.20268,-2.196559,49.710000000488584,Vw10
13977.810000000143,1.0617000008499866,1.5488000029485836,9.516100002079916,0.011899999870526154,0.06469999940148881,-0.06119999985960494,52.20268,-2.196559,50.050000000474206,Vw10
13977.910000000144,1.6531999981804686,3.600699995203432,10.963499997227306,-0.07819999986405965,-0.35179999980183746,0.036500000614030796,52.20268,-2.196559,50.38000000040236,Vw10
13978.010000000144,0.38700000329590695,0.2628000020337884,9.034000002572377,0.016399999933035727,-0.2138999996444858,0.46379999944503,52.20268,-2.196559,50.660000000689756,Vw10
13978.110000000144,2.6806000006942154,1.6780999962910987,10.824099999838337,-0.030199999863484848,0.03349999948311052,0.07759999981304609,52.20268,-2.196559,51.14000000035925,Vw10
13978.210000000145,3.1636999976072286,-0.9028999868466694,10.711599998253188,0.06480000020736479,-0.32619999945444866,-0.05250000013271346,52.20268,-2.196559,51.39000000032014,Vw10
13978.310000000145,1.519400000344735,8.13599998667132,9.511200001345035,0.20729999991588993,0.04869999920211849,-0.143699998822459,52.20268,-2.196559,51.61000000023283,Vw10
13978.410000000145,1.7562999995292454,-1.0233999918139658,10.435499998443962,0.14949999975523678,-0.4995999992169614,0.6654999994819518,52.20268,-2.196559,51.770000000552976,Vw10
13978.510000000146,1.4327999999247667,4.601999996915576,9.366200000961443,-0.018700000014988474,0.038499999822321114,0.30949999965919417,52.20268,-2.196559,52.15000000055297,Vw10
13978.610000000146,1.381099999357533,2.482400005723996,10.026899997496342,-0.028999999990977715,-0.08359999938823748,0.07529999972627847,52.20268,-2.196559,52.53000000023283,Vw10
13978.710000000146,0.9395999979281311,6.415899987124414,8.306400005207815,-0.022799999859292076,0.336799999336389,-0.11279999916901289,52.20268,-2.196559,52.69000000005893,Vw10
13978.810000000147,-0.4665999971429795,-2.322899997627856,11.840999999573166,0.07269999970844908,-0.1135999993512657,0.4511999994911625,52.20268,-2.196559,52.73000000013394,Vw10
13978.910000000147,1.4437366322819305,-0.7337148521807602,11.570553467759263,-0.12095643531255729,0.31951782137170603,0.10651980157001803,52.20268,-2.196559,52.819900990084406,Vw10
13979.010000000148,0.5073999992890934,-1.2052000013812951,13.205900001858671,0.1034000002820052,0.04130000132412788,-0.17150000047501818,52.20268,-2.196559,52.80999999994107,Vw10
13979.110000000148,0.024900005136296914,-2.142699982879903,14.467399996630718,0.2947999995282203,0.939999999037986,-0.4939000002427359,52.20268,-2.196559,52.769999999836294,Vw10
13979.210000000148,3.4614852919612162,9.312737247824955,12.180851957442547,-0.019012744627752935,0.2926382351522072,-0.6568460784086612,52.20268,-2.196559,52.661274509991976,Vw10
13979.310000000149,2.000014703705593,4.516462737954318,9.916048035842415,0.29971274557275895,0.19646176456263412,-0.6414539215457019,52.20268,-2.196559,52.78872549038591,Vw10
13979.410000000149,-0.4735000023053726,-0.2416000014053585,10.883999997660919,0.16440000009829453,0.08070000006652407,0.27439999955566086,52.20268,-2.196559,52.70999999976135,Vw10
13979.51000000015,-2.0190999972164296,-1.1837999970343087,9.315800003757268,0.2303000000866603,0.12530000017555795,-0.02350000013931276,52.20268,-2.196559,52.54999999973151,Vw10
13979.61000000015,-0.15289999972987645,0.8044999968162411,11.834799999226918,0.2883999996551487,0.24299999988142007,-0.11690000011738666,52.20268,-2.196559,52.36999999953761,Vw10
13979.71000000015,0.02819999927516212,-1.3299999963190803,11.316499996063945,0.05719999975798071,0.16349999999100243,-0.19559999983057125,52.20268,-2.196559,52.05999999989325,Vw10
13979.81000000015,-0.4409742564996882,1.037938606943444,8.753996042400084,-0.10149603960336169,0.15726237618658373,-0.08249702940017281,52.20268,-2.196559,51.98633663310956,Vw10
13979.91000000015,0.17159999472096898,-3.538199993043624,10.603599993623826,-0.10110000046757305,0.12349999996406769,0.11779999905141704,52.20268,-2.196559,51.61999999951687,Vw10
13980.010000000151,-3.3249999938351418,1.0694000009137867,6.3803000056623675,-0.41079999952084145,0.0996999994741761,-0.5104999993874029,52.20268,-2.196559,51.29999999998475,Vw10
13980.110000000152,0.7093108898509792,1.6839821805434878,10.06377029256504,-0.09749009914447705,-0.2420455440926455,-0.10576138567919903,52.20268,-2.196559,51.291584158655354,Vw10
13980.210000000152,-0.10959999969547934,3.222199999450396,7.110800003192349,-0.186499999724816,0.06339999939798727,0.19809999991947697,52.20268,-2.196559,51.44999999981665,Vw10
13980.310000000152,0.08969999791297159,2.8624999942995197,9.200100002259077,-0.0063999997833365345,-0.3305999997003688,0.14539999998028943,52.20268,-2.196559,51.32999999961801,Vw10
13980.410000000153,-1.2761999991576405,-0.8682999999937354,10.678599999683103,0.13539999997937266,-0.13449999993674283,0.13250000003728202,52.20268,-2.196559,51.07999999961801,Vw10
13980.510000000153,-0.7248999952295514,-0.8641999986912096,10.471200003406404,0.12190000033105607,-0.09309999989458681,0.15689999960520215,52.20268,-2.196559,50.829999999398076,Vw10
13980.610000000153,2.3377128669588805,-0.03898713219955782,12.638539597876608,0.33456831655141506,-0.023185148267761076,-0.09909207923731107,52.20268,-2.196559,50.438415841341765,Vw10
13980.710000000154,-0.4910000008831557,-2.317700000191103,8.662500000716326,0.15140000001453374,0.13829999949209268,-0.11829999995964573,52.20268,-2.196559,50.27999999986085,Vw10
13980.810000000154,-1.0622000003296372,-2.4412999970747014,9.1257999994655,0.16079999993289748,-0.1901999994789505,-0.09220000008843927,52.20268,-2.196559,50.189999999969075,Vw10
13980.910000000154,-1.2753999979705355,-0.5492999983487215,8.780100004137937,0.11740000000896762,0.14680000006261873,-0.14939999997108716,52.20268,-2.196559,50.16999999978354,Vw10
13981.010000000155,0.03719999998237399,0.5187000003582409,11.456399997905597,0.12320000010931217,0.18729999997912708,-0.1307000002003799,52.20268,-2.196559,50.02999999947431,Vw10
13981.110000000155,0.02579999938680048,0.7503999995458983,10.101800002841962,0.1938999999914962,0.1737999997345276,-0.260299999763595,52.20268,-2.196559,49.689999999520694,Vw10
13981.210000000156,-0.3708000016583472,0.4566999971979705,11.93989999486524,0.18839999962565562,0.0020999993867822924,-0.10739999978803316,52.20268,-2.196559,49.37999999990614,Vw10
13981.310000000156,-1.430899998230884,-1.3344999929213237,8.657499999999684,-0.05089999985288969,-0.3898999993530939,0.028099999821603074,52.20268,-2.196559,49.31999999987359,Vw10
13981.410000000156,-0.30727128649769075,3.1085742516733457,8.673953467954986,0.04223663366910431,0.018048514624137292,-0.08134653411254494,52.20268,-2.196559,49.23861386116903,Vw10
13981.510000000157,0.09559999896363079,-0.5639999979629282,10.339299999203911,0.04590000001955414,-0.12709999969870986,0.263999999548847,52.20268,-2.196559,49.09999999967149,Vw10
13981.610000000157,-0.566899999692609,0.7381999994357458,9.830399998971139,0.05839999985623799,0.065499999851545,-0.02439999996495899,52.20268,-2.196559,48.89000000001565,Vw10
13981.710000000157,-0.37039999941810714,0.3774999991239165,9.172700002273608,-0.03350000003956302,-0.029399999845387718,-0.0019999998980856615,52.20268,-2.196559,48.89999999979427,Vw10
13981.810000000158,-0.002700000013907001,-0.17609999927939357,10.609399999844467,-0.05850000005514845,0.06830000009335274,0.0623999999459705,52.20268,-2.196559,48.76999999974424,Vw10
13981.910000000158,-0.014876238174572873,0.24897029295282674,10.515405941117887,-0.0928257425466463,0.12586732660073605,0.029621782340119397,52.20268,-2.196559,48.609801980166644,Vw10
13982.010000000158,-0.3625000014479266,-2.323999996001817,10.845999995871377,-0.07540000010789914,0.04260000022490977,0.13179999957863386,52.20268,-2.196559,48.589999999904094,Vw10
13982.110000000159,-1.2523792053978529,0.17052178111993269,8.268394060229033,-0.14288415841333119,0.18157623735060086,-0.13118514841741707,52.20268,-2.196559,48.53039603966672,Vw10
13982.21000000016,0.3397000001637527,-0.4972999989395292,8.787799999816238,-0.14130000004001778,0.009200000064668711,-0.06969999991404184,52.20268,-2.196559,48.57,Vw10
13982.31000000016,0.44200000010276563,0.1651999999247666,8.673000003092254,-0.16629999979654966,0.049599999677296724,-0.015999999912120984,52.20268,-2.196559,48.570000000128054,Vw10
13982.41000000016,0.5061999974137318,0.11819999853486952,10.60479999797334,-0.039199999940613635,-0.1519999998428102,0.03889999983848829,52.20268,-2.196559,48.64999999993597,Vw10
13982.51000000016,-1.109499998768413,-0.797099999826323,9.338700004813656,-0.002099999623352778,-0.0538000000243308,-0.06199999977670086,52.20268,-2.196559,48.60999999998399,Vw10
13982.61000000016,-0.34009999608706276,-0.6885999960318382,12.345899996612097,0.23319999908967584,-0.06900000053911937,0.07750000042018655,52.20268,-2.196559,48.599999999967984,Vw10
13982.710000000161,2.1044000027027545,1.790400004548301,10.22940000344324,-0.33549999892326926,-0.4057999993877318,0.3399999995429844,52.20268,-2.196559,48.58000000019427,Vw10
13982.810000000161,3.7738999927193184,4.599899989323836,12.35629999468272,0.3295999990396682,-0.02760000099789031,0.057700000943495255,52.20268,-2.196559,48.70000000004857,Vw10
13982.910000000162,-0.7234000024589481,-1.9948000034514959,9.071800001061026,-0.26359999940019735,-0.643999998685129,0.6404999986839957,52.20268,-2.196559,48.72999999983811,Vw10
13983.010000000162,-2.24229999966165,-4.12680000092504,9.72720000224574,0.1068999999379961,0.16819999882176415,-0.17239999934790684,52.20268,-2.196559,48.62999999987049,Vw10
13983.110000000162,-2.03329999499954,-4.698199995392932,11.114399997622645,0.06859999992747325,-0.5595999993708952,0.2303999994937698,52.20268,-2.196559,48.55000000012951,Vw10
13983.210000000163,1.0554999987255251,-1.852399993597994,9.645899994871813,0.02380000035197445,-0.17100000024310794,-0.08229999971711077,52.20267999999997,-2.196558999997255,48.63,Vw10
13983.310000000163,0.2769999991403637,2.05819999356296,6.5134000099222416,0.23879999994122847,-0.3194999999179818,0.0904999999621832,52.202663,-2.194882,48.63000000013097,Vw10
13983.410000000164,-0.24809999861178034,-1.873799995185631,12.574299991696808,0.20289999931870578,-0.26939999977179946,0.06740000021612902,52.202663,-2.194882,48.70999999991732,Vw10
13983.510000000164,0.6045742595850977,1.0570653497251632,7.597863373673669,-0.20445445468410658,-0.127547524121027,0.1960722768953645,52.202663,-2.194882,48.660693069420525,Vw10
13983.610000000164,1.921999996378592,3.0035999882736846,12.07419999618787,0.2600999990242941,0.25769999940819177,-0.00669999964638846,52.202663,-2.194882,48.730000000147335,Vw10
13983.710000000165,-0.29010000084171006,-4.159299992778674,9.745599996754656,-0.3358999995951184,-0.1037999997283685,0.2092999994367081,52.202663,-2.194882,48.819999999983445,Vw10
13983.810000000165,-0.7985999988035634,0.20329999714364821,7.78500000582758,-0.09129999973316881,0.0602999996793722,-0.13099999963467962,52.202663,-2.194882,48.809999999784814,Vw10
13983.910000000165,-0.07580000207489393,-1.522299998240106,11.305599995482243,0.06989999956201282,-0.13339999991011828,0.08970000002019442,52.202663,-2.194882,48.6799999997186,Vw10
13984.010000000166,-1.329299998411593,-0.45909999671542717,8.576300000904444,-0.1946999993905258,-0.07910000057421676,0.10190000034396726,52.202663,-2.194882,48.50999999976826,Vw10
13984.110000000166,-0.3696999978388659,1.5252000002305803,9.122699999509871,0.1734999997674331,-0.42599999923757786,0.30969999931769343,52.202663,-2.194882,48.369999999751705,Vw10
13984.210000000166,0.9358999969015698,1.6644999948102341,8.826600000667714,0.033000000269261365,0.034599999655599824,-0.10250000007212656,52.202663,-2.194882,48.21999999968204,Vw10
13984.310000000167,-0.9155999979883214,-1.4366999985996403,9.225600003116838,0.19390000006459593,-0.17120000021805318,-0.14559999970898352,52.202663,-2.194882,48.029999999698774,Vw10
13984.410000000167,0.286499998463281,-0.599899998960589,11.088099994484818,0.23249999945130462,-0.30149999910613023,0.028300000018932188,52.202663,-2.194882,47.84999999983096,Vw10
13984.510000000168,-0.600982174595861,0.03276930990785396,7.8567188171285025,-0.08929009853911575,0.22609801960059428,0.03651386088582562,52.202663,-2.194882,47.74851485123632,Vw10
13984.610000000168,1.5607999969951167,1.8096999927868413,10.98860000102818,0.19169999936525275,0.10590000021470623,-0.2620999999213469,52.202663,-2.194882,47.599999999832654,Vw10
13984.710000000168,-0.23479999720436245,-2.5005999936642254,11.602999997020648,-0.1875999998844596,0.23420000034526783,-0.2151000000334949,52.202663,-2.194882,47.499999999120334,Vw10
13984.810000000169,1.4177999956422833,1.2446999910793686,9.8418000029736,-0.11929999973204104,0.43829999930320523,-0.23489999960838068,52.202663,-2.194882,46.97999999947558,Vw10
13984.910000000169,-1.158199998152876,-4.028599991145005,11.599599996577096,0.03909999984605893,0.026400000461654055,-0.0034000004729881766,52.202663,-2.194882,46.669999999966166,Vw10
13985.01000000017,-0.06629999916151753,1.2058999944474247,9.576199999647145,-0.05189999988722266,0.2992999992520812,-0.2829999995104438,52.202663,-2.194882,46.64999999960698,Vw10
13985.11000000017,0.41456336467048366,-2.0109098954529805,9.377733664727096,0.014485148580088762,-0.13568712825335935,0.0035594059506563643,52.202663,-2.194882,46.41871287106911,Vw10
13985.21000000017,-0.5690999978847445,1.258100004480833,10.181100000678127,0.0529999997252271,0.13559999921876953,0.009500000382835423,52.202663,-2.194882,46.29000000015389,Vw10
13985.31000000017,0.6679999988172967,3.8786999941871936,10.57769999794117,-0.1077000002258712,-0.321299999760279,0.23339999977378684,52.202663,-2.194882,46.3799999988886,Vw10
13985.41000000017,-0.023700000707193976,0.47910000064290365,9.373600007100324,-0.23979999927895626,-0.18110000068359805,0.10110000003163222,52.202663,-2.194882,45.73,Vw10
13985.510000000171,-0.437300004287278,0.8550999839863994,13.526200000837655,0.18190000030435333,-0.5809000012011696,0.11960000042387182,52.202663,-2.194882,45.72999999950414,Vw10
13985.610000000172,-2.9446999970062238,-8.510399997331609,14.016099995868661,0.35989999904710057,-1.2833999958582303,0.36749999822825336,52.202663,-2.194882,45.43999999984611,Vw10
13985.710000000172,-1.1938000040875056,-6.94980001081511,11.59990000315281,-0.19739999959667548,1.138899996887973,-0.6686999984900387,52.202663,-2.194882,45.349999999723515,Vw10
13985.810000000172,-3.5591999909877536,-13.20839997306262,13.424399996484821,0.03599999943475814,-0.6619999969462078,0.205099998398971,52.202663,-2.194882,45.18999999977535,Vw10
13985.910000000173,1.6560999983165434,2.380000006077862,11.390199994920426,-0.29109999991411645,1.1051999982885492,-0.7213999983388353,52.202663,-2.194882,45.059999999740796,Vw10
13986.010000000173,0.6819000036549772,5.897199992646153,8.45070000572586,-0.241399999211841,0.11480000150892447,0.23989999861151992,52.202663,-2.194882,44.90999999967167,Vw10
13986.110000000173,2.7969999970258708,1.641600006852888,11.764199994956543,0.21469999956401553,0.9879999993500842,-0.5636000000152067,52.202663,-2.194882,44.71999999968895,Vw10
13986.210000000174,1.075899989837641,5.607299980524823,8.845600001081614,-0.037599999719555494,0.6118999999118154,-0.5723999997183331,52.202663,-2.194882,44.5399999997206,Vw10
13986.310000000174,-4.743699991616175,-5.545399987399555,9.464999998442014,0.1229999999308493,0.5614000000932486,-0.4111000000726432,52.202663,-2.194882,44.37999999966822,Vw10
13986.410000000174,0.0573999940142734,1.6703999879639364,8.572800000962173,0.0833999999231659,0.6147999992086086,-0.4526999994453974,52.202663,-2.194882,44.18999999975553,Vw10
13986.510000000175,-3.3703999937841203,-5.222199986155541,9.123800001248902,0.039400000080151945,0.16160000070477834,-0.13510000045594062,52.202663,-2.194882,44.04999999975553,Vw10
13986.610000000175,0.18919999772099547,2.705999987469754,9.838999999815075,0.0852999998320127,0.5651999987608753,-0.3961999991467921,52.202663,-2.194882,43.90999999965075,Vw10
13986.710000000176,-1.1158999949721167,-4.469599986083362,9.73309999939172,-0.010900000061665579,-0.14439999903687634,0.09239999936783871,52.202663,-2.194882,43.709999999803955,Vw10
13986.810000000176,1.690580195437359,3.317230689241639,9.389896039267645,-0.04450098992254471,0.3890049492594434,-0.2584702963532239,52.202663,-2.194882,43.598514851222816,Vw10
13986.910000000176,0.228600002069135,1.1503000052729684,9.199500001428651,0.055400000090691175,-0.31049999908003156,0.12449999963070695,52.202663,-2.194882,43.44999999964712,Vw10
13987.010000000177,1.4012999968686843,4.138799991811505,10.009199998077312,0.10679999970587124,0.21089999881254554,-0.08479999933428443,52.202663,-2.194882,43.24999999970005,Vw10
13987.110000000177,-0.37340000171307514,-0.5021000046702425,8.919500002155239,-0.059899999690697224,-0.46209999915007904,0.2924999994835543,52.202663,-2.194882,43.07999999970005,Vw10
13987.210000000177,-1.3443000033550496,-3.148999997707386,10.140999997832882,0.1153999996397346,0.019599999086947355,-0.00019999947270407575,52.202663,-2.194882,42.90999999975043,Vw10
13987.310000000178,-3.226399992900044,-1.8628999909596735,8.925300002519183,-0.08669999970052158,-0.49259999935772575,0.29559999964846934,52.202663,-2.194882,42.769999999607826,Vw10
13987.410000000178,0.7564999984147253,3.208499998847721,10.338499998482463,0.08129999983100861,-0.13230000037559583,0.098400000178974,52.202663,-2.194882,42.549999999839564,Vw10
13987.510000000178,-0.13280000074958734,2.562099991883244,9.487200001245688,-0.013499999935826054,-0.34299999979339546,0.19879999988698255,52.202663,-2.194882,42.459999999696954,Vw10
13987.610000000179,-0.5532999967413896,-1.9911999911172564,10.186000000057222,0.022500000073086994,-0.22709999980480425,0.13539999971442593,52.202663,-2.194882,42.28999999951869,Vw10
13987.71000000018,1.2746999965552506,2.991799993834783,10.218099999829644,0.06349999990779906,-0.11760000045019987,-0.02479999940591624,52.202663,-2.194882,42.02000000012606,Vw10
13987.81000000018,-0.6381999982089248,-0.43179998778427653,10.123499996054628,0.01229999977688094,-0.3675999989906519,0.3050999994993777,52.202663,-2.194882,42.08999999971188,Vw10
13987.91000000018,0.3563999974941875,6.351699992554774,7.9326000026102585,-0.1115999994700247,0.19289999915002262,0.02710000029677176,52.202663,-2.194882,41.92999999985594,Vw10
13988.01000000018,-1.0351000019746948,2.2173000031648593,9.38209999281863,0.18269999856172509,-0.27909999904575816,0.19189999969822966,52.202663,-2.194882,41.8500000001819,Vw10
13988.11000000018,-2.090333657891405,3.9096702884602843,5.471687135489683,-0.6037178210101183,0.2417801973491363,0.028401980631087387,52.202663,-2.194882,41.94990099008116,Vw10
13988.210000000181,0.9463000038018697,-0.8432999901034244,9.230400005235415,-0.17550000000181898,-0.1301999995687176,0.2685999996620318,52.202663,-2.194882,41.94000000005457,Vw10
13988.310000000181,3.0363999926449163,4.597399997173291,12.108599991201183,-0.17650000062700563,0.1068999989522621,0.08280000014115357,52.202663,-2.194882,41.97,Vw10
13988.410000000182,-1.0070999947263861,3.0434000136245944,7.271400008375901,-0.5211999987205228,-0.4690999977224434,0.16039999878600647,52.202663,-2.194882,41.96999999969077,Vw10
13988.510000000182,1.892099994082221,10.533599983075865,11.876099995458956,0.18219999967662412,0.7829999986723214,-0.5069999989490284,52.202663,-2.194882,41.79999999994487,Vw10
13988.610000000182,-1.3255742568564979,1.2544544430534263,9.413021783711951,0.00746138636833127,0.06852772425245793,0.05915148408341223,52.202663,-2.194882,41.76960396032392,Vw10
13988.710000000183,-1.0130000018180725,-5.550099988943671,10.255199996046574,0.1335999993810543,0.8812999995447469,-0.525699999460053,52.202663,-2.194882,41.730000000055114,Vw10
13988.810000000183,-2.002599999605007,0.4679999932513055,8.103300003779998,-0.20329999942349314,0.6334999995949019,-0.23179999990115976,52.202663,-2.194882,41.76000000003674,Vw10
13988.910000000184,-1.787599994105594,-3.205399986756877,10.1608000018629,0.11050000001414628,0.41300000049861046,-0.17800000043926956,52.202663,-2.194882,41.7799999998714,Vw10
13989.010000000184,1.4207999956462525,4.002999989195916,11.17480000000698,0.11820000009920768,0.6843999988014242,-0.417099999364336,52.202663,-2.194882,41.70999999990814,Vw10
13989.110000000184,-0.9489999971272027,-1.8777999904317864,11.178599998307222,0.17219999987047885,0.03200000064264532,-0.07110000018279934,52.202663,-2.194882,41.65999999994488,Vw10
13989.210000000185,0.614699996841605,3.3302999957510186,10.257199995417979,0.10169999998682688,0.3817999993079473,-0.1705999996164952,52.202663,-2.194882,41.630000000148435,Vw10
13989.310000000185,-1.0875999968326993,1.0401999978702217,7.78760000564292,0.09460000024398105,0.00880000003488094,0.03609999975713217,52.202663,-2.194882,41.710000000037105,Vw10
13989.410000000185,0.6194999940246091,-0.10770000318627511,10.828999994701176,0.22609999948343582,0.027600000370522737,-0.09479999971397922,52.202663,-2.194882,41.730000000128584,Vw10
13989.510000000186,-2.6010940653749515,-1.8250267358561405,7.973059400647427,-0.05231584210017107,0.22730297066715682,0.05935841612729956,52.202663,-2.194882,41.79930693082152,Vw10
13989.610000000186,0.25315841252745575,2.697077220362722,10.559015838893682,0.19400495027306544,0.42113762285917505,-0.3119673262622215,52.202663,-2.194882,41.77138613887134,Vw10
13989.710000000186,-1.530999995693999,-1.2651999956325466,9.110600004715186,0.07450000028965223,-0.06509999968243174,-0.058699999979578206,52.202663,-2.194882,41.909999999925056,Vw10
13989.810000000187,0.7672999988546687,1.0658999991122358,11.627299997532011,0.22909999950625093,0.10439999995571589,-0.04779999997085575,52.202663,-2.194882,41.87000000009462,Vw10
13989.910000000187,0.16110396020922838,0.5794732640770344,10.314445542912521,-0.030980197866044827,0.07954851457925328,-0.031736633538949316,52.202663,-2.194882,41.92069306943692,Vw10
13990.010000000188,0.06150000012471469,-1.1531999948461986,9.439000000144775,0.05100000027762739,-0.06559999906814092,0.03459999969152512,52.202663,-2.194882,41.9900000000757,Vw10
13990.110000000188,0.14349604262312718,1.6029237685330573,9.532280201167296,0.19625445517440082,0.4234168310485806,-0.12925346550662087,52.202663,-2.194882,42.03009900991956,Vw10
13990.210000000188,1.7531000005005568,4.885299999182765,11.210299997200401,0.051700000138854375,0.08510000094379357,-0.21460000054501288,52.202663,-2.194882,42.04000000020809,Vw10
13990.310000000189,2.0177000024193577,4.453299997171457,9.730400001952663,0.12509999999810825,0.5839999994536629,-0.5026999990991492,52.202663,-2.194882,42.149999999867575,Vw10
13990.410000000189,3.2965999923855214,2.9580999919305553,10.76259999625415,0.12410000001645821,0.29520000032084065,-0.02650000020865991,52.202663,-2.194882,42.080000000245924,Vw10
13990.51000000019,-0.7285000004175091,-1.3074999991394436,8.782500003479873,0.1328000000701839,0.464799999402964,-0.1368000002729794,52.202663,-2.194882,42.21000000003784,Vw10
13990.61000000019,-0.9492000017939456,-0.8525999973914673,10.621999999735722,0.1698999995160906,0.14920000105786602,-0.2811000001729059,52.202663,-2.194882,42.229999999924324,Vw10
13990.71000000019,-1.8974999990933519,0.5263000102693594,10.482299997552987,-0.08590000003227798,0.7083999996132374,-0.372499999594329,52.202663,-2.194882,42.19,Vw10
13990.81000000019,-1.422799998000867,5.903099992054273,9.201100002879997,-0.10279999962794391,0.5058999999520606,-0.1601000001025637,52.202663,-2.194882,42.1900000000382,Vw10
13990.91000000019,-0.3760999992089033,1.7429000042513327,10.708999998294805,0.0919999999186366,0.4807999997368104,-0.21379999998223756,52.202663,-2.194882,42.20999999977081,Vw10
13991.010000000191,0.03810000106899279,3.96879999136975,9.816200000814398,0.04939999993028723,0.3430000001629177,-0.204499999687152,52.202663,-2.194882,42.090000000267395,Vw10
13991.110000000192,0.5977999954595024,-0.5497999931364436,10.242599994208492,0.012899999703195499,0.428299999781885,-0.04070000031819582,52.202663,-2.194882,42.229999999751705,Vw10
13991.210000000192,-1.779499998903109,3.043799997510377,7.210300002823832,-0.14249999911500835,0.3140999999444933,-0.20729999995325749,52.202663,-2.194882,42.100000000077905,Vw10
13991.310000000192,-1.1935544510554046,1.7882881232102386,8.69629505647169,0.31204455448334617,0.28350296989227997,-0.1819831680626687,52.202663,-2.194882,42.1391089107191,Vw10
13991.410000000193,1.0809999962146977,4.067100004082234,12.30579999448748,0.32649999953512815,0.07380000133889263,-0.050300000623171214,52.202663,-2.194882,42.04999999973006,Vw10
13991.510000000193,-0.882200000010219,6.184299993778508,9.446800000068256,0.08539999998322528,0.7681999989977587,-0.37349999968128034,52.202663,-2.194882,41.91,Vw10
13991.610000000193,-0.8874999990332362,2.957599985077633,9.48219999935485,0.07669999983283124,0.24840000138401083,-0.20820000057747456,52.202663,-2.194882,41.91,Vw10
13991.710000000194,-0.3861000040929135,-4.781699971293746,9.147599999466125,-0.009999999647910955,0.9661999996391525,-0.5076999997570995,52.202663,-2.194882,41.90999999988322,Vw10
13991.810000000194,-2.4889999956465374,9.967299979464569,8.873300000006488,0.1708999994455941,0.7808000001327036,-0.3828999999191983,52.202663,-2.194882,41.85000000007864,Vw10
13991.910000000194,-0.3062544616127813,-0.3792742381715258,8.867087126859479,-0.1111960396226718,0.8510613866766147,-0.3444485153674952,52.202663,-2.194882,41.88980198015944,Vw10
13992.010000000195,-3.4716999935567117,9.503299978751066,7.915800002255394,-0.12079999971330727,1.1271999981626752,-0.6092999988090476,52.202663,-2.194882,41.86999999988322,Vw10
13992.110000000195,-0.16120000748417915,-1.4141999830748129,9.074599998626288,0.0265,0.1832000013131812,0.0025999991076128934,52.202663,-2.194882,41.810000000214096,Vw10
13992.210000000196,-4.006499992097175,7.281799983659021,8.368800000769106,0.02649999992652738,0.8578999975679384,-0.4558999988623531,52.2026630000001,-2.194881999996873,41.91999999976426,Vw10
13992.310000000196,0.016299997707418513,-1.0362999959472188,8.76030000458595,-0.010899999676641892,-0.38009999879457756,0.12319999999783904,52.202713,-2.19329,41.8000000001768,Vw10
13992.410000000196,-1.1506999981309667,1.0267000138802351,11.094699999300634,0.15369999911990018,0.23349999877021765,0.12210000070290117,52.202713,-2.19329,41.89000000013752,Vw10
13992.510000000197,-0.19930000162288053,8.092199987464864,10.738699999215571,-0.29429999999391004,-0.3924999997149498,0.47989999955444945,52.202713,-2.19329,41.960000000176805,Vw10
13992.610000000197,-1.0254000013307583,1.7114000092453703,10.3394000001495,-0.2911999996008119,-0.24739999987603953,0.2530999997477571,52.202713,-2.19329,42.05000000011787,Vw10
13992.710000000197,-1.7027999953456154,6.41759998396572,10.415499999400234,-0.08799999990383912,-0.18430000044908118,0.12470000050082963,52.202713,-2.19329,42.110000000019824,Vw10
13992.810000000198,0.6446999954276992,-1.6694999916960624,10.112999996848501,-0.039500000043421093,-0.4107999988161308,0.377299999200576,52.202713,-2.19329,42.11999999990086,Vw10
13992.910000000198,-1.6613999965838695,2.5186999966449206,8.52350000381797,-0.06139999984373981,0.1862999995681251,-0.025899999649199788,52.202713,-2.19329,42.070000000215934,Vw10
13993.010000000198,0.06157030044242018,0.8265217788264911,10.449143568170593,0.017411881344222883,-0.031521782609661236,0.1510306934197566,52.202713,-2.19329,42.17891089130483,Vw10
13993.110000000199,-2.0853999997006123,5.67219999517213,9.957200002830897,-0.2572999994519821,-0.2899999996770184,0.40539999935800225,52.202713,-2.19329,42.250000000099135,Vw10
13993.2100000002,-1.9343999999061583,3.237200003087771,11.384999998577769,0.019099999506380843,-0.12710000021449522,0.0816000001792796,52.202713,-2.19329,42.30000000008003,Vw10
13993.3100000002,-1.8874999945547823,4.780399986904786,10.67419999643842,-0.22759999970486897,-0.23430000006302798,0.17120000038297,52.202713,-2.19329,42.340000000160074,Vw10
13993.4100000002,0.833899995324793,-1.7642999919673428,8.894200000695864,-0.08009999986519267,-0.26579999915902053,0.3625999995401999,52.202713,-2.19329,42.420000000282954,Vw10
13993.5100000002,-1.4651297001321717,2.2010623744275057,9.251861388814724,-0.012866336526777563,0.14872970265578703,0.13342574223892553,52.202713,-2.19329,42.55980198015836,Vw10
13993.6100000002,-0.04810000075753632,1.2973000000422186,10.58799999896834,0.04049999989315256,-0.00829999976649633,-0.03400000008563803,52.202713,-2.19329,42.54,Vw10
13993.710000000201,-0.42669999817051324,1.3183999993803448,10.072399997689569,-0.012899999882691554,0.10840000000646105,-0.07679999965453571,52.202713,-2.19329,42.54000000030286,Vw10
13993.810000000201,0.479399998368181,1.011500000639644,8.928100000546767,0.04520000009267569,0.11159999998526074,0.0942999996904753,52.202713,-2.19329,42.69000000046439,Vw10
13993.910000000202,-0.3288000008408747,1.3283000009026709,9.198900001482697,0.09109999996777633,0.10430000000203948,-0.05899999990618424,52.202713,-2.19329,42.919999999898025,Vw10
13994.010000000202,-0.7348901948234052,1.7651225478519619,9.930909804934071,0.07586176481941724,0.10598137268672772,-0.01272941171001892,52.202713,-2.19329,42.870980392355,Vw10
13994.110000000202,-0.11390980266897877,1.187377449815013,10.431890197088967,0.13203823540743215,0.1741186275884212,0.014329411819286686,52.202713,-2.19329,42.969019608040895,Vw10
13994.210000000203,0.3496999922520656,1.0030999966085599,9.612399996603669,0.0418000000979926,-0.0382999993678357,-0.052400000061932954,52.202713,-2.19329,43.000000000427825,Vw10
13994.310000000203,-3.453399998422249,-0.6615999921984977,7.945300002403564,0.0898999999635761,0.27199999937462044,-0.08279999960921493,52.202713,-2.19329,43.21000000047331,Vw10
13994.410000000204,-2.677472547137919,3.1416588260088756,9.104629409996575,0.06927941116913083,-0.02671764600202268,0.10281078343905585,52.202713,-2.19329,43.44205882394925,Vw10
13994.510000000204,-1.7547274491023233,4.357541178945281,8.237570586470563,-0.22277941235913512,0.49151764811359117,-0.3261107851867123,52.202713,-2.19329,43.64794117688962,Vw10
13994.610000000204,0.280900002509435,-0.7782999937348013,7.631400004946567,-0.28849999955599537,0.004900000367706925,0.1702999996484714,52.202713,-2.19329,43.86000000069906,Vw10
13994.710000000205,1.5126647084089218,2.2969941239550344,10.059439220666615,-0.0705588230823756,0.1853901964486488,-0.002249019961771903,52.202713,-2.19329,44.203137255605796,Vw10
13994.810000000205,-0.1785000064874366,-0.937099996459268,9.463800000569568,-0.28609999973895683,-0.07390000006228037,0.08460000001007174,52.202713,-2.19329,44.30000000063719,Vw10
13994.910000000205,-3.334699992982461,0.7854999948442946,9.740900000820128,-0.15909999983206907,-0.1041999997652667,0.08950000028509203,52.202713,-2.19329,44.6100000006783,Vw10
13995.010000000206,0.07940000307743175,-1.7227999856757186,10.139899996336352,-0.0773999996894203,0.009999999825080522,0.22819999985591238,52.202713,-2.19329,44.940000000678296,Vw10
13995.110000000206,1.576599999849746,5.246099990306871,8.357500005867715,0.07370000009455108,-0.07510000021623418,0.15809999964193922,52.202713,-2.19329,45.27000000061664,Vw10
13995.210000000206,1.5034999923683474,0.5303000045871605,11.212199994414764,0.11969999969397983,-0.18029999938397995,-0.01610000003099999,52.202713,-2.19329,45.570000000335135,Vw10
13995.310000000207,-2.1220445507285612,2.6984485103159273,8.558541586823852,-0.02425049460334747,0.11009504873594023,-0.02869306884885376,52.202713,-2.19329,45.73188118850928,Vw10
13995.410000000207,-0.32650000524130224,0.5133000050827414,9.842699995551921,0.190699999130953,-0.2603999989654801,0.19199999932093267,52.202713,-2.19329,45.92000000058649,Vw10
13995.510000000208,-2.787029991330015,2.9022469921845597,7.747570005909372,-0.22320799979409564,0.22990899925463454,-0.12848799922951917,52.202713,-2.19329,46.20200000041513,Vw10
13995.610000000208,1.3272881144709738,-0.7749475142795046,10.57423366505473,-0.12728415888998926,-0.125444554423178,0.2395990100253331,52.202713,-2.19329,46.40306930756782,Vw10
13995.710000000208,-0.7639000026815671,4.270299996312449,11.387599995722931,-0.3556999995131723,-0.10989999972552553,0.2994999994979589,52.202713,-2.19329,46.71000000065502,Vw10
13995.810000000209,-2.028025741532738,2.5179603945447004,9.370981189706177,-0.12393069278259886,0.015806929815116534,0.06302574280996753,52.202713,-2.19329,47.02079207937377,Vw10
13995.910000000209,-1.5305999928375473,1.8039999898022907,10.129100000919571,0.012999999864030541,-0.40349999977345397,0.17560000006296433,52.202713,-2.19329,47.1000000005648,Vw10
13996.01000000021,1.8933999932970331,-3.0709999970566364,10.568699997867805,-0.05199999995119045,-0.2952000004973926,0.20570000016650183,52.202713,-2.19329,47.37000000046485,Vw10
13996.11000000021,-1.2556762327607087,-1.6802623767113654,9.575380201324174,-0.027439603654589254,-0.5277277221708226,0.28456435644911976,52.202713,-2.19329,47.59207920835618,Vw10
13996.21000000021,1.0666999923832179,-1.9064999874125357,11.153399995627854,0.11859999974825906,-0.2405000000858635,0.2910000001919916,52.202713,-2.19329,47.800000000459605,Vw10
13996.31000000021,-2.543101987807651,4.0590445670310915,9.081320787711169,-0.000706930944573872,-0.2811930693927136,0.3819900992017124,52.202713,-2.19329,48.0178217826374,Vw10
13996.41000000021,0.5645999990730798,-1.1264999979946213,10.665699996379065,0.13839999968584032,-0.05519999990622099,0.03210000008418797,52.202713,-2.19329,48.11000000042627,Vw10
13996.510000000211,0.13424752571291648,-0.1899950504331888,8.972856436922688,-0.008391088980308376,-0.011372277264107875,0.07111980187877977,52.202713,-2.19329,48.31178217859422,Vw10
13996.610000000212,0.5890000010291085,-0.6294999968942898,9.578500000372703,0.052499999965320336,-0.0285999998759053,0.02309999974658776,52.202713,-2.19329,48.49000000031337,Vw10
13996.710000000212,1.0767227733141538,0.8423811912481143,9.75513366374187,0.036064356400700465,0.03021188131315619,-0.09699901015632738,52.202713,-2.19329,48.6385148518009,Vw10
13996.810000000212,1.3623999965414337,-1.665599994739046,10.287899997958402,-0.06019999997041777,-0.08419999917744389,0.14129999947156358,52.202713,-2.19329,48.770000000383085,Vw10
13996.910000000213,-0.2627000018438103,0.8063999989576033,9.328600001280584,-0.04629999984909003,0.30229999987768125,-0.10699999997678308,52.202713,-2.19329,48.95000000021498,Vw10
13997.010000000213,-1.102302966442003,0.2998514805369511,9.92714059466451,0.023710891048824956,0.24501485140310422,-0.09671188129715967,52.202713,-2.19329,49.05079207937665,Vw10
13997.110000000213,0.7074000022146233,-1.8650000007895686,10.211199998031399,0.004799999915509761,0.20649999956201281,-0.14789999983931956,52.202713,-2.19329,49.1300000003618,Vw10
13997.210000000214,1.7479999966252038,-2.2359999937138166,9.286200001136951,-0.03489999987529373,0.0007000003326931619,-0.07240000010538862,52.202713,-2.19329,49.30000000036489,Vw10
13997.310000000214,0.17569999867309088,0.6926999996638725,9.815899999717962,0.02319999984545866,0.15569999992251468,-0.12149999989997741,52.202713,-2.19329,49.47000000042928,Vw10
13997.410000000214,-0.44249999675506113,0.5360999971718935,9.684500000234602,-0.048799999770549045,0.11959999999141437,-0.0749000000452892,52.202713,-2.19329,49.67000000027903,Vw10
13997.510000000215,1.0692999987653864,-0.7814999987203118,9.793799999842667,0.058099999807037964,0.11560000002124943,-0.09599999994161772,52.202713,-2.19329,49.80000000042928,Vw10
13997.610000000215,0.4941000016834274,-0.18530000147050377,9.720500000974898,-0.03179999982807276,0.1254999997040104,-0.068799999897831,52.202713,-2.19329,50.00000000034343,Vw10
13997.710000000216,1.2783999994251791,-0.870399998707145,10.174700000876115,0.04829999986247154,-0.012399999947087618,-0.021199999958019928,52.202713,-2.19329,50.160000000131184,Vw10
13997.810000000216,0.9996940559814597,-0.2683930669871902,10.562703957645343,-0.013298019519895971,0.008203959616929407,-0.000635643268757908,52.202713,-2.19329,50.22019801984488,Vw10
13997.910000000216,-0.5809000032419175,0.8023000020310418,9.293099998870947,0.11690000023853864,-0.3513999991454169,0.13580000003311835,52.202713,-2.19329,50.24000000038963,Vw10
13998.010000000217,-2.0785999913031286,1.7405999907740048,8.771499998738848,0.2271000001808204,0.043399999513293555,0.15110000043095168,52.202713,-2.19329,50.42000000034984,Vw10
13998.110000000217,1.846806851436216,-2.4573764659029846,8.213598043310395,0.30864313700424023,-0.17584901888177368,0.3395137236081085,52.202713,-2.19329,50.58235294168629,Vw10
13998.210000000217,-3.3725068741265805,-0.29502352469643567,10.10340196490531,0.19295686249282706,0.15924902033857377,-0.529113727384366,52.202713,-2.19329,50.81764705933662,Vw10
13998.310000000218,2.857499992587909,-4.5405999881660195,9.286900004230896,-0.015799999507126634,0.11640000018706487,-0.4560999986676266,52.202713,-2.19329,50.99,Vw10
13998.410000000218,-0.5381999962288492,0.8808999921282958,11.225199998573691,0.20999999956895463,0.20209999964943112,0.15430000017793022,52.202713,-2.19329,50.99000000015434,Vw10
13998.510000000218,1.1660326719199086,-2.657987121871734,10.563952472112923,0.012906930345020565,0.042351484984981695,0.22931088984617037,52.202713,-2.19329,51.05920792061903,Vw10
13998.610000000219,0.5493000033089759,0.4732999896905444,9.129200001225387,-0.1463999993092883,-0.03249999917075695,-0.3396000002215205,52.202713,-2.19329,50.97999999952454,Vw10
13998.71000000022,2.0652405973926804,-4.249769317315853,9.690586139848245,0.1700356442601402,0.3474009909343423,-0.44108514873799864,52.202713,-2.19329,50.76217821734283,Vw10
13998.81000000022,-1.8234999977488404,0.5365999933750587,11.04699999601073,0.2378999996628103,0.17049999964080054,-0.001100000038297003,52.202713,-2.19329,50.76999999962584,Vw10
13998.91000000022,-0.8006999971237629,-2.4733999958973785,9.234500005208172,0.08470000027204078,0.00729999986111834,-0.018500000062947948,52.202713,-2.19329,50.59999999927368,Vw10
13999.01000000022,0.5060999999603824,-0.6094000039806874,11.600799998961579,0.20829999924462464,-0.05579999961306822,-0.04709999997446867,52.202713,-2.19329,50.26999999911961,Vw10
13999.11000000022,0.4880999958025164,-2.4179999940910366,11.129000000145044,-0.13489999967689653,0.11999999995223878,-0.035499999951138304,52.202713,-2.19329,49.86999999856936,Vw10
13999.210000000221,-1.4189999969892562,0.26669999587767523,11.194899999298745,0.011899999721494534,0.09829999955461317,-0.013299999517109244,52.202713,-2.19329,49.219999998890415,Vw10
13999.310000000221,-0.0623000014251491,-1.5909000032788194,10.878899996477516,-0.11359999996604675,-0.10239999967245095,0.20429999956659667,52.202713,-2.19329,48.71999999860192,Vw10
13999.410000000222,-0.7044999978147862,-3.0683999998124802,9.291600001249614,-0.09829999966357426,0.04519999945053423,0.009000000261195963,52.202713,-2.19329,48.08999999935644,Vw10
13999.510000000222,0.28019999999267675,-2.9838999977044938,9.85470000165328,0.05329999995051257,-0.20239999976698744,0.12669999978851337,52.202713,-2.19329,47.79999999860192,Vw10
13999.610000000222,0.2768999905194963,-1.9494999992028752,10.599699994282316,0.0310000002896013,-0.09740000021215238,0.03140000007545168,52.202713,-2.19329,47.16999999869069,Vw10
13999.710000000223,-3.9951999924869552,-1.5902999981989276,8.023200003048174,0.16149999999105058,-0.19300000036961137,0.06540000045351226,52.202713,-2.19329,46.57999999879183,Vw10
13999.810000000223,-0.6372000076396791,-0.7852999964094896,9.385600000158181,0.1574999995630442,-0.35820000033985455,0.26810000014945545,52.202713,-2.19329,46.03999999935117,Vw10
13999.910000000224,-4.051799986094156,0.8194999873488651,9.456300004346515,-0.037799999442450646,-0.5100999997075775,0.3348999998615076,52.202713,-2.19329,45.74999999944066,Vw10
14000.010000000224,2.1634999888559285,-4.834999990532364,11.398999993851787,0.2113999995014536,-0.37939999857374146,0.2729999992377167,52.202713,-2.19329,45.499999999389814,Vw10
14000.110000000224,-2.724483158660739,-0.6589188148415651,8.69884158871395,-0.007904950205020819,0.24574851351863924,-0.06506633680528584,52.202713,-2.19329,45.22712871222826,Vw10
14000.210000000225,1.587199986062976,-1.9807999899968751,10.733000001366863,0.12159999926559394,-0.34939999810849837,-0.1417000004120884,52.202713,-2.19329,44.93999999930078,Vw10
14000.310000000225,-4.591799998143389,2.454099996883244,11.33899999226826,-0.20400000024765447,0.4891999983691713,-0.32439999848832796,52.202713,-2.19329,44.629999999134235,Vw10
14000.410000000225,-3.7703524737694027,1.0944544573315862,7.978286146037999,-0.3092574249654035,-0.21707920577144665,0.33192079045848166,52.202713,-2.19329,44.24663366260638,Vw10
14000.510000000226,-3.115599998300138,1.9298999938653683,11.266899994506263,0.03499999959240674,0.7349999991059832,-0.3859999993857622,52.202713,-2.19329,43.90999999929372,Vw10
14000.610000000226,-2.3154296907628025,-0.8258039746430715,8.856963366644443,-0.14091584091042259,0.34323762390633306,-0.11803762413210388,52.202713,-2.19329,43.593366335135975,Vw10
14000.710000000227,3.0915999853203884,-7.136199978463808,8.993300003939765,0.15749999990836153,0.40700000070554737,-0.28180000009783956,52.202713,-2.19329,42.92999999873681,Vw10
14000.810000000227,-3.223541982600165,2.175349985105297,10.692933996412073,0.11453299930203126,0.7030689974668763,-0.31770499847639366,52.202713,-2.19329,42.37629999915798,Vw10
14000.910000000227,4.327007916515532,-4.310197031067725,9.126454454160777,-0.18713168272038344,-0.3923999985207834,0.34012871173996245,52.202713,-2.19329,42.00623762290616,Vw10
14001.010000000228,2.4478000028250615,-4.909900002803901,8.561900003811097,0.00969999986312555,0.25759999799798605,-0.15699999843247237,52.202713,-2.19329,41.62999999860424,Vw10
14001.110000000228,3.690275250347353,-6.143068319633141,10.238038617669163,-0.05049801993873539,-0.6228950515052201,0.5324059421602213,52.202713,-2.19329,41.01613861246684,Vw10
14001.210000000228,-0.5188000061017963,-3.7715999886893417,9.272100004179329,-0.04590000013636964,-0.2791000003868772,-0.027599999300274795,52.202713000001786,-2.1932899999975777,40.52999999846441,Vw10
14001.310000000229,-3.181099994277823,1.1633999899236256,11.095599995447168,-0.10540000022224742,-0.4478999998201185,0.27769999984280624,52.20349,-2.1922330000000003,39.859999998981365,Vw10
14001.410000000229,-0.7259495087467988,-3.16122573618016,9.145349508700921,-0.20010693039645114,-0.37068910902308816,0.20987425744277652,52.20349,-2.1922330000000003,39.413069305340855,Vw10
14001.51000000023,-2.380899990700737,-0.37380001216554665,10.780299997895096,-0.07080000016341437,-0.4195999990270771,0.21730000020191872,52.20349,-2.1922330000000003,38.719999998281054,Vw10
14001.61000000023,1.676500003705358,-5.681799985951636,9.86190000570919,-0.14209999923908034,0.004899999406390998,0.30539999956155445,52.20349,-2.1922330000000003,37.96999999805186,Vw10
14001.71000000023,3.2931999984866427,0.44769998643661274,12.352899993634011,0.18989999924574696,-0.254100000792832,0.11410000018157515,52.20349,-2.1922330000000003,37.11999999794399,Vw10
14001.81000000023,2.63809998432147,-5.423599989638204,9.597199998482024,-0.13659999960011882,-0.5972999988005876,0.19270000020698647,52.20349,-2.1922330000000003,36.229999998151904,Vw10
14001.91000000023,-4.148799991610076,-0.9382000061057081,8.940100001983666,0.03649999976922169,-0.07810000068160106,0.28229999972605285,52.20349,-2.1922330000000003,35.42999999820324,Vw10
14002.010000000231,-0.5700009939604419,-3.521899992393199,9.79697227879354,-0.06281386148182741,-0.36667920710675056,0.16148712792378211,52.20349,-2.1922330000000003,34.65049504730731,Vw10
14002.110000000232,-2.2400999996599507,-0.23190000582657594,10.47419999686009,-0.10419999978492815,-0.014600000452551831,-0.17979999904407376,52.20349,-2.1922330000000003,33.69999999815191,Vw10
14002.210000000232,-2.0929000033589245,-2.754099993460198,9.115000001270296,-0.011100000092675727,-0.2104999984069362,0.2339999991387548,52.20349,-2.1922330000000003,32.89999999780865,Vw10
14002.310000000232,-3.5355470621767937,0.054723535940546686,9.660588236562274,-0.05090392166114702,0.47371568786488916,-0.1359019616441076,52.20349,-2.1922330000000003,31.958823527224112,Vw10
14002.410000000233,-3.03984355085092,-1.5691168443871575,9.169321785888451,0.07242970332676181,-0.6346841579227896,0.45479999948733674,52.20349,-2.1922330000000003,31.15811880911253,Vw10
14002.510000000233,2.7557999920101457,-7.020799991758971,10.761499994215686,0.22539999912841377,-0.4231000003824067,0.2348000002027273,52.20349,-2.1922330000000003,29.96999999717781,Vw10
14002.610000000233,-0.6172219943424798,-3.531633003479848,8.320208004243023,-0.14424599977768868,-0.5841669996427639,0.32205500024584743,52.20349,-2.1922330000000003,28.758099997226935,Vw10
14002.710000000234,1.734036621483558,-4.961780186782333,10.135614854471608,-0.050655445743913265,-0.42957425676721245,0.42419306876930796,52.20349,-2.1922330000000003,27.568415838884505,Vw10
14002.810000000234,-3.4922999922312203,-0.13980001456564134,11.4170999939214,-0.13620000037379684,-0.14700000073679984,0.19349999986413788,52.20349,-2.1922330000000003,26.409999996386397,Vw10
14002.910000000235,-0.1815000131086188,-6.347199982882665,8.826600004350972,-0.29549999906471974,-0.4609999984091229,0.13559999926666064,52.20349,-2.1922330000000003,24.869999997155762,Vw10
14003.010000000235,-5.70412079020531,0.8544811833704696,10.65615148370455,0.09785247495454638,0.20389603812348953,-0.17009999913106336,52.20349,-2.1922330000000003,23.655445541136377,Vw10
14003.110000000235,-4.906199987160399,-1.1674000158217848,10.041299997682419,-0.026899999856603,-0.42649999727901233,0.1998999982827913,52.20349,-2.1922330000000003,22.19999999698985,Vw10
14003.210000000236,0.5180247541486079,-7.823435639039818,9.082458420294266,0.03475841611365636,0.7168495038582531,-0.5204376227847766,52.20349,-2.1922330000000003,20.91752474954524,Vw10
14003.310000000236,1.230499999445008,-5.897000004932263,10.9782999972118,0.15059999961786671,0.25180000076994186,-0.10420000056728823,52.20349,-2.1922330000000003,19.669999997256966,Vw10
14003.410000000236,0.9958,-7.9828,9.7992,-0.011,0.5774,-0.3441,52.20349,-2.1922330000000003,18.51,Vw10
