time_since_start_s,accel_x,accel_y,accel_z,gyro_x,gyro_y,gyro_z,latitude,longitude,vehicle_speed,trip_id
14011.91,-1.162,-0.4942,12.5316,-0.0962,0.0571,-0.099,52.20372,-2.191775,20.42,Vw11
14012.01,0.8423,2.9356,6.3126,-0.3021,0.2233,0.0251,52.20372,-2.191775,20.74,Vw11
14012.11,0.4584,0.51,11.1696,0.2643,-0.2112,0.1082,52.20372,-2.191775,21.11,Vw11
14012.210000000001,1.1962999999758455,-2.540199999939413,13.92679999992024,0.10000000000227556,0.05339999999752436,-0.01229999999992906,52.20372,-2.191775,21.830000000007455,Vw11
14012.310000000001,-0.13160000000630098,0.7905999999918618,9.541899999986653,0.2250999999969932,-0.082699999999598,-0.008399999999112333,52.20372,-2.191775,22.240000000004546,Vw11
14012.410000000002,-0.4780000000002783,0.34319999999966166,8.808100000023293,0.05979999999957072,-0.060599999996111,0.04039999999789907,52.20372,-2.191775,22.490000000008912,Vw11
14012.510000000002,-0.4933000000137279,0.32459999999854117,10.088699999988098,0.036199999997444325,0.15319999999583453,-0.07509999999821375,52.20372,-2.191775,22.980000000009458,Vw11
14012.610000000002,-1.2479999999484226,0.24440000001897025,9.434399999999643,-0.10429999999721877,-0.07579999999940155,0.02310000000064392,52.20372,-2.191775,23.500000000011095,Vw11
14012.710000000003,1.5874999999075181,1.2872999999873334,9.414799999968727,0.04860000000051813,-0.042900000003781295,0.058500000003329305,52.20372,-2.191775,24.11000000001764,Vw11
14012.810000000003,-0.8894693067782827,0.9400099009801631,8.59786237636829,0.06246237623671222,-0.14052376235599753,0.14545049503550514,52.20372,-2.191775,24.593960396054797,Vw11
14012.910000000003,3.083599999934862,0.6810000000413747,12.004099999858129,0.03869999999150168,0.38709999999540157,-0.2194999999968095,52.20372,-2.191775,24.990000000012003,Vw11
14013.010000000004,1.2930999998867714,1.8182999999517677,8.104400000036362,-0.19489999998904603,0.2607000000048567,-0.13179999999762804,52.20372,-2.191775,25.320000000008367,Vw11
14013.110000000004,-1.8192999999539723,0.49250000005292893,9.103900000031349,0.10619999999273132,0.3942000000072687,-0.0666000000097134,52.20372,-2.191775,25.549999999998544,Vw11
14013.210000000005,-0.5540999999095235,1.9473999998696276,9.965600000002473,-0.09360000000246109,0.5939999999730862,-0.33359999999423745,52.20372,-2.191775,25.50999999999782,Vw11
14013.310000000005,1.103899999964295,-0.4416999999864012,10.010899999980605,-0.13870000000621002,0.10080000002003799,-0.22799999998855675,52.20372,-2.191775,25.469999999991813,Vw11
14013.410000000005,0.44959999999772443,-0.1924999999317497,9.655500000053975,-0.25249999997967826,0.46799999996461705,-0.0182999999951051,52.20372,-2.191775,25.31999999999509,Vw11
14013.510000000006,0.40789999989791104,1.0581999999764313,10.644599999963816,0.11989999999933972,-0.18039999999577086,0.07140000000363435,52.20372,-2.191775,25.230000000003276,Vw11
14013.610000000006,-1.462899999774851,0.6263000000177078,9.981499999924656,0.10779999999742977,-0.10289999999043394,0.13799999999411194,52.20372,-2.191775,25.289999999979262,Vw11
14013.710000000006,2.662999999664556,0.9507999998563144,8.600799999831299,0.060699999987856426,0.07239999997467239,0.03010000001218723,52.20372,-2.191775,24.909999999981082,Vw11
14013.810000000007,-1.9472999997169873,-1.024000000051527,6.282200000311844,-0.10619999993348012,-0.2756999999819424,0.19759999997168992,52.20372,-2.191775,24.649999999992648,Vw11
14013.910000000007,1.9297990100975506,-1.6944643562066708,10.571802970644596,0.7959534653245122,-0.027705940576913456,-0.188826732682436,52.20372,-2.191775,24.547920792063668,Vw11
14014.010000000007,4.559699999831771,1.3691000000056663,15.222099999383534,0.5012999999788262,0.20170000004173752,-0.3115000000113255,52.20372,-2.191775,24.33999999998089,Vw11
14014.110000000008,2.3467960401740777,1.412819801730111,6.8851336637479355,0.21310891089040665,0.7697811881201693,-0.4643316831588145,52.20372,-2.191775,24.078712871277485,Vw11
14014.210000000008,9.956399998695261,-1.9252000003824563,11.978500000095515,0.2039999999593759,0.7878999999771892,-0.33749999998082714,52.20372,-2.191775,23.94999999999908,Vw11
14014.310000000009,-4.122086137463252,-5.973853464282977,12.96467029653225,-0.23867128713309257,0.547110891158908,-0.13457821787547947,52.20372,-2.191775,23.938316831667528,Vw11
14014.410000000009,8.25929999877129,5.470799999085048,7.611700000400214,-0.2857999999623742,1.2981999998247404,-0.7123999999009651,52.20372,-2.191775,23.769999999984538,Vw11
14014.51000000001,-5.250499999794244,-4.589199999661932,12.012099999958727,0.12789999998734894,-0.6287999998920611,0.3764999999319425,52.20372,-2.191775,23.599999999998182,Vw11
14014.61000000001,-2.9882000001182614,-0.8721000003878995,11.558299999973324,-0.011199999987257979,0.5579999998734803,-0.3717999999216289,52.20372,-2.191775,23.580000000005455,Vw11
14014.71000000001,-4.28849999946514,-5.13709999950044,11.26500000000011,0.12890000000130084,-0.8330999999045967,0.4898999999558923,52.20372,-2.191775,23.64,Vw11
14014.81000000001,0.5910810003098702,-0.5867749997907785,11.256167999890726,0.13490199993556087,0.033324000011380764,0.0939990000466678,52.20372,-2.191775,23.639599999995554,Vw11
14014.91000000001,3.3760514854235546,1.2921059407630284,10.290050495130073,-0.44246732677009115,0.13932772282370068,0.5016396038708286,52.20372,-2.191775,23.600495049510453,Vw11
14015.010000000011,5.851199999269072,2.8126999995329927,11.015100000409415,-0.779199999901458,0.6020999998886669,-0.3043999999590509,52.20372,-2.191775,23.65,Vw11
14015.110000000011,-0.8459999997280465,-1.4663000004909634,14.766399999803474,0.12369999998243948,-0.4179999999645515,0.07079999998891144,52.20372,-2.191775,23.650000000007637,Vw11
14015.210000000012,1.6458000006494682,-5.964799998491824,12.965699999126432,-0.037200000007143165,-0.0931999999387419,-0.0308000000469081,52.20372,-2.191775,23.72000000003183,Vw11
14015.310000000012,6.746499998422683,5.87989999850094,6.105000000773831,-0.09330000000679937,0.38789999988152013,-0.3991999998923686,52.20372,-2.191775,23.97000000002037,Vw11
14015.410000000013,-5.6411999985003165,-5.893199999158596,12.182399999991302,-0.14670000000583167,-0.5425999998462754,0.44609999991617916,52.20372,-2.191775,24.130000000017827,Vw11
14015.510000000013,6.136799999840698,0.7149000000257332,12.114099999529111,-0.19250000000865838,0.6646999999121682,-0.2121999999660922,52.20372,-2.191775,24.270000000048384,Vw11
14015.610000000013,4.885699999896774,0.9169999998733456,8.415900000437377,-0.26049999995678447,-0.025099999946483514,0.0540999999655447,52.20372,-2.191775,24.65000000003947,Vw11
14015.710000000014,4.0749999994359,-0.07769999987379521,11.850899999284149,0.07889999995462448,0.39519999994567284,-0.21649999996201802,52.20372,-2.191775,24.96000000004116,Vw11
14015.810000000014,0.23352399994429646,0.7977810002490286,6.9865890000854,-0.22387299991256487,0.023574999970127193,0.041808999998657566,52.20372,-2.191775,25.243900000057533,Vw11
14015.910000000014,-0.13966633662431682,2.4400099005624942,7.602974258064039,0.35966237618986874,-0.17899009904073,0.035767326776441406,52.20372,-2.191775,25.63356435648822,Vw11
14016.010000000015,-0.07629999961155118,-0.4589999994384707,11.93039999953984,0.03589999999409192,-0.3879999999095744,0.3324999999579886,52.20372,-2.191775,25.99000000003347,Vw11
14016.110000000015,2.5930999993570527,3.3997999993069796,8.768200000115527,-0.004700000002954039,0.23339999990100332,0.0437999999855645,52.20372,-2.191775,26.220000000059663,Vw11
14016.210000000015,-1.8251999999541286,-1.362600000179769,9.562100000518727,-0.02500000004721369,-0.446899999845606,-0.0554000000529435,52.20372,-2.191775,26.630000000044202,Vw11
14016.310000000016,-1.5449999995215766,-2.460699999445583,12.730699999377055,-0.31340000000527146,0.49619999998477504,-0.3787999999316515,52.20372,-2.191775,26.900000000060572,Vw11
14016.410000000016,1.3773999994554054,0.9258999994277223,8.925500000364547,-0.34559999996383667,0.4031999999603988,0.038699999975640095,52.20372,-2.191775,27.270000000052388,Vw11
14016.510000000017,-1.949199999571688,-2.569799999591202,11.152299999795854,-0.12469999998831117,0.1613000000413038,-0.11010000002085654,52.20372,-2.191775,27.590000000070393,Vw11
14016.610000000017,0.6670999997068462,-0.07269999985749127,9.905299999736936,-0.05329999997452687,0.4135999998779877,-0.2374999999229585,52.20372,-2.191775,28.01999999999836,Vw11
14016.710000000017,-1.123600000071377,0.7977999997061604,8.298400000602523,0.10230000001689842,-0.33169999996898625,0.2330999999685133,52.20372,-2.191775,28.010000000105503,Vw11
14016.810000000018,-1.515999999089723,-0.8175999993513302,11.61079999990503,0.19519999995618056,-0.16120000001717127,0.059999999991578075,52.20372,-2.191775,28.590000000081854,Vw11
14016.910000000018,3.488299999804968,2.748499999335996,11.088699999961255,-0.04570000004209141,-0.2556000000041655,0.01370000005671609,52.20372,-2.191775,29.040000000083673,Vw11
14017.010000000018,2.4160999997459602,-0.9019000000754881,10.875700000009113,-0.27709999996358387,-0.27849999996345653,0.32549999998675777,52.20372,-2.191775,29.500000000041837,Vw11
14017.110000000019,1.0194999994601421,-1.3168999998512976,10.92579999962176,-0.07690000002988599,-0.07760000002582965,0.2526999999793363,52.20372,-2.191775,29.730000000050932,Vw11
14017.21000000002,-1.9483999989059941,-0.4993999998578969,8.84640000049806,-0.24119999999041575,-0.2195999999759093,0.13909999998789463,52.20372,-2.191775,30.01000000009204,Vw11
14017.31000000002,3.519199999630476,0.2108000000635482,11.335599999763055,-0.19330000000330147,-0.0991999999817719,0.07860000003045352,52.20372,-2.191775,30.47000000006803,Vw11
14017.41000000002,1.6723999997432462,0.5283999996786773,10.151400000276343,-0.20979999999879945,-0.008100000013766111,0.23079999998731437,52.20372,-2.191775,30.810000000034012,Vw11
14017.51000000002,0.389199999605785,-1.077499999826743,11.532499999720317,-0.20379999995976214,-0.07689999998955536,0.16739999996666519,52.20372,-2.191775,30.98000000001801,Vw11
14017.61000000002,-1.5809999994938753,-0.2116000001587705,10.13469999981812,-0.0027000000276922948,-0.024699999974968887,0.0008000000197687768,52.20372,-2.191775,31.069999999996,Vw11
14017.710000000021,0.9485000006897389,-1.0050999995930412,9.225700000002117,-0.14109999997884878,0.1004000000250584,0.09959999992283847,52.20372,-2.191775,31.05000000003711,Vw11
14017.810000000021,4.108399999569021,0.8592999992297847,9.235400000410696,-0.04420000002517922,0.21519999998551423,-0.2538999999834417,52.20372,-2.191775,31.21999999998236,Vw11
14017.910000000022,2.1386049501625664,-2.6010069299663643,11.084962375948255,-0.15755445542692062,0.15116534657133435,-0.17792871285209616,52.20372,-2.191775,31.14019801980634,Vw11
14018.010000000022,0.6290999991861914,0.6982999997312771,9.77120000014127,-0.07299999996387486,0.3177000000191649,-0.09080000004448521,52.20372,-2.191775,31.159999999958526,Vw11
14018.110000000022,-3.099199998719101,-0.532799999299612,10.418399999844492,0.09249999998361808,0.40549999996908825,-0.294599999986793,52.20372,-2.191775,30.970000000015432,Vw11
14018.210000000023,2.6660504940740695,2.628155445199686,9.715093069350866,0.017851485140832193,0.26343168312713167,-0.23198712865306878,52.20372,-2.191775,31.04039603961269,Vw11
14018.310000000023,-1.758899998946556,1.0637000006363135,9.914399999639599,-0.017000000004492904,0.07660000008458483,0.0392999999287993,52.20372,-2.191775,31.08000000001655,Vw11
14018.410000000024,2.6959999990830457,3.7545999986813325,8.390300000457543,-0.03600000000990803,0.43429999988188395,-0.2617999999211613,52.20372,-2.191775,31.150000000040198,Vw11
14018.510000000024,-1.1816999998694693,-1.8218999994494303,10.325199999900873,-0.07789999998540988,-0.06519999989068055,0.07159999994239624,52.20372,-2.191775,31.320000000044928,Vw11
14018.610000000024,-0.6297000004721806,0.5063999995635972,9.906000000010097,-0.01619999999006832,0.39709999985192335,-0.17199999989779824,52.20372,-2.191775,31.510000000016554,Vw11
14018.710000000025,-2.6264999992191758,-1.3390999993389425,9.948699999937725,0.025799999993929353,-0.2290999999328113,0.26019999991712023,52.20372,-2.191775,31.58000000004373,Vw11
14018.810000000025,0.4141370001318459,1.2469250004138632,9.713790000184538,0.0016199999851137547,0.029606999936014806,-0.05957299993770876,52.20372,-2.191775,31.749099999976902,Vw11
14018.910000000025,0.9063564352241238,2.831058415527417,10.413154455126142,-0.056698019825026945,-0.21679504949455786,0.18035841583281775,52.20372,-2.191775,31.66188118816709,Vw11
14019.010000000026,-0.7279999991272343,1.6069000003212262,9.168600000570205,-0.1464999999851534,-0.17630000002347954,0.14619999998647762,52.20372,-2.191775,31.850000000012734,Vw11
14019.110000000026,2.699199998920171,2.8682999988679923,11.407699999667773,-0.08820000002663728,-0.2685000000360342,0.09310000007107519,52.20372,-2.191775,31.900000000068758,Vw11
14019.210000000026,-1.5410999987773661,-1.5768999990019477,10.103100000146192,-0.19279999990551258,-0.40999999990283864,0.37219999990698593,52.20371999999988,-2.1917749999997858,32.17000000006276,Vw11
14019.310000000027,2.93989999896143,2.08099999867322,10.638899999967666,0.15349999994810423,-0.05390000010804798,0.031300000047421055,52.203312,-2.19099,32.400000000040926,Vw11
14019.410000000027,-0.8664999987960564,-2.7816999985007524,10.520399999623143,-0.03670000002622074,-0.44989999984259377,0.20509999992701305,52.203312,-2.19099,32.550000000060024,Vw11
14019.510000000028,3.545999999296378,2.7130999992226275,9.139199999802786,-0.13279999998567546,0.1269999998574367,-0.0623999999303418,52.203312,-2.19099,32.77000000006549,Vw11
14019.610000000028,0.9672000006196387,-0.13599999890107575,8.416400000113232,-0.08029999999803548,-0.39549999978966116,0.19289999988679518,52.203312,-2.19099,33.01000000006275,Vw11
14019.710000000028,3.2381999985112517,3.8915999989339265,8.831400000309374,-0.07309999999150169,0.3753999998927524,-0.2219999999314605,52.203312,-2.19099,33.24000000006112,Vw11
14019.810000000029,-1.8770999999472309,0.22859999927346256,9.89440000075367,-0.04390000006326408,0.006900000125881416,0.01349999991212995,52.203312,-2.19099,33.45000000010877,Vw11
14019.910000000029,-1.7098039607536393,-2.1874475231305404,12.414872275961066,-0.2586643564228784,0.43559108912330075,-0.2829445543834962,52.203312,-2.19099,33.82158415846226,Vw11
14020.01000000003,-2.930200000006909,3.347799997832558,8.092100000855035,-0.21509999990281087,0.48469999992747564,-0.03740000002604646,52.203312,-2.19099,33.98000000005585,Vw11
14020.11000000003,-2.898081186488071,-3.941566334187393,10.993511880980297,0.11454752472454872,0.23970693074311641,-0.12932574267176802,52.203312,-2.19099,34.17079207923115,Vw11
14020.21000000003,2.663799998991143,4.4017999987036225,10.2846999997259,0.01930000005031143,0.4103999999478332,-0.4618999999068295,52.203312,-2.19099,34.25000000001237,Vw11
14020.31000000003,-0.5986999988537317,0.2095000006386343,9.398300000287364,0.18199999999078562,0.2417000000249569,-0.16060000003826308,52.203312,-2.19099,34.29000000004685,Vw11
14020.41000000003,3.0416237614589097,2.215294058198264,10.299001979597449,0.15096138609073076,0.32067821779309547,-0.28099900983560533,52.203312,-2.19099,34.44059405942443,Vw11
14020.510000000031,0.09400000097629527,-1.6652999996017142,8.36920000116947,-0.002899999906613084,0.22850000000191723,-0.07089999998212662,52.203312,-2.19099,34.50000000002783,Vw11
14020.610000000032,3.2511999982844704,-0.37730000109357464,12.151099999359085,0.2990999998545065,0.23470000001836627,-0.01309999998344536,52.203312,-2.19099,34.59,Vw11
14020.710000000032,-2.2105366327116553,-3.840022771082202,10.085393068876998,-0.16459108904324163,0.2930950494923408,0.03564356422389476,52.203312,-2.19099,34.59,Vw11
14020.810000000032,0.8457999998108833,-0.002299999553827365,8.704700000366284,0.046299999964835296,0.2525999999452229,-0.38999999987574485,52.203312,-2.19099,34.58999999999673,Vw11
14020.910000000033,0.2682000008779389,1.3604000003593415,9.823399999343035,-0.061100000032610846,0.08530000008607821,-0.010500000046722562,52.203312,-2.19099,34.57999999999672,Vw11
14021.010000000033,2.9495999991401023,2.4578999998357345,7.816899999959335,-0.16069999989273784,0.34819999986549666,-0.15319999998985004,52.203312,-2.19099,34.57000000003929,Vw11
14021.110000000033,0.3232999992925477,1.9561999974583189,7.692700001313274,0.16690000004037064,-0.06260000017703496,-0.12219999991735968,52.203312,-2.19099,34.69000000002619,Vw11
14021.210000000034,-1.8373999984343266,-5.806599997328589,11.703699999364323,0.2901999998247768,-0.6032999996398418,0.1301999999102456,52.203312,-2.19099,34.77000000001728,Vw11
14021.310000000034,2.6928000004139694,1.9230000003402166,9.864400000532099,-0.21679999985166504,0.43880000004130015,-0.12949999995306644,52.203312,-2.19099,34.820000000055295,Vw11
14021.410000000034,3.8905999980826436,2.9073999983969374,11.403999998987647,0.21240000000781983,0.558299999854321,0.006300000017769138,52.203312,-2.19099,34.98,Vw11
14021.510000000035,-1.5686851473672911,-1.6587821773204225,8.51716039649357,0.23321287123196185,0.14211782182103247,0.05023465322323871,52.203312,-2.19099,34.98148514856647,Vw11
14021.610000000035,1.7327999996454753,0.9229999999610846,9.823199999455564,0.07449999997214399,0.25389999993360873,-0.6462999998597523,52.203312,-2.19099,35.13000000004148,Vw11
14021.710000000036,0.7070000000828004,0.8103999999911597,8.247900000540058,-0.00609999996914994,0.06180000006148184,-0.24049999988667695,52.203312,-2.19099,35.25000000004002,Vw11
14021.810000000036,0.9345999995759812,0.7860999983689846,9.732400000540576,0.07869999998788518,0.2307999999072139,0.071000000000883,52.203312,-2.19099,35.360000000014125,Vw11
14021.910000000036,-0.2309339809997505,-3.697200972478673,11.218322330629004,0.045399029114292846,-0.024248543780620135,0.07342718446688827,52.203312,-2.19099,35.398834951470214,Vw11
14022.010000000037,0.8293000004035217,-0.5644999989048214,10.308399999908646,-0.059499999994157185,0.014299999868261071,0.011200000109139364,52.203312,-2.19099,35.49000000004777,Vw11
14022.110000000037,1.9077306923494908,2.4032217817179067,10.05507623745089,-0.04353465346295512,-0.34366534651508734,0.3068247524249191,52.203312,-2.19099,35.62069306933229,Vw11
14022.210000000037,-0.05919999922433563,1.1454000001759435,9.582700000352041,-0.03699999999346801,-0.2902000000153177,0.16929999999159628,52.203312,-2.19099,35.69000000000382,Vw11
14022.310000000038,1.9713999989658828,1.6059999985582254,10.504299999488099,-0.01990000007697054,-0.33030000003227794,0.14730000010145594,52.203312,-2.19099,35.70000000012606,Vw11
14022.410000000038,-0.7357999997704601,-2.1683999990987792,9.164200000905966,-0.2213999998610182,-0.414799999831964,0.4128999999136476,52.203312,-2.19099,36.030000000092606,Vw11
14022.510000000038,-0.12411287064255526,0.16585643558813598,11.509135643446694,0.13927920793919218,0.01909306924522956,0.18535742559887106,52.203312,-2.19099,36.27376237638209,Vw11
14022.610000000039,1.5545999995617559,0.02150000066643362,11.202699998824828,0.18719999998282985,-0.14160000000115755,-0.18889999990566061,52.203312,-2.19099,36.65000000004244,Vw11
14022.71000000004,0.41476831667680647,1.730160395327407,8.185069308008973,0.1426138613828296,-0.1435574257025239,0.05523069305512004,52.203312,-2.19099,36.760693069333556,Vw11
14022.81000000004,0.011599999882695394,-0.12380000046283174,10.991999999742351,0.1339999998525406,-0.03929999983273382,0.0182999998681839,52.203312,-2.19099,36.830000000141474,Vw11
14022.91000000004,-0.25449599903058884,-1.2365379987024914,10.343470999552416,-0.22800199988747044,0.37462000000482615,-0.3047129998758475,52.203312,-2.19099,37.18,Vw11
14023.01000000004,2.0975633649597776,1.9208356420938888,9.23747524735485,0.050009901030713066,0.38403465336620046,0.003874257545354938,52.203312,-2.19099,37.18465346553368,Vw11
14023.11000000004,-1.3260999979474088,-1.735599997029121,8.814999999410057,0.15099999991044025,0.13750000019248548,0.301299999603544,52.203312,-2.19099,37.65000000015607,Vw11
14023.210000000041,3.803099997840209,5.688299997059214,7.3408000007689935,-0.0727999999127767,0.6184999994746319,-0.6893999996541494,52.203312,-2.19099,38.04000000009297,Vw11
14023.310000000041,-1.3402951936776406,-1.3042961552623744,9.185566347207365,0.13322019229172932,-0.6171519227596839,0.12865384613929762,52.203312,-2.19099,38.26173076930351,Vw11
14023.410000000042,-4.599814424421788,-4.673911539851828,11.692200962572688,0.09523942306125238,0.1376557695421997,0.09403846152417938,52.203312,-2.19099,38.4348076923791,Vw11
14023.510000000042,-3.470799999494445,-2.8353999997018713,9.740600000867193,-0.03699999991272852,-0.7928999998178428,0.5582999998679213,52.203312,-2.19099,38.58000000013388,Vw11
14023.610000000042,-2.262399997475511,-2.1227999968587357,11.813399998926654,0.1715999998719119,-0.3575000001258483,0.24260000006888274,52.203312,-2.19099,38.90000000016481,Vw11
14023.710000000043,3.6677207902423716,5.239687125734987,9.28552277278282,-0.12956930684950188,-0.6547930692856128,0.40537623761435254,52.203312,-2.19099,39.293168316964916,Vw11
14023.810000000043,-0.7001999995972757,-1.8415999979837594,10.487799999118808,0.06349999993132951,-0.6040999997555715,0.38299999985087196,52.203312,-2.19099,39.61000000013097,Vw11
14023.910000000044,0.22229999954790108,2.7768999992641823,8.469300000923495,-0.09379999990068318,-0.044200000055661076,0.041400000025975166,52.203312,-2.19099,39.9100000001266,Vw11
14024.010000000044,-0.8132999990739743,1.0913999997977428,10.584700000020518,0.13370000000301227,-0.17169999992696394,0.10089999991539517,52.203312,-2.19099,40.20000000006549,Vw11
14024.110000000044,1.30789999947106,0.6280999993077256,10.631700000153854,0.14059999996313516,-0.004400000036203402,-0.0928999999128208,52.203312,-2.19099,40.35000000009701,Vw11
14024.210000000045,0.13147326833899992,-0.9365653463049994,10.95685940489905,0.05522277219925743,-0.08510396033479274,0.10416732670491671,52.203312,-2.19099,40.573564356592016,Vw11
14024.310000000045,2.438799998102294,-0.4130999997328814,8.582799999447028,-0.12249999998285602,0.05449999998917701,0.04089999997285158,52.203312,-2.19099,40.93000000011369,Vw11
14024.410000000045,-1.7342999995136021,0.17429999943174773,7.366800002203114,-0.08480000013619683,0.0307000000689397,-0.018799999941564966,52.203312,-2.19099,41.18000000014552,Vw11
14024.510000000046,-0.6646999980827576,-1.0752999965395562,12.211499997379276,-0.3842999999780435,0.1823000001439574,0.10969999987400283,52.203312,-2.19099,41.50000000011484,Vw11
14024.610000000046,3.464725488164094,6.385947055522384,6.5452303939446805,-0.32924411731554676,0.4864911760498487,-0.15961372526237952,52.203312,-2.19099,41.75137254908232,Vw11
14024.710000000046,-0.9827254922899264,-0.839347062225178,10.458269609685386,0.39634411798866365,-0.43439117690413714,0.3390137257249485,52.203312,-2.19099,41.88862745104501,Vw11
14024.810000000047,0.12269999968876,-3.7166999973305055,15.16439999553202,0.5698999995730322,-0.5549999997320338,-0.09049999992716766,52.203312,-2.19099,42.01000000001419,Vw11
14024.910000000047,-0.5354000000123437,1.92779999844153,5.71710000155691,-0.33289999989231217,0.01159999991468212,0.06349999997299528,52.203312,-2.19099,42.0400000000331,Vw11
14025.010000000048,-0.5615000016252488,-1.367500001443641,9.009100001328907,-0.10520000004185495,-0.1687999996412771,0.006399999855517672,52.203312,-2.19099,42.109999999952706,Vw11
14025.110000000048,-3.9979999977851555,-4.419999998181252,11.818999999107179,-0.1936999999304642,0.5897000000248175,-0.29910000000440157,52.203312,-2.19099,42.01000000011238,Vw11
14025.210000000048,0.6851683191215932,-0.5743564337631755,9.9311782168987,-0.04667029695781044,0.6421752475504111,-0.3084069306976201,52.203312,-2.19099,42.24762376249243,Vw11
14025.310000000049,-9.175099995565908,-8.658699995204683,9.16669999959541,-0.1513000000487198,0.25790000053444456,-0.042700000326845115,52.203312,-2.19099,42.28000000000982,Vw11
14025.410000000049,-0.146700003997382,1.105199994868409,8.342900001348832,-0.25049999996512995,1.346099998995694,-0.7081999994626579,52.203312,-2.19099,42.29999999997053,Vw11
14025.51000000005,-8.285899994290276,-9.34339999450915,11.089299998663092,-0.1794999999364015,-0.698799999426175,0.38589999965348254,52.203312,-2.19099,42.23999999993551,Vw11
14025.61000000005,3.2152108906752837,1.7491465358495186,8.379645543826635,-0.049651485067195536,0.44407920723902855,-0.30296534605938724,52.203312,-2.19099,42.11019801981175,Vw11
14025.71000000005,2.376300001059125,4.173800000846587,6.904200001301662,0.11520000001487206,-0.9379999994658792,0.6604999995193575,52.203312,-2.19099,42.12999999996944,Vw11
14025.81000000005,4.455799996422761,5.835999995864448,9.459899999841856,0.14439999987786578,0.11069999961317371,-0.2831999996371116,52.203312,-2.19099,42.069999999964345,Vw11
14025.91000000005,-2.5677999998918333,-2.283799999885933,9.149400001121254,-0.09539999991281098,-0.6487999995708627,0.4292999997122611,52.203312,-2.19099,41.9999999999647,Vw11
14026.010000000051,-2.3554237622684915,-2.059839603846773,11.350885149631743,0.07578811889873106,0.19377425785321067,-0.1356504953361246,52.203312,-2.19099,41.93069306927177,Vw11
14026.110000000052,-5.667399994728823,-7.8677999955891105,11.287200000447232,0.26369999999057764,-0.5835999995687103,0.5698999995326507,52.203312,-2.19099,41.630000000101866,Vw11
14026.210000000052,4.682099999023532,0.7926000008342522,12.165299997643944,0.24519999989824393,0.2631999994535028,-0.3476999995257185,52.203312,-2.19099,41.82999999991032,Vw11
14026.310000000052,2.8310000025435427,2.3741000019867826,7.69890000172953,0.052300000093406025,-0.772799999491089,0.5513999996396435,52.203312,-2.19099,41.6599999999254,Vw11
14026.410000000053,7.527845995935816,6.032164996259822,10.928063999113817,0.22334599977474737,0.1688389992872295,-0.11606899953239165,52.203312,-2.19099,41.524500000238284,Vw11
14026.510000000053,-0.12941089419248528,-1.0059960420023313,9.279886139073783,-0.19529801966950336,-1.152778217238192,0.752093068983576,52.203312,-2.19099,41.97138613868726,Vw11
14026.610000000053,-5.990499998405821,-5.53559999951807,10.148500000385924,0.054899999972886145,-0.050600000523128616,0.14140000025626287,52.203312,-2.19099,42.10999999994725,Vw11
14026.710000000054,-2.968400001148146,-4.621999998345556,10.880099999253869,0.0034999999794817997,-1.0422999996914084,0.6271999998235762,52.203312,-2.19099,42.00999999999454,Vw11
14026.810000000054,-5.072399996226179,-1.5901999984495663,9.51279999977752,-0.03409999985200702,-0.4767999998522253,0.3038999998738349,52.203312,-2.19099,42.00000000005457,Vw11
14026.910000000054,1.8431999984357055,1.2509999975157151,9.105100001098542,0.23710000008409188,-0.20600000010662914,0.07270000003901732,52.203312,-2.19099,42.1000000001146,Vw11
14027.010000000055,-1.0233999998688692,-3.3014999989966816,11.118199998594449,0.39119999981168,-0.40139999949932315,0.14419999976567777,52.203312,-2.19099,42.30999999998363,Vw11
14027.110000000055,-0.7830999972162297,-1.4628999973995618,8.54250000048308,0.04610000004707324,0.5160999998305033,-0.2852000000213869,52.203312,-2.19099,42.28000000015985,Vw11
14027.210000000056,4.224824750153686,3.2286237609421513,9.422556435843886,0.129044554320922,0.21212970316367463,-0.32545544562429224,52.203312,-2.19099,42.57049504953207,Vw11
14027.310000000056,-0.012699999369179931,0.6110000016391058,9.788199998783753,-0.11650000007995914,0.5650999999366756,-0.47099999993955133,52.203312,-2.19099,42.62000000008458,Vw11
14027.410000000056,1.1059999977952595,3.517799996748347,7.631300002271788,-0.258299999742924,0.452799999860438,-0.3637999999160373,52.203312,-2.19099,42.77000000015225,Vw11
14027.510000000057,-2.803899998650788,-2.2486999976301534,11.660099997600437,0.1975999998207968,0.20530000006614393,-0.21490000000219917,52.203312,-2.19099,43.04000000016352,Vw11
14027.610000000057,-0.41120000083426755,1.9539999966740935,7.40470000168061,-0.12019999985031371,0.3225999998295239,-0.21879999985418686,52.203312,-2.19099,43.33000000014239,Vw11
14027.710000000057,-1.843078215963912,-3.8446009878009115,10.349465346204385,0.140444554333437,0.025916831831293525,0.03442079192189144,52.203312,-2.19099,43.581881188225296,Vw11
14027.810000000058,1.4390999973001541,0.215299998690153,9.766000001340872,-0.07509999989417847,0.28759999970401406,-0.24349999993626262,52.203312,-2.19099,43.77000000016881,Vw11
14027.910000000058,-3.19919999870843,-2.0349999989733334,12.069599999741616,0.10669999998504064,-0.2208999998448184,-0.13399999987124467,52.203312,-2.19099,44.06000000010478,Vw11
14028.010000000058,-0.9803000026892521,-0.27120000150565754,11.62569999821646,0.08099999990791548,0.04569999999382999,0.08720000011565862,52.203312,-2.19099,44.24000000010478,Vw11
14028.110000000059,-5.6003999943533325,-2.8578999969414203,8.561600001073582,-0.0771999998243875,0.035100000077183356,0.28589999972555086,52.203312,-2.19099,44.420000000168805,Vw11
14028.21000000006,4.100499998007655,2.396699999408077,10.406000000589342,0.22449999981277688,0.1676999998256826,-0.18559999974902855,52.20331199999975,-2.190989999999199,44.71000000019209,Vw11
14028.31000000006,0.7813999969375003,1.4105999975847077,11.387799998899832,-0.08739999985251452,-0.12269999973666308,0.2324999996154693,52.202892,-2.189655,45.030000000108046,Vw11
14028.41000000006,-4.32049999940131,-2.613100000206819,9.555000000714802,0.1582999999319698,0.3159999997933022,-0.40809999971635896,52.202892,-2.189655,45.21000000016977,Vw11
14028.51000000006,-3.3021257407088402,-2.92032277023698,10.732987128657895,0.046180198024631886,-0.021492079002679586,0.05899999995784267,52.202892,-2.189655,45.49237623776687,Vw11
14028.61000000006,-0.20469999879076312,0.4674000004383146,10.641699998732658,0.054199999865480276,0.31929999982562257,-0.01100000008439747,52.202892,-2.189655,45.73000000012005,Vw11
14028.710000000061,1.809800000601527,1.1975999994250854,8.530400000823859,-0.16989999991460303,0.02880000016623358,-0.15160000011225921,52.202892,-2.189655,45.93000000006247,Vw11
14028.810000000061,2.7243059375915104,0.281183168557758,9.828022770963313,-0.03593069323872936,0.29204059388199766,-0.3271049502347729,52.202892,-2.189655,46.03168316842126,Vw11
14028.910000000062,-2.1150999992837036,0.6694999984100104,7.710300002253532,-0.30899999971495345,0.006100000195803296,0.09239999984445821,52.202892,-2.189655,46.20000000017317,Vw11
14029.010000000062,-0.9569000018348982,-1.9014000000856561,11.354099998397642,0.15189999985546676,0.322699999407828,-0.15909999966139513,52.202892,-2.189655,46.480000000117506,Vw11
14029.110000000062,-3.9238000005110925,-2.039899999264284,8.763200002026062,-0.08179999988731725,-0.6347999998690109,0.38839999988082347,52.202892,-2.189655,46.670000000148434,Vw11
14029.210000000063,-4.750199996601646,-0.8502999969334021,12.039199999695109,0.10039999999134161,-0.42300000002941307,0.1956999999548618,52.202892,-2.189655,46.91000000010823,Vw11
14029.310000000063,0.5876999946203388,3.966499994126938,11.560300000467743,0.08680000009148607,-0.46920000049238225,0.12480000027713213,52.202892,-2.189655,47.0800000000382,Vw11
14029.410000000064,-7.862299990887618,-5.258499993510219,12.294999997783961,0.23049999990577635,-1.2425999993856363,0.5600999995110557,52.202892,-2.189655,47.139999999955435,Vw11
14029.510000000064,6.450799993428919,4.935199994947512,8.814200001453399,0.08249999995441613,-0.27760000034366167,-0.20789999939028384,52.202892,-2.189655,47.070000000063665,Vw11
14029.610000000064,-3.870599995880962,-3.0008999958078117,11.097099999874771,0.010900000040363374,-0.8173999993748771,0.7497999995025246,52.202892,-2.189655,47.170000000171896,Vw11
14029.710000000065,2.5992999964327796,3.583899997357474,10.900399997621438,0.07429999982509326,0.1644999996806364,-0.03159999996378756,52.202892,-2.189655,47.4400000001768,Vw11
14029.810000000065,-2.8481999967419935,-0.45149999793733153,7.268100001420143,-0.19279999959380512,-0.32319999995422694,0.023699999860388923,52.202892,-2.189655,47.709999999875585,Vw11
14029.910000000065,2.1270999960282877,2.6983999966854157,9.436799998844345,0.4274999996493352,-0.2533000001265144,-0.1894999994168029,52.202892,-2.189655,47.51999999998691,Vw11
14030.010000000066,-3.9381000025145707,-2.3633000013979446,7.672000004888483,-0.10799999941909481,-0.44649999928184114,0.7010999995067119,52.202892,-2.189655,47.50000000005893,Vw11
14030.110000000066,-7.778099991805089,-4.498099995707912,15.13720000051494,0.7790999999450996,0.6501999997336338,-0.05220000047293725,52.202892,-2.189655,47.590000000026464,Vw11
14030.210000000066,4.593959802788929,1.9924598040306136,15.864761761359361,0.6929166664575293,0.2314941165955105,-0.7581147052854708,52.202892,-2.189655,47.63078431377702,Vw11
14030.310000000067,2.869940194921811,2.158440196189785,10.770938231876743,0.37458333311976794,-1.3690941187208712,0.1504147064918726,52.202892,-2.189655,47.70921568632713,Vw11
14030.410000000067,9.668899987724274,9.5754999910221,6.1504000019052025,0.022499999872125045,-0.969999999926169,0.8930999997215692,52.202892,-2.189655,47.75999999987212,Vw11
14030.510000000068,-8.570699994114321,-3.7640999965180324,8.981199998335539,-0.16750000004206414,-0.8602999998121583,0.47939999981074505,52.202892,-2.189655,47.569999999912504,Vw11
14030.610000000068,0.17439999615205837,1.4094999975909746,6.508100003651268,-0.22999999973051766,-0.5812000001063246,0.19820000018096923,52.202892,-2.189655,47.440000000081575,Vw11
14030.710000000068,-5.393424746238189,-2.0603386088811115,11.88887128779521,0.1614257422384019,-0.7354821780748292,0.46374554451026745,52.202892,-2.189655,47.56188118824583,Vw11
14030.810000000069,3.8440999946637437,5.315799997351468,12.875999998768668,-0.33599999991152435,-0.5237000001393491,0.39830000017052297,52.202892,-2.189655,47.749999999944706,Vw11
14030.910000000069,-3.875999995875046,1.4841000004941844,11.094600000561352,-0.20799999980841447,-0.7252999995340924,0.6449999996682861,52.202892,-2.189655,47.67000000002095,Vw11
14031.01000000007,2.0018359979089806,2.174986998827562,11.88595099912315,0.06363899980860283,-0.06343600037683268,0.16953199997448962,52.202892,-2.189655,47.703000000207965,Vw11
14031.11000000007,-0.9225316788785092,0.5349386162423472,10.615876236387903,-0.206029702715807,-0.5915277220738886,0.12677524708620858,52.202892,-2.189655,47.995148514515094,Vw11
14031.21000000007,5.264299994067432,3.968799996202242,8.833500001977093,0.16099999999785028,0.4156999994753263,-0.5056999994691638,52.202892,-2.189655,47.510000000057325,Vw11
14031.31000000007,-2.992224750869274,-1.3083287112513675,11.573961384812687,0.1559207919312958,-0.3094326727645663,0.23103861357246444,52.202892,-2.189655,47.59039603963214,Vw11
14031.41000000007,-0.7347000014691796,0.968799997775587,9.710099999475466,-0.05199999999304782,0.39729999982406733,-0.17509999995232794,52.202892,-2.189655,47.630000000092224,Vw11
14031.510000000071,-2.8057000007395554,-2.166799999563786,8.970700000440472,-0.04219999987159754,0.1493000002443903,-0.10790000016734884,52.202892,-2.189655,47.75999999992906,Vw11
14031.610000000072,-3.848199995026348,-1.5518999974446341,9.591600001500286,0.1387999999714088,0.49379999986779255,-0.3437999999838055,52.202892,-2.189655,47.66000000008599,Vw11
14031.710000000072,3.048196036437205,2.000140593058985,11.67540792008819,0.10095643578989354,0.3065732671327074,-0.32005742566127243,52.202892,-2.189655,47.77653465321877,Vw11
14031.810000000072,-1.40219999730231,0.5941999996600877,10.686200001162609,0.3066000000605595,0.03390000017800373,-0.20579999989468237,52.202892,-2.189655,47.43000000029398,Vw11
14031.910000000073,2.2950730019460535,0.1794930034869613,12.201279995124835,0.3875949998974917,0.263654999092017,-0.05612099953459029,52.202892,-2.189655,47.831500000109436,Vw11
14032.010000000073,4.939073267572838,4.892054454063321,5.637394063148236,0.24937524758860852,-0.9615158410819062,0.5707693065928484,52.202892,-2.189655,47.979900990091785,Vw11
14032.110000000073,5.27639999690904,2.9974999994107945,10.766799996744192,0.33689999961804895,-0.2731000005461378,0.10770000046198656,52.202892,-2.189655,47.96999999972807,Vw11
14032.210000000074,0.9940089052945037,2.143491085291632,6.355710892469144,-0.17975841561962244,-1.0090722767075722,0.7306237619620102,52.202892,-2.189655,47.59346534605778,Vw11
14032.310000000074,-6.675099996068367,-3.0873999967758197,8.246800000315318,0.1243999996405313,-0.2963000001298413,0.1630000001559438,52.202892,-2.189655,46.94000000008204,Vw11
14032.410000000074,-1.4033000014099868,1.2357999990093105,8.669599999988625,-0.35759999987050445,-0.47039999992670206,0.37209999983637915,52.202892,-2.189655,47.050000000301324,Vw11
14032.510000000075,-3.2323435611667293,-0.06571782076654811,8.671781189411043,-0.1841415840418827,-0.3696980195475914,0.15277128696953482,52.202892,-2.189655,47.44970297027482,Vw11
14032.610000000075,1.033299997412795,1.2924999971387188,10.399900000181749,-0.028299999952344296,-0.029500000174588422,-0.06009999975314495,52.202892,-2.189655,47.4199999999478,Vw11
14032.710000000076,-2.4357999956331158,-2.544099996569062,10.643599998923404,0.03559999990144715,-0.2635999995468861,0.27089999966935135,52.202892,-2.189655,47.34999999980137,Vw11
14032.810000000076,3.2801999949584557,1.9467999993924465,9.234399999824209,-0.0934000001382873,0.3294999996818312,-0.16189999974078848,52.202892,-2.189655,47.08999999989968,Vw11
14032.910000000076,-3.1906029952281965,1.1486579991695283,9.058116003946004,-0.2735670000740699,-0.08317200002849433,0.17427300002091115,52.202892,-2.189655,46.95929999994638,Vw11
14033.010000000077,2.959254454101632,0.09484851634881661,14.082924746709491,-0.36955742576229195,-0.11719207899284623,0.20062871281986946,52.202892,-2.189655,46.8903960396343,Vw11
14033.110000000077,1.204699996110295,2.0496999971834513,6.555400003601304,-0.3952999994736208,0.16359999979640052,0.13349999994950124,52.202892,-2.189655,46.929999999915964,Vw11
14033.210000000077,-3.8866999946183145,-1.6369999972231577,11.269299998725689,0.29369999978463346,-0.10289999966583724,0.0673999997418854,52.202892,-2.189655,46.819999999829626,Vw11
14033.310000000078,2.9937950548730057,1.9131980225717893,9.640092077936838,0.018353465131713598,0.32432772310559366,-0.26260000025746083,52.202892,-2.189655,46.60217821765184,Vw11
14033.410000000078,-1.0044019775712842,-0.5253613835008537,7.179460397871401,0.2189495048994867,-0.26129603926646683,0.17955544529797532,52.202892,-2.189655,46.44861386127745,Vw11
14033.510000000078,2.3453999975102895,2.838499997085964,9.515500000913647,0.15389999983472846,0.16909999961908542,-0.13489999972131445,52.202892,-2.189655,46.31000000003129,Vw11
14033.610000000079,-0.8377000007925682,-0.8870999997928044,10.68359999760368,-0.05740000018373066,-0.31790000023230314,0.2213999999498632,52.202892,-2.189655,46.34999999971842,Vw11
14033.71000000008,-1.8509999927467595,-0.6221999969208147,7.619900003156715,-0.29229999951089397,-0.6148999990955176,0.1572999995802581,52.202892,-2.189655,45.989999999805974,Vw11
14033.81000000008,7.026810883539997,3.1439197985558103,11.502278216030824,0.3081386134954095,0.4961811874995035,-0.3555990093954387,52.202892,-2.189655,45.74742574236772,Vw11
14033.91000000008,-2.3821000026215637,-1.124100001114735,9.270100000086037,-0.14799999974700767,-0.2756999991585064,0.2744999993474703,52.202892,-2.189655,45.48999999985594,Vw11
14034.01000000008,-5.657599998265331,-2.5168999988993903,9.377600000072436,0.16809999984421367,0.7756999995370873,-0.540799999641942,52.202892,-2.189655,45.30999999995149,Vw11
14034.11000000008,-3.4795227696789017,-1.152765346315193,9.47066930720911,-0.02431782175953295,0.2057920794239646,-0.09955049518195991,52.202892,-2.189655,45.250099009908936,Vw11
14034.210000000081,-0.2417999981610287,-0.8792999989084983,9.817599998479938,0.003899999891887194,0.4749999996913841,-0.264599999832644,52.202892,-2.189655,45.25999999985412,Vw11
14034.310000000081,2.004833665200857,0.4541653476235137,7.960570295513319,-0.12817920802864322,0.09797029672183405,-0.06014455428849452,52.202892,-2.189655,45.081782178072295,Vw11
14034.410000000082,0.9992297026937552,1.6389623750447735,9.791650494733643,-0.08747326729171814,0.32966435612912415,-0.20896633652423277,52.202892,-2.189655,44.97891089099974,Vw11
14034.510000000082,0.6621999929336627,0.18519999838050827,9.40670000163308,-0.04479999995154212,-0.04389999930808372,-0.07560000052174073,52.202892,-2.189655,44.869999999844474,Vw11
14034.610000000082,-7.970599997901496,-1.7933000005207584,11.401800002303796,0.014400000191703293,0.8013999994483824,-0.7129999995488179,52.202892,-2.189655,44.68000000021282,Vw11
14034.710000000083,-5.406899997963184,-2.429499995893152,14.216299998825528,0.24859999996281176,0.12750000065848519,-0.16180000043873657,52.202892,-2.189655,44.939999999788704,Vw11
14034.810000000083,-2.908178210372155,2.442486139694643,12.80422376049112,0.2034643563403953,0.8926108899158196,-0.6738821776292256,52.202892,-2.189655,44.68910891081635,Vw11
14034.910000000084,5.974000003692345,3.7311000007777455,10.556599997136358,0.08989999996468977,-0.506299998639636,0.02789999941236092,52.202892,-2.189655,44.59999999998327,Vw11
14035.010000000084,10.386799987931404,4.660599994582604,7.134200001736859,0.047699999891055396,1.1194999985826213,-0.6743999992724631,52.202892,-2.189655,44.57999999994084,Vw11
14035.110000000084,-3.9300564388025485,-1.7747336655167352,9.224539606925022,-0.08235148524511252,-0.5392940578786509,0.17554158324750735,52.202892,-2.189655,44.50851485136056,Vw11
14035.210000000085,-7.695699988397813,-4.33809999177203,12.75849999582694,-0.19750000003684728,1.2812999991245568,-0.9102999992041503,52.202892,-2.189655,44.3599999999658,Vw11
14035.310000000085,5.875299998583731,5.286099997103685,7.877300003950779,-0.2405999996259703,0.2573000005263773,0.02059999943130388,52.202892,-2.189655,44.3200000000684,Vw11
14035.410000000085,4.218699997523368,1.8982999999575103,12.498499996429661,0.19689999969128658,0.8729999995234647,-0.644599999657346,52.202892,-2.189655,44.399999999948704,Vw11
14035.510000000086,1.3217999945694308,1.8485999960776895,8.322300000535355,-0.16419999969880994,0.3156000002608376,-0.2438000001956923,52.202892,-2.189655,44.33999999995726,Vw11
14035.610000000086,-5.030299996570896,-2.7392999982624504,8.948499999577239,0.188099999868769,0.6206999998496188,-0.4726999997454888,52.202892,-2.189655,44.289999999888856,Vw11
14035.710000000086,-1.0193000028838985,-0.7069000016272242,8.454000001559558,0.03460000009761425,0.4447999999509309,-0.1750000000858272,52.202892,-2.189655,44.15999999998253,Vw11
14035.810000000087,-4.322299993886013,-2.5705999962649893,10.240200000330386,0.14639999995608233,0.38860000003387685,-0.27330000009997163,52.202892,-2.189655,44.139999999877766,Vw11
14035.910000000087,2.68019999620553,1.70719999804431,10.618599999664026,0.09610000000235741,0.4273999996898696,-0.3877999997338746,52.202892,-2.189655,43.9999999998865,Vw11
14036.010000000088,-1.6656999955029395,-0.5326999965719433,10.233799998439114,0.09879999985589281,0.07220000033550089,-0.08300000017764864,52.202892,-2.189655,43.86999999991355,Vw11
14036.110000000088,3.4848940638927965,3.3935376271826545,8.446077226165427,-0.06624950509427527,0.4564574260773139,-0.286465346711899,52.202892,-2.189655,43.770990098923654,Vw11
14036.210000000088,1.3359269980237487,0.36469099724452203,9.33919800081817,0.2106860002501989,-0.2606180006474586,0.09898600034800237,52.202892,-2.189655,43.60169999984885,Vw11
14036.310000000089,-0.8754000001334283,-1.4669999989105582,11.86799999749579,-0.09609999994857171,0.1712999995932976,-0.005799999803110767,52.202892,-2.189655,43.43000000017826,Vw11
14036.410000000089,-1.0251000000065955,-0.24469999850011226,9.058399999883953,-0.03840000004082176,-0.28499999971540635,0.21509999987031517,52.202892,-2.189655,43.63000000005348,Vw11
14036.51000000009,-1.032499997187755,1.4381000001760327,8.928200001080262,-0.08419999986291732,0.03429999956887586,0.0696000000529435,52.202892,-2.189655,43.68999999994652,Vw11
14036.61000000009,2.122699999330441,1.635599998140504,10.140199999235909,0.0696000000257488,-0.449399999827501,0.1290000000677932,52.202892,-2.189655,43.62999999924374,Vw11
14036.71000000009,1.3911920802972415,-0.38984851128195586,9.284846534059,0.09725445536106336,-0.25835643569328,0.2051504951254938,52.202892,-2.189655,42.787722772073764,Vw11
14036.81000000009,2.610399995181133,3.6052999956852663,8.619500002008438,0.0027000000774889486,-0.3140000000401087,0.29019999985539036,52.202892,-2.189655,42.55999999988177,Vw11
14036.91000000009,-2.6879999962963557,-1.1387999971285434,10.827799997805844,0.08789999993333404,-0.35809999966057654,0.131199999856027,52.202892,-2.189655,42.42999999989086,Vw11
14037.010000000091,1.3841999973261767,2.018399996654515,8.415300002320395,0.01460000010477379,0.015099999746887626,-0.027099999849114827,52.202892,-2.189655,42.30999999989996,Vw11
14037.110000000092,-1.5556999990419385,-1.6599999980347637,10.966599999479678,0.12979999987066984,-0.2631999997707164,0.13879999975771062,52.202892,-2.189655,42.199999999818104,Vw11
14037.210000000092,-0.5023000003865662,0.5007999999060255,10.394499999323903,-0.012399999950925484,-0.011100000132009518,-0.1275999996523038,52.20289199999938,-2.1896549999988535,41.999999999730974,Vw11
14037.310000000092,-0.9189999979249551,0.39950000045196793,9.665700000138688,0.040499999873834895,-0.15339999976603796,0.24719999990305697,52.202225,-2.188419,41.709999999721695,Vw11
14037.410000000093,1.3177999962972398,0.8866999995062863,9.815200000530822,-0.09550000000102045,0.0987999998409021,0.14269999974655656,52.202225,-2.188419,41.40999999984229,Vw11
14037.510000000093,-2.673599996222747,0.3545000009485575,10.387400000116887,-0.0966,-0.07269999983709859,-0.1305000001090957,52.202225,-2.188419,41.23999999976808,Vw11
14037.610000000093,1.3980999989735496,1.3769999994681275,10.51339999961712,-0.09659999984276216,0.10290000005556738,-0.24809999956389453,52.202225,-2.188419,40.98999999991567,Vw11
14037.710000000094,0.27641583914013707,0.7947990085433232,10.101155445205666,0.07027623753786673,0.16159108905229158,0.21602871275307703,52.202225,-2.188419,40.89792079188587,Vw11
14037.810000000094,-2.351999995835125,-0.6652999986976255,9.73669999956925,-0.022099999974555976,0.10070000005996844,0.08889999960405695,52.202225,-2.188419,40.68999999982028,Vw11
14037.910000000094,2.051199995534527,0.7115999998250132,9.281299999201304,0.004800000100735633,0.16409999995412508,-0.32969999982832376,52.202225,-2.188419,40.499999999839204,Vw11
14038.010000000095,-2.6697999970520874,0.5266000015469777,8.4369000010852,0.11129999996159749,0.11560000015569094,-0.1482000000361324,52.202225,-2.188419,40.3299999996784,Vw11
14038.110000000095,0.44679999765697426,2.162099997430248,9.584200000996288,0.07069999995970574,0.2801999995112667,-0.18639999960046263,52.202225,-2.188419,39.989999999839206,Vw11
14038.210000000096,-2.030299996548071,-0.5546999975264035,10.637500000349858,0.028099999810946973,-0.23649999988556555,0.23599999993907111,52.202225,-2.188419,39.82000000002892,Vw11
14038.310000000096,1.5502999968111641,2.0110999978309514,11.000399997791426,-0.16799999988180572,-0.11779999999566171,0.1727999999413849,52.202225,-2.188419,39.84999999989395,Vw11
14038.410000000096,-1.757399999642043,-0.23879999929931803,8.709500000695861,-0.04540000012793135,-0.11330000012311102,0.11200000014007856,52.202225,-2.188419,39.73999999970114,Vw11
14038.510000000097,-1.386099999153648,0.4880000006786049,9.43129999988759,-0.1780999999068714,-0.24099999974789715,0.2572999998288785,52.202225,-2.188419,39.42999999977827,Vw11
14038.610000000097,-0.5081999990135693,1.1918999999142947,9.314700000256828,-0.08149999982907138,0.020499999899255272,0.07980000005716902,52.202225,-2.188419,39.199999999826474,Vw11
14038.710000000097,0.5149999990019315,1.10300000030499,9.581100000441817,0.09580000000442014,-0.08399999997573833,0.13909999980237045,52.202225,-2.188419,39.0199999999116,Vw11
14038.810000000098,-0.501099999644915,1.413499999358686,10.030899998821983,0.1002999998968633,-0.0592999998555104,-0.06209999989273784,52.202225,-2.188419,38.929999999764256,Vw11
14038.910000000098,-0.13959999791103983,0.7606000011735975,8.83159999975925,-0.00470000003673631,0.08780000022385576,0.04709999987427146,52.202225,-2.188419,38.68999999977408,Vw11
14039.010000000098,1.9870999932851134,1.9553999942739486,8.58650000316276,-0.042100000132899,0.31569999938481413,-0.0808999996681945,52.202225,-2.188419,38.45999999964639,Vw11
14039.110000000099,-4.849099995043054,-3.874099994321883,11.806399995456289,-0.17740000010804796,-0.31059999939021654,0.25689999965385363,52.202225,-2.188419,38.099999999783904,Vw11
14039.2100000001,0.19740000062857907,1.9065999974754793,7.180600002210282,-0.2873999994198424,0.3101999995228881,-0.09549999977379957,52.202225,-2.188419,37.879999999779905,Vw11
14039.3100000001,0.8257000021225424,-0.6167999947997913,9.389899997437464,0.29249999968726115,-0.16669999936001584,0.13059999951828613,52.202225,-2.188419,37.65999999980991,Vw11
14039.4100000001,2.947299994337991,4.581099993998952,6.828500001708738,-0.02009999963761689,0.4729999993000933,-0.35089999960962465,52.202225,-2.188419,37.46999999976757,Vw11
14039.5100000001,-2.626652472345752,-1.338299998095392,8.549291092105268,0.33790693063361854,-0.21596237587297917,0.032947524506632936,52.202225,-2.188419,37.23693069276163,Vw11
14039.6100000001,0.2680999951725567,0.5617000008841926,11.538399996633004,0.27859999960972676,0.14779999965764798,-0.21229999962873516,52.202225,-2.188419,36.92999999965985,Vw11
14039.710000000101,-4.557199995075006,1.4455000006485643,8.17290000285849,-0.11149999970999488,-0.1943999996862607,0.15879999972018122,52.202225,-2.188419,36.5899999998574,Vw11
14039.810000000101,0.2777000006265618,2.082199999634921,10.979100000256086,0.17319999963461596,0.11359999958032277,-0.11589999969471537,52.202225,-2.188419,36.44999999986758,Vw11
14039.910000000102,0.892799999225941,1.7238000017809634,11.230499998619699,-0.18549999991367333,-0.29839999966210157,0.18379999987189904,52.202225,-2.188419,36.319999999835375,Vw11
14040.010000000102,0.12059607639998685,3.4394499984435916,9.894359804468587,-0.0995186272385564,0.02634117609717027,0.06053627463597757,52.202225,-2.188419,36.15774509780908,Vw11
14040.110000000102,-1.8697960804549492,1.9144499984495746,10.430340196623348,0.10861862766258779,-0.3395411768425707,0.18416372561588473,52.202225,-2.188419,35.93225490173153,Vw11
14040.210000000103,-3.1242999993880645,0.8450000014705096,10.895799999777553,0.004900000139290491,-0.020800000174060747,0.03939999999549662,52.202225,-2.188419,35.629999999769595,Vw11
14040.310000000103,-2.5338940587716525,2.239468315831139,10.692712872254555,0.1381376237870607,-0.1867742574022923,0.035241584173123675,52.202225,-2.188419,35.40792079186321,Vw11
14040.410000000104,-1.9233000009223544,1.2763000008356382,11.623999996726045,0.16189999993108786,-0.1641999996109292,0.04939999991066557,52.202225,-2.188419,35.199999999801015,Vw11
14040.510000000104,-2.809466337201509,2.0687712865647754,8.517407922818572,0.09647029706816962,0.2048999997506868,-0.03669306938931513,52.202225,-2.188419,35.00831683150832,Vw11
14040.610000000104,-3.356099998310703,1.5258999990237265,10.468199998799772,0.13349999983701127,-0.035099999755413225,-0.1160000000512191,52.202225,-2.188419,34.839999999554166,Vw11
14040.710000000105,-1.7267999968246213,0.5843000022131847,9.310600000117331,-0.023699999974743608,0.20080000000255763,-0.16539999989758905,52.202225,-2.188419,34.41000000008525,Vw11
14040.810000000105,1.2469059399604903,2.6577980194529625,9.419636633550969,0.0006148515501380052,0.2040297030579962,-0.0706415843002206,52.202225,-2.188419,34.48465346478141,Vw11
14040.910000000105,0.6474999982591205,2.327599999245825,9.313300002990804,0.06210000016901535,0.2869999998023181,-0.20479999981244199,52.202225,-2.188419,33.94999999979753,Vw11
14041.010000000106,-1.0330316881289718,1.5986742551821922,12.115415841120754,0.21683762335412504,0.10559703013602427,-0.031989109247978285,52.202225,-2.188419,33.7582178215938,Vw11
14041.110000000106,-5.726199991785557,-0.5238999947673423,11.676999996331823,-0.16939999981315704,0.5152999999548454,-0.35089999994429527,52.202225,-2.188419,33.57999999972569,Vw11
14041.210000000106,2.0598999961657647,4.435899995667262,8.200100001983067,0.007700000013951649,0.4724999995794114,-0.2980999996339302,52.202225,-2.188419,33.31999999974243,Vw11
14041.310000000107,-1.5127999965729384,0.39870000176305914,10.047899999182649,0.020699999977677363,0.08060000028042814,0.04299999977612969,52.202225,-2.188419,33.07999999954925,Vw11
14041.410000000107,1.680499993999718,2.041499995163393,9.286300002166799,-9.999998025305104e-05,0.3418999996765364,-0.16559999984599527,52.202225,-2.188419,32.659999999570715,Vw11
14041.510000000108,-3.9104999965173994,-2.4651999962063873,11.305299999460905,0.01829999992465893,0.040500000384835685,-0.022100000236321634,52.202225,-2.188419,32.259999999382096,Vw11
14041.610000000108,-0.7233792106607367,1.0159485128780308,10.806122772075357,-0.049904950355784426,0.3902267321061987,-0.23716831651642026,52.202225,-2.188419,31.68306930618539,Vw11
14041.710000000108,-3.271299995316939,-0.8191999960474088,10.618399999370265,0.07959999997915439,-0.13709999960731656,0.05599999974625098,52.202225,-2.188419,30.989999999083228,Vw11
14041.810000000109,1.0195999987914999,2.802400000170912,10.041399998558378,0.06050000001920853,0.2226999994451355,-0.17649999958679835,52.202225,-2.188419,30.149999998712154,Vw11
14041.910000000109,-0.08769999719600027,2.958999999578656,8.720500001708306,0.07810000006702701,-0.28569999956708053,0.2020999996831651,52.202225,-2.188419,28.96999999880939,Vw11
14042.01000000011,2.419469302958387,2.566361384997282,10.26108514752919,0.1366831680744489,0.10294752430938785,-0.0828049502222471,52.202225,-2.188419,27.881386137672045,Vw11
14042.11000000011,-1.2136000014894248,1.52249999899439,9.3596000005732,-0.08499999989478967,-0.3022999997302075,0.16669999986433975,52.202225,-2.188419,27.01999999847205,Vw11
14042.21000000011,-2.5782999989851154,0.6011000003357314,9.884799999559792,0.011399999952211007,-0.05510000017940098,0.042400000140730344,52.202225,-2.188419,25.619999999033237,Vw11
14042.31000000011,-1.663646533640393,0.9036742577608745,9.488067326293251,-0.03166930697839673,-0.21678316849591237,0.16923168330879593,52.202225,-2.188419,24.748712870322088,Vw11
14042.41000000011,-1.4787999974849069,-0.020399997259439626,10.594499997384823,0.03530000001564513,-0.1131000000431628,0.08700000011561859,52.202225,-2.188419,23.429999999212196,Vw11
14042.510000000111,0.7878999968106132,2.4494999986901367,8.237600002042521,0.04940000003894638,-0.1520000000903201,0.19119999992022096,52.202225,-2.188419,22.71999999869069,Vw11
14042.610000000112,-2.0864999986931325,1.2690000004905468,10.078399998856685,0.08449999974668208,-0.23339999984510212,0.1193000000250766,52.202225,-2.188419,21.539999999423017,Vw11
14042.710000000112,-0.9087000000787185,1.7110999994369027,9.048000000600652,-0.1437999998856438,-0.09379999990616925,0.1418999998725616,52.202225,-2.188419,21.019999998770725,Vw11
14042.810000000112,-0.9784999987324955,1.2117999998491038,9.580600000545392,-0.042399999928611945,-0.010600000059546437,0.028899999999436113,52.202225,-2.188419,19.929999999334612,Vw11
14042.910000000113,0.1453999993086749,1.0779999995490035,10.064199999025153,0.020899999888012097,-0.06340000000259388,0.02840000001240551,52.202225,-2.188419,19.339999998725617,Vw11
14043.010000000113,-0.4675999995442668,0.6781000003947207,9.199800000982178,-0.07839999988733543,-0.0656999999616557,0.03939999996030237,52.202225,-2.188419,18.20999999935717,Vw11
14043.110000000113,-0.06350000051009193,1.0281000003999086,10.070699999979137,0.021499999990865035,-0.03169999997620398,0.0041999999946994646,52.202225,-2.188419,17.639999999165447,Vw11
14043.210000000114,-0.5158000005458953,1.3826999991796523,10.05219999970969,0.013400000011459634,-0.01059999994258608,-0.0004999999842574736,52.202225,-2.188419,16.89999999949068,Vw11
14043.310000000114,-0.9857603958513866,0.675598019985424,9.803160396241687,0.022990098974326082,0.03824257417047748,0.013265346553634328,52.202225,-2.188419,16.453663365609223,Vw11
14043.410000000114,-0.8217999997584309,0.835399999588943,9.979200000014096,-0.007999999992436642,-0.0374999999529009,0.029799999962412404,52.202225,-2.188419,15.819999999358261,Vw11
14043.510000000115,-0.6110000000731124,0.4766999998874664,9.991499999465178,-0.0013999999650481185,0.003600000066580469,-0.003000000042400643,52.202225,-2.188419,15.259999999197825,Vw11
14043.610000000115,-0.6748000001494335,0.3785000006140071,9.524799999448678,0.02909999990156175,0.06170000003518107,-0.039999999984987884,52.202225,-2.188419,14.559999999312423,Vw11
14043.710000000116,-0.8051999988223426,0.9142999997096601,9.043700001381966,-0.056799999892548664,0.09239999989743809,-0.026900000010011717,52.202225,-2.188419,13.959999999266584,Vw11
14043.810000000116,0.2063999994845976,0.6648999994346214,10.230799999935208,0.03549999992003796,0.004300000027516349,-0.03549999990239927,52.202225,-2.188419,13.329999999153344,Vw11
14043.910000000116,-0.23345346552768956,0.1822910888979676,10.170481187510228,-0.032067326682217755,0.027667326728863125,0.04657524741691392,52.202225,-2.188419,12.60405940524784,Vw11
14044.010000000117,-0.3887999996215914,0.0014000002235409362,9.648599999918392,0.011199999961312483,0.0243999999637819,-0.04589999993685351,52.202225,-2.188419,12.009999999423803,Vw11
14044.110000000117,-0.062354368390231694,0.19019902897448496,9.58209708771652,-0.021376698991420515,-0.00678834955985524,0.007990291284329067,52.202225,-2.188419,11.51514563050181,Vw11
14044.210000000117,0.40220873841138166,0.06010194159430482,9.871805825584024,0.010953398096340664,-0.04562330101662542,0.02701941749814646,52.202225,-2.188419,11.029708737292182,Vw11
14044.310000000118,-0.12189999967936259,-0.7455999998026307,10.06189999992543,0.015600000007492074,-0.03480000001697423,0.014700000026573453,52.202225,-2.188419,10.58999999948492,Vw11
14044.410000000118,0.1492881191319813,-0.5786693067336544,9.998830692994863,0.02193663367084586,-0.049156435660510145,0.03717524755128141,52.202225,-2.188419,10.154356435129348,Vw11
14044.510000000118,0.2942000004613527,-0.3301999995830748,9.930299999721612,-0.003000000007524002,-0.016900000029737718,0.00650000002293029,52.202225,-2.188419,9.379999999629772,Vw11
14044.610000000119,0.6795089107736941,0.019793069412715136,9.696601980127184,-0.009163366320449347,-0.04156633660598584,0.025681188116583608,52.202225,-2.188419,9.064950484550398,Vw11
14044.71000000012,0.5804000003147798,0.109100000763539,9.636799999264433,0.004500000090160028,-0.018200000171075953,0.02380000005018228,52.202225,-2.188419,8.559998999447757,Vw11
14044.81000000012,0.8425999995993821,0.7450999992377816,9.024100000396897,0.07959999990095604,-0.16069999997863052,0.06559999994777682,52.202225,-2.188419,8.099998999351714,Vw11
14044.91000000012,0.5089000013880562,0.11020000087302761,9.35469999984489,-0.002900000069991074,-0.14289999961943103,0.02209999982964437,52.202225,-2.188419,7.559999999375722,Vw11
14045.01000000012,1.6650999982908012,0.8373999991056029,9.225500000431833,-0.06119999997502891,0.17409999981007568,-0.11979999984537135,52.202225,-2.188419,7.039999999351712,Vw11
14045.11000000012,0.2413999987839801,0.09239999901328191,9.585200001086603,-0.04040000002148954,0.015900000158950572,0.008999999886429577,52.202225,-2.188419,6.499999999315696,Vw11
14045.210000000121,-0.7714999995820999,-0.7294999991367787,10.490299999015637,-0.058299999992565785,0.14829999993601703,-0.08559999993699202,52.202225,-2.188419,5.929999999463762,Vw11
14045.310000000121,-0.428599999948448,-0.021200000716121575,9.682600000915262,-0.052199999951738574,0.09579999999415012,-0.033900000027786883,52.202225,-2.188419,5.489999999439387,Vw11
14045.410000000122,-0.38629999876433685,-0.6087999987556839,10.433599998991019,-0.012600000031199307,0.09100000000194995,-0.056699999992322045,52.202225,-2.188419,5.029999999646571,Vw11
14045.510000000122,0.6275999990323341,0.4121999990916858,9.605700000695283,-0.03819999994272002,0.09259999991018013,-0.05039999997038504,52.202225,-2.188419,4.7399999995978215,Vw11
14045.610000000122,-0.16639999898395072,-0.3330999991890618,10.176199999088151,0.008799999964047674,0.01890000007507333,-0.026100000022911993,52.202225,-2.188419,4.409999999744068,Vw11
14045.710000000123,0.6672999995955295,0.3322999988767595,9.42800000058506,-0.020699999962026778,0.08049999988150376,-0.04489999992776429,52.202225,-2.188419,4.1999999996660335,Vw11
14045.810000000123,0.34029999991799265,-0.5757999996386978,9.901000000054177,0.009999999974519596,-0.015299999920713889,0.013499999945699528,52.202225,-2.188419,3.9299999998392017,Vw11
14045.910000000124,0.27399999972849765,-0.2837000006241462,9.94480000005727,-0.010599999963758456,0.04879999990401557,-0.03039999992566154,52.202225,-2.188419,3.7999999999505234,Vw11
14046.010000000124,0.05450000067605405,-0.7882999992998324,9.9910999997345,0.01869999997063894,-0.028799999939653646,0.02969999993465602,52.202225,-2.188419,3.759999999862565,Vw11
14046.110000000124,0.5922079203717755,-0.23242277283763266,9.779323762465918,-0.004629702949195968,0.018783168228010936,-0.021988118736064582,52.202225,-2.188419,3.649603960346967,Vw11
14046.210000000125,0.25299999987838057,-0.6847000001016633,9.851700000216882,0.012400000014057149,-0.05289999992431731,0.03919999993373058,52.202224999999636,-2.1884189999993775,3.6100000000125507,Vw11
14046.310000000125,0.1561000006167752,-0.7656999995768149,10.024499999571997,0.02360000000126778,0.007399999955754461,-0.013599999970460713,52.201935,-2.187923,3.6199999999873222,Vw11
14046.410000000125,0.6408039601702623,-0.4310415840505058,9.686939603965374,0.024245544509897427,-0.027185148475272015,0.009682178215581436,52.201935,-2.187923,3.6095049504328176,Vw11
14046.510000000126,0.4611999998606836,-0.3451999999436459,9.690900000261186,-0.011199999968245902,0.004299999986821422,0.007899999992594895,52.201935,-2.187923,3.559999999987449,Vw11
14046.610000000126,0.3501999996943825,-0.3002999999329775,9.898999999844868,0.01409999995795406,-0.006200000049827577,0.0020000000254785846,52.201935,-2.187923,3.5499999999372447,Vw11
14046.710000000126,0.106700000875134,-0.24689999992194717,9.775400000182207,-0.019399999980900612,-0.04589999992322046,0.022299999966767063,52.201935,-2.187923,3.4999999998726707,Vw11
14046.810000000127,0.7939999989683784,-0.1856000005149195,9.918499999702176,-0.004400000016298145,0.014399999925257725,-0.003799999970586941,52.201935,-2.187923,3.3999999997453414,Vw11
14046.910000000127,-0.016199999436950017,-0.5899999999618012,9.68460000035945,-0.017199999990704963,-0.04429999990679498,0.019299999939263946,52.201935,-2.187923,3.1999999997835404,Vw11
14047.010000000128,0.4259999994555098,-0.5600000000574873,9.966899999914904,-0.009900000006177362,0.028899999918307565,-0.028399999933435796,52.201935,-2.187923,3.0299999997604696,Vw11
14047.110000000128,-0.0016237629198807002,-0.605148514908883,9.900068316746719,-0.014751485154682602,-0.03525841592314949,0.023877227789232916,52.201935,-2.187923,2.841881187879654,Vw11
14047.210000000128,0.7027999997542309,-0.5454000000329328,9.909199999689656,-0.027199999968616974,0.0324999999560896,-0.010599999961255525,52.201935,-2.187923,2.709999999702959,Vw11
14047.310000000129,0.5124999999755909,-0.5709000000355158,9.66889999996668,-0.0029000000176933097,-0.0014999999697793101,0.019399999961126378,52.201935,-2.187923,2.4799999998579367,Vw11
14047.410000000129,0.49360000014375893,-0.5983999997213529,9.643100000359789,-0.01659999996790862,0.021899999997130038,-0.010699999992303286,52.201935,-2.187923,2.369999999856502,Vw11
14047.51000000013,0.6029356434525551,-0.38970099073293507,9.918509900939641,0.007801980172406663,0.019499999974130728,-0.004619801956890063,52.201935,-2.187923,2.2593069306034232,Vw11
14047.61000000013,0.5165000006701502,-0.8797999999885059,9.879500000014335,-0.011999999972103978,-0.0004999999465326255,0.013399999948986442,52.201935,-2.187923,2.1899999999095963,Vw11
14047.71000000013,1.0353999989275093,-0.8709000002663874,9.890599999685547,0.009599999978521373,0.040899999944600855,-0.026099999967127224,52.201935,-2.187923,2.1199999999869035,Vw11
14047.81000000013,0.21650000063240318,-1.074299999597373,9.650500000522701,-0.006799999958116418,-0.0013999999231053748,-0.0010000000519978832,52.201935,-2.187923,2.109999999987033,Vw11
14047.91000000013,0.6993712877601594,-0.7668742570237246,10.049608911413,0.0251801980616222,0.05731287136390702,-0.04070297034894893,52.201935,-2.187923,2.1000990098880425,Vw11
14048.010000000131,0.14200000095108406,-0.8567999995152903,9.798300000086831,0.01379999999096326,-0.014599999905441655,0.003799999957566615,52.201935,-2.187923,2.0799999999607097,Vw11
14048.110000000132,0.8681999993524979,-0.4867000004028552,9.864599999790059,0.006900000029991497,0.05759999992862285,-0.028599999963460142,52.201935,-2.187923,2.049999999986903,Vw11
14048.210000000132,0.37380000049328116,-0.7942999995288061,9.70430000009558,0.029799999962136205,0.0031000000425967698,-0.0007000000145933377,52.201935,-2.187923,2.0399999999605587,Vw11
14048.310000000132,0.7452851490073966,-0.43944851438099425,9.776280198115238,0.0012851484770441818,0.0351792079633253,-0.011690099024472555,52.201935,-2.187923,2.0102970296635876,Vw11
14048.410000000133,0.2792000005369875,-0.7642999999887131,9.715599999831495,0.022799999942636352,0.0043000000229720175,0.004299999982472218,52.201935,-2.187923,1.9499999999203281,Vw11
14048.510000000133,0.6836000000006707,-0.7558000002714741,9.588700000569773,-0.020399999968480038,0.021599999989940437,-0.008900000007645268,52.201935,-2.187923,1.889999999892698,Vw11
14048.610000000133,0.6827247522923364,-0.9539277222040544,10.00916237566071,0.002877227693143042,0.01372574252448031,-0.014343564322329102,52.201935,-2.187923,1.8093069306008895,Vw11
14048.710000000134,0.5452000001980043,-0.5267000000861473,9.575400000261807,-0.019399999988827767,-0.02369999993135134,0.011299999961772118,52.201935,-2.187923,1.7399999999326974,Vw11
14048.810000000134,0.6922999998018612,-0.5907000005291331,9.769899999850454,-0.01110000000874934,0.027299999952618965,-0.017099999956657123,52.201935,-2.187923,1.689999999946158,Vw11
14048.910000000134,0.5451000003775677,-0.9838000001764674,9.658800000602223,-0.01760000000457658,-0.007900000001884474,0.015099999963387381,52.201935,-2.187923,1.6499999999865393,Vw11
14049.010000000135,0.8255999995681972,-1.1148999998741909,10.106199999928299,-0.020999999998000913,-0.009300000014126883,-0.012099999938428108,52.201935,-2.187923,1.6400000000133272,Vw11
14049.110000000135,0.5048079203609119,-1.0214346533397225,10.052932673195732,-0.01951485148315237,-0.01979504951905659,0.03364257431890701,52.201935,-2.187923,1.6499009901123174,Vw11
14049.210000000136,0.6529326730155713,-0.7459584159573169,9.712282178201937,-0.022579207877542463,-0.01894851484454385,0.01074653465973921,52.201935,-2.187923,1.6702970297430162,Vw11
14049.310000000136,0.46619999993424355,-0.8318000000006821,9.700499999783085,0.009499999965484675,-0.013799999991678124,0.01539999996916813,52.201935,-2.187923,1.7000000000545696,Vw11
14049.410000000136,0.41800000056902537,-0.8323000002828074,9.54150000039904,-0.01579999995743565,-0.007699999983901944,-0.00720000000422915,52.201935,-2.187923,1.740000000068212,Vw11
14049.510000000137,0.8351000000190453,-1.0396000005324597,9.833999999821028,0.015399999997163457,0.004100000017559551,-0.010300000002161176,52.201935,-2.187923,1.7900000000675367,Vw11
14049.610000000137,0.8490603960586216,-1.4298970302346565,9.702811881009406,0.013320792076375496,0.016971287146246926,-0.011884158417999622,52.201935,-2.187923,1.8395049505624883,Vw11
14049.710000000137,0.5217217826047791,-1.462255444937249,9.8233999996584,0.011362376232482839,-0.03715049497442041,-0.004677227719660666,52.201935,-2.187923,1.910495049572594,Vw11
14049.810000000138,0.8339000000818287,-1.0178000003935044,9.573400000404815,0.007600000007959457,0.017799999956711728,-0.0023999999710946044,52.201935,-2.187923,1.9600000001117117,Vw11
14049.910000000138,0.8902900987039594,-1.2990009900160824,9.861393069042933,0.01306336630387379,-0.013035643541602717,0.01800099005761458,52.201935,-2.187923,2.0403960396587886,Vw11
14050.010000000138,0.6692999998906496,-1.239099999515596,9.670700000321277,-0.010600000014377293,0.0033999999995852704,-0.011899999984240277,52.201935,-2.187923,2.0800000000691217,Vw11
14050.110000000139,0.590199999136533,-0.8887000003623354,9.903100000167413,-0.020999999982719602,0.003099999974425009,-0.0005000000345607987,52.201935,-2.187923,2.130000000041473,Vw11
14050.21000000014,-0.03439999913875763,-1.15079999871577,10.024199999756432,-0.008500000008823918,-0.015399999925767042,-0.025500000009524227,52.201935,-2.187923,2.160000000056025,Vw11
14050.31000000014,0.5805000001686349,-0.233900000445958,9.850299999623793,-0.01479999992548692,0.03759999982394183,-0.03229999989537355,52.201935,-2.187923,2.2000000000700313,Vw11
14050.41000000014,0.7008999999284282,-0.5522999999050379,9.581699999935852,0.03839999993571146,-0.08809999991736331,0.04239999995475992,52.201935,-2.187923,2.2500000000980434,Vw11
14050.51000000014,0.6497999994611143,-0.48450000005531746,9.53590000058727,-0.007499999984437535,-0.029100000091394112,0.010100000042867516,52.201935,-2.187923,2.320000000127329,Vw11
14050.61000000014,0.2638772270181863,-0.5227554454260818,9.947852474805996,0.003258415807695143,-0.09347524749322458,0.040086138569833445,52.201935,-2.187923,2.4110891090636697,Vw11
14050.710000000141,-0.23839999909621692,-0.43829999986265905,9.633100000328314,-0.020899999985244357,-0.07099999999560168,0.008700000027241184,52.201935,-2.187923,2.520000000127693,Vw11
14050.810000000141,0.3986000000996006,-0.34149999985641627,9.864499999933884,-0.0104999999758802,-0.06789999995885446,0.027899999971481886,52.201935,-2.187923,2.6100000001560693,Vw11
14050.910000000142,0.46879999957180263,-0.24029999983385716,9.817899999960273,0.006500000003405148,-0.03889999996651604,0.007799999987656338,52.201935,-2.187923,2.720000000113505,Vw11
14051.010000000142,0.16699999949376798,-0.12320000064470805,9.789899999865353,0.008899999984960596,-0.01530000005448237,-0.000899999965664756,52.201935,-2.187923,2.8000000001702574,Vw11
14051.110000000142,-0.18979999866832337,-0.5775999995065688,9.69500000002809,-0.0016999999747766802,-0.053699999912291636,0.023299999938374845,52.201935,-2.187923,2.92000000020064,Vw11
14051.210000000143,0.7368633659761848,-0.23664356483154708,9.716512871558944,0.01587128712463285,0.006821782081844906,-0.01909702961728985,52.201935,-2.187923,3.0616831685560055,Vw11
14051.310000000143,0.4832000008534919,-0.5709999991871505,9.907799999497485,0.01299999997764664,-0.060999999870815,0.04119999992263416,52.201935,-2.187923,3.2300000003048184,Vw11
14051.410000000144,1.063581187022478,-0.01997920921288457,9.569546535796958,-0.0020544553958212904,0.027252475139957235,-0.011665346472107582,52.201935,-2.187923,3.442178218135224,Vw11
14051.510000000144,0.3016999998923686,-0.9178999997887608,10.364199999139668,0.032499999946687244,-0.04749999989897879,0.03179999992139601,52.201935,-2.187923,3.6600000003736204,Vw11
14051.610000000144,0.22679999919179544,-0.7708999998503486,9.765500000136733,-0.004599999956744799,0.022799999959212378,-0.022899999946439032,52.201935,-2.187923,3.9200000003773945,Vw11
14051.710000000145,-0.32715841543263396,-0.665978217559598,9.86042871297616,0.02506930691188421,-0.004334653326417452,0.013059405805227261,52.201935,-2.187923,4.182376237965741,Vw11
14051.810000000145,-0.04299999849460437,-0.4837999991354707,9.93329999943655,0.011999999949504854,0.09219999995096005,-0.08099999996056431,52.201935,-2.187923,4.420000000218279,Vw11
14051.910000000145,0.9914999992948936,0.11029999920390735,9.546100000567083,-0.02269999998368422,0.05850000002175438,-0.05389999999118066,52.201935,-2.187923,4.570000000161688,Vw11
14052.010000000146,0.5179287137643465,-0.4281752470694221,9.929623762044551,-0.011704950510342602,0.07340891090695931,-0.048010891105267656,52.201935,-2.187923,4.6810891090695925,Vw11
14052.110000000146,1.1307999985290924,-0.11570000082334736,9.702000000404107,-0.022199999996070984,0.08429999991792719,-0.05909999992185622,52.201935,-2.187923,4.79000000007276,Vw11
14052.210000000146,0.12000000060276034,-0.6814999994577956,9.979699999917637,-0.019499999984087482,0.027900000054073098,-0.005400000018417268,52.201935,-2.187923,4.839999999867396,Vw11
14052.310000000147,0.5290999985683152,-0.31350000016162993,9.92379999981406,-0.008699999959924026,0.06459999988669697,-0.017899999949757692,52.201935,-2.187923,4.749999999970532,Vw11
14052.410000000147,-0.44259999918286264,-0.42319999996036606,9.79760000013452,0.018500000005746187,-0.012299999931487764,0.016199999920290066,52.201935,-2.187923,4.7300000000442015,Vw11
14052.510000000148,0.11199999948991536,-0.39630000037762764,9.888899999969942,0.022399999986739565,0.034199999880508765,-0.0378999999018728,52.201935,-2.187923,4.759999999926331,Vw11
14052.610000000148,-0.23419999807120978,-0.6525999995134865,9.868500000036164,0.01340000000997137,-0.04689999984135105,0.028699999899095698,52.201935,-2.187923,4.709999999910704,Vw11
14052.710000000148,1.0594465343062016,-0.3255495049282889,9.89045148480198,0.019862376202561365,0.05838118792421557,-0.0381425741161535,52.201935,-2.187923,4.649504950422004,Vw11
14052.810000000149,0.8240999997495653,-0.31049999995420874,9.655600000216577,-0.003899999955849489,-0.07349999989186108,0.05759999989439675,52.201935,-2.187923,4.599999999955252,Vw11
14052.910000000149,0.6561999994991303,-0.2798,9.80079999995078,0.025699999980012943,-0.001000000045492925,-0.013199999967185431,52.201935,-2.187923,4.569999999970169,Vw11
14053.01000000015,0.3203999998232488,-0.279800000295182,9.767800000286678,0.012299999980162101,-0.03150000002968227,0.008800000013125827,52.201935,-2.187923,4.549999999985084,Vw11
14053.11000000015,0.20190000037274802,-0.4776999995264623,9.959999999896894,-0.0009999999905871714,-0.05139999995090848,0.017600000003330694,52.201935,-2.187923,4.539999999956557,Vw11
14053.21000000015,0.4518029129970641,-0.16022427136736606,9.890873786303843,0.0053106796211379835,-0.018487378591295747,0.01983300971209498,52.201935,-2.187923,4.5108737863639785,Vw11
14053.31000000015,-0.09761299895884944,-0.7115449992206866,9.937619999806495,0.012431000004686462,-0.06748599992229544,0.029591999968555348,52.201935,-2.187923,4.519899999984882,Vw11
14053.41000000015,0.5773712860963875,-0.2050108916652174,9.811043564378139,0.015222772235318035,-0.017329703080609313,0.00962376247053442,52.201935,-2.187923,4.51,Vw11
14053.510000000151,-0.10549999854609995,-0.5860999990976157,9.82539999997539,-0.012500000004529284,-0.09029999986306467,0.07199999990896139,52.201935,-2.187923,4.509999999969804,Vw11
14053.610000000152,0.8574999983253729,0.011599999387942806,9.809099999809318,-0.01549999997388113,0.0003999998342282197,0.01170000008681127,52.201935,-2.187923,4.489999999984903,Vw11
14053.710000000152,-0.25169999850107994,-0.393799998993997,9.682799999715801,0.001799999944229785,-0.10939999979632412,0.06919999988173658,52.201935,-2.187923,4.479999999984721,Vw11
14053.810000000152,0.7292999983244488,0.26459999870781176,9.496800000521338,-0.03469999997310806,0.023899999854844648,-0.008199999950494386,52.201935,-2.187923,4.470000000030558,Vw11
14053.910000000153,-0.36729999875120556,-0.5810999999673018,9.838000000468316,-0.017100000035754057,-0.07109999981588189,0.024199999922227287,52.201935,-2.187923,4.4899999999694415,Vw11
14054.010000000153,0.44999999877947267,-0.5596999996565166,10.144499999968373,-0.040499999980595024,0.04939999986599869,-0.026699999903586288,52.201935,-2.187923,4.469999999908323,Vw11
14054.110000000153,-0.3487999991364807,-0.3348999990750601,10.123799999716194,-0.02780000000211795,-0.03829999988366392,0.03639999992390501,52.201935,-2.187923,4.409999999984872,Vw11
14054.210000000154,0.216348515724063,0.27044653558810816,9.93805742545579,-0.029186138616001556,0.037838613978942615,-0.013401980274913045,52.201935,-2.187923,4.400099009885704,Vw11
14054.310000000154,0.2210000002629986,0.004900000076997821,9.688400000055815,0.0041999999687679515,-0.03409999986795956,0.022299999934598237,52.201935,-2.187923,4.42,Vw11
14054.410000000154,0.39109999888074853,0.054699999849715096,9.724500000429673,-0.015999999980673238,0.05129999991001459,-0.019999999937072063,52.201935,-2.187923,4.420000000030923,Vw11
14054.510000000155,-0.3327999999969077,-0.04249999994851351,10.002399999817092,-0.0035000000143791113,-0.006899999907540769,0.02069999993135134,52.201935,-2.187923,4.44,Vw11
14054.610000000155,-0.33079999903811286,-0.00919999934843432,9.8840999995271,-0.01279999994799344,0.05289999995127313,-0.023699999950648427,52.201935,-2.187923,4.440000000046854,Vw11
14054.710000000156,0.2813959994265009,0.40593999968104527,9.580124999818073,0.020151999946118333,0.021764000009909273,0.007772999980336289,52.201935,-2.187923,4.470400000061932,Vw11
14054.810000000156,-0.08176699944661499,0.20177299996444428,9.469625000912389,-0.013858999930924768,0.028318000034146033,-0.004939000021772011,52.201935,-2.187923,4.51030000004699,Vw11
14054.910000000156,0.26601584127337735,0.17541287067828307,10.045201980026036,0.029559405902909525,0.049422772202478975,-0.018559405918572646,52.201935,-2.187923,4.540099009916498,Vw11
14055.010000000157,0.0676000001687913,-0.2132999998430976,9.935399999981854,0.005500000002972228,0.0016999999937426763,-0.004499999991083314,52.201935,-2.187923,4.550000000015643,Vw11
14055.110000000157,0.17550000004552202,-0.11299999998247949,9.923799999655847,0.0073999999646461225,-0.0023000000472427925,0.0012000000470863597,52.201935,-2.187923,4.560000000031287,Vw11
14055.210000000157,0.20459999966403083,-0.101800000762142,9.703800000214114,-0.015199999938756446,-0.03249999998813109,0.0312999999659758,52.201935,-2.187923,4.579999999952524,Vw11
14055.310000000158,-0.007699999726223905,-0.5833999996251008,9.839099999585379,0.023499999959329217,-0.024999999904415746,0.009799999964076779,52.201934999999914,-2.1879229999998513,4.549999999984174,Vw11
14055.410000000158,0.1652999997866762,-0.3465000004269641,9.577100000810251,-0.0021999999357496564,0.0353999999729389,-0.012899999987498086,52.20188,-2.187829,4.5399999999841745,Vw11
14055.510000000158,0.03050000102262493,-0.6162999997542344,10.089099999963286,0.038399999933375874,0.01830000002595334,-0.005000000030542651,52.20188,-2.187829,4.529999999905049,Vw11
14055.610000000159,0.6766999996556434,-0.4610000004022768,10.065899999995251,-0.0036999999435040083,0.03469999996993211,-0.02429999995964572,52.20188,-2.187829,4.469999999952524,Vw11
14055.71000000016,0.4591000003662426,-0.7151999997293198,10.062899999159788,0.03199999994461541,0.015699999993437085,0.0011999999615829437,52.20188,-2.187829,4.439999999919965,Vw11
14055.81000000016,0.6878999996897822,-0.5461000002705201,9.538000000318062,-0.00259999995950202,0.011599999961422872,-0.022799999954059604,52.20188,-2.187829,4.389999999807914,Vw11
14055.91000000016,0.4941000009948659,-0.715100002127975,9.736699999854482,0.022700000016007107,-0.01250000004656613,0.005899999979142255,52.20188,-2.187829,4.269999999886818,Vw11
14056.01000000016,1.1238297052829336,-2.0444693090573542,9.648355445809871,0.03253168315736775,-0.04100198015025642,-0.0073376238164869195,52.20188,-2.187829,4.19940594049885,Vw11
14056.11000000016,2.566800000023851,-3.3714000006295595,9.813900000240107,0.02570000005794573,-0.011199999971347279,-0.041099999902356646,52.20188,-2.187829,4.139999999807914,Vw11
14056.210000000161,2.5816999965056033,-3.764699994037913,9.963899999872432,0.061899999815931,0.006699999930711056,0.01989999996972656,52.20188,-2.187829,4.0199999998381095,Vw11
14056.310000000161,0.4232000020715452,-0.0819000030658739,9.88510000046349,-0.05179999988667696,-0.03609999998138264,0.0012000000558520696,52.20188,-2.187829,3.919999999789543,Vw11
14056.410000000162,1.7028000008050794,-1.9757000024651,10.171399999157362,0.01819999999611464,-0.0246000000293021,0.03569999999401007,52.20188,-2.187829,3.789999999773354,Vw11
14056.510000000162,2.200099994905158,-3.4983999951976936,9.650899999630568,0.015799999869354726,-0.04270000006216578,0.03199999997604027,52.20188,-2.187829,3.649999999757165,Vw11
14056.610000000162,-0.9469999978688792,-0.5320000009316773,9.422700000531648,-0.06489999986935473,-0.08109999984248098,0.017199999919540642,52.20188,-2.187829,3.499999999757165,Vw11
14056.710000000163,0.36940000268613804,-1.1075000028513204,9.751099999742813,0.015799999899810065,0.01619999995678081,-0.032499999999345164,52.20188,-2.187829,3.349999999869033,Vw11
14056.810000000163,2.010199996855804,-2.8491999950147324,9.594000001956486,-0.04540000008070856,-0.01020000002095476,-0.03210000002619345,52.20188,-2.187829,3.269999999869033,Vw11
14056.910000000164,0.08960000251113306,0.19599999708352334,10.789099998741078,-0.09469999998510248,-0.02299999997429768,-0.04809999990635842,52.20188,-2.187829,3.1899999999017745,Vw11
14057.010000000164,1.6234999980029132,-1.585499997833147,10.020099999249721,-0.08559999977882908,-0.0073000000502586775,0.009099999982319423,52.20188,-2.187829,3.13,Vw11
14057.110000000164,0.4036000005169932,-0.26190000111780537,9.561800000279614,0.04949999991143341,-0.03800000006220944,-0.0016999999526880855,52.20188,-2.187829,3.1300000000982253,Vw11
14057.210000000165,0.7194000004115256,-0.944700001274238,9.732600000160774,-0.004600000053100082,-0.0759999998701998,0.027199999883966486,52.20188,-2.187829,3.1900000001475,Vw11
14057.310000000165,0.9680138617971717,-1.714501981470733,9.82972871303187,-0.03667920797382861,0.0024158417138032684,-0.042899010016884745,52.20188,-2.187829,3.2791089110384126,Vw11
14057.410000000165,-0.5249999957014543,-0.6228999990248894,10.43989999917236,-0.05219999994950559,-0.19969999979635034,0.09159999987443278,52.20188,-2.187829,3.37000000023408,Vw11
14057.510000000166,2.007589102561775,-0.05427921033694798,9.939311880262022,-0.022029702975219587,-0.07968118841400132,0.017720792281525084,52.20188,-2.187829,3.5118811884305736,Vw11
14057.610000000166,-1.8234999946387123,-1.5121999988861619,9.380500002443194,-0.025000000083426132,-0.25779999942661086,0.13979999971214677,52.20188,-2.187829,3.700000000711771,Vw11
14057.710000000166,1.4153999978221459,-0.8392999987438933,10.856499997766587,-0.07540000010124495,0.08859999991699587,-0.03409999997690611,52.20188,-2.187829,4.130000000870204,Vw11
14057.810000000167,0.1140000000960572,-0.08870000111570261,9.521900002235757,-0.13589999983148154,0.03900000010911026,-0.02030000006175105,52.20188,-2.187829,4.650000001255103,Vw11
14057.910000000167,0.17140000285527493,-0.755399997845909,10.85789999712799,-0.03519999995213875,0.10420000010040821,-0.05720000003129389,52.20188,-2.187829,5.4000000011714295,Vw11
14058.010000000168,1.8775999992707015,0.5317999968645862,9.141699999884363,-0.006600000008702045,0.16419999994276732,-0.0758999999914653,52.20188,-2.187829,6.10000000107102,Vw11
14058.110000000168,1.441800000380045,-1.3417999993771346,9.072600001716143,-0.011799999966530595,0.13000000002761225,-0.07079999990260404,52.20188,-2.187829,6.740000001439185,Vw11
14058.210000000168,1.6689000000888121,-0.9695999996012757,10.098100000464362,0.008199999824574844,0.14649999989596288,-0.012599999816454875,52.20188,-2.187829,7.600000000964246,Vw11
14058.310000000169,1.7214000032122936,-0.7338999968195098,10.372599998491546,-0.09549999967198709,0.08500000041276508,0.09589999951398603,52.20188,-2.187829,8.170000001031912,Vw11
14058.410000000169,3.6202999949047197,1.1461999981596431,9.480899999730518,0.09839999968856537,0.32899999953191766,-0.19139999965710047,52.20188,-2.187829,8.780000001048828,Vw11
14058.51000000017,0.6082999992758327,0.05830000001674573,9.321600000057757,-0.08569999990055088,0.052300000257508264,0.011300000003417495,52.20188,-2.187829,9.400000000786024,Vw11
14058.61000000017,0.18256831650449054,0.06741386126991898,9.367304952511535,-0.027556435653123545,0.20264455439523943,0.013934653572845491,52.20188,-2.187829,9.865346535559071,Vw11
14058.71000000017,-0.010600000305550202,-0.0011999987555711413,10.557799997338106,-0.03320000007130075,0.16710000000290676,0.077399999817559,52.20188,-2.187829,10.400000000769433,Vw11
14058.81000000017,-0.18929999764040695,0.7266000001728848,9.001000002414342,-0.07489999986234842,0.16880000026994907,-0.029300000151641244,52.20188,-2.187829,10.850000000535408,Vw11
14058.91000000017,1.169138612532768,0.8199128701252869,10.380791086008971,0.0034316829340840984,0.32330296998940855,-0.11599702951416041,52.20188,-2.187829,11.162673267784351,Vw11
14059.010000000171,0.3929999990505203,0.14119999953680162,8.569900003193487,-0.1333999998069579,0.14359999994357495,-0.005700000003932656,52.20188,-2.187829,11.43,Vw11
14059.110000000172,-0.16230000039138467,-0.12969999961186404,10.43759999974506,-0.02049999987825868,0.1105999999921347,-0.007999999585361366,52.20188,-2.187829,11.430000000410363,Vw11
14059.210000000172,-0.39119999843062553,0.09729999810526531,10.288499998496082,0.050699999389076794,0.10600000029429044,0.23449999951422876,52.20188,-2.187829,11.670000000593468,Vw11
14059.310000000172,0.49139099714387563,-0.9765329979815613,9.431235000749972,-0.3003880001882285,0.27309799974014787,-0.04182899965900895,52.20188,-2.187829,12.01220000038061,Vw11
14059.410000000173,-1.1159920745354939,0.17410197943715314,9.889343569363733,-0.40209207816853787,0.12305148491521894,0.15326237623111477,52.20188,-2.187829,12.230891089263071,Vw11
14059.510000000173,1.5847999952591225,-0.2656999999953343,12.783699996496399,0.1986999997188479,-0.011799999976844265,0.14949999992932317,52.20188,-2.187829,12.320000000120963,Vw11
14059.610000000173,-1.158699999114725,-0.2629999989661137,10.756199996862051,0.036000000312429614,0.001600000469681254,0.1085999996538736,52.20188,-2.187829,12.390000000587534,Vw11
14059.710000000174,-0.6463999975273386,0.3352999999903957,8.94030000048161,0.21679999983410816,0.273400000109314,-0.09170000018108404,52.20188,-2.187829,12.730000000698492,Vw11
14059.810000000174,0.7695999965187161,0.3297999990793876,9.216099999296445,0.12180000000681031,0.33599999966192995,-0.19539999975360697,52.20188,-2.187829,13.13000000059372,Vw11
14059.910000000174,-1.2239999971375801,-0.1974000017430866,8.813200003246067,0.12570000005710172,0.1423999995653634,-0.05429999993696111,52.20188,-2.187829,13.47000000029686,Vw11
14060.010000000175,0.4152000055547571,-1.1955999908483588,10.67209999569991,0.15839999938637486,-0.10649999926658348,-0.018200000363215806,52.20188,-2.187829,13.640000000576256,Vw11
14060.110000000175,3.59619999131565,4.045199989929842,8.209600002319343,-0.19299999991932418,0.31349999926867894,-0.22619999910593033,52.20188,-2.187829,13.969999999860303,Vw11
14060.210000000176,-1.3769999939240443,-1.7215999956159462,9.537800002390084,-0.14679999941297758,-0.10529999891505831,0.2857999990360975,52.20188,-2.187829,13.890000000088222,Vw11
14060.310000000176,2.066599990255463,0.7630999922466104,10.892399997950804,0.18589999974080676,0.5095999987543197,-0.26049999903697973,52.20188,-2.187829,13.940000000035289,Vw11
14060.410000000176,-3.4561999916248287,-3.6311999908424855,9.73100000101913,0.03900000009951327,-0.19639999899622163,0.2852999991874847,52.20188,-2.187829,13.959999999823559,Vw11
14060.510000000177,1.2905000005310903,1.5588999996735824,10.308599998559705,0.09539999982214649,0.3724999990050437,-0.17519999952889992,52.20188,-2.187829,13.859999999982355,Vw11
14060.610000000177,1.591500001234388,1.3739000017718301,9.492300000877975,-0.005399999879313691,-0.1913999992997018,0.09179999966740689,52.20188,-2.187829,13.849999999805913,Vw11
14060.710000000177,2.2910999979952775,2.3780999990967517,9.989899998218817,0.06299999981835208,0.20549999946539538,-0.09669999959089108,52.20188,-2.187829,13.73999999967913,Vw11
14060.810000000178,1.1664999971904992,1.8713999953518905,8.990700001940164,-0.03889999986567406,-0.09439999971244166,0.13279999980211232,52.20188,-2.187829,13.560000000090032,Vw11
14060.910000000178,-0.3856851470666826,-0.6963514827128136,10.0620039592903,0.03501584146206414,0.06516138611387695,0.023983168510132893,52.20188,-2.187829,13.611188119023911,Vw11
14061.010000000178,0.42579999798618595,0.6684999993837518,9.442400000692365,-0.03339999992031735,0.051299999993939124,0.13229999998752173,52.20188,-2.187829,13.729999999465218,Vw11
14061.110000000179,-0.7038999953944498,0.32280000356236704,9.830800001309683,0.011299999861491232,0.047900000185213135,0.12529999992067387,52.20188,-2.187829,13.429999999893043,Vw11
14061.21000000018,1.879699996612516,2.321199993322996,10.565499999170372,-0.06639999989249228,0.1517999997896666,0.08080000017791898,52.20188,-2.187829,13.36999999998199,Vw11
14061.31000000018,-0.0013999986944203556,-1.386599995163953,10.104799998463736,-0.006699999995137842,0.0350000003637615,0.1795999996956649,52.20188,-2.187829,13.36000000007203,Vw11
14061.41000000018,0.7236000001893568,1.2988999977573679,9.251700001264743,-0.003999999863030098,0.23700000003892635,0.010599999834835762,52.20188,-2.187829,13.399999999581633,Vw11
14061.51000000018,0.8326316840573911,0.08897723186506229,9.942864355690077,0.07055445531113923,0.2590415842740794,-0.08011881186655168,52.20188,-2.187829,13.167920791704372,Vw11
14061.61000000018,1.3257999989059261,2.386699996910393,9.529299999997175,-0.003999999943680878,0.3231999999376782,-0.07199999995091938,52.20188,-2.187829,12.959999999876416,Vw11
14061.710000000181,0.7182509792896319,0.6710137223767241,9.527731372546173,0.027274509860675717,0.2885921567999419,-0.04474509798975596,52.20188,-2.187829,12.89137254889507,Vw11
14061.810000000181,1.9457505073488781,0.24074040330627544,9.513445454519026,0.05264747479335779,0.4425222225088994,-0.07330303035698876,52.20188,-2.187829,12.771212120991882,Vw11
14061.910000000182,3.160600000718683,0.10159999955980456,9.33860000167438,-0.001199999978172127,0.37760000036525304,-0.012400000207546691,52.20188,-2.187829,12.58999999990905,Vw11
14062.010000000182,3.5557000008212736,-0.14039999615247362,10.259100001125045,0.010800000102409104,0.5783999998701241,-0.12649999995743566,52.20188,-2.187829,12.53999999970896,Vw11
14062.110000000182,4.007199996363113,1.9747999998837666,10.877599999239298,0.06709999997125997,0.5070000001442458,-0.10310000021227606,52.20188,-2.187829,12.379999999836292,Vw11
14062.210000000183,2.0077999956530896,1.9109000017973738,10.459399998434074,0.05129999994776647,0.5862999999731628,-0.21979999985536716,52.20188,-2.187829,12.289999999963976,Vw11
14062.310000000183,-0.3582784357101767,2.8892333351268684,9.607047057260948,0.022868627398858407,0.5716921568359652,-0.1410745096595976,52.20188,-2.187829,12.270392156826798,Vw11
14062.410000000184,-0.35419999905164806,2.1613000011695487,9.782199999830244,-0.06859999998328166,0.33220000011427253,-0.04249999997262603,52.20188,-2.187829,12.289999999816281,Vw11
14062.510000000184,0.1620000027111255,2.797899998226387,9.689800000031049,-0.05949999988866693,0.3943999997944196,-0.02759999983410271,52.20188,-2.187829,12.189999999853026,Vw11
14062.610000000184,1.63769999954787,1.8324999994110003,9.706700001247262,0.001100000084142812,0.28250000029376493,0.06269999982142618,52.20188,-2.187829,12.110000000091858,Vw11
14062.710000000185,1.3915999994931132,1.511899997924213,10.385599999084562,0.04689999991502409,0.44239999981130895,-0.03449999990667493,52.20188,-2.187829,12.159999999962892,Vw11
14062.810000000185,1.1183999987157136,0.3931000018403407,9.892200000541026,0.001100000050651579,0.34070000011837254,0.01579999980203211,52.20188,-2.187829,12.140000000055661,Vw11
14062.910000000185,0.4261999992285375,1.385000005000591,10.183799999967345,0.02839999980908251,0.4044999995806866,-0.09089999968421617,52.20188,-2.187829,12.170000000185537,Vw11
14063.010000000186,0.010400001147545844,4.080199997664646,10.166199999666404,-0.07449999980982465,0.17850000015102704,0.0792999999140964,52.20188,-2.187829,12.269999999981446,Vw11
14063.110000000186,0.6289000015984005,2.821499998206229,9.986399999279746,0.027999999920775735,0.2598999999949905,0.03300000005046604,52.20188,-2.187829,12.260000000148429,Vw11
14063.210000000186,1.490399998828401,1.854699996740721,9.598200000702674,-0.014699999989293947,0.2571999999562836,0.06020000004996157,52.20188,-2.187829,12.340000000231964,Vw11
14063.310000000187,0.865066665501026,0.11508094913824851,9.97324761974672,-0.00898571427506268,0.2338666666231726,0.08686666671637416,52.20188,-2.187829,12.46380952404031,Vw11
14063.410000000187,0.9611999988626172,1.5173000003546515,10.414499997388372,-0.012400000117523251,0.23490000004882608,-0.0016999999795611735,52.20188,-2.187829,12.650000000794844,Vw11
14063.510000000188,0.36032970299462336,1.7055712872921265,9.041311882465713,-0.07331584136206475,0.2588752471825128,0.00969504961655442,52.20188,-2.187829,13.073069307506355,Vw11
14063.610000000188,0.37330000161201027,1.7926999979018012,9.72250000158222,0.04510000010342046,0.07640000020721563,0.06919999991887489,52.20188,-2.187829,13.38000000097425,Vw11
14063.710000000188,1.2336999994691638,0.6727999996843262,10.56699999783194,0.10029999990827884,0.18699999987426558,0.025900000073185842,52.20188,-2.187829,13.900000001146514,Vw11
14063.810000000189,0.9669584179357495,0.5115811888727415,9.452313865157286,0.05376435671295314,0.1213099010109113,0.06359801968798139,52.20188,-2.187829,14.506435644783094,Vw11
14063.910000000189,2.0727999966682287,0.9096999978781837,11.443699995455598,0.2001999995864904,0.13230000004031908,0.003400000031720235,52.20188,-2.187829,15.150000000993646,Vw11
14064.01000000019,0.3395247544304769,-0.19237920634505867,9.072840595449517,-0.01508316810533391,0.15358118815312402,0.019501980103708294,52.20188,-2.187829,15.674752476147516,Vw11
14064.11000000019,1.371999998593418,0.6396999994196726,9.806899999379546,0.09659999983891471,0.17169999995471266,-0.03030000001050972,52.20188,-2.187829,16.150000001012753,Vw11
14064.21000000019,0.6418840011333288,0.3305209989623148,9.493340002109841,0.013014000135226729,0.14655699972670563,-0.035753999991287914,52.20187959999993,-2.1878250799992576,16.684800000909085,Vw11
14064.31000000019,1.23523800017934,-0.1991709975662919,10.592821999354147,0.08234699974131454,0.005576000358679899,-0.030881999939200315,52.20184,-2.187437,17.165200000994208,Vw11
14064.41000000019,1.3250881182360337,1.034559400885364,10.25181782052372,-0.0512554454786784,0.18939306894234081,0.0003762375809808011,52.20184,-2.187437,17.68435643647648,Vw11
14064.510000000191,1.0239000000561407,-1.6094999976478812,9.593600001882159,-0.01679999980649811,-0.0012999994227740291,-0.02200000030269637,52.20184,-2.187437,18.120000000636647,Vw11
14064.610000000192,1.0415623740506357,-0.3624306877404166,10.567920791834611,0.08275841569978586,0.29693663347916105,-0.1784554454595512,52.20184,-2.187437,18.453762376957027,Vw11
14064.710000000192,-0.1021999969410237,2.4244999994013163,10.440000000695669,0.00860000015752812,0.2005999999838037,-0.1340000000507098,52.20184,-2.187437,18.830000000983343,Vw11
14064.810000000192,1.484299999458003,2.113999996219325,10.800799996397677,0.09029999969574129,0.19219999967858095,-0.16029999963558367,52.20184,-2.187437,19.34000000090622,Vw11
14064.910000000193,1.2031999998293605,0.15319999652242697,8.932500001015352,-0.06749999967067562,0.025500000312356857,0.02869999981220026,52.20184,-2.187437,19.810000000925502,Vw11
14065.010000000193,1.1146999982857007,-1.6503999980296453,9.45909999818833,0.10329999964869493,0.18749999974124512,-0.06869999988257695,52.20184,-2.187437,20.29000000090622,Vw11
14065.110000000193,0.22559999891639163,-0.6284999948362783,8.519500003171002,-0.07889999925921293,0.05329999930625927,-0.007799999953917722,52.20184,-2.187437,20.76000000086766,Vw11
14065.210000000194,-0.3363999906397643,2.049599989255153,10.16410000332334,0.30529999991844925,-0.3065000004036665,0.016100000596352037,52.20184,-2.187437,21.210000000583896,Vw11
14065.310000000194,4.472799991027668,-3.470999987403583,11.871599991970355,0.2633999997357725,-0.5138999993217375,0.32249999957495545,52.20184,-2.187437,21.51000000112061,Vw11
14065.410000000194,-0.05677029036073083,2.9185366302220133,7.82170990769418,0.12983861402477326,-0.1706752478706239,0.10735544575018689,52.20184,-2.187437,22.08465346625317,Vw11
14065.510000000195,3.3661999962428264,1.1521999950018535,11.262699997528955,0.21369999956188368,-0.34819999960022613,0.2128999999891006,52.20184,-2.187437,22.550000000934233,Vw11
14065.610000000195,1.4357999963125045,-1.4157999957309446,9.993099998193038,-0.011400000016154445,-0.142799999521011,0.20729999921699602,52.20184,-2.187437,23.030000001070476,Vw11
14065.710000000196,-0.4587999950950785,0.7775999962956115,9.064700002568348,-0.019699999936897604,0.1032999998698265,-0.19499999993253203,52.20184,-2.187437,23.580000000813584,Vw11
14065.810000000196,1.9991049477626024,-1.0675990056531777,10.353172276081708,0.011488118691555386,0.04120693138270359,-0.16066930686566264,52.20184,-2.187437,23.99465346626163,Vw11
14065.910000000196,0.6096000025735062,1.0924999980394206,9.770400002566237,-0.04969999977172411,0.39189999938176917,-0.12759999985698378,52.20184,-2.187437,24.46000000072687,Vw11
14066.010000000197,1.9195999945515645,0.09450000103920518,11.076699997165552,0.0664999997914446,0.07720000011449712,-0.05480000009683638,52.20184,-2.187437,24.83000000079374,Vw11
14066.110000000197,-0.8185792064417006,0.6286168337318151,9.640908909437506,-0.037275247264217416,0.131915840997273,-0.1001960389345138,52.20184,-2.187437,25.233663367057098,Vw11
14066.210000000197,-0.06650000092017036,1.6702999973647954,8.901799999325288,0.09519999963002848,-0.1664999995568669,0.24019999926382407,52.20184,-2.187437,25.600000000753425,Vw11
14066.310000000198,-0.5305999971655343,0.3411999973816484,8.56150000295561,-0.09139999993992423,0.05699999973055128,-0.13109999997204394,52.20184,-2.187437,25.980000000634465,Vw11
14066.410000000198,0.8989999986806043,-0.9793999994083948,10.052200000121164,-0.061099999850796935,-0.07889999953516737,-0.11699999953376546,52.20184,-2.187437,26.3000000006609,Vw11
14066.510000000198,0.2469277241075146,-0.6710980172413507,10.108935642817253,0.014003960515906388,0.15158712839276803,0.1148118809920089,52.20184,-2.187437,26.633465347222412,Vw11
14066.610000000199,0.9196999991307849,0.6190999978511514,9.732499998674962,0.07439999970001772,-0.009700000271034879,0.016000000066420397,52.20184,-2.187437,26.980000000574982,Vw11
14066.7100000002,0.48129999760071696,-0.46469999223893055,9.064200000339952,-0.07690000014778839,-0.1464000004649589,0.049500000447723534,52.20184,-2.187437,27.27000000053489,Vw11
14066.8100000002,-0.7178089132879966,3.414111888941504,9.234100990438625,-0.1507613862862559,-0.37877623808826094,0.27326237668490405,52.20184,-2.187437,27.537326733207628,Vw11
14066.9100000002,1.852999996146289,-4.907099988698382,8.701400003473541,-0.12519999990015568,-0.4450999991552249,0.3473999994365498,52.20184,-2.187437,27.880000000840372,Vw11
14067.0100000002,-0.07299999744896842,0.741199997556693,10.437399996934195,-0.0752999999939367,-0.0229000001750272,0.06579999995472738,52.20184,-2.187437,28.300000000869073,Vw11
14067.1100000002,1.1749772248738806,-0.47006831730606874,8.924770297885065,-0.07053861350857178,-0.10842772255749479,0.04326633660688994,52.20184,-2.187437,28.7326732678622,Vw11
14067.210000000201,-0.24729999655577237,-0.7069000022825579,9.351799998010309,0.10559999976810587,-0.0011999999288324896,0.02989999991283979,52.20184,-2.187437,29.000000000759652,Vw11
14067.310000000201,1.4585415875992642,-1.8373950517852689,8.366354453457806,-0.00925148538018146,0.03404752482357293,-0.013268316918757853,52.20184,-2.187437,29.376237624521284,Vw11
14067.410000000202,2.6802059317430205,-3.084297019233283,10.59864752342818,0.1943059400293634,0.26782079230572664,-0.24168910896932172,52.20184,-2.187437,29.78475247620803,Vw11
14067.510000000202,-1.6991999920426109,2.0959999966828566,9.94340000278229,-0.08509999950411438,0.37989999934763585,-0.2705999997657869,52.20184,-2.187437,30.26000000052496,Vw11
14067.610000000202,2.2418999981325505,0.45310000181934784,11.321399998499547,0.16049999979987373,0.05680000002791079,-0.1545999999655569,52.20184,-2.187437,30.520000000969947,Vw11
14067.710000000203,1.3169980373353716,1.3541784332044309,10.57826274358725,0.06138235273967148,0.07062352943986779,-0.13754117643590782,52.20184,-2.187437,31.00039215783938,Vw11
14067.810000000203,1.586065657162868,-3.168169706399058,8.254757570963026,0.14423434361052592,0.19790404066780015,-0.226587878973518,52.20184,-2.187437,31.376262627023273,Vw11
14067.910000000204,0.7604000010445073,-2.0798000006896156,11.5172999927732,0.30839999921972633,0.04760000013649697,-0.11079999993806705,52.20184,-2.187437,31.86000000059081,Vw11
14068.010000000204,1.2730999965839087,-2.418299993845209,7.970000003272871,-0.07459999958398984,0.11460000030884984,-0.08040000024854671,52.20184,-2.187437,32.15000000077416,Vw11
14068.110000000204,-0.40369999707374216,0.6027999939773003,9.576499999121504,0.1295999993840865,0.266199999602424,-0.20239999947751275,52.20184,-2.187437,32.530000000761405,Vw11
14068.210000000205,1.0053930666746533,-2.2876861312283006,9.167136637239839,-0.16862772255359385,0.074564356754683,0.04869999942895979,52.20184,-2.187437,32.90386138692612,Vw11
14068.310000000205,-0.2852999964915387,1.3336999946118224,10.920799997621424,-0.06139999984892384,0.23099999905387267,-0.23129999922077588,52.20184,-2.187437,33.29000000059608,Vw11
14068.410000000205,1.4215999966840687,-1.2876999967571516,9.76359999764183,0.012100000287348879,-0.22929999950253763,0.1477999996777706,52.20184,-2.187437,33.580000000456764,Vw11
14068.510000000206,-0.16338514602229456,0.2545098969389811,8.636297031451184,0.14898910860003445,0.008505940224942608,-0.006708910748901733,52.20184,-2.187437,33.80188118850585,Vw11
14068.610000000206,1.0480999951092431,-1.7144999946701973,9.486000001435327,-0.002099999858173396,-0.17089999966598807,0.06239999976238905,52.20184,-2.187437,33.990000000472754,Vw11
14068.710000000206,-1.331299995354199,0.8784999981316431,10.184300000073614,0.06689999991746881,-0.0084000005824877,-0.05319999955789826,52.20184,-2.187437,34.22000000058062,Vw11
14068.810000000207,0.909099993254838,-0.022499995863487127,10.219799998169798,0.02709999987765477,-0.28929999882755947,0.15999999924768055,52.20184,-2.187437,34.500000000456204,Vw11
14068.910000000207,-2.3436999930385567,1.9722999957301515,9.337200002611137,-0.03189999984219539,0.27609999935032614,-0.20279999959335765,52.20184,-2.187437,34.720000000393995,Vw11
14069.010000000208,1.0133999983649602,-0.08680000388232972,10.59639999665975,0.044200000122952665,-0.03719999942733804,-0.006700000488249829,52.20184,-2.187437,34.910000000523645,Vw11
14069.110000000208,0.2423128732618192,-1.9365623754617642,9.012442576487379,0.10326930700735415,0.23308811816591404,-0.23668613796748322,52.20184,-2.187437,35.16247524803856,Vw11
14069.210000000208,1.1935999955826302,-1.5627999968569608,10.086699998071918,0.14019999998140587,-0.07809999965537501,0.0746999997532054,52.20184,-2.187437,35.41000000038033,Vw11
14069.310000000209,-0.8839168289437899,-0.06471385916959292,9.182110892745508,0.13083960384305926,0.08448811870470255,-0.042450495122892264,52.20184,-2.187437,35.59257425796475,Vw11
14069.410000000209,0.4244000001405123,0.9938999935271354,9.97319999658481,0.07480000016037423,0.033300000325397,-0.07750000009466095,52.20184,-2.187437,35.85000000046485,Vw11
14069.51000000021,0.4808504929453206,-2.058903958177421,8.370291091912762,0.14983663348259307,0.18756831688786385,-0.123088118976899,52.20184,-2.187437,36.07207920835614,Vw11
14069.61000000021,-0.524099994973039,-0.9993000026606487,9.709400000009087,0.06349999993978042,0.21439999991822817,-0.2018999999357658,52.20184,-2.187437,36.28000000014791,Vw11
14069.71000000021,1.8373049962946306,-2.2205509920534015,9.714658000200606,0.03464099992482467,0.17700500027326968,-0.17138899997675638,52.20184,-2.187437,36.35160000033505,Vw11
14069.81000000021,0.092210892506455,1.5072782116712362,9.822197032384594,-5.940576305985554e-05,0.3024910883255857,-0.15855544515498293,52.20184,-2.187437,36.51178217859422,Vw11
14069.91000000021,0.7633000004287576,-1.4048999945736418,11.091899997875625,0.08399999985272007,-0.06839999977253902,0.02589999975164974,52.20184,-2.187437,36.6900000001688,Vw11
14070.010000000211,0.9664999947051093,1.1667999946899767,10.085099995298263,0.014200000276861212,0.039400000111256,-0.09180000002365789,52.20184,-2.187437,36.77000000010657,Vw11
14070.110000000212,-1.496581183636998,-1.3273257431499856,7.899596043933111,0.1433900988599565,0.09043168292154626,-0.10191782157472364,52.20184,-2.187437,36.821089109140935,Vw11
14070.210000000212,0.6253000007284889,-1.5998999955311688,9.949199999997445,0.07239999990848665,-0.026399999357703926,-0.003700000296460712,52.20184,-2.187437,36.93000000012769,Vw11
14070.310000000212,0.9675999947539436,0.49990000219483083,9.947999999882096,0.029399999944879164,0.27539999960138484,-0.1429999998993353,52.20184,-2.187437,36.99000000006385,Vw11
14070.410000000213,-1.4973999957795316,1.5311999966455032,9.892599998723282,0.003499999925725206,0.08810000042777173,-0.09570000004618232,52.20184,-2.187437,37.020000000212825,Vw11
14070.510000000213,0.485699996052582,-0.044999998610061084,9.292700002075225,-0.03139999998382555,0.28909999982016565,-0.11740000007086965,52.20184,-2.187437,37.11999999997872,Vw11
14070.610000000213,-1.369099997233532,0.6080999983051648,10.267800002039865,-0.0238000003888834,0.20459999945569224,-0.15069999962938918,52.20184,-2.187437,37.11000000015048,Vw11
14070.710000000214,-0.09340000238602422,-0.15795841108198047,11.206017819506469,-0.2030772273770603,-0.04669999959522803,0.02212871296261921,52.20184,-2.187437,37.18019801984416,Vw11
14070.810000000214,-1.213399994018461,2.07619999482499,10.137799998711722,-0.04080000027664808,0.14329999919173667,0.0650000003848357,52.20184,-2.187437,37.20000000030353,Vw11
14070.910000000214,1.540198018662909,-0.32402772563558996,9.533342572053732,-0.1669386135474236,-0.22654752411816884,0.23983762319039437,52.20184,-2.187437,37.34039603968905,Vw11
14071.010000000215,1.0099999988426571,-1.6567999988289202,8.507600003024931,-0.02080000018115679,0.06869999980274515,-0.026399999744577508,52.20184,-2.187437,37.380000000257574,Vw11
14071.110000000215,0.47079999860655225,-1.1111999960523273,9.916899997905107,-0.10520000009723227,-0.023199999752948494,0.09259999974157254,52.20184,-2.187437,37.499999999871214,Vw11
14071.210000000216,-0.1784000008537172,0.7280000037622867,8.940900004370537,-0.15049999972942532,0.09189999918827597,-0.02779999941620808,52.20184,-2.187437,37.440000000064934,Vw11
14071.310000000216,-0.5728000025579048,2.466099998257932,10.959999995400231,-0.02550000043984619,-0.2830999996510669,0.24189999965020106,52.20184,-2.187437,37.47000000010823,Vw11
14071.410000000216,-1.7544999986895526,1.661300002871122,8.835000005604144,-0.22869999965734422,-0.12190000057210308,0.08030000028680916,52.20184,-2.187437,37.520000000151526,Vw11
14071.510000000217,-1.1490999948911174,2.9876999854210036,11.423999995497203,-0.07040000021256347,-0.3861999997482573,0.21280000016147896,52.20184,-2.187437,37.59000000019482,Vw11
14071.610000000217,1.2110999970294727,-3.7474999911610087,9.343800002949537,-0.16859999953581412,-0.26989999957538907,0.2873999996009707,52.20184,-2.187437,37.68,Vw11
14071.710000000217,-0.133731680185055,0.26662969680147103,10.682042571926551,0.042997029550653605,-0.07778910936355056,0.10473168313184664,52.20184,-2.187437,37.67980198015511,Vw11
14071.810000000218,1.243099995784383,-2.580399994542377,9.606300001589942,-0.027299999988431228,-0.2866999992347148,0.0878999995566759,52.20184,-2.187437,37.659999999912685,Vw11
14071.910000000218,-0.6881999942850263,-0.08010000507301593,10.334700000987493,-0.021999999832580212,0.0638999992960511,-0.11519999921768903,52.20184,-2.187437,37.62000000008731,Vw11
14072.010000000218,1.9299999941350687,-2.4041999938043763,10.787099997575579,0.0546999997116538,-0.2585999990107608,0.24319999926243618,52.20184,-2.187437,37.6599999998472,Vw11
14072.110000000219,-0.7569000010189251,0.43419999722065694,9.676399997840786,-0.07739999987601767,0.19459999933337677,-0.09469999959072739,52.20184,-2.187437,37.589999999978176,Vw11
14072.21000000022,-1.2237000004846508,-0.8390999967462583,8.687200002462697,-0.020600000047070403,-0.11079999938198304,0.09279999972433305,52.20184,-2.187437,37.579999999956414,Vw11
14072.31000000022,-1.4438980202861946,0.6392168349339813,9.806110893549588,-0.04198613866088942,0.1699920798253815,-0.03244752502789408,52.20184,-2.187437,37.56019801975844,Vw11
14072.41000000022,-0.9670643553924011,-0.24634356590810347,10.278906931421574,-0.01812772306476901,0.023655445688946373,-0.05612673261306767,52.20184,-2.187437,37.57,Vw11
14072.51000000022,-0.4935000042016432,-0.9507000008592704,10.609600000160293,-0.15089999978079158,0.08919999989373059,-0.028799999927968018,52.20184,-2.187437,37.56999999991107,Vw11
14072.61000000022,-2.376291174904431,-1.3465049040107633,10.682353921712693,-0.05375686306606197,0.04090490185170841,0.0037068627686411538,52.20184,-2.187437,37.52941176457629,Vw11
14072.710000000221,-1.6654088219533665,-2.276995100102138,10.747746078576348,-0.1994431375778924,-0.008604902070548898,0.014393137278593721,52.20184,-2.187437,37.4705882351637,Vw11
14072.810000000221,-3.0865730031987058,-3.045729001700788,8.2985459945134,-0.24703400010331994,0.04525100012172242,-0.015002000066071554,52.20184,-2.187437,37.44029999993348,Vw11
14072.910000000222,-2.313199998521288,-1.0693000061433575,11.08329999392761,-0.028000000330458148,-0.052700000271133876,-0.017999999722054814,52.20184,-2.187437,37.40000000013183,Vw11
14073.010000000222,-1.6468633648592417,-3.8376168378210416,8.346963360269665,-0.17691089141927205,-0.174878218092674,0.1072475250301723,52.20184,-2.187437,37.45940594072577,Vw11
14073.110000000222,-3.417399995138027,-0.4607000052321302,8.590600001119792,0.2023999996014376,-0.08920000025387272,0.018000000229461875,52.20184,-2.187437,37.35000000008877,Vw11
14073.210000000223,-1.226500002479439,-2.818399996335433,9.09519999995391,0.022800000403842932,-0.20359999914174987,0.12139999964560265,52.20184000000118,-2.187436999997964,37.38999999975389,Vw11
14073.310000000223,-2.334699997909414,-1.180500001616938,9.074600002555734,0.20329999991632286,0.17999999970041788,-0.037000000213891326,52.202366,-2.186527,37.27999999986576,Vw11
14073.410000000224,-1.4002999993578786,-1.9032000016030663,10.216899998093101,0.16589999955297607,0.04610000024857036,-0.13260000008233475,52.202366,-2.186527,37.21999999993288,Vw11
14073.510000000224,-1.113300000765176,-2.619699995485461,9.364600001458085,-0.033899999868667145,0.1571999999248248,-0.16939999974449382,52.202366,-2.186527,37.18999999979864,Vw11
14073.610000000224,-1.4552999993864217,-0.6019000032170481,10.01629999916811,0.024799999814683563,0.12359999985332883,-0.055199999853102824,52.202366,-2.186527,37.1000000000678,Vw11
14073.710000000225,-1.1970160029597756,-2.00918599636881,9.653972001292662,-0.05621099977850952,0.059729000230448644,0.008156999632043619,52.202366,-2.186527,37.12909999979844,Vw11
14073.810000000225,-2.4959920770840562,-0.4384663444145352,10.223491088677969,0.04178316833560716,0.16031881159195632,-0.15369999981939778,52.202366,-2.186527,37.038613861073216,Vw11
14073.910000000225,-1.5552000006629052,-3.8850999947529212,10.032600000401262,0.05010000002278102,0.03220000027878559,-0.07369999994361133,52.202366,-2.186527,36.899999999616554,Vw11
14074.010000000226,-1.8490999981166183,-1.5588000030562659,10.210499999681291,0.060200000077590805,0.15579999932717037,-0.04869999983105954,52.202366,-2.186527,36.72999999957144,Vw11
14074.110000000226,-1.0141000005181058,-2.913799996876626,10.069200001434618,0.09459999993613007,-0.1424999996893598,0.026199999912011343,52.202366,-2.186527,36.539999999218374,Vw11
14074.210000000227,-1.2438029708188174,-1.5290475216069055,10.70523960540521,0.06628316825250787,-0.0047772274099245615,-0.012809901078712951,52.202366,-2.186527,36.19346534574747,Vw11
14074.310000000227,-2.179199997890654,-1.742899998255589,8.530000002860815,0.1368999999836291,-0.01839999990291144,-0.015700000044792613,52.202366,-2.186527,35.71999999731699,Vw11
14074.410000000227,-1.2515000027737293,-0.9757000033318282,9.788199997730167,0.1296999997278406,0.024299999863805464,-0.0353999997999571,52.202366,-2.186527,34.539999997634396,Vw11
14074.510000000228,-2.456632672683076,-2.4299336641704987,8.811055448083218,0.011442574312628798,-0.03444455432904182,0.05088217803170862,52.202366,-2.186527,33.50049504734189,Vw11
14074.610000000228,-2.1999000009905685,-2.7832999990611076,9.926599999593714,0.035699999824072494,0.02109999995085054,-0.030899999950850538,52.202366,-2.186527,32.54999999726692,Vw11
14074.710000000228,-2.6211425719684587,-2.3580673229927642,9.754220793108095,-0.04028316817644709,9.009909868354306e-05,-0.009822772350687398,52.202366,-2.186527,31.34920791833591,Vw11
14074.810000000229,-1.6153999988515155,-0.7148000012227429,10.206299999626646,0.02139999988150739,0.039099999854462664,-0.042099999877840306,52.202366,-2.186527,30.26999999775391,Vw11
14074.910000000229,-1.114299999240914,-1.2483000000112303,10.043399998839138,-0.030299999930554624,-0.024399999943389414,0.011199999980747817,52.202366,-2.186527,29.289999998579006,Vw11
14075.01000000023,-0.7831000001728113,-1.253200000413922,9.536900001122357,1.2788950698403683e-10,0.0003000000584441295,0.0027999998546918503,52.202366,-2.186527,28.66999999883112,Vw11
14075.11000000023,-0.8585000015034113,-1.4337999978583218,10.026600000299803,0.055799999907396904,0.0257999999580971,-0.06059999998263692,52.202366,-2.186527,28.15999999814794,Vw11
14075.21000000023,-1.5077257425342812,-0.5112633669246924,10.152799009143715,0.015499009831940328,0.008807921046245969,-0.053107920793896306,52.202366,-2.186527,27.35247524579851,Vw11
14075.31000000023,-1.4902999986272307,-0.7676000003623848,9.822699999426437,-0.01459999993513006,0.11959999989382797,-0.05389999995286429,52.202366,-2.186527,26.59999999817991,Vw11
14075.41000000023,-0.9044851490894421,-0.9311871306289364,9.579518812486683,0.01335940597745027,0.07315445522692542,-0.03325544544176913,52.202366,-2.186527,25.81316831525213,Vw11
14075.510000000231,-1.1530000008258667,-1.759899998258634,9.841400000170024,0.029299999927924363,-0.021399999937857864,0.011199999935316736,52.202366,-2.186527,25.129999998313615,Vw11
14075.610000000232,-1.5104999981173717,-1.0061000004909582,9.915000000608563,-0.0018999999236961505,0.005500000004200212,-0.016800000014467395,52.202366,-2.186527,24.39999999813324,Vw11
14075.710000000232,-0.7018831678967298,-1.208134651531046,10.174308910546308,0.03033564345698433,0.007264356427401783,-0.022911881167743293,52.202366,-2.186527,23.591287126698216,Vw11
14075.810000000232,-0.5202000016345182,-0.3716000009376725,10.025199998534578,-0.0160999999047511,0.0036999998831143133,-0.014099999916039859,52.202366,-2.186527,22.719999998189095,Vw11
14075.910000000233,-1.2117049496806025,-0.7713633665844286,9.408436635139985,0.02471287136003672,-0.04593366335087829,0.021493069282012767,52.202366,-2.186527,21.941188116758457,Vw11
14076.010000000233,-0.8622000017522834,-0.8777000007525086,10.042099999033985,0.05599999996600673,-0.039299999958556146,0.010800000076135621,52.202366,-2.186527,21.059999997531992,Vw11
14076.110000000233,-1.6147999982614536,-1.200899999393709,9.627200001645647,0.04139999995483085,-0.021500000018160787,0.04349999991571531,52.202366,-2.186527,19.99999999792781,Vw11
14076.210000000234,-0.868099999425343,-0.9405000005239726,10.33399999904568,0.022000000027688656,-0.02929999999342981,0.007300000061712854,52.202366,-2.186527,19.109999997653503,Vw11
14076.310000000234,-0.6231999998380917,-1.163799999014237,9.927300000153227,0.03380000002675006,-0.026499999976769686,0.03359999989558091,52.202366,-2.186527,18.10999999807587,Vw11
14076.410000000235,-0.5541999990792349,-0.7436999984179922,9.992599999220962,0.04519999991669938,-0.01659999999460306,-0.010899999946030584,52.202366,-2.186527,17.289999997465785,Vw11
14076.510000000235,-0.16180000085318608,-0.0695000016040649,9.660600000584513,0.009700000017129423,-0.014300000023464963,0.012099999950488927,52.202366,-2.186527,16.209999998216663,Vw11
14076.610000000235,-0.5254000002182241,-0.7530999990461492,9.909699999349083,0.016999999977238986,-0.024299999928431862,-0.008999999961752108,52.202366,-2.186527,15.449999998099337,Vw11
14076.710000000236,-0.6183999992820812,-0.3465999992667108,9.632300000946584,0.007300000056752469,0.006199999964056769,0.007299999964529707,52.202366,-2.186527,14.63999999872307,Vw11
14076.810000000236,-0.31479999895356664,-0.03650000007953944,10.032599999486457,0.031300000006688006,-0.008999999902546263,-0.007700000042755438,52.202366,-2.186527,14.0999999986624,Vw11
14076.910000000236,0.11817299878659952,-0.07308400077722005,9.81896000032187,0.03380399992994606,0.03146699992118932,-0.02547799997112642,52.202366,-2.186527,13.534399998674655,Vw11
14077.010000000237,-0.38587099916479617,-0.40232100097531176,9.954189000139397,0.004461999991006589,-0.0008769998525553929,-0.013652000059640516,52.202366,-2.186527,12.974199998627322,Vw11
14077.110000000237,-0.03708217835561448,-0.8067603952018337,10.009173266539346,0.0004801979677782057,0.06028316819450551,-0.038284158341086706,52.202366,-2.186527,12.394554454156667,Vw11
14077.210000000237,-0.09530000055187411,-0.4528000002542529,9.676500000692942,-0.02149999993399433,0.008599999996187399,-0.0066999999418578225,52.202366,-2.186527,11.849999998760904,Vw11
14077.310000000238,-0.32690000012653075,-0.5594999989379521,9.967299999733356,0.006199999974741513,0.0070000000481340975,0.01769999988562195,52.202366,-2.186527,11.329999998760904,Vw11
14077.410000000238,-0.37999999928394573,-0.11380000034504047,9.855400000488013,-0.004399999912071871,0.027199999905399817,-0.030299999932326318,52.202366,-2.186527,10.809999998760905,Vw11
14077.510000000239,-0.07950000023371441,-0.25859999981659076,10.060199998953701,0.032499999852213544,-0.012499999972560821,-0.0019000000221438993,52.202366,-2.186527,10.289999998772457,Vw11
14077.610000000239,-0.17418118754191622,-0.187133664495333,9.628588119548409,-0.028510890996304983,-0.00083564350130644,-0.011359406002463344,52.202366,-2.186527,9.774158414448344,Vw11
14077.71000000024,0.06769999892192136,-0.6604999994914542,9.937399999358435,0.010399999921485142,0.025600000003121386,-0.03729999990587821,52.202366,-2.186527,9.189999998895509,Vw11
14077.81000000024,-0.38129999823521643,-0.4487000003455134,9.670200000911205,-0.02229999999447755,0.026899999941173883,0.0018999999169231159,52.202366,-2.186527,8.729999998727436,Vw11
14077.91000000024,0.3536999993413876,-0.5925999984983733,10.049699998966341,-0.02000000000216096,0.0024000001267762854,-0.032699999949337505,52.202366,-2.186527,8.19999999891952,Vw11
14078.01000000024,0.07940000000427913,0.032799998195159094,9.619200000595749,-0.020900000009033713,0.05519999984523822,-0.011599999941756318,52.202366,-2.186527,7.749999999215493,Vw11
14078.11000000024,0.08118217822209738,-0.7188831701201834,9.867318812476446,-0.024662376246650023,-0.009255445699188541,0.012657425800769884,52.202366,-2.186527,7.423267325948814,Vw11
14078.210000000241,-0.3810310011285314,0.08886500199045955,9.858513999972445,-0.0005439999410234153,0.05454900015735146,-0.02897700010224219,52.202366,-2.186527,7.142799999323219,Vw11
14078.310000000241,0.15939999916463093,-0.7769999977128355,9.656500000852787,-0.006299999962259608,-0.03909999975831634,0.0038999998986331773,52.202366,-2.186527,6.879999999395186,Vw11
14078.410000000242,-0.18589999977591337,0.16839999984018247,10.00899999961463,0.00929999993133223,0.060799999779334535,-0.037999999850690365,52.202366,-2.186527,6.629999999389077,Vw11
14078.510000000242,-0.0928603957152541,0.10481485192456706,9.851206930670536,-0.018601980150074516,-0.02869900970705141,0.022475247373485094,52.202366,-2.186527,6.377722771725857,Vw11
14078.610000000243,0.04109999989863317,0.28629999902963643,9.841899999862587,0.0011999999784686223,0.051399999892101186,-0.03999999992330959,52.202366,-2.186527,6.149999999322609,Vw11
14078.710000000243,-0.0007999990396463546,-0.1148000002001143,9.785100000438009,-0.0076999999841566025,0.006800000032661773,-0.008300000011455996,52.202366,-2.186527,5.86999999934189,Vw11
14078.810000000243,0.39319999920295523,-0.1969000002924935,9.964799999600503,-0.0012000000385116436,0.020199999958319677,-0.01299999999146894,52.202366,-2.186527,5.59999999934189,Vw11
14078.910000000244,0.0662000002223246,-0.3168999997434527,9.80090000048946,-0.016999999938202132,0.00309999999926138,-0.009500000030283418,52.202366,-2.186527,5.329999999359862,Vw11
14079.010000000244,0.15650198019850287,-0.21043663311123467,9.998421781866407,0.007879207866931465,0.002884158436371414,-0.021546534591634327,52.202366,-2.186527,5.067326732021144,Vw11
14079.110000000244,0.15669999951251085,0.01589999960732748,9.870600000348798,-0.014199999946619938,0.01129999997708801,0.0037999999519823177,52.202366,-2.186527,4.79999999934189,Vw11
14079.210000000245,-0.04330000004285325,-0.14519999978091877,10.013699999550763,0.00769999996051723,0.001900000022148871,-0.015899999993981288,52.202366,-2.186527,4.529999999446279,Vw11
14079.310000000245,-0.06075098043494165,-0.05598431350675899,9.830758823080892,-0.008378431411968706,0.01091960786525074,-0.013449019601834039,52.202366,-2.186527,4.304509803368731,Vw11
14079.410000000245,0.008899999173187461,-0.35829999989661776,9.860599999732335,-0.0011000000351155904,0.011800000020872904,-0.00280000001031367,52.202366,-2.186527,4.069999999508873,Vw11
14079.510000000246,-0.32779999906487406,-0.3162000001041785,9.751600000506505,-0.01539999994741467,0.020299999962049266,-0.007000000019595477,52.202366,-2.186527,3.869999999627934,Vw11
14079.610000000246,0.04566930606292043,-0.35721089084600605,9.95509306913318,0.005709900967954503,0.005093069329805238,-0.014809900967954504,52.202366,-2.186527,3.7181188114188304,Vw11
14079.710000000247,-0.3073999996764236,-0.2583000005217298,9.884400000289437,-0.003299999972540536,0.014399999993815436,-0.005799999987630871,52.202366,-2.186527,3.5299999995052347,Vw11
14079.810000000247,-0.17659999837172802,-0.4691999980474095,10.00139999988373,0.007799999989115167,0.011900000020285371,-0.0008000000351283234,52.202366,-2.186527,3.329999999604188,Vw11
14079.910000000247,0.48160000082798937,0.32009999952007784,9.954399999479259,0.0034000000608561095,0.020099999945081073,-0.01499999997006671,52.202366,-2.186527,3.1699999996041877,Vw11
14080.010000000248,0.8162999995643594,0.1261000004764588,9.743899999682608,0.027999999953986845,-0.0020999999245483194,-0.0029000000331492626,52.202366,-2.186527,3.0099999995794495,Vw11
14080.110000000248,0.6401999997516279,0.31869999898103124,9.61560000050194,0.009400000009400538,0.02839999994062819,-0.016299999957944962,52.202366,-2.186527,2.8399999995794496,Vw11
14080.210000000248,0.5398000000493368,-0.09319999936239645,9.818500000641379,0.013199999982883126,0.004400000021396093,0.0006999999660179707,52.202366,-2.186527,2.669999999647594,Vw11
14080.310000000249,0.5617360005826022,0.15794799946328766,10.070602999327363,0.006492000022944951,0.012591999923184296,-0.012705999976556246,52.202366,-2.186527,2.5286999996757777,Vw11
14080.410000000249,0.7907544548855066,-0.051065345528412284,9.80473366364907,0.015574257419322385,-0.01746534642625104,-0.0034079207940546506,52.202366,-2.186527,2.3990099007431684,Vw11
14080.51000000025,0.5661999998148433,0.3523999993573092,9.918099999517048,0.013000000002741216,0.025999999927482347,-0.004199999981808287,52.202366,-2.186527,2.299999999725878,Vw11
14080.61000000025,0.4919000004037065,0.09450000079271012,9.724300000170702,0.014099999997258783,-0.0030999999603769537,0.003099999974581442,52.202366,-2.186527,2.1899999996760378,Vw11
14080.71000000025,0.6538999997043536,0.4125999985676616,9.792799999938133,0.013000000024594942,0.012799999930018518,-0.0070999999647557025,52.202366,-2.186527,2.0599999996957328,Vw11
14080.81000000025,0.5385861389369634,-0.14992475187854104,9.769996040004916,0.022488118758652684,-0.014496039527599877,0.006710891066723091,52.202366,-2.186527,1.9386138610379147,Vw11
14080.91000000025,0.6672000003902229,0.0875999995131723,9.929599999779914,0.0013000000243413854,0.015899999887928205,-0.002199999939907205,52.202366,-2.186527,1.7999999995689546,Vw11
14081.010000000251,0.8195719996161349,-0.10071899907525689,9.844360000391905,0.011019000029895254,-0.027916999903782498,0.021179999919609397,52.202366,-2.186527,1.6281999995478027,Vw11
14081.110000000252,0.6658613855259446,0.26352970292751215,9.994871286141676,0.0227960396029654,0.009665346450576248,-0.010185148435749252,52.202366,-2.186527,1.4483168312602948,Vw11
14081.210000000252,0.42200000044322766,0.24650000078860648,9.60200000066952,0.022399999975727405,-0.023799999903920982,0.021299999937295797,52.202366,-2.186527,1.279999999443753,Vw11
14081.310000000252,0.5972999997428623,0.5583999984981333,9.866799999465243,0.01280000001112494,0.014199999879395546,-0.00349999994665086,52.202366,-2.186527,1.059999999443753,Vw11
14081.410000000253,0.495600000898086,-0.035599999938559994,9.655300000972927,0.017200000018962963,-0.03349999990821925,0.017599999944375305,52.202366,-2.186527,0.8399999988369381,Vw11
14081.510000000253,0.8507999999125175,-0.01130000004247704,10.0400999995325,0.024699999964602468,0.0027999999249066604,-0.0043999999367901185,52.202366,-2.186527,0.3799999990392098,Vw11
14081.610000000253,0.8161999994920455,-0.028099999497860698,9.855200000291271,0.01070000001542321,-0.026899999905438017,0.020599999969912096,52.202366,-2.186527,0.0,Vw11
14081.710000000254,0.6152999996617414,0.17050000051523334,9.970399999126958,0.01679999999948554,0.0104999998497772,0.008700000023922466,52.202366,-2.186527,0.0,Vw11
14081.810000000254,0.4844330001613255,0.37079199999796114,9.633362000601977,0.01677100004358082,-0.04748399989397882,0.017814999952851157,52.202366,-2.186527,0.0,Vw11
14081.910000000255,0.5473128713413804,0.36807821733200324,9.865075246983245,0.03333960386854672,-0.006546534716296336,-0.00023861379477014974,52.202366,-2.186527,0.0,Vw11
14082.010000000255,0.5686000007522612,0.1758999995304097,9.65260000070566,-0.0026999999345527614,-0.031199999931496858,0.02589999996078259,52.202366,-2.186527,0.0,Vw11
14082.110000000255,0.8639999992648009,-0.008500000003819879,9.929699999470056,0.02299999996536644,-0.004300000111031113,0.01050000000178261,52.202366,-2.186527,0.0,Vw11
14082.210000000256,0.5753000006922329,-0.009999999764040694,9.721600000630165,0.00940000001538865,-0.047899999924082656,0.011200000009489668,52.20236600000032,-2.1865269999994537,0.0,Vw11
14082.310000000256,0.8451999993759902,0.08200000078995072,9.967299999355728,0.015399999936650057,-0.018300000063862898,0.014900000020005246,52.20249,-2.186314,0.0,Vw11
14082.410000000256,0.6019000006234968,0.3899999986593921,9.716100000352402,-0.009299999918183675,-0.04319999994998689,0.022699999995126927,52.20249,-2.186314,0.0,Vw11
14082.510000000257,0.844999999286008,-0.13269999933782173,9.853499999607772,0.022599999948963567,-0.023700000059326615,0.02079999996113977,52.20249,-2.186314,0.0,Vw11
14082.610000000257,0.5725653473471778,0.1215891085743937,9.704639604612296,0.0029039603970562123,-0.04646534650008878,0.006020792135883839,52.20249,-2.186314,0.0,Vw11
14082.710000000257,0.8890999991582117,-0.009499998611656338,9.958599999794396,0.003299999950923666,-0.032999999969521014,0.02809999997262057,52.20249,-2.186314,0.0,Vw11
14082.810000000258,0.5632000003530052,0.5279999988861942,9.879000000275255,-0.015699999926163728,-0.02120000006340005,0.01750000001069713,52.20249,-2.186314,0.0,Vw11
14082.910000000258,0.6972643561162364,0.1052336644348663,9.98216534593116,0.012309900915109981,-0.045324752429946984,0.021573267319822422,52.20249,-2.186314,0.0,Vw11
14083.010000000259,0.5736999999855353,0.518599998120893,9.748699999944982,-0.0166999999630636,-0.027800000025313056,0.018900000007748895,52.20249,-2.186314,0.0,Vw11
14083.110000000259,0.5680999998512213,-0.20889999872866466,9.727399999672995,-0.002400000041327439,-0.03759999994369136,0.021899999984760506,52.20249,-2.186314,0.0,Vw11
14083.21000000026,0.5105000008395806,0.2832999989649464,9.600800000688661,-0.01839999994179594,-0.015800000108939456,0.0160000000038631,52.20249,-2.186314,0.0,Vw11
14083.31000000026,0.833272278066664,-0.11462079311347323,9.865552475935662,0.003976237681922106,-0.057681188227668365,0.017485148518711646,52.20249,-2.186314,0.0,Vw11
14083.41000000026,0.5717739993049863,0.5467790017468913,9.813056999855228,-0.013917000047564517,0.0036760001621872138,0.008292999975827869,52.20249,-2.186314,0.0,Vw11
14083.51000000026,0.5086000002164162,-0.06479999837557879,9.695300000116012,-0.0029999999947976906,-0.047999999842109904,0.03129999989257231,52.20249,-2.186314,0.0,Vw11
14083.61000000026,0.5918000001258539,0.5596999980252242,9.739900000042828,-0.0010000000136626316,0.012699999839726823,-0.009999999912769352,52.20249,-2.186314,0.0,Vw11
14083.710000000261,0.6401514852660507,-0.18693069177563928,9.758940594772868,-0.00638613866231915,-0.04754752455658216,0.022987128657454163,52.20249,-2.186314,0.0,Vw11
14083.810000000261,0.6853000005453476,0.30999999891375773,10.032999999793857,-0.024999999958614353,0.0276999998396961,0.0017000000505533535,52.20249,-2.186314,0.0,Vw11
14083.910000000262,0.8934999988857307,-0.10469999864894199,9.954299999881082,-0.009199999997904523,-0.0334999998465064,0.02099999988160562,52.20249,-2.186314,0.0,Vw11
14084.010000000262,0.4681000000531727,0.41109999983550516,9.908899999319756,-0.008400000008905771,0.02509999989155913,-0.02419999991984805,52.20249,-2.186314,0.0,Vw11
14084.110000000263,0.4883999998677231,0.34830000066609934,9.649200000394474,-0.01180000003169407,-0.016299999832885805,0.006399999911204214,52.20249,-2.186314,0.0,Vw11
14084.210000000263,0.43790000066650503,0.6025999978287815,9.799800000028748,-0.02389999996096449,0.04749999985335308,-0.02749999990188371,52.20249,-2.186314,0.0,Vw11
14084.310000000263,0.6905999997404666,-0.22059999867727637,9.810700000511419,-0.009099999986812327,-0.008099999876035872,0.00969999988051968,52.20249,-2.186314,0.0,Vw11
14084.410000000264,0.5921999997359827,0.2809000003766399,10.004599999014617,-0.004100000055388227,0.038899999913225104,-0.035599999880255924,52.20249,-2.186314,0.0,Vw11
14084.510000000264,0.4920999997824034,0.4237000000669934,9.63100000068655,-0.025099999962283254,0.006000000108402673,0.00979999988421223,52.20249,-2.186314,0.0,Vw11
14084.610000000264,0.40960000030542654,0.44909999971066245,9.891299999467744,-0.01080000001371518,0.04709999991322511,-0.03409999994856807,52.20249,-2.186314,0.0,Vw11
14084.710000000265,0.5254000005988658,0.3393999985236827,9.689500000496887,-0.015999999948478946,0.014200000114992874,-0.014600000042491592,52.20249,-2.186314,0.0,Vw11
14084.810000000265,0.7508999995735064,-0.2164999994015417,9.876599999512766,0.0033999999245353523,0.05749999992900539,-0.030599999952407312,52.20249,-2.186314,0.0,Vw11
14084.910000000265,0.590305940167884,0.008846535251477217,9.693134652978477,-0.02501584165956677,0.03076732666173161,-0.012679207873234895,52.20249,-2.186314,0.0,Vw11
14085.010000000266,0.786999998715426,-0.0955999981635665,9.960399999665112,0.01699999993148231,0.04260000000159343,-0.02949999999920328,52.20249,-2.186314,0.0,Vw11
14085.110000000266,0.3033000012814542,0.5958999989052514,9.834300000423575,-0.00879999994420296,0.04319999999222061,-0.029199999959493496,52.20249,-2.186314,0.0,Vw11
14085.210000000267,0.7756156848434322,0.1914774519578088,9.989916666059788,0.011823529364861215,0.04038039217822989,-0.014276470635138785,52.20249,-2.186314,0.0,Vw11
14085.310000000267,0.23718431228692305,0.5592225500021398,9.761583332723278,-0.005823529458913668,0.04841960786461623,-0.03192352945891366,52.20249,-2.186314,0.0,Vw11
14085.410000000267,0.5884970290332016,-0.04249207757350501,9.726214851569399,0.007345544566642693,0.012489109041771522,0.002692079125524406,52.20249,-2.186314,0.0,Vw11
14085.510000000268,0.3382000006333666,0.5682999977933454,9.757700000036191,0.011899999976772057,0.061399999759347706,-0.028099999893583607,52.20249,-2.186314,0.0,Vw11
14085.610000000268,0.5745000004816936,-0.24486435540919635,9.772983168820783,0.003468316876726025,-0.027072277059739414,0.010986138529869707,52.20249,-2.186314,0.0,Vw11
14085.710000000268,0.7544999995547259,0.13869999831393506,9.96129999967587,0.020299999952618962,0.0356999997908235,-0.020399999857856895,52.20249,-2.186314,0.0,Vw11
14085.810000000269,0.5890999996454498,-0.487599997620449,9.840900000168794,0.0027000000425352485,-0.04199999981774454,0.03239999988854688,52.20249,-2.186314,0.0,Vw11
14085.910000000269,0.45739999984762686,0.3963000003459354,9.903599999529153,0.018499999970656062,0.02569999973751983,-0.008999999891777405,52.20249,-2.186314,0.0,Vw11
14086.01000000027,0.40079999963495067,0.5248000001580265,9.728700000311745,0.0076000000481886675,-0.0717999997859777,0.03119999990577635,52.20249,-2.186314,0.0,Vw11
14086.11000000027,0.26520000042831376,0.5834999989724238,9.844499999610722,0.025499999958003172,0.007699999803745595,-0.0037999998917774063,52.20249,-2.186314,0.0,Vw11
14086.21000000027,0.4243000005149559,0.20179999949805352,9.69990000086919,0.009899999969644706,-0.06519999965443748,0.03639999979564382,52.20249,-2.186314,0.0,Vw11
14086.31000000027,0.6142999990103319,0.016600001630009267,10.020599999082606,-0.0013000000599549932,0.06229999993320083,-0.038999999923071446,52.20249,-2.186314,0.0,Vw11
14086.41000000027,0.2544930697661377,0.6088534644931078,9.688371287907485,-0.02294158408832635,0.03794950496392216,-0.011124752536206583,52.20249,-2.186314,0.0,Vw11
14086.510000000271,0.4237999998984324,0.2942000006313069,9.975499999232357,0.0028999999556497307,0.04290000000848678,-0.03359999997700356,52.20249,-2.186314,0.0,Vw11
14086.610000000272,0.38919207988388616,0.516400987820816,9.696565346932122,-0.013028712797701705,0.04605346536103689,-0.02521980198556922,52.20249,-2.186314,0.0,Vw11
14086.710000000272,0.6383999991435289,-0.32349999866849977,9.843099999514875,0.014099999879401002,0.051400000011732484,-0.027199999993451636,52.20249,-2.186314,0.0,Vw11
14086.810000000272,0.32450000100681065,0.16449999892552297,9.66530000080081,-0.03009999985238901,0.055699999917872625,-0.024799999990450305,52.20249,-2.186314,0.0,Vw11
14086.910000000273,0.6934999988212949,-0.22929999803440004,9.95880000002783,0.02399999991923687,0.025600000049385563,-0.021300000034924597,52.20249,-2.186314,0.0,Vw11
14087.010000000273,0.26150000109412214,0.49109999866631693,9.969000000255932,-0.005599999904503056,0.04369999997598934,-0.03409999993233359,52.20249,-2.186314,0.0,Vw11
14087.110000000273,0.6624999986441324,0.002300001546591238,10.062799999343543,0.029399999921927534,0.03490000005321895,-0.00930000007672173,52.20249,-2.186314,0.0,Vw11
14087.210000000274,0.1655693055668604,0.5691316847239937,9.822205939933747,0.0007861385353302754,0.05440495054858109,-0.037418811958360554,52.20249,-2.186314,0.0,Vw11
14087.310000000274,0.4197999992226913,-0.14259999786555963,9.671900000646293,0.021199999877223673,0.0054999999901119735,0.001899999982146619,52.20249,-2.186314,0.0,Vw11
14087.410000000275,0.1368000009588639,0.6344999971942724,9.907199999559433,-0.023499999964567905,0.001899999861292963,-0.0045999998942530505,52.20249,-2.186314,0.0,Vw11
14087.510000000275,0.4859000002257766,-0.3869999982465233,9.746800000801754,-0.010600000027192073,-0.04859999979372478,0.03389999988079435,52.20249,-2.186314,0.0,Vw11
14087.610000000275,0.5681000000568562,0.25139999810973895,10.038699999584153,-0.020499999985717297,0.026499999817620846,-0.009499999909634425,52.20249,-2.186314,0.0,Vw11
14087.710000000276,0.5887999990942305,-0.4367999974900566,9.887300000191605,-0.015300000004147295,-0.03989999979346467,0.023399999852632754,52.20249,-2.186314,0.0,Vw11
14087.810000000276,0.2612000001075532,0.47099999984378516,9.956599999294683,-0.0167999999878346,0.03479999986535113,-0.02989999986673356,52.20249,-2.186314,0.0,Vw11
14087.910000000276,0.3000999995653634,0.41450000067988,9.701500000655825,-0.012399999972627846,-0.013899999803694663,0.01829999983023736,52.20249,-2.186314,0.0,Vw11
14088.010000000277,0.1429000004650501,0.6603999984248571,9.938699999219756,-0.0025000000478321454,0.057099999843785186,-0.043099999893829226,52.20249,-2.186314,0.0,Vw11
14088.110000000277,0.311100001086315,0.09069999888603635,9.65650000085849,-0.01979999995797407,0.0006000001822045305,-0.004700000092069968,52.20249,-2.186314,0.0,Vw11
14088.210000000277,0.7039999991395022,-0.3121999995367199,9.966999999379295,-0.004600000025581605,0.06649999989683023,-0.037999999933937614,52.20249,-2.186314,0.0,Vw11
14088.310000000278,0.4005059413198229,-0.14674158397504475,9.748925743333386,-0.013518811830726597,0.030036633729269638,-0.014701980254271992,52.20249,-2.186314,0.0,Vw11
14088.410000000278,0.6610999988191503,-0.0808999983229318,10.021499999033166,0.004599999947956894,0.05369999995101825,-0.03489999998524981,52.20249,-2.186314,0.0,Vw11
14088.510000000279,0.23680000070077295,0.5216999976160361,9.674100000581936,-0.01409999994879181,0.03610000002755223,-0.029599999963263693,52.20249,-2.186314,0.0,Vw11
14088.610000000279,0.4885999995867165,-0.3348999984136593,9.88319999945647,0.004299999967438271,0.04600000002337765,-0.01640000003924106,52.20249,-2.186314,0.0,Vw11
14088.71000000028,0.3401000006836167,0.2350999982049404,9.687900000704273,-0.007399999911435427,0.05439999992614903,-0.030499999964347806,52.20249,-2.186314,0.0,Vw11
14088.81000000028,0.5771821769513747,-0.39129702745955786,9.936090098810899,0.023513861277895284,0.028636633757732316,-0.01801386141805652,52.20249,-2.186314,0.0,Vw11
14088.91000000028,0.12540000118492609,0.4089999981086002,9.86510000024735,-0.015099999916242815,0.062299999855455826,-0.02939999990643846,52.20249,-2.186314,0.0,Vw11
14089.01000000028,0.5483999986986949,-0.26619999760620994,9.953399999742512,0.014799999990379568,0.01070000013694969,0.003999999860786678,52.20249,-2.186314,0.0,Vw11
14089.11000000028,0.09039604013549705,0.5756326720990563,9.860351484574233,0.01139306930498774,0.05826138590351644,-0.04453960377526029,52.20249,-2.186314,0.0,Vw11
14089.210000000281,0.2799999997439955,0.1589000008229927,9.655500000792825,0.010699999942201612,-0.02559999985282557,0.021499999885249053,52.20249,-2.186314,0.0,Vw11
14089.310000000281,0.18920000087231567,0.4507999976724009,9.936699999636607,-0.009800000004841452,0.026599999853617287,-0.019199999887222655,52.20249,-2.186314,0.0,Vw11
14089.410000000282,0.4944603957462886,-0.36019801802393026,9.81021980229614,-0.011444554439802057,-0.02408514831316224,0.019825742412235597,52.20249,-2.186314,0.0,Vw11
14089.510000000282,0.3904999989511707,0.2700000005579659,9.922199999780366,-0.005899999992105586,0.04739999984239366,-0.03759999992021003,52.20249,-2.186314,0.0,Vw11
14089.610000000283,0.018500000646476184,0.4679000000820199,9.84429999996668,-0.003099999994873757,-0.008499999789539251,-0.00930000005610388,52.20249,-2.186314,0.0,Vw11
14089.710000000283,0.244705940370008,0.49398910814598745,9.832563366326296,-0.0012475247376688592,0.0649376236319124,-0.02882673262437831,52.20249,-2.186314,0.0,Vw11
14089.810000000283,0.1653000012800835,0.22289999822404896,9.828900000165099,0.003999999992547656,0.01870000007337693,-0.011500000053312925,52.20249,-2.186314,0.0,Vw11
14089.910000000284,0.6070189986139793,-0.3896769980057318,9.885929999838142,0.0014290000082349105,0.044467000047421726,-0.029961999960813182,52.20249,-2.186314,0.0,Vw11
14090.010000000284,0.12772376349043096,0.298702968338546,9.829536633673769,0.0042940594042537,0.06040594042537002,-0.016209900964514454,52.20249,-2.186314,0.0,Vw11
14090.110000000284,0.5200999994253812,-0.3909999979472632,9.833200000159758,0.0037000000201471268,0.0010000001827429514,-0.00720000007746712,52.20249,-2.186314,0.0,Vw11
14090.210000000285,0.31760000015410084,0.3323999980591779,9.889499999901036,0.010799999972855636,0.06539999975202491,-0.03449999984505092,52.20249,-2.186314,0.0,Vw11
14090.310000000285,0.3715603961935979,-0.34720396233551526,9.85484653455457,0.0012950494778249614,-0.021431683416119895,0.019757425897415852,52.20249,-2.186314,0.0,Vw11
14090.410000000285,0.20769099959733398,0.44460599943015183,9.93448399948102,-0.0007609999888545245,0.026994999769945953,-0.023315999861681792,52.20249,-2.186314,0.0,Vw11
14090.510000000286,0.06931862777065895,0.2491539221270143,9.756093137653028,0.003095098037814816,-0.05214607827307422,0.02431176462351119,52.20249,-2.186314,0.0,Vw11
14090.610000000286,0.1811813728682593,0.4445460789889928,9.895406863142679,0.002604901959385367,0.003246078589453548,-0.004511764788140429,52.20249,-2.186314,0.0,Vw11
14090.710000000287,0.2535000002480265,0.32619999774563185,9.720100000341144,-0.005299999971834768,-0.05189999997930718,0.03489999993217353,52.20249,-2.186314,0.0,Vw11
14090.810000000287,0.33979999996263793,-0.4581999986897419,9.838799999617471,0.00449999995545295,-0.0447000000077598,0.011300000064090272,52.20249,-2.186314,0.0,Vw11
14090.910000000287,0.32680000015269955,-0.0023000012201450193,9.705700000427907,-0.010999999964873292,-0.04740000001567638,0.03360000001103153,52.20249,-2.186314,0.0,Vw11
14091.010000000288,0.37574851380132374,-0.4132188091831731,9.854407921168235,0.0009693068931059473,-0.0527485148366781,0.03714950487845307,52.20249,-2.186314,0.0,Vw11
14091.110000000288,0.010600000973677467,0.5248999981165119,9.985199999642347,-0.012099999952390248,-0.04759999999709697,0.0121000000778013,52.20249,-2.186314,0.0,Vw11
14091.210000000288,0.34367821715399943,-0.116722770212939,9.86264257444224,0.004099009843182041,-0.046250494948981584,0.03849603948777474,52.20249,-2.186314,0.0,Vw11
14091.310000000289,0.11150000086269156,0.6009999972500794,9.926899999795793,-0.015999999964358833,-0.011300000118901274,-0.0018999999065149689,52.20249,-2.186314,0.0,Vw11
14091.410000000289,0.40466799938295783,-0.33629399884058586,9.857639000184939,-0.0038210000060778073,-0.05117799976209725,0.02965999987265546,52.20249,-2.186314,0.0,Vw11
14091.51000000029,0.1968495058909584,0.056265345366954454,9.920304950322832,-0.00593762377326521,0.029607920620721172,-0.013540593955387599,52.20249,-2.186314,0.0,Vw11
14091.61000000029,0.5217999987706718,-0.3471999988802246,9.860799999921122,-0.009699999949751795,-0.029599999755770358,0.02239999983464835,52.20249,-2.186314,0.0,Vw11
14091.71000000029,0.099621999601155,0.03951100098727163,9.833922000035312,0.00737099996266255,0.053524999862517145,-0.03381999989001372,52.20249,-2.186314,0.0,Vw11
14091.81000000029,-0.035267326286303004,0.3754415836463011,9.845243564136133,-0.005408910893684285,0.0069188120031613886,0.0035366335866644696,52.20249,-2.186314,0.0,Vw11
14091.91000000029,0.1179999997289522,0.1996000003651208,9.769600000459194,-0.006299999932679019,0.048799999983243254,-0.0228000000094073,52.20249,-2.186314,0.0,Vw11
14092.010000000291,0.029404951544942354,0.31876732526697554,9.924922772021748,0.01639801974315621,0.04289306924666494,-0.02583861381438462,52.20249,-2.186314,0.0,Vw11
14092.110000000292,0.38989999895691874,-0.18449999869294698,9.837199999845458,-0.003799999971478246,0.022200000094878488,-0.009700000029394869,52.20249,-2.186314,0.0,Vw11
14092.210000000292,0.031500001203057765,0.2645999985679278,9.78410000029725,0.0059999999844785636,0.054799999802614185,-0.019799999969542844,52.20249,-2.186314,0.0,Vw11
14092.310000000292,0.44229999906783524,-0.22439999951268544,9.885599999937622,0.000699999997071427,-0.012599999843907063,-0.009399999997071428,52.20249,-2.186314,0.0,Vw11
14092.410000000293,0.12400000089731475,-0.05800000056170029,9.864299999979501,-0.0002999999792071321,0.04069999980671419,-0.008399999930007106,52.20249,-2.186314,0.0,Vw11
14092.510000000293,0.4303999991120567,-0.2497999989624066,9.85730000004715,0.006799999973642844,-0.02529999993820711,0.015499999928835677,52.20249,-2.186314,0.0,Vw11
14092.610000000293,0.1271999994595452,0.10450000074604655,9.873399999992605,-0.0022000000097619097,-0.0042000000970274665,-0.008799999893802254,52.20249,-2.186314,0.0,Vw11
14092.710000000294,-0.052263365388062394,0.35586237599213855,9.871852475526671,-0.005511881191600872,-0.03688613858049164,0.02705544553149673,52.20249,-2.186314,0.0,Vw11
14092.810000000294,0.27139999885194116,0.2720999999392967,9.967099999606019,-0.006699999991749065,-0.025500000042138708,0.022599999994695825,52.20249,-2.186314,0.0,Vw11
14092.910000000295,-0.11819999870699618,0.25149999834772924,9.833399999763365,-0.003900000006250709,-0.03979999999583286,0.020800000003869487,52.20249,-2.186314,0.0,Vw11
14093.010000000295,0.3136118804249488,-0.29882871146435674,9.754052475292486,-0.006100990128789295,-0.038209900934043674,0.022039603942586795,52.20249,-2.186314,0.0,Vw11
14093.110000000295,0.054800000621472285,0.1782999980180073,9.769300000035361,-0.01619999996110273,-0.01920000008250936,0.016000000044790796,52.20249,-2.186314,0.0,Vw11
14093.210000000296,0.26569999979425024,-0.49429999771998134,9.781300000435458,-0.0030000000161724697,-0.047199999859539106,0.03119999988200087,52.20249,-2.186314,0.0,Vw11
14093.310000000296,0.19749603975113206,0.25935742347507307,9.925138613398133,-0.008460396057523065,-0.0006782179339969022,-0.0078584157402384,52.20249,-2.186314,0.0,Vw11
14093.410000000296,0.24709999976606523,-0.5048999970738882,9.76900000080024,-0.014499999991698133,-0.03849999981913788,0.02629999985264185,52.20249,-2.186314,0.0,Vw11
14093.510000000297,0.16819999948261574,0.4819999991855275,10.038899999147873,-0.011699999986954208,0.022499999805795597,-0.023399999906011,52.20249,-2.186314,0.0,Vw11
14093.610000000297,-0.006300000236306732,0.20730000090816503,9.751500000316657,-0.007299999993180609,-0.0429999997052837,0.00829999990778997,52.20249,-2.186314,0.0,Vw11
14093.710000000297,-0.08599999924586153,0.5135999986229813,9.858299999623528,-0.005000000033709512,0.05639999982578447,-0.02279999992631638,52.20249,-2.186314,0.0,Vw11
14093.810000000298,0.166800000537267,0.05199999842285167,9.732100000601148,-0.016299999954198213,-0.0019999998134782545,0.0018999998797703125,52.20249,-2.186314,0.0,Vw11
14093.910000000298,0.3447742573285044,-0.4661009885171899,9.93071485122092,-0.001052475233338026,0.059603960307668125,-0.03782277222432306,52.20249,-2.186314,0.0,Vw11
14094.010000000299,0.31219999982727603,0.06379999872739135,9.842200000036692,0.0037000000244617696,0.030000000059066223,-0.02010000002118031,52.20249,-2.186314,0.0,Vw11
14094.110000000299,0.25429999925570596,-0.3627999975666506,9.854500000169145,0.011899999977924746,0.04980000002118031,-0.02720000000984437,52.20249,-2.186314,0.0,Vw11
14094.2100000003,0.004800000666053286,0.4528999979506053,9.911199999949067,0.0045,0.05689999990207774,-0.030499999953312606,52.20249,-2.186314,0.0,Vw11
14094.3100000003,0.22078217710124332,-0.21613861177066357,9.894188118748247,0.004326732621229715,0.024206930575018267,-0.014951485103911186,52.20249,-2.186314,0.0,Vw11
14094.4100000003,-0.1509999990332708,0.47999999803022547,9.87299999952759,-0.013000000003601598,-0.015100000105046639,-9.999987274350133e-05,52.20249,-2.186314,0.0,Vw11
14094.5100000003,0.17109999898106276,-0.17629999824801004,9.71560000021555,-0.01419999997453415,-0.05009999979263521,0.04229999983113715,52.20249,-2.186314,0.0,Vw11
14094.6100000003,-0.16042299862537432,0.39587499828059164,9.78691300006397,-0.005836000010812,0.017762999838720997,-0.013128999918609665,52.20249,-2.186314,0.0,Vw11
14094.710000000301,0.29101485097901525,-0.16618217680082698,9.809320792475907,-0.009268316792132213,-0.03451485121929472,0.013354455341760467,52.20249,-2.186314,0.0,Vw11
14094.810000000301,0.12249999914141863,0.30560000013267596,9.941399999522977,0.003899999941134563,0.05399999978344839,-0.021199999935949523,52.20249,-2.186314,0.0,Vw11
14094.910000000302,-0.15666435572992804,0.3496811882944181,9.786454455885009,-0.015147524676189765,-0.01613564330319084,-0.0005881189291514225,52.20249,-2.186314,0.0,Vw11
14095.010000000302,0.0768999995346916,0.4077999998765015,9.931899999618333,0.010099999971012585,0.07029999990156358,-0.03939999996376573,52.20249,-2.186314,0.0,Vw11
14095.110000000303,-0.0771999988543932,0.36689999722203936,9.805499999810374,0.000500000066429493,0.037700000111118424,-0.027400000016607372,52.20249,-2.186314,0.0,Vw11
14095.210000000303,0.3021999994866266,-0.5530999980382454,9.742699999958383,0.02249999993165147,0.0744999999671927,-0.032899999998481144,52.20249,-2.186314,0.0,Vw11
14095.310000000303,0.1332000006682967,0.092699997693444,9.72900000053175,2.947483225570714e-11,0.06369999990165032,-0.03239999994255415,52.20249,-2.186314,0.0,Vw11
14095.410000000304,0.3532000006678609,-0.6666069329981211,9.904049505481897,0.009702970326485313,0.03132376227795206,-0.013489108853482704,52.20249,-2.186314,0.0,Vw11
14095.510000000304,0.035659406809765794,0.38388415600966846,9.906121782336824,0.0059148514896629105,0.08040792049051755,-0.03918613848806022,52.20249,-2.186314,0.0,Vw11
14095.610000000304,0.32159999890762664,-0.4076999974820072,9.958299999738335,0.007399999993683965,-0.018799999770216614,0.00219999989623656,52.20249,-2.186314,0.0,Vw11
14095.710000000305,-0.03800396149417695,0.42121089362038805,9.872161385875568,0.005320792072858558,0.05684356458743149,-0.031958415945895116,52.20249,-2.186314,0.0,Vw11
14095.810000000305,0.03904554377333278,0.20300000107025915,9.747144554927752,0.002957425760134379,-0.03961782157357609,0.03116534640174151,52.20249,-2.186314,0.0,Vw11
14095.910000000305,-0.21639999870016122,0.5529999980284801,9.901599999573408,0.00869999999382646,0.028599999698731258,-0.012299999848130922,52.20249,-2.186314,0.0,Vw11
14096.010000000306,0.2053099011765996,-0.09035742716676068,9.764730693476219,0.006710891092439279,-0.06833762355982932,0.03661881179520408,52.20249,-2.186314,0.0,Vw11
14096.110000000306,0.2662999987220217,-0.5560999969205674,9.897799999960885,0.007799999993888195,-0.0021000002053566274,0.008500000083426131,52.20249,-2.186314,0.0,Vw11
14096.210000000307,-0.15189999914171348,0.4515999995161379,9.885000000172456,0.005800000008914867,-0.06929999993329221,0.03579999995849976,52.20249,-2.186314,0.0,Vw11
14096.310000000307,0.1273000000568707,0.2941999990949873,9.941099999584383,0.008699999959421984,-0.047600000007992645,0.022300000046111382,52.20249,-2.186314,0.0,Vw11
14096.410000000307,0.14580000045742492,-0.00020000184660711967,9.805900000036582,-0.0044999999969259075,-0.050200000064248525,0.03730000001721492,52.20249,-2.186314,0.0,Vw11
14096.510000000308,0.29459999896971334,-0.6008999965380755,9.817800000284432,-0.0035000000301198923,-0.0710999999155401,0.04289999990964032,52.20249,-2.186314,0.0,Vw11
14096.610000000308,-0.03457425661799765,0.5045831654199757,9.908713861175064,-0.013121782154156039,-0.044039604003341754,0.014069307013538701,52.20249,-2.186314,0.0,Vw11
14096.710000000308,0.22799999907575128,-0.437099996606611,9.840100000337028,-0.0053000000059346825,-0.05799999978572672,0.04099999983788946,52.20249,-2.186314,0.0,Vw11
14096.810000000309,-0.06719009879023895,0.6430455426191624,9.94643663317962,-0.007230693078804174,0.00978217796476621,-0.010481187989220467,52.20249,-2.186314,0.0,Vw11
14096.910000000309,0.003799999320934876,0.017600001906082616,9.790100000273977,-0.01029999995361577,-0.07199999958377884,0.031399999821575326,52.20249,-2.186314,0.0,Vw11
14097.01000000031,-0.21579999887678322,0.6339999975789619,9.878699999727004,0.004699999952522539,0.06259999973637516,-0.026299999882868106,52.20249,-2.186314,0.0,Vw11
14097.11000000031,0.14520000043322207,-0.1453435656695825,9.791887128894555,-0.010319801924436767,-0.02080495018713709,0.010667326567840552,52.20249,-2.186314,0.0,Vw11
14097.21000000031,0.285199999973872,-0.5696999989856751,9.850599999930637,0.007699999954587111,0.078699999835145,-0.04259999992845914,52.20249,-2.186314,0.0,Vw11
14097.31000000031,0.2767999997147163,-0.24360000030759113,9.828300000081375,-0.006899999989945949,0.025700000124104685,-0.01960000003016215,52.20249,-2.186314,0.0,Vw11
14097.41000000031,0.18323069220737317,-0.3320900960811136,9.85450198029201,-0.0035524752016083674,0.06513564354432579,-0.029297029733170336,52.20249,-2.186314,0.0,Vw11
14097.510000000311,-0.09369999943257452,0.6088999970664166,9.88469999971126,0.011199999939047318,0.058699999897574365,-0.0389999999051149,52.20249,-2.186314,0.0,Vw11
14097.610000000312,0.0849336627542882,-0.3152673237655019,9.794537624303235,-0.007969306858886784,0.02674950515266211,-0.009072277312472683,52.20249,-2.186314,0.0,Vw11
14097.710000000312,-0.11169999927070894,0.6379999974854945,9.968299999435589,0.01509999997309351,0.09169999964145537,-0.03629999988048512,52.20249,-2.186314,0.0,Vw11
14097.810000000312,0.12139999900633701,-0.16569999769730492,9.787900000356668,0.006500000006257323,-0.02289999974689126,0.0018999998876810423,52.20249,-2.186314,0.0,Vw11
14097.910000000313,-0.196199998434089,0.5702999976424428,9.901899999780676,0.008499999970609542,0.057999999666592104,-0.033999999783837914,52.20249,-2.186314,0.0,Vw11
14098.010000000313,0.2978217817154406,-0.17755049562882885,9.832366336591818,-0.0007623762258451061,-0.04694950477815471,0.033972277093818046,52.20249,-2.186314,0.0,Vw11
14098.110000000313,0.15000000062857657,-0.36260000002370196,9.81900000001991,0.0029999999788262286,0.00809999979489884,-0.00879999983124188,52.20249,-2.186314,0.0,Vw11
14098.210000000314,0.34666435573570314,-0.36970495037136647,9.824970296926478,-0.0037287128802766206,-0.056472277125118577,0.04440297023534319,52.20249,-2.186314,0.0,Vw11
14098.310000000314,0.12309999927276258,-0.3301999971171692,9.792000000358426,-0.006600000013216777,-0.023700000139720213,0.024700000014475518,52.20249,-2.186314,0.0,Vw11
14098.410000000315,-0.10799999948045479,0.5858999978632877,9.90589999985682,-0.010799999970104909,-0.06809999994996505,0.029299999999055946,52.20249,-2.186314,0.0,Vw11
14098.510000000315,0.05709999954799767,-0.09309999806484516,9.86040000005086,-0.0012999999952320429,-0.05219999996630644,0.028999999955181203,52.20249,-2.186314,0.0,Vw11
14098.610000000315,-0.08271881113134892,0.508697027497726,9.87636435642442,0.0001772277156012579,-0.041867326816854795,0.014968316853196226,52.20249,-2.186314,0.0,Vw11
14098.710000000316,0.15539999934167137,-0.1915999980892644,9.872800000070896,-0.00209999997562918,-0.06859999967115217,0.021799999930685588,52.20249,-2.186314,0.0,Vw11
14098.810000000316,-0.05259999923690848,0.412099997755669,9.895199999831938,0.005599999954106897,0.035299999768318956,-9.999993796518538e-05,52.20249,-2.186314,0.0,Vw11
14098.910000000316,0.18849999975882384,-0.29699999980598296,9.842099999831937,-0.00889999994366226,-0.03789999976072286,0.019499999871499314,52.20249,-2.186314,0.0,Vw11
14099.010000000317,0.11230000022566745,-0.2356999998787789,9.789000000214907,0.008900000009495125,0.0376999999313186,-0.02109999991327786,52.20249,-2.186314,0.0,Vw11
14099.110000000317,0.18359999982623923,-0.19739999992815355,9.856899999661657,0.011899999975945685,0.016000000070580427,0.006299999880044925,52.20249,-2.186314,0.0,Vw11
14099.210000000317,0.12869999949832273,-0.1746999982065674,9.750000000541467,0.004300000007003109,0.03829999998312887,-0.03159999997135092,52.20249,-2.186314,0.0,Vw11
14099.310000000318,-0.02889999974597813,0.38869999819128787,9.920099999435612,0.006499999948113327,0.032999999961801224,-0.022599999937608663,52.20249,-2.186314,0.0,Vw11
14099.410000000318,0.05089999985229806,-0.17949999812444,9.742800000538923,-0.00979999994747668,0.021000000027694116,-0.0030000000751242623,52.20249,-2.186314,0.0,Vw11
14099.510000000319,0.004500000175714376,0.409699998147041,9.912099999785132,0.006699999987267074,0.02969999991182449,-0.026599999914689396,52.20249,-2.186314,0.0,Vw11
14099.610000000319,0.05969999995144769,-0.17239999859230432,9.844600000260446,0.002699999969132301,0.0020000000408353933,0.0001999999823153808,52.20249,-2.186314,0.0,Vw11
14099.71000000032,0.044103960238031516,0.26305346459907125,9.925262376130076,-0.006947524767613747,0.014208910734657946,-0.005143564306604749,52.20249,-2.186314,0.0,Vw11
14099.81000000032,-0.0054999992534285405,0.02839999939685222,9.891499999691703,-0.011699999940133422,-0.03489999987674528,0.01049999999231659,52.20249,-2.186314,0.0,Vw11
14099.91000000032,0.22769999932610083,-0.1599999995229882,9.795200000290048,0.006999999966064934,0.0035999999045976437,0.008100000002240995,52.20249,-2.186314,0.0,Vw11
14100.01000000032,0.017200000551284757,-0.011000000411382643,9.885799999665132,-0.0036000000054424164,-0.02620000002529123,0.008799999986874174,52.20249,-2.186314,0.0,Vw11
14100.11000000032,0.1893999992487978,-0.13949999964913717,9.78120000024415,-0.005299999955697503,-0.03409999983960556,0.004699999970572794,52.20249,-2.186314,0.0,Vw11
14100.210000000321,-0.03982574158939369,-0.03250099057986447,9.856476237552078,0.008187128644676214,0.015089108779258738,-0.004190098942657476,52.20249,-2.186314,0.0,Vw11
14100.310000000321,0.2675999990302531,-0.1825999998461026,9.834099999977463,-0.01309999990791912,-0.025999999792335072,0.016799999873791237,52.20249,-2.186314,0.0,Vw11
14100.410000000322,-0.03360000009401264,-0.1347999987295414,9.827100000332264,0.015499999970701537,0.0384999999204756,-0.022399999921441486,52.20249,-2.186314,0.0,Vw11
14100.510000000322,-0.06279999990437754,0.25979999921022934,9.930299999790726,0.0064000000061172615,0.013800000008049028,0.001999999940115231,52.20249,-2.186314,0.0,Vw11
14100.610000000323,-0.033100000090734494,0.014500000891409539,9.865300000178866,0.008299999991219243,0.016300000059188812,-0.01660000002309014,52.20249,-2.186314,0.0,Vw11
14100.710000000323,-0.05911089048048101,0.2841009886495313,9.91929207888319,0.005519801954360043,0.03423267318120014,-0.023407920697977935,52.20249,-2.186314,0.0,Vw11
14100.810000000323,0.12979999935632514,-0.16579999859738456,9.818500000303382,-0.002499999967945769,0.00750000005633774,0.005799999903189745,52.20249,-2.186314,0.0,Vw11
14100.910000000324,-0.0689999993291276,0.2673999982962691,9.912199999719606,0.007399999992229278,0.024899999875668436,-0.024099999878258678,52.20249,-2.186314,0.0,Vw11
14101.010000000324,0.1381999997620216,-0.25879999990934155,9.82559999981674,0.004999999964384188,-0.01349999991678851,0.013499999953051883,52.20249,-2.186314,0.0,Vw11
14101.110000000324,0.06470000025157714,-0.23079999989671415,9.76900000017808,-0.0059999999983811,0.012199999811236194,-0.000999999945928721,52.20249,-2.186314,0.0,Vw11
14101.210000000325,0.14239999973952072,-0.19889999982043693,9.823999999968729,-0.005499999972275719,-0.04609999987814212,0.015699999982914103,52.20249,-2.186314,0.0,Vw11
14101.310000000325,0.062399999739679204,-0.14375148496906104,9.814396039572708,0.003014851512855927,-0.008674257303958842,0.010452475230449254,52.20249,-2.186314,0.0,Vw11
14101.410000000325,-0.013099999874644346,0.26089999864778696,9.894799999661377,-0.006400000001302397,-0.0340000000013024,0.008500000019535946,52.20249,-2.186314,0.0,Vw11
14101.510000000326,0.025400000029955117,-0.1543999985168961,9.790800000406675,-0.006799999977859261,-0.034399999882458725,0.014499999948880942,52.20249,-2.186314,0.0,Vw11
14101.610000000326,0.03459999985430262,0.3010999986084749,9.915699999728666,-2.302215881453811e-11,0.0016999998937691813,-0.0011999999260002038,52.20249,-2.186314,0.0,Vw11
14101.710000000327,-0.00932277215432119,-0.11812178091463542,9.834224752809128,-0.006767326656864776,-0.030027722585820597,0.02090198006833889,52.20249,-2.186314,0.0,Vw11
14101.810000000327,0.02839999985397153,0.26969999911007764,9.936699999766224,0.016499999945976014,0.027199999907668096,-0.01889999995023245,52.20249,-2.186314,0.0,Vw11
14101.910000000327,-0.016199999403116817,-0.0021000008221468305,9.865299999550782,3.4706317819528684e-11,-0.0009999998837665772,-0.003700000023901521,52.20249,-2.186314,0.0,Vw11
14102.010000000328,0.16609999958614352,-0.2531999993386154,9.728100000282561,0.010599999984283931,0.03449999999770808,-0.011000000040272425,52.20249,-2.186314,0.0,Vw11
14102.110000000328,0.039700000199397616,-0.051200000995678424,9.814399999835308,0.005799999998690328,0.03379999997871782,-0.023299999966930773,52.20249,-2.186314,0.0,Vw11
14102.210000000328,0.1005999997221239,-0.355299998037747,9.764100000532375,0.005400000009547876,0.027300000077370715,-0.013200000007243216,52.20249,-2.186314,0.0,Vw11
14102.310000000329,0.016200000458627253,0.24069999833373112,9.92579999976262,0.008299999988147466,0.05079999974912134,-0.0153999999706979,52.20249,-2.186314,0.0,Vw11
14102.41000000033,0.15549999945379567,-0.26539999803544234,9.853700000275571,0.0046999999706978995,-0.025399999796531483,-0.006500000022058884,52.20249,-2.186314,0.0,Vw11
14102.51000000033,-0.010400000292655184,0.33129999916693037,9.93739999964183,-0.004199999977718298,0.03639999976886892,-0.01319999987362617,52.20249,-2.186314,0.0,Vw11
14102.61000000033,-0.09811980188788588,0.08307425817500395,9.83041485172066,0.002586138642240028,-0.03290198013278154,0.02439603947087435,52.20249,-2.186314,0.0,Vw11
14102.71000000033,-0.0700999998748608,0.3104999990617871,9.901899999808318,0.011199999921208655,-0.013100000068528607,-0.01599999983149246,52.20249,-2.186314,0.0,Vw11
14102.81000000033,-0.03229999915348963,0.02709999879661118,9.843999999907966,-0.012599999959942215,-0.0337999999510037,0.03489999994107202,52.20249,-2.186314,0.0,Vw11
14102.910000000331,0.2233999992710145,-0.3363999992584344,9.81619999987784,-0.0004999999910614861,-0.019000000085743523,0.017099999999668946,52.20249,-2.186314,0.0,Vw11
14103.010000000331,0.0032000008437013147,-0.11240000016520026,9.77930000034056,0.002199999989511095,-0.044899999938377684,0.017000000003277786,52.20249,-2.186314,0.0,Vw11
14103.110000000332,0.2580514859917113,-0.1623009902641113,9.88217128746907,-0.0009683168421657966,-0.026286138552275944,0.01799009901317681,52.20249,-2.186314,0.0,Vw11
14103.210000000332,-0.12459999897607632,-0.03770000039612132,9.785600000049932,0.01449999994474274,-0.0018000001071857695,-0.006999999939083864,52.20249,-2.186314,0.0,Vw11
14103.310000000332,0.18299999907427444,-0.15669999931627462,9.800600000042941,-0.002099999984021997,-0.03399999981558722,0.011299999944742739,52.20249,-2.186314,0.0,Vw11
14103.410000000333,-0.09509999938603045,0.04870000034968693,9.81350000040483,0.002700000027907707,0.02139999992232915,-0.0052999999926027766,52.20249,-2.186314,0.0,Vw11
14103.510000000333,0.0859306925466129,0.1504811873797852,9.932830692713148,0.010918811854146534,-0.0015475247016898336,-0.003134653476888674,52.20249,-2.186314,0.0,Vw11
14103.610000000333,-0.07099999972670958,-0.07139999943544391,9.825900000282944,0.002800000016643753,0.013700000040610758,-0.006599999984354872,52.20249,-2.186314,0.0,Vw11
14103.710000000334,0.011100000206840923,0.09819999933797516,9.91089999974396,0.007799999977910192,0.025899999891224434,-0.0019000000291183824,52.20249,-2.186314,0.0,Vw11
14103.810000000334,0.07289999962237045,-0.09959999914298039,9.834400000358022,0.0011999999793774372,-0.006599999913114777,-0.010599999971263643,52.20249,-2.186314,0.0,Vw11
14103.910000000335,-0.037147524199074244,0.15199009837029012,9.93896534608769,-0.004870297019755678,0.018794059303483487,-0.0019445544033880506,52.20249,-2.186314,0.0,Vw11
14104.010000000335,0.12809999962547736,-0.039000000395608365,9.80550000010476,-0.0018999999969877535,-0.011800000005689799,0.013599999923355062,52.20249,-2.186314,0.0,Vw11
14104.110000000335,0.01620000038757571,-0.15719999985005706,9.836799999700784,-0.0010000000301224644,-0.013500000012048985,-0.009299999919673427,52.20249,-2.186314,0.0,Vw11
14104.210000000336,0.13199999973520843,-0.11240000018015345,9.747400000491174,-0.00999999996532896,-0.017100000025493414,0.014700000003739033,52.20249,-2.186314,0.0,Vw11
14104.310000000336,0.05433069314698386,-0.1626584149184622,9.891199009664959,0.00017623761576131928,-0.02435148506483713,0.015605940528717442,52.20249,-2.186314,0.0,Vw11
14104.410000000336,0.07740000021856351,0.11149999845204002,9.821099999930318,-0.0021999999802850946,0.0005000000455482296,-0.0038000000407894595,52.20249,-2.186314,0.0,Vw11
14104.510000000337,0.1407801977100944,-0.33783762172110654,9.80256930759378,0.003771287186387157,0.014203960498386457,-0.01590297033170095,52.20249,-2.186314,0.0,Vw11
14104.610000000337,0.0488000003548683,0.268399997875549,9.999499999546897,0.02089999994357458,0.04459999982936409,-0.02619999990414477,52.20249,-2.186314,0.0,Vw11
14104.710000000337,0.1518237619128183,-0.3499534631084526,9.867135643879415,0.00434950496716481,-0.005028712678918095,0.0018643563899684212,52.20249,-2.186314,0.0,Vw11
14104.810000000338,0.014199999682101887,0.3146999987458266,9.960699999176613,0.009300000014069252,0.05209999969349128,-0.011699999915249502,52.20249,-2.186314,0.0,Vw11
14104.910000000338,-0.07976039635731592,-0.05599307056036967,9.717333662543432,0.013458415855645172,-0.03849405971226983,0.013349505035195922,52.20249,-2.186314,0.0,Vw11
14105.010000000339,0.0722000008397401,-0.24350000008289135,9.903099999803768,0.000500000011503289,0.018699999785835825,-0.007399999875493814,52.20249,-2.186314,0.0,Vw11
14105.110000000339,0.3203999989372991,-0.26799999959061827,9.845099999985115,0.003900000001014996,-0.044599999926920285,0.02939999989850039,52.20249,-2.186314,0.0,Vw11
14105.21000000034,0.006299999568348358,-0.14699999782473422,9.840700000297971,0.00419999992992889,-0.023000000096262737,-0.000599999872443368,52.20249,-2.186314,0.0,Vw11
14105.31000000034,-0.12059999924826625,0.4924999976563595,9.92829999961359,-0.016399999920744816,-0.05129999997414852,0.03689999995475992,52.20249,-2.186314,0.0,Vw11
14105.41000000034,0.10039999935711458,-0.19649999891797962,9.814700000325866,0.006899999976189428,-0.04369999997210762,0.023599999958161425,52.20249,-2.186314,0.0,Vw11
14105.51000000034,-0.08859999876824101,0.12159999793504281,9.910499999563646,-0.0001000000625328135,-0.03550000001752293,0.011300000086927482,52.20249,-2.186314,0.0,Vw11
14105.61000000034,0.26644799882510795,-0.473697998059318,9.784290000268877,-0.018105999933971887,-0.04025099988121746,0.036207999866582366,52.20249,-2.186314,0.0,Vw11
14105.710000000341,-0.07601100024200258,0.09153400024983108,9.862384999960858,0.0011730000248469587,-0.006041000116065931,-0.0024899999625593774,52.20249,-2.186314,0.0,Vw11
14105.810000000341,-0.14526336594771386,0.16655445625116416,9.85150495066783,0.008441584172644614,-0.039019801713239134,0.008176237547198026,52.20249,-2.186314,0.0,Vw11
14105.910000000342,-0.03159999988954369,0.40199999799742364,9.901999999876207,0.012599999962383299,0.03899999981157452,-0.014199999931605999,52.20249,-2.186314,0.0,Vw11
14106.010000000342,0.000700000606654794,-0.18360000037103746,9.865799999855346,0.00159999999692227,-0.016099999835170457,0.005799999918953107,52.20249,-2.186314,0.0,Vw11
14106.110000000343,0.17809999961899706,-0.2920999989613093,9.823500000201381,0.0007000000569950013,0.03209999999758203,-0.017899999965457575,52.20249,-2.186314,0.0,Vw11
14106.210000000343,0.06879306964674523,0.005344553341477248,9.88095544525556,0.017102970263827486,0.03119207913677318,-0.007982178245942028,52.20249,-2.186314,0.0,Vw11
14106.310000000343,0.1680999995252274,-0.32019999818582545,9.79650000041564,0.007400000018908395,0.010400000128233295,-0.016200000031972375,52.20249,-2.186314,0.0,Vw11
14106.410000000344,0.030000000173269654,0.2074999978777905,9.917399999570264,0.012899999947744073,0.047699999822261085,-0.025499999867297445,52.20249,-2.186314,0.0,Vw11
14106.510000000344,0.08039999978581945,-0.4097999974167695,9.79240000061229,-0.0022999999422434482,-0.003999999872798071,0.013099999881392797,52.20249,-2.186314,0.0,Vw11
14106.610000000344,0.018099999601892344,0.34159999881461556,9.970499999294544,0.014499999970434147,0.032999999786507035,-0.021399999873829435,52.20249,-2.186314,0.0,Vw11
14106.710000000345,-0.09770000001762601,-0.0031999985245995052,9.765300000668752,0.005899999976844265,-0.029099999885949364,0.015299999930878402,52.20249,-2.186314,0.0,Vw11
14106.810000000345,-0.10279999956902684,0.42369999861722246,9.958799999445645,-0.0007999999961983122,0.0038999997998929756,-0.004699999875581125,52.20249,-2.186314,0.0,Vw11
14106.910000000345,0.021900000591335265,0.023599998377370503,9.798400000130295,0.00030000003179593473,-0.05399999988422132,0.031299999887677406,52.20249,-2.186314,0.0,Vw11
14107.010000000346,0.19299999967029,-0.4458999986535113,9.836099999914635,0.009499999949886841,-0.020500000047693902,-0.001199999892515916,52.20249,-2.186314,0.0,Vw11
14107.110000000346,0.09759999989631761,-0.056299999863153205,9.81140000028661,-0.004999999983592348,-0.034300000032117105,0.029900000000698198,52.20249,-2.186314,0.0,Vw11
14107.210000000347,0.06495490094230466,-0.01404117541277981,9.892940195884838,-0.0003715686522009852,-0.043444117627733474,0.029840195988585463,52.20249,-2.186314,0.0,Vw11
14107.310000000347,-0.22955490298336056,0.29184117753265143,9.836959803727197,-0.007528431397398575,-0.0378558823335381,0.003859803831361336,52.20249,-2.186314,0.0,Vw11
14107.410000000347,0.24879999858388763,-0.23799999830108207,9.841299999903068,0.007599999955876774,-0.04039999988187483,0.03599999984747956,52.20249,-2.186314,0.0,Vw11
14107.510000000348,-0.15879999847097387,0.25099999808150825,9.813399999971164,-0.005100000003821697,-0.0064000001542575775,-0.007899999923218638,52.20249,-2.186314,0.0,Vw11
14107.610000000348,0.28129999929993466,-0.3011999993812326,9.805100000427334,-0.006199999993746314,-0.05079999965952156,0.014199999899246177,52.20249,-2.186314,0.0,Vw11
14107.710000000348,0.07980000087870284,-0.12310000074494165,9.9280999996993,-0.004400000006286427,0.04719999973247759,-0.014799999895924704,52.20249,-2.186314,0.0,Vw11
14107.810000000349,0.33139999881675464,-0.33639999913212376,9.842000000141097,-0.006199999926309101,-0.029399999698251484,0.014999999815947376,52.20249,-2.186314,0.0,Vw11
14107.91000000035,-0.007400000528409146,-0.08789999849824236,9.882400000079977,0.014899999957741238,0.056999999882653356,-0.037699999866238794,52.20249,-2.186314,0.0,Vw11
14108.01000000035,-0.1586999995037215,0.3420999990196666,9.905299999885797,0.002799999991268851,0.023400000053085387,0.000599999899067916,52.20249,-2.186314,0.0,Vw11
14108.11000000035,-0.01660000035658013,0.061400001016305765,9.872600000100933,0.0003000000429572537,0.03860000003143214,-0.028299999998603016,52.20249,-2.186314,0.0,Vw11
14108.21000000035,-0.11869999862347431,0.35239999786868464,9.901499999717393,0.012599999944882803,0.047599999899244363,-0.02789999991258483,52.20249,-2.186314,0.0,Vw11
14108.31000000035,0.2733999983748175,-0.25469999820744105,9.821000000124114,-0.003099999953191339,0.01890000014326287,-0.0030000000900712105,52.20249,-2.186314,0.0,Vw11
14108.410000000351,-0.1798346516860774,0.24551682982738646,9.855920792051386,0.010030693044961965,0.05854752448815849,-0.028081188006825044,52.20249,-2.186314,0.0,Vw11
14108.510000000351,0.3266999988755283,-0.282799999757446,9.848000000012767,0.003099999973049559,-0.016699999838297355,0.0037999999368792305,52.20249,-2.186314,0.0,Vw11
14108.610000000352,0.012256436576719917,-0.21541782213971974,9.851442574202125,-0.004492079205138368,0.0283841582346362,-0.013659405820949813,52.20249,-2.186314,0.0,Vw11
14108.710000000352,0.2778999990450746,-0.31719999889679207,9.8357000001825,-0.003699999968988987,-0.023199999957226186,0.02039999990482827,52.20249,-2.186314,0.0,Vw11
14108.810000000352,0.008540593544115897,-0.004539602844516921,9.886691089035148,0.004889108871737436,-0.011432673349479488,-0.005956435522257948,52.20249,-2.186314,0.0,Vw11
14108.910000000353,-0.13739999941421266,0.3114999991862496,9.86580000024102,-0.006199999983061571,-0.034699999945655875,0.028399999976003894,52.20249,-2.186314,0.0,Vw11
14109.010000000353,0.028599999329876953,0.08090000055320797,9.934099999684545,-0.0014000000153272824,-0.019300000066299408,0.021599999963285814,52.20249,-2.186314,0.0,Vw11
14109.110000000353,-0.1557859987239543,0.23107499822575273,9.845106999825928,-0.005667999988701311,-0.03791000000353084,0.011445000051197184,52.20249,-2.186314,0.0,Vw11
14109.210000000354,0.20001188048611396,-0.2615277210518759,9.797786139138617,-0.0025663366570868357,-0.038647524663326216,0.025567326650516323,52.20249,-2.186314,0.0,Vw11
14109.310000000354,0.0012000006171831044,0.2256999978849064,9.94639999951264,-0.009199999992196535,-0.013400000110312614,0.002300000053914846,52.20249,-2.186314,0.0,Vw11
14109.410000000355,0.17519999948164205,-0.3705999974946032,9.809000000408435,-0.0069999999704999545,-0.04449999974819603,0.01749999991325582,52.20249,-2.186314,0.0,Vw11
14109.510000000355,0.029061385620545416,0.3357366361673639,9.924148515259692,0.0013168317126518855,0.026490099261564315,-0.006955445631250189,52.20249,-2.186314,0.0,Vw11
14109.610000000355,-0.10979999979037056,0.06180000131311026,9.814500000417132,-0.013999999905294318,-0.028599999726878742,0.009899999849605956,52.20249,-2.186314,0.0,Vw11
14109.710000000356,-0.050700000085921786,0.43199999838424263,9.932099999631356,0.012699999952226062,0.04839999987379124,-0.032499999870582545,52.20249,-2.186314,0.0,Vw11
14109.810000000356,-0.07479999876261685,-0.021200001136548675,9.82870000002953,-0.0007,0.013000000099754114,0.0037999998966446544,52.20249,-2.186314,0.0,Vw11
14109.910000000356,0.2658811870776132,-0.33422376145724203,9.836742574201269,-0.000536633605090292,0.0406722772178335,-0.024973267352868596,52.20249,-2.186314,0.0,Vw11
14110.010000000357,-0.025999999067338648,-0.0766000006456612,9.821000000166496,0.01579999991764344,0.03789999994402606,-0.032299999916573875,52.20249,-2.186314,0.0,Vw11
14110.110000000357,0.235599998731495,-0.25769999865270365,9.867699999873434,-0.007299999973260856,0.022200000054904377,-0.008900000039573933,52.20249,-2.186314,0.0,Vw11
14110.210000000357,-0.12019999897586167,0.12019999846594255,9.832199999834804,0.00020000003260902305,0.0375999998186795,-0.019999999895364454,52.20249,-2.186314,0.0,Vw11
14110.310000000358,0.16559999900309558,-0.3078999983111393,9.786100000306739,0.00929999996882434,-0.012999999865622157,0.0091999999132815,52.20249,-2.186314,0.0,Vw11
14110.410000000358,-0.11259999976206164,0.16339999976349498,9.87169999996345,0.00060000000394175,0.024499999808287612,-0.01499999990575634,52.20249,-2.186314,0.0,Vw11
14110.510000000359,-0.046199999994983226,0.09740000033504875,9.861499999930482,0.0016999999928331816,-0.028999999906114682,0.011299999938723703,52.20249,-2.186314,0.0,Vw11
14110.610000000359,-0.04480000016698686,0.19089999970114366,9.842100000228264,-0.0003000000523177732,-0.0028000000684431144,-0.005799999916506567,52.20249,-2.186314,0.0,Vw11
14110.71000000036,-0.0913999987891424,0.1074999990596225,9.90579999964128,-0.01489999995858161,-0.021900000004321917,0.017499999988835044,52.20249,-2.186314,0.0,Vw11
14110.81000000036,0.24479999874053174,-0.15359999899882823,9.806200000390719,-0.003400000002182787,-0.023099999989813658,0.014399999942519934,52.20249,-2.186314,0.0,Vw11
14110.91000000036,-0.09820098894622106,0.1177178203832042,9.912051484590496,-0.004152475302470429,-0.02038514854553543,-0.0011316830716267122,52.20249,-2.186314,0.0,Vw11
14111.01000000036,0.22169999906249288,-0.27049999942519937,9.757200000309227,-0.019399999896317605,-0.028899999923602444,0.02569999985266186,52.20249,-2.186314,0.0,Vw11
14111.11000000036,-0.033114850445410175,-0.1142524758790748,9.84186930681152,0.009014851454463032,-0.008036633712605833,-0.014566336549456693,52.20249,-2.186314,0.0,Vw11
14111.210000000361,0.25539999889505033,-0.28949999906909263,9.80880000009799,0.0005000000292508196,-0.021699999765262174,0.008799999916635165,52.20249,-2.186314,0.0,Vw11
14111.310000000361,-0.047220388501767935,-0.03149126090136899,9.836345631338007,0.008463106782754777,0.0422737863258385,-0.013961165034478713,52.20249,-2.186314,0.0,Vw11
14111.410000000362,-0.08925922345297926,0.3093825255044114,9.91090873813369,0.004773786394426763,0.019652427102669363,-0.010077669888870277,52.20249,-2.186314,0.0,Vw11
14111.510000000362,0.07989999957757063,-0.1187999992145058,9.875600000053936,-0.002899999942445356,0.02620000005574475,-0.0066000000481431925,52.20249,-2.186314,0.0,Vw11
14111.610000000363,-0.03679999909577673,0.09819999861325886,9.890499999693404,0.012999999996742189,0.04159999984507303,-0.01989999997357554,52.20249,-2.186314,0.0,Vw11
14111.710000000363,0.21299999894425856,-0.28489999911196934,9.805800000085492,0.012099999944338923,-0.001199999907959136,-0.012599999989449861,52.20249,-2.186314,0.0,Vw11
14111.810000000363,-0.07719999882555756,-0.04080000070444499,9.829299999904825,-0.0032000000135964865,0.024099999822143257,-0.009699999905192068,52.20249,-2.186314,0.0,Vw11
14111.910000000364,0.23913960277362498,-0.2305049497688595,9.80377524766134,-0.006801980162340987,-0.02410297022531168,0.015831683070650582,52.20249,-2.186314,0.0,Vw11
14112.010000000364,-0.08689999980900612,-0.030999998736166164,9.84130000028631,0.0029999999436113286,-0.004400000089858077,-0.010999999873398336,52.20249,-2.186314,0.0,Vw11
14112.110000000364,-0.03440000015970727,0.31639999882456904,9.919999999805004,-0.012499999973078957,-0.02909999994179234,0.02379999997235136,52.20249,-2.186314,0.0,Vw11
14112.210000000365,-0.07829999994552309,-0.006699999193814802,9.86640000029871,-0.005099999997440682,-0.013100000069832822,0.016199999965266398,52.20249,-2.186314,0.0,Vw11
14112.310000000365,-0.06339999940331327,0.21379999831267812,9.94809999933933,-0.004400000045702109,-0.032199999975138054,0.006700000081532562,52.20249,-2.186314,0.0,Vw11
14112.410000000365,0.09979999912690692,-0.24769999844503146,9.767400000466163,-0.01689999992504854,-0.025399999930167175,0.02899999988007767,52.20249,-2.186314,0.0,Vw11
14112.510000000366,-0.13899999882600425,0.17759999882929478,9.894899999745896,0.0035999999510073393,-0.006300000104200808,-0.0037999999649007805,52.20249,-2.186314,0.0,Vw11
14112.610000000366,0.1820999993433521,-0.14260000013747196,9.82539999993492,-0.009799999926145391,-0.03479999971920624,0.005799999942963768,52.20249,-2.186314,0.0,Vw11
14112.710000000367,0.0025000008992899876,-0.18020000035110537,9.807600000151059,0.010399999901645956,0.04199999982110699,-0.009799999956575762,52.20249,-2.186314,0.0,Vw11
14112.810000000367,0.2425316823344065,-0.27374950456429736,9.848355445564938,-0.015802970187831493,-0.005696039418687436,0.0016346533677961354,52.20249,-2.186314,0.0,Vw11
14112.910000000367,0.015699999436720825,-0.16869999884992576,9.85390000011317,0.013899999963256414,0.04469999994782411,-0.02489999992357334,52.20249,-2.186314,0.0,Vw11
14113.010000000368,-0.13759999875720225,0.1442999981109474,9.884699999616354,0.0039000000198127177,0.030500000024495724,-0.0041000000626802355,52.20249,-2.186314,0.0,Vw11
14113.110000000368,0.20063529536514962,-0.36981764895502744,9.780288234909019,0.00929215688263282,0.037166666691255124,-0.021158823592329287,52.20249,-2.186314,0.0,Vw11
14113.210000000368,0.0573000000310174,-0.014100001398368112,9.913999999661025,0.013399999951258361,0.05059999984417445,-0.03159999989402386,52.20249,-2.186314,0.0,Vw11
14113.310000000369,0.06569999920277877,-0.392799996822562,9.822200000528035,0.0002000000557574822,0.00840000020493644,-0.0029000000808668117,52.20249,-2.186314,0.0,Vw11
14113.41000000037,-0.15019999929170205,0.46769999798252576,9.965199999227176,0.015299999982096734,0.06389999963074515,-0.02479999988885056,52.20249,-2.186314,0.0,Vw11
14113.51000000037,0.037079206952532695,-0.06791187923440768,9.759188119250835,0.010400990062430402,-0.03435643536885231,0.004799009826733713,52.20249,-2.186314,0.0,Vw11
14113.61000000037,-0.2249999986237872,0.46089999807581294,9.877999999644407,0.0004999999948304321,0.03999999965511597,-0.01529999982571171,52.20249,-2.186314,0.0,Vw11
14113.71000000037,0.147700000100561,-0.06020000128762622,9.781700000291293,-0.0008999999528736225,-0.05339999983487215,0.03189999986641342,52.20249,-2.186314,0.0,Vw11
14113.81000000037,0.1748000003703242,-0.4071999991727677,9.860199999920914,0.011799999932906851,-0.008900000151802933,-0.004099999854943864,52.20249,-2.186314,0.0,Vw11
14113.910000000371,0.2719879994015064,-0.18868900081271864,9.838979999955447,-0.006075999991089426,-0.04927399995321948,0.034627000010024396,52.20249,-2.186314,0.0,Vw11
14114.010000000371,0.10997099909817563,-0.39578899643168625,9.828165000395407,-0.003783000030815736,-0.03705000009281848,0.037097999925002664,52.20249,-2.186314,0.0,Vw11
14114.110000000372,-0.12856799928269877,0.5490649975365974,9.933424999935028,-0.011726999898642218,-0.06167699995433331,0.017323000082794086,52.20249,-2.186314,0.0,Vw11
14114.210000000372,0.060724751741857964,-0.10195841367266265,9.915501979975982,0.015142574198975144,-0.049224752373050885,0.039067326609155024,52.20249,-2.186314,0.0,Vw11
14114.310000000372,-0.13679999935825146,0.48219999750460124,9.855699999995526,-0.0006000000119325704,-0.021700000145055312,0.005800000097325028,52.20249,-2.186314,0.0,Vw11
14114.410000000373,0.03529999941977876,-0.18699999804305845,9.85450000005034,-0.003799999953015504,-0.06059999966402356,0.03189999987806404,52.20249,-2.186314,0.0,Vw11
14114.510000000373,-0.12029999911899361,0.3377999979860021,9.868000000160833,0.008799999981167029,0.02949999976534118,-0.0007999999581908042,52.20249,-2.186314,0.0,Vw11
14114.610000000373,0.11137821699281537,-0.19603960363937456,9.909521781738615,0.003989108981449316,-0.03191188085675374,0.009875247366273527,52.20249,-2.186314,0.0,Vw11
14114.710000000374,-0.11079999983550151,-0.10999999830517845,9.791700000618276,0.02289999993554957,0.056899999890209434,-0.03259999987034971,52.20249,-2.186314,0.0,Vw11
14114.810000000374,-0.06690000012793192,0.34229999906586994,9.956699999630208,0.005699999980318168,0.027600000006434446,0.001999999889478939,52.20249,-2.186314,0.0,Vw11
14114.910000000375,-0.09952079163711117,0.0978346543406313,9.859677227976672,0.0005237623851463744,0.029319801987621977,-0.02712475244703648,52.20249,-2.186314,0.0,Vw11
14115.010000000375,0.01840000060143139,0.33129999783045644,9.927399999583654,0.00289999997993967,0.031299999946631955,-0.019599999946253457,52.20249,-2.186314,0.0,Vw11
14115.110000000375,0.17420197903648565,-0.23865643442746148,9.817351485130324,-0.002374257416090964,0.0171881188074266,-0.005550495105929749,52.20249,-2.186314,0.0,Vw11
14115.210000000376,-0.1355999986422299,0.08569999899955764,9.812499999984562,0.0001999999770316208,0.015999999928082615,-0.020599999872356056,52.20249,-2.186314,0.0,Vw11
14115.310000000376,0.2249999993083129,-0.1799999980650082,9.808400000655917,-0.00590000001845001,-0.0030999999574520187,0.013299999969501004,52.20249,-2.186314,0.0,Vw11
14115.410000000376,0.04129999960577225,0.33389999860608294,9.982599999390773,-0.010799999993975507,0.008199999823030522,0.00520000002334491,52.20249,-2.186314,0.0,Vw11
14115.510000000377,-0.06339999912268322,-0.03630000070637179,9.820800000073048,-0.009199999937119355,-0.03879999990887954,0.011399999984938769,52.20249,-2.186314,0.0,Vw11
14115.610000000377,0.16959999927178943,-0.2238999992153098,9.840200000115217,0.0074999999382489475,-0.014600000031252057,0.007400000033511242,52.20249,-2.186314,0.0,Vw11
14115.710000000377,-0.02379999959213892,-0.015500001144886482,9.870799999592139,-0.008900000007945346,-0.02290000001929584,0.01630000000189175,52.20249,-2.186314,0.0,Vw11
14115.810000000378,0.08399999930837658,-0.3180999979115091,9.763000000592873,-0.010999999993946403,-0.02799999988876516,0.016799999928491887,52.20249,-2.186314,0.0,Vw11
14115.910000000378,-0.09879999955392559,0.2338999991279037,9.919699999663269,-0.009400000006810297,0.001399999923951691,-0.0020999999209248927,52.20249,-2.186314,0.0,Vw11
14116.010000000379,0.01909999963846575,0.0034000014014229306,9.830700000554913,-0.011199999920890498,-0.018699999843691854,0.01879999982267242,52.20249,-2.186314,0.0,Vw11
14116.110000000379,-0.07406633609092728,0.36616039454820415,9.973844553677324,0.009260395948898069,0.021865346407965072,-0.027274257302427538,52.20249,-2.186314,0.0,Vw11
14116.21000000038,0.06930000031858144,-0.02780000121654011,9.768300000229242,-0.01469999991560253,-0.011599999726278475,0.005299999910280167,52.20249,-2.186314,0.0,Vw11
14116.31000000038,0.15309999847970504,-0.34779999730992567,9.828600000077554,0.007499999962743459,0.060399999830064555,-0.018299999994297468,52.20249,-2.186314,0.0,Vw11
14116.41000000038,-0.24679999871769068,0.3597999967936565,9.848999999642261,-0.0022999999258670866,0.01570000016575359,-0.016800000035735865,52.20249,-2.186314,0.0,Vw11
14116.51000000038,0.09050000000268806,-0.4835999978119174,9.75490000011597,0.017199999915902056,0.05929999998156757,-0.02619999996275114,52.20249,-2.186314,0.0,Vw11
14116.61000000038,0.09185200024800051,0.08057899786194656,9.785540000167362,-0.004561999947509095,0.05418799988132491,-0.016488999995815944,52.20249,-2.186314,0.0,Vw11
14116.710000000381,0.15468019736561528,-0.46774653155201024,9.830399010395114,0.00906732672024485,0.023682178363196606,-0.015585148585279186,52.20249,-2.186314,0.0,Vw11
14116.810000000381,-0.01729999921386916,0.34759999680581827,9.960299999593564,0.005799999985484464,0.061899999704723443,-0.03409999981664587,52.20249,-2.186314,0.0,Vw11
14116.910000000382,0.1884999986752664,-0.48859999687686795,9.853900000453418,0.0020000000026739145,-0.015399999765459508,0.013899999859428499,52.20249,-2.186314,0.0,Vw11
14117.010000000382,-0.15830000002979505,0.3289999991783443,9.97259999900072,0.0027000000210093277,0.045999999622978065,-0.022899999813589967,52.20249,-2.186314,0.0,Vw11
14117.110000000383,-0.16609999988311175,0.11390000158219336,9.711000000839228,0.008199999991214282,-0.052699999707779346,0.025899999865540303,52.20249,-2.186314,0.0,Vw11
14117.210000000383,-0.13549999959546769,0.5280999978729429,9.930699999574358,0.005899999988485797,0.023799999687965104,-0.009299999844942066,52.20249,-2.186314,0.0,Vw11
14117.310000000383,-0.030099999058522005,-0.026100001603928467,9.819799999766646,0.002899999981577275,-0.05749999988754462,0.031099999893685525,52.20249,-2.186314,0.0,Vw11
14117.410000000384,0.2151999990113138,-0.4439999991713612,9.758999999883708,-0.00190000006524715,-0.028200000138170433,0.003400000169258783,52.20249,-2.186314,0.0,Vw11
14117.510000000384,-0.042399998796765793,-0.22810000065055247,9.728700000411825,-0.018899999901361663,-0.0641999999435804,0.04749999991940058,52.20249,-2.186314,0.0,Vw11
14117.610000000384,0.2710999982015358,-0.39759999719317074,9.836000000082576,0.0067999999980615814,-0.049499999966659214,0.026499999914321924,52.20249,-2.186314,0.0,Vw11
14117.710000000385,-0.18902277082668584,0.319873264820318,9.856339603591582,0.006059405848200436,-0.04110792087192555,0.004910891285302779,52.20249,-2.186314,0.0,Vw11
14117.810000000385,0.18869999893991482,-0.332799996678991,9.760300000736546,-0.01799999992711673,-0.0618999997184932,0.055999999717336324,52.20249,-2.186314,0.0,Vw11
14117.910000000385,-0.0861999997439445,0.5283999979534841,9.951299999711166,0.0009000000119543984,0.011099999769010174,-0.01729999980911525,52.20249,-2.186314,0.0,Vw11
14118.010000000386,-0.019800000286519938,-0.002299998272396624,9.876400000087537,0.004000000042418833,-0.04879999961630238,0.03219999976476829,52.20249,-2.186314,0.0,Vw11
14118.110000000386,-0.09409999989395292,0.4456999979696804,9.899099999794077,0.014999999958738044,0.05069999981682777,-0.02879999988199852,52.20249,-2.186314,0.0,Vw11
14118.210000000387,-0.06659999876996078,-0.08079999970569854,9.845700000301347,0.0042999999420789674,0.003200000084924757,0.0017999999342518012,52.20249,-2.186314,0.0,Vw11
14118.310000000387,0.2422284292515452,-0.005051960571871306,9.920223528451784,-0.010503921570147613,0.02470098031500872,-0.014908823494068035,52.20249,-2.186314,0.0,Vw11
14118.410000000387,-0.3049284334914062,0.04975196099654113,9.672576469629226,-0.01089607843289117,0.004799019530773076,-0.005791176435280277,52.20249,-2.186314,0.0,Vw11
14118.510000000388,-0.003799999519181074,-0.1301999989806329,9.921000000025183,-0.012799999927935278,0.011399999996512998,0.0010999999876017683,52.20249,-2.186314,0.0,Vw11
14118.610000000388,0.12029999929672909,0.1328999992599414,9.927499999966344,0.0057999999964777746,0.010499999926815993,-0.0021000000344395327,52.20249,-2.186314,0.0,Vw11
14118.710000000388,-0.05777425679550581,-0.055772277061911395,9.917201979539765,0.004609900877638978,-0.00817524751515691,-0.010649504853387923,52.20249,-2.186314,0.0,Vw11
14118.810000000389,0.10479999910119005,-0.012999999692092387,9.747400000260418,-0.024399999973919333,-0.005700000024523615,0.014399999916697562,52.20249,-2.186314,0.0,Vw11
14118.91000000039,-0.12609999887541706,0.06609999973335436,9.814300000066952,-0.017699999950563507,-0.012000000026859197,-0.006999999963019946,52.20249,-2.186314,0.0,Vw11
14119.01000000039,0.1627999993398087,-0.002400000797990651,9.831499999987933,-0.0049999999322681106,-0.018899999790576112,0.0024999999451138137,52.20249,-2.186314,0.0,Vw11
14119.11000000039,-0.006799999566360202,-0.2074000000817454,9.828399999451138,0.012399999869207385,0.03489999984701935,-0.011599999935771483,52.20249,-2.186314,0.0,Vw11
14119.21000000039,0.10460000008095412,-0.22839999958075932,9.687400001107546,-0.02119999987368028,-0.004399999875244612,0.004899999894798748,52.20249,-2.186314,0.0,Vw11
14119.31000000039,0.1252999987343141,-0.12119999867031875,9.970599999594695,0.011099999964447025,0.027499999969187422,-0.02199999996760729,52.20249,-2.186314,0.0,Vw11
14119.410000000391,-0.19108811724210897,0.2145574254128911,9.869773268020579,0.002349505048121553,0.019869306996939624,-0.013787128707834998,52.20249,-2.186314,0.0,Vw11
14119.510000000391,0.21009999841024873,0.13030000019280377,10.047099999111852,0.027299999869378373,0.03679999997145096,-0.012500000018380888,52.20249,-2.186314,0.0,Vw11
14119.610000000392,-0.19639999887613097,0.1795999982681751,9.819999999498704,-0.006099999919413257,0.02949999996128676,-0.017199999961286763,52.20249,-2.186314,0.0,Vw11
14119.710000000392,0.08598118728972325,-0.2529653442515603,9.694408911403263,0.014395049542143256,0.02012376254205535,-0.007522772325268373,52.20249,-2.186314,0.0,Vw11
14119.810000000392,-0.12589999911204214,0.3304999970995996,9.825299999720254,0.02390000000275031,0.06249999968214252,-0.019799999932813808,52.20249,-2.186314,0.0,Vw11
14119.910000000393,0.10010000016922004,-0.4076999980607772,9.754100000909508,0.02459999993192297,-0.0183999997584238,-0.0027000000945298177,52.20249,-2.186314,0.0,Vw11
14120.010000000393,0.14316930709982778,0.08586435837388856,9.985585149423901,0.007273267258689969,0.043085148756305876,-0.026759406035076212,52.20249,-2.186314,0.0,Vw11
14120.110000000393,0.11747623769304454,-0.46860098730826255,9.811513862099199,-0.002263366282920534,-0.03591188103554239,0.027704950339748503,52.20249,-2.186314,0.0,Vw11
14120.210000000394,0.13509999848743026,0.2412999997659306,9.992899998978068,0.011399999987763658,0.002899999851979737,-0.011799999862637196,52.20249,-2.186314,0.0,Vw11
14120.310000000394,-0.24809999785942963,0.18199999847558865,9.734000000612212,0.008299999937634129,-0.03459999994710743,0.023000000019736035,52.20249,-2.186314,0.0,Vw11
14120.410000000395,0.29419999903372374,-0.20419999941897113,9.889099999803033,-0.007500000013420503,-0.021200000158283,0.02799999995934377,52.20249,-2.186314,0.0,Vw11
14120.510000000395,0.04940000063786865,-0.05700000110363908,9.839199999898952,-0.01090000002210436,-0.061299999857505824,0.017700000082891347,52.20249,-2.186314,0.0,Vw11
14120.610000000395,0.2109999983599355,-0.33659999772088267,9.813600000102626,-0.01649999993684469,-0.025200000005131368,0.038699999889478205,52.20249,-2.186314,0.0,Vw11
14120.710000000396,-0.20449999820836157,0.24079999822478393,9.839600000098935,-0.0004999999991989097,-0.026500000167027322,0.010700000019226167,52.20249,-2.186314,0.0,Vw11
14120.810000000396,0.23789299805319788,-0.19790699821744817,9.863493999680228,-0.00020199996111950166,-0.06730699964571138,0.015355999942869472,52.20249,-2.186314,0.0,Vw11
14120.910000000396,-0.2441871272398349,0.24611485117365042,9.784753465764483,0.009433663340018383,0.0206554453681829,0.001231683220560522,52.20249,-2.186314,0.0,Vw11
14121.010000000397,0.1270999991900977,0.16759999950252294,9.890099999561803,0.002799999955539489,-0.023799999852999933,0.01439999996034603,52.20249,-2.186314,0.0,Vw11
14121.110000000397,-0.07364257367918361,0.0431603959445397,9.782189109501703,-0.008153465288396179,0.012630692962457842,0.004452475228669031,52.20249,-2.186314,0.0,Vw11
14121.210000000397,0.0720999997803111,0.01919999970063937,9.931099999927033,0.006499999934132772,-0.01429999987733708,-0.0002999999968446837,52.20249,-2.186314,0.0,Vw11
14121.310000000398,0.016951484928935202,-0.055948515150696904,9.9127831682439,-0.010034653531181006,0.01649207933052271,0.0004920792110745392,52.20249,-2.186314,0.0,Vw11
14121.410000000398,0.03609999986600663,-0.0890999991718968,9.916800000041043,0.003899999968211782,0.009399999887332899,0.01799999987204236,52.20249,-2.186314,0.0,Vw11
14121.510000000399,0.003211881352276855,0.1151128706545678,9.925242573556991,-0.004155445606508332,-0.018522772246448087,-0.013448514711398357,52.20249,-2.186314,0.0,Vw11
14121.610000000399,0.04439999977426342,-0.04359999887453613,9.749500000679221,-0.019699999930790208,-0.010799999910671085,0.021699999864397097,52.20249,-2.186314,0.0,Vw11
14121.7100000004,-0.011743564373799299,0.2337376228207926,9.917502969979354,-0.0024930693041682935,0.011154455347676683,-0.011921782147042169,52.20249,-2.186314,0.0,Vw11
14121.8100000004,-0.016099999473766367,-0.002500000761137926,9.837799999657447,-0.0017999999555802788,-0.013399999822721293,-0.004100000047621143,52.20249,-2.186314,0.0,Vw11
14121.9100000004,0.11539999958701665,-0.1926999997706982,9.75220000020489,0.009300000004401954,0.03089999997919076,-0.016000000021609593,52.20249,-2.186314,0.0,Vw11
14122.0100000004,0.012200000651089067,-0.135399999394131,9.80340000035856,0.010399999985993781,0.02570000000880391,-0.02139999991916411,52.20249,-2.186314,0.0,Vw11
14122.1100000004,0.1748999985733666,0.016000000308536984,9.892999999537796,0.00689999993997335,0.027899999867141013,-0.0012000000672298483,52.20249,-2.186314,0.0,Vw11
14122.210000000401,-0.1815999987859701,0.09310000066852045,9.777500001061673,-0.008100000073967384,-0.005300000060299499,-0.01799999984000533,52.20249,-2.186314,0.0,Vw11
14122.310000000401,0.12039999945489252,0.25939999903319805,10.041599999511172,-0.026499999927238605,-0.020299999903922797,0.02179999990995275,52.20249,-2.186314,0.0,Vw11
14122.410000000402,-0.015199999797377442,0.0188999996040942,9.919999999811589,-0.008399999909855294,0.00360000003370275,-0.0005999999650790781,52.20249,-2.186314,0.0,Vw11
14122.510000000402,0.03444851475033914,-0.07670296953405428,9.874403960719388,0.013640593995293705,0.011703960317193502,0.007900990059188637,52.20249,-2.186314,0.0,Vw11
14122.610000000403,0.009300000051455572,0.11299999984080933,9.954799999967841,-0.002299999967036274,-0.007899999949348422,-0.0020000000317577362,52.20249,-2.186314,0.0,Vw11
14122.710000000403,0.02209999990469951,0.07339999965069947,9.946799999607896,0.0058999999511383065,0.004700000046034984,-0.009899999919236872,52.20249,-2.186314,0.0,Vw11
14122.810000000403,-0.0014999995370396364,-0.013099999887013198,9.849700000146026,-0.006199999998368421,0.016099999870289518,0.010099999920460553,52.20249,-2.186314,0.0,Vw11
14122.910000000404,0.11209108914571214,0.01817227867097191,9.886759406449412,-0.005617821708575711,-0.015464356340440322,-0.009377227713571964,52.20249,-2.186314,0.0,Vw11
14123.010000000404,0.12119999897430826,0.3753999981065084,10.012699998910506,0.012599999934985682,0.00809999989985372,-0.007099999945888703,52.20249,-2.186314,0.0,Vw11
14123.110000000404,-0.13279999885477883,-0.09349999978072811,9.742900000469637,-0.00349999995638791,-0.01669999995719554,0.006299999979001586,52.20249,-2.186314,0.0,Vw11
14123.210000000405,0.1507999992203702,-0.0391999997927207,9.859200000254738,0.007299999953757652,-0.006100000067740985,0.0011000000344789443,52.20249,-2.186314,0.0,Vw11
14123.310000000405,-0.041399999452598105,0.011899999069498728,9.921999999384584,-0.0040999999307553,-0.022799999816849815,0.009599999964353319,52.20249,-2.186314,0.0,Vw11
14123.410000000405,0.09041485076067679,-0.21174158275487745,9.772657426090547,0.012717821748827607,0.021803960357063588,0.0007188118076560473,52.20249,-2.186314,0.0,Vw11
14123.510000000406,-0.08809999897780071,0.13409999916074195,9.858400000196326,0.004499999958625267,0.01219999996146471,-0.01739999989859134,52.20249,-2.186314,0.0,Vw11
14123.610000000406,0.16389999935788035,-0.07280000007544804,9.906799999279187,-0.005700000023526809,0.0027000000186591933,0.007600000000405635,52.20249,-2.186314,0.0,Vw11
14123.710000000407,0.005600000497175738,-0.09139999862782788,9.72910000098612,-0.011500000010289233,0.0072999998468962135,0.007699999962958761,52.20249,-2.186314,0.0,Vw11
14123.810000000407,0.12548316794308367,0.2404108904413059,9.966910890359776,-0.013889108865686145,-0.029585148386501732,-0.0012297029416403235,52.20249,-2.186314,0.0,Vw11
14123.910000000407,0.033799999854131596,0.08149999962432776,9.788000000481203,-0.002799999877763912,0.0019000000407453626,0.005799999893654603,52.20249,-2.186314,0.0,Vw11
14124.010000000408,-0.0019999999258434402,-0.010699999529798514,9.906100000149943,0.02719999987450428,0.011899999975552784,-0.02029999990465585,52.20249,-2.186314,0.0,Vw11
14124.110000000408,0.016199999453197233,0.10469999963695882,9.942899999608029,-0.0035999999751453286,0.00589999996292172,0.003099999944178853,52.20249,-2.186314,0.0,Vw11
14124.210000000408,-0.11799999938281688,0.015600000837781043,9.846700000532055,0.0025000000294676285,-0.003199999927558747,-0.010600000027830538,52.20249,-2.186314,0.0,Vw11
14124.310000000409,0.03279999967299118,0.2202999988552645,9.976699999332066,0.009699999951705831,0.014499999962756192,-0.01739999986412149,52.20249,-2.186314,0.0,Vw11
14124.41000000041,-0.047099999440115066,-0.0593999983948328,9.81350000064665,-0.0020999999312422005,0.005399999991814548,0.015799999862893675,52.20249,-2.186314,0.0,Vw11
14124.51000000041,0.08969999951214705,0.3327999981345354,9.97149999951665,0.014699999965211827,0.0033999999214196575,-0.017699999878446032,52.20249,-2.186314,0.0,Vw11
14124.61000000041,-0.02949999898009264,-0.12300000003969944,9.853399999579269,0.006199999902183844,-0.015799999993042366,0.012000000036425262,52.20249,-2.186314,0.0,Vw11
14124.71000000041,0.21969999914698493,-0.132699999187683,9.750600000696389,-0.017699999978623236,-0.014100000050564268,0.020899999930936608,52.20249,-2.186314,0.0,Vw11
14124.81000000041,0.012200000292747053,0.06489999890790817,9.919999999549045,-0.012500000031143304,-0.026399999956399377,0.004100000082633565,52.20249,-2.186314,0.0,Vw11
14124.910000000411,0.08122376176907627,-0.1974960393555577,9.811027722619164,-0.01965742560167699,-0.015689108824153756,0.02361584142615801,52.20249,-2.186314,0.0,Vw11
14125.010000000411,-0.06639999974717867,-0.13710000023185567,9.773800000112638,0.01459999995642429,0.0053999999761566875,-0.01479999987955016,52.20249,-2.186314,0.0,Vw11
14125.110000000412,-0.004900000036998245,-0.19349999908367682,9.801200000065775,0.003999999996711267,-0.00039999998766725186,0.014499999901749107,52.20249,-2.186314,0.0,Vw11
14125.210000000412,-0.013899999738627593,0.02940000024361725,9.817200000340238,0.0031999999876126824,0.0026000000107356753,-0.009399999989264324,52.20249,-2.186314,0.0,Vw11
14125.310000000412,0.04939999961186404,0.08839999973615013,9.899600000092905,0.0001999999459087121,0.005200000009496944,-0.006799999925263182,52.20249,-2.186314,0.0,Vw11
14125.410000000413,-0.04459999924850272,0.02450000053224176,9.922100000485583,-0.01289999989594653,0.007499999894707798,0.011299999910811312,52.20249,-2.186314,0.0,Vw11
14125.510000000413,0.1373999989706139,0.1533999991886307,10.039699998874818,0.012299999935585948,-0.01799999995912185,-0.01029999992319863,52.20249,-2.186314,0.0,Vw11
14125.610000000413,-0.11189999884839236,-0.04310000018250648,9.767200000210998,-0.0032999999946321623,-0.008099999984309396,0.008300000037574863,52.20249,-2.186314,0.0,Vw11
14125.710000000414,0.16699999915229274,-0.08729999929247133,9.818300000046865,-0.0020000000402287696,-0.0043000000833606465,0.0173999999004649,52.20249,-2.186314,0.0,Vw11
14125.810000000414,-0.03739999915561057,0.08329999899303657,9.829599999911661,-0.01170000003027526,-0.0243999999411084,-0.006599999856918294,52.20249,-2.186314,0.0,Vw11
14125.910000000415,0.16619999888935416,-0.15949999978102278,9.808300000197825,-0.018999999899220712,-0.010199999945670425,0.02789999982208101,52.20249,-2.186314,0.0,Vw11
14126.010000000415,-0.10159999862724507,-0.10670000007299241,9.855999999657849,0.0053000000029031075,0.0028999999203719196,-0.01499999993944948,52.20249,-2.186314,0.0,Vw11
14126.110000000415,0.22939999852563633,-0.12429999967277836,9.773500000358327,0.006000000041472959,-0.016299999796367773,-0.0004000000676009222,52.20249,-2.186314,0.0,Vw11
14126.210000000416,-0.1260999995188864,-0.04539999863080484,9.859900000120382,0.015999999937101165,0.03279999990252764,-0.016699999962094078,52.20249,-2.186314,0.0,Vw11
14126.310000000416,-0.010599999188563379,0.28329999839587144,9.888799999698834,0.0008999999458486855,0.009400000038739018,-0.007599999973340891,52.20249,-2.186314,0.0,Vw11
14126.410000000416,0.18419999854416275,-0.10179999930269769,9.816500000006664,-0.012099999940433554,0.018699999978339474,-0.0012000000395721144,52.20249,-2.186314,0.0,Vw11
14126.510000000417,-0.16529999866031247,0.06559999897882486,9.81809999967139,0.0021999999793829495,0.013499999952454557,-0.010699999940673385,52.20249,-2.186314,0.0,Vw11
14126.610000000417,0.15000692940398724,-0.17505445459303381,9.74137623819733,-0.0026405940346476424,0.0024960397273392503,0.0034287128832536395,52.20249,-2.186314,0.0,Vw11
14126.710000000417,-0.1592999984917638,0.029500000526128903,9.87899999973757,0.003299999990702943,0.03209999976377023,0.0062999999497113735,52.20249,-2.186314,0.0,Vw11
14126.810000000418,0.19493267215087534,0.15478316864463906,9.817218812014632,0.0010772277132405838,-0.02337326714811703,-0.005557425724754135,52.20249,-2.186314,0.0,Vw11
14126.910000000418,-0.07179999877836672,0.23309999964187736,9.849099999959419,-0.0011999999481224221,0.01929999981340807,-0.0013000000221734809,52.20249,-2.186314,0.0,Vw11
14127.010000000419,0.22020000042004104,0.14749999943060174,9.839400000344316,0.011199999994142854,-0.025299999848969308,-0.0065999999573265085,52.20249,-2.186314,0.0,Vw11
14127.110000000419,0.32060000085472495,0.011400000520867617,9.921700000135969,0.009800000032214302,0.010799999887877493,0.0035999999953979568,52.20249,-2.186314,0.0,Vw11
14127.21000000042,0.5248999994167811,0.13590000042102693,9.954199999494517,0.017499999944955564,-0.015999999968486008,0.002500000003781679,52.20249,-2.186314,0.0,Vw11
14127.31000000042,0.38609999893043423,0.23610000031153225,9.83389999982768,0.004400000038623208,-0.008500000050082843,0.003400000035652192,52.20249,-2.186314,0.0,Vw11
14127.41000000042,0.14370396443339722,0.3139396058267374,9.794041584470166,0.013627722825969921,-0.020130692998132894,0.011747524730415458,52.20249,-2.186314,0.0,Vw11
14127.51000000042,1.1040999971847503,0.7578999976734271,9.868199999829404,0.026400000097903466,-0.003199999940753696,0.00649999998781459,52.20249,-2.186314,0.0,Vw11
14127.61000000042,0.43410000257826464,0.20420000246565467,9.827600000410103,0.04969999986007788,0.010899999914281944,0.0035999999655447028,52.20249,-2.186314,0.0,Vw11
14127.710000000421,1.0476999983196507,0.7909999983175193,9.925199999597178,0.016399999862315363,-0.009500000010656706,-0.004599999973997638,52.20249,-2.186314,0.0,Vw11
14127.810000000421,0.6521831677608605,0.39861881286019896,9.829303959806627,-0.015372277004916293,-0.011437623524938939,0.0011495048025147606,52.20249,-2.186314,0.0,Vw11
14127.910000000422,0.5205000039149453,0.630499999622727,9.689699999924883,0.037399999761144866,0.04479999974299863,-0.03389999989027856,52.20249,-2.186314,0.0,Vw11
14128.010000000422,1.4482000056953868,0.5411000074399577,9.671899999800392,-0.019199999724852385,-0.016099999556472174,-0.007900000217332854,52.20249,-2.186314,0.0,Vw11
14128.110000000423,2.7977999917797542,2.304099989101707,9.624600000470535,0.04599999988394848,0.08899999957630643,-0.05939999979110726,52.20249,-2.186314,0.0,Vw11
14128.210000000423,0.8498999948526511,-0.2783999989764637,9.736100001004889,0.018499999664330972,-0.011399999980927897,-0.009900000062726032,52.20249,-2.186314,0.0,Vw11
14128.310000000423,-0.3645999908436948,-0.036899998712844904,9.973199999410037,-0.060699999590161674,-0.006900000178006303,-0.02469999978512096,52.20249,-2.186314,0.0,Vw11
14128.410000000424,1.7958000024658112,0.266800007487708,9.8339999985306,0.036000000117823214,-0.04889999969823693,0.025999999757996193,52.20249,-2.186314,0.0,Vw11
14128.510000000424,2.377600000397282,2.033499995956543,9.487300002093436,0.06379999993235931,0.022299999734574538,-0.03109999990881351,52.20249,-2.186314,0.0,Vw11
14128.610000000424,2.4594039953374254,1.0871859992308193,9.97451099924142,0.04743899976212219,-0.03905299972565607,-0.010061000110670425,52.20249,-2.186314,0.0,Vw11
14128.710000000425,1.3791346569995784,0.9073960395174728,9.804341587101929,-0.008053465326802069,0.024458415611930462,-0.03540693048398788,52.20249,-2.186314,0.0,Vw11
14128.810000000425,2.212599998348589,0.8870000025611702,10.498499996550137,-0.003400000021067204,-0.029699999828452762,0.01389999984436065,52.20249,-2.186314,0.0,Vw11
14128.910000000425,1.8218247496326492,1.4764990072603503,9.690039601379627,-0.007805940383668344,0.0097643562501284,-0.021977227585322407,52.20249,-2.186314,0.0,Vw11
14129.010000000426,1.1543000019098626,0.8564000018481442,9.084000002705816,0.041599999976589606,-0.03379999990082506,0.010299999952327926,52.20249,-2.186314,0.0,Vw11
14129.110000000426,1.603000001048631,1.290600003851429,9.719700001938183,0.036099999955285934,-0.010500000401996659,-0.0008999999776429665,52.20249,-2.186314,0.0,Vw11
14129.210000000427,1.8534590027932276,2.169302992719041,10.165979998075105,0.02513099975768464,-0.10364099984711561,0.005142000358575635,52.20249,-2.186314,0.0,Vw11
14129.310000000427,2.4973415818240663,0.4786227730995217,9.721290100203117,-0.031228712883566493,-0.06851485166256416,0.0883267325991677,52.20249,-2.186314,0.011980203143260863,Vw11
14129.410000000427,1.951499997156092,0.6708999975262745,10.00030000016158,-0.03409999989612661,-0.10999999975720129,0.07099999986791408,52.20249,-2.186314,1.210000002906745,Vw11
14129.510000000428,1.2861999972890328,0.0922000086736418,10.038099998583817,-0.009800000047448338,-0.053200000354366415,0.040100000136788,52.20249,-2.186314,1.8900000031204762,Vw11
14129.610000000428,0.6520000028152076,2.1212999946670816,9.706800001788434,-0.020899999743522493,-0.13610000003151995,0.07209999988644178,52.20249,-2.186314,2.6200000032815303,Vw11
14129.710000000428,1.3023584151395138,0.8970099056132627,10.112499996364733,0.03801980177482759,-0.14296435624932813,0.046338614091739776,52.20249,-2.186314,3.3883168352400994,Vw11
14129.810000000429,1.1382000027534116,1.977999993868143,9.262500003421373,-0.00999999972525984,-0.09939999984159513,0.1001999994874379,52.20249,-2.186314,4.22000000347718,Vw11
14129.91000000043,1.7796000002674424,0.5496000041837775,10.059499998503954,0.05399999966172618,-0.06249999970508361,-0.019199999786217812,52.20249,-2.186314,5.030000004249887,Vw11
14130.01000000043,1.841899998168256,1.5241999948726617,9.711000003103276,-0.024799999950632628,0.006199999890962499,0.030599999717532772,52.20249,-2.186314,6.020000003219611,Vw11
14130.11000000043,1.4151999952070722,0.32980000230524165,10.433899995402824,-0.01330000015754631,-0.01920000025542249,-0.03519999973384547,52.20249,-2.186314,6.770000003563036,Vw11
14130.21000000043,0.2987000019334857,0.8667999948298118,9.363000002702137,-0.049999999754272724,-0.07869999982971532,0.026800000009915313,52.20249,-2.186314,7.600000003793684,Vw11
14130.31000000043,0.7471999979781386,-0.33249999650506834,9.989799997368133,0.006999999742633009,-0.039199999636582286,0.029099999775827747,52.20249,-2.186314,8.480000003879905,Vw11
14130.410000000431,0.27820000648676907,0.47820000125450246,9.379300002985802,-0.052699999549499985,0.045099999590023435,-0.0229,52.20249,-2.186314,9.380000003621245,Vw11
14130.510000000431,1.7828999970409263,0.7691999986204784,10.07189999797943,0.05179999959433444,-0.04999999939128611,-0.022900000250900485,52.20249,-2.186314,10.220000003578134,Vw11
14130.610000000432,1.0965000042053854,0.44919999229666535,9.60320000329102,-0.042299999793933965,0.0911999990291617,-0.0810999993809397,52.20249,-2.186314,11.050000003405694,Vw11
14130.710000000432,2.0719999922734806,-1.3376999922389343,10.366599997848958,0.0054999997424347745,-0.1339999988844671,0.06249999944463865,52.20249,-2.186314,11.84000000349834,Vw11
14130.810000000432,0.30688019879083706,0.43415346407033867,9.87170692939672,-0.05320792070888633,0.11847920678568094,-0.06313564297342968,52.20249,-2.186314,12.64722772590273,Vw11
14130.910000000433,0.4849000005956972,0.13950000267544238,9.57240000269882,-0.03399999981038127,-0.14359999911900886,0.07329999957790351,52.20249,-2.186314,13.370000004285902,Vw11
14131.010000000433,0.6224999963022555,0.7574999944971124,10.19579999635167,0.009799999795784447,0.059899999442889484,-0.024200000045041116,52.20249,-2.186314,14.360000003673255,Vw11
14131.110000000434,-0.21414950107371705,-0.49285643215961034,9.367127725209844,-0.0374247527025365,-0.06702376216996216,-0.034199999870059325,52.20249,-2.186314,15.20534653696924,Vw11
14131.210000000434,0.6808999955156727,0.31150000007955714,9.92989999438318,-0.0898999997978466,-0.019400000572550563,-0.004199999853927875,52.202490000000374,-2.186313999999413,15.740000003173591,Vw11
14131.310000000434,-0.3505999959670323,0.32979999742801697,8.637900009235338,-0.043400000104512886,-0.15109999952222683,0.0294000000900216,52.202576,-2.186179,16.470000002766515,Vw11
14131.410000000435,0.5564900940908114,-0.26117326962026954,10.733978214767752,-0.06705841578000403,-0.04195049489749246,0.04919306899946068,52.202576,-2.186179,17.10594059664319,Vw11
14131.510000000435,-0.5744999914418,-0.7884999993680922,10.031800000536178,-0.052899999940717486,-0.0070000007157815175,-0.02150000012207807,52.202576,-2.186179,17.700000002854342,Vw11
14131.610000000435,1.3790821802543567,-0.6456475252081009,10.149598017930815,-0.038267326240011834,-0.16761881084547944,-0.04860296999385343,52.202576,-2.186179,18.356534656307627,Vw11
14131.710000000436,1.8472999974989623,-0.7504000034016557,9.719399999269204,0.07499999943072908,0.07049999913910869,0.021099999963329175,52.202576,-2.186179,19.01000000318687,Vw11
14131.810000000436,1.274399995023245,-1.5295999940645826,9.552000001083897,-0.055400000089075356,-0.12669999958372705,0.012699999800682857,52.202576,-2.186179,19.7400000026458,Vw11
14131.910000000436,0.15998515471029404,-0.17270197543824903,9.804977230857467,-0.07603960415239551,-0.03309504985219279,-0.03124554400656505,52.202576,-2.186179,20.344158417657795,Vw11
14132.010000000437,1.578499997248815,0.9171000018592982,10.522699996434635,-0.11999999989522621,-0.11259999932639185,0.09419999944731827,52.202576,-2.186179,20.760000001920854,Vw11
14132.110000000437,0.9483000023695128,1.3429999894245037,9.706000005973056,-0.0960000000393334,0.041699998676496104,-0.03239999975362599,52.202576,-2.186179,21.200000002031505,Vw11
14132.210000000438,1.4910722796059355,-1.0794752581390776,11.074217827777165,-0.10500990102957682,-0.26146831816004645,0.02403564381163504,52.202576,-2.186179,21.665346536692432,Vw11
14132.310000000438,1.3161366337232905,-1.5680009946606195,9.284802975605086,-0.12475247470039214,-0.03779802085369066,0.06560594068437971,52.202576,-2.186179,22.123366338110053,Vw11
14132.410000000438,1.3297999976770434,-2.608099992636152,10.495099997485474,1.0082658263818002e-10,-0.2775999993989859,0.08619999976941399,52.202576,-2.186179,22.46000000131513,Vw11
14132.510000000439,0.7998999957736127,-0.928299995559685,9.921499999298598,0.022999999731713613,-0.14050000056024511,0.03360000038314101,52.202576,-2.186179,22.76000000153432,Vw11
14132.610000000439,-0.16419999491220297,0.08459999981632027,9.761499999502004,-0.0381999999552856,-0.2682999995883645,0.12099999946605748,52.202576,-2.186179,23.11000000166583,Vw11
14132.71000000044,0.9963999941537643,0.042700003102497434,9.647900001968114,-0.02799999979178756,-0.17440000054628255,-0.0007999996702936187,52.202576,-2.186179,23.49000000088039,Vw11
14132.81000000044,-0.3316999910279366,0.7474999892979686,10.09500000103358,0.019299999974468667,-0.2984999997385239,0.07410000012325473,52.202576,-2.186179,23.690000000440197,Vw11
14132.91000000044,1.7064999930004523,-1.6836999927059617,10.329799996337135,0.013500000040057785,-0.2390999996729348,0.10209999967689655,52.202576,-2.186179,23.790000000352155,Vw11
14133.01000000044,0.11640000004401954,-0.02670000873567842,9.497700001985281,0.022600000134699802,-0.16480000023506436,0.028700000134259607,52.202576,-2.186179,23.87000000013206,Vw11
14133.11000000044,0.12640000607557741,-2.0111999927455795,9.948699998893789,0.053199999701107295,-0.21819999949509583,0.059199999719155315,52.202576,-2.186179,23.900000000308136,Vw11
14133.210000000441,1.5065999993042691,-0.3632000071354389,9.697400000572408,-0.014700000145422745,-0.10350000083496524,-0.004599999579644282,52.202576,-2.186179,23.970000000751423,Vw11
14133.310000000442,1.3491999942378998,-1.9774999879785338,9.826900004598718,-0.047599999832476536,-0.2923999987367228,0.0904999993073634,52.202576,-2.186179,24.140000000442015,Vw11
14133.410000000442,0.04560000129687033,0.7421999899932354,10.867299994208727,-0.009700000205094693,-0.006600000656833436,-0.06619999934537663,52.202576,-2.186179,24.24000000035361,Vw11
14133.510000000442,0.33899999910978296,-1.5216999965739462,9.557099997816007,-0.05609999979799941,-0.15519999999115972,0.08189999986783769,52.202576,-2.186179,24.320000000176805,Vw11
14133.610000000443,0.13760000294027996,-0.7466000050482468,9.063000003312014,-0.010400000030498995,-0.15320000049549817,0.05199999995049438,52.202576,-2.186179,24.360000000839825,Vw11
14133.710000000443,0.8027999995179969,-1.8886999875464783,9.812299996575382,-0.01730000022457971,-0.26529999911366464,0.04079999957968976,52.202576,-2.186179,24.5500000007989,Vw11
14133.810000000443,0.694200001037853,0.9171999933882271,9.040700003116248,-0.06789999961668933,-0.06560000065723211,-0.05389999931093742,52.202576,-2.186179,24.730000000986298,Vw11
14133.910000000444,0.9228919987531539,-0.5468139952106547,9.741109002357373,0.017024999744680736,-0.2095819988375203,0.09791899916477298,52.202576,-2.186179,24.95180000079926,Vw11
14134.010000000444,0.654904954937563,0.501231674390561,10.262138611835987,-0.03947128693835084,0.0472643553985442,-0.08718910841762043,52.202576,-2.186179,25.13217821878898,Vw11
14134.110000000444,1.6553999973683817,-1.4756000097535755,9.806000001505446,0.003399999924682814,-0.18629999830850152,0.023899998928523375,52.202576,-2.186179,25.350000001165625,Vw11
14134.210000000445,1.0703405949211258,-3.6448801952134966,10.14615247718024,-0.013874257636336363,0.1881059393089537,-0.21325445462603138,52.202576,-2.186179,25.612277228733973,Vw11
14134.310000000445,1.264400000780783,-3.012899996973575,10.581400003520654,-0.06130000037613063,-0.10129999832434697,-0.028700000430945876,52.202576,-2.186179,25.84000000084674,Vw11
14134.410000000446,1.4395999930248646,-2.3337999800491773,11.371399988798819,-0.1457000003821807,0.27469999900741054,-0.12540000001890647,52.202576,-2.186179,26.03000000130545,Vw11
14134.510000000446,-0.08953959488270305,2.074217811089712,8.912342587295242,-0.22695643401907933,0.054270297061044935,-0.13066732720854143,52.202576,-2.186179,26.32257425857348,Vw11
14134.610000000446,1.9464999967783787,-0.323999998385847,11.836599992383356,0.13739999952671714,0.06129999996702172,-0.2373999989241951,52.202576,-2.186179,26.58000000138152,Vw11
14134.710000000447,1.2236000006631527,0.038199994681355015,10.127499994431219,0.031200000252373863,0.05389999926122473,0.003999999876050424,52.202576,-2.186179,26.89000000129767,Vw11
14134.810000000447,1.3717999978212616,-1.1503999972663974,8.883000004655939,0.08759999981653672,-0.11119999991274307,-0.023699999857256623,52.202576,-2.186179,27.180000001655642,Vw11
14134.910000000447,0.8848999992571975,-0.5395000084867424,9.92349999726774,0.04659999973643935,-0.09170000007159543,0.00820000030159572,52.202576,-2.186179,27.550000000984436,Vw11
14135.010000000448,0.7188999983845831,-2.4360999930822733,9.31289999963886,-0.012300000032543374,-0.10769999961806735,0.07559999919816743,52.202576,-2.186179,27.770000001175177,Vw11
14135.110000000448,0.35773299831362154,-0.9383800146746711,9.22981399857372,-0.020660000519298918,-0.02663400153730387,-0.09865499859207319,52.202576,-2.186179,28.033700001656385,Vw11
14135.210000000448,-0.007807917482737667,-4.151222757782348,8.925711886252307,-0.13379702894057177,-0.36412178106875065,0.21063564264016985,52.202576,-2.186179,28.403465348086044,Vw11
14135.310000000449,0.7314000036042075,-0.9134999895899418,10.056900003076741,0.03649999895045766,-0.11630000150242704,0.004200000992482455,52.202576,-2.186179,28.75000000179716,Vw11
14135.41000000045,1.5335999939112168,1.4034999881472703,10.74169999796741,-0.19709999920295887,-0.45069999949814266,0.22509999970661337,52.202576,-2.186179,29.150000001392797,Vw11
14135.51000000045,0.17839999616514773,-1.2345999964256453,10.289299998211462,-0.01970000002359909,-0.33900000003040653,0.15979999971408793,52.202576,-2.186179,29.46000000140687,Vw11
14135.61000000045,-0.6728267354722242,-0.4859178392759921,9.896685149182437,-0.024952475271112717,-0.3474099017587106,0.09801089163341233,52.202576,-2.186179,29.77415841771082,Vw11
14135.71000000045,-1.2954999918690955,-4.377699974069413,10.045200005488953,-0.030200000346306186,-0.5183999993397399,0.2190999998067976,52.202576,-2.186179,30.190000002096063,Vw11
14135.81000000045,0.5014752532000557,1.2930940504222406,11.229272267963408,-0.10524554412370257,-0.37310098991893376,0.1768900990956941,52.202576,-2.186179,30.652970298370217,Vw11
14135.910000000451,1.7590000163057993,-0.6974999943737639,9.176500000894551,-0.009800001136344508,-0.3331999996431725,0.19589999980963183,52.202576,-2.186179,30.95000000153377,Vw11
14136.010000000451,5.373599972805322,0.5496999976997933,9.374799990088226,-0.2616999995245307,-0.2540999998078274,0.1536999992110097,52.202576,-2.186179,31.290000001669103,Vw11
14136.110000000452,-0.6547999934675718,0.03980001347677858,7.177600017807428,-0.15629999860110527,-0.2114999986503172,-0.021200000513991284,52.202576,-2.186179,31.6600000009569,Vw11
14136.210000000452,0.7704274472016651,2.942590171341486,11.09581078892209,0.15137352971574428,0.08072744918748793,-0.13141666550074796,52.202576,-2.186179,31.873529413357613,Vw11
14136.310000000452,-0.06682745477076535,-2.5383902208916176,12.116889220308844,0.21872647089315173,-0.31652745277882216,0.12691666783617878,52.202576,-2.186179,32.226470589833106,Vw11
14136.410000000453,1.2548999987766405,-2.363799998551082,9.754399999507667,0.14249999994564858,-0.00700000045609886,-0.04169999956473584,52.202576,-2.186179,32.620000001721124,Vw11
14136.510000000453,0.9847999918214726,-2.0439000044187687,9.645699998646197,0.1304999994234222,-0.10769999833503535,0.05439999891206607,52.202576,-2.186179,33.00000000117761,Vw11
14136.610000000454,-0.8208999941536007,-3.019499969642929,9.346799997214038,0.003199999373147148,0.259899999740925,-0.18580000043028194,52.202576,-2.186179,33.260000001222906,Vw11
14136.710000000454,0.46989999844385455,3.68289998210933,8.731700012497367,-0.13519999908141034,0.20270000012232703,-0.28079999982946974,52.202576,-2.186179,33.53000000145519,Vw11
14136.810000000454,0.12770000282678304,-0.25129999867388325,11.479899996262345,0.06680000004593407,0.22959999914838222,-0.24329999916537784,52.202576,-2.186179,33.8500000016077,Vw11
14136.910000000455,0.7432630000741565,0.023678993757666182,10.652003993541566,0.07617299971474795,0.043632999742044806,-0.06067399957871867,52.202576,-2.186179,34.2039000017743,Vw11
14137.010000000455,0.7464950436339018,-1.3192267256337746,9.248640594987766,0.014384158545118165,-0.011175246922062353,0.029370296288277004,52.202576,-2.186179,34.59366336800327,Vw11
14137.110000000455,-0.544000003659352,0.22809998754537955,9.452699999327429,0.042800000146428645,0.12129999920601113,-0.13359999933197614,52.202576,-2.186179,34.96000000077307,Vw11
14137.210000000456,-1.3486999961251214,-2.5106999842457216,9.304800006814709,0.07499999989635944,-0.053299999046232914,0.013299998997380316,52.202576,-2.186179,35.1300000003196,Vw11
14137.310000000456,-0.4999999990060551,0.9398999859427789,10.797399989628182,0.052300000332380296,0.1555999995101043,-0.20629999924164333,52.202576,-2.186179,35.20000000054788,Vw11
14137.410000000456,-0.282299999009251,-2.138999981323697,8.52570000555413,0.12509999969957933,0.048300000877977076,-0.04020000057755642,52.202576,-2.186179,35.32000000159798,Vw11
14137.510000000457,-0.06529999715193917,1.9515999886173445,9.74220000007716,0.05930000011003249,0.24059999725557973,-0.16669999873531122,52.202576,-2.186179,35.67000000077616,Vw11
14137.610000000457,0.5584999944203027,-0.5415000130007265,9.759100005352327,0.08340000002008892,-0.36049999909006325,0.11029999992147059,52.202576,-2.186179,35.83999999981738,Vw11
14137.710000000458,-0.6635999929404075,-3.388999990871256,10.931399995956125,0.0877999996218321,-0.16120000007334168,0.09309999986981857,52.202576,-2.186179,35.79999999995416,Vw11
14137.810000000458,0.8764999987536503,-1.3975000005486873,10.049199995121864,0.005299999487066816,-0.17719999976438994,0.06470000019389699,52.202576,-2.186179,35.79000000064174,Vw11
14137.910000000458,0.604599995351056,-1.5171999965919052,8.985000001936678,-0.10659999971350917,-0.125799999794185,0.1070000008342613,52.202576,-2.186179,35.93000000146683,Vw11
14138.010000000459,-0.40959999830168237,-0.7737000002168163,9.40750000188809,-0.044100000189771525,-0.08090000006967457,0.28899999822238165,52.202576,-2.186179,36.25000000077925,Vw11
14138.110000000459,-0.03909999586032209,-0.8210000026902634,9.819400005501999,-0.08549999982031296,-0.0961000021402011,-0.09879999921386916,52.202576,-2.186179,36.4200000011918,Vw11
14138.21000000046,0.8639999912736057,-1.407900020782827,11.019699996477597,-0.04629999948503137,-0.5629999982111857,0.07270000174279376,52.202576,-2.186179,36.68000000013806,Vw11
14138.31000000046,-1.0321999966525945,-5.923899985268348,10.254300004305467,0.06560000033469406,-0.1743000022140941,0.45139999966158717,52.202576,-2.186179,36.70999999995352,Vw11
14138.41000000046,-0.3190059437735712,-2.781297041902267,11.16090296127451,0.13590197941624738,-0.6513544557928976,0.3770603953307666,52.202576,-2.186179,36.70207920887807,Vw11
14138.51000000046,-1.009599992384539,-5.430999966318566,9.201200003254105,-0.03390000016843478,-0.7267999970487097,0.22309999897282395,52.202576,-2.186179,36.91000000142663,Vw11
14138.61000000046,0.6452000022080603,1.8877999611210186,9.908300002609819,-0.07049999926275267,-0.0855000029407056,-9.999799166835144e-05,52.202576,-2.186179,37.22000000110449,Vw11
14138.710000000461,1.124999995322476,-6.56039997056588,10.475399995589527,0.08969999949870472,-0.7244999935529268,0.43629999620863674,52.202576,-2.186179,37.46000000078544,Vw11
14138.810000000462,0.1126000051654206,-0.1896999786572953,9.52080000038348,-0.018799999887266314,0.670899997462106,-0.38429999840971574,52.202576,-2.186179,37.63000000073924,Vw11
14138.910000000462,1.2305999948470538,4.429699967705957,9.603800003037803,0.005599999773608579,0.12160000142072168,-0.040100000143227225,52.202576,-2.186179,37.790000000877846,Vw11
14139.010000000462,0.11530000681946403,-2.559999966693202,10.261299994631289,-0.04339999998567728,0.4291000003363529,-0.07110000166882818,52.202576,-2.186179,37.98000000078544,Vw11
14139.110000000463,1.5912999906050593,4.648899980015392,9.09930000009707,-0.04029999873713629,0.5018999962954132,-0.432299998241978,52.202576,-2.186179,38.15000000102672,Vw11
14139.210000000463,-0.4108178167057825,0.3374811746127251,9.15034555853514,0.22874752403485998,-0.28716831464451265,-0.05407524681995176,52.202576,-2.186179,38.37099009946756,Vw11
14139.310000000463,0.6873999923312953,-2.5843999894638223,12.174899988592726,0.07350000019156687,0.1859999985361137,0.09839999967948497,52.202576,-2.186179,38.47000000055661,Vw11
14139.410000000464,-0.9658999962284982,-0.31290000245650884,9.715600002146198,0.11479999947168362,-0.1295999994517384,0.029300000012059898,52.202576,-2.186179,38.590000000556614,Vw11
14139.510000000464,-0.15280000005195032,-0.842499984708511,10.178299997469276,0.0008999998752264218,-0.011400000845120667,0.03190000065819222,52.202576,-2.186179,38.70999999986085,Vw11
14139.610000000464,-0.16399999659725292,2.4541999972378195,9.632700003262203,-0.026000000397512848,-0.19359999867712177,0.17379999971102625,52.202576,-2.186179,38.68000000023192,Vw11
14139.710000000465,0.5695999891496263,1.8586999832226896,10.336000003031454,-0.11169999959906562,0.09159999787192792,0.11150000024773181,52.202576,-2.186179,38.73000000065192,Vw11
14139.810000000465,-1.7604999977732076,-1.744200008423347,10.987000000182073,-0.02559999880883843,-0.3654000002956949,0.1647000003608875,52.202576,-2.186179,38.87000000074506,Vw11
14139.910000000466,-1.2822999961494468,-3.5530999812953175,11.026099986768234,0.23019999880278483,-0.4288999989327043,0.24219999996554106,52.202576,-2.186179,39.030000001164154,Vw11
14140.010000000466,-0.4554000056112185,0.4636999871761538,8.184600008352566,-0.026899999974854292,-0.19970000065471977,0.23479999954504893,52.202576,-2.186179,39.280000001164154,Vw11
14140.110000000466,-1.6603999926700257,-2.2902000036605634,9.978300007566997,-0.02150000034505501,-0.3402999961168505,0.13709999782862142,52.202576,-2.186179,39.5300000001397,Vw11
14140.210000000467,-0.08630000380248458,-3.0762999979164403,11.603299995203185,-0.0955999994479058,0.4935999978785745,-0.329199998340445,52.20257600000066,-2.186178999994568,39.56000000051423,Vw11
14140.310000000467,-0.8997000004880494,-2.630599997354529,10.57719999765839,0.02250000013463432,0.039800002290185876,0.025799999029510946,52.202717,-2.185017,39.6700000011687,Vw11
14140.410000000467,-1.004099994853977,-2.0646999871139062,10.076299994881559,0.05129999909355574,0.5296999991131899,-0.18180000037585414,52.202717,-2.185017,39.92000000028049,Vw11
14140.510000000468,0.0966999941527567,0.6917999930883041,8.981400003597262,-0.1425999992080884,0.3399999989645312,-0.2621999992071534,52.202717,-2.185017,39.98000000149593,Vw11
14140.610000000468,-1.1540999987944673,-0.7866999945777009,9.750900002537144,0.02679999989139347,0.11850000054161604,-0.09259999953204752,52.202717,-2.185017,40.3000000009444,Vw11
14140.710000000468,-0.9142138685951461,0.341066327030143,10.282874254934912,0.0031564353425716273,0.23002178069177678,0.007984159109977124,52.202717,-2.185017,40.502574258629714,Vw11
14140.810000000469,-2.4555999850645507,-1.7122999837988506,9.750299999639578,-0.061199999848416335,-0.0877999991064542,0.15639999889949324,52.202717,-2.185017,40.76000000131403,Vw11
14140.91000000047,0.7269000045925627,1.7399000104855535,9.67350000133985,-0.028899999712788848,0.10259999771216607,-0.07809999821760139,52.202717,-2.185017,41.04000000032851,Vw11
14141.01000000047,1.7054999958467014,3.9741999902559395,9.958999990872599,0.03229999964051677,-0.38489999870379543,0.3016999988464624,52.202717,-2.185017,41.11000000065702,Vw11
14141.11000000047,0.8204999946692296,1.8979000087256812,8.014100009815863,-0.044299999224248314,-0.10870000043081673,0.05589999963957816,52.202717,-2.185017,41.25000000037544,Vw11
14141.21000000047,-0.3154000048299044,3.7571999766405435,10.105700001084985,0.12099999907755045,-0.20050000023603026,-0.020899998392073394,52.202717,-2.185017,41.33000000065957,Vw11
14141.31000000047,-1.3405999939701574,-1.2010999901338415,10.335999994292873,-0.07479999862810364,-0.25059999824744006,0.32039999845802997,52.202717,-2.185017,41.47000000037689,Vw11
14141.410000000471,-0.06070000278101106,0.8930999931730254,9.124599997839923,0.21639999893338827,0.12139999916329397,-0.006899999983981979,52.202717,-2.185017,41.55000000103646,Vw11
14141.510000000471,-0.6510000027833667,-0.5559999908061273,8.666100002849795,-0.009999998540004527,-0.05619999837558425,-0.0035000006788814065,52.202717,-2.185017,41.77000000179025,Vw11
14141.610000000472,-1.2417999841591199,1.3954999956822012,9.27100000768441,0.29989999952134383,0.2885999986879357,-0.14759999926552664,52.202717,-2.185017,42.1499999988222,Vw11
14141.710000000472,2.120599979471686,0.4789999990555443,10.902099987457232,0.19829999858733646,0.010100000055806595,0.008300000531108525,52.202717,-2.185017,41.90000000023647,Vw11
14141.810000000472,-2.219999989406206,0.2792999991302684,8.250000008454226,-0.1003999992749872,0.021899999879401003,0.12059999929295882,52.202717,-2.185017,41.95000000094588,Vw11
14141.910000000473,0.020000012868149498,0.09540000691859896,10.037600000646977,0.05289999925275916,-0.003600000452128006,-0.028899999341198416,52.202717,-2.185017,42.150000000331055,Vw11
14142.010000000473,2.7408999885582626,1.558300002089045,10.174400002955142,-0.10509999963884792,-0.09919999927435184,0.11039999938852559,52.202717,-2.185017,42.21999999942674,Vw11
14142.110000000474,0.33401187561053075,1.9617762216199355,10.773195040134171,-0.031196040406447235,0.04985148380073047,-0.01572772188640296,52.202717,-2.185017,42.099801980104324,Vw11
14142.210000000474,-0.8447999872884018,-1.4205999855797542,8.792700008922093,-0.200799999655327,-0.23499999924893564,0.17149999969995408,52.202717,-2.185017,42.08000000004748,Vw11
14142.310000000474,1.832699999670519,1.6168000058395018,10.67200000048805,-0.12819999977164226,-0.07680000048235233,0.10830000032615753,52.202717,-2.185017,42.0899999996202,Vw11
14142.410000000475,1.7632999934795348,2.846799983216648,10.774799995548802,-0.08009999962882695,-0.1783999999472493,0.17699999956696477,52.202717,-2.185017,42.010000000431596,Vw11
14142.510000000475,0.4018329991607522,-0.612748980882533,9.83436099418701,-0.003291000280699187,-0.16336699808450114,0.08413699878268695,52.202717,-2.185017,42.10020000009499,Vw11
14142.610000000475,0.22457920681848,3.3427791939942266,8.635184164345471,-0.061006930316383316,0.2337485138295892,-0.16753069208644336,52.202717,-2.185017,42.12019801989603,Vw11
14142.710000000476,-0.007500001174108051,0.41069998507549327,9.883600006668683,0.01829999964232789,0.018600001758995826,0.03939999899630369,52.202717,-2.185017,42.139999999663026,Vw11
14142.810000000476,-0.2512326731875498,-2.654953448827991,11.247275237214648,-0.056147524822811115,0.3839485148269384,-0.16889702960619948,52.202717,-2.185017,42.06910891046624,Vw11
14142.910000000476,-0.23450001246863755,0.8096999838031145,9.084800001953004,-0.07089999953200314,0.37879999878997556,-0.1485999996845072,52.202717,-2.185017,41.98000000019063,Vw11
14143.010000000477,-2.8507999891388507,-2.5888999836072424,9.49460000361673,0.027300000388885384,0.12490000089405512,-0.0824000002826091,52.202717,-2.185017,42.020000000381266,Vw11
14143.110000000477,-0.5718000014926335,0.850799985704173,10.253499995781834,0.10889999916408706,0.31249999858743105,-0.1416999989901371,52.202717,-2.185017,42.10000000004766,Vw11
14143.210000000478,-0.8849999981314206,-2.148899981786443,9.368400000734642,-0.06649999965044066,0.016100000855425692,0.07019999892716546,52.202717,-2.185017,42.11000000089995,Vw11
14143.310000000478,-0.4944059387262538,1.658327740978292,9.521964357169983,0.006569307280107656,0.19491188204319027,-0.15405742681496454,52.202717,-2.185017,42.298118812780764,Vw11
14143.410000000478,-0.7949999997517134,-0.8921999992910198,9.638399994796506,0.0890999999253705,0.04239999992776247,0.005699999120233042,52.202717,-2.185017,42.32999999995216,Vw11
14143.510000000479,-0.7430999970746194,-0.7439999956504398,8.550700007531361,0.07350000062095569,0.02730000044921217,-0.17820000032052413,52.202717,-2.185017,42.32000000081327,Vw11
14143.610000000479,-0.13159999113134443,0.16520000624280287,10.125000006844903,0.2033000000671685,0.12119999952305546,-0.24519999850634697,52.202717,-2.185017,42.49000000028994,Vw11
14143.71000000048,1.6736197875835046,1.4503396007248006,11.521795040073957,0.21554356356364843,0.02459901090559792,0.062794058876626,52.202717,-2.185017,42.55108910943215,Vw11
14143.81000000048,-1.3343999941298739,0.7743000005455222,9.551300005375026,0.049900000231462766,0.23450000009604263,-0.047800000964748325,52.202717,-2.185017,42.6600000006723,Vw11
14143.91000000048,-0.112000005986818,0.8878999847455474,10.670599995957085,0.09809999923309952,0.25449999915866645,-0.2486999990429351,52.202717,-2.185017,42.800000000576254,Vw11
14144.01000000048,-1.3586999978726555,-2.2886999891995248,9.828699999410778,-0.06160000017479761,0.07930000070735405,-0.049400000359199475,52.202717,-2.185017,42.92000000076834,Vw11
14144.11000000048,-0.9156999981617439,-0.03960001312134555,9.706000004407876,-0.09799999891375774,0.2265999975662795,-0.12419999818959623,52.202717,-2.185017,43.08000000081636,Vw11
14144.210000000481,-0.5328999931527327,-2.771999980806442,10.623900001690489,0.1281999997782652,-0.28019999865561224,0.252799998637295,52.202717,-2.185017,43.25000000062664,Vw11
14144.310000000482,0.8875999953048116,1.2098000223278285,10.974599992762213,0.0821999989887062,-0.0013000028293828963,-0.029899997397999964,52.202717,-2.185017,43.380000000535595,Vw11
14144.410000000482,-0.05874256559781095,5.787831679470422,9.502468323760521,-0.1238524744530384,-0.5764148485989286,0.5001910870310234,52.202717,-2.185017,43.49168316912851,Vw11
14144.510000000482,1.7369999958632876,5.020999974156258,10.939299998698512,0.040899998865033295,0.022099997434517557,0.06930000188382075,52.202717,-2.185017,43.66000000034083,Vw11
14144.610000000483,0.8757277171433412,-0.31176733877312435,10.660597024203907,-0.19044554370837227,-0.49889702685627285,0.4513029679354454,52.202717,-2.185017,43.731188119384846,Vw11
14144.710000000483,-0.29150000327894704,-2.808499999254185,9.520300000615812,-0.015000000122184642,0.09139999718877576,-0.038399998124710115,52.202717,-2.185017,43.85000000039099,Vw11
14144.810000000483,-0.9529801934601536,-2.6328593947878107,9.651680200624083,-0.03931287095452455,-0.4796059385639279,0.34340395947826297,52.202717,-2.185017,43.93089108954024,Vw11
14144.910000000484,-0.011000004981731763,-0.328799969376091,10.189699996569011,0.029399999449861207,-0.06020000190782521,0.15380000108382663,52.202717,-2.185017,44.02000000053224,Vw11
14145.010000000484,-1.0405999894288194,6.000399974791353,9.48060000850562,-0.08429999952630969,-0.4544999996758197,0.37779999913148715,52.202717,-2.185017,44.130000000435466,Vw11
14145.110000000484,1.144199996186285,0.7904000154716254,11.23849999264401,0.01359999964001472,-0.38749999890746406,0.19830000017999264,52.202717,-2.185017,44.22000000067739,Vw11
14145.210000000485,0.35599998505097596,3.987999968656001,9.718199994947588,-0.06080000041931127,-0.1617000010295246,0.23549999997739948,52.202717,-2.185017,44.360000000336605,Vw11
14145.310000000485,-2.7220198169231247,-2.4657624075688367,8.677902965246679,-0.14713663408250657,-0.37368019904890665,0.23084653463087407,52.202717,-2.185017,44.42930693102954,Vw11
14145.410000000486,-2.2550999948754438,1.9057000001981925,10.01989999383297,-0.08499999960704868,-0.16529999936568532,0.24179999894035598,52.202717,-2.185017,44.33000000029434,Vw11
14145.510000000486,-1.2135267341438607,1.927380188924444,8.764509901820887,-0.00507425751040873,-0.03605049507403889,0.026165346712163758,52.202717,-2.185017,44.39118811938915,Vw11
14145.610000000486,-1.516199990213746,0.0554000072355142,8.935500004629407,-0.022499999250610924,-0.04109999835892049,0.06269999898203532,52.202717,-2.185017,44.510000000048564,Vw11
14145.710000000487,0.4987999982596637,1.5451999853421758,9.888699995225531,0.1317999988305135,0.29679999912495697,-0.14689999914250657,52.202717,-2.185017,44.51999999975626,Vw11
14145.810000000487,0.14179999773512536,-1.4615999756699034,8.90930000005021,-0.10809999995271355,0.11730000112999987,0.02899999908303289,52.202717,-2.185017,44.47000000004875,Vw11
14145.910000000487,-0.3228000055710261,3.529299986289855,8.919600002842063,-0.09839999880321411,0.34909999833571204,-0.1590999989431235,52.202717,-2.185017,44.48000000029249,Vw11
14146.010000000488,-1.4655999972729856,0.7169000102046106,9.502599994940349,0.1470999988358759,0.007700001354732376,0.05769999900942203,52.202717,-2.185017,44.540000000341244,Vw11
14146.110000000488,-0.9061999932652633,2.810199985608729,8.464700008080502,-0.09169999903437753,0.2855999990127114,-0.14549999959868315,52.202717,-2.185017,44.61000000024621,Vw11
14146.210000000488,0.4540089072376454,-0.09493761524588318,10.113590102857945,0.10388811856223404,0.0861257430745175,-0.06368613846078953,52.202717,-2.185017,44.659900990050716,Vw11
14146.310000000489,-0.295100001975337,1.651299997562756,10.902599998604982,0.052699999960366034,0.1887000000420805,-0.03230000031266791,52.202717,-2.185017,44.65000000014679,Vw11
14146.41000000049,-0.6987999948301381,1.153199994005728,10.61749997866567,0.04459999927147453,0.19729999931052034,-0.09619999962782926,52.202717,-2.185017,44.68,Vw11
14146.51000000049,0.2638494641499062,-0.09300199654849811,6.2460573988478405,-0.09294553973063785,0.06011584271777736,-0.01933564279859417,52.202717,-2.185017,44.68019801989891,Vw11
14146.61000000049,-8.071199981259497,-3.433199923604808,0.7518000552957353,0.8924999996232327,0.29170000431667653,0.1370999953589122,52.202717,-2.185017,44.699999999951075,Vw11
14146.71000000049,-4.241199975857663,12.17969988755988,12.0525999776822,0.8154999940264206,1.1738999913330794,-0.8113999922843926,52.202717,-2.185017,44.68999999990177,Vw11
14146.81000000049,0.6744999977987681,-10.714599966543437,7.508400001251392,-0.4007999981720248,-0.5907999915958324,0.7595999930893501,52.202717,-2.185017,44.67000000019645,Vw11
14146.910000000491,0.22630001291565158,-3.902400020305379,7.763200014285847,-0.028600000435565282,1.1203999893450216,-0.647499993631222,52.202717,-2.185017,44.70999999995039,Vw11
14147.010000000491,2.8049138491589507,-7.928840561307957,10.627108903132527,-0.1175534659132613,-1.0188346492569755,0.6316089085862385,52.202717,-2.185017,44.69990099005037,Vw11
14147.110000000492,0.31629999172620965,-1.2628999422507423,9.048000004102127,-0.232899999044004,-0.16230000351374724,0.162500001911992,52.202717,-2.185017,44.69000000053489,Vw11
14147.210000000492,-1.3683534736473277,10.495614909422882,9.88324752886799,-0.03824653369434933,-0.8777455480796704,0.5518069326113013,52.202717,-2.185017,44.798910891625745,Vw11
14147.310000000492,-0.3715000100708894,-0.35649995547562685,9.652399998305745,-0.1680999990017841,-0.8301999977812495,0.6302999988578438,52.202717,-2.185017,44.78999999965494,Vw11
14147.410000000493,-2.4144999943983394,8.67579993414439,9.308699998826889,0.03439999965294601,-0.38010000263352733,0.3986000006746889,52.202717,-2.185017,44.72,Vw11
14147.510000000493,-1.2818178179937565,-4.459883123777607,9.061614845821314,-0.037354456458687416,-0.8991702921822416,0.5291623738026631,52.202717,-2.185017,44.72079207959853,Vw11
14147.610000000494,-0.5136000036104569,4.5717999597118615,7.913100007375271,-0.2427999995389211,0.08379999804265532,0.03540000098987566,52.202717,-2.185017,44.79999999965145,Vw11
14147.710000000494,-1.2123940464328438,-3.483888101298762,9.414646544687608,-0.149086138064547,-0.30363861106940426,0.2306871269804558,52.202717,-2.185017,44.73039603979927,Vw11
14147.810000000494,1.418199994672529,0.0672999816137286,11.449299992233186,-0.037700000015992406,0.26249999823233916,-0.12059999965366441,52.202717,-2.185017,44.770000000149935,Vw11
14147.910000000495,0.34577128394673645,-3.5776960227732504,9.897067327656933,-0.039306929904558585,-0.08623267080868267,-0.053554456561417094,52.202717,-2.185017,44.800396039799985,Vw11
14148.010000000495,-0.29710000108551465,-0.17729998744780898,10.083800001951849,0.11999999933701473,0.41049999852807373,-0.278999998632964,52.202717,-2.185017,44.84000000044529,Vw11
14148.110000000495,-0.5164999971358597,2.3596999928933737,10.478300001460807,-0.013999999425772605,0.11300000058722123,-0.0027000004812715236,52.202717,-2.185017,44.929999999650164,Vw11
14148.210000000496,0.04874356046764742,0.9368346530370162,10.762765342656646,0.09966237562502323,0.22677029518357,-0.09679306821454142,52.202717,-2.185017,44.85514851245009,Vw11
14148.310000000496,-0.7368999943806542,0.8502999881490202,9.979299996803489,-0.02409999998410931,-0.14620000008243295,0.12389999987535738,52.202717,-2.185017,44.37000000302916,Vw11
14148.410000000496,0.39469999427473634,-1.5361999933522938,9.335600003071798,-0.020899999923255183,-0.16280000030246486,0.09880000028741687,52.202717,-2.185017,44.980000000050154,Vw11
14148.510000000497,-0.7346574197600376,-0.21153663397963463,9.953267329349387,-0.004993069005418319,-0.22194158358293545,0.15545445512484948,52.202717,-2.185017,44.98722772139506,Vw11
14148.610000000497,0.46959999512695494,-0.27520000015750246,10.479999985042285,0.0557000004609705,-0.1060999995445471,0.09089999990870877,52.202717,-2.185017,44.71000000040128,Vw11
14148.710000000498,-0.5079455475578833,-0.305699009453378,7.530964372812344,0.14886435706377613,-0.013019800847395131,0.06960791925593356,52.202717,-2.185017,44.790792079601424,Vw11
14148.810000000498,-1.1125000072927953,-0.21560002410508958,10.827399983761625,0.275299999223196,0.21500000050595466,-0.23959999946585286,52.202717,-2.185017,44.870000000251714,Vw11
14148.910000000498,-2.5404673164451976,-4.914707876420522,7.6215465444492505,0.12254158492705156,0.3173544563701783,-0.13617227856012343,52.202717,-2.185017,44.91980198009929,Vw11
14149.010000000499,-0.47719999962997345,3.984499968786877,9.586199996991457,0.27669999775668264,0.5027999980436421,-0.4033999991154603,52.202717,-2.185017,44.89999999964759,Vw11
14149.110000000499,-0.42056832524255006,-2.180962359016501,8.980887124867085,-0.16875445537297323,0.11668812005250503,-0.2264029696503058,52.202717,-2.185017,44.83049504975179,Vw11
14149.2100000005,-2.1073999852924703,1.2727999927352747,8.209600012328973,-0.1541999996168299,0.36549999739634403,-0.0966999990670858,52.20271700000062,-2.1850169999920666,44.880000000050025,Vw11
14149.3100000005,0.8327999885199031,-0.1794999972867954,10.674299991726828,-0.07760000036066013,-0.15499999913811735,0.08979999939223017,52.20284,-2.183431,44.89000000025011,Vw11
14149.4100000005,-1.4621999921835296,0.36289998667708495,9.020400005523452,-0.1496999992051471,0.01729999948927325,-0.03169999969336386,52.20284,-2.183431,44.9400000004502,Vw11
14149.5100000005,0.10039999458659658,-2.300499993704705,10.124599995912684,0.009199999375722837,-0.08480000005152287,0.029599999204146663,52.20284,-2.183431,45.03000000050022,Vw11
14149.6100000005,-0.9817999945000582,-1.0419999913061402,9.307500005783067,-0.1155999994362497,-0.09510000054724296,-0.1294999994467544,52.20284,-2.183431,45.13000000020009,Vw11
14149.710000000501,0.11769999348752316,0.6959999844834165,10.46359998986379,-0.002900001052278094,-0.20449999987951012,-0.018899998792089173,52.20284,-2.183431,45.169999999447754,Vw11
14149.810000000502,-1.179499992922727,-2.3946999882853732,8.44460000668819,-0.21249999873033812,-0.18049999954063242,0.22169999900294643,52.20284,-2.183431,45.059999999698775,Vw11
14149.910000000502,0.23020000186006218,-0.06130000829572673,9.776800000721934,0.040400000231440934,-0.08900000022240419,0.023100000115469446,52.20284,-2.183431,45.000000000451834,Vw11
14150.010000000502,0.6006999919040856,-1.7137000047206923,9.920599996828606,0.08649999990561627,-0.13329999825289707,0.046099999310195566,52.20284,-2.183431,45.09000000020082,Vw11
14150.110000000503,-1.011900001116661,-2.6539999840609565,9.288900000455387,0.06769999906640645,0.21469999945840418,-0.09130000048479926,52.20284,-2.183431,45.12999999984787,Vw11
14150.210000000503,-1.2431712926893463,0.48054356005890425,9.372105937282146,-0.11698514880874654,0.10834752497724777,-0.18608613820509365,52.20284,-2.183431,45.099702970147845,Vw11
14150.310000000503,-2.350299975092008,-0.37509999754940787,8.712700019576236,-0.17549999764610827,0.15309999926914844,-0.10469999986818207,52.20284,-2.183431,45.06999999938926,Vw11
14150.410000000504,2.5105039436633043,0.0790871149455953,12.5319752338523,0.28440593928650254,0.010921782894878749,-0.080245545283094,52.20284,-2.183431,44.95059405970538,Vw11
14150.510000000504,-0.8090999949166119,-2.65220001176895,9.819500014126403,0.025000001282043945,0.15309999713868558,-0.2247999983301365,52.20284,-2.183431,45.01000000040716,Vw11
14150.610000000504,0.17164157505559852,-4.888465308156988,12.551292057125393,0.27282772071953926,-0.4036940566809347,0.10120989993652989,52.20284,-2.183431,45.090495049754495,Vw11
14150.710000000505,-1.6342000027726384,2.7249999856301184,8.17050000392407,-0.13439999926170856,0.13689999850116727,-0.10779999883693818,52.20284,-2.183431,45.14000000005057,Vw11
14150.810000000505,-2.182499997285515,-0.11669998833499558,8.946499998018243,0.011599998487008269,-0.15949999713785656,0.12219999767185363,52.20284,-2.183431,45.14999999954489,Vw11
14150.910000000506,-1.6457000025511508,2.1900999950033855,8.554599999755252,-0.28759999924552687,0.40649999890520483,-0.33819999886677327,52.20284,-2.183431,45.05999999979773,Vw11
14151.010000000506,-2.150200015876805,1.2019999650955033,8.506200003801188,-0.13839999745694004,0.19000000229628858,-0.11410000130768602,52.20284,-2.183431,45.019999999292054,Vw11
14151.110000000506,-5.289899997526218,-5.700500022231168,9.257900010889292,0.36449999710195335,0.6440999924810582,-0.3726999983332818,52.20284,-2.183431,44.87999999979773,Vw11
14151.210000000507,-4.80069998591896,-10.096799921753444,11.411299986440667,-0.2085999995087419,-0.8427999934187653,-0.04309999996802762,52.20284,-2.183431,44.83999999964475,Vw11
14151.310000000507,-2.0261000016402337,5.321299970343844,8.73950000144992,-0.11180000000507498,0.4539999968946195,-0.03679999960212153,52.20284,-2.183431,44.7700000003045,Vw11
14151.410000000507,-2.3492999971772957,-0.5223000486639874,9.025200011399422,-0.1127999991448658,-0.15789999487376227,0.041599995388872775,52.20284,-2.183431,44.82999999944175,Vw11
14151.510000000508,-1.7930999989510015,-10.111299970973649,11.271399990204273,0.05569999944378214,0.8521999980111151,-0.8669999964642611,52.20284,-2.183431,44.71999999954325,Vw11
14151.610000000508,-1.5864000118962616,-4.3918000131152715,9.341200003686973,-0.05389999854195812,0.46029999979344827,-0.17029999895607653,52.20284,-2.183431,44.62999999974625,Vw11
14151.710000000508,-3.930499977383777,-6.976099953454026,10.067700011482044,0.23340000012427337,0.41960000100029865,0.03539999654377461,52.20284,-2.183431,44.57999999979627,Vw11
14151.810000000509,0.5099999836336064,2.162799970623612,12.322099982815644,0.2577999991137883,0.6159999965590541,-0.6431999979484709,52.20284,-2.183431,44.539999999898136,Vw11
14151.91000000051,-2.703399996700644,-3.604999959345296,8.948100007441631,0.0838000003585592,-0.0595999968722841,-0.24040000026688213,52.20284,-2.183431,44.51999999969441,Vw11
14152.01000000051,-2.055600003718519,4.377199954921913,10.409200001192609,0.15419999879125454,0.5544999970288159,-0.2927999986006388,52.20284,-2.183431,44.46000000040342,Vw11
14152.11000000051,-2.7856990136180624,-4.473493114367484,10.64335841703373,-0.08312673388154265,-0.028866339603691782,-0.01804752335365839,52.20284,-2.183431,44.53920792119534,Vw11
14152.21000000051,-3.132099992455121,-0.5984000023282247,10.804300004160647,-0.015499999341145668,0.2559999985560407,-0.2102999992138728,52.20284,-2.183431,44.41999999979555,Vw11
14152.31000000051,-1.6560000024299406,-1.053899990662056,11.618299992179107,0.11339999964680501,-0.026499999797590136,-0.05650000025045665,52.20284,-2.183431,44.37999999790434,Vw11
14152.410000000511,-2.1313999943729036,0.7729999953757525,10.088200003111286,0.044299999318144545,0.013099999891639165,-0.10549999954662234,52.20284,-2.183431,43.96999999616648,Vw11
14152.510000000511,-1.0304999995558228,-0.13170000898832696,10.696899998277472,-0.08910000009711584,-0.008100000915444616,-0.01679999917349305,52.20284,-2.183431,43.2199999966265,Vw11
14152.610000000512,-0.9436000016949271,-1.8901999909089349,10.35990000059445,-0.10810000020087646,-0.18719999872369336,0.14489999937948086,52.20284,-2.183431,42.55999999626871,Vw11
14152.710000000512,-1.275200009085972,-0.1116000018686951,10.476199988000957,-0.1473999993285419,0.06249999933623621,0.023500000111311238,52.20284,-2.183431,41.8299999966145,Vw11
14152.810000000512,-3.046500004901052,-0.4759000063627147,8.137000006879298,-0.016500000520208922,-0.06690000075803351,0.04520000068860324,52.20284,-2.183431,41.16999999502589,Vw11
14152.910000000513,-3.992593069406005,-1.7038049504462744,9.459788116291335,-0.1166287127320753,-0.21207821724613615,0.17678316764109542,52.20284,-2.183431,40.20316831332598,Vw11
14153.010000000513,-4.011899992728862,-1.6942999829447587,8.968600009376305,-0.08950000000153886,-0.09990000077917867,0.04510000050987728,52.20284,-2.183431,39.519999995485996,Vw11
14153.110000000514,-2.5944000044937967,1.6305999873626538,10.796499997590665,-0.08979999992590651,-0.25180000051295504,0.14449999943108624,52.20284,-2.183431,38.639999995647656,Vw11
14153.210000000514,-3.4574435621721555,-0.767355424481674,10.333317822715031,-0.07559207925517318,-0.3488178207649816,0.03492970308817396,52.20284,-2.183431,37.791188114289874,Vw11
14153.310000000514,-3.0318000020091787,3.337099974631001,10.515099990407005,-0.08480000019551012,-0.15060000148764488,0.05790000122401818,52.20284,-2.183431,36.90999999480026,Vw11
14153.410000000515,-3.399539594350813,-1.4947712629102374,8.689820802183368,-0.12109009833533851,-0.43162871025971566,0.289469304957993,52.20284,-2.183431,35.90465346259322,Vw11
14153.510000000515,-1.53350001266447,3.208099961832082,10.651899991199423,0.00989999949037374,0.07549999724750342,-0.09359999797127566,52.20284,-2.183431,35.36999999629362,Vw11
14153.610000000515,-3.9936999993771236,-4.20639997986513,8.942300005693914,-0.08909999932924947,-0.4591999966616906,0.30049999748429945,52.20284,-2.183431,34.649999996705446,Vw11
14153.710000000516,-3.8726999949110423,-0.2950000158103285,10.048399996829152,0.04119999960532295,0.18929999768411362,-0.18819999815937918,52.20284,-2.183431,34.00999999638385,Vw11
14153.810000000516,-2.887599999491234,-3.355499966907262,9.43460000306825,-0.035199999443227555,-0.2589999973570268,0.16809999848570417,52.20284,-2.183431,33.30999999540806,Vw11
14153.910000000516,-2.7861039583309215,2.973973260904708,10.022678217862206,0.07012178146596712,0.2443881172036887,-0.1199633652324404,52.20284,-2.183431,32.42158415406661,Vw11
14154.010000000517,-2.386499993823614,1.7312999999602223,10.030500001322478,-0.067699999380605,-0.06679999825546547,0.09369999885161379,52.20284,-2.183431,31.579999995815594,Vw11
14154.110000000517,-1.1908999974785097,1.7235999929521217,10.286499995104249,0.05219999959344132,0.27089999907839807,-0.1285999996156548,52.20284,-2.183431,30.76999999628053,Vw11
14154.210000000518,-0.7028000004583583,0.3592999960549362,9.338800004756045,-0.026499999693059044,0.09250000052200494,-0.054200000354162635,52.20284,-2.183431,30.049999996150408,Vw11
14154.310000000518,-0.7912158420423416,-0.40169010295345725,10.256225747328484,0.03270792109890287,0.19319306982873616,-0.12251683203719563,52.20284,-2.183431,29.307425738726135,Vw11
14154.410000000518,0.08480000169728082,1.3405000000067393,9.316300006573982,-0.04119999973405465,0.04990000084708517,-0.039700000592544894,52.20284,-2.183431,28.509999997200577,Vw11
14154.510000000519,0.4121999995930466,1.3417999981150541,10.58439999617412,0.01009999957853106,0.2132999995634971,-0.1539999994504833,52.20284,-2.183431,27.969999996474797,Vw11
14154.610000000519,0.3336999961279809,0.9781999859448144,9.84639999945411,-0.07119999923223186,0.1291000000995351,-0.048000000266982173,52.20284,-2.183431,27.289999995904545,Vw11
14154.71000000052,-0.41319999673883495,-1.7329999918313228,9.741099998534946,0.0768999996736733,0.1483000001586967,-0.09949999999211771,52.20284,-2.183431,26.499999995323176,Vw11
14154.81000000052,0.2068891086450085,-0.19544753357245992,9.468674260743093,0.014705940545108157,0.1779980195407351,-0.09758217800037518,52.20284,-2.183431,25.600594054510815,Vw11
14154.91000000052,0.15579999998491328,-1.8901999859683305,10.106099997729713,0.0052999997924278435,0.12780000028664726,-0.055800000338150135,52.20284,-2.183431,24.65999999531792,Vw11
14155.01000000052,0.15290000426381303,0.8069999935174019,9.669700002827456,-0.03459999956092506,0.18289999929144543,-0.12079999969982673,52.20284,-2.183431,23.759999994173416,Vw11
14155.11000000052,0.9724999975493042,-0.439099991903268,10.213199996677663,0.049799999487929514,0.04670000050697018,-0.06310000018514103,52.20284,-2.183431,22.639999995052705,Vw11
14155.210000000521,0.5014215661702024,1.117272557137989,9.574572545688387,-0.048631373062459265,0.1441509809004826,-0.0986882354797537,52.20284,-2.183431,21.689019602882617,Vw11
14155.310000000522,0.4588999968478623,-0.9032999882820666,9.943900001606869,0.03649999982876761,0.07260000082797123,-0.03470000038683902,52.20284,-2.183431,20.709999993787605,Vw11
14155.410000000522,-0.14489999625442337,1.3412999852776637,10.251700000039548,0.0037000003084840666,0.2311999986679816,-0.10879999930973394,52.20284,-2.183431,19.51999999451584,Vw11
14155.510000000522,0.5730080039732783,-1.4319409902553362,10.256913998806136,0.061969999879882484,-0.020312999432314197,0.021397999633380467,52.20284,-2.183431,18.470499995038626,Vw11
14155.610000000523,1.322133661242627,0.4164405946550995,10.027979206552041,0.03933861393377946,0.0856712862780914,-0.04748316799468142,52.20284,-2.183431,17.521485144067835,Vw11
14155.710000000523,0.9155000050474773,0.5305000014013495,9.765900000766944,0.05319999989627395,-0.07719999964638846,0.014199999994761311,52.20284,-2.183431,16.669999996752015,Vw11
14155.810000000523,1.8790000031961245,0.7980000011441298,9.912300001125795,0.033400000015716066,-0.009700000341038685,0.013200000269268639,52.20284,-2.183431,16.049999997799752,Vw11
14155.910000000524,2.489099995086215,1.0163999891395088,10.12719999846808,0.03639999979256906,-0.07480000035665423,0.06460000009207394,52.20284,-2.183431,15.629999999047511,Vw11
14156.010000000524,1.5648158438459487,-1.0114366207905152,9.837094059088386,-0.0027524752226185953,-0.14087128643237823,0.08150197993702403,52.20284,-2.183431,15.448910890518341,Vw11
14156.110000000524,1.996399998433108,1.4448999845285784,9.77650000222854,0.002000000105821528,-0.008000000873813405,0.03170000035780249,52.20284,-2.183431,15.33999999931897,Vw11
14156.210000000525,1.6973000009616372,-1.5083999892064053,10.201899996927116,0.022199999825301686,-0.17479999828646972,0.09999999902880481,52.20284,-2.183431,15.210000000159301,Vw11
14156.310000000525,1.8784069306967142,0.5014148394501683,9.631414855805225,-0.01033663347227705,0.1457999988956393,-0.0814366328938024,52.20284,-2.183431,15.239405940281651,Vw11
14156.410000000526,1.8790999955379608,-1.7870999809480177,10.452899998142744,0.025999999873309206,-0.06419999803550418,0.06489999879144343,52.20284,-2.183431,15.18000000005257,Vw11
14156.510000000526,1.0303000026539275,1.837100001551576,10.099599996851182,0.0018999997674229124,0.30949999858011157,-0.16499999884879651,52.20284,-2.183431,15.1899999997345,Vw11
14156.610000000526,1.5342742596210015,2.139169312121002,9.515414856120914,-0.04102178171635951,0.04649604191585545,0.049338612566933185,52.20284,-2.183431,15.14,Vw11
14156.710000000527,1.9517000027572786,3.1260999953458066,10.396899992953035,0.04679999966714313,0.4860999988859053,-0.1967999994972859,52.20284,-2.183431,15.1399999998945,Vw11
14156.810000000527,2.474399993638267,2.2437999836188,9.06100000354854,-0.016299999609644872,0.27490000092049954,-0.10150000044943591,52.20284,-2.183431,15.119999999894498,Vw11
14156.910000000527,1.2683999990436299,-0.8615999900322291,9.733699996226216,0.05769999951522114,0.44939999986759577,-0.18670000007068593,52.20284,-2.183431,15.099999999683495,Vw11
14157.010000000528,1.087100002943593,1.0279999989507314,9.018300006517583,-0.034200000079387186,0.4242999995153204,-0.20010000000104458,52.20284,-2.183431,15.04000000031337,Vw11
14157.110000000528,1.6451198049226856,0.8290891078620164,10.253844560970581,-0.04924950502985241,0.33241881139669055,-0.2002980198030244,52.20284,-2.183431,15.099405940907312,Vw11
14157.210000000528,1.3156999997522756,3.257699984913682,10.1679999995993,-0.04259999950084566,0.4166999982405207,-0.061999999182191456,52.20284,-2.183431,15.310000001270383,Vw11
14157.310000000529,1.2689000018801655,0.40760001260801404,10.092300005698723,0.05170000069341695,0.08430000140271368,0.0924999992118337,52.20284,-2.183431,15.550000001852641,Vw11
14157.41000000053,1.6240999957484543,2.789500000748996,11.168899989288033,0.1826999991790155,0.34929999920230587,-0.05639999959612432,52.20284,-2.183431,15.900000002487833,Vw11
14157.51000000053,0.8209000059819122,2.930999988481339,9.145200008061634,0.02760000025248846,0.19859999949078846,0.019899999487612514,52.20284,-2.183431,16.370000002964225,Vw11
14157.61000000053,1.9509999905817041,0.7549000163821078,10.668199991462503,0.07529999923036013,0.1024000012867913,-0.07689999970887074,52.20284,-2.183431,16.930000003175955,Vw11
14157.71000000053,0.17170000163742852,3.849799991845048,9.055300004381142,-0.07009999896399917,0.34549999918879687,-0.0218999998444121,52.20284,-2.183431,17.530000002897154,Vw11
14157.81000000053,0.475779207325267,2.362187145921546,9.853152465286158,0.11969702794796011,0.19538118869329363,0.005832672593941528,52.20284,-2.183431,18.076435646983892,Vw11
14157.910000000531,0.3637000081504186,5.600899975977378,7.97840000372067,-0.2105999992733938,0.30349999923196447,-0.12089999810912413,52.20284,-2.183431,18.72000000318687,Vw11
14158.010000000531,1.8981999931020213,1.0780999893197383,8.678900003004156,-0.07379999926117745,0.15890000377909602,0.23509999738889165,52.20284,-2.183431,19.32000000297441,Vw11
14158.110000000532,0.5994999869099338,-0.9326999575806432,9.244500003950657,0.0652999994630125,0.8703999975312384,-0.25650000005098994,52.20284,-2.183431,19.880000002761953,Vw11
14158.210000000532,-1.8649999817277814,7.053699959062568,9.988300004751295,-0.03579999938735536,0.4056000009936347,-0.2660999999836417,52.20284000000076,-2.183430999994623,20.40000000316612,Vw11
14158.310000000532,1.563415859849585,-0.6273891498331059,10.879785153264379,0.07915049566192187,0.5920356445576218,-0.26303069305295473,52.202982574258186,-2.1824220891035355,20.99405940910554,Vw11
14158.410000000533,0.19000000126780806,5.5125999833769095,10.175899991746597,0.056999999686143485,-0.031099999037434902,-0.036299998849013325,52.202984,-2.182412,21.61000000349926,Vw11
14158.510000000533,0.43060594331635293,2.4213960377890977,8.651458420457923,-0.0006108907217022237,0.1484633667436316,0.1759742566122746,52.202984,-2.182412,22.26653465694938,Vw11
14158.610000000534,0.9412000056126428,2.0810000029856637,9.517300007586742,0.06830000029952571,0.22480000030752018,0.02339999978521555,52.202984,-2.182412,22.920000003037895,Vw11
14158.710000000534,1.994299981068151,2.6412000001930567,10.940799994599226,0.12449999956361717,0.28250000027594796,-0.01690000015401747,52.202984,-2.182412,23.490000002673913,Vw11
14158.810000000534,-1.5457999941633798,2.677299999734213,9.930900003868084,0.04290000023637404,0.3340999994053214,-0.04569999974758247,52.202984,-2.182412,23.990000002887825,Vw11
14158.910000000535,-0.45439999913151263,2.6276000086217697,10.654199997573155,0.08709999952618236,0.22289999983261294,0.0015000002262131602,52.202984,-2.182412,24.530000003262177,Vw11
14159.010000000535,-0.29199999365105755,4.239799990292086,10.200399994467137,-0.0015000003411914805,0.19159999854806445,0.04380000027969145,52.202984,-2.182412,25.140000002994785,Vw11
14159.110000000535,0.8951999856999057,2.4245000131738417,9.165800006621682,-0.06529999973314334,-0.07989999772129013,0.09609999787049456,52.202984,-2.182412,25.700000002887826,Vw11
14159.210000000536,-1.7787999850985659,4.887899963098962,10.404000001681174,-0.015399999990341166,0.346199997642708,-0.30209999620515154,52.202984,-2.182412,26.24000000289765,Vw11
14159.310000000536,0.9981999870866759,-1.9888999586580451,10.717300000076197,-0.013600000308009475,-0.0930999984551232,0.4050999991983168,52.202984,-2.182412,26.78000000203909,Vw11
14159.410000000536,-1.408299987165459,5.715499972284784,10.731499988743828,-0.07100000018428751,0.19479999889210683,0.255699998602667,52.202984,-2.182412,27.16000000319793,Vw11
14159.510000000537,0.9601070002721586,0.6307340153171072,8.665370005673996,-0.10412699953137189,-0.006141998143738812,-0.004389001228739694,52.202984,-2.182412,27.75520000279137,Vw11
14159.610000000537,0.9946326648568239,3.457817822972745,9.715501982185309,-0.017802970352306012,0.33475841506771586,-0.22868316707311476,52.202984,-2.182412,28.27554455743186,Vw11
14159.710000000538,-0.5721000026743365,3.679599997910389,10.085700003578344,-0.028099999062609276,0.1906000009648502,0.0029999988197814673,52.202984,-2.182412,28.830000002261365,Vw11
14159.810000000538,-1.068799987997522,3.291499985149814,10.750299994365426,0.1459999991875229,0.36979999810368175,-0.21619999899476824,52.202984,-2.182412,29.25000000258442,Vw11
14159.910000000538,1.1603999909173786,0.5334000053626717,9.703800003672567,-0.004900000270287273,0.017600001379434252,-0.029500000441505105,52.202984,-2.182412,29.730000003122843,Vw11
14160.010000000539,-0.5264999863429548,1.5293999986372568,10.385899995785241,-0.05510000104992069,0.27379999846926945,-0.1114999987018673,52.202984,-2.182412,30.310000003661262,Vw11
14160.110000000539,2.0099999928659233,1.276300014002173,9.60310001677827,-0.25009999908522296,-0.010499998330356903,0.129599998761632,52.202984,-2.182412,30.990000003068996,Vw11
14160.21000000054,0.6849999991258919,3.876899975748633,12.719299980616194,-0.08020000086654472,0.29959999768831364,-0.10039999828365799,52.202984,-2.182412,31.56000000194486,Vw11
14160.31000000054,0.5231999976131221,-0.6120999840934833,9.131300005165565,-0.24059999843385013,-0.12829999923165888,0.2173000003083187,52.202984,-2.182412,31.920000002564777,Vw11
14160.41000000054,0.0964564414027067,2.3028831683617788,10.07825346553756,0.047081188486951794,0.012653465429473152,0.27196831584177206,52.202984,-2.182412,32.39415841808895,Vw11
14160.51000000054,1.162100017244456,2.311199991067134,10.113600000975133,0.1151999993900692,0.028000001753618563,0.0887999970162553,52.202984,-2.182412,32.81000000280925,Vw11
14160.61000000054,4.35409999092343,0.6576999996175101,10.294100002146374,0.0022999999643441697,0.35259999843438494,-0.46349999668238706,52.202984,-2.182412,33.3300000024851,Vw11
14160.710000000541,2.673999987563002,0.5868999985180111,10.691399989150693,-0.004300000197851477,0.06280000119361356,0.1506000009973883,52.202984,-2.182412,33.79000000211403,Vw11
14160.810000000542,0.37959999631671015,0.31350001315034753,8.689900002105356,-0.04080000006071059,0.28299999946715615,0.33459999615951314,52.202984,-2.182412,34.18000000157197,Vw11
14160.910000000542,-0.29989999705371856,2.7394999872993973,9.07830000379715,-0.052000000184519016,0.18469999903305465,-0.3738999989618752,52.202984,-2.182412,34.47000000180686,Vw11
14161.010000000542,0.2428871312544994,0.418125741612154,9.77277425795404,-0.08462574199173387,0.009747525645856995,-0.18052970092582726,52.202984,-2.182412,34.80405940814183,Vw11
14161.110000000543,0.7115999982616174,0.24069999933435174,9.87019999869364,0.022800000540974724,0.17449999935766025,0.1964999996205588,52.202984,-2.182412,35.210000002710295,Vw11
14161.210000000543,0.39090000078916676,0.11790000467680548,9.629199996508849,0.12259999933429354,0.05600000013433783,0.12649999815081536,52.202984,-2.182412,35.71000000228429,Vw11
14161.310000000543,0.5359999956092742,0.9777999936029089,8.987299997696677,0.00020000063742481872,0.08069999994234894,-0.21349999925978227,52.202984,-2.182412,36.13000000266501,Vw11
14161.410000000544,-0.27129999332183946,-0.19839999412721815,8.563800009454685,0.11739999970004314,0.07009999981980612,-0.07739999923252794,52.202984,-2.182412,36.62000000247217,Vw11
14161.510000000544,0.9186752335829412,0.8731811895231743,10.284699009846044,0.06252475232549197,0.0393178228800265,0.058795047597991264,52.202984,-2.182412,37.074950497742954,Vw11
14161.610000000544,-1.6437999921398776,1.131299997653711,10.274600000488402,0.03500000020667358,0.2410999994604732,-0.29169999858809315,52.202984,-2.182412,37.57000000244745,Vw11
14161.710000000545,-0.19859998440189025,0.6998999750881133,10.364399989889726,0.07300000024253192,0.14190000164646102,-0.032100000753502576,52.202984,-2.182412,38.020000002149715,Vw11
14161.810000000545,2.5971791893490144,-3.7790177996285728,8.541022778185324,0.11670693053308427,0.4393019794894374,-0.1702455453435709,52.202984,-2.182412,38.41495049775195,Vw11
14161.910000000546,-0.8048999846571882,0.27919998690764186,9.623299999946521,0.08739999981446309,0.3094999988491254,-0.3147999981539077,52.202984,-2.182412,38.91000000169166,Vw11
14162.010000000546,2.0066999922466953,-2.119999985950236,9.613500001715913,0.05339999995755692,0.09860000087972941,0.023499998733321925,52.202984,-2.182412,39.22000000270092,Vw11
14162.110000000546,0.6193851590428635,0.4149722696243987,9.927474258885654,0.04506831648683915,0.2522851452858575,-0.2030326714836508,52.202984,-2.182412,39.715049507707086,Vw11
14162.210000000547,2.547899992139,-0.9777999983723848,10.19490000228021,-0.018099999764955334,-0.3391999981013921,0.12369999987335241,52.202984,-2.182412,40.22000000254401,Vw11
14162.310000000547,1.1124227645669342,-0.6583831545599934,10.600380194284503,0.02398712848673594,0.0020524741260669484,0.10139603993041958,52.202984,-2.182412,40.68455445794008,Vw11
14162.410000000547,-0.29529999202286056,1.8532999826266043,9.918400002602082,-0.01729999975057613,-0.2026999996189511,0.16099999909853457,52.202984,-2.182412,41.1400000023781,Vw11
14162.510000000548,1.1317869916128265,-1.2909710015724924,10.3792679947244,0.027060999595237948,-0.13188099894893318,-0.0027690004211935264,52.202984,-2.182412,41.57480000262904,Vw11
14162.610000000548,-0.38253465255318303,-1.5517989970835206,9.433443568597834,-0.04466237545019133,0.05845742593834775,-0.07888316830761243,52.202984,-2.182412,42.05485148780583,Vw11
14162.710000000548,-0.21599999547238258,0.7882999880662508,10.207799997512613,0.09909999974455931,0.09419999945890523,-0.07720000017304046,52.202984,-2.182412,42.54000000274667,Vw11
14162.810000000549,0.6081999938624321,-1.3840999912222958,9.755000003263271,0.05259999992842001,-0.004299999168229429,-0.10869999964598424,52.202984,-2.182412,43.04000000227502,Vw11
14162.91000000055,-0.49842970326138625,0.16916731099807708,10.324496029380471,0.04106435718540232,0.1432722759485625,-0.04388118755894123,52.202984,-2.182412,43.45148514933099,Vw11
14163.01000000055,-0.551400003529476,-2.6940999715279776,8.46410001364383,0.17749999999835198,-0.08949999831628884,0.057999999150728405,52.202984,-2.182412,43.60000000153814,Vw11
14163.11000000055,-1.1938999818444849,2.4888999795938602,10.947799990559682,0.17719999874751666,0.2169999973417689,-0.0965999982289446,52.202984,-2.182412,43.87999999989014,Vw11
14163.21000000055,2.1111000071407484,-1.225800000770513,9.229300004894798,-0.050799999521598506,-0.26689999770664913,0.2257999984578717,52.202984,-2.182412,43.86000000022046,Vw11
14163.31000000055,3.4066999917563927,-1.3656000052282449,10.117400001147502,0.03600000056934186,0.1491999972304522,-0.053999998624320145,52.202984,-2.182412,43.90000000022046,Vw11
14163.410000000551,1.9109999991043751,-2.3141999863049305,10.325600011691074,0.13930000084987915,-0.35329999872187434,0.19559999883871895,52.202984,-2.182412,43.93999999977954,Vw11
14163.510000000551,1.7484999881887742,0.17059999733847836,12.44679998090142,0.2934999978565629,-0.1214000000369273,-0.015099999602066965,52.202984,-2.182412,43.89999999961419,Vw11
14163.610000000552,-0.3944999960526366,-0.31229997984926633,8.981600019984837,-0.09539999788963215,-0.1280999980786779,0.05709999922397546,52.202984,-2.182412,43.83000000055115,Vw11
14163.710000000552,0.321700010238844,3.3437999661812907,12.60759997691615,0.28749999586597547,0.22049999802699313,-0.0836999987303745,52.202984,-2.182412,43.93000000038708,Vw11
14163.810000000552,2.1732999881851836,-2.7719999943016154,8.43309999617011,-0.46009999706592647,-0.13629999725891395,0.14589999847158325,52.202984,-2.182412,44.000000000276486,Vw11
14163.910000000553,0.0367000173036242,-1.7415000080933096,7.7405000031187665,0.07049999776654294,0.3593999961927824,-0.13049999788709102,52.202984,-2.182412,44.05000000038708,Vw11
14164.010000000553,3.1658999739074267,-3.205099991260265,8.304500002574642,-0.33339999900962575,-0.3290999969956989,0.25159999855729404,52.202984,-2.182412,44.12000000088475,Vw11
14164.110000000554,-1.5526999993817765,-1.6245999790406729,8.770100014223566,-0.15429999963503796,0.2141999962397851,-0.009299998227169272,52.202984,-2.182412,44.27999999900465,Vw11
14164.210000000554,-1.440900004309249,2.165699992647087,11.342299990138988,-0.08830000023290269,-0.46579999831365276,0.3112999990596005,52.202984,-2.182412,44.099999999340845,Vw11
14164.310000000554,-2.217632677575037,0.8403534579962468,9.564874247568252,-0.1302801982526215,-0.16183960227465094,0.14179504856488678,52.202984,-2.182412,43.98118811815296,Vw11
14164.410000000555,-1.849799962585953,0.5474999675014078,9.85759999917003,-0.006199999869623934,-0.7022999989148273,0.36859999983522684,52.202984,-2.182412,44.030000000499314,Vw11
14164.510000000555,4.893999969339988,-5.310299969772725,9.707999995106182,0.01729999920942173,-0.5067000002091565,0.33889999968043993,52.202984,-2.182412,44.1199999997226,Vw11
14164.610000000555,-0.6323999719563856,0.13809997450842784,8.825900006088286,-0.12519999975700122,-0.5444000005337096,0.28130000100805663,52.202984,-2.182412,44.06999999950069,Vw11
14164.710000000556,4.42239996501757,-4.456699961877172,9.92330001202446,-0.08140000072136754,-0.6405999966002215,0.4629999981270048,52.202984,-2.182412,43.97999999961037,Vw11
14164.810000000556,-1.8624999931030362,2.3923999654467174,12.083599973953401,-0.21100000037404243,-0.02980000325005021,0.12650000107871165,52.202984,-2.182412,43.90999999983301,Vw11
14164.910000000556,-0.6234000033042438,-3.8153999614960292,7.404100019586513,-0.27819999834422354,-0.6136999961616347,0.3202999982739444,52.202984,-2.182412,43.87999999932532,Vw11
14165.010000000557,-1.183261370637827,2.96832768676218,10.871818802982721,0.014945543800282644,0.0645990074504798,0.015455446744725643,52.202984,-2.182412,43.75930693030716,Vw11
14165.110000000557,1.6005999934404265,-3.498899982512302,9.273700004747496,-0.12049999973012811,-0.37549999740641876,0.23099999831667414,52.202984,-2.182412,43.69000000022489,Vw11
14165.210000000558,0.43776500215214426,-0.38360299727320823,10.131322007362394,-0.0718559996414021,0.08480299944484145,-0.06704099924326934,52.202984,-2.182412,43.72869999927612,Vw11
14165.310000000558,0.8314336695300484,0.1059099036211809,11.425481179840611,-0.009861387122573222,-0.014478218144790759,0.06751980199125997,52.202984,-2.182412,43.599009900437004,Vw11
14165.410000000558,1.9347999945720629,0.5768999959597607,9.94359999330666,-0.18599999917464083,-0.0722999989468015,0.06949999963143637,52.202984,-2.182412,43.49999999944157,Vw11
14165.510000000559,0.9628000038526068,-0.14660000586965508,8.745000008139671,-0.03819999993522215,0.1162999984721362,0.0035000002283977665,52.202984,-2.182412,43.399999999888315,Vw11
14165.610000000559,1.6526999938265592,-1.197699993962816,10.202599994488299,-0.02660000046126297,-0.15729999899706018,0.04439999990953438,52.202984,-2.182412,43.37999999927404,Vw11
14165.71000000056,0.5472000022636313,-0.11659999534257869,9.215600004227332,-0.1091999990577635,0.022299999949634206,0.028199999745341483,52.202984,-2.182412,43.249999999603865,Vw11
14165.81000000056,0.9398499958807012,0.6952839937700509,9.956480996570614,0.05668999965812621,0.013049999803842912,-0.016495999829623555,52.202984,-2.182412,43.17859999921537,Vw11
14165.91000000056,0.21139999955164251,-0.39842870907634065,9.352881189341252,-0.003103960061991089,-0.020524751872628443,0.01372970304298865,52.202984,-2.182412,43.03891089047872,Vw11
14166.01000000056,0.13139999574607095,0.2786999972061131,9.571000000016411,0.05649999990096614,0.08699999893722511,0.026699999467480747,52.202984,-2.182412,42.92999999954727,Vw11
14166.11000000056,-0.6285782224614322,-0.20508811325662013,9.569906928455094,0.037900989483053475,-0.09814554306672646,-0.06718118799617552,52.202984,-2.182412,42.84871287056574,Vw11
14166.210000000561,-1.4563999871314877,0.7860999893877072,9.170600007648096,-0.07199999935447372,0.16729999865614717,-0.04529999962188171,52.202984,-2.182412,42.71999999971612,Vw11
14166.310000000562,0.8109650004301349,-1.0847720009401118,10.522311002592616,0.04014399912511128,-0.06692499860838716,0.020042999293229356,52.202984,-2.182412,42.669299999606416,Vw11
14166.410000000562,0.8778247474849992,-1.2501594058615428,10.96926336097451,-0.11463960437625008,0.17658019716526926,-0.10293366254186564,52.202984,-2.182412,42.599702970130025,Vw11
14166.510000000562,-0.009700002274126018,-1.2360999948194218,10.01560001279266,-0.18859999968917654,0.02459999909338476,0.043700000482254114,52.202984,-2.182412,42.570000000056204,Vw11
14166.610000000563,-0.4142999936396416,-0.3144000081016442,12.291599975262837,-0.13330000127701788,-0.13669999962116633,0.12949999978023152,52.202984,-2.182412,42.58000000011241,Vw11
14166.710000000563,0.7173000030077717,-1.7557999880918405,7.890500021607012,-0.36049999729672705,-0.06930000119882315,0.0903999999785723,52.202984,-2.182412,42.59999999971806,Vw11
14166.810000000563,1.250700004607353,0.35599998760645346,11.72229999000041,0.11889999928973058,-0.2819000000028479,0.08660000039301195,52.202984,-2.182412,42.55000000045566,Vw11
14166.910000000564,2.029198002652685,-1.815228710236285,9.945342562210026,-0.003946533607953675,-0.2791227704285933,0.15362772165974556,52.202984,-2.182412,42.632475248921004,Vw11
14167.010000000564,-1.0109999785728687,-1.3480999969527563,7.809600018821411,0.1814000005012953,0.04859999844818376,-0.043599999166011545,52.202984,-2.182412,42.880000001127776,Vw11
14167.110000000564,2.788899977670086,-0.807699992941266,11.147399984602508,0.2702999976784784,-0.22659999704692527,0.1042999987137744,52.202984,-2.182412,43.08000000169166,Vw11
14167.210000000565,-1.171099989150896,0.44410000204955175,8.416800011744051,-0.1413999988878226,0.29709999855122765,-0.12379999909487087,52.20298400000464,-2.1824119999958813,43.38000000209311,Vw11
14167.310000000565,0.7467000006845039,0.8063999923069681,10.492800003921472,0.05520000028059003,0.04099999940770613,0.03619999987384763,52.203804,-2.181684,43.75000000175369,Vw11
14167.410000000566,0.8676999907422261,-0.5534999916598008,11.185999995011041,0.1047999987407391,-0.06370000076257129,0.013900000801604983,52.203804,-2.181684,44.06000000197997,Vw11
14167.510000000566,-0.768799992101617,0.920799991407496,10.304099999496522,-0.11779999922837742,-0.19850000005430776,0.1555999995757207,52.203804,-2.181684,44.410000001470834,Vw11
14167.610000000566,0.627399983668642,-0.598099987905212,10.215099996398152,0.018599999019632014,-0.2080999997018731,0.08059999951519022,52.203804,-2.181684,44.670000001301126,Vw11
14167.710000000567,-2.2594999875121866,1.5398999732168073,9.578399995443911,-0.15469999986322655,-0.15540000110099791,-0.00509999845236016,52.203804,-2.181684,44.900000000681025,Vw11
14167.810000000567,-0.05910002772730747,-3.1793999982257684,8.775600003913627,-0.13059999956031168,-0.3493999967708418,0.26759999728562683,52.203804,-2.181684,45.020000000687915,Vw11
14167.910000000567,-4.847905913346738,-2.827692055245522,9.525614889701323,-0.04656435227103145,0.2141445545942847,-0.20367623636128177,52.203804,-2.181684,45.1396039601712,Vw11
14168.010000000568,-0.048499997002334566,1.3930999551422807,16.257099960818095,0.6869999936056993,0.2386000001010194,0.018700000109532267,52.203804,-2.181684,45.10000000079454,Vw11
14168.110000000568,0.4796999935829983,-6.510999934369742,9.353100033591787,-0.4396999953741062,0.2564000017990533,0.03799999719245534,52.203804,-2.181684,45.23999999943248,Vw11
14168.210000000568,-0.6509999795241238,5.053299966160489,15.272099976007288,0.3753999940600374,0.573399995101367,-0.45669999624688645,52.203804,-2.181684,45.1399999998292,Vw11
14168.310000000569,2.945399989393127,-0.8903000033130108,11.057999974275344,-0.6678999985703781,-0.28699999742428917,0.20249999868196938,52.203804,-2.181684,45.109999999430656,Vw11
14168.41000000057,1.082400003902851,-1.4721999935607228,6.539700025879517,-0.4167999981570345,0.16539999746812864,-0.02899999923309406,52.203804,-2.181684,45.01000000011387,Vw11
14168.51000000057,1.7678999911435427,-0.3412000210312106,11.085199978103848,-0.09310000120884891,-0.279299999756735,0.10570000042672022,52.203804,-2.181684,45.03,Vw11
14168.61000000057,0.21210593159839808,-3.958628690333073,7.31501190238251,-0.3000930674803919,-0.23638316796550915,0.17854455368343825,52.203804,-2.181684,45.02960396017047,Vw11
14168.71000000057,-1.3672999852440124,-0.0015000036337369238,11.036199981537736,0.02059999898675742,-0.17470000096583607,0.04300000156327223,52.203804,-2.181684,44.99000000022847,Vw11
14168.81000000057,1.2161999858865704,-0.6376999800664228,7.803800017054917,-0.15679999879827372,-0.3437999980580469,0.31669999853039843,52.203804,-2.181684,45.02999999977153,Vw11
14168.910000000571,-1.254799985692375,2.852299974551276,10.789799993911405,0.05359999913011925,-0.0038000023463362594,0.05940000090929098,52.203804,-2.181684,44.98999999994289,Vw11
14169.010000000571,1.2501999787221711,-1.6032999759534745,9.723800006683758,-0.09869999861420935,-0.41459999705418527,0.2185999988553669,52.203804,-2.181684,44.98000000040385,Vw11
14169.110000000572,-2.384446504111289,2.518388092350255,10.8685841505789,0.13991881097773076,0.09001682826451285,0.02176336722990803,52.203804,-2.181684,45.04970297012731,Vw11
14169.210000000572,2.960899977354619,-2.11279997153599,9.497000002280467,-0.018199999270021364,-0.5082999943360762,0.17809999702851712,52.203804,-2.181684,45.01999999977081,Vw11
14169.310000000572,-0.991300006438022,2.8548999949887026,9.89500000400858,0.10919999951468454,0.48019999536858926,-0.34049999699012734,52.203804,-2.181684,44.98000000011459,Vw11
14169.410000000573,-2.11490000858613,1.9802999907171241,10.594599996263014,0.024500000463542164,-0.3280999945973559,0.18479999751383255,52.203804,-2.181684,44.99999999971351,Vw11
14169.510000000573,-3.613399982944055,0.36020000581690986,9.942400008320266,0.10540000050766174,0.614799997438772,-0.24909999999197824,52.203804,-2.181684,44.95,Vw11
14169.610000000574,-0.6366999867437005,1.375399970689435,11.39449998308286,0.1939999979820834,0.16780000063935677,-0.2476999999341922,52.203804,-2.181684,44.95000000272309,Vw11
14169.710000000574,1.6768643697290264,-3.7400455739470146,8.442024735510781,-0.15817821984534375,0.27938415905698694,-0.23621485141915663,52.203804,-2.181684,45.42524752748317,Vw11
14169.810000000574,0.22530000860095273,0.9182999856726669,9.199300003272949,0.12669999902966822,0.31259999696607693,-0.09219999890617143,52.203804,-2.181684,44.909999998747956,Vw11
14169.910000000575,1.7216366422613545,-1.5742742717481382,9.76870594386588,-0.042111882158116176,-0.21522178521109525,0.09809703079642187,52.203804,-2.181684,44.69217821657017,Vw11
14170.010000000575,0.056199988679272714,-2.627199979278152,8.093700012314962,-0.09209999894828554,-0.08090000066471996,0.035299999684713305,52.203804,-2.181684,44.78999999960162,Vw11
14170.110000000575,-1.9133049618118751,0.9778495256652016,10.23617525983547,0.09087029808105497,-0.1965435650209265,-0.019551485463692883,52.203804,-2.181684,44.72069306890869,Vw11
14170.210000000576,1.8900830222588916,-1.9592680173104857,8.752205991235241,-0.025506000688223215,-0.3356070008029271,0.27482100171709967,52.203804,-2.181684,44.65069999959652,Vw11
14170.310000000576,-1.9804999821841829,0.44259998888623303,8.882700010147929,0.0503000000294076,0.14949999794031463,-0.09849999900360126,52.203804,-2.181684,44.64000000069194,Vw11
14170.410000000576,1.1092000017817547,-1.4848000047034864,10.642599991575011,0.0553999998414296,-0.20769999687991111,0.0742999984408205,52.203804,-2.181684,44.76,Vw11
14170.510000000577,1.418200008019626,-2.300499999013404,9.181500006053929,0.02790000006804112,0.33339999774830026,-0.19609999897823,52.203804,-2.181684,44.75999999959637,Vw11
14170.610000000577,2.8089999812725477,-2.1293999986558996,10.23139999686146,0.03970000008015013,-0.0570999972933474,-0.018900001385040378,52.203804,-2.181684,44.68999999971169,Vw11
14170.710000000578,-0.4388000086840992,-1.8962999780540384,9.687099999468414,0.05359999998785279,0.4122999987025622,-0.25909999914738147,52.203804,-2.181684,44.64000000057844,Vw11
14170.810000000578,-1.940099991040564,1.8976999874831664,9.595199996913452,0.051499999460316755,0.18800000016080595,-0.11170000005495166,52.203804,-2.181684,44.740000000520595,Vw11
14170.910000000578,-0.39120001033843366,-0.2661999900577968,9.061600005702248,-0.04179999948808181,0.2158000007380877,-0.1212000004147405,52.203804,-2.181684,44.83000000034706,Vw11
14171.010000000579,-2.1784999742363436,1.4525999812325585,10.047400005650188,0.046699998564315316,0.34339999818775174,-0.19289999898599708,52.203804,-2.181684,44.89000000080981,Vw11
14171.110000000579,2.2754999781069745,-1.7918999805703049,11.024199994245413,-0.20149999921122005,0.030100001602684,-0.017600000914400463,52.203804,-2.181684,45.03000000093485,Vw11
14171.21000000058,-1.418998979521043,1.5050405775912357,10.042948516962717,-0.06664356443950985,0.30125742392410876,-0.17281287054232558,52.203804,-2.181684,45.191881189207365,Vw11
14171.31000000058,3.8310999688715,-1.340900001011389,10.407799991871752,-0.0809999999274678,-0.012999998926523404,-0.04410000067019755,52.203804,-2.181684,45.380000000406184,Vw11
14171.41000000058,-1.533499983460917,-1.515200001285851,9.006999999601943,-0.06849999989961544,0.17199999952999132,-0.15959999939014924,52.203804,-2.181684,45.450000000812366,Vw11
14171.51000000058,1.3167999828655728,-1.7367999871397504,8.938400004485972,-0.05119999943076728,0.09100000120055302,-0.054500000294190616,52.203804,-2.181684,45.59000000121854,Vw11
14171.61000000058,-1.6360999896598094,0.47949999976325486,9.711500007523039,0.04689999935939559,0.29789999684862084,-0.10519999843388468,52.203804,-2.181684,45.80000000133459,Vw11
14171.710000000581,0.145899976757681,0.438700011944212,11.00799998342595,-0.06350000063679181,-0.2451999962741276,0.1646999979749555,52.203804,-2.181684,46.030000000640285,Vw11
14171.810000000582,-3.8470999685619836,2.4906999742757416,8.160600012050162,-0.17289999846014278,0.3948999950846864,-0.1831999977828173,52.203804,-2.181684,46.14000000064675,Vw11
14171.910000000582,1.5098277285529391,-1.8796138585410638,10.209666336381153,0.08716732566555395,-0.43814851313291,0.19170494921692766,52.203804,-2.181684,46.250297029875924,Vw11
14172.010000000582,2.502599985441682,-1.3909999940325506,10.166300002165325,-0.09609999917868992,-0.14300000106112565,-0.027799999168212523,52.203804,-2.181684,46.28000000023283,Vw11
14172.110000000583,0.0015000124279176818,-0.3658000157725299,10.538299994100072,0.04499999970546924,-0.32530000042608004,0.11510000066589564,52.203804,-2.181684,46.32000000023283,Vw11
14172.210000000583,2.1365999784941425,-3.075499972775434,9.52470000350164,-0.005599999622491261,-0.3984999990871573,0.22949999914959365,52.203804,-2.181684,46.36,Vw11
14172.310000000583,-1.546568338330244,1.587074284641071,10.12440297379748,0.05905346572391531,-0.24216336542410066,0.08385643479344654,52.203804,-2.181684,46.36,Vw11
14172.410000000584,1.6252999768228835,-1.5909999798815528,9.258799998986145,-0.18259999902802027,-0.43059999781127617,0.3690999985143101,52.203804,-2.181684,46.39,Vw11
14172.510000000584,-2.274900972868824,1.7959851344295186,9.097833669752621,-0.017298019508776723,-0.06159703092783215,0.11694257410706499,52.203804,-2.181684,46.38990099004118,Vw11
14172.610000000584,0.6749999823056279,-0.6154999950853508,10.191199989110931,0.03289999945464151,-0.27129999726152965,0.09119999830086381,52.203804,-2.181684,46.37999999964966,Vw11
14172.710000000585,-2.3553999836130073,0.22619999952610367,8.326300015198406,-0.06049999868894593,0.19769999881851308,-0.19979999865640624,52.203804,-2.181684,46.31999999976335,Vw11
14172.810000000585,0.4287307014658419,0.13301286361921386,10.886149499647695,0.15867920650241926,-0.0009772271235170152,0.026784158113603452,52.203804,-2.181684,46.28,Vw11
14172.910000000586,1.8617999813572903,-1.1756999892761515,9.981099992283795,-0.08339999956774263,0.10130000080242899,-0.024800000752643245,52.203804,-2.181684,46.279999999590004,Vw11
14173.010000000586,-1.321099979059816,0.655199980173857,8.6637000107452,-0.009599999662770389,0.23829999911551183,-0.1532999993166663,52.203804,-2.181684,46.20999999964502,Vw11
14173.110000000586,2.187229684765256,-2.663204931338016,10.47243068869281,0.04665841540706723,0.091861387932374,-0.03987029824275357,52.203804,-2.181684,46.14970297012299,Vw11
14173.210000000587,-0.9197999839431227,0.606299976337827,9.72549999932404,-0.027500000335903035,0.39799999728666313,-0.24689999823621234,52.203804,-2.181684,46.12000000136497,Vw11
14173.310000000587,1.754236615112576,-3.34284057174946,9.607917819618045,-0.08359603930776689,-0.05639306765720859,0.04791286988413753,52.203804,-2.181684,46.35148514938772,Vw11
14173.410000000587,-1.4020999833216843,0.45309999778734855,9.23970001137465,-0.03320000054170596,0.22429999819450933,-0.19079999911517442,52.203804,-2.181684,46.5,Vw11
14173.510000000588,1.4365999888268741,0.0764999974976945,11.175699986859813,-0.12540000095474207,-0.0829999992632329,-0.04019999957286309,52.203804,-2.181684,46.500000000411276,Vw11
14173.610000000588,-0.4650999966504711,-0.3493999941311271,8.93920001764892,-0.2878999982556128,0.042399999015293725,0.03250000024735164,52.203804,-2.181684,46.570000000470024,Vw11
14173.710000000588,0.10500001100910594,0.6494999943740404,11.943099987835762,0.008999999381769156,-0.1252000004909307,0.07460000048739457,52.203804,-2.181684,46.6500000010019,Vw11
14173.810000000589,1.9729999870713728,-0.30510000191244907,9.879100006821165,-0.09589999871639011,-0.20849999999351712,0.15729999974657838,52.203804,-2.181684,46.82000000088403,Vw11
14173.91000000059,-0.2206999895236688,-0.629600009192132,11.036499991041842,0.12189999937292886,-0.20740000025754707,0.11429999996581755,52.203804,-2.181684,46.97000000058935,Vw11
14174.01000000059,1.5568999888752408,-2.1892999845093635,9.51649999935463,0.015500000518746962,-0.2510999988142926,0.10849999909379748,52.203804,-2.181684,47.06999999994165,Vw11
14174.11000000059,-0.33072377349725723,0.43911585706958745,9.406995048859798,0.10351980249877062,-0.04991188000281005,-0.045262377143521645,52.203804,-2.181684,47.06009900984266,Vw11
14174.21000000059,1.8531999649500295,-3.705299951925338,9.290400007309836,-0.06129999950223355,-0.5319999970199042,0.278999998462954,52.203804,-2.181684,47.02000000065029,Vw11
14174.31000000059,-4.075699963126266,4.426799964126528,10.526899989340585,0.022899998379598763,-0.027900003522791303,0.019000002543811206,52.203804,-2.181684,47.13000000023647,Vw11
14174.410000000591,2.1616999626702036,-1.6413999630631235,8.723800012715563,-0.2511999983483025,-0.6237999958074592,0.44929999678199645,52.203804,-2.181684,47.17000000059714,Vw11
14174.510000000591,-4.008195001305395,4.457037572217191,10.840385140936537,0.02396633578583834,0.07119702550248913,-0.08457623465286171,52.203804,-2.181684,47.27059405975725,Vw11
14174.610000000592,4.142299978407459,-4.259199972880005,9.558899998942985,-0.11939999924743862,-0.6390999947876403,0.4177999970677891,52.203804,-2.181684,47.32999999970441,Vw11
14174.710000000592,0.48980001767349024,0.32829998291119844,9.380100004378642,0.007900000290565368,0.24259999683520947,-0.07819999858453157,52.203804,-2.181684,47.2799999999407,Vw11
14174.810000000592,3.470199974846527,-2.553499985833456,10.118499997256825,0.056899999562372974,-0.2910999963329465,0.16049999723725705,52.203804,-2.181684,47.2699999999407,Vw11
14174.910000000593,-0.7716000086594409,-0.16450000102350168,9.655900001451641,-0.016899999842857505,0.3272999972022706,-0.3053999977193584,52.203804,-2.181684,47.260000000355795,Vw11
14175.010000000593,-2.2318999985430223,-0.3370999850388485,9.90069999720227,0.009600000365282175,-0.14449999797078633,0.07919999899191608,52.203804,-2.181684,47.3200000001779,Vw11
14175.110000000594,-1.986199984129794,2.185899971833542,9.428900001790831,0.07119999957186082,0.19769999787472187,-0.09079999884485443,52.203804,-2.181684,47.349999999881405,Vw11
14175.210000000594,0.6901000012881532,-2.563999987554061,9.73090000164624,-0.0010000004416010184,-0.16069999810562177,0.10399999853941214,52.203804,-2.181684,47.32999999897861,Vw11
14175.310000000594,0.9256613987298004,-0.49594950700297685,10.011473271237875,-0.0737574253007369,0.15147326546630283,-0.13618415668089356,52.203804,-2.181684,47.16,Vw11
14175.410000000595,3.0417999797616053,-0.8408999927962617,10.668799994153021,0.0004999999185110937,-0.1611999985897066,0.15539999937009671,52.203804,-2.181684,47.16000000047585,Vw11
14175.510000000595,-0.3607000023881603,0.3701999920961709,9.685799996153962,-0.013200000107660526,0.0758999983785492,0.049499999472998754,52.203804,-2.181684,47.23999999928623,Vw11
14175.610000000595,-0.7622000007143662,-0.9585999806056403,9.03920000280988,-0.031300000290267055,-0.1966999976540712,-0.03910000156256465,52.203804,-2.181684,47.12000000023792,Vw11
14175.710000000596,-0.8822999863163248,2.3019999763078816,9.511599998831802,-0.08010000001730223,0.19769999789091816,-0.301799997012681,52.203804,-2.181684,47.15999999994033,Vw11
14175.810000000596,1.4112000022337772,-1.6689999802092352,9.315800014987309,-0.08300000123561768,-0.15579999892845517,0.19889999920051776,52.203804,-2.181684,47.14999999940337,Vw11
14175.910000000596,1.7855999896331274,1.6480999872448052,11.827799993792652,-0.2900999985753234,0.02379999926596612,0.06490000005243099,52.203804,-2.181684,47.04999999969867,Vw11
14176.010000000597,0.06438910830756436,-0.4491752360509082,10.803374260752609,-0.05349306918342894,-0.09909505015850521,0.07362970298802456,52.203804,-2.181684,46.99881188047902,Vw11
14176.110000000597,-0.03669999729727279,1.4732999796663033,11.360799979872139,-0.03280000095281576,-0.20859999932819628,0.07660000025834016,52.203804,-2.181684,46.880000000656295,Vw11
14176.210000000598,0.4162999928934358,-1.9347999936803943,7.98720000122981,-0.19249999740513157,-0.09599999979413405,0.11989999912626664,52.203804000005455,-2.1816839999950868,46.98999999988031,Vw11
14176.310000000598,-0.7711999918156318,-0.8787999998880903,8.192700010291503,0.24109999869179374,-0.06160000041292878,-0.026100000122083293,52.204716,-2.180863,46.96999999994016,Vw11
14176.410000000598,0.596399998256124,-0.8600999967719741,9.91239998771806,0.022500001374633937,-0.13059999924894836,-0.04649999999401552,52.204716,-2.180863,46.95999999988031,Vw11
14176.510000000599,0.3050000015715232,-0.3206999997043669,7.860100014776267,0.25219999962656875,-0.005100000182526492,-0.045499999766605466,52.204716,-2.180863,46.93999999934171,Vw11
14176.610000000599,0.5675999974750351,-0.27130001326316855,10.32919999123365,0.18979999939127612,-0.03559999890707767,-0.006500000249655377,52.204716,-2.180863,46.83000000018134,Vw11
14176.7100000006,0.14094157879533808,-2.438052458875556,8.891658423419717,0.08896831675284925,0.14385148434120804,-0.0481188120720492,52.204716,-2.180863,46.860198019920524,Vw11
14176.8100000006,-0.7548999945970012,0.29669998606061126,10.157499998303047,0.07579999939733244,0.00900000001020453,-0.07999999948497134,52.204716,-2.180863,46.87999999969987,Vw11
14176.9100000006,0.14519999653346094,-2.025499978032047,9.874800003336881,-0.024599999258070604,0.010700000962227204,0.005799999403935362,52.204716,-2.180863,46.829999999879945,Vw11
14177.0100000006,-0.4322999947406953,1.634199988689524,10.430699994853473,0.09899999979020989,0.1709999983865564,-0.09349999935850307,52.204716,-2.180863,46.809999999878734,Vw11
14177.1100000006,0.40894704311919816,-0.22876666520549743,9.575008819391394,0.06344999942954352,-0.09305980269647067,0.011539215229438363,52.204716,-2.180863,46.79,Vw11
14177.210000000601,-2.206347074564239,0.014566668131220623,8.885891172322985,-0.031550000571777925,0.1109598051495045,-0.0645392161441689,52.204716,-2.180863,46.79,Vw11
14177.310000000602,-0.242299987598243,-0.24990001232348588,10.20790000091758,0.08989999917213244,-0.3268999978920987,0.23879999860918252,52.204716,-2.180863,46.85999999957854,Vw11
14177.410000000602,1.8174999974955675,-2.296700004297309,10.36030000366664,-0.0475999988609029,0.023199997422587555,0.007800001426760167,52.204716,-2.180863,46.79000000018245,Vw11
14177.510000000602,1.3954683106693082,-2.976758399856023,10.968097032652372,0.14063366392866675,-0.39767029526519093,0.24024158285843739,52.204716,-2.180863,46.81950495019689,Vw11
14177.610000000603,0.37229999235110595,-0.32259999845264026,11.457799983599191,0.23399999925040357,-0.1047000001914632,0.02440000059847298,52.204716,-2.180863,46.76999999969896,Vw11
14177.710000000603,-0.8980999990711949,-0.06560000824691961,8.733799996981686,0.10950000013165118,-0.13649999953438965,0.12379999824444966,52.204716,-2.180863,46.72000000078508,Vw11
14177.810000000603,-0.7443000065571949,-1.4311999842592298,8.23400000712426,0.13130000065584027,-0.05939999888700404,-0.16690000089740206,52.204716,-2.180863,46.84999999963766,Vw11
14177.910000000604,-1.8300999958789559,1.1753000007868875,9.413700003475471,0.23989999795759503,0.12489999865752033,-0.31549999733195,52.204716,-2.180863,46.78999999927532,Vw11
14178.010000000604,-1.1477000061749232,1.3055999966151155,9.989200003218206,-0.09829999875837238,-0.09739999744669185,0.1262999983845555,52.204716,-2.180863,46.67000000012078,Vw11
14178.110000000604,-2.1701999984603484,0.7450999883373234,10.52209999859455,0.10730000000671006,0.3253999985408692,-0.14120000001281008,52.204716,-2.180863,46.690000000244,Vw11
14178.210000000605,-1.8671290956024862,-1.1875980708168754,10.300412626622661,0.10824757272345022,0.09000679841625284,-0.14518446715785432,52.204716,-2.180863,46.73,Vw11
14178.310000000605,3.199958283098246,-3.2674038960842022,11.1716747625553,0.09300485427666792,0.47068641007124257,-0.3336310691018316,52.204716,-2.180863,46.73,Vw11
14178.410000000606,0.7953999959404413,-4.408499988327103,8.60050000313886,-0.1860999976467643,0.07920000092796836,-0.11700000074261699,52.204716,-2.180863,46.66999999993943,Vw11
14178.510000000606,0.12519998783040975,-2.4813999766917605,9.118700006970666,0.20239999947544346,0.23239999874312378,-0.23959999848629704,52.204716,-2.180863,46.660000000242285,Vw11
14178.610000000606,-1.883899990431992,1.366599996087632,10.269499993382471,0.11579999942759132,0.024900002576141923,0.010299998446925019,52.204716,-2.180863,46.70000000012115,Vw11
14178.710000000607,-0.30430000916113276,0.7206999938674664,9.177000006732785,0.02130000046902278,0.4501999978456544,-0.24609999964701784,52.204716,-2.180863,46.71999999975698,Vw11
14178.810000000607,-1.8121999765433932,-0.2887000262306458,10.285200003770408,0.09849999895016663,0.09560000211424777,-0.18800000064885536,52.204716,-2.180863,46.67999999939246,Vw11
14178.910000000607,2.0486999910551527,-4.606199979698969,10.905799998772157,-0.0742999995133585,0.44359999888515955,-0.29479999870289686,52.204716,-2.180863,46.57999999969623,Vw11
14179.010000000608,0.5764000057777289,-1.2647000001360895,10.703700001630036,0.005799999493309587,0.260099999563177,-0.08130000048724904,52.204716,-2.180863,46.53000000006075,Vw11
14179.110000000608,1.527399983995509,-1.287099985149232,10.971999987861908,-0.07760000004070534,0.18820000012211605,-0.16149999970898718,52.204716,-2.180863,46.54000000006075,Vw11
14179.210000000608,-1.106899986123621,1.157299984073729,8.974100007412883,-0.0842999998104886,0.20829999919503353,-0.11359999928643774,52.204716,-2.180863,46.55000000091404,Vw11
14179.310000000609,1.1702999863131323,-1.456299985754348,10.190599996194537,-0.05319999978794221,0.07620000039730367,0.00349999894946086,52.204716,-2.180863,46.699999999025025,Vw11
14179.41000000061,-1.0757999806911638,0.8814999824790302,9.56610000630872,-0.01840000000853106,0.14140000056609678,-0.16889999976966136,52.204716,-2.180863,46.53999999993906,Vw11
14179.51000000061,2.092899983071939,-1.9937999877457413,10.601399994532809,-0.019800000064592316,0.23429999946680874,-0.1310999997611303,52.204716,-2.180863,46.52999999969532,Vw11
14179.61000000061,-0.6850999965297173,0.017199991865332397,9.704200002965559,-0.030399999700858923,0.1467999994398799,-0.09189999986089324,52.204716,-2.180863,46.47999999870741,Vw11
14179.71000000061,-0.12423762555308579,-1.3050900994305699,10.192434657387768,0.017752474974723702,0.05568415834522716,-0.06873960361879118,52.204716,-2.180863,46.27,Vw11
14179.81000000061,-0.41799999696426676,-1.3741000041975873,10.83589998695191,-0.027000000241416272,0.0440999993313686,-0.01269999929103069,52.204716,-2.180863,46.27000000073342,Vw11
14179.910000000611,0.07869999421517715,-2.0608999888129533,8.701000013657438,-0.06649999875441427,-0.06529999899521935,0.10329999936987297,52.204716,-2.180863,46.39000000079454,Vw11
14180.010000000611,-0.8678000039164443,-0.2304999903647404,10.935600001270645,0.1372999979036511,0.09909999744832165,0.00020000118752359414,52.204716,-2.180863,46.51999999963329,Vw11
14180.110000000612,-1.5085999931425553,1.346000006869057,11.143499993288016,-0.20569999943099102,-0.3183999983296439,0.19449999937048415,52.204716,-2.180863,46.45999999944994,Vw11
14180.210000000612,-0.38660000006742995,2.4698999872949736,10.045300003579303,-0.11259999960951937,-0.04510000251145866,0.0915000012928158,52.204716,-2.180863,46.370000000122594,Vw11
14180.310000000612,-0.3975999827078434,0.39729997890600854,10.629199996187639,-0.04889999976161133,-0.45479999876409405,0.3023999987647133,52.204716,-2.180863,46.38999999851394,Vw11
14180.410000000613,2.3591811660934847,-2.988596026847023,10.007997026328564,-0.011015841961790958,-0.2538821774097367,0.1026346533026367,52.204716,-2.180863,46.150693069731915,Vw11
14180.510000000613,-1.2326999848304312,-0.9082000017015378,9.457700009033383,-0.07259999899752921,-0.12210000041238143,0.07610000017770792,52.204716,-2.180863,46.22000000055727,Vw11
14180.610000000614,1.2010584059433138,-1.181861385440398,10.904321774649025,0.08846831632168213,-0.18582079031363286,0.10355544478137432,52.204716,-2.180863,46.30980198007659,Vw11
14180.710000000614,-0.4130999892580665,-1.0679999979537105,9.676500000952037,0.0053000005048963374,0.10209999880638282,-0.020899999832943276,52.204716,-2.180863,46.2899999999379,Vw11
14180.810000000614,1.2952772146089149,-0.7522178302188653,9.822487124215336,0.08671980205387822,-0.08952475212146078,0.006333663571545118,52.204716,-2.180863,46.27891089041929,Vw11
14180.910000000615,-0.8369999913408973,-2.1240000034251536,9.091200007684002,0.0986999999465108,-0.03200000036089841,0.039699999918843966,52.204716,-2.180863,46.16999999944667,Vw11
14181.010000000615,0.5714000070587303,-2.6810999959895394,10.340999992660912,0.08999999907162419,-0.09070000155426096,0.026500001450356647,52.204716,-2.180863,46.079999999815556,Vw11
14181.110000000615,1.7194999942405798,-2.0288000015072365,9.147300002617635,-0.06100000071480404,-0.3434999991821052,0.2623999989566718,52.204716,-2.180863,46.050000000434714,Vw11
14181.210000000616,0.7648009733091761,-2.2160969956282304,9.582136641865857,-0.17425247411123324,-0.2137386150537006,0.0958009909606672,52.204716,-2.180863,46.119702970114346,Vw11
14181.310000000616,-1.9650999864641923,3.3241999649762284,10.915799985011395,0.010499999045445293,-0.40759999986557305,0.2359000002059569,52.204716,-2.180863,46.089999999691685,Vw11
14181.410000000616,0.2299999871141281,-2.3555999824048683,8.485100011604498,-0.1442999981124729,-0.3857999977498901,0.26929999792501513,52.204716,-2.180863,46.03999999956835,Vw11
14181.510000000617,-1.859699985164576,0.49779999007213777,10.367000004664645,0.1617999995833026,-0.02090000250454446,-0.067199998316393,52.204716,-2.180863,45.97000000018686,Vw11
14181.610000000617,0.49906533232564626,-1.0594237397523711,11.102790090923012,0.09468613848194024,-0.41599702538316335,0.19968118600990573,52.204716,-2.180863,45.99920792030348,Vw11
14181.710000000618,-1.8043999733494769,2.6081999654214845,9.791800007757917,0.07330000016265403,0.2842999956058673,-0.14219999814215697,52.204716,-2.180863,45.92000000006185,Vw11
14181.810000000618,2.5047999856580585,-2.982899988305552,11.046199992702215,0.09959999823833632,-0.42619999600189806,0.15819999824708217,52.204716,-2.180863,45.92999999956271,Vw11
14181.910000000618,0.22547885634846437,-1.125890393889168,9.900058667492713,-0.18085384519731995,0.21001730535214966,-0.12002307545259633,52.204716,-2.180863,45.85961538437744,Vw11
14182.010000000619,1.8733634717203982,-2.624928855416093,12.105924052091122,-0.026238460583125234,-0.16825192541417006,0.1176692322378821,52.204716,-2.180863,45.8211538459162,Vw11
14182.110000000619,-1.9596000086825094,-0.7424000006438131,10.12519998943058,-0.22509999927455063,0.25209999863444826,-0.09349999947925972,52.204716,-2.180863,45.83999999981447,Vw11
14182.21000000062,-3.3634999698595784,-0.8465000192533481,8.416200014470405,-0.10780000019476647,0.03130000175041714,-0.00930000102159356,52.204716,-2.180863,45.80999999981392,Vw11
14182.31000000062,1.4956999805884819,-3.950499983492611,10.749099996220043,-0.13919999873587877,0.3135000001656135,-0.17399999978600497,52.204716,-2.180863,45.779999999751894,Vw11
14182.41000000062,-1.6337999935299075,-1.289200024049317,10.139700003846947,0.06459999982446207,0.34019999820926494,-0.13949999958565606,52.204716,-2.180863,45.73999999987595,Vw11
14182.51000000062,-0.590700010079475,-5.166399982478461,10.759899988199882,0.03629999954471787,0.0515000005594884,-0.07269999990385731,52.204716,-2.180863,45.72000000018608,Vw11
14182.61000000062,-2.215699992403193,-2.3416000100208936,8.85750000318596,-0.037100000419782335,0.14169999861095905,-0.057199998417984496,52.204716,-2.180863,45.749999999561425,Vw11
14182.710000000621,-1.0187643660931947,-3.920981175697309,9.37166931044845,-0.1024920782102196,-0.07936534614085639,0.1921346515012759,52.204716,-2.180863,45.67950495018788,Vw11
14182.810000000622,-2.575199990544166,-1.9191000085428012,9.9385999981821,0.05829999937916238,-0.015900000438607956,-0.12439999958589879,52.204716,-2.180863,45.62999999956014,Vw11
14182.910000000622,-1.1009820190310093,-3.2392179754927994,9.652737002138826,-0.03895099903606587,-0.08167699749650936,-0.05814299977784088,52.204716,-2.180863,45.56070000043561,Vw11
14183.010000000622,-4.0868801720578825,0.6076742251127432,9.982060389231972,0.11263663256603672,0.311951482255779,-0.021003959278377657,52.204716,-2.180863,45.62831683063575,Vw11
14183.110000000623,0.08509998893231895,-4.584899981505757,8.888100009666724,-0.06369999856047362,-0.1528999973007325,0.15859999723914514,52.204716,-2.180863,45.45999999856918,Vw11
14183.210000000623,-1.6939999892062987,-1.6120000169766828,10.441999986569018,0.16769999759419005,0.2809999969135006,-0.2851999978531141,52.204716,-2.180863,45.22999999931369,Vw11
14183.310000000623,0.035999984613918276,-4.332999949366594,8.289300019250565,-0.21789999772429178,-0.2136999968735008,0.05889999978824759,52.204716,-2.180863,45.11999999930676,Vw11
14183.410000000624,-2.366029678398843,3.64356234020291,11.326914840884521,0.14020890902431607,0.27593959992838873,0.027936635308919655,52.204716,-2.180863,45.00811881070712,Vw11
14183.510000000624,1.5709999888905986,-2.130200007503182,9.628400002197422,-0.1588999989019125,-0.3700999973820595,0.29159999724292684,52.204716,-2.180863,44.81999999762913,Vw11
14183.610000000624,-0.20960000314036395,-3.332800000542616,9.98059998932037,0.017099999352768663,0.04949999716781145,-0.1502999974217883,52.204716,-2.180863,44.439999998739566,Vw11
14183.710000000625,-0.6953465268184775,-3.403842564859642,8.315004968597894,-0.0831623747162309,-0.3976841570328695,0.25756039526593055,52.204716,-2.180863,44.23693069115367,Vw11
14183.810000000625,0.5599999843116384,-1.898099978596199,11.215499992686441,0.1605999982210429,-0.17610000045490742,0.13360000000500585,52.204716,-2.180863,43.92999999749707,Vw11
14183.910000000626,-1.9471999842609542,1.5224999779967474,10.046700003825727,-0.12369999948251935,-0.2488000009705109,0.13440000017457931,52.204716,-2.180863,43.529999996621044,Vw11
14184.010000000626,0.5680999843848491,-1.9938999801830564,10.658099996717407,-0.041000000080719474,-0.4038999984438036,0.1622999996477127,52.204716,-2.180863,42.989999996621044,Vw11
14184.110000000626,-1.9273999892161287,1.1730999845456622,10.133499997993901,-0.05389999996933912,-0.1552000001163862,0.10600000003441527,52.204716,-2.180863,42.44999999536958,Vw11
14184.210000000627,-0.20400001394033856,-1.2966999954897076,9.812900005478337,-0.048999999479940125,-0.17379999791044043,0.11149999806577492,52.204716,-2.180863,41.70999999496716,Vw11
14184.310000000627,-2.425386152549799,-0.5779871242040028,10.68587030250631,0.03387128764860857,0.15917029911860298,-0.19671782371579277,52.204716,-2.180863,40.90801979694895,Vw11
14184.410000000627,-1.804599988112295,0.020599981618393576,9.688700000837782,0.008199999956071407,0.1864999999108877,-0.057100000446189,52.204716,-2.180863,39.85999999353622,Vw11
14184.510000000628,0.08969999070526731,-2.9084999941048206,9.82219999642486,0.0011999996570653765,0.17229999961015752,-0.12819999945485439,52.204716,-2.180863,38.82999999277365,Vw11
14184.610000000628,-1.3792366353185592,-1.978286138479606,9.273786148398333,-0.05178811811387836,0.11068019794459419,-0.041960395889188394,52.204716,-2.180863,37.6814851431695,Vw11
14184.710000000628,-1.6429000072479305,-1.9568999887965723,10.832399995167199,0.05939999911379571,0.09869999994596315,-0.018000000502860537,52.204716,-2.180863,36.829999992816276,Vw11
14184.810000000629,-2.761510877560244,-0.2064742649014003,10.078531687154545,-0.07802475123169401,0.08996336618765657,-0.09706534651283674,52.204716,-2.180863,35.691386133190846,Vw11
14184.91000000063,-0.6126000081283179,-1.3938999974755955,10.711699999454336,0.11949999988167838,0.06630000044622357,-0.09359999978664346,52.204716,-2.180863,34.82999999534266,Vw11
14185.01000000063,-1.9040999854741325,-0.9928000091485272,10.624999992285808,0.10070000000944056,0.13719999988986017,-0.059700000045314665,52.204716,-2.180863,34.08999999496504,Vw11
14185.11000000063,0.4038999829912667,-2.4463999888525927,9.399300004288529,0.10219999954496525,0.11970000022720269,-0.06690000055699274,52.204716,-2.180863,33.28999999641259,Vw11
14185.21000000063,-2.2985999903958234,-0.6752000022880613,10.080699991316097,0.029899999529132765,0.15579999852112342,-0.15539999905826554,52.20471600000482,-2.1808629999943445,32.71999999709653,Vw11
14185.31000000063,-0.7769999955551649,-1.0376999997248015,8.70490000692541,-0.044699999313266015,-0.07849999938648398,-0.006199999898378519,52.20548,-2.179967,32.25999999703341,Vw11
14185.410000000631,-0.07279999671909065,-0.9941000034179858,9.802100000888766,0.06409999961937371,0.018699999663365694,0.009900000232073651,52.20548,-2.179967,31.789999998023546,Vw11
14185.510000000631,0.43591187747043464,-1.5063772126813733,9.945577230297083,0.0049574260945258655,-0.03277821698722552,0.044986137784305824,52.20548,-2.179967,31.47544554167883,Vw11
14185.610000000632,-0.15290000688501315,0.875899993332116,10.353299991489044,0.060700000105408616,0.0993999987994779,-0.08639999907657002,52.20548,-2.179967,31.01999999640222,Vw11
14185.710000000632,-1.2436999936933382,-0.18049999659061722,9.00490000218008,0.07739999998670682,-0.09079999978287816,0.05989999943029252,52.20548,-2.179967,30.449999996138647,Vw11
14185.810000000632,-0.2473999978637568,0.3580999965536214,9.349300001319087,0.07529999963809829,-0.056500000028133705,-0.03009999969372628,52.20548,-2.179967,29.839999996227526,Vw11
14185.910000000633,0.0960920059470933,-0.1826620011157132,9.5590600021909,0.018216999694160345,-0.061229000208325564,0.018136000212758022,52.20548,-2.179967,29.243599995947466,Vw11
14186.010000000633,1.0064919877106915,-0.34888599479882615,9.908930004641418,-0.028841999520028035,-0.0942180002646811,0.0509589997207551,52.20548,-2.179967,28.603199995694183,Vw11
14186.110000000634,-0.8958772156770882,0.43421978293268176,10.631793067529514,0.045995049375170835,-0.1367891096638639,0.009090100143435415,52.20548,-2.179967,27.92396039221518,Vw11
14186.210000000634,1.0063999912641415,-2.573799975435992,10.351099997776835,0.025500000287576766,-0.2556999986833682,0.18809999842308897,52.20548,-2.179967,27.31999999606407,Vw11
14186.310000000634,-0.3696999946636417,1.2955999905924942,10.000899997303254,0.07079999958609261,-0.048300001460737624,-0.06029999857036891,52.20548,-2.179967,26.69999999771462,Vw11
14186.410000000635,0.47090000174767954,-0.1862999928385132,9.576100005509032,0.005600000155532689,-0.27839999913028657,0.16489999955562087,52.20548,-2.179967,26.33999999771462,Vw11
14186.510000000635,0.7462000019391088,0.9417999738964143,10.443899991567056,0.03009999906058384,-0.14140000083297036,0.09490000099263905,52.20548,-2.179967,25.979999996665555,Vw11
14186.610000000635,1.018517980897106,-3.080987969511065,9.134923003888273,-0.11476299896046016,-0.27140500006667784,0.24828899910397637,52.20548,-2.179967,25.455099996888368,Vw11
14186.710000000636,-1.9432819896373261,1.6346989761851556,9.735804996637434,0.04669499961579743,-0.2827530006051984,0.10961400064393623,52.20548,-2.179967,24.96579999733281,Vw11
14186.810000000636,-0.3425158509558597,-2.0444643351423415,9.208275245407403,-0.01251089065025376,-0.3740544535060066,0.208341583102263,52.20548,-2.179967,24.547425740934855,Vw11
14186.910000000637,-1.8140999841063505,1.2990999883127174,8.875800011244845,0.056400000514461646,-0.0695000008077048,0.042500000511889346,52.20548,-2.179967,24.28999999858523,Vw11
14187.010000000637,0.643266327632719,-0.5036069213358704,10.611933655427219,0.13532772208940347,-0.19246732505607003,0.1204316821058586,52.20548,-2.179967,24.067425740934855,Vw11
14187.110000000637,-0.7700999899919203,0.9656999861790456,9.36530000591699,0.028099999931878845,0.0707999985395334,-0.046399999199098964,52.20548,-2.179967,23.809999998726706,Vw11
14187.210000000638,0.801899987722951,-1.2051999901893427,10.294699996496103,0.017399999295772794,-0.15859999796457266,0.07939999890886283,52.20548,-2.179967,23.609999999744613,Vw11
14187.310000000638,-1.1209999927131957,0.3313999926538185,9.745900000078532,-0.0928999994151658,0.1601999984996066,-0.09149999918276444,52.20548,-2.179967,23.569999999553076,Vw11
14187.410000000638,0.02030000083447412,-0.8192000083824107,9.758200005416102,-0.0012999999533920344,-0.07479999805204243,0.03649999879840834,52.20548,-2.179967,23.499999999553076,Vw11
14187.510000000639,0.15099999825486157,-2.1321000090920035,10.60649999472847,0.005999999578225966,0.2302999984618791,-0.15169999908035203,52.20548,-2.179967,23.429999998903646,Vw11
14187.610000000639,-0.12360000255466147,-3.522552987643741,9.807260011598162,-0.05856199946479842,-0.004863997869412328,-0.011937001811893654,52.20548,-2.179967,23.258799999233602,Vw11
14187.71000000064,-0.5524802190197727,-1.5821980038336805,11.580892063746772,0.02289306834448209,0.32306930544212276,-0.2905326718192273,52.20548,-2.179967,23.13831683060816,Vw11
14187.81000000064,-3.8404999888833844,0.9179999915821827,9.160100011423312,-0.12779999843898696,0.09000000086502405,-0.06380000069855013,52.20548,-2.179967,22.969999999679857,Vw11
14187.91000000064,-2.1043000056069694,-0.39669999830900926,10.94419999459344,0.11599999943206786,0.22509999983032467,-0.17289999926431338,52.20548,-2.179967,22.919999999807917,Vw11
14188.01000000064,-2.9799999771725854,-0.1326000202259398,10.099799997715467,0.027299999798310458,0.19859999983032467,-0.05800000022153836,52.20548,-2.179967,22.8899999991036,Vw11
14188.11000000064,0.5851999895517249,-3.2914999768689226,9.743000006547069,-0.004199999967015659,0.1721000005607338,-0.09260000014681266,52.20548,-2.179967,22.749999999676625,Vw11
14188.210000000641,-1.0165449911898874,0.26917798986596864,10.749401996222316,-0.00018200069302375783,0.25550099788698205,-0.11383199905974226,52.20548,-2.179967,22.697999998718995,Vw11
14188.310000000642,0.33469999325583566,-1.2849534574805686,10.1585693024791,-0.10659504905215983,-0.06862079048680927,0.03030395962782173,52.20548,-2.179967,22.498910890389574,Vw11
14188.410000000642,-0.7152999908224181,-0.060300013796872734,9.465500004955754,-0.03609999968793782,0.17929999814046896,-0.08929999880183533,52.20548,-2.179967,22.389999999229477,Vw11
14188.510000000642,0.7139999889988449,-2.208999987389092,10.237300000124568,0.012500000365356756,-0.11029999894309803,0.09729999900666625,52.20548,-2.179967,22.269999999036845,Vw11
14188.610000000643,-0.9992999971631877,-0.24500000441767042,10.256699998105153,0.06939999959098023,0.05429999924039185,-0.057399999443938574,52.20548,-2.179967,22.119999999357898,Vw11
14188.710000000643,-0.5575000067373584,-0.9329999920359697,9.961599998307129,0.005700000058596925,-0.06399999915839362,0.029199999665804353,52.20548,-2.179967,22.01999999858337,Vw11
14188.810000000643,-1.6037999930862068,0.3037999928988255,9.698699998582727,0.014799999815194316,0.06669999869090606,-0.022699999491301425,52.20548,-2.179967,21.79999999909851,Vw11
14188.910000000644,-0.5300999951113423,-0.7990000037688769,9.478600003963342,-0.013899999445582943,-0.13659999918221874,0.0562999996555016,52.20548,-2.179967,21.659999998068233,Vw11
14189.010000000644,0.22909999608183068,-1.3842999973703256,10.094099997175197,0.07219999956291338,-0.009600000579530024,0.002800000559366802,52.20548,-2.179967,21.359999998178804,Vw11
14189.110000000645,-0.3744811888796605,-0.9773930676277066,9.665011884545292,0.005433663645675846,-0.09874455448414478,0.08819900951386932,52.20548,-2.179967,21.076039601409352,Vw11
14189.210000000645,-0.49260000051723873,-0.7166999936336371,10.186199995277049,0.04879999990765901,-0.10319999953442056,0.028099999862457117,52.20548,-2.179967,20.67999999702959,Vw11
14189.310000000645,-0.5726999950697657,0.2691999983262387,9.454800002335647,0.03450000012979399,-0.031100000451373126,0.006800000402296791,52.20548,-2.179967,20.219999996190126,Vw11
14189.410000000646,0.1907999992309222,0.01000000223232746,9.816499997833537,0.05459999973589184,-0.10099999901266166,0.06909999949825905,52.20548,-2.179967,19.62999999515694,Vw11
14189.510000000646,0.07169999930990482,0.35569999428486393,9.481000004277547,0.013700000073053555,0.05189999956233094,-0.008599999891071932,52.20548,-2.179967,18.87999999419485,Vw11
14189.610000000646,-0.03393199989148186,-0.5195219993682694,10.13651399981526,0.02471799988243868,-0.014350999451595813,0.00771599975195853,52.20548,-2.179967,17.981399994444903,Vw11
14189.710000000647,-0.01991584327388053,-0.4252000016148934,10.10532475061796,0.006178217484733142,0.0686663359659609,-0.030148514753632203,52.20548,-2.179967,17.120495043365157,Vw11
14189.810000000647,-0.2814999967628529,-0.6751999928205848,9.81780000062336,-0.045999999708270845,-0.034699999740321806,-0.014999999965986735,52.20548,-2.179967,16.169999996009984,Vw11
14189.910000000647,0.21406500043076063,0.4176929969509922,9.914675001020223,-0.0012319998911762668,0.005085000055059627,-0.009656999907370274,52.20548,-2.179967,15.554899996696422,Vw11
14190.010000000648,0.28116831765324596,-0.04679504853010627,10.06873861265566,0.015397029701046262,0.01299108877925962,0.004407920732434133,52.20548,-2.179967,15.04633663129039,Vw11
14190.110000000648,0.40799999797831693,0.1036999963186201,9.882599999569372,0.015099999806379492,-0.037900000028492656,-0.004799999779829522,52.20548,-2.179967,14.6799999983811,Vw11
14190.210000000649,0.09579999867916267,-0.4647999966758278,9.816100000955238,-0.014799999994804967,-0.04229999969933742,0.029199999898047464,52.20548,-2.179967,14.429999998051862,Vw11
14190.310000000649,-0.10759999898696843,0.047100002297503676,9.963199998827871,-0.013999999974024832,0.003999999922074494,0.013500000112342604,52.20548,-2.179967,14.129999997792112,Vw11
14190.41000000065,0.04840000198749397,0.40089999697349926,9.782700001270554,-0.009999999895705762,-0.008000000045915702,0.030799999894393887,52.20548,-2.179967,13.78999999816337,Vw11
14190.51000000065,0.3484277208415533,-0.06002376206688446,9.975521781607748,0.005932673288550546,-0.014942574220123283,0.014462376083268754,52.20548,-2.179967,13.506237621318421,Vw11
14190.61000000065,0.05119999948443226,-0.012400000205308782,9.887699999845198,0.009200000017710342,-0.009199999719258278,-0.009300000099702667,52.20548,-2.179967,13.129999997507435,Vw11
14190.71000000065,-0.025604949328993723,-0.045600001234231136,9.863668316551264,0.01160594040303979,0.03323960372628445,-0.024103960138774125,52.20548,-2.179967,12.746336631283661,Vw11
14190.81000000065,0.15390000068180454,-0.23559999338122142,9.820500001148712,-0.017800000151077983,-0.0027999998345956557,0.015499999706309608,52.20548,-2.179967,12.379999997395208,Vw11
14190.910000000651,0.25860000128529426,0.7807999989120386,9.996899998579861,-0.040999999871075915,0.022599999746756253,-0.029599999786880587,52.20548,-2.179967,11.979999997368896,Vw11
14191.010000000651,0.45401683169413243,0.6249207982810168,9.780103959812363,-0.02126633654659554,-0.01475247450003136,0.0023316828632569736,52.20548,-2.179967,11.578910890379667,Vw11
14191.110000000652,0.4556999972583898,1.5769999930334948,9.690500002649522,-0.007900000034862126,0.09999999957507673,-0.04449999967768978,52.20548,-2.179967,11.469999998881782,Vw11
14191.210000000652,0.04307921064318798,0.5126841550181677,10.091021780694154,-0.012818811632876717,0.03599207959360967,0.0042544552855933145,52.20548,-2.179967,11.299009900345135,Vw11
14191.310000000653,0.4609999982309764,-0.008899992949373336,9.863199996899475,0.02529999972507976,0.09519999979103451,-0.020299999975185345,52.20548,-2.179967,11.199999999869396,Vw11
14191.410000000653,0.19009999976360778,1.0707999958004464,9.388400004005609,-0.016799999853724146,0.06320000044078661,-0.01650000013517456,52.20548,-2.179967,11.179999999804094,Vw11
14191.510000000653,0.15389999466289048,0.4277000015914029,10.00179999719529,0.005599999760995706,0.13070000005877155,-0.03720000036373058,52.20548,-2.179967,11.149999999542889,Vw11
14191.610000000654,-0.6633999893380101,0.6713999971821318,9.572300002771696,-0.030999999588401283,0.13969999977573147,-0.09289999969657786,52.20548,-2.179967,11.080000000065962,Vw11
14191.710000000654,0.9401217737657369,0.2509207964694532,9.994197030811526,0.03087326698265334,0.10597425760489666,-0.047045544649529994,52.20548,-2.179967,11.089504950171667,Vw11
14191.810000000654,-0.3476999844096601,0.923000000879445,10.16389999902102,-0.021799999283609213,0.13339999963591107,-0.061599999910287445,52.20548,-2.179967,11.039999999410647,Vw11
14191.910000000655,2.03309998862877,1.0573000037391145,10.01439999793923,0.08759999953048245,0.07780000033200193,-0.047900000095606084,52.20548,-2.179967,10.950000000065483,Vw11
14192.010000000655,0.2966000016580452,1.628299990890574,9.699700000261279,0.01590000027830538,0.12849999961692082,-0.062499999717765604,52.20548,-2.179967,10.959999999934517,Vw11
14192.110000000655,0.5498000014321267,0.23720001380198227,9.73959999462314,0.058399999703359205,0.07000000089123205,-0.019400000464933693,52.20548,-2.179967,10.94999999947613,Vw11
14192.210000000656,0.7685000033489413,2.3448999906334707,8.918500005886914,0.013100000293524863,0.206099998895506,-0.09039999930000558,52.20548,-2.179967,10.869999999803003,Vw11
14192.310000000656,1.2784999950180433,0.918500000313072,9.814999999103234,0.0577999995834551,0.037900000343583214,0.016199999494574503,52.20548,-2.179967,10.83999999993367,Vw11
14192.410000000657,0.5354762429286656,0.9668435651075896,9.683284160704423,-0.0046257423284252076,0.08904356392525374,-0.05930098963986295,52.20548,-2.179967,10.8296039601359,Vw11
14192.510000000657,1.343099992460942,1.0812000027047626,10.031699997384543,0.03279999971895159,0.02340000059492959,0.010599999636213032,52.20548,-2.179967,10.790000000196995,Vw11
14192.610000000657,0.19499999578148797,1.4931000031904156,9.633399997733544,-0.00999999994892682,0.11399999869995542,-0.04479999918282911,52.20548,-2.179967,10.820000000795947,Vw11
14192.710000000658,-0.4309267260564272,1.9764217837033298,9.302536640781641,-0.001711880801800448,-0.08044455343371802,0.07807326711211136,52.20548,-2.179967,10.940792079728215,Vw11
14192.810000000658,0.5763999981167639,2.2085999870010617,10.386199993754373,0.057099999314528395,0.0750999990010947,0.04540000040627856,52.20548,-2.179967,11.020000000526778,Vw11
14192.910000000658,0.2904000046988716,0.23449999675372235,9.437699999947322,-0.04699999989530261,-0.07659999959964771,0.10709999942185969,52.20548,-2.179967,11.100000000921863,Vw11
14193.010000000659,1.0039999963843185,-0.2585000019629115,9.429699998280066,-0.031100000233099855,-0.015800000474759875,0.019300000460931915,52.20548,-2.179967,11.240000000658474,Vw11
14193.110000000659,0.4548999978702684,-0.5565999856871661,9.168500009521935,-0.06649999895708335,-0.08789999850612831,0.08929999961489239,52.20548,-2.179967,11.340000000598613,Vw11
14193.21000000066,0.12020098054865297,1.6040029760295915,10.59799504811844,0.0885326721032058,0.13302673025372183,0.03280693161980088,52.20548,-2.179967,11.431089109628276,Vw11
14193.31000000066,-1.3296999953292596,2.4742999962076495,10.387499997393508,-0.08819999949577614,-0.23429999822054332,0.17349999931836402,52.20548,-2.179967,11.540000000867051,Vw11
14193.41000000066,-0.6266821764227242,1.897006924951373,9.992057422676195,-0.0127089109630238,0.029741582336506284,0.07199703016335232,52.20548,-2.179967,11.672079209294091,Vw11
14193.51000000066,-0.35489998438274634,1.0276999922706085,9.527800003813853,-0.023599999322539224,-0.2460999988431664,0.1416999999894353,52.20548,-2.179967,11.880000001584705,Vw11
14193.61000000066,2.0102999833421245,-0.14289999180047963,10.10539999853547,0.07899999949619632,-0.0708999989580574,0.14009999932914216,52.20548,-2.179967,12.1200000027072,Vw11
14193.710000000661,-0.5124999900120383,1.0988999955175007,9.883600001659914,0.002700000245643605,0.08689999932265928,0.03849999986228067,52.20548,-2.179967,12.530000002383604,Vw11
14193.810000000662,0.995999992554248,0.4218999991606558,10.134299994105865,0.03980000025013126,-0.015399999093107004,0.01769999982076156,52.20548,-2.179967,12.890000003210242,Vw11
14193.910000000662,-0.10659716272264297,0.2871499938735579,9.25927453245762,0.07750000019869542,0.11893962180673874,-0.00885188662812297,52.20548,-2.179967,13.374339625515718,Vw11
14194.010000000662,0.9636858561515262,-0.6378500061318391,9.88672736264996,0.10750000019887046,-0.007098114043053216,0.01595943412673877,52.20548,-2.179967,13.808301889669195,Vw11
14194.110000000663,-0.17150000728124726,-0.6821999894234206,9.569099999966895,0.020000000103951608,0.2905999994021128,-0.1518999991988443,52.20548,-2.179967,14.30000000264845,Vw11
14194.210000000663,-1.2711999944004049,0.9151999897011003,9.564100000312047,0.035699999928295444,0.20029999967666554,-0.03090000008763891,52.20548000000186,-2.1799669999975833,14.700000002390151,Vw11
14194.310000000663,-0.4278000097777138,-0.6359999980586654,9.611100002712822,0.024899999880492393,0.15160000044151423,-0.04410000019320396,52.20576,-2.179603,15.060000002390153,Vw11
14194.410000000664,-1.9004999925586599,-0.34360000828785237,10.019700001738835,0.006899999602305251,0.21809999909572578,-0.07319999973376362,52.20576,-2.179603,15.420000002323759,Vw11
14194.510000000664,-0.7797000015469595,-1.5918999950417625,10.281599997360209,-0.052999999579731595,0.08190000035520316,-0.03309999993227902,52.20576,-2.179603,15.770000002589331,Vw11
14194.610000000665,-1.0126999937530115,-0.8451000039654796,9.884000004778292,0.01029999994366645,0.13539999985514228,-0.02290000013748069,52.20576,-2.179603,16.160000002078977,Vw11
14194.710000000665,-0.09149010584404195,-1.4300584116298385,10.589168311962366,0.0018029702325876927,0.11445346578053187,-0.043451485182708575,52.20576,-2.179603,16.472970299002416,Vw11
14194.810000000665,-1.1205000017103122,-0.7959000062487307,9.85600000383938,-0.007899999605875929,0.17979999946273964,-0.048599999997336996,52.20576,-2.179603,16.7700000021304,Vw11
14194.910000000666,-1.377399997916673,-1.734499995618826,10.432699995960444,0.05129999955885648,0.099100000066575,-0.04819999991325074,52.20576,-2.179603,17.09000000134495,Vw11
14195.010000000666,-1.0630719969845774,-1.085834001887303,9.83489400192726,-0.013956999771579078,0.10914200009456493,-0.035148999899441515,52.20576,-2.179603,17.29140000093233,Vw11
14195.110000000666,-0.6171366352194855,-1.3637277209926308,10.124966339008722,0.01988910883704137,0.12302772265754641,-0.02016336631223688,52.20576,-2.179603,17.431188119603128,Vw11
14195.210000000667,-0.8507999989459084,-1.0965000019399558,10.481599997625457,0.008800000140857083,0.10579999965620192,-0.016499999963951267,52.20576,-2.179603,17.55000000133514,Vw11
14195.310000000667,-0.6928999956318053,-1.3870999970033564,10.125899996185415,0.02989999955293099,0.054299999731623735,-0.011099999726229234,52.20576,-2.179603,17.75000000060688,Vw11
14195.410000000667,-0.049523765330281126,-0.9417930687013121,9.56344059622337,-0.03597623734078775,0.01502970332401531,0.029041583852300767,52.20576,-2.179603,17.841683169440795,Vw11
14195.510000000668,-0.4918999968383927,-0.8510999972863316,9.887499998419196,0.006400000106143489,0.06799999992857012,-0.01679999993858364,52.20576,-2.179603,18.009999999933246,Vw11
14195.610000000668,-0.018300002096167008,-0.44459999724494226,9.65070000140323,0.022300000010681106,0.05729999981708606,-0.007599999953937731,52.20576,-2.179603,18.0,Vw11
14195.710000000669,-0.3322999966456218,-0.031900002594386,9.860899999400932,0.023899999819468058,0.029899999906015204,-0.0006999999513172291,52.20576,-2.179603,17.99999999959431,Vw11
14195.810000000669,0.1613108894224359,-0.4146257419219081,9.773396040337852,-0.0028247524918214406,0.01607920797382861,0.006400990032714236,52.20576,-2.179603,17.937524750817857,Vw11
14195.91000000067,-0.08759999620409616,-0.3171999964441293,9.883000000349568,-0.005299999795802822,0.024000000157542858,-0.0034999998566562856,52.20576,-2.179603,17.68999999763348,Vw11
14196.01000000067,0.47057425526582985,0.20725445447762786,9.93342475162136,0.024664356277859883,0.047138613753324204,0.01746138597884131,52.20576,-2.179603,17.335841581373998,Vw11
14196.11000000067,0.1479999987797055,0.06269999800053774,9.805900000682106,0.0011000001305306796,0.031000000075640854,-0.00639999994711834,52.20576,-2.179603,16.91999999658612,Vw11
14196.21000000067,-0.03429999925630254,-0.23599999854079579,9.90780000050542,0.020599999973151716,0.04230000007987364,0.0015000000208074198,52.20576,-2.179603,16.40999999550291,Vw11
14196.31000000067,0.07650000087189801,-0.018599999065679728,9.98310000016176,0.016600000111420377,0.05419999988052514,0.004599999866429789,52.20576,-2.179603,15.739999995368672,Vw11
14196.410000000671,0.20639999981219762,0.12060000042916574,10.007199999397947,0.03319999987389442,0.036400000041357204,-0.015299999824401377,52.20576,-2.179603,15.049999994779501,Vw11
14196.510000000671,0.17960495110263797,0.18589307064508778,9.916116830150237,0.01441386126116418,0.0424306930227739,0.01011584125909194,52.20576,-2.179603,14.272970292309923,Vw11
14196.610000000672,0.27009999773534726,0.385199997484987,9.687800001936433,-0.004199999772460796,0.0355000002839206,-0.03829999980333632,52.20576,-2.179603,13.569999994898826,Vw11
14196.710000000672,-0.0672999961623917,0.010500001987126495,9.976299998465636,0.02969999982052638,0.07779999982052638,-0.008999999841600933,52.20576,-2.179603,12.809999994561405,Vw11
14196.810000000673,0.4995750015989121,0.30576800199813525,9.751738000766132,0.003263999975763858,0.05132199994748836,0.014197999931330932,52.20576,-2.179603,12.002999995287416,Vw11
14196.910000000673,0.730339997064734,0.5947529967368728,9.863134999148368,-0.0004470000989642467,0.043700000067322615,0.0036729997125324264,52.20576,-2.179603,11.303599995691354,Vw11
14197.010000000673,0.29613465173829323,0.11802970507728877,9.738455445918493,-0.014941584119088884,0.05380990113140943,-0.03857128710938267,52.20576,-2.179603,10.663564352103013,Vw11
14197.110000000674,0.039599998946041166,0.43100000027795976,9.794000002124744,-0.009099999778574421,0.07480000004240064,-0.03570000001009539,52.20576,-2.179603,10.019999996163751,Vw11
14197.210000000674,-0.11699999665344331,0.4722999990579163,10.109699997464608,0.023799999780675353,0.08109999965785356,-0.037199999777301124,52.20576,-2.179603,9.449999996693258,Vw11
14197.310000000674,0.3788999990322722,0.33269999669933276,9.734000000429877,-0.008699999934540027,0.03040000014509169,-0.004199999884601493,52.20576,-2.179603,8.959999997368104,Vw11
14197.410000000675,0.23549999990552167,-0.15639999953840597,9.797700000230797,0.0009999999304909578,0.051899999871779436,0.01289999994668724,52.20576,-2.179603,8.569999997975465,Vw11
14197.510000000675,0.2215000032851458,-0.0879999910623519,9.83190000021865,-0.009299999771902366,0.03290000011337397,0.0050000000472391545,52.20576,-2.179603,8.26999999838037,Vw11
14197.610000000675,0.7083000072856274,1.2364000171019236,9.864299997573932,0.024500000371164787,0.04970000028613431,0.011999999794172255,52.20576,-2.179603,8.029999999392638,Vw11
14197.710000000676,1.7878999901207049,3.7705999809546134,9.504800001839849,0.07949999978685082,0.09209999986399052,-0.018500000061576427,52.20576,-2.179603,7.939999998985004,Vw11
14197.810000000676,0.3279000069381989,0.9560000165516129,9.77669999940809,0.04799999974300436,0.07200000012508032,-0.02759999974095386,52.20576,-2.179603,7.789999998974752,Vw11
14197.910000000677,1.3434277230617866,3.3645940506027117,9.6923891104603,0.010554455550089601,0.09013465335342973,0.00994851461357815,52.20576,-2.179603,7.638118810607883,Vw11
14198.010000000677,1.3861999971539511,2.0639999931866697,9.921300000662455,0.025999999926243616,0.07359999995872349,-0.02520000014345278,52.20576,-2.179603,7.449999999120337,Vw11
14198.110000000677,0.9655999982027803,1.0571000057617943,10.01919999764318,0.01509999982474401,0.06749999966640462,-0.046399999516185196,52.20576,-2.179603,7.319999999864668,Vw11
14198.210000000678,0.7000000001818334,1.908599998741414,9.670900003235685,-0.010799999711644706,0.018200000135018126,0.02509999967025724,52.20576,-2.179603,7.299999999728606,Vw11
14198.310000000678,0.7268000004098037,1.7230999982345871,10.147799997039778,0.03169999970621684,0.03809999997964551,-0.023499999972860678,52.20576,-2.179603,7.260000000407089,Vw11
14198.410000000678,0.787200003142055,1.4628999996553307,9.711499997582564,-0.011599999981680957,0.035099999755746104,-0.01949999997353916,52.20576,-2.179603,7.32000000081418,Vw11
14198.510000000679,1.2502999889861846,1.4121000069368106,9.355200005339661,-0.008899999700788976,-0.0008999993031979102,-0.015600000111949702,52.20576,-2.179603,7.440000000339242,Vw11
14198.610000000679,-0.3729999894550165,2.434499990102968,10.142199996267665,0.03519999979849054,0.10179999871631007,-0.03209999940429188,52.20576,-2.179603,7.4900000004749385,Vw11
14198.71000000068,1.1812000002462693,0.9758000000816363,9.592100001132703,0.005499999921765265,-0.08739999925642988,0.055699999672094415,52.20576,-2.179603,7.560000000748332,Vw11
14198.81000000068,1.2174000057866492,0.987800002853867,9.75859999826727,-0.006000000251711754,0.021899999424464477,0.007500000189804268,52.20576,-2.179603,7.670000000340151,Vw11
14198.91000000068,2.0679999963107223,1.407299996601211,9.503900002371532,-0.04299999970951102,-0.06269999964488235,0.035399999748288245,52.20576,-2.179603,7.720000000816362,Vw11
14199.01000000068,1.5256999905873412,0.9077000037198915,9.852499998726474,-0.0002999999374122126,-0.010500000355117663,-0.0016000000081636246,52.20576,-2.179603,7.840000000476211,Vw11
14199.11000000068,0.1421000027756323,1.4545000025797052,9.665299998140735,0.008900000161231582,-0.06270000001428634,-0.002799999646923243,52.20576,-2.179603,7.910000001020446,Vw11
14199.210000000681,0.5500999996858109,1.8336999971929688,9.392000001229196,0.03260000031350006,-0.06479999980500985,0.04909999984290546,52.20576,-2.179603,8.059999002135942,Vw11
14199.310000000682,0.5083640026364887,1.4280490011933795,9.576508004167616,0.07751699960220679,-0.03701700035276002,0.025764999634958204,52.20576,-2.179603,8.375500003752766,Vw11
14199.410000000682,0.8746673156568098,1.6073425784486217,10.182301980949923,0.019988118940238254,-0.08664653359350621,-0.028118812508111043,52.20576,-2.179603,8.926633667892611,Vw11
14199.510000000682,-0.7485999849701453,2.2215999899939667,10.292499997658279,0.038799999881993064,0.068699998647354,-0.11999999877218215,52.20576,-2.179603,9.590000005320544,Vw11
14199.610000000683,1.454800006459004,0.7546999957374257,9.94919999923807,0.02150000037925929,-0.12959999825718077,0.05999999845431375,52.20576,-2.179603,10.370000005593392,Vw11
14199.710000000683,2.4017000041104795,0.12979999971958459,9.837499996356652,0.07709999958826812,0.12589999822859538,-0.16659999798237696,52.20576,-2.179603,11.19000000547152,Vw11
14199.810000000683,3.0026999963580194,0.08879999686687079,9.30480000021681,0.016900000132000423,-0.13309999845634737,0.12839999844540434,52.20576,-2.179603,11.990000004992762,Vw11
14199.910000000684,2.470199977552405,-0.3692999923391879,9.336500005875044,0.03619999942001887,0.09259999928665057,-0.09890000010943041,52.20576,-2.179603,12.720000004377217,Vw11
14200.010000000684,-0.8118999874403742,0.750799994418635,10.195500006083611,-0.04859999903419379,-0.011700000006908485,-0.11489999955785696,52.20576,-2.179603,13.360000003730581,Vw11
14200.110000000685,1.0092861407936777,-0.057195049569979194,11.065076230081788,0.09035148456799821,-0.013419802472654958,-0.05033267287918667,52.20576,-2.179603,13.905940598123701,Vw11
14200.210000000685,1.327900012862096,-0.06670001206112938,9.962699997536754,0.005500000528034434,-0.08540000001097214,0.006399999417790605,52.20576,-2.179603,14.500000003634522,Vw11
14200.310000000685,3.203499993267904,-1.8255000018309764,9.603499992861934,0.0824999995734579,-0.0870000000733762,-0.07850000016869671,52.20576,-2.179603,15.030000004114553,Vw11
14200.410000000686,2.2218000034047933,-2.092499992791987,8.562600009894817,0.020300000776279192,-0.0976999997757568,-0.10310000075296338,52.20576,-2.179603,15.630000004114555,Vw11
14200.510000000686,2.7182999805463886,-1.041399986361625,10.005500003206608,0.13349999922509234,-0.0650000002057277,-0.21289999906051016,52.20576,-2.179603,16.2300000037031,Vw11
14200.610000000686,-0.11849999736805693,0.9473999978954056,10.473099996418966,0.020500000174868548,-0.09499999879237839,-0.07590000070838905,52.20576,-2.179603,16.77000000404598,Vw11
14200.710000000687,0.2652999928313118,0.6404999969100245,9.950899989526125,0.04599999882080374,0.0810999997724117,-0.17920000003850436,52.20576,-2.179603,17.360000004125467,Vw11
14200.810000000687,-0.7772999777197227,0.19109997753682692,8.427600012774512,-0.1254999987162919,0.04799999902638956,-0.18479999992574156,52.20576,-2.179603,17.9600000044005,Vw11
14200.910000000687,2.4630999856694995,-3.0758999871436665,10.285499990256334,0.06119999904426659,-0.0935999997655359,-0.17399999888612364,52.20576,-2.179603,18.6000000044005,Vw11
14201.010000000688,0.37890001496307235,-1.2060999977021143,8.868400010766782,-0.07779999893494167,-0.059500001049244015,-0.012000000332787749,52.20576,-2.179603,19.240000004194226,Vw11
14201.110000000688,2.555099985746508,-0.8719000026650523,10.434299996336584,0.07709999897550879,-0.21209999997112172,-0.06039999966102405,52.20576,-2.179603,19.85000000316286,Vw11
14201.210000000689,0.4820999890611128,-1.2594999913695688,9.901500000551518,-0.07189999932903245,-0.20790000174328702,-0.011099999158389624,52.20576,-2.179603,20.310000002798542,Vw11
14201.310000000689,-1.1046326842030705,-0.007618803253237161,9.98150000055136,0.025426733344042066,-0.4607712888714989,0.1109792087621606,52.20576,-2.179603,20.71594059685714,Vw11
14201.41000000069,1.034699996306211,-0.8826999859245818,9.02220000715663,0.011800000437767084,-0.4536000002288798,0.20179999919547373,52.20576,-2.179603,21.100000002206073,Vw11
14201.51000000069,0.49890000826518044,1.158999975784931,10.060300001516673,0.07529999909620055,-0.48679999995105283,0.08510000069077578,52.20576,-2.179603,21.4200000006894,Vw11
14201.61000000069,1.6977999875136418,-2.353499980743074,10.28030000241289,-0.055799999105852115,-0.4796999972072528,0.18529999809105974,52.20576,-2.179603,21.52000000041364,Vw11
14201.71000000069,-0.11339999369334545,0.4397999808927169,10.630299994138488,0.07389999923897121,-0.07460000164302037,-0.09159999902262062,52.20576,-2.179603,21.58000000013824,Vw11
14201.81000000069,0.7989999942013892,-2.3244999900299006,9.78229999816482,-0.03619999921270501,-0.3122999998133717,0.049799999769825076,52.20576,-2.179603,21.60000000076034,Vw11
14201.910000000691,-0.039899990410069586,-0.882100013345998,9.516800000479012,0.07769999946361641,-0.28530000108451786,0.016500000537766027,52.20576,-2.179603,21.710000000138244,Vw11
14202.010000000691,1.3474999916653176,-2.8128999848692824,9.586099998975618,0.00010000003110471881,-0.4421999987502815,0.09429999935993401,52.20576,-2.179603,21.73000000048385,Vw11
14202.110000000692,0.14170001257943252,-0.623900008373488,9.437900006946371,0.0046000003023197135,-0.2614000014327022,0.001700000946756424,52.20576,-2.179603,21.80000000020946,Vw11
14202.210000000692,1.9209187963369732,-1.803819788580107,10.42730989719407,0.04787821780672128,-0.46473069177680815,0.1357821771683511,52.20576,-2.179603,21.830099009969448,Vw11
14202.310000000693,-0.3271999858823878,0.1341999711543448,9.878299999965698,0.04569999972978637,-0.2778000015953805,-0.015999998254811958,52.20576,-2.179603,21.84,Vw11
14202.410000000693,1.6754148417208579,-3.9667584022253886,9.872811880780416,0.007255445652314448,-0.5032475230523383,0.2308643547471749,52.20576,-2.179603,21.84059405981776,Vw11
14202.510000000693,0.26690001104281913,-2.002600018950348,9.813999997918122,0.0228000000138607,-0.2580000020680163,-0.012699998563338522,52.20576,-2.179603,21.899999999930696,Vw11
14202.610000000694,1.860299990901144,-4.736999979295581,9.513600003102026,0.024800000033958713,-0.5563999977926837,0.19459999861323704,52.20576,-2.179603,21.890000000069303,Vw11
14202.710000000694,0.547400005799946,-1.7495000226181912,9.961199997301883,0.029699999551819203,-0.23790000266962888,-0.005499998936873453,52.20576,-2.179603,21.899999999583088,Vw11
14202.810000000694,1.3821000048253749,-5.004599981345628,9.572900007126114,-0.03480000050394458,-0.6220999975216875,0.14749999803896774,52.20576,-2.179603,21.8399999994385,Vw11
14202.910000000695,2.050134639935917,-2.3472485151632263,10.577512863859019,-0.10712376274027974,-0.27062079320574284,-0.1298782164165383,52.20576,-2.179603,21.760495049849037,Vw11
14203.010000000695,0.10359999739120179,-2.3921000001417227,9.508800005614559,-0.1594999993278492,-0.4326999990870582,0.07229999884970713,52.20576,-2.179603,21.8099999999312,Vw11
14203.110000000695,-0.27184554716250986,-2.4124960397456428,10.316819807593154,-0.06276732606071408,-0.3013138604734571,-0.09324455560541048,52.20576,-2.179603,21.800099009832213,Vw11
14203.210000000696,-1.1486999912783515,-1.2222000223611114,9.65539999363868,-0.038799998511209924,-0.23670000085412102,-0.12449999963842674,52.20576,-2.179603,21.739999999651662,Vw11
14203.310000000696,0.10319998349024463,-4.431899985505719,8.74230000561379,0.17489999887835656,-0.3593000000856908,-0.07260000015257137,52.20576000000213,-2.179602999998224,21.689999999930333,Vw11
14203.410000000697,-2.2665999911724573,-2.3514000115522307,9.548099999726904,0.013900000436813933,-0.37159999942733485,-0.09449999969834062,52.206066,-2.179348,21.67999999951233,Vw11
14203.510000000697,-0.9994999904422103,-4.009599980599417,9.508900004617745,0.07659999967066371,-0.2894000005179306,-0.05119999976355343,52.206066,-2.179348,21.61,Vw11
14203.610000000697,0.35011199401525445,-1.2862450233766056,10.168510002376337,0.02956799983832546,-0.3644160009867722,-0.016890999505917024,52.206066,-2.179348,21.609199999442502,Vw11
14203.710000000698,-0.48457226640662265,-4.574976215167375,10.49943068842154,0.006651485184394288,-0.5029158404104869,0.052088117967334445,52.206066,-2.179348,21.52891089033012,Vw11
14203.810000000698,1.0681999828940032,-1.352600014101776,9.832499998175454,0.01180000045366698,-0.3345000008000908,-0.06909999968673694,52.206066,-2.179348,21.41999999992945,Vw11
14203.910000000698,-1.339940582629252,-3.347002967294738,9.576274259084613,0.07649306958156431,-0.4475128710166458,-0.02495742592243506,52.206066,-2.179348,21.40841584047732,Vw11
14204.010000000699,0.29599999059410764,-2.917299997041188,9.813700000605593,0.11579999918905087,-0.40879999996158295,-0.05069999983026646,52.206066,-2.179348,21.249999998952262,Vw11
14204.110000000699,-1.0505999918220565,-2.4936999977368863,9.900400001440289,-0.00030000012572854756,-0.4032999996151309,-0.026399999995110557,52.206066,-2.179348,21.099999999580906,Vw11
14204.2100000007,0.12019999735422535,-2.1697000007031124,10.10659999425465,-0.018299999879546523,-0.348200000468508,-0.02569999974088496,52.206066,-2.179348,21.04000000014006,Vw11
14204.3100000007,-0.2576000036784008,-2.2700999968839697,9.286200008488617,-0.0010999991256724268,-0.4150999999363354,0.011300000165528035,52.206066,-2.179348,21.060000000212213,Vw11
14204.4100000007,-0.7952340123528111,-1.841256008165156,10.480980996344034,0.12109599901648255,-0.40640100021085385,0.03463999995796934,52.206066,-2.179348,21.09,Vw11
14204.5100000007,-2.5134609807086274,-2.9879919949507165,9.969520003656667,-0.01693999932750943,-0.43535499940806816,0.028102999581794928,52.206066,-2.179348,21.089899999929948,Vw11
14204.6100000007,0.20596633177644472,-2.283592085647221,10.4709613753935,0.07715148448405455,-0.3530702979896331,-0.029631682209773896,52.206066,-2.179348,21.0798019800593,Vw11
14204.710000000701,-0.48740000726002325,-3.2027999967779257,8.93710000843609,-0.017699999405998097,-0.49009999949727495,0.107199998946103,52.206066,-2.179348,21.05999999957872,Vw11
14204.810000000702,-1.521400008348963,-2.7439000054290954,10.13859999496665,0.06689999963262294,-0.41850000225816325,-0.042899998476590866,52.206066,-2.179348,21.000000000780144,Vw11
14204.910000000702,-2.6911138561284136,-3.5250742684342127,9.435896044517476,0.014860395871323387,-0.7358108903241972,0.17216534672101377,52.206066,-2.179348,21.11,Vw11
14205.010000000702,-1.9424999965209462,-5.092499991230397,10.135500007093619,-0.009099999123039743,-0.6269000023001776,0.1987000007583003,52.206066,-2.179348,21.110000000982982,Vw11
14205.110000000703,-1.4470000186787622,-3.843500017743525,11.145799998618207,0.11579999974231832,-0.9544999998441271,0.3067000002394263,52.206066,-2.179348,21.24999999978936,Vw11
14205.210000000703,-4.107299957266078,-6.370599967271303,10.94899999401221,0.07909999914892578,-0.9322999977185016,0.3407999986899511,52.206066,-2.179348,21.220000000211183,Vw11
14205.310000000703,1.9632999757285459,-1.7213000141029122,10.098400006984582,-0.041799998842004055,-0.6082000010960484,0.15470000116081173,52.206066,-2.179348,21.25000000084474,Vw11
14205.410000000704,-1.4845999879962632,-3.7246999806519643,11.0905999869333,0.12269999785929141,-0.7638999997831838,0.31959999961212415,52.206066,-2.179348,21.370000000915134,Vw11
14205.510000000704,0.2205999697154144,-0.976200016763839,9.23439999363912,-0.1813999994558475,-0.7330999999401643,0.26449999969096644,52.206066,-2.179348,21.500000000915133,Vw11
14205.610000000705,-4.0814999720616765,-3.357599981006755,8.330800009775738,-0.10410000013938188,-0.7245999989222542,0.22059999936714994,52.206066,-2.179348,21.63000000175987,Vw11
14205.710000000705,-0.11270003750521136,-0.6595000205893666,9.71949999824899,-0.12389999973110243,-0.5715000016345584,0.13070000168255066,52.206066,-2.179348,21.880000000705767,Vw11
14205.810000000705,-5.426799951311191,-3.5767999845521525,9.471400017304017,-0.08580000031406672,-0.803099996545972,0.3690999979426866,52.206066,-2.179348,21.9800000009175,Vw11
14205.910000000706,1.4718999551152796,-1.3880000173668303,11.923199983934605,-0.13030000056602584,-0.3137000035154298,0.07760000202484807,52.206066,-2.179348,22.11000000197615,Vw11
14206.010000000706,-4.887799950664002,-3.8486999796498886,9.646900011027624,-0.21049999922436108,-0.8117999947406177,0.3644999970435383,52.206066,-2.179348,22.390000002187882,Vw11
14206.110000000706,2.1025999725893865,-0.9652999948027253,11.209399986938354,-0.10060000052438553,-0.06660000189569255,-0.05439999812971509,52.206066,-2.179348,22.700000002258456,Vw11
14206.210000000707,-1.7811999727876238,-0.22889999478154677,9.358700003767193,-0.1748999995903072,-0.33519999547215157,0.21059999721069253,52.206066,-2.179348,23.020000002052,Vw11
14206.310000000707,2.0645999904362555,0.5086000010076037,9.891099997421554,-0.11699999986414332,0.3046999981404617,-0.18359999976012806,52.206066,-2.179348,23.31000000212276,Vw11
14206.410000000707,0.712999992742989,0.6509999780669296,9.52670001196954,-0.09780000007783456,0.04190000097151678,-0.1496999995697872,52.206066,-2.179348,23.610000002618072,Vw11
14206.510000000708,-0.31259997694469677,-2.4486999823025446,11.218299991822418,-0.10879999912825296,0.17920000120148252,-0.08889999992853373,52.206066,-2.179348,23.9800000032549,Vw11
14206.610000000708,2.9456999643326682,0.05239998182563104,10.062599993752714,0.014399998981782482,0.3489999970118606,-0.0787999995789858,52.206066,-2.179348,24.440000001839728,Vw11
14206.710000000709,-2.094999969985683,-2.516099984998574,9.179700006087277,-0.1294999990720398,-0.07329999758730349,-0.01929999959227077,52.206066,-2.179348,24.700000003367887,Vw11
14206.810000000709,2.080677218552722,-0.4310604020431346,10.03999109676631,-0.0006782183030482407,0.2602247502220793,0.03788217841805657,52.206066,-2.179348,25.17435643873491,Vw11
14206.91000000071,0.7884000024396468,-1.2770999879202367,11.119099987536448,-0.06850000097685188,-0.05729999852727342,0.0660999994792961,52.206066,-2.179348,25.61000000375985,Vw11
14207.01000000071,1.1322999946787538,0.42569999184604684,9.362200009256693,-0.20619999942193956,0.15029999790900864,-0.00729999880595052,52.206066,-2.179348,26.14000000309048,Vw11
14207.11000000071,0.3822009847792496,-0.7237059487457356,10.667051494402623,-0.12471485090724951,-0.14445247733793215,0.16101683287688437,52.206066,-2.179348,26.57564356744605,Vw11
14207.21000000071,2.4223128769732383,0.5745188257321662,10.799096026615066,-0.07018910833546493,-0.15328118512505023,0.10532673049240926,52.206066,-2.179348,27.094653468648737,Vw11
14207.31000000071,3.2235999720943815,2.526399982742129,8.968700008676231,0.010900000457317583,0.26860000190750505,-0.20199999945946912,52.206066,-2.179348,27.56000000320051,Vw11
14207.410000000711,-0.6999999388924053,0.09990002228387188,10.188600000231675,0.07520000046616916,0.5368000022181766,-0.1260000038920196,52.206066,-2.179348,28.01000000457719,Vw11
14207.510000000711,7.891881249209384,3.2330683391093484,10.221174257657355,0.14074455492148485,0.8486811903363705,-0.6732277266632126,52.206066,-2.179348,28.653564361011558,Vw11
14207.610000000712,-5.505899923297243,-1.237899965282981,9.086399997058374,0.1267999998314397,0.6218000037012141,-0.5072000012268628,52.206066,-2.179348,29.080000003840613,Vw11
14207.710000000712,5.2786999249164825,3.6433999531359063,8.672800009209675,0.10310000064673076,1.1421999939255796,-0.6796999958964326,52.206066,-2.179348,29.620000002566957,Vw11
14207.810000000713,-5.251299929202668,-2.92899996710347,9.964400000229038,0.19379999917675847,0.29030000431499564,-0.1042000032101378,52.206066,-2.179348,29.980000003025037,Vw11
14207.910000000713,4.490601917648112,1.604782154240181,10.009751494814003,0.0802613866816664,0.8794683097479901,-0.5420504894509087,52.206066,-2.179348,30.403465349006282,Vw11
14208.010000000713,-4.279199925035561,-1.7569999692941927,11.364899989822726,0.15639999981389557,-0.11369999445323192,0.24289999579874566,52.206066,-2.179348,30.750000003493916,Vw11
14208.110000000714,6.234099955340637,2.5492999990780345,9.937599982004912,0.1303000006360351,0.6641999961110588,-0.3462999967841722,52.206066,-2.179348,31.240000003137393,Vw11
14208.210000000714,-0.0290999624584876,2.4200000077506547,7.413900011618623,0.21949999909450707,0.11880000336195787,0.10469999602760534,52.206066,-2.179348,31.680000003293976,Vw11
14208.310000000714,5.222468664971889,3.5042156940209113,9.039194129259306,0.09283333242833738,0.5890941210071716,-0.4509862784800184,52.206066,-2.179348,32.140784317017655,Vw11
14208.410000000715,3.2415000037373027,2.3178000049161116,8.868499994457668,-0.00820000058761725,-0.1385999953869901,0.0656999984072856,52.206066,-2.179348,32.480000002573505,Vw11
14208.510000000715,3.764299996050383,3.005499990811868,8.093200012653071,-0.09039999864676465,0.5066999982757509,-0.15709999968331576,52.206066,-2.179348,32.84000000300243,Vw11
14208.610000000715,3.2117999787614253,1.720199976296578,9.863200000115095,0.09889999841014506,0.26550000150049713,-0.1128000010329768,52.206066,-2.179348,33.260000002573506,Vw11
14208.710000000716,0.2408000167431208,-1.5955999817991482,9.879300002892528,-0.12349999907978053,0.4753999990210126,-0.257299998378149,52.206066,-2.179348,33.620000002365046,Vw11
14208.810000000716,2.5769999922347524,0.9439999935355299,10.282899997235042,0.004899999506922904,0.33879999853796905,-0.030999998386749213,52.206066,-2.179348,33.95000000215005,Vw11
14208.910000000717,1.4935000019951263,0.042000015245777005,9.897099998534785,-0.06389999969305749,0.1348000028355987,0.19409999661639307,52.206066,-2.179348,34.25000000130306,Vw11
14209.010000000717,1.761442568767971,2.1149960159440835,9.70376337283398,-0.021244554272321758,0.5236544534056308,-0.2712148499903474,52.206066,-2.179348,34.43069306980378,Vw11
14209.110000000717,0.9957000293789381,-1.1853999650180433,10.610099989080634,0.004299999788578862,0.2391000031706004,-0.06270000146131424,52.206066,-2.179348,34.50000000050168,Vw11
14209.210000000718,5.094999975195196,3.6956999823629606,9.086500000830586,-0.02519999979666427,0.6814999953592032,-0.2665999974047751,52.206066,-2.179348,34.5700000001437,Vw11
14209.310000000718,1.6427000326313193,1.24100001267407,9.202100009605857,0.003100001319622783,0.03560000335916915,0.09459999769581769,52.206066,-2.179348,34.589999999786585,Vw11
14209.410000000718,6.184284191038163,3.0049604087101796,10.539030702672516,0.1867633676558926,0.5031247558334905,-0.2260930716104777,52.206066,-2.179348,34.56029702948962,Vw11
14209.510000000719,-1.9845999834910066,-0.8368000012566579,5.595600034893273,-0.02439999769648639,-0.2502999949712128,0.4633999944186857,52.206066,-2.179348,34.6,Vw11
14209.610000000719,0.313100000477803,-1.0116999894430676,10.45199998019668,0.2961999963061873,0.4495999932281298,-0.31339999754272724,52.206066,-2.179348,34.6000000007185,Vw11
14209.71000000072,0.3795999822930986,0.45759998028700793,7.695800034688441,-0.21789999826979184,-0.49289999802704404,0.028600003621767973,52.206066,-2.179348,34.69999999992797,Vw11
14209.81000000072,-2.0785999258265084,-2.2790999618720322,12.511500006821429,0.022299996447382727,-0.21899999890223262,0.5313999983547896,52.206066,-2.179348,34.690000000216095,Vw11
14209.91000000072,8.218699931988844,3.01409997535858,13.458499977697459,-0.47089999916298836,-0.06660000262268441,0.30300000117700254,52.206066,-2.179348,34.720000000216096,Vw11
14210.01000000072,-1.2230999563090024,-0.4067999735167221,10.362300010824965,-0.354699998385043,-0.43069999448018936,0.4663999963494192,52.206066,-2.179348,34.75000000122454,Vw11
14210.11000000072,4.842399989877688,3.269799985427712,11.865099966210453,-0.13050000185900718,0.3355999963860319,-0.04039999844440026,52.206066,-2.179348,34.92000000203727,Vw11
14210.210000000721,3.4876287391194833,1.311266368529149,7.263733694085422,-0.38128019461901513,-0.1547722726683712,0.16921682866904528,52.206066,-2.179348,35.202376239335926,Vw11
14210.310000000722,7.130499951319901,5.737899933348033,11.527099991811669,0.09069999934574226,0.47799999404668775,-0.24909999561372895,52.206066,-2.179348,35.44000000137206,Vw11
14210.410000000722,0.38939999309226836,-3.4918999809807607,10.393199982729941,0.00010000153764502635,-0.3463999922198663,0.3582999950938328,52.206066,-2.179348,35.63000000240713,Vw11
14210.510000000722,-0.5534584128499651,-0.9233346815170497,8.070918844616639,0.20990891017518887,0.7127940540563563,-0.3106594033108587,52.206066,-2.179348,35.96326732909279,Vw11
14210.610000000723,-0.1392999863176363,-4.806799964324177,12.602799983672442,0.1107999983917969,-0.02779999324872442,0.053399996480295524,52.206066,-2.179348,36.29000000238306,Vw11
14210.710000000723,1.7553999934141562,0.13350002949114423,10.341799993530712,-0.11189999909505277,0.9070999965626485,-0.4339999978802516,52.206066,-2.179348,36.62000000311301,Vw11
14210.810000000723,0.845699990894059,4.2070999609004875,9.448200016692294,0.013099998726558261,0.4323000015159676,-0.14120000037573407,52.206066,-2.179348,37.05000000253385,Vw11
14210.910000000724,-0.41209998461227737,-1.193699979541677,11.75389998504448,-0.1628000008832285,0.6416999990364123,-0.19310000023021856,52.206066,-2.179348,37.400000002678645,Vw11
14211.010000000724,1.7134000123775062,1.6321999839983612,9.688100015038776,-0.2847999982958034,0.5085999981365327,-0.2248999992883495,52.206066,-2.179348,37.77000000195469,Vw11
14211.110000000725,3.4230999969521374,-0.5780999853528861,11.765399979933338,-0.04940000059654121,0.25120000078549415,-0.12659999924274015,52.206066,-2.179348,38.04000000282343,Vw11
14211.210000000725,3.0020999764761234,1.445100000432563,8.993600016335058,-0.13179999892585037,0.35969999689222387,-0.021999999876617948,52.206066,-2.179348,38.43000000275795,Vw11
14211.310000000725,-0.23909998569131094,1.5046999916361483,11.244299983726634,0.016199999272771673,-0.0684999986471521,-0.004999999258256139,52.206066,-2.179348,38.810000002830535,Vw11
14211.410000000726,1.7324000113719689,0.35230001485349816,9.002100002647985,-0.08399999845240934,0.11789999771856838,0.09720000040834106,52.206066,-2.179348,39.200000003225675,Vw11
14211.510000000726,3.2733900915977694,2.364504940407593,9.357127718291359,0.1264475242787946,-0.19188712768716223,0.1528336633181779,52.206066,-2.179348,39.64613861831786,Vw11
14211.610000000726,2.2523999917210644,0.9750000124107828,8.739900001360105,0.06120000118591924,-0.05060000129696309,0.14620000045869092,52.206066,-2.179348,40.26000000145155,Vw11
14211.710000000727,1.111699994628888,2.684999969708006,8.927300022487803,0.22459999954525264,-0.22930000026848285,0.209399999038846,52.206066,-2.179348,40.460000001164154,Vw11
14211.810000000727,0.3735000129250111,-1.4782999809035215,12.017999987016783,0.16210000028376234,-0.2661999981635483,0.07730000000800355,52.206066,-2.179348,40.62000000174623,Vw11
14211.910000000727,2.149899992996891,1.1462999920059054,10.233600002540763,0.20109999919964466,-0.013800000036379788,0.07839999973297235,52.206066,-2.179348,40.860000004292814,Vw11
14212.010000000728,1.187399983694579,0.04760001154694474,10.582799978527921,0.09110000108484528,-0.018799999046849553,0.04169999963110895,52.206066,-2.179348,41.45000000349246,Vw11
14212.110000000728,-1.0535999891384507,1.6345999957733963,7.631700010478834,0.24019999945721357,0.11220000030704541,-0.009000001241278368,52.206066,-2.179348,41.930000002328306,Vw11
14212.210000000729,0.4392000019234667,1.0536999962194433,9.07190000332686,0.1655999990408196,0.15440000075275603,-0.17959999995258805,52.206065999997406,-2.179347999992487,42.25000000196942,Vw11
14212.310000000729,0.7029000033611431,0.5354000154548397,9.528000000781933,0.03409999995258804,0.2575999979197091,-0.17309999861775904,52.20571,-2.178318,42.52000000240707,Vw11
14212.41000000073,1.1637000043175458,2.6541999957723417,9.635199997558303,0.02760000029766016,-0.02759999918143456,0.016399999804752617,52.20571,-2.178318,42.85000000331552,Vw11
14212.51000000073,1.7482237612991558,2.0739821735352963,9.298163362224074,0.06715643502808896,0.08329702955488057,-0.009978217732928335,52.20571,-2.178318,43.30405940890238,Vw11
14212.61000000073,1.6005999967286855,1.4321999978802764,8.734500006351803,-0.01719999930521403,0.06300000019598416,0.002199999643397233,52.20571,-2.178318,43.710000001841955,Vw11
14212.71000000073,1.1441769909357689,1.1421069982539882,9.59038799546752,0.07491499840575183,0.09054000068585505,-0.04565999960599816,52.20571,-2.178318,43.962600001897044,Vw11
14212.81000000073,-0.07412474400874283,0.9208089223079436,8.97488910853721,-0.14134059401595453,0.18420594103726368,0.006425741569081777,52.20571,-2.178318,44.22396039893636,Vw11
14212.910000000731,1.083400004749363,2.4816999707440695,8.923800023385587,-0.13540000009213543,0.24480000056963108,-0.1310000008950301,52.20571,-2.178318,44.62000000292493,Vw11
14213.010000000731,1.7328999953888402,-1.5191999843377046,12.121899988789457,-0.14799999989250864,0.32269999870937244,-0.25339999850755196,52.20571,-2.178318,45.02000000212058,Vw11
14213.110000000732,1.1022999985953001,0.6227000098109631,10.588799995678409,-0.13329999863405537,0.14619999943914372,-0.04930000082410042,52.20571,-2.178318,45.31000000255932,Vw11
14213.210000000732,0.9102000034010743,1.9643999821759317,9.99779999485484,0.0535000003338656,0.06950000109595013,-0.1620000006561185,52.20571,-2.178318,45.66000000275802,Vw11
14213.310000000733,1.3741603994397593,-0.4670851663341029,9.295918806737419,0.09904455478922092,0.21900495159070343,-0.2515049511509907,52.20571,-2.178318,46.03623762651965,Vw11
14213.410000000733,-0.1878999984078095,-1.4383999661014426,10.099399986962656,0.03909999945534182,-0.05379999809846122,0.10669999928747274,52.20571,-2.178318,46.34000000300552,Vw11
14213.510000000733,0.02930000405574124,3.1858999898882274,8.320900009298883,-0.03519999919001303,0.20559999882711563,0.009499999722020598,52.20571,-2.178318,46.75000000290318,Vw11
14213.610000000734,0.5825673307873185,1.8064940492969004,9.589414860781519,0.07529505031471859,0.0455999988274326,-0.028420792357112194,52.20571,-2.178318,47.146039606862786,Vw11
14213.710000000734,-1.134699981971392,1.4642999960669665,7.486800011901982,-0.3046999981606161,0.1537999994775062,-0.05719999951204518,52.20571,-2.178318,47.44000000191066,Vw11
14213.810000000734,1.3185999864961755,0.9290999953309665,9.106400004739552,-0.054399999121123116,0.08269999992799741,0.009199999225786664,52.20571,-2.178318,47.70000000274649,Vw11
14213.910000000735,-0.49933199906792897,0.3005790003520994,9.751614004935272,0.06438400028226758,0.0713929988187396,-0.09366399894443689,52.20571,-2.178318,48.07320000235223,Vw11
14214.010000000735,-0.3724356425614592,0.365490111866345,10.403520782685597,0.10183267285030198,-0.08613663251418291,0.048842574509241746,52.20571,-2.178318,48.39267326929177,Vw11
14214.110000000735,-0.23599998833611607,2.114500002080422,9.125600009590077,0.045100000086714866,0.07020000131321576,0.08309999809741711,52.20571,-2.178318,48.66000000279251,Vw11
14214.210000000736,1.351199976142383,2.397599985667273,10.43059998563081,0.056899998392674817,0.2488999990214664,-0.1758000000602747,52.20571,-2.178318,49.04000000178591,Vw11
14214.310000000736,-1.8326879836321817,0.4941740167082619,8.527844020812744,-0.15552799736782608,0.11935000143693705,-0.1829879993279556,52.20571,-2.178318,49.283300002431744,Vw11
14214.410000000737,0.3686306947867686,2.7226118691855863,11.300971270159112,0.19605742423742412,0.3093118789125186,-0.0904207903996851,52.20571,-2.178318,49.61326732914033,Vw11
14214.510000000737,0.6016999939532427,1.093800018819501,8.99810001352638,-0.008199999597030183,0.0005000009864288586,0.13749999721162567,52.20571,-2.178318,49.94000000228374,Vw11
14214.610000000737,-0.21909999471424416,3.6483999804695926,10.834199995485559,0.0464999987314186,0.1343999974532602,-0.24099999783339263,52.20571,-2.178318,50.25000000250475,Vw11
14214.710000000738,0.4983999902369018,0.9972999676865081,10.22139999382015,-0.1256999997009036,-0.21129999955394013,0.053100001318978324,52.20571,-2.178318,50.590000001772424,Vw11
14214.810000000738,-0.8235999944798265,-3.378199972944436,9.384600008116895,-0.08519999967774122,-0.15089999969415255,0.23169999978292288,52.20571,-2.178318,50.830000001790324,Vw11
14214.910000000738,-0.09034950993640703,0.24803366287410858,10.463502963503112,-0.041996039601034825,-0.11008811895084603,0.19943663132656295,52.20571,-2.178318,51.072772279275625,Vw11
14215.010000000739,-0.7652999969698947,0.1814000029924413,9.543799994343754,-0.04159999851411848,-0.12889999906873925,-0.11689999976515392,52.20571,-2.178318,51.350000002289384,Vw11
14215.11000000074,-0.35499999700460466,0.5865999912353669,8.777899999497075,0.15959999895353175,-0.002800000699368684,-0.08509999890035906,52.20571,-2.178318,51.660000002215526,Vw11
14215.21000000074,0.05060000260507738,-0.6001999788485894,8.709800001783385,0.01790000080703157,-0.09749999935789314,0.06379999863002543,52.20571,-2.178318,51.9600000017592,Vw11
14215.31000000074,0.4024811907231922,2.2568297241160478,8.95069109089182,0.12690990179691464,-0.01076732609073823,-0.12124950632010303,52.20571,-2.178318,52.19762376413497,Vw11
14215.41000000074,-1.2749999925226803,0.15839999755541972,9.758199998826692,0.007100000327539359,-0.2036999976421653,0.19049999883342147,52.20571,-2.178318,52.52000000209386,Vw11
14215.51000000074,-0.26928712440828434,-0.17200198279133,9.601153465238022,0.04990692995767488,0.11116930661175331,0.033577227039434686,52.20571,-2.178318,52.80237623938343,Vw11
14215.610000000741,0.3120000012489345,-0.5221999891519638,9.586500000221358,-0.04939999911382656,0.06809999878660128,-0.058700000179159544,52.20571,-2.178318,53.04000000266518,Vw11
14215.710000000741,0.4806999947040342,0.9430999883007841,9.616400003667694,0.07029999974173261,-0.09580000000445288,-0.08289999820771336,52.20571,-2.178318,53.400000002374874,Vw11
14215.810000000742,-0.23289999322441216,-0.6332999733796771,10.110599994832153,0.035499999357050276,-0.09639999662506507,0.15859999738705233,52.20571,-2.178318,53.72000000191048,Vw11
14215.910000000742,0.6800703038034821,2.9536307196825238,9.414263361170166,-0.051133664009114725,0.3583524786215588,-0.19347921053304226,52.20571,-2.178318,53.97742574448422,Vw11
14216.010000000742,-2.2788999896136435,1.1209000055839191,8.629900017168843,-0.12419999999925786,0.13909999991094227,-0.04649999946713797,52.20571,-2.178318,54.17000000215223,Vw11
14216.110000000743,-0.879399991135046,1.8732999967004114,10.943299999145788,-0.12409999952576764,0.12710000004452884,0.025300000286469004,52.20571,-2.178318,54.46000000163273,Vw11
14216.210000000743,0.3150999924405547,1.4286999888695149,10.828199990790438,-0.06020000010415533,0.13309999931629463,0.0639000005044094,52.20571,-2.178318,54.680000001041556,Vw11
14216.310000000743,-0.70099999767808,-0.06739999769147144,9.59029999651154,-0.07419999935126106,0.0412000004843223,0.13169999849495545,52.20571,-2.178318,54.82000000066957,Vw11
14216.410000000744,-0.38890000037049544,0.24289998796559523,9.121399990987587,0.012999997999473635,0.10629999811925227,-0.07059999898522946,52.20571,-2.178318,54.91000000037198,Vw11
14216.510000000744,-0.4386999864612946,-1.3746999841468144,7.9100000177004555,-0.25589999811999625,-0.14649999786332774,0.06580000030428236,52.20571,-2.178318,54.960000000371984,Vw11
14216.610000000745,1.381099990937742,0.7562000083651612,10.289199991516547,-0.0032000000438940335,0.14069999689840296,0.10670000093367817,52.20571,-2.178318,55.00999999970241,Vw11
14216.710000000745,0.16300001079673895,1.8806000001961416,9.14890001192735,-0.009099999622632459,-0.27619999865012795,0.23219999736141034,52.20571,-2.178318,54.96999999955253,Vw11
14216.810000000745,1.6107000050600426,1.9069000030682677,10.748199996181427,0.0414999980210314,-0.09520000122338981,-0.12159999726093268,52.20571,-2.178318,54.90999999939734,Vw11
14216.910000000746,2.268299989481629,2.25544253042534,10.223836620635979,-0.2204851479815839,-0.25761386139647896,0.24201683169572447,52.20571,-2.178318,54.8286138603521,Vw11
14217.010000000746,0.8583000007756171,-3.620299968542761,8.477500004416541,-0.14899999844652848,-0.2589999992691301,0.24369999930940248,52.20571,-2.178318,54.69000000022373,Vw11
14217.110000000746,0.9622999917255082,0.5977000025394001,9.069700005450201,0.059299997832746885,-0.16099999849798768,0.15109999869189197,52.20571,-2.178318,54.71999999903048,Vw11
14217.210000000747,-0.1471999986662733,0.9382000078640533,9.80050001896299,-0.2312999986131934,0.0403999976345789,-0.024299999730862328,52.20571,-2.178318,54.58999999910288,Vw11
14217.310000000747,0.031199988782154544,1.9900999657189289,12.336999991792206,-0.04580000025901858,-0.27599999857199964,0.011700001772351618,52.20571,-2.178318,54.469999999848966,Vw11
14217.410000000747,-1.408761352084713,-2.5284673110043823,11.25327326969971,-0.07765643381626021,-0.08824950595965857,0.24492970187080487,52.20571,-2.178318,54.44920792019976,Vw11
14217.510000000748,3.145099973356118,-0.4252000225507465,11.57059999057121,0.16669999865431162,-0.2232000006885439,0.09790000076106153,52.20571,-2.178318,54.36999999985048,Vw11
14217.610000000748,-0.418799981818104,-3.4415999601103837,10.309399994932146,-0.013300000650189494,-0.31529999928486707,0.19969999989880904,52.20571,-2.178318,54.34999999954691,Vw11
14217.710000000749,1.9721593934216302,1.8179564186354547,9.651229712639397,-0.0970009883049805,-0.22198316935119367,0.18705247581024137,52.20571,-2.178318,54.28990099002497,Vw11
14217.810000000749,0.2981000054640477,-0.45639998061241055,10.944199984262854,0.14289999780343932,-0.3602999992700614,0.2622999993345118,52.20571,-2.178318,54.27999999985012,Vw11
14217.91000000075,1.0272000027661226,2.130599974522594,8.844300011861877,-0.15019999749692506,-0.2629000004054382,0.17349999951062636,52.20571,-2.178318,54.26000000029977,Vw11
14218.01000000075,1.3962999739200577,-1.2689999776349503,10.427099992038123,0.1837999991284203,-0.3169999961284775,0.10819999880541874,52.20571,-2.178318,54.299999999925056,Vw11
14218.11000000075,-2.08369999677523,1.715299990834549,9.364700008174712,0.06750000051935058,0.19959999856410432,-0.051200000345484296,52.20571,-2.178318,54.29000000052459,Vw11
14218.21000000075,-1.6533999895494638,0.49229999360617405,10.455499989034863,0.13679999852455949,0.008000000730959073,-0.09729999926753843,52.20571,-2.178318,54.360000000300495,Vw11
14218.31000000075,-0.2622999895457076,-0.35879999585163824,8.99590000860323,-0.05959999937571738,0.10529999965818461,0.00019999942680187815,52.20571,-2.178318,54.400000000450746,Vw11
14218.410000000751,1.1292999774552088,0.19340001293189052,10.141099987197324,0.023499999739318808,0.059799999625129927,-0.07610000076701871,52.20571,-2.178318,54.460000001727856,Vw11
14218.510000000751,-1.871699982769226,1.9147999735350125,8.436900018600463,-0.01119999894370734,0.009899999187292072,-0.17819999702538275,52.20571,-2.178318,54.690000000607064,Vw11
14218.610000000752,0.39806057621714513,-1.55254133093043,10.885192305507315,0.12605288315221988,-0.09468942119034375,0.21207019100782398,52.20571,-2.178318,54.77076923134727,Vw11
14218.710000000752,0.3041182685239173,0.4733240537047969,10.594423074735236,-0.0686586553112257,0.15636827111980756,0.039089421775360456,52.20571,-2.178318,54.8476923082711,Vw11
14218.810000000753,-1.4628000074974816,-1.945599987057883,8.91130001089605,-0.026399997702409018,-0.07269999827699503,-0.0825000004571084,52.20571,-2.178318,54.97000000112959,Vw11
14218.910000000753,-2.4583999881114162,-0.22699999123059753,10.35820001061365,0.27869999871452383,0.15609999894119536,-0.14319999909105463,52.20571,-2.178318,55.12000000120489,Vw11
14219.010000000753,-0.8796999817629776,0.9374999917322963,11.767599977045313,0.10800000025025987,0.015500001308349469,-0.022500001359314244,52.20571,-2.178318,55.28000000121707,Vw11
14219.110000000754,1.4987257282060442,-0.18466834339852084,8.76382080256543,0.14158316883144717,0.18427425499586253,-0.1985524732532033,52.20571,-2.178318,55.44198019951144,Vw11
14219.210000000754,-0.4087000007510681,-3.7114999736927925,10.155899992430607,0.20989999891114192,-0.13829999642308596,0.066199997575232,52.20571,-2.178318,55.640000000457505,Vw11
14219.310000000754,-0.5045643544455252,-0.22229303977811993,9.17564654405158,0.06601683086529099,0.32264751859671476,-0.2477227691985999,52.20571,-2.178318,55.70128712968476,Vw11
14219.410000000755,-0.24100002586598385,3.6883999919575023,10.42029998632911,-0.04230000370117959,-0.4925999970695535,0.16000000001056833,52.20571,-2.178318,55.83000000135878,Vw11
14219.510000000755,-3.667499987087729,2.6229999945534224,8.609300039678507,-0.5325999958329065,-0.1043999994052456,0.16139999877465339,52.20571,-2.178318,56.01000000122001,Vw11
14219.610000000755,-1.9498930510283567,1.9041970263027923,13.809027719772825,0.014254455713192699,-0.02603267298995952,0.0016108917769197845,52.20571,-2.178318,56.171386139660534,Vw11
14219.710000000756,0.47079999112164367,1.4538999629451776,13.411799981598579,0.04970000163447112,0.01069999601370655,0.09270000182137592,52.20571,-2.178318,56.30999999992433,Vw11
14219.810000000756,-0.7024999831059249,-3.4430000142002246,10.980000018665509,0.2657000008883653,-0.5161000009980867,0.33339999855848723,52.20571,-2.178318,56.300000000681024,Vw11
14219.910000000757,1.5300999889166211,-5.319599951508421,13.446699980075342,0.3830999940493144,-0.6479999943966396,0.14289999717297033,52.20571,-2.178318,56.38999999984866,Vw11
14220.010000000757,0.06540001939118374,1.08869996721372,10.813600021456972,-0.4032999979780987,0.0924999977753032,-0.23069999549763742,52.20571,-2.178318,56.37000000007567,Vw11
14220.110000000757,2.6279999943459407,-3.2440999741541687,13.649199991505292,-0.13610000212632586,-0.20149999680975453,0.3642999977760599,52.20571,-2.178318,56.37999999954598,Vw11
14220.210000000758,1.8807999883766415,0.1714999987255386,12.526599977267724,-0.4170999978070552,0.22009999787164192,0.07039999903119905,52.20571,-2.178318,56.319999999549395,Vw11
14220.310000000758,0.3484237507559149,0.0034801967456734306,9.529669284204354,-0.12799108691653882,-0.06049406153374279,-0.05732277324577566,52.20571,-2.178318,56.26059405895545,Vw11
14220.410000000758,0.23339999904805916,0.6172999957659493,12.529899998722655,0.17399999696592566,-0.012800003040142475,0.20030000191677647,52.20571,-2.178318,56.27999999946904,Vw11
14220.510000000759,0.10789999021587648,0.05909996775070141,12.361499979510803,-0.22600000053785863,-0.41360000025743665,0.4529999976846029,52.20571,-2.178318,56.209999999540294,Vw11
14220.61000000076,-1.1650259969089802,-4.056397928982415,9.687293999995449,-0.2921929969598143,-0.442507996440092,0.14862999835358048,52.20571,-2.178318,56.14989999992412,Vw11
14220.71000000076,-0.7544851430406934,5.137608855813712,9.681399995978706,0.10342277145989767,0.01896435413239546,-0.06478415734159344,52.20571,-2.178318,56.14039603990445,Vw11
14220.81000000076,-0.033000013991731976,-2.1215000290988795,9.1513999969366,-0.004299998514300387,-0.2845999949627636,0.07679999533304799,52.20571,-2.178318,56.179999999011564,Vw11
14220.91000000076,-1.873199984852555,-5.948599951159716,8.748500016837676,0.19110000042578904,0.37789999964644305,-0.5369999958500776,52.20571,-2.178318,56.04999999901156,Vw11
14221.01000000076,0.11899999229678199,0.47489996484398755,10.962999986846159,0.2470999978579985,0.3313999983387776,0.008800000209668845,52.20571,-2.178318,55.91999999953919,Vw11
14221.110000000761,-0.8766139943826688,-4.052752962089479,9.251638001017598,-0.030302998861475125,0.11614200079248023,0.03261999735332895,52.20571,-2.178318,55.85949999961973,Vw11
14221.210000000761,-0.15284412330869418,0.8468489927976547,9.38049803647621,0.11548823345984623,0.21588725230639214,-0.30715587874479505,52.20571068627503,-2.178298421553737,55.811764707224505,Vw11
14221.310000000762,-0.8972558880249312,-2.678249046467065,9.020301958039827,-0.12568823713174382,-0.12538725750227653,0.16725588596768626,52.20577931372601,-2.176340578416455,55.98823529546225,Vw11
14221.410000000762,-1.6539999906376688,2.2318999963104003,8.33640001599233,-0.14169999944133924,0.23619999570219916,-0.17039999810985174,52.20578,-2.176321,55.88999999939028,Vw11
14221.510000000762,-0.4256000073349947,1.747799992828869,10.434699992036226,-0.06840000012651799,-0.3276999980404955,0.07760000103805724,52.20578,-2.176321,55.810000000990804,Vw11
14221.610000000763,-1.3879999961076663,0.8069000026637372,9.389800000736242,-0.08499999862506957,-0.07060000110893778,0.21379999953432233,52.20578,-2.176321,55.94000000030486,Vw11
14221.710000000763,-0.8772999912845669,1.1563999816569472,9.48640000621876,0.09539999946063327,-0.21609999946598107,0.15269999936666429,52.20578,-2.176321,55.97999999969441,Vw11
14221.810000000763,0.2635000045716297,-1.2445999847052094,10.300400001148255,0.02479999983803718,-0.14619999854462656,0.06979999897168891,52.20578,-2.176321,55.94000000022919,Vw11
14221.910000000764,0.8618999836257121,0.7573999808035863,10.45069998189607,0.0035999982558438206,0.044299998149651215,-0.06479999884945283,52.20578,-2.176321,55.97000000053478,Vw11
14222.010000000764,-1.2813999890705658,-1.7552999866472354,8.08100001643235,-0.22469999763931556,-0.1978999981465953,0.08579999960884452,52.20578,-2.176321,56.04000000190994,Vw11
14222.110000000765,0.149199993188394,-0.007499999779975041,10.231899991702461,0.08429999945528543,0.04469999925817974,0.03459999999312422,52.20578,-2.176321,56.29000000099317,Vw11
14222.210000000765,-0.7423999958859394,0.02129999490102151,9.145800007751964,0.013000001189635279,-0.05239999943892282,0.03369999959132351,52.20578,-2.176321,56.42000000030329,Vw11
14222.310000000765,-0.2051722731147264,-0.6445415892560752,10.158077235472732,0.16834653584279285,0.02086732729360531,-0.019666337042234132,52.20578,-2.176321,56.45960396069925,Vw11
14222.410000000766,-0.9952999951831523,-0.18559999044441572,9.121000009357244,-0.03650000025347799,-0.07800000034154436,-0.08259999863075937,52.20578,-2.176321,56.50999999954052,Vw11
14222.510000000766,-0.3663000079236761,1.0621999972094447,10.342899998578686,-0.06960000017077218,-0.12259999996936823,0.09620000022131461,52.20578,-2.176321,56.450000000076585,Vw11
14222.610000000766,-1.4009999871570842,0.6978000114474681,10.157300000829997,-0.09190000007890003,-0.118600000648218,0.125099999468585,52.20578,-2.176321,56.46000000038676,Vw11
14222.710000000767,0.24066175042883498,2.1299891791394066,10.261148036571454,-0.10165784279855897,-0.20307745149932538,0.05806078558590045,52.20578,-2.176321,56.51009803929078,Vw11
14222.810000000767,-1.6231617790088553,-2.641089252299508,9.915951958135281,-0.05744215652343413,-0.2708225495394834,0.2241392169607596,52.20578,-2.176321,56.51990196085955,Vw11
14222.910000000767,-0.8587000052550823,0.8446999905821496,9.920000002054902,-0.029500000171177817,0.029499999535593815,0.1664999983542366,52.20578,-2.176321,56.509999999309144,Vw11
14223.010000000768,-1.5432999735418969,-0.3821999986336479,10.187700002720423,-0.051800000401461876,-0.031000000229516444,-0.04789999971828583,52.20578,-2.176321,56.41999999930915,Vw11
14223.110000000768,1.903499981808327,-0.20420000194282983,10.54209999119624,-0.10409999985415343,-0.06089999868047235,-0.0111999997674131,52.20578,-2.176321,56.329999999385905,Vw11
14223.210000000769,-0.46640001543866344,-0.457299983866539,9.395200002622227,-0.08510000012618693,0.11099999991690129,0.019099999014356942,52.20578,-2.176321,56.24999999953834,Vw11
14223.310000000769,-2.4728999948909682,1.6394999764161238,9.736000007536592,-0.10149999831802052,0.10019999845344063,-0.10899999875736649,52.20578,-2.176321,56.19000000015389,Vw11
14223.41000000077,-1.8088999979640814,-1.4256000024721867,10.715499989714996,0.11709999900281545,-0.1007999967653057,0.05249999944370029,52.20578,-2.176321,56.20999999953834,Vw11
14223.51000000077,-1.5442999860694242,-1.7468999855415934,9.378800013284252,-0.012499999359062713,0.31959999868811756,-0.019800001633505235,52.20578,-2.176321,56.14999999899974,Vw11
14223.61000000077,0.2662000070487713,0.13219998817997766,11.105299995641934,0.0707999985565446,0.14909999962759468,-0.23209999923364522,52.20578,-2.176321,56.01999999823031,Vw11
14223.71000000077,1.1822999832515022,-1.4039999907218443,10.538899977483313,-0.11680000067176007,0.10070000074271519,-0.132499998460582,52.20578,-2.176321,55.79,Vw11
14223.81000000077,-0.9892999860210664,-0.20100001640529083,7.619400022876862,-0.20389999912308704,0.19699999745564128,0.06710000138825271,52.20578,-2.176321,55.789999999383,Vw11
14223.910000000771,0.8231999912432104,-2.3280999826846323,10.585599989279604,-0.09019999986888724,-0.13289999947709147,0.2470999976376566,52.20578,-2.176321,55.709999998766,Vw11
14224.010000000771,-0.3121999937081302,-0.08299998252961087,9.195600003679642,-0.07319999917553215,-0.0651000011545635,-0.059199998290906664,52.20578,-2.176321,55.549999998611746,Vw11
14224.110000000772,0.5035999730825435,2.182199973744729,9.672699995466756,0.033700000742426954,-0.21479999938221975,0.16239999922641135,52.20578,-2.176321,55.369999998675624,Vw11
14224.210000000772,-2.9349514723047245,-1.194373272243502,9.087272274506198,0.12583960152225282,-0.13437722685658982,0.06420198104816185,52.20578,-2.176321,55.19851485033941,Vw11
14224.310000000773,-1.2700999828084583,-1.8316999878241398,8.734500002444449,-0.19019999921842573,-0.02210000037030077,0.17439999773490344,52.20578,-2.176321,55.049999999768076,Vw11
14224.410000000773,0.9537000035221092,-0.25669999806500454,9.0507000140838,-0.08909999941633177,-0.0700000007050403,-0.11859999975570971,52.20578,-2.176321,55.01999999868578,Vw11
14224.510000000773,1.409300004011377,-0.00640000523111036,10.872499987523891,-0.013599999775887644,-0.16120000003201607,-0.08699999670781292,52.20578,-2.176321,54.84999999843824,Vw11
14224.610000000774,1.9161259946845381,-0.6714209962272129,9.288965010953378,0.016525001101910585,-0.16516499989560848,0.3336619992746722,52.20578,-2.176321,54.649099999304056,Vw11
14224.710000000774,1.2290257374904723,-0.192622775542641,10.69469208183097,0.1562465336068487,-0.15176336630830534,0.23660494725107387,52.20578,-2.176321,54.55891089024692,Vw11
14224.810000000774,0.5715999951848367,-0.6148999841837307,11.033899986652528,0.020899999624953487,-0.14809999940643467,-0.18289999959938213,52.20578,-2.176321,54.4499999986052,Vw11
14224.910000000775,-0.0498000050848248,1.426199959850651,9.311400005201058,-0.02750000033010292,-0.07150000194574749,-0.13119999661915718,52.20578,-2.176321,54.26999999883767,Vw11
14225.010000000775,-0.7059999936560815,-3.7550999770977107,9.982600002393546,-0.07009999960159721,-0.3225999967493777,0.3050999979946799,52.20578,-2.176321,54.11999999984345,Vw11
14225.110000000775,0.11015346972856732,-0.8403584245680453,10.280674251437475,-0.018954455255221592,0.08970890857267919,0.0483356431269206,52.20578,-2.176321,54.09861386031174,Vw11
14225.210000000776,0.6755000023176981,-1.9661999732198685,9.508100005931723,0.0055999999790288715,-0.20939999746715365,-0.008100000023301255,52.20578,-2.176321,53.959999998446584,Vw11
14225.310000000776,0.9739000001861025,1.4816999949275553,10.271799990344206,0.0028999984019799883,0.11669999774754541,-0.01109999942861941,52.20578,-2.176321,53.759999999461684,Vw11
14225.410000000777,0.9978603962256589,0.8286306879981561,9.028631673514985,-0.20284257585503818,-0.17330000225188005,0.062464357006878427,52.20578,-2.176321,53.69069306876875,Vw11
14225.510000000777,0.01417722000730448,1.6404673331499318,9.64881980694091,-0.04159900862045918,0.0029801994248503105,-0.17538019989063766,52.20578,-2.176321,53.474356433952586,Vw11
14225.610000000777,0.43910000217478373,-0.6190000170378771,11.037299997941723,0.11719999845124329,0.044100001476522814,0.1375999970655954,52.20578,-2.176321,53.33000000015534,Vw11
14225.710000000778,0.7190999959329725,-2.8125999985690666,10.772299997577223,-0.0822000000140135,0.23419999904007563,-0.24019999825843405,52.20578,-2.176321,53.349999999766446,Vw11
14225.810000000778,0.1967000061137762,-2.6288000157496105,10.461100003452769,-0.08399999902839773,0.11090000116934826,-0.016499999814710464,52.20578,-2.176321,53.31999999984429,Vw11
14225.910000000778,0.9820000054621487,-4.651799962094276,10.904599980065026,0.040799997791317585,0.26109999944023876,0.007299998023318767,52.20578,-2.176321,53.299999999299324,Vw11
14226.010000000779,1.6835999744391346,0.2171000093305337,8.344000004247299,-0.242899998121311,0.18919999612702246,-0.24659999845552735,52.20578,-2.176321,53.21000000031456,Vw11
14226.11000000078,-1.5500950364960775,1.386359392514592,8.89638317788227,-0.003930693015334603,-0.2996594031055048,-0.04781980012663409,52.20578,-2.176321,53.25019801995619,Vw11
14226.21000000078,0.12040001004149817,-0.337699986303359,10.124700004271617,0.002999999690982804,0.0643999969948858,0.19020000035739867,52.20578,-2.176321,53.270000000234106,Vw11
14226.31000000078,1.4071999738256193,1.417500000065549,10.672099995559048,-0.036599999818179275,-0.3206999973593076,0.235999997105695,52.20578,-2.176321,53.30000000062427,Vw11
14226.41000000078,-1.946999982082465,1.4258999932804366,10.102999995298413,-0.013299999567688063,0.01769999786341141,-0.13489999930393096,52.20578,-2.176321,53.38000000054625,Vw11
14226.51000000078,0.34909999002717235,0.564799980273622,9.50050001394089,0.04210000014202305,-0.256099999425665,-0.04569999830274646,52.20578,-2.176321,53.45000000109249,Vw11
14226.610000000781,-0.9289000081593025,-1.963100001799479,11.286999990981537,0.06030000020757215,-0.1825000009387568,0.17180000097855447,52.20578,-2.176321,53.59000000054625,Vw11
14226.710000000781,-1.9744999945178023,-2.1936999899186698,10.131300003383647,0.08690000047399227,-0.3027999992037556,0.29719999754321835,52.20578,-2.176321,53.66000000179898,Vw11
14226.810000000782,-1.2735999950903476,-0.9047999934790868,10.563899999127104,0.14749999801564626,-0.20099999976222171,-0.016900000362924765,52.20578,-2.176321,53.89000000203363,Vw11
14226.910000000782,-0.6458999864466373,-0.07110001065543983,10.452299987470491,-0.1062000006179107,-0.17060000030817318,-0.06329999771764123,52.20578,-2.176321,54.1500000009386,Vw11
14227.010000000782,1.0869000034853291,-1.4333999875213326,8.850400005630027,-0.18519999918654795,-0.20999999908173775,0.22849999942354407,52.20578,-2.176321,54.27000000148612,Vw11
14227.110000000783,1.5324999612069405,0.1619999782307714,9.570199993716082,-0.08120000014391844,-0.0926000021141932,0.15480000000312866,52.20578,-2.176321,54.46000000156433,Vw11
14227.210000000783,-3.4271999735899166,-2.6211999583437713,8.76680001146342,-0.09959999927795034,-0.36289999788559396,0.15519999904040305,52.20578,-2.176321,54.66000000109757,Vw11
14227.310000000783,-0.05850001155228779,2.692199949018047,10.228999999265906,-0.007499999936647722,-0.09320000217377503,0.03280000170417627,52.20578,-2.176321,54.80000000023757,Vw11
14227.410000000784,-1.5137237595718147,-3.718289087415749,10.123717811915453,0.0013000006273460327,-0.36216831249383385,0.243516828167546,52.20578,-2.176321,54.83029702993589,Vw11
14227.510000000784,-1.15610000413003,-0.9772000235461884,8.865500005625089,0.08130000041159183,0.1909999977287971,-0.20479999744107483,52.20578,-2.176321,54.86000000031359,Vw11
14227.610000000785,-1.6828999918496979,-3.980599985714236,9.583000002373906,0.13379999968013434,-0.09869999705457048,0.12159999775858851,52.20578,-2.176321,54.89999999913761,Vw11
14227.710000000785,-0.6432999896383961,-2.158399971146084,9.885799992289696,0.09299999891087646,0.2769999972363294,-0.16429999962910077,52.20578,-2.176321,54.78999999952852,Vw11
14227.810000000785,0.6752999963145819,1.5134999914748188,8.904600007982978,-0.045599999628314986,-0.07469999896352529,-0.11709999930142076,52.20578,-2.176321,54.73000000062864,Vw11
14227.910000000786,0.20629999266373927,0.42860001087709093,9.92049999998507,0.001700000110012479,0.05720000111819827,-0.0282000003905443,52.20578,-2.176321,54.81000000047148,Vw11
14228.010000000786,-0.7273000175591346,1.8127999587389703,9.918600006633291,0.015699999386438335,0.19949999955947384,-0.07790000109774356,52.20578,-2.176321,54.86999999976187,Vw11
14228.110000000786,-2.9043316555253322,-3.3612178026959114,10.747006924960575,-0.06222475296631518,0.14465643615953558,-0.21500494955571725,52.20578,-2.176321,54.83861386029661,Vw11
14228.210000000787,0.6125000176624327,-0.9329999990965971,10.017700033230577,-0.12469999416293032,0.21029999884613315,-0.09549999919032416,52.20578,-2.176321,54.69999999960619,Vw11
14228.310000000787,2.8549999879966346,-0.8182999868238647,14.236799983148032,0.6163999971834622,0.06379999933288381,0.0072999981813798515,52.20578,-2.176321,54.649999999527424,Vw11
14228.410000000787,1.330999968748893,0.854599957648986,12.097199972224775,0.2588000000079558,-0.020899996355456293,-0.22360000056724724,52.20578,-2.176321,54.58999999896575,Vw11
14228.510000000788,-2.5818752355303802,-4.4471980028622795,8.606324752731094,0.2585495039653294,0.4353049490020906,-0.29479504942226836,52.20578,-2.176321,54.45841584033613,Vw11
14228.610000000788,-1.0594000144804379,-2.2970000068814573,8.638799999265148,0.13350000111369809,0.24580000149175685,-0.2843000002354991,52.20578,-2.176321,54.29999999858228,Vw11
14228.710000000789,-2.8978999586561645,-3.1706999406908465,8.545500027103103,0.2749000001026274,0.4351999995839644,-0.3142000002044653,52.20578,-2.176321,54.11999999944739,Vw11
14228.810000000789,2.3391999708419817,4.342099957395427,11.97869997884297,0.28789999870610555,0.3824999996123843,-0.34010000023525355,52.20578,-2.176321,54.049999998657945,Vw11
14228.91000000079,-1.3542999796797783,-1.0546999656119325,9.298700013051835,0.12400000058655496,0.33340000136652304,-0.36989999927766115,52.20578,-2.176321,53.87999999889478,Vw11
14229.01000000079,1.2196999744939379,3.30129994265024,10.951999987511037,0.19829999852058683,0.5064999975235223,-0.27839999802244925,52.20578,-2.176321,53.73999999921056,Vw11
14229.11000000079,-2.011199985871391,-3.9632999637941437,9.369999997168376,0.010899999976077534,0.19279999971372783,-0.027900003192054476,52.20578,-2.176321,53.63999999896336,Vw11
14229.21000000079,-0.24754753118622944,0.5692752413458778,9.031959419411683,0.008611881750261145,0.1540762353939572,-0.42467227444203,52.20578,-2.176321,53.50851485031239,Vw11
14229.31000000079,-1.0622999893464702,-0.21320000936140168,10.737899994239624,0.07979999752968506,-0.12829999636257597,-0.07189999852429937,52.20578,-2.176321,53.35999999897136,Vw11
14229.410000000791,0.2840999999520448,-1.3963000125043121,10.009900023943219,-0.23239999556254778,0.33139999595018543,0.1145999990712681,52.20578,-2.176321,53.22999999896097,Vw11
14229.510000000791,0.27763663329663113,-2.9323395814351736,12.981808892061428,0.32043564169306643,-0.17352772136959338,-0.0026960404714302553,52.20578,-2.176321,53.0998019800413,Vw11
14229.610000000792,0.23130000437031498,-0.08629999354363492,10.602699988120705,0.0839999995739982,0.0036999969812217225,-0.11229999812495264,52.20578,-2.176321,53.07999999864127,Vw11
14229.710000000792,0.7609752339709132,0.7343217923263572,9.125986146201065,0.029999009346172906,-0.3722673253613031,0.12311782242946495,52.20578,-2.176321,52.90910891018581,Vw11
14229.810000000793,-0.9515000063969783,2.0164999845666753,10.084600003341244,-0.04009999879293318,-0.19899999904433935,0.20489999978428242,52.20578,-2.176321,52.81999999865177,Vw11
14229.910000000793,-1.7580999829884474,0.0704999957879554,10.50589999359192,0.11209999867555744,-0.07850000067570363,0.17769999807916173,52.20578,-2.176321,52.6499999980173,Vw11
14230.010000000793,0.38689998827590755,-0.4605999908708633,9.697900006282776,-0.05489999972797377,-0.16369999808947178,-0.0644999992616431,52.20578,-2.176321,52.40000000031723,Vw11
14230.110000000794,-1.0914000060900564,0.6904999757151163,10.490099991723424,-0.020600000135616574,0.0771999964771414,0.028600000024585463,52.20578,-2.176321,52.43999999841384,Vw11
14230.210000000794,-1.8592999727016002,-2.371599970856641,9.44650000465413,-0.03769999959857632,-0.36699999782277337,0.03170000042368083,52.205780000000395,-2.176320999984396,52.23999999976153,Vw11
14230.310000000794,1.5748999875590455,1.2946999826616767,10.031999987404836,0.012799999732914149,-0.09310000070825444,0.08500000082192492,52.20583,-2.174358,52.20999999880765,Vw11
14230.410000000795,0.009799991080276783,-0.8864999915957563,8.44750001581928,-0.02079999847845211,-0.18219999896101163,0.18839999823596798,52.20583,-2.174358,52.059999999197075,Vw11
14230.510000000795,-1.0827871141523717,0.15961287082030476,10.426131689872319,0.16808712822557947,-0.05397722865878189,-0.03103465325437044,52.20583,-2.174358,51.95851485030431,Vw11
14230.610000000795,0.7485000064696778,0.10090001336860079,11.26929997938908,0.10679999949126505,-0.17169999791259688,-0.004500000854515747,52.20583,-2.174358,51.81000000007949,Vw11
14230.710000000796,1.5623999795745571,1.7826999807321873,8.676400018316532,0.04280000063578045,0.09089999818507785,-0.11199999841692261,52.20583,-2.174358,51.81999999936263,Vw11
14230.810000000796,-1.0013000095861033,-0.6357000000478031,10.97539999641557,0.12259999786878106,-0.13689999905748335,0.08669999970123099,52.20583,-2.174358,51.7399999994423,Vw11
14230.910000000797,-2.204499971284713,-0.6416999886555416,10.525499999525156,-0.14489999781858787,-0.018599997843286108,0.049199998789786335,52.20583,-2.174358,51.66999999928296,Vw11
14231.010000000797,1.3996999863455521,0.7821999705673294,10.46589999922662,0.12889999873651892,0.2520999987896334,-0.10270000021970084,52.20583,-2.174358,51.5800000003219,Vw11
14231.110000000797,-0.28917029078995055,-2.824433622988637,10.360287121131746,-0.027495049022845195,0.10363663520673454,-0.1313019812356114,52.20583,-2.174358,51.619900990020106,Vw11
14231.210000000798,0.49379998899856475,2.2421999577877716,9.409000002497823,0.03300000041124622,0.2972999991160203,-0.2614999989099979,52.20583,-2.174358,51.61000000015971,Vw11
14231.310000000798,-0.8838999902442815,-3.0439999795694477,9.721800005456398,0.08449999820329322,0.18660000073944466,-0.12500000073864612,52.20583,-2.174358,51.629999999441026,Vw11
14231.410000000798,0.3377999930527338,-0.48550001378673,10.405100003246847,-0.14049999877264965,0.27919999680425756,-0.2174999980515713,52.20583,-2.174358,51.5599999988022,Vw11
14231.510000000799,-0.5321999828613128,-2.2119999742951957,10.811699992836564,0.013200000134702596,-0.12099999771247567,0.026499998845752003,52.20583,-2.174358,51.4100000004033,Vw11
14231.6100000008,1.5509385805842513,0.9562999852230794,9.914756428579746,0.03058118866291257,0.16056039441046527,-0.11582277165641516,52.20583,-2.174358,51.45950495009963,Vw11
14231.7100000008,-2.615199970735808,-0.8936999852614566,9.030400000286527,0.09869999963503796,-0.04339999857936928,-0.03810000082356564,52.20583,-2.174358,51.41000000008003,Vw11
14231.8100000008,1.041199980751454,0.9477999892320192,9.066199996233529,0.05310000017447746,0.13409999748768459,-0.14099999898594978,52.20583,-2.174358,51.419999998879504,Vw11
14231.9100000008,-1.3637999916755041,-0.39760000160151104,8.595600019285362,0.07489999996798578,-0.17979999883708367,-0.014299999307692633,52.20583,-2.174358,51.27999999983993,Vw11
14232.0100000008,-0.3237000036544225,-0.5977000010396616,11.005199992918456,0.07089999948617187,-0.03450000065709174,0.07220000053063559,52.20583,-2.174358,51.25999999983993,Vw11
14232.110000000801,-0.7803000031472559,-0.7275999937839069,10.120399995778328,0.0066999997712115554,-0.11659999949634205,0.13849999877602226,52.20583,-2.174358,51.23999999983831,Vw11
14232.210000000801,-1.134135265725691,0.040549019006631264,9.610018636912612,-0.022472549718143834,-0.055696079549030136,-0.012071567964234226,52.20583,-2.174358,51.22058823576504,Vw11
14232.310000000802,2.4123353225589343,-0.03454902021009962,10.79188138202709,-0.10972745168014186,-0.195303922688227,0.07077156929182007,52.20583,-2.174358,51.27941176517763,Vw11
14232.410000000802,-1.1632999971185898,0.5709999770987251,10.415499994567675,-0.059700000628102504,-0.027099998522394888,-0.013400000052141332,52.20583,-2.174358,51.260000000320865,Vw11
14232.510000000802,-0.8040999851950706,-2.2838999801317463,9.738299990089137,-0.1379999986443254,0.1570999987678602,-0.019900000814206942,52.20583,-2.174358,51.30000000056152,Vw11
14232.610000000803,1.041499989613058,0.19290000436010105,8.502800007760834,0.03100000058096868,0.003500001188676503,-0.12139999934043444,52.20583,-2.174358,51.37000000145849,Vw11
14232.710000000803,-0.23525445131680878,0.735568320497257,9.478512885660244,0.10265247520939134,0.14921881109389215,-0.04102178299808608,52.20583,-2.174358,51.550594059882606,Vw11
14232.810000000803,0.2792999889909195,1.1923999714397453,11.269800013683163,0.09789999694884537,0.05110000082007318,-0.14319999942514477,52.20583,-2.174358,51.61000000112559,Vw11
14232.910000000804,-1.0900000075012577,-2.359899983890386,12.971699970406615,-0.28159999796026897,0.15309999755264436,-0.07169999945489253,52.20583,-2.174358,51.7500000003216,Vw11
14233.010000000804,-2.022999992367636,-0.3561999796709096,9.290900003395878,-0.02790000006368264,-0.15129999978507108,-0.0039000002642829512,52.20583,-2.174358,51.79000000063682,Vw11
14233.110000000805,-1.073693061676447,2.1723148718092298,9.713276241018802,-0.03582079214287487,-0.12456732651779731,-0.0367712873929307,52.20583,-2.174358,51.869207921428746,Vw11
14233.210000000805,-0.3932999841829416,-1.137099975459425,9.64610001527852,-0.04790000203846578,-0.03300000200096759,0.19609999917663534,52.20583,-2.174358,52.06000000135632,Vw11
14233.310000000805,1.5695713029418827,1.9083455690889968,11.54213961923516,-0.3008702990676676,-0.281316833683644,0.09392178135505558,52.20583,-2.174358,52.22831683303915,Vw11
14233.410000000806,-1.7979999747119983,0.20420002079318073,10.332100004253078,-0.17390000002095113,-0.3125999996808983,0.24390000040129453,52.20583,-2.174358,52.37000000088639,Vw11
14233.510000000806,1.3401999735563332,2.7845999537357926,10.859899984918286,-0.17649999994139545,-0.27300000067151026,0.29369999989418627,52.20583,-2.174358,52.48000000016279,Vw11
14233.610000000806,-1.881079977818539,-2.8569119658347466,9.023876013602266,-0.16727499836782492,-0.35350599839281127,0.2786679983621828,52.20583,-2.174358,52.5002000001612,Vw11
14233.710000000807,0.8300108802971066,1.2996029381388896,10.681473256746212,0.03231881117092545,-0.15832673446807713,0.07901089230693008,52.20583,-2.174358,52.52029702994239,Vw11
14233.810000000807,-0.508899996674982,-2.6900999718241674,9.36880000076725,-0.05579999905264849,-0.380999996598257,0.23009999823855615,52.20583,-2.174358,52.55000000080763,Vw11
14233.910000000807,-0.09720001459551277,0.7985999831301975,9.46380000447024,0.06149999870375177,0.040199998762708855,0.012000000581494533,52.20583,-2.174358,52.64999999927313,Vw11
14234.010000000808,-1.9043999858099183,-1.2901999789280918,10.017300002416434,-0.09900000026894122,-0.11299999887658488,0.08399999895815563,52.20583,-2.174358,52.55999999967695,Vw11
14234.110000000808,-0.14740001728815552,1.3188999975601459,10.31649998413166,-0.13229999991519872,0.026099999147141353,-0.04499999874171044,52.20583,-2.174358,52.51999999911161,Vw11
14234.210000000809,-2.2879999766303607,1.016799989032758,8.351700016483646,-0.12179999913631655,-0.07949999961793947,0.11079999956127794,52.20583,-2.174358,52.41,Vw11
14234.310000000809,0.599099992958592,-0.3380999972292517,10.388100002171754,-0.015099999426909198,-0.03229999999109605,0.056599999328965714,52.20583,-2.174358,52.40999999959527,Vw11
14234.41000000081,-0.27080002340444553,0.0041999903942534726,10.656399979089471,0.0556999990035667,-0.031199999528899933,-0.02629999982677764,52.20583,-2.174358,52.359999999271494,Vw11
14234.51000000081,-3.162199975650926,-1.1824999797087004,8.073100017292287,-0.06739999770844625,0.02700000136635208,-0.00490000093896233,52.20583,-2.174358,52.26999999951433,Vw11
14234.61000000081,-0.15410001392821104,1.3242999802307958,10.209399985271244,0.2156999963987557,0.19579999954185115,-0.12089999972640579,52.20583,-2.174358,52.20999999902866,Vw11
14234.71000000081,-1.8747999798699755,-1.1179999703335053,8.389800008044546,-0.2291999989988937,0.13920000203304078,-0.08710000054679548,52.20583,-2.174358,52.08999999894535,Vw11
14234.81000000081,0.6064999630848142,2.5387999793304816,9.381400010056494,-0.10579999981178553,0.38979999782498703,-0.1544999975256287,52.20583,-2.174358,51.959999999675496,Vw11
14234.910000000811,-3.9437999576935368,-0.00899999646073536,10.620999991275987,-0.08260000050642871,0.12170000081372767,0.15049999533888925,52.20583,-2.174358,51.91999999811524,Vw11
14235.010000000811,1.2071554360142316,0.40772573026084247,9.567038622494275,-0.14360792014933277,0.21856435445919825,-0.4167316818956789,52.20583,-2.174358,51.688316830317326,Vw11
14235.110000000812,0.032699986174349036,-1.1097000056545467,10.630899988551368,-0.06439999990427023,-0.02500000010221993,-0.2598999960296482,52.20583,-2.174358,51.519999999269864,Vw11
14235.210000000812,-1.6714999853969348,-1.8066999720988761,9.219700010607548,-0.05260000157739123,-0.03760000332065247,0.229500000451264,52.20583,-2.174358,51.429999998861675,Vw11
14235.310000000813,0.12450000049598384,1.6247999833097373,10.5242999966826,-0.24660000113100577,-0.4459999998544572,0.28500000048053514,52.20583,-2.174358,51.28999999821121,Vw11
14235.410000000813,0.18550001217599674,-0.42789997209725006,10.11630000066348,-0.3856999989470507,-0.42809999937066967,0.34409999970078353,52.20583,-2.174358,51.069999998861675,Vw11
14235.510000000813,1.6829999761870842,3.003799941281205,10.197899986184819,-0.25619999897713497,-0.3507000006659193,0.3072999996365496,52.20583,-2.174358,50.92999999878037,Vw11
14235.610000000814,-1.2456999870554706,-4.217899940912301,8.49880002008328,-0.13039999932899685,-0.4325999975254192,0.26259999750735064,52.20583,-2.174358,50.77999999843953,Vw11
14235.710000000814,0.2920950183513665,2.9030989502036433,10.919522752288461,-0.04935049557855543,-0.13640990514600387,-0.037343561463970956,52.20583,-2.174358,50.58881188022182,Vw11
14235.810000000814,-3.5383999792736494,-4.436999966822682,8.461800008223229,-0.11439999848834705,-0.6473999929942423,0.31829999524746094,52.20583,-2.174358,50.46999999894062,Vw11
14235.910000000815,-0.995000023994944,-0.36570003794697115,9.470900006291084,0.07109999946216121,0.21229999432091134,-0.26489999447166923,52.20583,-2.174358,50.33999999877764,Vw11
14236.010000000815,-3.9394999396756756,-5.022299949201127,10.242900005292007,0.005099999835388736,-0.4845999936535023,0.4134999950347701,52.20583,-2.174358,50.189999998696145,Vw11
14236.110000000815,3.463099978881555,1.2113999898745715,10.892299977962933,-0.015100001366410142,0.2941999947014566,-0.19579999661360764,52.20583,-2.174358,50.02999999934149,Vw11
14236.210000000816,0.8952376219182605,-0.011871281562469421,8.231148527933005,-0.17859405736328987,-0.34634356178355113,0.21433168213448214,52.20583,-2.174358,49.94821782032949,Vw11
14236.310000000816,0.668999995346294,0.6709999973472732,9.835999978895794,0.07199999844168632,-0.030700000477784855,0.08749999982358712,52.20583,-2.174358,49.76999999942829,Vw11
14236.410000000817,0.09919999732790273,0.34619997429622273,7.252000026193813,-0.11879999794910966,-0.089200000171595,0.06589999921379787,52.20583,-2.174358,49.699999997855066,Vw11
14236.510000000817,-0.21550299248672855,-2.7439299791111935,10.431821003856708,0.13039100048280347,-0.1083859986814809,-0.030263000705007422,52.20583,-2.174358,49.43919999934646,Vw11
14236.610000000817,0.6671088881056769,-0.23933665558734918,10.89136831043365,0.18796633587091421,0.04734158084292403,-0.111738610625162,52.20583,-2.174358,49.359207920144996,Vw11
14236.710000000818,-2.1219999654508426,-2.922999978286451,10.10819999657357,0.09459999921747077,-0.3584999965457391,0.28439999763522283,52.20583,-2.174358,49.279999999345165,Vw11
14236.810000000818,2.098800005072525,-0.2702999850198037,9.689600005507991,-0.0010000006843038137,0.0634999950396159,-0.004499997672875906,52.20583,-2.174358,49.19999999901775,Vw11
14236.910000000818,2.7185000005738003,1.5598000271331374,10.36249997854593,-0.08459999971842043,-0.5424999936881977,0.2797999976990693,52.20583,-2.174358,49.07999999950887,Vw11
14237.010000000819,2.788599982767986,4.874599963536266,7.741500012927285,-0.05019999810752342,0.2285999934270818,-0.0012999976581420923,52.20583,-2.174358,49.01999999705324,Vw11
14237.11000000082,0.6833999924936971,0.41989998588212085,9.320800005144678,0.18099999896101485,-0.5743999975354495,0.2847999977648042,52.20583,-2.174358,48.660000000324175,Vw11
14237.21000000082,-0.23362971049129877,-1.3048524893930495,9.949314856639901,0.0540693058896734,-0.2733108886197323,0.011730690829734158,52.20583,-2.174358,48.69960396072085,Vw11
14237.31000000082,1.8324999698548963,2.5164999994823503,9.629199983676394,0.10739999782603481,-0.36319999863901575,0.20699999999671853,52.20583,-2.174358,48.629999998851495,Vw11
14237.41000000082,-1.842099976590617,2.4533999885671056,7.6394000166964835,-0.15759999935779567,-0.19729999970500034,0.20659999972405932,52.20583,-2.174358,48.4900000002486,Vw11
14237.51000000082,0.9526742326236368,1.0579653336233896,9.643822763680008,-0.08030990116233586,-0.1607811873648695,0.1720564346231423,52.20583,-2.174358,48.519306930124365,Vw11
14237.610000000821,-2.0698999889537957,-0.515499989679818,8.596099992099072,-0.10130000090896356,-0.06890000013618046,0.047700000227240885,52.20583,-2.174358,48.45000000073833,Vw11
14237.710000000821,-0.7233999882344753,0.7425000039722246,7.633000016770876,-0.21209999876589472,-0.08549999790218708,0.07539999974919259,52.20583,-2.174358,48.540000000249144,Vw11
14237.810000000822,0.6864178161224035,1.2076712763319049,9.650566335125694,-0.06190890958260715,0.16337821476105804,0.04525841588962425,52.20583,-2.174358,48.56970297005276,Vw11
14237.910000000822,-0.0017999964703674777,-0.10519999775872857,9.46719999801114,0.09719999816735361,-0.2087999981550209,0.051099998802901246,52.20583,-2.174358,48.540000000328874,Vw11
14238.010000000822,0.42749999068384203,0.16739998933217284,9.22530000982509,-0.12569999853898045,0.015599999447492881,-0.09449999806951383,52.20583,-2.174358,48.58000000106884,Vw11
14238.110000000823,-0.7055999930790082,-1.1300999866553967,10.420299999679266,0.05200000012617663,-0.05159999846959957,0.14029999750414485,52.20583,-2.174358,48.70999999959298,Vw11
14238.210000000823,0.1361821851523063,0.49296932030131213,10.381290098688543,0.06734653477988797,0.1345386153947701,-0.16326435893636446,52.20583,-2.174358,48.66049504909713,Vw11
14238.310000000823,-0.545799979446089,-0.9007999979853146,9.06140001629382,0.004700002342638255,-0.048499999297126124,-0.10179999896093322,52.20583,-2.174358,48.8900000010712,Vw11
14238.410000000824,1.9485999721767417,-0.6563000101475871,11.038799984405758,0.288999996999808,0.036799998723620594,0.02430000152110806,52.20583,-2.174358,49.0200000010712,Vw11
14238.510000000824,-1.4280000103758357,-1.8877999721132934,9.146299996792983,-0.07509999937458232,-0.11809999742087311,0.20889999669245518,52.20583,-2.174358,49.150000000247196,Vw11
14238.610000000825,-2.6871999594261315,1.4964999904143823,8.757100021525408,0.0008000034311451601,0.1948999989576372,-0.19250000009228824,52.20583,-2.174358,49.1800000011536,Vw11
14238.710000000825,2.2367999711946895,0.33319999003342265,11.36940001152396,0.4171999998723731,0.06839999797715517,-0.20369999933016725,52.20583,-2.174358,49.32000000141808,Vw11
14238.810000000825,-1.1937809813162246,-0.8735530098734323,12.702713960197338,0.39931299786308294,-0.17037499692307073,-0.12188399874775174,52.20583,-2.174358,49.493300002725874,Vw11
14238.910000000826,1.022188980744618,-2.054113997698705,7.96462202669866,0.1436800003964902,0.19465599690737634,0.026607998684974123,52.20583,-2.174358,49.82190000156944,Vw11
14239.010000000826,-1.2743673174542685,-1.7545217625369511,11.137272254737098,0.18787920517775375,-0.1733049482688866,-0.13288812037150377,52.20583,-2.174358,50.010693069879416,Vw11
14239.110000000826,-0.15109999513516245,0.6232999877686706,8.414500014156577,-0.14419999792210042,0.09619999828079043,-0.32169999526862847,52.20583,-2.174358,50.08000000233565,Vw11
14239.210000000827,0.4388544610249767,-0.8550425842050413,10.114255447738051,0.10349108794509793,-0.10690791832051015,0.2431336614116543,52.20582716831449,-2.1743403366190726,50.3603960399311,Vw11
14239.310000000827,1.11430000368962,-2.059299976393219,10.379799991699596,-0.0373999999917236,0.19229999706104972,0.006499998892617441,52.205544,-2.172574,50.39999999958618,Vw11
14239.410000000827,1.5601000102892228,0.7930000045288471,9.376900004422081,-0.03639999948603545,-0.1627999957732416,-0.1273000013821591,52.205544,-2.172574,50.34999999942065,Vw11
14239.510000000828,2.8032999789436635,1.3401999942800868,9.911199992568793,0.02569999878529174,0.34789999791250753,-0.29429999777958354,52.205544,-2.172574,50.2800000002508,Vw11
14239.610000000828,0.26827622411003293,0.6466752398051975,9.039346548765545,-0.11922079176527825,0.0991544562356965,-0.029320792593134554,52.205544,-2.172574,50.308910890187484,Vw11
14239.710000000829,-1.3640999959182316,-0.285800003524372,10.743999985405665,-0.08129999967816984,0.1945999980739958,-0.09139999998009297,52.205544,-2.172574,50.20000000049768,Vw11
14239.810000000829,-0.8719999788902641,-0.7106999881403928,8.984500016453982,-0.0424999987060437,-0.03760000030109368,-0.08900000018413994,52.205544,-2.172574,50.26000000016589,Vw11
14239.91000000083,1.6729999969276832,0.7190999816656345,10.968199999273393,0.1134999982813606,-0.07389999928002944,-0.11119999792635207,52.205544,-2.172574,50.27999999975116,Vw11
14240.01000000083,1.3025999938570254,-1.4912999829371956,10.880600003263092,-0.09369999821666279,0.012900000652784365,0.1387999982573063,52.205544,-2.172574,50.25000000008295,Vw11
14240.11000000083,0.5620000166381215,0.565799997154955,11.27399999364966,0.1212999995778053,0.09160000100862235,-0.07130000015676778,52.205544,-2.172574,50.26,Vw11
14240.21000000083,2.567899975916209,0.2227999835581493,10.50839999912217,0.07039999861924698,0.21319999908476275,-0.090200000236083,52.205544,-2.172574,50.259999999418106,Vw11
14240.31000000083,-0.32929998314268655,-1.755099975499126,10.402799989258877,-0.0956999987312512,0.10310000082707978,-0.11859999927955893,52.205544,-2.172574,50.18999999899239,Vw11
14240.410000000831,1.6615673128198525,1.1508653366112724,9.134422781276106,0.05526435632285916,0.2016841584858173,-0.033505941181032256,52.205544,-2.172574,50.07306930948275,Vw11
14240.510000000831,-0.011699980666963893,-0.04259999088752884,10.216699997720635,0.04169999980298708,0.21010000034913684,-0.10410000044307126,52.205544,-2.172574,50.38000000116379,Vw11
14240.610000000832,2.313999971784757,1.0535999665277538,9.942500000847073,0.018000000182881195,0.2520999992568373,-0.15739999874975766,52.205544,-2.172574,50.52,Vw11
14240.710000000832,-1.080199984840998,-2.9729999453059097,10.044399992916992,0.04000000021626866,0.16270000191864797,-0.007000003106863299,52.205544,-2.172574,50.52000000193548,Vw11
14240.810000000833,0.6973158216816024,3.4966593810745685,9.21723763587651,0.06529504916750717,0.3836871228690789,-0.3732683143887255,52.205544,-2.172574,50.751881189686394,Vw11
14240.910000000833,-1.6910999976714935,0.5125999898970308,10.671000000969725,0.024800000669810106,-0.31759999651098914,-0.08009999797724013,52.205544,-2.172574,50.94000000216605,Vw11
14241.010000000833,-1.411600024772438,-0.7001000090125964,10.787399987707188,0.10519999820673735,0.10119999773549049,0.16270000164431497,52.205544,-2.172574,51.20000000168303,Vw11
14241.110000000834,-4.278348450643461,-1.7605841496528511,9.345107936214974,-0.10478217561969953,-0.16546831480532934,0.35161682628065816,52.205544,-2.172574,51.40168316971943,Vw11
14241.210000000834,3.426799970332925,-0.7090000004207977,11.19589999940721,0.20699999661191032,0.07769999958254194,-0.29669999575445144,52.205544,-2.172574,51.570000001252374,Vw11
14241.310000000834,-0.12649999794742894,-0.7593999860089549,11.124899980343098,-0.19879999865834763,0.02769999783913784,0.21179999841696592,52.205544,-2.172574,51.72000000148797,Vw11
14241.410000000835,0.11934158621049987,0.9163425882451509,8.770543544704198,-0.03810692935173529,-0.23111188334846822,0.02219603802130196,52.205544,-2.172574,51.898217823269796,Vw11
14241.510000000835,0.22589999853221743,-0.25570000639879725,9.61750000866309,-0.10599999910079531,0.021299999752029907,-0.0007999992669436325,52.205544,-2.172574,52.12000000158634,Vw11
14241.610000000835,0.05009999828174259,-1.0220999982850822,10.655099986636332,0.0016999991584045345,-0.00840000123400605,0.08699999939802545,52.205544,-2.172574,52.310000002003804,Vw11
14241.710000000836,-0.15570000074218407,-0.816699993306119,9.054500011357007,-0.09909999973224476,-0.1562000008099596,0.014900000786531017,52.205544,-2.172574,52.550000001589794,Vw11
14241.810000000836,-0.24440002203876648,-0.0167000194524182,10.411799990610994,-0.06710000111871486,-0.25300000067775547,0.10890000143081706,52.205544,-2.172574,52.74000000301225,Vw11
14241.910000000837,-2.8782999601571833,-2.341499966169962,9.28970001519762,-0.2007999995046528,-0.3339999999606735,0.2798999996812039,52.205544,-2.172574,53.100000001757145,Vw11
14242.010000000837,1.8833999836953792,1.7015999813006435,11.105999984198258,-0.1416000001071021,-0.3292999988779382,0.24179999906453012,52.205544,-2.172574,53.31000000167347,Vw11
14242.110000000837,-0.06520000028144726,-0.5331999852438802,9.217500010831916,-0.154399998155802,-0.19519999934667046,0.12999999881420266,52.205544,-2.172574,53.510000000338074,Vw11
14242.210000000838,-0.1163961688242505,1.1852509385651258,10.49462018855834,0.06290961463941241,-0.1193875012449557,-0.008791344891185847,52.205544,-2.172574,53.55192307853258,Vw11
14242.310000000838,-1.9060115534571636,-1.5596529076156056,10.046639419323183,-0.02612884689992119,-0.26813750124641267,0.14207403972567645,52.205544,-2.172574,53.744230770842165,Vw11
14242.410000000838,-0.20660000226917827,0.037299981201141384,8.92260001150513,0.08229999890733858,-0.10050000182787858,-0.06229999711757611,52.205544,-2.172574,53.77000000093173,Vw11
14242.510000000839,-0.47418415815092874,-2.148049476390567,10.279639602903236,-0.046078217300260994,-0.31152474846999806,0.2756039583863561,52.205544,-2.172574,53.880396039936144,Vw11
14242.61000000084,-0.4425999966860341,1.2570000111762492,10.153599991665612,0.016099999126226613,0.16599999595984627,0.03599999875642425,52.205544,-2.172574,53.9200000007547,Vw11
14242.71000000084,-0.04739997677124702,2.5897999978688135,9.159700007576804,-0.08809999802680395,-0.31579999531239883,-0.11230000091348556,52.205544,-2.172574,54.01000000025211,Vw11
14242.81000000084,2.716699946628668,2.3361999696718683,10.061299986229765,0.14669999738890135,0.24199999626585728,-0.22099999735240028,52.205544,-2.172574,54.039999999236024,Vw11
14242.91000000084,-3.5270489633081397,-1.2217579875242126,8.471039026847068,-0.1580049975665406,-0.1944749971210368,0.08861499807929024,52.205544,-2.172574,53.94979999983189,Vw11
14243.01000000084,0.7992099050331634,0.2435732639419771,11.620307910123483,0.1264653447403252,0.1430782165426159,-0.13557623592264598,52.205544,-2.172574,53.93039603993686,Vw11
14243.110000000841,1.2802000047422255,-0.15909998968105865,10.351100005143925,-0.08699999780578582,-0.00909999865204154,0.06679999725450107,52.205544,-2.172574,53.96999999941174,Vw11
14243.210000000841,1.8444999724552653,1.068799978320291,10.96319999651922,0.17409999853290137,0.1512999977614534,-0.259899996440054,52.205544,-2.172574,53.89999999915781,Vw11
14243.310000000842,-1.4261000011032716,-1.5053999837111627,10.549899989534078,-9.999795431540407e-05,-0.11449999783219755,0.16279999866175676,52.205544,-2.172574,53.7999999995789,Vw11
14243.410000000842,-1.5571000037702982,0.4287000002296888,9.307199988582768,0.24279999782646383,0.1428999980450935,0.003899999521056415,52.205544,-2.172574,53.75000000042535,Vw11
14243.510000000842,-1.9758722566500486,0.4539029687832295,7.983009916077224,-0.010298017778575613,-0.08691485149765926,-0.05239504950078025,52.205544,-2.172574,53.79910891014044,Vw11
14243.610000000843,0.46690000149552896,0.2741999933407276,9.774000019159445,0.22989999905997752,-0.08840000034538384,-0.051899999167165596,52.205544,-2.172574,53.70999999948958,Vw11
14243.710000000843,0.655600010867066,-0.5110485169141342,12.025829702658354,0.12210693297340995,-0.12425049104848299,0.044007919113935326,52.205544,-2.172574,53.64930693010922,Vw11
14243.810000000844,1.9456000147879182,-0.7558999801859958,11.988799986581068,0.39279999750003913,0.3506999991230725,-0.15520000174625895,52.205544,-2.172574,53.57999999915599,Vw11
14243.910000000844,3.6976999401334503,1.591699977153464,10.398899989504722,0.09660000094529242,0.24680000103813363,-0.3620999997814011,52.205544,-2.172574,53.4800000001688,Vw11
14244.010000000844,-3.3953999349892023,-1.1151999765001994,9.155400014502643,0.2085999997797131,0.3697999969809724,-0.3361999981406436,52.205544,-2.172574,53.499999999577994,Vw11
14244.110000000845,4.307199988396979,1.6690999985805268,10.87369999238429,0.18250000025917107,0.01210000206143313,-0.11590000167779173,52.205544,-2.172574,53.449999998891705,Vw11
14244.210000000845,2.9135623486840543,1.472638588567169,9.982954457602085,0.21082772102280442,0.2500524719993397,-0.30836930327460416,52.205544,-2.172574,53.3187128702005,Vw11
14244.310000000845,-0.3501999986018429,-1.5234999985477098,10.238399993026132,0.003600000014379111,-0.13469999715801095,0.12469999994840437,52.205544,-2.172574,53.19000000042291,Vw11
14244.410000000846,-0.1848999755392778,-1.351799980072585,9.413900003989072,0.00530000084753882,0.20130000124909453,0.11859999604339488,52.205544,-2.172574,53.23999999914563,Vw11
14244.510000000846,2.6472484887502596,0.9700653376220398,9.884098022592198,0.10400098967683345,0.3454098992218163,-0.34388217769512713,52.205544,-2.172574,53.138811880182935,Vw11
14244.610000000846,-0.43789999220383896,-0.08339998180012909,10.213899991292223,0.05409999956256061,0.1364000008552282,-0.28209999833482546,52.205544,-2.172574,53.01999999906019,Vw11
14244.710000000847,0.470589105517492,2.030263352345878,9.206333673208952,0.0035277233033596876,0.23430692883763135,-0.08514851311583395,52.205544,-2.172574,52.90960396006097,Vw11
14244.810000000847,0.06949999759490282,0.3766000075954493,10.369699990060244,0.06629999826702858,0.014999999027344106,0.11999999909155994,52.205544,-2.172574,52.869999998886925,Vw11
14244.910000000848,-0.2110069303598066,1.2648297039281124,9.215005945855749,-0.13470791961180878,-0.09946831756788313,0.015403961671168169,52.205544,-2.172574,52.73900990015065,Vw11
14245.010000000848,-0.17170001158397208,1.3777999748104128,9.835599995814308,0.004499999786392436,-0.18629999840133385,0.16579999939138798,52.205544,-2.172574,52.64,Vw11
14245.110000000848,-1.5383000034380645,-1.5938999962584772,9.341800007926366,-0.02070000030684896,0.00229999746044341,0.09400000137064854,52.205544,-2.172574,52.639999998559,Vw11
14245.210000000849,-1.9438999766141445,-1.1524999887521936,10.27689998992361,-0.056899999703535646,-0.2972999973233262,0.25569999720864794,52.205544,-2.172574,52.46999999881074,Vw11
14245.310000000849,0.8091000025636946,0.17159999952769578,9.090700012542396,-0.021999999850493623,0.01779999807680433,-0.0728999999549782,52.205544,-2.172574,52.32999999991505,Vw11
14245.41000000085,1.1108999847404648,0.11600000693818048,10.567199989378217,-0.004400001493862503,-0.20859999995795564,-0.06759999638246736,52.205544,-2.172574,52.319999999570975,Vw11
14245.51000000085,-0.6387199755465509,0.9374680109335296,9.339687008825504,-0.17619199803896593,-0.20473000087515816,0.3543610003067302,52.205544,-2.172574,52.26989999991503,Vw11
14245.61000000085,2.1658589620699646,2.1630729589380877,10.360885993955462,0.050957998859745356,-0.30831400137136433,0.3879659981868082,52.205544,-2.172574,52.26020000016993,Vw11
14245.71000000085,-2.2188499704734,-2.5913179745247046,9.662850005310538,-0.08053299883847878,-0.46548299777637087,0.1755079989871739,52.205544,-2.172574,52.280400000339874,Vw11
14245.81000000085,1.196206909241545,0.3552752291115969,10.270703951118223,0.05398415772116459,-0.20684851523338887,0.05842475326266053,52.205544,-2.172574,52.3199009900147,Vw11
14245.910000000851,-1.3230999851510001,-1.807199979047272,9.181100019020308,-0.02760000098919554,-0.2516999999531792,0.1508999973133381,52.205544,-2.172574,52.31000000068103,Vw11
14246.010000000852,0.4211999526897227,0.6540999542586448,11.41539999068692,-0.1438000015825426,-0.24620000390059724,-0.1646999934110383,52.205544,-2.172574,52.390000000255384,Vw11
14246.110000000852,-5.136299994902393,-4.719099976567692,10.321399993625462,-0.32969999663278043,-0.7043999914323438,0.6092999951678925,52.205544,-2.172574,52.42000000075858,Vw11
14246.210000000852,-4.537488113704676,-1.9665257190978296,9.57258811242534,0.06584455782900511,0.30203565214814454,0.04167623278255661,52.205544,-2.172574,52.50910891165109,Vw11
14246.310000000853,0.13329602782498387,-1.9535643660475654,8.290094088583874,-0.16685544482389264,-0.20847425279593398,-0.05459109259985416,52.205544,-2.172574,52.60108910984023,Vw11
14246.410000000853,-1.2471000032051194,-3.079999987799731,11.709499977121403,-0.08239999526270221,0.33409999912897875,-0.46369999538299017,52.205544,-2.172574,52.71000000153559,Vw11
14246.510000000853,-1.6228000489222185,-1.649900007009119,9.027699983727002,0.47289999750807726,0.23200000073452431,0.0774999977640091,52.205544,-2.172574,52.890000000938414,Vw11
14246.610000000854,-7.357399898720958,-2.4714999586337414,7.120200022263508,0.18079999990701143,0.318100001657585,-0.1846000028732611,52.205544,-2.172574,53.000000000938414,Vw11
14246.710000000854,4.514399956820302,2.3773999569237483,9.729900002024463,0.1698999994152313,0.5123999965512325,-0.5213999973138256,52.205544,-2.172574,53.11000000008549,Vw11
14246.810000000854,-0.5362999742304874,-2.661199967686425,9.966700000316926,0.10149999946631955,0.10900000211226929,-0.20719999952417809,52.205544,-2.172574,53.12000000034542,Vw11
14246.910000000855,2.4039544179522054,1.069077217783871,9.991555435416002,0.04031089161149601,0.35046435375428225,-0.14919702722057326,52.205544,-2.172574,53.16059405991393,Vw11
14247.010000000855,-1.980599962497004,-0.09320000091476978,8.807100014796188,0.10140000056938006,0.03690000086945875,0.14109999571853551,52.205544,-2.172574,53.21999999965803,Vw11
14247.110000000856,2.4060999688703664,-0.20020000764164797,10.537800001094995,0.16799999799913004,0.13859999782728147,-0.35969999698358274,52.205544,-2.172574,53.179999999395505,Vw11
14247.210000000856,-1.1966911747527649,-1.0766294045211753,10.659735289957647,-0.06344509782123908,-0.11110882191219297,-0.01162451085104768,52.205544,-2.172574,53.11029411789857,Vw11
14247.310000000856,-0.9958088218087942,-0.22957058097998106,10.173264701715587,-0.037954901742453126,0.07800882514926118,-0.13407549124490784,52.205544,-2.172574,53.139705882604865,Vw11
14247.410000000857,0.7658999966141476,0.6085000068171121,9.222100004748931,0.0257999988416821,0.04210000116688534,0.02729999841845056,52.205544,-2.172574,53.22000000085674,Vw11
14247.510000000857,0.3706999841271037,1.4042000012474192,9.776399991938039,-0.10940000025530972,0.17829999874744024,-0.15729999891450533,52.205544,-2.172574,53.3200000006854,Vw11
14247.610000000857,-1.482000002188981,1.5497999874658352,8.83540001734307,-0.13919999985521025,0.03210000065455242,-0.030600000622852893,52.205544,-2.172574,53.400000000771065,Vw11
14247.710000000858,-1.7374999790050993,0.08679999924290353,10.85969998357196,-0.12230000035816821,0.10850000064955928,-0.10329999883270122,52.205544,-2.172574,53.48999999982655,Vw11
14247.810000000858,0.6602801781654153,0.003088121893218068,8.987205959320153,-0.1612425722329602,0.18044455191742387,0.03148613877370999,52.205544,-2.172574,53.47178217974829,Vw11
14247.910000000858,-1.6517000028967914,0.36189999708947146,11.16779998127474,0.07449999832408502,-0.11510000013479438,0.050099999689200196,52.205544,-2.172574,53.650000001888834,Vw11
14248.010000000859,-1.9890999830767695,0.022899991782077803,8.986800019418267,-0.12069999878587051,-0.13080000056543745,0.01390000180038059,52.205544,-2.172574,53.87000000190792,Vw11
14248.11000000086,0.0017653804266688847,-0.9144683080449273,11.226431683624915,0.019740594437778917,-0.19231484832041995,0.21839504683848385,52.205544,-2.172574,54.094059409426734,Vw11
14248.21000000086,3.948299970311607,0.1087000106548315,11.279599971773388,0.0637999999678443,0.17619999522096913,-0.09209999797419151,52.20554399999443,-2.1725739999856866,54.49999999904402,Vw11
14248.31000000086,0.4917950147332543,1.3016811597034796,8.048425756968099,0.06154455569860036,-0.3650128638111586,0.138594057335436,52.204903,-2.170927,54.392673269627295,Vw11
14248.41000000086,-3.548699977584468,-2.0001999761080524,9.720999985387273,0.20599999787485648,0.5036999978843207,-0.1020000021681626,52.204903,-2.170927,54.66000000172076,Vw11
14248.51000000086,-0.9434000042106573,0.7766999995419986,8.022600017127687,-0.04099999856689909,0.2577999985790661,-0.3539999988006796,52.204903,-2.170927,54.86000000069526,Vw11
14248.610000000861,-1.3965385868718365,0.7165296965413736,10.010000014285929,0.1243336637395465,0.09439702978647387,-0.21375445351303315,52.204903,-2.170927,54.94198019972396,Vw11
14248.710000000861,1.739599986432092,-0.03049998840121958,11.669999991318768,0.1677000003117858,0.10410000121317774,0.010799997813144795,52.204903,-2.170927,55.14000000209018,Vw11
14248.810000000862,0.18065346444400412,1.29992079088978,10.669947521947543,0.20226435537002568,0.2414653448662101,-0.23907128606907202,52.204903,-2.170927,55.38069306990464,Vw11
14248.910000000862,0.0759999859694035,1.1619999870859536,10.344699983489713,0.0787000003457426,0.04800000083461055,-0.11619999888689854,52.204903,-2.170927,55.449999999913786,Vw11
14249.010000000862,-1.5512999820566395,-0.3357999884830851,8.429800015513521,0.11879999993816538,0.14480000009580013,0.012899998070934176,52.204903,-2.170927,55.440000001219275,Vw11
14249.110000000863,0.5009138544125145,0.9603989873048083,10.200156426205648,0.10984752315486893,0.15477326644126085,-0.2083564354335103,52.204903,-2.170927,55.58009900998638,Vw11
14249.210000000863,-0.3076999978866071,-1.659699983860107,9.105800016167542,-0.07539999867027326,0.05209999982633199,-0.18399999792376,52.204903,-2.170927,55.58999999948159,Vw11
14249.310000000864,-0.06309999710771498,0.20830001402679688,10.976999981887873,0.07850000065368784,0.0319999982614871,0.05630000178825951,52.204903,-2.170927,55.529999999650904,Vw11
14249.410000000864,0.27143861657383295,1.7975881033321097,8.905182181227183,0.15353861398117874,-0.16637227651238978,0.2566950456116908,52.204903,-2.170927,55.48881188016133,Vw11
14249.510000000864,0.5852999974761978,0.006400006366099115,9.25340000305863,0.16739999852252585,-0.08359999781662154,-0.19380000069812814,52.204903,-2.170927,55.36999999930878,Vw11
14249.610000000865,0.2932000014411853,0.7432000234503658,9.60739999958095,-0.0036000008242750483,0.16909999920510163,-0.27459999676424524,52.204903,-2.170927,55.28999999956799,Vw11
14249.710000000865,0.4599999898757451,3.4572999709311887,9.558900011663717,-0.09899999741633655,0.07709999999740248,0.09989999912983186,52.204903,-2.170927,55.239999999480496,Vw11
14249.810000000865,-0.7093000057647558,0.1000000078522935,10.905999995269056,0.1993999987670453,0.07679999847698928,-0.0006000005974288796,52.204903,-2.170927,55.179999999047574,Vw11
14249.910000000866,-1.3750999971597087,1.0068999892797252,10.359599990547077,0.056999999275920955,-0.09909999815287689,-0.06960000034633558,52.204903,-2.170927,55.069999997623185,Vw11
14250.010000000866,-1.047060781474721,-0.231237265617378,9.267835284669006,-0.02662745170414311,0.11423333517961948,-0.10960000034617864,52.204903,-2.170927,54.7954901937027,Vw11
14250.110000000866,-0.9708999776907934,-1.500299980461478,10.166400014870783,0.08580000060955062,-0.1269999964041708,0.1307999978111591,52.204903,-2.170927,54.679999998614655,Vw11
14250.210000000867,1.6057000146712281,0.7563000262761532,11.883899996695959,0.1561999970785957,0.28829999907941495,-0.12200000104118953,52.204903,-2.170927,54.51999999817792,Vw11
14250.310000000867,3.2965999684320013,3.784700000420814,11.503099985339183,-0.18049999735104028,0.1821999987436313,-0.24200000289797752,52.204903,-2.170927,54.31000000008677,Vw11
14250.410000000868,-0.34170001570200587,3.8331999622369235,9.813399999909763,0.12479999908201789,0.0373999991314744,-0.5759999923854339,52.204903,-2.170927,54.31999999791762,Vw11
14250.510000000868,-2.1513999911117123,-0.5190999813505601,9.802999987273195,0.019000001460268322,-0.0626999978152373,0.30159999802434284,52.204903,-2.170927,54.079999997657325,Vw11
14250.610000000868,-1.12700000608237,1.6302999867520025,8.336200006722159,0.18729999809904033,0.18909999723839374,0.07389999742857735,52.204903,-2.170927,53.80999999824716,Vw11
14250.710000000869,-1.8013544383956859,0.126360402687863,9.106660399042791,-0.02822079088222914,-0.12292673000605833,-0.21915148484604785,52.204903,-2.170927,53.60920792010465,Vw11
14250.810000000869,0.16320001313953544,0.8923999986792646,9.452700008855622,0.10970000033474862,0.18439999896184456,-0.18429999831582317,52.204903,-2.170927,53.529999998869684,Vw11
14250.91000000087,1.6743999831191054,0.7404999941510287,10.471199983307782,0.1481999976593681,0.06499999934441439,0.009399999903488061,52.204903,-2.170927,53.399999998261045,Vw11
14251.01000000087,-0.26710000443607135,0.06780000901647582,8.551400009449475,-0.1209999993739766,-0.010399999456576915,-0.0016999996304723026,52.204903,-2.170927,53.19999999904358,Vw11
14251.11000000087,-0.7772999828827217,1.1047999990716797,9.638200005430278,-0.04900000035481685,0.05209999863079339,0.04080000051905139,52.204903,-2.170927,53.08999999903392,Vw11
14251.21000000087,1.147742553421819,0.9992564357796153,10.25309504654369,-0.08808316717159231,-0.10320594007741007,0.09831584020642685,52.204903,-2.170927,52.97772277029674,Vw11
14251.31000000087,-1.2479999817228253,1.014900005720929,9.912599985052047,0.04359999827134889,-0.04380000037204336,-0.06009999954518353,52.204903,-2.170927,52.74999999860593,Vw11
14251.410000000871,0.8496999874428831,1.6714999901177616,8.197000017612375,-0.15479999860505522,-0.08649999922106144,-0.00789999835847848,52.204903,-2.170927,52.58999999843167,Vw11
14251.510000000872,-0.5914999782585528,0.5373000180366969,10.21840000217127,0.005299998823750502,0.0028999979411277305,0.18050000043477665,52.204903,-2.170927,52.409999998605926,Vw11
14251.610000000872,1.9037999764609284,2.60739998464847,10.467600007658602,-0.12970000022794512,-0.23340000169682681,0.23039999961363747,52.204903,-2.170927,52.24999999850384,Vw11
14251.710000000872,-0.7318359660423206,0.8738010093260735,11.331568994569595,-0.15607000040961166,-0.42548499937686735,0.1877380010789346,52.204903,-2.170927,52.07859999877988,Vw11
14251.810000000873,3.05813657474673,1.9032821520901986,10.692017801973536,-0.20283168337064877,-0.3541574252687371,0.3100237621349957,52.204903,-2.170927,51.93871287016306,Vw11
14251.910000000873,-3.6881999643280174,-1.0884999935127562,8.42380001102133,-0.22599999942898286,-0.29989999902560377,0.28239999892257617,52.204903,-2.170927,51.81000000052387,Vw11
14252.010000000873,0.39739995659221894,-0.34550000350992194,9.686099996576516,-0.16059999988038326,-0.18830000221072696,0.15900000058149452,52.204903,-2.170927,51.86999999711872,Vw11
14252.110000000874,-4.574199922786656,-0.7474999793071766,9.294000013338374,-0.14689999918685662,-0.4414999979195171,0.2255999991480515,52.204903,-2.170927,51.539999997442386,Vw11
14252.210000000874,4.132182135758369,1.5685583894306703,10.798264349330534,-0.05419405896408697,-0.20258316568213897,0.127023760650328,52.204903,-2.170927,51.248316830213206,Vw11
14252.310000000874,-0.7295999797164073,-1.4555999659361984,9.98470000053021,-0.0035999986351031112,0.09910000336149605,-0.0706000015433834,52.204903,-2.170927,51.0799999986001,Vw11
14252.410000000875,1.588699946612408,2.4376999740100884,10.045299995849312,0.15240000001837362,0.4832999946471544,-0.24699999843561818,52.204903,-2.170927,50.919999998600105,Vw11
14252.510000000875,-4.5131999649553975,-0.5327999940067029,9.570900010214853,0.15449999875146933,-0.12849999694648068,-0.06820000027997884,52.204903,-2.170927,50.75999999886258,Vw11
14252.610000000876,-0.5078000157286868,0.15219997820539646,10.738400004176935,0.011800001325524863,0.22049999532435322,-0.10019999694823055,52.204903,-2.170927,50.62999999833763,Vw11
14252.710000000876,-2.3054999532044214,-2.338799970320586,11.215799993925607,0.16329999934376374,-0.313899994811217,0.24859999575704736,52.204903,-2.170927,50.43999999769741,Vw11
14252.810000000876,2.950882153998345,1.0074732629185343,10.521697022509366,0.08862376187090547,0.2668039558393675,-0.22860593893306214,52.204903,-2.170927,50.17950495006092,Vw11
14252.910000000877,0.189100012205277,0.5048000021366468,9.701400006591427,0.03099999979659333,-0.2527999978449414,-0.039199999928983015,52.204903,-2.170927,50.12999999886022,Vw11
14253.010000000877,1.5811999864199744,0.7484999906292651,10.453199996784072,0.0077999992521297825,-0.007000002410193702,-0.03109999769150963,52.204903,-2.170927,49.99999999886022,Vw11
14253.110000000877,0.03229998803232302,-0.3203000017508755,10.086399996332542,-0.07749999995791586,-0.28189999785809267,0.23219999776252662,52.204903,-2.170927,49.86999999842184,Vw11
14253.210000000878,-1.3326999828309483,-0.5200000013161007,9.668099996962777,-0.07269999972939986,-0.03760000014760008,-0.023000000111578628,52.204903,-2.170927,49.68999999806714,Vw11
14253.310000000878,0.6214999842876205,-0.6698000025680656,9.322400014371679,-0.04189999856617069,-0.054400000896143316,-0.035699998688292184,52.204903,-2.170927,49.46999999859428,Vw11
14253.410000000878,-1.166899962250402,-0.9620999892331016,10.958199999328771,0.12129999677915548,-0.1563999990818924,0.11360000059655032,52.204903,-2.170927,49.309999999560716,Vw11
14253.510000000879,3.1297999737227933,0.2634000069372036,10.881799995986684,-0.24529999978562844,-0.05190000128095781,0.18149999984185705,52.204903,-2.170927,49.25999999956071,Vw11
14253.61000000088,0.13890002770518745,1.052999999111666,10.425000002830068,-0.2208999994329218,-0.19770000025647197,0.163499999636147,52.204903,-2.170927,49.20999999893507,Vw11
14253.71000000088,3.19499400157647,0.9532366339591959,10.735742567088778,-0.15568019685997583,-0.2267168317858386,0.12331782250087019,52.204903,-2.170927,49.08891089013202,Vw11
14253.81000000088,-3.385599964932271,0.986899983969843,9.9199999913484,-0.023700000179599737,-0.23839999936787937,0.20509999949377525,52.204903,-2.170927,48.98000000008803,Vw11
14253.91000000088,0.597599987487885,-0.8339000074806812,8.937300020226981,-0.04409999889422907,-0.16660000023770552,0.14759999961879075,52.204903,-2.170927,48.99000000070431,Vw11
14254.01000000088,-0.823599971667261,-1.6835999705834999,11.234799990086799,0.08149999877977826,-0.193600000056345,0.10430000000792353,52.204903,-2.170927,49.06999999947177,Vw11
14254.110000000881,2.39459999627568,1.6576999751578596,10.108799997855938,-0.05709999915162334,-0.19999999997510007,0.10520000079057322,52.204903,-2.170927,49.009999998043575,Vw11
14254.210000000881,1.9676549928274385,-1.1250039904929436,9.863881996637833,0.03642899835238028,-0.19776200049490233,0.19437100023864506,52.204903,-2.170927,48.78969999973582,Vw11
14254.310000000882,1.1237405609166868,-0.045836624518649303,9.482929700349285,-0.14774455352411198,-0.2515574241166721,0.21954752329431793,52.204903,-2.170927,48.760693069918496,Vw11
14254.410000000882,-2.6321999805225706,0.9904999841996215,9.185900002587521,-0.042200000305244616,-0.0672999998659041,0.05430000001235094,52.204903,-2.170927,48.83000000008822,Vw11
14254.510000000882,-0.42440000167531655,-0.8004999883786494,9.479199994401498,-0.07680000097131305,-0.052100000467571225,0.05569999929246769,52.204903,-2.170927,48.8399999995589,Vw11
14254.610000000883,-0.6142999790836061,0.5168000229552788,8.844600014786371,-0.18689999776595947,-0.10509999749416754,-0.024500001567481965,52.204903,-2.170927,48.790000000712894,Vw11
14254.710000000883,1.7131890915174888,3.0809415736942416,10.500263363127573,0.062301978876128206,0.17214257076529046,-0.19612969920207599,52.204903,-2.170927,48.869306930081486,Vw11
14254.810000000884,-0.2579000112761819,1.8951000017164163,10.136599996228435,-0.08749999960349993,-0.2235999970021794,0.23089999779255369,52.204903,-2.170927,48.799999999649884,Vw11
14254.910000000884,-1.5334445657291005,2.089258417557616,9.709966332862944,-0.042648514455073935,0.11550891388823795,-0.01880297250398133,52.204903,-2.170927,48.760396039253926,Vw11
14255.010000000884,-2.1218000206102485,0.6756000169919185,9.513400015652616,-0.031899998832197886,0.05850000241339876,0.006399998207189493,52.204903,-2.170927,48.76000000053042,Vw11
14255.110000000885,-4.4531999622162495,2.5977000142355435,11.28399999167495,0.10019999903381897,0.3314999982453367,-0.19639999922937687,52.204903,-2.170927,48.81999999937493,Vw11
14255.210000000885,-0.24887428127759395,4.1717069128374495,10.344996033676017,-0.008559406435245947,0.13266237417059173,-0.1087940582511692,52.204903,-2.170927,48.74940594006876,Vw11
14255.310000000885,-2.946300002006132,2.1524000041867497,9.674599997560787,-0.06449999987472858,-0.1010999990819395,0.021800001476413065,52.204903,-2.170927,48.68999999991052,Vw11
14255.410000000886,-3.1411039343497977,2.638321798146345,9.408793075325901,-0.050444554406318245,-0.0016049532461783074,0.1861702964717572,52.204903,-2.170927,48.680990099887175,Vw11
14255.510000000886,-0.20150000932645662,4.440499970009129,10.088099998433213,-0.04490000037134026,-0.3120999992054213,0.12320000078205152,52.204903,-2.170927,48.77999999964208,Vw11
14255.610000000886,-1.239294055413389,1.1025891211289234,9.911685147349809,-0.08615544532786357,-0.22150197860485926,0.20972178140006068,52.204903,-2.170927,48.73920792009025,Vw11
14255.710000000887,-0.7887000201109796,2.4814999965221216,9.780199994745013,-0.06169999925080919,-0.041700002448185114,0.12189999942745489,52.204903,-2.170927,48.65999999982246,Vw11
14255.810000000887,-3.054299976554944,2.0897000001269364,9.188199999768319,0.0226999983489397,-0.3174999987812335,0.05740000028582872,52.204903,-2.170927,48.6400000002663,Vw11
14255.910000000888,-0.41310002091786885,2.1039999899116664,9.162099997445296,-0.16330000004172035,-0.18019999953663793,0.0896000014717516,52.204903,-2.170927,48.66999999884604,Vw11
14256.010000000888,-2.769599979349319,0.967500039525141,8.874300013169425,-0.16799999881141411,-0.12800000186321267,0.2553999992721132,52.204903,-2.170927,48.5399999981359,Vw11
14256.110000000888,-0.44320002235056305,5.420199980111825,10.357900000632908,-0.03410000034619006,-0.3378999986622861,0.1733999997319246,52.204903,-2.170927,48.3300000010652,Vw11
14256.210000000889,-2.9610999841635586,3.1796999830233994,10.429199999003597,-0.07309999799371532,-0.1872000006981116,0.1432000004968542,52.204903,-2.170927,48.449999998023365,Vw11
14256.310000000889,-1.2071039292233814,1.295856867777907,10.324838241111069,0.1503225491286375,-0.26385195985189214,0.19702156731211723,52.204903,-2.170927,48.229313724879624,Vw11
14256.41000000089,-2.067496086082751,1.8615431422854916,10.978661770520269,0.16257745108937374,-0.15904803828367586,0.04917843005779529,52.204903,-2.170927,48.1606862738995,Vw11
14256.51000000089,-1.4778999898447405,2.4945000029522033,8.3292000166236,0.13250000016900232,-0.022899999944851878,0.11049999778518031,52.204903,-2.170927,47.91999999661996,Vw11
14256.61000000089,-0.3362000112146372,2.826400005580634,10.198099991023309,0.1514999996486531,-0.0167000013360077,-0.1384999982637237,52.204903,-2.170927,47.539999993506754,Vw11
14256.71000000089,-1.597000008596635,3.4537999847898835,9.18890001643566,0.11199999986363036,-0.1668999986496732,0.05669999964258677,52.204903,-2.170927,46.809999993047825,Vw11
14256.81000000089,-2.56150000252061,1.7473000026480667,11.032899973710965,0.09669999843397745,-0.015400001927000995,0.016600001161370163,52.204903,-2.170927,46.02999999251304,Vw11
14256.910000000891,-2.844299992877583,2.044399997519499,8.08340003170906,-0.07899999748295522,-0.2315999982771078,0.14689999959891284,52.204903,-2.170927,45.18999999073043,Vw11
14257.010000000892,-2.0451999704389845,1.766100006173177,11.640999996896477,0.20339999565667166,-0.038300002257675075,0.10190000116493539,52.204903,-2.170927,44.149999991799994,Vw11
14257.110000000892,1.2714000012157398,2.458699989791886,11.292799984605383,-0.2838999987147385,-0.29159999738936826,0.23259999820936864,52.204903,-2.170927,43.22999999081956,Vw11
14257.210000000892,1.4077999806245192,1.3133999972047876,9.565600009279645,-0.1396999982783049,0.001299999445555821,0.031700000495197354,52.20490299999346,-2.170926999988637,42.199999990272914,Vw11
14257.310000000893,-0.7616059599652427,1.0004297001757048,10.604609910267685,0.05307227894903596,-0.060779208475113276,0.08714554504954296,52.204170326726135,-2.169654722760917,41.110891079383975,Vw11
14257.410000000893,-1.9060712957682855,2.585619803427203,10.493066325258404,0.008003959416923417,0.032464354349162006,-0.05649009739307679,52.204163,-2.169642,40.010495041013975,Vw11
14257.510000000893,-2.8731999788061726,2.7475999830235027,9.219700010174465,-0.10159999905864751,-0.20109999798243333,0.12449999953736188,52.204163,-2.169642,39.059999993033635,Vw11
14257.610000000894,-0.5001999875784342,0.8468000214403298,10.358899993897285,0.0037999996231017578,0.02479999727597242,0.07270000058410296,52.204163,-2.169642,38.27999998981839,Vw11
14257.710000000894,0.8905999824830455,3.2473999929893194,9.67560000236318,-0.03839999898011965,-0.2801999986575858,0.1381000002215205,52.204163,-2.169642,37.139999991405006,Vw11
14257.810000000894,-1.0667267501863442,2.464033656357208,9.939659408303251,0.07556039705925854,-0.13019999865788298,0.1628524754689962,52.204163,-2.169642,36.179603951802946,Vw11
14257.910000000895,0.47749997775479586,4.675899972171799,9.221500012776891,0.053499999831859234,-0.1736999999683606,0.10920000006327879,52.204163,-2.169642,35.20999999294894,Vw11
14258.010000000895,-1.967721768233518,1.6202227926173103,10.619070282859889,0.033846533710465435,-0.16909801881555264,0.11522772190195212,52.204163,-2.169642,34.42277227075789,Vw11
14258.110000000896,-0.409900016427172,3.8924999632729946,9.03610001557833,-0.07149999861329066,-0.058900000935622004,0.018000001727510772,52.204163,-2.169642,33.69999999249695,Vw11
14258.210000000896,-2.2215366286832694,-0.132512837461644,10.739420774194642,0.08125940536716059,-0.15912573964327673,0.20705445361445715,52.204163,-2.169642,32.861485140892704,Vw11
14258.310000000896,-1.665199984507761,3.646199995409304,8.74150000517495,0.017200000236419013,0.16829999806245108,0.002499999322446658,52.204163,-2.169642,32.00999999338751,Vw11
14258.410000000897,0.0494198058548871,3.132554449305366,9.316811884786615,0.043155445414894904,-0.04330989893597207,-0.07298415902950424,52.204163,-2.169642,31.273861380632525,Vw11
14258.510000000897,0.48139999262682465,2.4479999925326648,9.717999997739264,0.028699999360608852,0.18569999855442001,-0.14139999878399104,52.204163,-2.169642,30.659999993812345,Vw11
14258.610000000897,-0.34080001379835567,1.615299997614976,9.46590001256644,-0.042600000115944954,0.024500000692952283,-0.005800000785345918,52.204163,-2.169642,29.969999993025183,Vw11
14258.710000000898,-1.8621269982302584,1.3592520065048994,10.836229984778248,-0.055911000458356806,0.10101000000896981,-0.09120499883841082,52.204163,-2.169642,29.193299993990234,Vw11
14258.810000000898,-1.6668514851947887,2.071823757544189,9.17365546123314,-0.10488514706345708,0.10182772261743808,0.03537128566486015,52.204163,-2.169642,28.520792070932036,Vw11
14258.910000000898,-1.6719999894793438,1.5342000021683935,10.91919999472288,0.05659999933105654,0.08460000015157877,-0.12749999865303652,52.204163,-2.169642,27.599999992557212,Vw11
14259.010000000899,-0.5192138670609039,1.771169305195427,10.343594064613518,-0.015604949151330597,0.10123861380621357,0.01997029619410558,52.204163,-2.169642,26.772871280721578,Vw11
14259.1100000009,-1.150599977798765,1.578100001406279,10.922999992382731,0.13389999935302185,0.09510000077367804,-0.07300000055981581,52.204163,-2.169642,26.059999994967946,Vw11
14259.2100000009,1.3200999751120504,1.734599993725114,10.075299988772915,0.06190000018818355,0.18119999882677912,-0.13529999915452465,52.204163,-2.169642,25.499999993337042,Vw11
14259.3100000009,-1.4439999887017838,1.0377000020772222,8.828400016109953,0.08280000013956196,0.05090000042318789,-0.0414000000081036,52.204163,-2.169642,24.759999992976883,Vw11
14259.4100000009,-0.18920001444511328,1.268399995603348,10.617599993391066,0.09829999966144969,0.09789999882317753,-0.04229999905097866,52.204163,-2.169642,23.979999993247002,Vw11
14259.5100000009,-1.7934999881865734,0.7801000021682354,9.883600003295099,0.060699999732608555,-0.03279999963347364,0.0630999992960511,52.204163,-2.169642,23.22999999308784,Vw11
14259.610000000901,-0.4977480028350883,1.025972006729282,10.237104992079225,0.031402000091861185,0.007164999698299052,-0.014247999953168809,52.204163,-2.169642,22.46139999225484,Vw11
14259.710000000901,-0.8090079996469577,1.757526992639249,9.370093003325984,0.04136899988201904,-0.025517999565902106,-0.009104000003602472,52.204163,-2.169642,21.60229999306524,Vw11
14259.810000000902,-0.7713188128908228,0.9469207907443458,9.735413861127922,0.028686138872077695,0.022376237782802177,-0.009897030061256591,52.204163,-2.169642,20.83287128069564,Vw11
14259.910000000902,-0.8831999867509177,0.7990000002029992,9.706800003721652,0.057299999492953065,0.04000000010014628,-0.049599999843013935,52.204163,-2.169642,20.119999992421363,Vw11
14260.010000000902,0.5852999910905899,0.8214999987630581,10.11929999939371,0.0011000004754692782,0.05110000004059984,-0.03219999985023169,52.204163,-2.169642,19.279999992962694,Vw11
14260.110000000903,-0.40219999405811496,0.684400002881632,10.052100000490295,0.05379999981499959,0.05559999994167474,-0.015600000466602017,52.204163,-2.169642,18.49999999234481,Vw11
14260.210000000903,0.2433118753330142,0.9971980167319145,10.09987623218771,0.033783168572372645,0.04869207874955536,-0.06617128656134046,52.204163,-2.169642,17.653267320656873,Vw11
14260.310000000904,-0.40549998980064633,0.6570000019454892,9.497499999674547,0.06209999969443525,-0.0020999991420681905,-0.0033000001943681127,52.204163,-2.169642,16.97999999331012,Vw11
14260.410000000904,0.7226999914545605,0.872199993117442,9.461500009849445,0.02830000022281334,0.09279999977536031,-0.024799999978083933,52.204163,-2.169642,16.239999993242545,Vw11
14260.510000000904,-0.20384058568671923,0.12469901550635702,10.533650489217631,0.05233564323489229,0.06824851489535401,-0.022818812259892834,52.204163,-2.169642,15.492079200758528,Vw11
14260.610000000905,0.722099990992168,0.7445999981141773,9.888699992631189,0.015900000512589395,0.07309999935994128,-0.06469999924060829,52.204163,-2.169642,14.699999994304562,Vw11
14260.710000000905,-0.27429999886496154,0.5360000032764838,9.0736000029386,0.07259999982245208,0.0023000004166940924,0.01929999937495886,52.204163,-2.169642,14.06999999311549,Vw11
14260.810000000905,-0.14900000493829163,0.897699989887345,9.39800000478457,0.0530000003101873,0.04829999974105308,-0.04969999964406236,52.204163,-2.169642,13.309999994326958,Vw11
14260.910000000906,-0.6743831553449972,-0.1995287056488639,9.926253470197068,0.08648019763943837,0.02109901089675333,-0.011543565030145721,52.204163,-2.169642,12.682178210734818,Vw11
14261.010000000906,0.7572999885762408,0.5975999929270708,10.461599994399089,0.04449999992390803,0.13099999923273936,-0.08589999957424735,52.204163,-2.169642,11.899999993840174,Vw11
14261.110000000906,-0.5037999893987588,-0.18319998959170625,9.843299997882106,0.03609999963675145,0.04630000059786544,-0.038900000301650285,52.204163,-2.169642,11.219999993568418,Vw11
14261.210000000907,0.6664999876247493,0.9657999897350954,9.609500005663897,-0.003999999606068741,0.11229999894709618,-0.07219999915858462,52.204163,-2.169642,10.509999993827805,Vw11
14261.310000000907,-0.6968999898530932,-0.16509999367168493,10.23349999907417,0.03939999959336128,-0.0036999990678170435,0.020499999129538992,52.204163,-2.169642,9.829999994644714,Vw11
14261.410000000908,0.42099999145514083,0.532099994211752,10.131500000225104,-0.005399999469009709,0.09899999852139627,-0.0753999989834032,52.204163,-2.169642,9.239999995098552,Vw11
14261.510000000908,-0.5203999923537398,-0.10559999467466659,10.15629999687578,0.053099999575207765,-0.06389999911138547,0.03659999947536344,52.204163,-2.169642,8.69999999582469,Vw11
14261.610000000908,0.32199999883272906,0.4810999994844402,9.812100000350362,0.006300000176089089,0.03399999921939889,-0.021199999634206688,52.204163,-2.169642,8.239999996096994,Vw11
14261.710000000909,0.19340000000636645,0.42429999860119716,9.850699998333805,0.02569999948158802,-0.05199999972806108,0.019100000006366462,52.204163,-2.169642,7.809999996089172,Vw11
14261.810000000909,0.194100001361486,0.27049999735603464,9.667500003068398,-0.031299999728988954,-0.022100000178224215,0.019800000144233,52.204163,-2.169642,7.379999996417142,Vw11
14261.91000000091,0.33818514477160067,-0.019557427796138224,9.99939108719045,-0.00202970317925617,-0.04114257393227812,0.03525148492244268,52.204163,-2.169642,6.98623762033977,Vw11
14262.01000000091,-0.0732999980436769,-0.2452999999108695,9.788500000611181,-0.02499999981628207,-0.0054000004292814995,0.010400000085492501,52.204163,-2.169642,6.60999999663487,Vw11
14262.11000000091,0.14179999991086953,-0.23549999898864188,9.855700001065019,-0.004799999915416992,-0.052599999671672414,0.019799999889951143,52.204163,-2.169642,6.239999996271072,Vw11
14262.21000000091,0.1320000072094026,-0.12429999822567224,9.9727999980024,0.004499999919804395,-0.016500000367259418,0.00770000026154703,52.204163,-2.169642,5.829999997539453,Vw11
14262.31000000091,0.9230999957466013,0.07039999675806922,9.753600003098468,-0.004299999878190745,-0.05679999993323048,0.036399999792473124,52.204163,-2.169642,5.559999997112669,Vw11
14262.410000000911,0.4563673224801991,-0.2853425774986518,10.093600003097793,0.009066336755446143,-0.04947326725997767,0.013627722564795462,52.204163,-2.169642,5.243168313944981,Vw11
14262.510000000912,0.525499996331051,0.12609999787481646,9.661600002985464,0.00300000009386531,-0.009800000284329872,0.023199999824116455,52.204163,-2.169642,4.969999997630584,Vw11
14262.610000000912,0.12290000317228296,-0.10709999969744385,9.989199997235986,0.013299999980862412,-0.04099999962636139,0.0038999998942876118,52.204163,-2.169642,4.709999997721716,Vw11
14262.710000000912,0.4709999991069562,-0.07390000310556424,9.685900003598656,0.011200000105010257,-2.4106702767224823e-10,-0.007699999869422027,52.204163,-2.169642,4.459999997625855,Vw11
14262.810000000913,0.37319999885401844,-0.4139999977089501,10.079999996447913,0.022699999883119017,-0.02639999960187415,0.006599999739757186,52.204163,-2.169642,4.1999999979911085,Vw11
14262.910000000913,0.24769999836640563,-0.1631000000584405,9.691000001447316,0.009900000019175787,0.01719999986120383,-0.021899999702318745,52.204163,-2.169642,3.979999997625855,Vw11
14263.010000000913,0.06880000291563265,-0.16950000009861835,9.849500000568883,0.011999999968040357,0.0020000001442749635,0.010699999692274286,52.204163,-2.169642,3.7199999979911085,Vw11
14263.110000000914,0.3881000028205654,-0.1803000005690938,9.911799999415226,0.008499999964028107,0.017799999786013352,-0.022999999831208807,52.204163,-2.169642,3.499999997970816,Vw11
14263.210000000914,0.6919396021698706,-0.23918019544433922,9.84944257520966,0.004580198001715865,-0.005089108626939087,-0.004822772389361634,52.204163,-2.169642,3.2774257402230624,Vw11
14263.310000000914,0.49589999895381287,0.042799999266190276,9.953699997693212,0.0025999998752338632,0.02599999993623064,-0.01709999988632419,52.204163,-2.169642,3.019999997966774,Vw11
14263.410000000915,0.3800049480286755,-0.04158317287717706,9.70689010156326,-0.010784158309829183,0.019240594188070562,-0.004945544687650512,52.204163,-2.169642,2.79801980016802,Vw11
14263.510000000915,0.1105000007097807,-0.5398999979760161,9.985899997093412,0.0007999998049951491,0.033299999743998374,-0.019499999876158056,52.204163,-2.169642,2.5999999987985483,Vw11
14263.610000000916,0.1901792105557504,-0.321930694012564,9.674747527816022,-0.020066336419822178,0.005825742780849758,-0.006140594096556317,52.204163,-2.169642,2.46871287010919,Vw11
14263.710000000916,0.4781000021360757,-0.42499999886412115,10.009499996790385,0.003299999696548912,0.028399999710300473,-0.010199999955995008,52.204163,-2.169642,2.339999998899875,Vw11
14263.810000000916,0.7111000002566957,-0.3011000045114284,9.659400002195666,-0.02979999982031295,-0.0031999997964769137,-0.005399999907406164,52.204163,-2.169642,2.2199999989915526,Vw11
14263.910000000917,0.7390999992821685,-0.7931999988668715,9.898899997773164,-0.010200000111846021,0.018999999748804838,0.004699999908322934,52.204163,-2.169642,2.1099999992665834,Vw11
14264.010000000917,0.6607999987834454,-0.6696000002209417,9.656000002043482,-0.02239999984964961,-0.008399999698382453,-0.005300000094427378,52.204163,-2.169642,2.0299999993582603,Vw11
14264.110000000917,0.5281000000111123,-0.6937000000129644,9.878899999270287,-0.006000000025002836,0.024499999763862104,-0.01559999995184639,52.204163,-2.169642,1.959999999073969,Vw11
14264.210000000918,0.5317802002941108,-0.6975544576962478,9.800898020533754,-0.008834653588821982,-0.0010059405995068522,-0.010374257402136974,52.204163,-2.169642,1.8594059400493148,Vw11
14264.310000000918,0.7798000008864391,-0.9429999997207487,9.88069999786336,-0.02229999984751412,-0.0015999999311057764,-0.007799999864967321,52.204163,-2.169642,1.7999999991732694,Vw11
14264.410000000918,0.8762999982840745,-0.9126000002764955,9.648100000845101,-0.005699999986221156,0.0058999998126077115,0.006900000054196789,52.204163,-2.169642,1.7099999991732693,Vw11
14264.510000000919,0.6895000008137405,-0.9426999991185251,9.740100001107875,-0.004199999941544295,-0.014499999982370502,0.01279999991185251,52.204163,-2.169642,1.6199999990721319,Vw11
14264.61000000092,0.7765158409555497,-0.846097028230152,9.858440593086018,0.0019574256115762073,-0.012576237601929368,0.00336039609509619,52.204163,-2.169642,1.5192079200643123,Vw11
14264.71000000092,0.7081000031744893,-0.6858000000515428,9.752499999898754,-0.012299999741365173,-0.010199999689822289,0.009399999900595868,52.204163,-2.169642,1.4399999994477548,Vw11
14264.81000000092,1.0529999970261597,-0.691400003319914,9.741499999969626,0.0158000000211694,0.02349999974136517,-0.001399999992636731,52.204163,-2.169642,1.3799999990795913,Vw11
14264.91000000092,0.7299000027128812,-1.05210000315914,9.738200001593517,0.018099999936780013,-0.004599999986054415,-0.0005999998884353166,52.204163,-2.169642,1.279999999163265,Vw11
14265.01000000092,1.0228247535107022,-1.3893970273987188,9.908844553759977,0.011300990099921393,-0.003273267486243743,0.011169306718315473,52.204163,-2.169642,1.1890099000786072,Vw11
14265.110000000921,1.1353000036172058,-1.1391000047732391,9.833300000539358,0.011400000028532668,-0.020599999839848896,-0.011899999905197911,52.204163,-2.169642,1.089999999263673,Vw11
14265.210000000921,1.5283000029356058,-1.6577000059679998,9.89189999916269,0.014499999733375776,-0.0032000003378457645,-0.0016000000858310862,52.204163,-2.169642,1.0099999992695228,Vw11
14265.310000000922,1.8466168346181435,-2.3048287188380048,9.80110791995495,-0.014410891355675864,-0.039833663704109824,-0.010906930778881956,52.204163,-2.169642,0.9307920784776005,Vw11
14265.410000000922,1.646400007863155,-2.1918000078016733,9.741999998775952,0.029399999849090024,-0.008699999656260612,0.032599999551927786,52.204163,-2.169642,0.8399999993479198,Vw11
14265.510000000922,2.482928705887337,-3.0227108850111453,9.61024950462719,0.012825742229032745,0.027539603351229736,-0.01519009872404034,52.204163,-2.169642,0.7623762305914078,Vw11
14265.610000000923,1.725799987614483,-2.3637999899587854,9.575200003625277,-0.02460000015585647,-0.03849999942084105,0.015799999484474758,52.204163,-2.169642,0.0,Vw11
14265.710000000923,0.3828000083686888,-1.275000005923232,9.968300001629682,-0.041499999564111344,0.024299999862793076,-0.04010000002426789,52.204163,-2.169642,0.0,Vw11
14265.810000000924,1.286451491665813,-1.9264614017226611,10.137312866123253,0.004935643320026394,0.009860396280273626,-0.04255742561080075,52.204163,-2.169642,0.0077227794149592605,Vw11
14265.910000000924,1.9916000074115858,-3.612599993187672,9.5786000008966,-0.021499999915829415,0.03589999986551005,-0.02829999997255307,52.204163,-2.169642,0.7800000010063874,Vw11
14266.010000000924,2.793679215330789,-2.875372270416855,9.675629703866704,-0.012391089024758354,0.021345544419994325,-0.025329702942855983,52.204163,-2.169642,0.8889108920952806,Vw11
14266.110000000925,1.8279000033173274,-2.3797000018277643,9.560700001369439,0.03999999974773528,0.014200000063759217,0.004199999515799573,52.204163,-2.169642,0.9800000012936653,Vw11
14266.210000000925,2.186899987784129,-2.577500001624894,9.708899999335229,0.01269999985649083,0.02110000068328882,-0.04820000004536742,52.20416299999901,-2.169641999998315,1.1200000010184523,Vw11
14266.310000000925,0.8675000137611406,-2.7529999868740034,9.637099996276168,-0.0027999998435287127,0.09490000024905784,-0.0531000000296277,52.204056,-2.16946,1.2300000012962118,Vw11
14266.410000000926,2.3537999880979976,-1.3353000163618969,9.234900005097815,0.014099999325969838,0.12179999921301424,-0.05629999948429286,52.204056,-2.16946,1.370000001111039,Vw11
14266.510000000926,1.0683000204875541,-3.102499987780426,9.785499997509422,-0.05869999957039836,0.036800001657299436,-0.0006000010480798664,52.204056,-2.16946,1.4900000015739716,Vw11
14266.610000000926,3.281099983353123,-1.7827000088480953,9.516500004980035,-0.012299999513686752,0.2157999976395103,-0.11379999908068092,52.204056,-2.16946,1.660000001683392,Vw11
14266.710000000927,1.5078782240989659,-2.726096037099872,10.04291880624951,0.0391465341409112,-0.03689802007797089,-0.015427722705342609,52.204056,-2.16946,1.84217821983899,Vw11
14266.810000000927,2.185699998376552,-2.455699987861247,9.434800000441577,-0.016199999413703335,-0.06670000064195773,-0.008199998562088877,52.204056,-2.16946,2.060000002597517,Vw11
14266.910000000928,2.0106999915450827,-1.147200017556431,9.482400010845561,0.046999999926712915,-0.1358999999155807,0.14679999872628907,52.204056,-2.16946,2.340000003246896,Vw11
14267.010000000928,1.0993000081543476,-3.0396999863862284,10.65149999412683,0.03910000135627488,-0.1268000008126517,0.009500000089985406,52.204056,-2.16946,2.6900000039890437,Vw11
14267.110000000928,1.9782999737316829,-1.5722000181575706,10.018400007681228,0.1852999995472899,-0.21440000114383512,0.01920000115311195,52.204056,-2.16946,3.12000000482396,Vw11
14267.210000000929,-0.8532999759899929,-3.5294999720293783,10.846399979905062,0.13649999938652765,-0.3376999967253589,0.14349999845888303,52.204056,-2.16946,3.640000005484071,Vw11
14267.310000000929,1.7297999818542311,-0.5203000128187839,8.684500018371638,0.07049999943950933,0.014599998324105036,-0.022299998850204065,52.204056,-2.16946,4.2300000065065255,Vw11
14267.41000000093,-0.2223999752947242,-1.8993999971296929,10.660999996349839,0.010199998605744623,-0.16569999741783903,0.1013999989598855,52.204056,-2.16946,4.930000007993731,Vw11
14267.51000000093,2.43549999400842,-1.5905999884574245,10.268299979892978,-0.13980000050379096,0.11209999880465839,-0.010500000042757165,52.204056,-2.16946,5.790000008551433,Vw11
14267.61000000093,1.7909000211757815,-0.34880001293981655,8.105100024989563,-0.19399999809968158,-0.01649999912776886,-0.015100001912524044,52.204056,-2.16946,6.7100000092011465,Vw11
14267.71000000093,3.996149458324591,-1.7264990094352097,10.739202944732499,0.006199007854686238,0.07551683086206933,-0.21400989653664956,52.204056,-2.16946,7.699405939437948,Vw11
14267.81000000093,-1.0188999878890812,-1.676400002099201,7.989500015532598,-0.2138999972479418,-0.012799997806735337,0.26499999661929907,52.204056,-2.16946,8.639999008661311,Vw11
14267.910000000931,0.28149998488717454,-1.9018000184542978,9.657300002827833,0.08159999909313641,0.2226999963847751,-0.0979999992220164,52.204056,-2.16946,9.570000007243621,Vw11
14268.010000000932,-1.286456399739437,-3.844778200382055,9.956980197162988,-0.014394059027798535,-0.15603266808124672,-0.01724059586710944,52.204056,-2.16946,10.34801980945081,Vw11
14268.110000000932,2.5679000008814636,-1.9725999787150459,9.86499998262472,0.026199998049866974,0.4006999953443279,-0.21129999750706582,52.204056,-2.16946,11.150000008372496,Vw11
14268.210000000932,2.6835653669962234,0.28677722472063516,8.034668332358866,-0.1804940588414835,-0.08989603559465477,0.050587125813111235,52.204056,-2.16946,12.047920799457732,Vw11
14268.310000000933,4.880099952000131,-0.03550001422014429,9.7014999944842,-0.11990000023608482,0.3404999959613633,-0.2606999965436436,52.204056,-2.16946,12.840000006625305,Vw11
14268.410000000933,-0.2637999920221109,-1.5594000299472461,9.110400014235593,-0.14519999883027407,-0.0922999956180049,0.10969999702808551,52.204056,-2.16946,13.550000009142902,Vw11
14268.510000000933,0.5744039527463507,-4.732193065193767,10.60675840282935,-0.02164455496369982,0.3702049482596548,-0.20475445465636427,52.204056,-2.16946,14.529603969359796,Vw11
14268.610000000934,-0.24519999612422885,-4.291499993607518,9.212600018510388,-0.07609999824920469,0.13070000275138177,-0.12020000255181881,52.204056,-2.16946,15.49000000729883,Vw11
14268.710000000934,0.17014653853589393,-3.606450488646043,11.196263384878817,0.11152376413004031,0.4255514879046227,-0.3936653490908556,52.204056,-2.16946,16.27217822513315,Vw11
14268.810000000934,6.024804055240605,-1.1387569767646588,9.798122986611425,-0.05410800158161472,0.328905999059631,-0.1545429977163802,52.204056,-2.16946,17.05220000729113,Vw11
14268.910000000935,1.8170441550010688,-4.535333290253781,10.604566650831346,0.08567941043623324,0.2841009827309655,-0.18269607973692467,52.204056,-2.16946,17.585882358442095,Vw11
14269.010000000935,5.81145591969128,0.07133337639481319,8.911233317504657,-0.056379413092621164,0.5341990219456705,-0.32230392287363185,52.204056,-2.16946,18.174117652557438,Vw11
14269.110000000936,-0.49791277881019286,-2.703513839328932,9.134718824056078,0.04639108994223664,-0.029677221903380815,0.0239277197121199,52.204056,-2.16946,18.595445549647003,Vw11
14269.210000000936,9.390799886969665,-0.34490001186649255,10.436599985350067,0.13549999803090795,0.5925999891444874,-0.3032999931680019,52.204056,-2.16946,19.140000003710018,Vw11
14269.310000000936,-2.675041697164847,-1.6116326851313099,8.872738599214552,-0.07469802177065579,-0.5662118920413355,0.42600693752362273,52.204056,-2.16946,19.53603960766963,Vw11
14269.410000000937,-0.345887110429747,-4.113727715396129,8.728244551030373,0.0625712848530632,0.2176277188629467,-0.24623861118033127,52.204056,-2.16946,20.14564356964433,Vw11
14269.510000000937,1.6053999896414892,-3.3264999760771103,8.362700009302506,-0.1802999999526879,-0.19959999787663305,0.039900000500562,52.204056,-2.16946,20.71000000539358,Vw11
14269.610000000937,0.5680030239896643,-0.8124713004071474,9.368793090851337,-0.17576633707061878,0.022100987570049337,0.09520198244866482,52.204056,-2.16946,21.286336639600766,Vw11
14269.710000000938,6.298299948706529,-2.229599976735897,11.668099982099049,-0.22240000051622918,-0.24779999839124212,0.3353999974685997,52.204056,-2.16946,21.920000006100892,Vw11
14269.810000000938,0.833400020115399,0.248999968482999,9.760900023330336,-0.2773999992519654,-0.07640000015264077,0.06569999757765732,52.204056,-2.16946,22.570000005688478,Vw11
14269.910000000938,2.911383127275617,-3.076889110402741,12.205859391069497,-0.19719306807998857,-0.0949623785492943,-0.1831772215053359,52.204056,-2.16946,23.17623762961824,Vw11
14270.010000000939,-1.4602999578325222,-3.2357999673142444,10.621799995348306,-0.06649999737380131,-0.34119999664075584,0.47909999986296464,52.204056,-2.16946,23.80000000572545,Vw11
14270.11000000094,3.0322999713173675,0.24659995406311064,10.126200033135344,0.21330000208462732,0.016699993881276166,0.4644999938784604,52.204056,-2.16946,24.410000004129834,Vw11
14270.21000000094,-0.0235999847464278,-4.647599983976225,13.65649997664379,0.4353999928829202,-0.6351999910970673,-0.18770000284100133,52.204056,-2.16946,24.850000006206756,Vw11
14270.31000000094,1.5983999226017382,-2.943700027751816,11.172900013070853,-0.32139999717969736,0.3114999903222488,-0.48979999129876317,52.204056,-2.16946,25.51000000674441,Vw11
14270.41000000094,-6.44529891188791,-5.814315793721724,12.542207914497405,-0.026085150005866954,-0.692330678988943,0.4175782097119991,52.204056,-2.16946,26.225247529688378,Vw11
14270.51000000094,3.974799997357427,-0.7258999789036137,11.872999967444626,-0.18460000175481908,0.8045999914854597,-0.444599995222679,52.204056,-2.16946,26.750000004608047,Vw11
14270.610000000941,3.693800014591518,1.5173999965345615,8.411200028373337,-0.37119999532894615,-0.10079999498757461,0.06339999578881034,52.204056,-2.16946,27.240000004608046,Vw11
14270.710000000941,5.245399966377232,1.1488999792189738,11.428299967571988,0.12549999745407694,0.43219999724490044,-0.3843999957420332,52.204056,-2.16946,27.730000006124538,Vw11
14270.810000000942,1.6769999844540397,-1.0566000137632487,7.986700007797007,-0.14469999655801002,0.13979999924809527,0.06749999821446181,52.204056,-2.16946,28.3800000051823,Vw11
14270.910000000942,0.027100008358580088,-2.517299961706566,8.814199999134084,0.22059999760389254,0.06000000167435428,-0.1219999994968457,52.204056,-2.16946,28.930000004711182,Vw11
14271.010000000942,0.9141999645653115,1.546799954109313,8.722300020790449,-0.03369999910770202,0.23769999822294194,-0.0685999984311762,52.204056,-2.16946,29.430000004993854,Vw11
14271.110000000943,-2.8464999432278706,-3.3235999699398,10.928799981257109,0.06099999940610547,0.049100003994511754,0.0978999950185193,52.204056,-2.16946,29.960000004758772,Vw11
14271.210000000943,3.0820771933960347,-0.18180793644425783,8.975075262203685,-0.0013297029040454092,0.46486039232671383,-0.42150296653001856,52.204056,-2.16946,30.46396039977209,Vw11
14271.310000000944,-0.5601999731501175,-1.8425999898589558,10.532599986232839,0.005699999393916369,0.07090000181069846,-0.021800001872062057,52.204056,-2.16946,30.86000000424825,Vw11
14271.410000000944,2.2838999808967033,-0.7684000083439249,9.07430000213223,-0.05849999982930714,0.26269999552670265,-0.2200999971544832,52.204056,-2.16946,31.3100000041958,Vw11
14271.510000000944,0.26847820637574565,-1.6346494966878085,9.3090792184768,-0.03993564293703547,-0.2032267296768982,0.0770693057686067,52.204056,-2.16946,31.754455449751624,Vw11
14271.610000000945,-0.9436999866321741,-0.7596000223618427,10.426999986403713,0.02649999891055995,0.11409999717916215,-0.04599999833563015,52.204056,-2.16946,32.20000000302098,Vw11
14271.710000000945,0.47229999768922865,-3.1282999977998958,8.986800009406723,-0.08889999994608516,-0.18469999956016836,0.13029999963867595,52.204056,-2.16946,32.52000000236469,Vw11
14271.810000000945,0.22800003274712072,-2.8956999570733784,9.981299995592224,-0.08319999900777765,-0.13820000249143338,0.09210000271655154,52.204056,-2.16946,32.77000000406726,Vw11
14271.910000000946,3.6900999734256565,1.6425999765574466,9.515300006276822,0.021700000211875885,-0.4015999987363117,0.37929999672254494,52.204056,-2.16946,33.2000000037835,Vw11
14272.010000000946,0.8805999924661098,-0.8357999795861367,10.178900002047818,0.044100000426589396,-0.26799999904466676,0.032799997975828596,52.204056,-2.16946,33.600000003215975,Vw11
14272.110000000946,0.08410000160987838,1.3223999647633375,10.395400006281553,0.08919999984203897,-0.16700000015796104,-0.18119999594598193,52.204056,-2.16946,33.94000000208092,Vw11
14272.210000000947,0.2542999915702196,-2.4028999981130577,11.05949999396291,0.072500001212297,-0.18370000014262317,0.2474000015726082,52.204056,-2.16946,34.16000000300259,Vw11
14272.310000000947,-0.6352049589230679,-2.2037910872223634,10.422470290993877,0.20042079329125145,-0.19874950509308842,0.41334059563168535,52.204056,-2.16946,34.47683168617028,Vw11
14272.410000000948,0.3097000062901958,-0.8629000045652022,10.478099999731965,0.11549999813907463,-0.2494999972095692,-0.17920000119849722,52.204056,-2.16946,34.80000000402052,Vw11
14272.510000000948,0.9419159764126165,-1.3559120152724613,10.457817007314896,-0.07772299888432926,0.040430998512754994,-0.29799999393348114,52.204056,-2.16946,35.223500003317625,Vw11
14272.610000000948,-1.498421978029723,-2.934588984444119,11.215321993859545,0.036864998165825946,-0.11069899601789912,0.3320459966311863,52.204056,-2.16946,35.57320000303326,Vw11
14272.710000000949,0.8248340271425053,-1.288652979859719,10.542581970218508,-0.1552360005080807,0.3055120002957485,-0.02215400223138428,52.204056,-2.16946,35.894000003791646,Vw11
14272.810000000949,3.6088979716497733,0.7911356210900669,7.462708939865724,-0.20688316697125167,0.3334861358465364,-0.25348415678628866,52.204056,-2.16946,36.29297029985062,Vw11
14272.91000000095,-1.4612999299212324,-1.5752999825232734,10.513599989701587,-0.06519999952619328,0.04210000531347177,-0.08190000072542752,52.204056,-2.16946,36.5900000035132,Vw11
14273.01000000095,5.919199928116209,0.2653000004747562,9.428999986825515,-0.015299997691735187,0.6016999923782634,-0.15829999717804893,52.204056,-2.16946,36.96000000284854,Vw11
14273.11000000095,-1.651399936406642,0.3153000134945863,8.041500009386745,0.2277999987665929,-0.2009999938425555,0.1388999944419952,52.204056,-2.16946,37.26000000354868,Vw11
14273.21000000095,4.920803905030624,1.6733247059620548,9.022222774198314,0.10025940694674217,0.4307049407175467,-0.43334256736484106,52.204056,-2.16946,37.63316831984073,Vw11
14273.31000000095,-0.9088000190458481,-3.2242000027088924,9.224500037443061,0.2062000006351819,-0.5987999921404646,0.29239999699609887,52.204056,-2.16946,37.95000000336329,Vw11
14273.410000000951,-2.8735980034337874,-3.5147178299822905,13.098202948604982,0.27352970414039574,0.21231781532873512,-0.017624750024823364,52.204056,-2.16946,38.30237623988482,Vw11
14273.510000000952,-1.1533999720923553,-4.376499981976593,10.818500024462672,0.3964999998097337,-0.4658999971575369,0.23989999654253477,52.204056,-2.16946,38.540000002786726,Vw11
14273.610000000952,1.7418603875331453,-2.4694455146240446,13.314494012108373,0.37317722437068684,-0.1692376229417842,-0.11758910671196829,52.204056,-2.16946,38.83326732984169,Vw11
14273.710000000952,0.8479000123299542,0.6759999883734709,8.343900029803107,0.020900002790824507,-0.08299999855883652,0.11349999802125968,52.204056,-2.16946,39.16000000295476,Vw11
14273.810000000953,2.141499968479315,-0.5438000041547828,11.470699985522598,0.31369999526093595,0.06819999897059752,-0.0940999991555087,52.204056,-2.16946,39.47000000352666,Vw11
14273.910000000953,-1.165499982426409,-0.9797000130206128,9.951800003426529,-0.18349999770955058,-0.039799997447674915,-0.0055000001598211855,52.204056,-2.16946,39.8400000025995,Vw11
14274.010000000953,0.6410752296735368,-2.326854450444712,10.315407928140415,0.05475544588341795,0.22209108604970032,-0.020545543072517596,52.204056,-2.16946,40.11217821989838,Vw11
14274.110000000954,-1.231399985623632,-1.8022999949454432,11.086199991124262,0.09029999972358638,-0.09880000010865915,0.134899998549305,52.204056,-2.16946,40.33000000305008,Vw11
14274.210000000954,0.2769000181405994,-1.2719999589563686,10.154999976634763,0.061300001912803784,-0.1102000012968485,-0.01729999638639565,52.204056,-2.16946,40.650000002291925,Vw11
14274.310000000954,2.176499984654596,3.0258999838600618,7.708300010836038,0.26159999756100805,-0.24600000030559022,0.36109999699184625,52.204056,-2.16946,40.89000000248292,Vw11
14274.410000000955,0.5696000107844699,1.3358000145890683,8.842999995469626,0.006200000726731741,-0.27799999984243007,0.04610000041923158,52.204056,-2.16946,41.15000000190994,Vw11
14274.510000000955,1.6988999566673069,2.863499954578789,8.368600030146476,0.0823000003686182,-0.26149999932292667,0.09000000201880538,52.204056,-2.16946,41.35000000200544,Vw11
14274.610000000956,-2.8386999641447175,-1.892799990223023,11.525399972847353,0.12089999853889676,-0.1906000003218247,0.3013999991596269,52.204056,-2.16946,41.56000000286491,Vw11
14274.710000000956,0.9158999827337961,-0.8690000032798707,8.682100017978055,-0.03209999927475437,-0.22429999997416672,0.21339999908531027,52.204056,-2.16946,41.860000001913576,Vw11
14274.810000000956,-0.8886999607056562,-1.211799983642745,10.56109998800283,0.04369999889395258,-0.2215999990967917,0.11780000165237361,52.204056,-2.16946,42.06000000162654,Vw11
14274.910000000957,3.218199987933941,0.49779999358569044,9.30720001454414,-0.07189999685790681,-0.12719999865666906,0.2904999958714579,52.204056,-2.16946,42.230000002583324,Vw11
14275.010000000957,1.9570999561178557,-0.17259999483908323,10.827299963521483,0.2564999973640479,0.01320000235274274,-0.14099999971009308,52.204056,-2.16946,42.50000000258333,Vw11
14275.110000000957,-2.629299966926382,0.366800024251271,7.01470002829536,-0.018999998224731175,0.259099999387087,-0.11070000109035989,52.204056,-2.16946,42.77000000104205,Vw11
14275.210000000958,0.8274327063963525,2.901453489638433,9.972026761016028,0.1665445562336884,0.19504059344546615,-0.22466039713179048,52.204056,-2.16946,42.87891089213291,Vw11
14275.310000000958,1.1687000034960413,-1.0580999746390822,9.64469998732721,-0.016600001189631803,0.21190000015241858,-0.12230000024540351,52.203568,-2.168614,43.100000002684105,Vw11
14275.410000000958,1.5333999532054339,1.587500007667891,8.322699979008434,-0.14069999631952848,0.22779999912466556,-0.14789999935415035,52.203568,-2.168614,43.38000000203341,Vw11
14275.510000000959,-3.2363662762925194,2.3533663116724433,6.220270359802985,0.243362380036772,0.1394930713137771,-0.08278614013465985,52.203568,-2.168614,43.592178219910274,Vw11
14275.61000000096,3.0569999357819304,-0.25000001570103086,12.767299928348889,0.6395999908270856,0.34879999944304907,-0.24139999911041232,52.203568,-2.168614,43.810000001342054,Vw11
14275.71000000096,-3.642099917681853,-1.8878999688514508,5.29280003626378,-0.3172999918114045,0.2907000019784784,-0.14860000209949212,52.203568,-2.168614,43.95000000220898,Vw11
14275.81000000096,4.928899915844557,1.3552999780773067,9.068599969711993,0.5352999910478655,0.49669999905301954,-0.3671999961362046,52.203568,-2.168614,44.1800000020169,Vw11
14275.91000000096,-3.8333999059214316,-0.9272999448551971,5.9150000368457984,-0.3967999953563383,0.3981000047829235,0.035099994393030645,52.203568,-2.168614,44.390000001728765,Vw11
14276.01000000096,5.962099913014181,4.814399946458149,9.751400013450771,0.08669999749712878,0.8960999912754866,-0.5486999948838085,52.203568,-2.168614,44.57000000105647,Vw11
14276.110000000961,-3.0949000201727963,-0.7604000167143007,11.151899985288187,-0.17389999597485292,-0.012299991229386069,-0.016000004317116692,52.203568,-2.168614,44.680000002593154,Vw11
14276.210000000961,-5.195299997468332,-2.50070001134776,9.620100002958905,0.24519999914071486,0.900899988902424,-0.4654999935365977,52.203568,-2.168614,44.95000000153959,Vw11
14276.310000000962,-4.932199892983733,-3.6799999423235943,9.927600019113692,0.15590000134714357,-0.25239999144573566,0.20619999287841212,52.203568,-2.168614,45.11000000155514,Vw11
14276.410000000962,6.001739530467829,2.216444518310451,11.87501087271692,0.2914950466128554,0.6217930636218436,-0.5222168275608607,52.203568,-2.168614,45.27237623991076,Vw11
14276.510000000962,-1.6342999503792406,-1.5390999450392644,9.96609998809829,-0.008999999875588473,0.031100007248915304,-0.09390000297907286,52.203568,-2.168614,45.51000000087477,Vw11
14276.610000000963,3.3876059198340656,4.0558219425631785,8.754842012744703,0.007673003727551356,0.7672939907547487,-0.39602799579218834,52.203568,-2.168614,45.60220000211738,Vw11
14276.710000000963,-4.80927421004786,-1.8390415713977009,10.100665380091208,0.39010197923746415,-0.17877326258494208,0.03316534303643939,52.203568,-2.168614,45.82168316993682,Vw11
14276.810000000964,0.11329996438649759,-0.5132000120440563,13.587199959276955,0.2902999997589839,0.31389999155383197,-0.33029999349834976,52.203568,-2.168614,45.98999999942156,Vw11
14276.910000000964,-3.5807999665267207,-1.76249999634716,9.363100022078038,0.26530000008194543,-0.5621999964724884,0.3440999970258614,52.203568,-2.168614,45.930000000096406,Vw11
14277.010000000964,-0.1086999582772216,-1.383599964287199,11.653199970811986,0.27379999682533596,-0.196300002785182,0.035600002374490576,52.203568,-2.168614,45.939999999807185,Vw11
14277.110000000965,4.219099959915167,2.320799980601097,8.625600020080498,-0.05549999836398274,-0.4851999981268229,0.28189999940228005,52.203568,-2.168614,45.919999996625776,Vw11
14277.210000000965,0.061200030480381605,0.3086000028947525,10.708500000333231,0.11419999862747972,-0.2908999991287732,0.21989999825754641,52.203568,-2.168614,45.56999999951706,Vw11
14277.310000000965,3.2168999546595027,0.6082999857223119,10.742999981114083,-0.027900000599813575,-0.20070000025402732,0.03950000199068563,52.203568,-2.168614,45.519999998840944,Vw11
14277.410000000966,-1.4772999676004082,-0.8698999776813329,8.7876999910395,-0.08999999763938103,-0.2269999990012766,0.2455999995585913,52.203568,-2.168614,45.40000000009659,Vw11
14277.510000000966,1.8770999775837005,1.4408000002565933,7.86000001897034,0.15439999917363312,-0.1236000001278088,0.1998999981794562,52.203568,-2.168614,45.40999999824385,Vw11
14277.610000000966,-0.4112494960135965,1.4723158466231805,9.800046530447585,0.06847425624155329,-0.13521881045021303,0.013023762109364595,52.203568,-2.168614,45.228811880040276,Vw11
14277.710000000967,0.513799992929908,1.9938999758739093,9.364699997571947,-0.05409999928546422,0.01289999903523007,-0.014599998350018599,52.203568,-2.168614,45.10999999931577,Vw11
14277.810000000967,-0.20581682811822796,-0.43044946250758026,9.116125742405595,0.017781186939123287,-0.08469405833550017,0.1526673252491981,52.203568,-2.168614,45.04029702999046,Vw11
14277.910000000968,0.16249998689537462,3.954599964864663,9.098700017967328,-0.1040999970533463,0.02589999869844032,-0.0005999990584256011,52.203568,-2.168614,45.06999999825813,Vw11
14278.010000000968,-1.1916999780830078,0.32379998586274816,10.955399994121452,0.2003999954948079,-0.10859999485553784,0.09669999757390174,52.203568,-2.168614,44.88999999716532,Vw11
14278.110000000968,1.0360649860283282,-1.110464988351294,10.36289600861046,-0.2573099969123912,0.4157079980719383,-0.1508579993786066,52.203568,-2.168614,44.597999998064196,Vw11
14278.210000000969,-0.4148317042996064,0.06991583085559665,11.233447514925707,0.05632475036978525,0.2227623803632565,-0.08863861515705523,52.203568,-2.168614,44.397524750079405,Vw11
14278.310000000969,-2.597999939494111,-1.0384999551276433,10.218199982890857,-0.16120000075622667,0.6490000001085864,-0.22250000092783193,52.203568,-2.168614,44.149999998739624,Vw11
14278.41000000097,3.642799958720689,3.5897999619307743,8.453500031463877,-0.239199996005572,0.6601999955944949,-0.3181999977613752,52.203568,-2.168614,44.0199999975762,Vw11
14278.51000000097,-0.6148999788043242,-0.3367999665776904,11.698799968622412,0.17279999746857977,0.20580000144167826,-0.087300001203176,52.203568,-2.168614,43.76999999825487,Vw11
14278.61000000097,1.5712999907992422,3.110499999623826,8.462400003212025,-0.08829999762855077,0.3544999947287124,-0.21139999818602556,52.203568,-2.168614,43.58999999718839,Vw11
14278.71000000097,0.6223000134006114,3.071699992108831,8.793700011988282,0.15629999959397972,-0.18919999744634625,-0.024299998726572812,52.203568,-2.168614,43.299999995920366,Vw11
14278.81000000097,2.0019000062632024,2.259300009654152,10.02789999343374,0.11449999740554995,0.07370000010296207,0.10679999999320063,52.203568,-2.168614,42.87999999844586,Vw11
14278.910000000971,2.6466999656922594,3.2531999946731696,9.351899996124352,-0.1525999989956341,0.08430000004953836,0.10609999878582457,52.203568,-2.168614,42.71999999883439,Vw11
14279.010000000972,-0.8852999835294038,2.704799990548564,8.952900012241832,-0.049199999301419876,0.08939999972822092,-0.01889999956142512,52.203568,-2.168614,42.59999999774335,Vw11
14279.110000000972,0.7908399975128565,1.7522490104430881,10.202162001517546,0.022493000478969433,0.06338500163704562,0.02521799943456347,52.203568,-2.168614,42.36549999562806,Vw11
14279.210000000972,0.5490480505323894,2.8199892191733924,10.355014704147843,0.06950391982363965,0.22967843086581674,-0.0325931374425453,52.203568,-2.168614,41.91794117447033,Vw11
14279.310000000973,1.7138519721172192,3.1789107878058362,10.176485292380653,-0.11010392331611357,0.1775215681199932,-0.05190686293301003,52.203568,-2.168614,41.71205882152629,Vw11
14279.410000000973,-0.9346999961793765,3.89579999947644,9.995199999923122,0.0032999984332134774,0.3329000015045043,-0.14670000076782272,52.203568,-2.168614,41.53999999834563,Vw11
14279.510000000973,-0.5420999943401054,3.842000025757581,9.987299985039622,-0.15769999947157448,0.48749999887794726,-0.22559999811109774,52.203568,-2.168614,41.36999999785905,Vw11
14279.610000000974,0.03950001707602678,6.488799975543533,8.450000010659986,-0.10339999897915587,0.3722000024397104,-0.03150000124856342,52.203568,-2.168614,41.14999999630199,Vw11
14279.710000000974,1.7941999903964636,3.975700008682182,9.545399995847568,0.0014999994462123142,0.622899997931096,-0.15980000010724763,52.203568,-2.168614,40.76999999717257,Vw11
14279.810000000974,0.8092000000126748,4.866199981899528,9.119500012472898,-0.05530000062398613,0.4106999988904747,-0.1707999993613892,52.203568,-2.168614,40.479999995222606,Vw11
14279.910000000975,0.8104999993808888,3.009700017812854,10.398800006040965,-0.11929999992980156,0.2968999995690596,-0.10529999767370173,52.203568,-2.168614,39.98999999766006,Vw11
14280.010000000975,0.7470000074264098,4.836700013917816,11.018399995094883,-0.11209999934091466,0.2526999972778605,0.13330000136204473,52.203568,-2.168614,39.74999999746505,Vw11
14280.110000000976,1.5086999633749394,6.264199935926374,10.51529998586379,-0.044500001305495966,-0.026500001213848007,0.27299999925121665,52.203568,-2.168614,39.48999999736756,Vw11
14280.210000000976,-2.2477999365814343,-0.3075999335738757,9.065400027215526,-0.17839999593261602,-0.15099999579684117,0.19619999692308848,52.203568,-2.168614,39.21999999697193,Vw11
14280.310000000976,4.2446999357663895,6.492799912865811,11.851599973107126,0.23799999745452421,0.27929999584619364,-0.11879999643614052,52.203568,-2.168614,38.90999999671177,Vw11
14280.410000000977,-2.331240658279989,-2.427596126720476,9.098431656280898,-0.022594061950900135,-0.14594752890543922,0.2460514887116515,52.203568,-2.168614,38.5733663333461,Vw11
14280.510000000977,-0.1290999839541506,6.274700020472695,8.820800008101557,0.06479999958583793,1.0194999948737677,-0.4035999970588633,52.203568,-2.168614,38.27999999609281,Vw11
14280.610000000977,1.5135999967267522,8.370599971292904,9.650200009531588,0.02239999971282159,0.49470000494747834,-0.10250000346079287,52.203568,-2.168614,37.879999997753366,Vw11
14280.710000000978,1.1784999954736526,5.43169998950607,10.62599998335166,-0.007000001195098087,1.001199996132983,-0.4567999972410928,52.203568,-2.168614,37.649999996639096,Vw11
14280.810000000978,0.7149419944618569,4.3301659609119465,8.950895008902336,-0.12638499851709317,0.6117160016796489,-0.17840900069398083,52.203568,-2.168614,37.304599994714394,Vw11
14280.910000000978,0.1337861180451911,0.4034841846325617,9.851886139187583,0.020739601160599187,0.7811019797105508,-0.24897524789205014,52.203568,-2.168614,36.76603960008391,Vw11
14281.010000000979,-1.9675999746264365,3.081899977489868,9.91050003015704,-0.26529999894603024,0.7313000000469735,-0.28650000080246535,52.203568,-2.168614,36.36999999677057,Vw11
14281.11000000098,0.6251999911210143,0.7817000501785507,12.992099971633829,-0.1576000005715119,0.7361000015520854,-0.36849999801536615,52.203568,-2.168614,36.03999999549836,Vw11
14281.21000000098,-0.28210000528258533,5.909199954610749,10.093500005126696,-0.21599999630964156,0.8946999963370939,-0.16569999818815556,52.203568,-2.168614,35.57999999509782,Vw11
14281.31000000098,-0.8208999997401846,1.279700051649331,10.616399993995815,0.16039999926859527,0.5211000023952034,0.019099996593967807,52.203568,-2.168614,35.07999999558804,Vw11
14281.41000000098,-0.794400001256918,6.547699961630665,10.003999994698786,0.08579999903917342,0.765399995387052,-0.32829999692927664,52.203568,-2.168614,34.62999999490174,Vw11
14281.51000000098,-0.9226000080238824,2.6342000251128694,9.463300003000132,-0.01219999884308636,0.29490000318249293,-0.015100001138285371,52.203568,-2.168614,34.10999999588217,Vw11
14281.610000000981,-1.741000007867013,5.195599948573228,9.769299990028973,0.10579999916663001,0.6194999976802902,-0.13119999830384696,52.203568,-2.168614,33.689999994313474,Vw11
14281.710000000981,-2.543399998938971,-0.04969995416568133,8.752300012843218,0.02079999996887907,0.38290000290883425,0.04179999645221425,52.203568,-2.168614,33.1099999950401,Vw11
14281.810000000982,-2.4353801969589868,4.6165376695874505,10.059824765315875,0.017631683137202182,0.6790386167696336,-0.3193881223589514,52.203568,-2.168614,32.6050494999916,Vw11
14281.910000000982,0.5404999638381599,2.0773000212563795,11.720699978477718,0.16469999926975845,0.6609999996368636,-0.1579000016817384,52.203568,-2.168614,32.30999999424538,Vw11
14282.010000000982,-3.078217974473871,4.18007296106828,9.543429992071594,0.09075999966596551,0.6244060000058946,-0.3260769987002129,52.203568,-2.168614,31.725899995971936,Vw11
14282.110000000983,-0.5048811870196124,0.31375154090516894,8.761726749598022,0.05748712909321378,0.6267891106686376,-0.19553960439229393,52.203568,-2.168614,31.317029700052068,Vw11
14282.210000000983,-0.3929999926780973,5.988899932784814,10.484399997216764,0.09619999808254814,0.8056999940130573,-0.23949999728236734,52.203568,-2.168614,31.019999997614367,Vw11
14282.310000000984,0.3362676398418127,-0.7662794050514093,10.20538921665993,-0.09503137090664061,0.20577353174795715,0.03290294019509606,52.203568,-2.168614,30.778137253068518,Vw11
14282.410000000984,-0.39696765427295766,-0.08422058152467349,10.304310785286994,0.07183137419074394,0.4431264729234965,-0.06680294215745393,52.203568,-2.168614,30.591862743265327,Vw11
14282.510000000984,-0.09958711875906157,0.3305772156922474,8.98171683258558,-0.03973069260738155,-0.14219901009686983,0.36642970132627145,52.203568,-2.168614,30.217920790032704,Vw11
14282.610000000985,0.9116999601265203,-0.8916999484579448,9.073400008380212,0.007199999621959973,-0.16209999731572095,0.19939999688993873,52.203568,-2.168614,30.009999997174443,Vw11
14282.710000000985,-3.140181228057238,4.345923814002245,9.924984166809704,-0.031215841962814204,0.11067227991637399,-0.11663960707552298,52.203568,-2.168614,29.722871284298552,Vw11
14282.810000000985,4.272599917814049,-2.7563999110922364,11.285699979833574,-0.032800001427571994,-0.5758999902899471,0.6228999941467577,52.203568,-2.168614,29.689999997042325,Vw11
14282.910000000986,-4.06359996679734,6.261599939316837,9.240199994942074,-0.17759999896929446,0.40899999529161757,0.029200002288465057,52.203568,-2.168614,29.38999999860581,Vw11
14283.010000000986,-0.7487594249321087,0.21146340919544043,8.746782192498559,-0.07387722750309868,-0.058364351075607813,0.25460197586117483,52.203568,-2.168614,29.249108910012396,Vw11
14283.110000000986,-2.6746999720509406,4.557799952439572,10.194999997445553,-0.05159999927734098,0.4851999962200891,-0.185199997785686,52.203568,-2.168614,29.159999997929628,Vw11
14283.210000000987,0.16020001225749658,-0.2663000100163797,9.935900002181855,0.021700000055311832,0.10180000400319368,0.03939999751689392,52.203568,-2.168614,28.949999999506144,Vw11
14283.310000000987,1.4012000158072917,-1.2803999788884055,10.15679999265182,0.027300000590670885,0.5070999961332572,-0.2119999987844306,52.203568,-2.168614,28.89999999941324,Vw11
14283.410000000988,3.0015960554080814,0.8570257636816174,9.41283959661369,0.08710198078857222,0.11561484761918128,-0.08893069185398135,52.203568,-2.168614,28.8405940588193,Vw11
14283.510000000988,-0.1965000229395937,1.7324000083856683,9.231300010062801,0.02779999980245775,0.5166999958575391,-0.3353999962387956,52.203568,-2.168614,28.830000000296312,Vw11
14283.610000000988,-2.518999971136114,2.5813999942060857,10.250099991755574,0.007800000418789568,0.09730000201789407,0.04539999849966662,52.203568,-2.168614,28.860000002271736,Vw11
14283.710000000989,0.4032999998763087,1.9947999867284203,9.415400002354092,0.05019999906588346,0.30159999843852126,-0.10649999904609285,52.203568,-2.168614,29.090000002176968,Vw11
14283.810000000989,0.39080001366244393,0.6535999914544168,9.653300010415794,-0.044199999800114895,0.14380000111223198,-0.010100001446693204,52.203568,-2.168614,29.310000002078013,Vw11
14283.91000000099,1.771499981625723,-0.20999996184911154,10.705899981105969,-0.023999999708138556,0.25620000090057243,-0.1562999990154674,52.203568,-2.168614,29.520000001799147,Vw11
14284.01000000099,-0.05096533086264812,3.5679118426004726,8.827994071672693,0.004673266805410417,0.3440623740229841,-0.05628316681558037,52.203568,-2.168614,29.702871289970506,Vw11
14284.11000000099,1.5324999747303663,-0.33089997679947414,10.06740000155554,-0.04799999984761234,0.12030000272219768,0.09539999424588168,52.203568,-2.168614,29.990000003166497,Vw11
14284.21000000099,-1.0211999762436679,2.0136999702885627,10.224600000417569,-0.032599999652527085,0.3953999972061976,-0.48609999771088447,52.203568,-2.168614,30.310000003604905,Vw11
14284.31000000099,1.339414839799616,-0.9270910630223805,10.271610896355108,0.0036415856869695023,0.11892574507865074,-0.2557574240147294,52.20356673267201,-2.1686033960290896,30.67247524997908,Vw11
14284.410000000991,0.1609000227109095,1.7037999743070318,10.802699977746713,0.1577999978050126,0.3714999987492978,-0.08149999902066714,52.20344,-2.167543,30.92000000360491,Vw11
14284.510000000992,2.3774672757347433,-0.8105870777345758,8.599881207435331,-0.06049801890762414,0.24954455737511066,0.01231979803364329,52.20344,-2.167543,31.284950499958157,Vw11
14284.610000000992,-2.765799966576661,4.330699966816567,10.547999991722234,0.029699999538031263,0.5439999937882058,-0.3856999940677662,52.20344,-2.167543,31.780000004659342,Vw11
14284.710000000992,0.6056999487197456,0.9834000394416893,9.713000009998224,-0.016899999134950484,-0.08259999491398558,0.2126999947322358,52.20344,-2.167543,32.25000000566106,Vw11
14284.810000000993,-4.557599938646041,4.954699948982935,10.719699988108797,0.07019999958386251,0.42949999068507533,-0.317699993375568,52.20344,-2.167543,32.82000000595901,Vw11
14284.910000000993,1.6200000212557861,-0.18210001615090152,9.52240001445755,0.028300000619736965,-0.5083999941045534,0.3492999964245944,52.20344,-2.167543,33.42000000486652,Vw11
14285.010000000993,3.7601999745133177,-1.808299983337617,10.978099988311403,0.09070000050750895,0.08519999505898813,-0.010699996492129866,52.20344,-2.167543,33.91000000615764,Vw11
14285.110000000994,1.194000012948305,-0.13060002483923736,9.801200013755881,0.14180000025581607,-0.4122999994412175,0.3424999983647837,52.20344,-2.167543,34.53000000371184,Vw11
14285.210000000994,2.4291695526802335,-2.5426499364732074,11.19573139572599,0.16440391869171467,-0.3538784286689911,0.17502940732370303,52.20344,-2.167543,34.9046078477146,Vw11
14285.310000000994,-3.1238696630832834,3.8523500636157473,13.528868650660403,-0.12520392444956863,-0.08172156592010743,-0.2720294162119273,52.20344,-2.167543,35.3653921614465,Vw11
14285.410000000995,6.60089983430247,-4.988599864105853,8.334100055165507,-0.42889999539290774,-0.7690999897375613,0.7988999880561335,52.20344,-2.167543,35.810000005427206,Vw11
14285.510000000995,-9.77223588698255,8.452535920221806,13.774311951546322,0.023537994066693362,0.2386449867092737,-0.3753819859499458,52.20344,-2.167543,36.35710000706583,Vw11
14285.610000000996,1.36293489285316,0.5843900677623027,8.992659038273908,-0.5583199916603304,-1.0668349834152038,1.0088859866505577,52.20344,-2.167543,37.06550000547353,Vw11
14285.710000000996,-9.14623085104859,7.225765900943218,12.778515978519485,0.26914599785632737,0.5704969875569458,-0.3109259918651904,52.20344,-2.167543,37.616300006269796,Vw11
14285.810000000996,5.613187942361073,-2.6171529890857723,10.618556976926284,0.057327001422727966,-0.654248986988071,0.4896639913898538,52.20344,-2.167543,38.24420000418743,Vw11
14285.910000000997,-0.06265341794243512,-1.5266247457202966,8.370884201769735,0.19903861429868605,0.6293227638253952,-0.3590920730185971,52.20344,-2.167543,38.66673267997983,Vw11
14286.010000000997,4.691999964732,-0.8490999815640694,12.719299978094188,0.24289999487541936,-0.21839999086028403,0.2616999955592284,52.20344,-2.167543,39.34000000667861,Vw11
14286.110000000997,1.153899936073822,1.0004000391884387,10.521699977722378,-0.27119999842105896,0.6984999983293528,-0.18380000081239703,52.20344,-2.167543,40.010000005582114,Vw11
14286.210000000998,-5.259199945648826,4.931799975713435,8.286800030765644,-0.11279999840919008,0.5308999998472104,-0.26530000064910636,52.20344,-2.167543,40.57000000539258,Vw11
14286.310000000998,0.18339996439102324,2.4998000111556418,11.367599973016148,0.046499997800028725,0.5156000002576453,-0.33029999910523183,52.20344,-2.167543,41.11000000609161,Vw11
14286.410000000998,-3.3823999348160023,3.6168999694572,8.665500011088774,-0.17379999547693403,0.5413999999374598,-0.24069999993039884,52.20344,-2.167543,41.72000000635489,Vw11
14286.510000000999,3.0258454907633707,0.584332668605492,9.755014841711514,0.2725603940024,0.5341613851012221,-0.23441980259927067,52.20344,-2.167543,42.3554455499936,Vw11
14286.610000001,-2.3595999973286776,0.11759999898539682,8.776500006666822,0.06860000132317837,0.43029999486606796,-0.2963999976602212,52.20344,-2.167543,42.90000000649106,Vw11
14286.710000001,-2.0920999649116943,0.016000008369372355,9.444100023495281,0.20109999869740147,-0.0837999970906275,-0.062099997816202165,52.20344,-2.167543,43.55000000576013,Vw11
14286.810000001,1.3778089085985286,0.8353237534942989,11.771776240301719,0.07385445710106263,0.20283960269919046,0.15434059440021874,52.20344,-2.167543,44.12514852000331,Vw11
14286.910000001,1.1486999705059053,-0.052299968989232004,12.039399980106168,0.23929999798510546,0.07680000072332113,0.18839999463461793,52.20344,-2.167543,44.64000000820364,Vw11
14287.010000001,-1.799399981883957,3.047399968955217,10.050899993499113,0.037900000973432185,0.14909999929468687,-0.347899996407405,52.20344,-2.167543,45.46000000380169,Vw11
14287.110000001001,0.011399989161854805,-0.05569997486560864,9.401100010875535,0.13520000188568568,0.07860000189781229,0.011199998461943405,52.20344,-2.167543,45.840000005153804,Vw11
14287.210000001001,-1.0482306801915025,2.3857692611698047,10.450028685581993,0.31879900689801843,0.2620881144971529,-0.14042970239962344,52.20344,-2.167543,46.35386139000255,Vw11
14287.310000001002,0.23869999353640486,-2.18729994168432,7.722900046248432,0.018700001567539586,-0.16909999545273205,-0.08339999824203041,52.20344,-2.167543,46.74000000521177,Vw11
14287.410000001002,-0.40620003527765874,3.631099972087973,12.337299977593405,0.1750999965010993,0.2845999944063693,0.09200000111251211,52.20344,-2.167543,47.26000000621403,Vw11
14287.510000001002,-3.9259999793203044,0.8461999935544455,10.101700002195958,-0.17399999739912708,-0.273499994953605,0.2029999995209182,52.20344,-2.167543,47.88000000541222,Vw11
14287.610000001003,-1.8627000072714193,0.20309999937559006,10.320800012823957,0.0855000014502748,0.22999999988373748,0.15519999585564184,52.20344,-2.167543,48.42000000521177,Vw11
14287.710000001003,-2.588199944030453,0.14079998081098602,11.600299994888218,0.2301999952235812,0.21840000040364105,-0.25829999963551814,52.20344,-2.167543,48.94000000361469,Vw11
14287.810000001004,2.985999940923823,-1.7702999483299324,11.091199995723615,-0.24549999623971233,0.25860000457158605,-0.22199999997188571,52.20344,-2.167543,49.30000000552245,Vw11
14287.910000001004,-2.8975999552319935,3.3756999876949734,10.665299983975853,0.12900000005020412,0.7138999909251055,-0.21919999663030032,52.20344,-2.167543,49.850000004719185,Vw11
14288.010000001004,1.5609999883978307,2.1502000198497,9.069400003129724,0.13399999810931332,-0.18989999664134521,0.11639999791552545,52.20344,-2.167543,50.32000000401633,Vw11
14288.110000001005,0.4054999930979393,4.127099972037317,9.381100008270625,-0.05429999874991772,0.144599998031999,-0.09120000099002501,52.20344,-2.167543,50.72000000471918,Vw11
14288.210000001005,-0.2818999955901294,1.34219996689177,10.20479998890793,0.07019999890055005,-0.051399997983168216,-0.1897999970808749,52.20344,-2.167543,51.19000000492891,Vw11
14288.310000001005,0.1564999962507321,-1.9491999730306728,9.102100012427451,-0.03909999983641406,0.14909999901340404,0.1003999967983894,52.20344,-2.167543,51.68000000386103,Vw11
14288.410000001006,-0.2084207879751199,0.713076245648649,10.325879208604142,-0.0229643563997826,0.05184158399903378,-0.212737621788031,52.20344,-2.167543,52.06405941002476,Vw11
14288.510000001006,0.1994999934435364,1.5106999614216794,10.39379998282625,-0.019399998816054358,0.03600000111252666,-0.016500000185085812,52.20344,-2.167543,52.47000000382242,Vw11
14288.610000001006,-0.4522999969501077,-2.324499992236455,8.686500006004225,0.09830000007745439,0.14659999933409346,-0.034899999863197445,52.20344,-2.167543,52.850000004928916,Vw11
14288.710000001007,-0.1490999996090046,-1.5527000089646783,9.283399992856273,0.1059999987332958,0.08040000049277514,-0.02130000194086897,52.20344,-2.167543,53.3400000043332,Vw11
14288.810000001007,-0.1103000057026882,-2.442299991459572,8.574500009235756,-0.019699999870004103,0.1292999987484116,-0.2138999975169776,52.20344,-2.167543,53.77000000322471,Vw11
14288.910000001008,-0.6762000005639162,-1.5947999614124622,9.491000017918077,-0.006799998179996372,0.005100001277463397,0.03249999858104863,52.20344,-2.167543,54.09000000315549,Vw11
14289.010000001008,-0.7249524685473634,2.162642540535076,11.23995642421018,0.16951484898032199,0.1282346510812706,-0.10588415739195632,52.20344,-2.167543,54.40435644003449,Vw11
14289.110000001008,-0.060200012570300894,-1.1831000053268086,10.105600001235466,-0.07899999970675345,-0.10829999786867192,-0.004299999737992766,52.20344,-2.167543,54.840000004030884,Vw11
14289.210000001009,-1.307599958865319,-1.7117000071798423,10.228199983436491,-0.04990000016455488,0.10319999642623152,0.021700000592599463,52.20344,-2.167543,55.240000004946744,Vw11
14289.310000001009,2.766999937128932,-2.422899970522467,8.587500008469023,-0.066200000013124,-0.25079999361264604,0.08039999694008693,52.20344,-2.167543,55.73000000373529,Vw11
14289.41000000101,-3.4606999488877483,0.4969999713719179,9.426399996188223,-0.06750000005404604,0.38189999387138374,-0.22269999795848758,52.20344,-2.167543,56.100000003671056,Vw11
14289.51000000101,1.5538237646216533,-2.3195970389895537,9.061686147788473,-0.07184257329067734,-0.21256236963634167,-0.024669309121123032,52.20344,-2.167543,56.46425743004146,Vw11
14289.61000000101,1.776199999551316,-3.239299976426752,9.97029998854632,0.023899999395296266,0.4411999976474679,-0.2415999993738818,52.20344,-2.167543,56.890000003773025,Vw11
14289.71000000101,1.738665353063071,-0.9455970478755653,8.856206939888839,-0.03377326568413084,0.2122861404174242,-0.1827831709251994,52.20344,-2.167543,57.26475248004636,Vw11
14289.81000000101,2.3851999377698077,-2.745299982087724,9.766900013613492,0.12889999961384507,0.3909000004474494,-0.44109999692812746,52.20344,-2.167543,57.740000002860405,Vw11
14289.910000001011,-3.6367118106946688,-0.9867168264401022,11.085767312841304,0.09069405899530886,0.43262673057604084,-0.1402415839981693,52.20344,-2.167543,58.022772280032044,Vw11
14290.010000001012,3.3320999559523203,-0.4684000030775627,9.712499986772448,0.05009999871051841,0.22530000077672302,-0.12440000148973049,52.20344,-2.167543,58.30000000475338,Vw11
14290.110000001012,-1.0231999597040198,-0.772699989804693,8.404600024508579,-0.0773999967656972,0.30209999536103316,-0.27169999783426346,52.20344,-2.167543,58.76999999979569,Vw11
14290.210000001012,2.9068485002327353,0.22335148317744746,10.812255454199022,0.23755346368094263,-0.15004950297742453,-0.05968217819979373,52.20344,-2.167543,58.74900989998854,Vw11
14290.310000001013,1.4616999998328257,0.028499964774871843,11.667799971819491,0.07289999916818161,0.044999996293798174,-0.05789999764942913,52.20344,-2.167543,58.650000000101315,Vw11
14290.410000001013,1.445200010927115,-3.4481999833727506,8.886400011297939,-0.00919999935764572,-0.3207999992725388,0.17409999924214353,52.20344,-2.167543,58.659999999290775,Vw11
14290.510000001013,2.5236999689157265,-1.807099974833694,10.00150001455125,0.05419999669906901,-0.24899999832724462,0.09929999930496052,52.20344,-2.167543,58.590000000202636,Vw11
14290.610000001014,-0.5442999908824193,0.6767999737283178,11.437699990532872,-0.27159999851164285,-0.08390000058156366,0.03070000160689888,52.20344,-2.167543,58.61000000192504,Vw11
14290.710000001014,0.35560000017356436,-1.9161999725240557,10.50330000356771,-0.12469999983252565,-0.1413000007338422,0.18929999949757692,52.20344,-2.167543,58.800000000507495,Vw11
14290.810000001014,0.37270003274072877,0.7907999926991331,10.854799985263272,-0.10819999859017045,-0.21359999835063137,0.13979999955238673,52.20344,-2.167543,58.84999999857901,Vw11
14290.910000001015,3.59839999483164,0.07150000778806496,9.40289999211348,0.030699997778173567,-0.05110000511964026,0.09570000273642944,52.20344,-2.167543,58.709999999797,Vw11
14291.010000001015,3.0892000152956833,0.8387999887684019,8.625899995518639,-0.18820000109394022,-0.5554999992156848,0.3652999999743688,52.20344,-2.167543,58.6899999987697,Vw11
14291.110000001016,4.472848890103999,-0.24991699311392432,8.217893029535103,-0.29232499738586987,-0.48047400149639913,0.3626849998832524,52.20344,-2.167543,58.570300000304556,Vw11
14291.210000001016,-6.157342486281749,0.3874049157798179,11.070653437482479,-0.03795049560837425,-0.6156019692357383,0.3456633606142544,52.20344,-2.167543,58.601782180027115,Vw11
14291.310000001016,2.508399907613199,-3.032099956577929,8.326000018355547,-0.09299999847681101,0.4642000029629991,-0.21800000412420195,52.20344,-2.167543,58.78000000172859,Vw11
14291.410000001017,-6.5774998715508355,1.238299970884517,10.131199989064154,0.05680000022064888,0.7555999953612896,-0.6235999956500652,52.20344,-2.167543,58.95000000010168,Vw11
14291.510000001017,6.054999885304276,-1.62509996706841,9.055700024290696,0.07850000209260542,0.2994000061741011,-0.1958000039035531,52.20344,-2.167543,58.96000000040673,Vw11
14291.610000001017,-5.224899871660651,1.613599934786565,11.444599954566668,0.28429999747423135,0.906599989035683,-0.5796999938553865,52.20344,-2.167543,58.999999998881506,Vw11
14291.710000001018,7.396799930758349,-4.79989994145197,6.976400037631398,0.03590000271975296,-0.17169999080071574,0.024599995270482032,52.20344,-2.167543,58.89000000275031,Vw11
14291.810000001018,0.5993000677615754,0.9477999487158493,10.670699980783468,0.30289999681676855,0.7313999866925646,-0.43969999285835654,52.20344,-2.167543,59.16000000275031,Vw11
14291.910000001018,7.251499912777421,-4.086799949581689,8.78420002313318,-0.009599998751154633,-0.5749999919609399,0.2613999951492646,52.20344,-2.167543,59.430000001018634,Vw11
14292.010000001019,-1.311200024266127,0.8627999849314183,11.055199973448634,0.11300000057105243,0.21419999076747123,-0.21479999409089348,52.20344,-2.167543,59.53000000257231,Vw11
14292.11000000102,-3.6505504756409133,-0.5757762112113324,8.508931718045273,0.16976732802388936,-0.6774445486933939,0.3549346488139424,52.20344,-2.167543,59.7811881200224,Vw11
14292.21000000102,-1.745599976764284,2.0165999452077936,11.932099943069945,0.2964999954497998,-0.11190000220519905,-0.10159999624881456,52.20344,-2.167543,59.90000000214295,Vw11
14292.31000000102,0.5313999985499361,-3.3527999511315234,6.353200058466858,-0.14939999550388383,-0.32799999693251813,0.2659999962426919,52.20344,-2.167543,60.11000000142863,Vw11
14292.41000000102,0.38929998848949565,1.4361000188948736,12.082699983131603,0.29119999555948306,-0.027400003227311634,-0.10219999764574264,52.20344,-2.167543,60.250000002576904,Vw11
14292.51000000102,-0.7153950372520839,3.2456989859146774,10.464286157073499,-0.13696138344550957,-0.33923861257395094,0.12619009899979555,52.20344,-2.167543,60.50188119003885,Vw11
14292.610000001021,0.4850999865877422,0.8955999982373992,12.272899976246121,0.12689999718499265,-0.213100000482396,0.12520000141832668,52.20344,-2.167543,60.69000000278305,Vw11
14292.710000001021,-0.779037962171879,0.7005349754375444,9.965455996995145,-0.14393299768613807,-0.25908699917019423,0.26099699815972954,52.20344,-2.167543,60.96140000142894,Vw11
14292.810000001022,2.8732519827733896,-1.6860000041921357,9.661869987597413,0.07924099871270758,-0.1806570021032252,0.08283400034150569,52.20344,-2.167543,61.10270000276068,Vw11
14292.910000001022,1.2248524952393471,-2.0833643477082027,8.488809929424892,-0.04305049264720627,-0.38319306817512705,0.1172663380307018,52.20344,-2.167543,61.37198020004449,Vw11
14293.010000001022,3.180099944310708,-1.2297999841598948,11.269799989728211,0.19189999683095665,-0.27250000072888,0.25389999936925817,52.20344,-2.167543,61.57000000173786,Vw11
14293.110000001023,-2.267499959248147,0.319699978054886,10.264999998647534,-0.11809999939583722,-0.34379999971274156,0.19220000028010256,52.20344,-2.167543,61.740000003169044,Vw11
14293.210000001023,1.7188999601577384,-1.8269999741662795,10.132700008004296,-0.05900000091553738,-0.31569999935175036,0.21959999918482354,52.20344000001239,-2.167542999996928,62.050000002457814,Vw11
14293.310000001024,-2.1715999536742183,0.695599990539447,10.914299985970978,-0.14839999799380565,-0.25239999719706285,0.13999999800404658,52.20465,-2.167243,62.290000002253,Vw11
14293.410000001024,2.3519999621874867,-0.22819999656622275,9.544399999522772,0.047499999003559425,0.02130000019662548,-0.05490000035945595,52.20465,-2.167243,62.510000002662636,Vw11
14293.510000001024,-1.340299965616402,0.10709998462932457,9.497800014186247,-0.049799998468001185,0.04049999752459612,-0.0899999973021925,52.20465,-2.167243,62.77000000082755,Vw11
14293.610000001025,1.9786207869789696,-1.365009886864802,10.874006935616842,0.09495346191865528,-0.19550197681983453,0.16935346386483888,52.20465,-2.167243,62.85316832007702,Vw11
14293.710000001025,1.4806999954911773,0.013999987330529345,11.354699973386442,-0.23970000040621892,0.13429999875543644,0.024699999564765443,52.20465,-2.167243,63.17000000186529,Vw11
14293.810000001025,1.0266019607039973,-1.2005158332889376,8.817592111111756,-0.2760564327257598,0.014658416311968382,-0.018656437035414,52.20465,-2.167243,63.353663370095646,Vw11
14293.910000001026,-0.8731999675248182,-0.39210000474483386,11.926799973187842,0.00829999873710476,0.06049999711821874,-0.1542999972259393,52.20465,-2.167243,63.72000000061554,Vw11
14294.010000001026,2.2923000026817286,-0.8546000023934481,9.313300001493724,-0.11479999743522494,-0.22039999369065336,0.11609999583172757,52.20465,-2.167243,63.78000000184664,Vw11
14294.110000001026,2.553700013106001,-1.0879000117805249,9.458899986867326,0.13519999796049087,0.3945999954018713,-0.2901999966493779,52.20465,-2.167243,63.96000000174405,Vw11
14294.210000001027,3.831199980524535,-2.2361999794783074,8.178800024110524,-0.06359999911306986,-0.0535999946722528,0.03639999742553882,52.20465,-2.167243,64.13000000349427,Vw11
14294.310000001027,1.936199950738893,-0.23939999300322087,10.524799988690871,0.02269999917678906,0.46479999871020006,-0.21409999985611794,52.20465,-2.167243,64.47000000154159,Vw11
14294.410000001028,-2.856999942828463,0.4413999801514696,9.424400014171356,-0.057400001307271305,0.3392999967164058,-0.20009999913465218,52.20465,-2.167243,64.62000000256933,Vw11
14294.510000001028,2.7058999534377097,-1.4898999879683765,10.803299987006422,-0.18459999992703122,0.019800002224005585,-0.11589999889005267,52.20465,-2.167243,64.87000000123328,Vw11
14294.610000001028,-1.824699977525954,-0.31920000225581324,9.539000009699063,-0.17749999851031198,0.2361999933083422,-0.007899997562517453,52.20465,-2.167243,64.99000000176478,Vw11
14294.710000001029,0.3582653651048385,-0.5595247761434297,10.468648510070013,-0.033791088894161964,-0.40613663133674993,0.22507227534892404,52.20465,-2.167243,65.16,Vw11
14294.810000001029,2.1647999922948626,-2.861999993800062,10.003499990577577,-0.012899999506846506,-0.17980000185627504,0.042300001713167876,52.20465,-2.167243,65.16000000082363,Vw11
14294.91000000103,1.4164000006887678,-2.2597999885956965,9.088300017690724,0.035000001196334785,-0.36009999708637913,0.20869999926799138,52.20465,-2.167243,65.24000000030885,Vw11
14295.01000000103,1.4832999404602096,-1.1520999943107177,10.806599975894162,0.15119999937197573,-0.07710000516627188,0.13760000158344482,52.20465,-2.167243,65.27000000164728,Vw11
14295.11000000103,-4.299799953100449,-0.5995000076893717,8.46520000614089,0.09020000112626313,-0.5788999981748921,0.29139999950290507,52.20465,-2.167243,65.43000000051998,Vw11
14295.21000000103,0.1834554182099247,-1.3409128733599114,9.054948514077633,0.19780197947922407,-0.40132970083837943,0.24370594070315324,52.20465,-2.167243,65.48099010002947,Vw11
14295.31000000103,-2.470999965174862,-1.5421999929691712,8.979800024675454,0.12800000002578418,-0.19430000011035628,0.25429999730916353,52.20465,-2.167243,65.58000000072195,Vw11
14295.410000001031,0.9055999709824897,-0.8604999856691556,11.372299987880405,0.13050000078590165,-0.20499999586112425,-0.00660000195444045,52.20465,-2.167243,65.64999999989686,Vw11
14295.510000001032,-1.907899975123428,0.5289999863385129,10.197200001370687,0.2066999989975113,0.19629999817344906,-0.19609999781969017,52.20465,-2.167243,65.64000000103137,Vw11
14295.610000001032,0.5041000355182165,-0.7956000094349452,10.330099994322325,0.10949999869119528,0.01920000372942304,0.015299996967781043,52.20465,-2.167243,65.74000000247527,Vw11
14295.710000001032,3.947899990326666,-1.710399996261745,9.779600001160508,-0.01739999954602434,0.3807999978230041,-0.27869999873826073,52.20465,-2.167243,65.98000000114799,Vw11
14295.810000001033,3.020588999575278,-1.3725130209911713,9.882017990924805,0.02741100135476914,0.17506300295858432,-0.1590130012534973,52.20465,-2.167243,66.09140000144674,Vw11
14295.910000001033,2.906866261161838,-3.325234593254865,9.031580217633637,0.15775445601851,0.4578564349785152,-0.2797782185226417,52.20465,-2.167243,66.23079208002645,Vw11
14296.010000001033,-4.396499951949619,2.501299967967102,10.929599978923006,0.2131999981061701,0.39350000216555786,-0.34760000031408855,52.20465,-2.167243,66.31000000123983,Vw11
14296.110000001034,0.2541999649875187,-0.599099992920067,8.88959999809852,0.02989999937591392,0.6030999978104806,-0.3779999997495307,52.20465,-2.167243,66.43000000114799,Vw11
14296.210000001034,-3.028813787098852,0.04363065620857028,8.706317820663854,-0.02793267123428716,0.39112574032737524,-0.35223564174106675,52.20465,-2.167243,66.54049505001655,Vw11
14296.310000001034,4.159799949208438,-3.523299988147625,8.598099995904935,0.16879999802408144,0.17370000145841608,-0.17580000109877802,52.20465,-2.167243,66.5900000013591,Vw11
14296.410000001035,-0.6526247049850501,-2.3849356387358003,8.235826763135911,-0.01856633494249002,0.31154950324189745,-0.280587128388986,52.20465,-2.167243,66.71990098999652,Vw11
14296.510000001035,3.9348999498022588,-1.9184999805905518,11.178499986882347,0.14479999630710227,0.14649999996170482,-0.24929999808938083,52.20465,-2.167243,66.710000000828,Vw11
14296.610000001036,-0.9150999620360177,-0.043199990782245734,9.911100025612232,-0.21199999495331576,0.14279999817528624,-0.06470000023184111,52.20465,-2.167243,66.7899999996895,Vw11
14296.710000001036,2.7528999754355667,0.8473999865337305,12.385699975745577,0.27559999709274563,-0.03349999906167432,-0.08710000017626007,52.20465,-2.167243,66.75999999854845,Vw11
14296.810000001036,0.38370001550673916,-0.4514000052100404,10.046399986005987,-0.00479999953135557,0.05699999878898962,-0.10409999857747752,52.20465,-2.167243,66.61999999813362,Vw11
14296.910000001037,1.8792999851975052,-0.9539000128911779,8.696700026535362,0.04039999951824341,-0.0597999987736153,0.03309999848141945,52.20465,-2.167243,66.43998999937173,Vw11
14297.010000001037,0.4861871497510714,-2.180865342454331,11.201808881241499,-0.007360397865173502,0.05700792048918662,-0.11017128533599947,52.20465,-2.167243,66.37930692997433,Vw11
14297.110000001037,2.5148999571211084,-1.7873999721052882,8.342700008449079,-0.18339999965059034,0.027800002376400516,0.06269999750021744,52.20465,-2.167243,66.3100000006221,Vw11
14297.210000001038,-1.6206999393360533,0.9029999767107457,9.15760002178785,-0.1496999999033342,0.2569999950258258,-0.17839999692726224,52.20465,-2.167243,66.37000000030851,Vw11
14297.310000001038,4.219993129959307,-1.3392772510075845,11.255322794060923,-0.14039306921028336,-0.22191089606233438,0.11744158723056752,52.20465,-2.167243,66.39970297060549,Vw11
14297.410000001038,1.827042019054459,-1.7275090133065403,8.947469023133996,-0.13253499806255772,0.30972599327453015,-0.0865509974558734,52.20465,-2.167243,66.37150000155827,Vw11
14297.510000001039,3.6228356227206793,-2.985575237110628,11.138106916156495,0.05139801907273435,-0.32922178012316394,0.15445049354369972,52.20465,-2.167243,66.52079208003076,Vw11
14297.61000000104,1.6163999533827669,-1.983099950164023,9.73880000192621,-0.01880000067878989,-0.1314000033289031,0.009500003415981256,52.20465,-2.167243,66.60000000073438,Vw11
14297.71000000104,-2.806053443586037,2.720465298087821,9.916861380384775,-0.0845257436398594,-0.44918712921892934,0.3354039607118116,52.20465,-2.167243,66.67039604001539,Vw11
14297.81000000104,-0.7114000471129573,-1.9429999762690602,9.363000019717278,-0.18709999772464636,-0.49789999909406246,0.365799998480295,52.20465,-2.167243,66.71000000189174,Vw11
14297.91000000104,-5.11121476512582,0.28477620617110044,11.224652460212564,0.028740593373188524,-0.4136673287799916,0.22310792277757616,52.20465,-2.167243,66.89148515006039,Vw11
14298.01000000104,3.1872999430352342,-2.7375999442144248,9.779900005047816,-0.03719999937256992,-0.6103999932580169,0.41389999566053803,52.20465,-2.167243,67.04000000105098,Vw11
14298.110000001041,-2.183783117202023,2.5188979662049995,10.234348487948411,0.020283166009823595,0.02687128272798418,0.003536636303185327,52.20465,-2.167243,67.14227723009263,Vw11
14298.210000001041,2.7278999783414024,-2.6312999757336155,7.649200032376373,-0.2013999978800006,-0.39599999446653056,0.25719999716186903,52.20465,-2.167243,67.37000000031269,Vw11
14298.310000001042,0.6499000004023204,-0.3031000031132931,10.755499975845138,0.001999999533058144,0.1348999989660573,-0.015099999540354112,52.20465,-2.167243,67.40000000135497,Vw11
14298.410000001042,0.6885000144699861,-0.6017999896866302,8.438000026342609,-0.04279999836778806,0.03570000077337245,0.028999998992114345,52.20465,-2.167243,67.53000000239724,Vw11
14298.510000001042,2.0767999606862055,0.3876999852725705,10.965399997155616,0.11379999815516276,0.10990000093805283,-0.067700000994336,52.20465,-2.167243,67.76000000187601,Vw11
14298.610000001043,-1.695099982117586,-1.0252999864378407,10.692500014158345,-0.06319999755376667,0.1998999988357722,-0.16310000008338246,52.20465,-2.167243,67.93999000250159,Vw11
14298.710000001043,0.020599996670365363,0.2758999988264317,12.050899973931958,0.17149999857062723,0.08820000084154453,-0.17109999881807889,52.20465,-2.167243,68.1800000020882,Vw11
14298.810000001044,-0.29829997243892614,0.16349996200530947,9.55419997941963,0.034600002239014264,0.168800001473341,-0.057900002361353245,52.20465,-2.167243,68.38000000210928,Vw11
14298.910000001044,2.3222940670231123,-3.433252469140966,7.626778242862188,0.24587425635456164,0.3050663330478955,-0.27952177979907944,52.20465,-2.167243,68.58188119008334,Vw11
14299.010000001044,3.0516999898106287,-2.8484999625157688,10.024600003016404,0.14329999800890147,-0.03829999758708509,-0.05170000079769234,52.20465,-2.167243,68.77000000073086,Vw11
14299.110000001045,2.075799970058347,0.7416000044530862,10.313499984963917,-0.04740000099085082,0.19279999946124443,-0.12809999950718484,52.20465,-2.167243,68.84000000020882,Vw11
14299.210000001045,-0.7918999844260625,1.1680999802700727,8.873400019976026,-0.14229999888845482,0.141200000614221,-0.08090000106847794,52.20465,-2.167243,68.86000000030762,Vw11
14299.310000001045,0.6971196234112331,-0.7182725687421341,10.783301980752846,-0.03602548908495018,0.19992549081006905,-0.18305686381317515,52.20465,-2.167243,68.88941176501339,Vw11
14299.410000001046,-0.7923999866844064,-0.9964000133961293,8.96339998963599,0.0006000025102053768,0.06450000012341843,-0.09739999863507583,52.20465,-2.167243,68.84999999884948,Vw11
14299.510000001046,0.48069999458004825,-2.277199985659406,7.972500008851612,0.2405999989603566,0.07629999995397957,0.033099997773238646,52.20465,-2.167243,68.73999999916326,Vw11
14299.610000001047,-0.037499989721754896,-0.9061000057504621,8.81880000570758,0.14120000025206644,0.07189999954397937,-0.17980000073214322,52.20465,-2.167243,68.66000000324235,Vw11
14299.710000001047,0.945199990550452,-1.455899973825412,9.364500015086378,0.16529999983550514,0.028300000170781277,-0.24979999707681128,52.20465,-2.167243,68.97000000052387,Vw11
14299.810000001047,0.04329998917791526,1.0422999853641493,10.804399978618813,0.14959999737541657,0.04460000265601557,0.029199998279614375,52.20465,-2.167243,69.02000000010477,Vw11
14299.910000001048,-0.989600006711809,-0.35459999809626025,8.76370000213005,-0.10089999999057037,0.29809999941640997,-0.1350000001707813,52.20465,-2.167243,69.03000000031432,Vw11
14300.010000001048,-1.6301999551767252,-0.17290001453002915,8.967000021503774,-0.10000000079942402,0.24239999919428956,-0.15129999928544274,52.20465,-2.167243,69.06000000356231,Vw11
14300.110000001048,2.6478999540776478,-1.5596999792516466,11.019399988051596,-0.17630000000314322,0.16550000199489295,-0.08309999967624898,52.20465,-2.167243,69.40000000251457,Vw11
14300.210000001049,-1.7350999500348574,0.42059998731802745,9.878999995585625,-0.17659999876443255,0.3558999966486921,-0.05219999841319469,52.20465,-2.167243,69.64000000093525,Vw11
14300.310000001049,3.0254941093616523,-0.787716844362747,9.458405936180519,-0.058877226487438025,0.03659306595625539,0.09898812039838698,52.20465,-2.167243,69.72910891182616,Vw11
14300.41000000105,-0.09337224728060334,-0.19468415493502034,9.020404947665908,-0.002029705310938857,0.15852870964718813,-0.22082078853186754,52.20465,-2.167243,69.89019802000985,Vw11
14300.51000000105,2.759399968980346,0.1368999851183329,8.750899994971572,-0.22500000022775385,-0.14859999854321504,0.11709999918029607,52.20465,-2.167243,69.90999999926531,Vw11
14300.61000000105,-0.1960999909853559,-1.2809999845431757,8.271800042774691,-0.24669999871324327,-0.009799999932828358,0.03900000057515717,52.20465,-2.167243,69.84000000010496,Vw11
14300.71000000105,0.6627999803150895,0.19169999374115942,12.347299955520493,-0.12410000016716877,-0.0034000011502052074,0.09379999751665018,52.20465,-2.167243,69.85000000094612,Vw11
14300.81000000105,-1.2095000056595564,-0.4036000169250489,8.116700011422147,-0.14000000016716876,-0.11279999928821853,-0.14239999979287896,52.20465,-2.167243,69.93998999873847,Vw11
14300.910000001051,-1.747799981678724,-2.0133999997781595,9.203100006607897,-0.15589999802972163,-0.04509999859746459,-0.12269999649996971,52.20465,-2.167243,69.81999999968458,Vw11
14301.010000001052,-0.00519999262337694,-1.9922999785455602,9.83159998893188,0.03150000043010831,0.08829999822752896,0.21019999965591335,52.20465,-2.167243,69.78999999925661,Vw11
14301.110000001052,0.6825188046449858,0.04310595658450478,8.800079219150962,0.07192574249616891,-0.0767960377069301,0.17355148068081067,52.20465,-2.167243,69.7211881200613,Vw11
14301.210000001052,-0.005599997300275738,1.5636999715543538,9.867999992582797,0.06449999905629569,0.1035999978706694,-0.25129999674135256,52.20465,-2.167243,69.84000000114705,Vw11
14301.310000001053,0.2507366363625828,-1.1371911175492062,9.163742566841618,-0.025103961339566397,-0.09857821995071225,0.05810594385209389,52.20465,-2.167243,69.94891089223594,Vw11
14301.410000001053,3.840738602630757,-1.3313653626150623,9.510975234120588,0.009752473933390945,-0.09931485592504345,0.1597316849924597,52.20465,-2.167243,69.98128713006872,Vw11
14301.510000001053,2.7746000003886286,-2.857899983749203,8.238500030360449,-0.11499999756290709,-0.5207999975829178,0.3328999981053024,52.20465,-2.167243,70.11000000021063,Vw11
14301.610000001054,2.8114999353029844,-1.314899986957405,11.121199995511688,0.11639999794361043,-0.2913000019670276,0.1530000019638361,52.20465,-2.167243,70.13000000329777,Vw11
14301.710000001054,-3.2411629696227253,-0.0771909876655855,10.702076002924274,-0.07487299786473156,-0.47382299749603696,0.336667999018219,52.20465,-2.167243,70.44249000263355,Vw11
14301.810000001055,-0.3814499948822124,1.06613098325481,10.95504697694041,0.12395299805101984,-0.24140700306750693,0.24572400139710326,52.20465,-2.167243,70.6903901004222,Vw11
14301.910000001055,0.1351257810111367,-0.520448531258464,8.79355445750791,-0.057615840229099095,-0.5255475208983397,0.37346534301588724,52.20465,-2.167243,70.73217822012026,Vw11
14302.010000001055,3.7776999856053908,-2.0753000020804873,8.989000003204078,0.07079999831725291,-0.16030000310490577,0.04000000210475264,52.20465,-2.167243,70.95000000284854,Vw11
14302.110000001056,2.413300000309119,-2.2724999896017835,9.292700011581942,-0.08869999918341928,-0.4545999971377474,0.2394999996339102,52.20465,-2.167243,71.22000000411455,Vw11
14302.210000001056,2.442599959944968,-1.2868999656134348,10.390500000654383,-0.011300000016012618,-0.1833000001889489,0.20480000084333128,52.20465,-2.167243,71.61000000181477,Vw11
14302.310000001056,-1.2782514520121644,1.8933484715644977,10.445792072857364,-0.01416831827803641,-0.1964891041427396,0.28158712637379785,52.20466504952086,-2.167237693063697,71.7814851500847,Vw11
14302.410000001057,1.8565999639778525,-2.2017999764125475,9.844999997985678,-0.1509999974287257,0.2546000008338411,0.06029999575153197,52.20617,-2.166707,71.93000000264209,Vw11
14302.510000001057,-1.551899965510954,0.030099969398817886,9.65439998569753,0.09229999700243775,0.333499997099581,-0.341699997509504,52.20617,-2.166707,72.18000000192153,Vw11
14302.610000001057,1.6365821334858124,-2.7983167913216898,8.332983187748741,-0.18642574038166576,0.06561287531752034,-0.10955742696602994,52.20617,-2.166707,72.36277228015815,Vw11
14302.710000001058,-2.5951999647574806,1.0199999738100123,10.171300000569556,0.02099999809971996,0.44689999360997756,-0.22529999608828147,52.20617,-2.166707,72.64000000317586,Vw11
14302.810000001058,0.7337999601301133,-1.4538999791212686,10.225100000972901,-0.15849999903133358,-0.15669999426422437,0.14419999611263046,52.20617,-2.166707,72.93999000105876,Vw11
14302.910000001059,-3.0322999261585,0.5182999669583,10.316999999062185,-0.06700000021600776,0.38509999213282675,-0.22299999522109593,52.20617,-2.166707,73.04000000267337,Vw11
14303.010000001059,3.8462629716894763,-2.563023990919286,10.23038000114356,-0.08605899879184996,-0.3430089919622551,0.2195819954278774,52.20617,-2.166707,73.29180000190594,Vw11
14303.11000000106,1.2288228035379452,-1.729492095611987,10.343973274392843,0.027770297951232602,0.40137821028075527,-0.2043792041927382,52.20617,-2.166707,73.4727722801632,Vw11
14303.21000000106,4.181099940576518,-3.2786999648178203,11.011299971563476,0.11479999713460784,-0.3107999948694422,0.14769999588007085,52.20617,-2.166707,73.75000000265118,Vw11
14303.31000000106,-1.422399985309298,0.038899995707214106,8.329799998975586,-0.1553999971144589,0.1729999964855997,-0.2407999967899548,52.20617,-2.166707,74.00000000254514,Vw11
14303.41000000106,-0.03709999542300793,-0.36589999094463965,8.233200023099176,0.1167000009268515,-0.15839999786633271,0.06189999872531407,52.20617,-2.166707,74.24000000254513,Vw11
14303.51000000106,0.39450000792996515,0.4879999932943966,10.411399993609324,0.2040999973895279,0.04279999912805732,-0.058300001074396195,52.20617,-2.166707,74.48000000224938,Vw11
14303.610000001061,1.1406660062218956,-0.13250999417691672,9.80086598522061,-0.03936499975074234,-0.03917000060458242,-0.15575199697920925,52.20617,-2.166707,74.69239010254573,Vw11
14303.710000001061,1.7170356389351407,0.3824296726661561,8.434794073612844,-0.017548516387905933,-0.0965108920552792,0.12810495251560564,52.20617,-2.166707,74.93227723013821,Vw11
14303.810000001062,1.2805999793235912,-2.4745999968588093,9.774199978526875,-0.1624000003951718,-0.18759999644026684,0.3185999970202771,52.20617,-2.166707,75.1600000007436,Vw11
14303.910000001062,-0.6657999997662962,-2.1788999748481643,7.752800027283851,-0.19959999777768972,0.1474999947140459,0.03809999994263635,52.20617,-2.166707,75.23000000063738,Vw11
14304.010000001063,-0.6437999957338442,0.18879998877372126,10.3211999767486,0.009599998843166395,-0.3500999977107655,0.03270000164973608,52.20617,-2.166707,75.29000000095607,Vw11
14304.110000001063,-0.2422000037116406,-0.8679999821524689,8.13240002899414,-0.09929999657730222,-0.13460000369464395,0.18800000101661135,52.20617,-2.166707,75.38000000191212,Vw11
14304.210000001063,-0.5915999752243548,0.8120999789285176,10.861799995381768,0.22289999820165612,-0.482399997046034,0.28369999823038705,52.20617,-2.166707,75.56000000202181,Vw11
14304.310000001064,1.7366999829678744,-1.1680999675233994,10.427799984434216,0.05390000017025741,-0.20480000023197573,0.11739999865815881,52.20617,-2.166707,75.75,Vw11
14304.410000001064,0.13610000228889804,1.8838999641012253,8.965000023164585,0.06990000019579602,-0.2265999992732137,-0.008699999080609996,52.20617,-2.166707,75.75000000042564,Vw11
14304.510000001064,0.3511999896855934,-1.4896999999755256,11.14189996381498,0.08829999585529623,-0.15829999888268576,0.07770000061292667,52.20617,-2.166707,75.79000000106412,Vw11
14304.610000001065,-0.6181000009161977,-1.487400001476983,7.741399999058263,-0.30119999717266294,-0.05330000038414328,0.1352999979441418,52.20617,-2.166707,75.89000000085129,Vw11
14304.710000001065,-0.7041999959264839,-1.6261999663250422,7.652900009995685,-0.03550000193434543,-0.08939999750761002,-0.05790000173997036,52.20617,-2.166707,75.97000000188105,Vw11
14304.810000001065,-0.32204313318288513,1.5330157199370735,8.590645108031223,-0.21697059016892756,0.1444235319032373,-0.221135295856977,52.20617,-2.166707,76.14647059011565,Vw11
14304.910000001066,1.3504999745754904,-3.666899964983206,6.896900038850935,-0.3267999952534235,-0.22409999707616007,0.2606999990268079,52.20617,-2.166707,76.36999999978681,Vw11
14305.010000001066,-1.0346999808410138,-0.38180002878218217,10.541699968225759,0.11849999650802055,0.05019999597185888,0.16939999854927226,52.20617,-2.166707,76.35000000042636,Vw11
14305.110000001067,0.7626999797047349,-3.081999967861211,7.560800025601454,-0.2090999958460794,-0.32769999898203894,0.03329999959388152,52.20617,-2.166707,76.39000000266482,Vw11
14305.210000001067,-1.141299964322884,-0.06690002497090114,9.96260001216718,0.1805999965801303,-0.23219999595077567,-0.0048000021457603554,52.20617,-2.166707,76.64000000236136,Vw11
14305.310000001067,2.200046189497555,-2.4055538711067492,11.102119242927643,-0.13968846495586643,0.14703077327707506,-0.20576154060575227,52.20617,-2.166707,76.86115384851351,Vw11
14305.410000001068,-0.278815657350008,-0.9053529341845854,9.120025482320523,-0.06174509787378923,0.2691333308058684,0.01368921642231754,52.20617,-2.166707,77.04196078640774,Vw11
14305.510000001068,2.429615715188386,-0.25064705183421276,8.38257450193126,-0.046254901795418635,0.03246666414013019,0.08261078504949812,52.20617,-2.166707,77.2380392177795,Vw11
14305.610000001068,-0.10250000013560384,0.4032999891410152,10.808699993563623,0.040699998167746526,0.15799999713416765,-0.14989999584646505,52.20617,-2.166707,77.39000000202871,Vw11
14305.710000001069,-0.11520001700609572,-0.6136999781519801,10.205899996876868,-0.13089999852292966,-0.11039999665225914,0.23909999462650158,52.20617,-2.166707,77.58000000192511,Vw11
14305.810000001069,-1.7051999620400413,1.4289999558568816,9.913899998395651,0.007200001192565832,0.2025999963410155,-0.26329999784161623,52.20617,-2.166707,77.75999000267392,Vw11
14305.91000000107,1.8438999826142086,-2.6981999717966203,9.763900008384326,0.1186999994095997,-0.1394999969881028,-0.061499999869512975,52.20617,-2.166707,78.00999000181837,Vw11
14306.01000000107,0.21840000369428017,-0.06130000589865522,10.54779998318001,0.06349999882240809,0.14209999882775592,-0.04930000049520895,52.20617,-2.166707,78.18000000192522,Vw11
14306.11000000107,0.5637999998042694,-0.6128000111577101,8.975200000703774,-0.04660000106100925,0.032499998903695086,-0.0955999988063646,52.20617,-2.166707,78.3600000017113,Vw11
14306.21000000107,0.5455000061272495,-1.6559999632547169,9.04100002393688,-0.14580000103710045,-0.06999999989821845,0.01600000155136513,52.20617,-2.166707,78.52000000117852,Vw11
14306.31000000107,1.1174000011603096,1.7736999697451659,11.275199967857386,-0.2425999992693156,-0.0605000020945572,0.1607999991203931,52.20617,-2.166707,78.6300000019285,Vw11
14306.410000001071,1.2256999758209888,-1.0501999974308194,8.275100026681766,-0.17439999828149885,-0.25599999894254327,0.07869999901646879,52.20617,-2.166707,78.81000000385698,Vw11
14306.510000001072,-1.0310999582631353,-0.81039999601552,10.765499985940217,-0.014000000307487426,-0.15730000109174105,-0.013099997335466105,52.20617,-2.166707,79.17000000214277,Vw11
14306.610000001072,2.8644999607166066,-0.43849997918835104,9.453200007150423,-0.04269999846363426,-0.2591999991203931,0.235599998833262,52.20617,-2.166707,79.37000000171422,Vw11
14306.710000001072,-0.802099989082591,1.5039999729552656,10.120599983589738,0.10069999673052273,-0.17709999917287428,0.12670000004769796,52.20617,-2.166707,79.53000000205968,Vw11
14306.810000001073,0.20629700139220478,-0.9908630000676245,8.642239038040358,-0.19811799701379051,-0.09866799771150302,0.12930699807538693,52.20617,-2.166707,79.7225000026835,Vw11
14306.910000001073,0.36006735396200884,-0.9937920756571924,12.122344524018658,0.07433960078270144,0.10906534295523025,-0.04626435435792017,52.20617,-2.166707,79.97198020014535,Vw11
14307.010000001073,2.896799962860711,-0.6630000058371552,9.286800015052755,-0.22169999646594007,-0.2243999969402961,0.14730000095085852,52.20617,-2.166707,80.17000000289754,Vw11
14307.110000001074,-0.5637999977784682,-1.2069000019242544,10.68939999900514,0.1076000004883077,0.060699998679959385,0.23589999595938788,52.20617,-2.166707,80.43999000053672,Vw11
14307.210000001074,-0.3567999596077466,-1.3862000082155408,10.596699984598574,0.15309999825727966,-0.062299997913075125,-0.1406000016934074,52.20617,-2.166707,80.49000000197242,Vw11
14307.310000001075,3.4005394899341654,-2.150420191701907,9.16403943413962,-0.009010093485866677,0.13182844245392972,-0.2981229374732502,52.20617,-2.166707,80.67347706619265,Vw11
14307.410000001075,-0.3888000090409412,-1.5054999920340815,10.269800000635339,-0.11299999965384268,-0.15199999714366458,0.15849999630514686,52.20617,-2.166707,80.86000000397759,Vw11
14307.510000001075,-1.2297999639845882,-0.7644999904871238,10.328899998199338,-0.08079999941733768,0.1136999968845841,-0.18519999794348152,52.20617,-2.166707,81.23000000161254,Vw11
14307.610000001076,2.120399985625871,0.12039996761924011,10.161399993605766,-0.02660000037410791,-0.17609999977854532,0.006100001082547897,52.20617,-2.166707,81.38000000182754,Vw11
14307.710000001076,0.7833000036321871,-2.8916999712537104,9.566600006666727,-0.06139999927420868,-0.15550000022936727,0.10679999993754319,52.20617,-2.166707,81.55000000193832,Vw11
14307.810000001076,1.12059999721098,-0.22220001103547402,10.185699979940592,0.005999997593258741,-0.1767999996284896,0.10099999993646634,52.20617,-2.166707,81.73000000129221,Vw11
14307.910000001077,0.8615999828017609,-1.2469999924394943,8.322900022511377,-0.2174999982113659,-0.14229999954664965,0.09510000020675362,52.20617,-2.166707,81.850000004092,Vw11
14308.010000001077,-0.7354999790679372,-0.5449000076227342,10.413399982643268,-0.0514000003274034,-0.10020000184477128,0.11429999886224601,52.20617,-2.166707,82.23000000141404,Vw11
14308.110000001077,1.153989071309842,-1.2240524519318885,8.833969324453678,-0.08094356375712228,-0.26811881007045124,0.009627722694430473,52.20617,-2.166707,82.36198020015259,Vw11
14308.210000001078,-2.3370999647590756,0.9406999687328618,10.460899994124535,-0.025300000460588126,-0.10000000046813876,0.0024000030623177733,52.20617,-2.166707,82.56000000323598,Vw11
14308.310000001078,0.9299999839430566,-1.9579999875511767,9.916200015345026,-0.0679999990691158,-0.1433999997001323,0.2862999973313934,52.20617,-2.166707,82.86000000161788,Vw11
14308.410000001079,-0.5585999864649653,-0.803900028927523,11.338799976850863,0.018299999463905623,-0.11560000153061956,0.03890000055011696,52.20617,-2.166707,83.00999000172597,Vw11
14308.510000001079,0.6961999893827426,-3.4856999872750394,9.192699992929379,-0.03139999882857446,-0.25749999413640035,0.08989999678666973,52.20617,-2.166707,83.17000000172585,Vw11
14308.61000000108,-0.28809997619287936,-2.306000005747104,8.537200002880024,0.077199998369065,0.2860999953412644,-0.20799999713076248,52.20617,-2.166707,83.33000000280451,Vw11
14308.71000000108,1.9189999521129213,-2.8387999641160686,8.804200020999504,-0.07399999968786142,-0.14579999628162188,0.05799999674764695,52.20617,-2.166707,83.59000000032742,Vw11
14308.81000000108,-2.4554584015316983,0.44413662829956646,10.717726721246972,-0.045958416445051775,0.19089504517688935,-0.23572078745476285,52.20617,-2.166707,83.62128713010385,Vw11
14308.91000000108,-1.1313000139997755,-0.052199987288156266,9.66040000475303,-0.1017999995850958,-0.20959999507193208,0.1921999966775249,52.20617,-2.166707,83.75,Vw11
14309.01000000108,-2.4269999678464518,1.1242999863608538,10.10030000505097,-0.06339999878964445,0.24649999750179996,-0.1152999983159796,52.20617,-2.166707,83.74999999934505,Vw11
14309.110000001081,0.5184249992705412,-0.13454500988281673,10.559093995670796,0.046417998830704466,0.01785200027233131,0.037518998399513226,52.20617,-2.166707,83.69079010086466,Vw11
14309.210000001081,0.44824455082922954,-1.0524257561107753,10.142811859911252,-0.06067128709768299,0.040393066705770746,-0.10657920519658261,52.20617,-2.166707,83.77049505003994,Vw11
14309.310000001082,0.11269998834472535,-2.3049999841811224,8.174000026782563,-0.057799997920904206,-0.2002999962671518,0.14549999871098224,52.20617,-2.166707,83.8199999978354,Vw11
14309.410000001082,-0.9642000102482863,-0.8434000020087464,10.648599991654395,0.13429999720117558,0.14459999938525434,0.02639999861465767,52.20617,-2.166707,83.62,Vw11
14309.510000001083,-1.9110999801075685,-1.0289999952663096,9.8775000005652,-0.12429999912432196,0.08779999839513689,-0.10159999872201295,52.20617,-2.166707,83.61999999825083,Vw11
14309.610000001083,-0.09027128579861299,-0.6031811958925544,9.93021485258374,-0.0438811877736933,-0.05859405896650389,0.016210892075162006,52.20617,-2.166707,83.45792078982844,Vw11
14309.710000001083,0.032599978431533415,-1.3213000146301133,10.031699968315293,-0.011999997501053985,-0.018000000030661913,0.10729999984559536,52.20617,-2.166707,83.24999999934285,Vw11
14309.810000001084,-1.937703961159355,-2.6321682895810024,7.171878254231174,0.2159504947789628,-0.01998415753121167,0.09129801773963304,52.20617,-2.166707,83.19018811902671,Vw11
14309.910000001084,-2.008099983085596,-0.11900001918996712,10.529699983137634,0.1909999991598088,0.06159999916197703,-0.09889999760193169,52.20617,-2.166707,83.20999999880746,Vw11
14310.010000001084,-0.4478999916361931,-1.8890999852076973,8.974299995726858,0.113500001182869,-0.015699999776736157,0.12229999775555439,52.20617,-2.166707,83.09999999935596,Vw11
14310.110000001085,0.32358515687713,-0.5246445396658459,8.580141579886055,0.22260891207374195,0.004894059629163637,-0.08472970521433253,52.20617,-2.166707,83.04059405876204,Vw11
14310.210000001085,0.4775920598981903,-0.659146494366707,8.17125646975284,0.029825744987705332,0.1588356445789064,0.06249009607146374,52.20617,-2.166707,83.0274257397829,Vw11
14310.310000001085,-1.3031999832027314,3.0561999721609276,11.316899986937267,0.25239999725583806,0.25239999669440877,-0.20849999776405637,52.20617,-2.166707,82.76999999891406,Vw11
14310.410000001086,0.24360000081445252,0.4925999843451369,10.114000000662422,-0.00029999900419607,-0.05199999913668034,-0.0026000003431559887,52.20617,-2.166707,82.66999999891407,Vw11
14310.510000001086,0.3186000080956579,-0.949000006703487,10.174999984315818,0.09139999963186746,0.02749999982625013,-0.03419999863823541,52.20617,-2.166707,82.57000000054296,Vw11
14310.610000001087,1.0640999910953193,-1.5662999762407916,8.730700018996291,0.05749999948526602,0.011500002636654244,0.09119999642835429,52.20617,-2.166707,82.6199999998914,Vw11
14310.710000001087,0.244099992556488,0.6215999762064327,10.479999991994118,0.01010000048405127,0.25429999721752106,-0.2376999992418343,52.20617,-2.166707,82.60999999858592,Vw11
14310.810000001087,-0.44019999808881327,-1.5657999589154687,9.744000010365223,0.054600000852800444,-0.0014999973491394486,-0.1679999991907098,52.20617,-2.166707,82.47999999804205,Vw11
14310.910000001088,-0.26449996742063014,2.2111999495401022,10.696899977659674,0.13300000001740409,0.24220000038180223,-0.09360000233867467,52.20617,-2.166707,82.29999999869469,Vw11
14311.010000001088,2.730599995976403,-2.427700000086801,8.64310000685506,0.13459999756079033,0.27729999543911743,-0.308599996180769,52.20617,-2.166707,82.1800000004395,Vw11
14311.110000001088,2.324207877064231,-2.390922723669665,9.279374270888585,-0.08486534377702203,-0.13632574097030695,0.039686139360360834,52.20617,-2.166707,82.2191089099216,Vw11
14311.210000001089,-1.6949999731114769,2.076799993828649,10.51680001654955,0.16859999979080167,0.01109999877967639,0.10829999988559466,52.20617,-2.166707,82.12999999814772,Vw11
14311.310000001089,0.7728000062236504,1.5103999533356967,12.035699973018863,0.14939999917083369,-0.10089999655585452,0.09779999689798097,52.206170000017764,-2.1667069999860864,81.95999999934625,Vw11
14311.41000000109,1.3439999888399508,-2.772399964162703,9.559400000114351,0.07329999949836415,0.21519999727822095,-0.18689999729440276,52.2078,-2.16543,81.89999999924486,Vw11
14311.51000000109,0.31974256309940574,0.5167089467218702,9.569895049619282,0.02726039553805932,-0.034601982919304,0.06141683438827364,52.2078,-2.16543,81.83069306855191,Vw11
14311.61000000109,-0.9621999935290162,0.17499999493892573,10.87539998352999,0.12149999866745019,0.04369999911199666,0.16859999788622518,52.2078,-2.16543,81.74000000130748,Vw11
14311.71000000109,-0.36829998927678187,-0.28950001726276064,9.363799995757896,-0.0008000008168916049,-0.03779999833204184,-0.025400000876422166,52.2078,-2.16543,81.85999999779516,Vw11
14311.81000000109,0.6285930957158856,-1.8465603863903652,8.991857439777633,-0.07240692797165542,0.11173267133812746,-0.10377425619689126,52.2078,-2.16543,81.65920791992745,Vw11
14311.910000001091,3.04789995977123,-0.9625999933010259,10.27759998150306,0.17689999744941307,-0.06499999659703462,0.008799996326369,52.2078,-2.16543,81.57999999825377,Vw11
14312.010000001092,-0.6381000156353053,-0.3487999809126166,8.582800028393697,-0.056799995148755264,0.24679999860083335,-0.32779999558094713,52.2078,-2.16543,81.42,Vw11
14312.110000001092,-2.070699978733258,1.4000999896549111,11.184399973323695,0.3876999938121288,0.11860000057325726,0.07709999853047705,52.2078,-2.16543,81.41999999977952,Vw11
14312.210000001092,-0.14240495137374132,0.4516772167818162,8.771157432900724,-0.17270197921773262,0.16949108789841294,-0.055538613139410574,52.2078,-2.16543,81.39920791992745,Vw11
14312.310000001093,-0.22289999215757966,-0.55060000640468,9.426900009684317,-0.08290000071445311,0.05860000133394026,0.010599999466644746,52.2078,-2.16543,81.32000000055213,Vw11
14312.410000001093,0.46616037292533397,-1.1236564280513965,10.296736625830865,-0.14648316709567594,0.17985940644291346,-0.038809902203676666,52.2078,-2.16543,81.36990098999075,Vw11
14312.510000001093,-1.6477999898982736,-0.4292999950330602,9.580400009756094,-0.034799999307631994,0.2257999973265982,-0.1497999992060405,52.2078,-2.16543,81.36000000088329,Vw11
14312.610000001094,-0.7227782066449917,0.023333666464745623,10.447601962377297,0.025984156321005317,-0.01736237739925648,-0.07573366099760187,52.2078,-2.16543,81.43929702894526,Vw11
14312.710000001094,0.2993999957545624,0.3067000038074249,8.817800021275369,-0.1655999980158027,-0.12359999884145655,0.14089999946124443,52.2078,-2.16543,81.37000000010951,Vw11
14312.810000001095,-0.08829998986548235,0.6544000096099974,10.760699992075256,0.01559999962221409,-0.017799999956198735,0.09169999915025547,52.2078,-2.16543,81.38000000142343,Vw11
14312.910000001095,0.8371999785669462,1.531999981676836,10.036999990275024,-0.018899998083694663,-0.01380000060883758,0.014099998956434864,52.2078,-2.16543,81.50999000208067,Vw11
14313.010000001095,-1.1200999832438263,-0.1413000003942114,9.148899999385687,0.15609999849980666,-0.0693999998302701,-0.08119999750113784,52.2078,-2.16543,81.69999999967149,Vw11
14313.110000001096,0.41009998997279545,-0.1772999749730523,9.09280001939082,0.019100000835509126,-0.05389999814392141,0.14699999825999474,52.2078,-2.16543,81.66999999967149,Vw11
14313.210000001096,-0.5055999908193605,2.108199987981808,10.863599975585203,0.09539999614347325,0.11560000084786552,-0.011899999303499864,52.2078,-2.16543,81.63999999978063,Vw11
14313.310000001096,0.331399989294738,1.0124999861599389,8.63770002981569,-0.2561999971832876,0.1928999975968003,0.05160000044532135,52.2078,-2.16543,81.62000000087748,Vw11
14313.410000001097,-0.6445999893989388,-0.24929998732918174,11.355999981681498,0.000599999921026756,-0.026200000292859113,0.09219999938027941,52.2078,-2.16543,81.70000000032906,Vw11
14313.510000001097,0.32189997670069936,0.9058999659866626,9.68589997024354,-0.006599996758806447,-0.0528999984676997,0.03569999941099122,52.2078,-2.16543,81.73000000043875,Vw11
14313.610000001097,-1.8022999905056611,-2.1950999550499652,6.973000020754607,0.2888999995711314,0.0868000020697571,-0.018000001753864125,52.2078,-2.16543,81.77000000010968,Vw11
14313.710000001098,-0.9366999997099512,1.9029999356377376,8.86519999586351,0.2497999983992384,0.27549999886837034,-0.17789999943857984,52.2078,-2.16543,81.78000000285654,Vw11
14313.810000001098,-0.9103000081257604,-3.9551999440019094,8.488700020481398,0.10410000084267958,0.17249999933640356,-0.12679999930564081,52.2078,-2.16543,82.0400000006592,Vw11
14313.910000001099,-1.649899963384638,1.1416999711939817,10.352899983724308,0.18079999686879164,0.11209999982201553,-0.0635999980773282,52.2078,-2.16543,82.0999999993408,Vw11
14314.010000001099,1.682799957979695,-1.480199964073504,8.871500009961995,-0.1041999987316349,0.09590000164365323,0.11139999648969624,52.2078,-2.16543,82.03999999967355,Vw11
14314.1100000011,-2.1418535073592624,1.7898000359200177,9.778232683227527,0.011245545822591851,0.24550396203939645,-0.2081049540047203,52.2078,-2.16543,82.01028712838648,Vw11
14314.2100000011,-0.7873000014603484,-1.5553999807513539,11.219499976419831,-0.049200000440195436,-0.10389999902496712,-0.07779999799160832,52.2078,-2.16543,82.09000000099044,Vw11
14314.3100000011,-0.9199999964597283,0.19370000792241737,9.076800006120918,-0.08919999802792444,-0.01530000162872311,0.1047000017354705,52.2078,-2.16543,82.18000000010994,Vw11
14314.4100000011,-0.5982999980972553,0.9135999751124505,9.633000001471352,0.08999999827113242,-0.16329999744796697,0.26239999561895494,52.2078,-2.16543,82.18999000077035,Vw11
14314.5100000011,-0.4254000088820434,-1.347900001607814,9.76669999824252,-0.06710000057335457,0.06859999790907167,-0.13569999843730618,52.2078,-2.16543,82.25999,Vw11
14314.610000001101,-1.2324999850751737,-1.4940000002189973,9.60700000934755,-0.11919999778911843,-0.1213999994398513,0.006300000620675564,52.2078,-2.16543,82.25998999978002,Vw11
14314.710000001101,0.1236999876365182,-1.513899979583059,10.456399985681024,0.08169999929011391,-0.07050000133048524,0.06269999985670002,52.2078,-2.16543,82.24000000132277,Vw11
14314.810000001102,-0.9979000044145814,0.3383000066513025,9.157400007491411,0.01730000122109995,-0.19119999801477616,0.04969999997859597,52.2078,-2.16543,82.36,Vw11
14314.910000001102,-1.3983854413054513,0.9416980649002131,9.837011657972887,0.12807670024958057,-0.011102910637184965,0.04775825240579175,52.2078,-2.16543,82.36,Vw11
14315.010000001103,-1.4225405896941385,1.174395022818855,9.511677223618394,-0.06719207919918807,-0.04444455715058074,-0.10098514607296513,52.2078,-2.16543,82.29,Vw11
14315.110000001103,-1.0266000054569682,-1.2460999727249815,9.139399996613406,-0.06640000081090548,-0.28889999697029123,0.12050000062100298,52.2078,-2.16543,82.29000000021828,Vw11
14315.210000001103,-1.5216495104153982,1.2282564629582435,8.832172273836203,-0.13996435724772816,-0.014048511817370879,0.17683663428527233,52.2078,-2.16543,82.30980198041662,Vw11
14315.310000001104,-1.3023649974996065,-2.1989320384917086,8.092143991782372,-0.13317599991610157,-0.1366340013975709,0.09404199907049392,52.2078,-2.16543,82.25059999933764,Vw11
14315.410000001104,-0.9944474918960826,-0.8766584157956617,10.391068325631293,-0.057369305682040815,0.06589405696986596,-0.1241356408429068,52.2078,-2.16543,82.19960395995868,Vw11
14315.510000001104,1.9807999627898305,-0.8724999841811787,11.187899976637787,0.05569999809758992,-0.1546999954620398,0.1222999979341792,52.2078,-2.16543,82.16000000066248,Vw11
14315.610000001105,-1.3893000040620815,0.5601999835573472,9.072000002254626,-0.11659999838576696,0.256299996231616,-0.0647999985248869,52.2078,-2.16543,82.21999999955835,Vw11
14315.710000001105,-1.7572000026774943,-0.9289999854457565,9.276200004113011,0.029600000299711247,-0.08499999822716928,0.06879999881663826,52.2078,-2.16543,82.17999999922584,Vw11
14315.810000001105,-1.999299998095562,0.3870000204201788,9.648100005885842,0.05669999948684126,0.0753000018933788,-0.038200000272062606,52.2078,-2.16543,82.10999999911525,Vw11
14315.910000001106,-1.8270999812398454,2.233399970217992,10.18029998906441,0.010300000337313394,0.24649999791750452,-0.06280000014266697,52.2078,-2.16543,82.02999999955762,Vw11
14316.010000001106,-0.13080001161906402,-0.4594999953362276,9.191500006111454,0.04080000066799112,0.05820000118999742,-0.07570000014598481,52.2078,-2.16543,81.99000000077416,Vw11
14316.110000001107,-1.1813999937270767,-0.037800012879841964,9.744099991686607,0.10120000087480294,0.1658000002012821,-0.08889999941163697,52.2078,-2.16543,82.0599999982305,Vw11
14316.210000001107,-0.6142000030334845,-1.202399981379485,8.992400026657963,0.18030000029876073,0.18399999896496746,-0.03570000026631107,52.2078,-2.16543,81.89999999955242,Vw11
14316.310000001107,-0.9033574457495276,0.4732623890483048,11.363278205056078,0.2038475212596504,0.08936237386921646,-0.059527722802993024,52.2078,-2.16543,81.86029703003207,Vw11
14316.410000001108,-2.7090999986795445,1.6294999924450457,10.211099996594731,-0.11139999926222881,-0.12439999437920268,-0.062300000888427166,52.2078,-2.16543,81.88999999944612,Vw11
14316.510000001108,-2.5898999783365566,0.9474999778934508,9.903699987024755,-0.04480000002215529,0.38299999473147184,-0.1424999987504416,52.2078,-2.16543,81.8399999995569,Vw11
14316.610000001108,-0.6342999929280311,-1.048099983152009,8.732400010264547,-0.04680000008197458,-0.0925999987094543,-0.029700000403226297,52.2078,-2.16543,81.79999999922457,Vw11
14316.710000001109,0.0040999903355274005,0.4727999999589454,9.659000004298527,-0.05419999912564817,0.023900001361459,-0.066099998113708,52.2078,-2.16543,81.72999999822467,Vw11
14316.810000001109,-0.8668999853213194,0.46909997618611815,10.046399995306462,0.024599999602769096,0.1466000000687942,0.10389999739358828,52.2078,-2.16543,81.57000000099862,Vw11
14316.91000000111,0.45599997450066077,-1.6770999683380339,9.623400004281883,-0.01119999875393769,0.15280000025742338,-0.13099999935644155,52.2078,-2.16543,81.65999999966712,Vw11
14317.01000000111,-1.8420999748812479,1.1763999877368827,10.009299999082375,0.10110000018862919,0.17600000048377842,-0.07299999759331331,52.2078,-2.16543,81.62999999844658,Vw11
14317.11000000111,0.42169996675753646,0.07120003477280999,9.92659999865312,0.11809999901565658,0.21960000068332766,0.14389999452129396,52.2078,-2.16543,81.49000000021961,Vw11
14317.21000000111,-2.574240627349891,3.205061420961656,9.805213860037313,0.029387127727105916,0.2811841591001564,-0.3498623817242442,52.2078,-2.16543,81.50979207942785,Vw11
14317.31000000111,0.8864682980104134,-2.5833474716707934,10.528290096664534,-0.06945940422806872,0.09493564571601905,-0.20055544260486605,52.2078,-2.16543,81.5994059399337,Vw11
14317.410000001111,-0.8066999716491319,2.191899953021352,10.317300003225313,0.0845999979006841,0.2884999993578563,0.0639000002065637,52.2078,-2.16543,81.53999999887726,Vw11
14317.510000001112,1.6759979723344318,-1.9679435367260059,10.592512857851068,-0.10207524716375742,0.23082376184685158,0.07780890589879161,52.2078,-2.16543,81.43909900891057,Vw11
14317.610000001112,-2.5941999863708705,0.5176999862108289,9.383800004356699,-0.06960000008335518,0.18319999816396304,-0.3712999967680415,52.2078,-2.16543,81.34999999955544,Vw11
14317.710000001112,-1.367899985039416,-0.722999964319024,9.77579999841032,-0.07709999891126935,0.01800000178783375,-0.0804999981787696,52.2078,-2.16543,81.30999999966603,Vw11
14317.810000001113,-0.023999995363825955,2.482199974086677,9.633000012612012,0.020700000936680323,0.17859999929383524,0.08310000064994144,52.2078,-2.16543,81.27999999966266,Vw11
14317.910000001113,0.38570593770578276,0.1882415958956225,10.754469306785177,0.10189900756170649,0.11503861301364388,0.1391217801983152,52.2078,-2.16543,81.24980197997755,Vw11
14318.010000001113,0.12630000176203848,1.2423999729385968,10.741399984911913,-0.10819999906107075,0.03889999929608417,-0.03869999842912075,52.2078,-2.16543,81.22999999876309,Vw11
14318.110000001114,0.27795643002786996,-1.1535168197881265,9.413766352406995,-0.02485445561752106,-0.023941584427404735,0.09974059265713597,52.2078,-2.16543,81.12049505005616,Vw11
14318.210000001114,-0.22639999843225303,-0.0852000057781399,10.830399981985405,-0.04029999998104431,-0.048099999628691506,-0.026199998929561118,52.2078,-2.16543,81.16999999977699,Vw11
14318.310000001115,-0.08579999078711584,-0.6033999972355828,9.214799996234255,-0.038600000463680215,-0.014800001076400487,0.06980000066902431,52.2078,-2.16543,81.14999999768149,Vw11
14318.410000001115,0.7404376329736235,-0.35547920515686593,8.877077223957695,-0.08018415887943942,-0.11133465454155578,0.12980000066890543,52.2078,-2.16543,80.9420693046126,Vw11
14318.510000001115,-0.768000010626336,0.21110000943435772,10.243300002304789,0.06479999855379247,0.05049999654560452,-0.0538999975112296,52.2078,-2.16543,80.96000000200706,Vw11
14318.610000001116,-1.7210000116566335,1.0571999926842193,10.449999986951795,-0.0649000010102267,-0.25929999583755375,0.16929999713769103,52.2078,-2.16543,81.14000000111504,Vw11
14318.710000001116,-2.7663999941900967,0.4010999902174277,9.27980001388703,-0.15549999934216976,0.11399999668516103,-0.08739999917129027,52.2078,-2.16543,81.23999999966493,Vw11
14318.810000001116,-2.2461999536179422,-0.474799997138606,10.523199990820531,-0.09659999848888912,-0.18280000129220642,-0.013199996946506145,52.2078,-2.16543,81.21000000100517,Vw11
14318.910000001117,1.9066999662239352,-0.21860001398754828,9.701299990899829,0.03869999780872167,-0.298499998227544,0.2601999999765459,52.2078,-2.16543,81.30000000067011,Vw11
14319.010000001117,-1.1174999831443564,-1.4709999858371048,8.886500017637445,-0.15749999750940333,-0.13979999748706615,0.25809999551022483,52.2078,-2.16543,81.36000000245708,Vw11
14319.110000001117,0.39169997465734124,-0.20290000252968676,10.465699989233475,0.06549999857265357,0.08520000114924842,-0.14389999817616844,52.2078,-2.16543,81.5800000007818,Vw11
14319.210000001118,-1.8773999685338116,-0.4293999996733459,9.501700014174775,-0.06229999939591362,0.1880999977391508,0.01939999956371539,52.2078,-2.16543,81.65000000178989,Vw11
14319.310000001118,0.935399982143654,-0.4001999989048138,10.76879997068615,-0.008300001684729795,-0.014000000035797712,-0.019600000785312294,52.2078,-2.16543,81.81000000167802,Vw11
14319.410000001119,-0.6608000106173776,-0.30229998087059795,8.148400016430031,-0.15889999836113602,-0.01719999949211997,-0.08979999928404578,52.2078,-2.16543,81.96000000178988,Vw11
14319.510000001119,-1.6098999903051558,1.407699978855869,9.617100007919358,-0.012399999904746188,0.02819999964999762,-0.025799999288919222,52.2078,-2.16543,82.12000000110761,Vw11
14319.61000000112,-0.7432663269405358,-0.4823990310413766,10.325020799997164,-0.0038851484196145425,-0.003087129062811677,0.0377643571465984,52.2078,-2.16543,82.21900990209751,Vw11
14319.71000000112,-1.8754000000414583,1.3657000017378915,10.220299986343377,-0.008599998114202754,-0.1332999959673296,0.12789999631020182,52.2078,-2.16543,82.330000002241,Vw11
14319.81000000112,-1.8790999894426728,1.5207999527284526,9.00149998353205,0.15969999892768394,0.22659999632812977,-0.20139999943863077,52.2078,-2.16543,82.53000000280124,Vw11
14319.91000000112,-0.9368999977386323,-2.6979999511327284,7.531800045173025,0.06400000277634374,-0.10109999657738954,-0.1512999984799716,52.2078,-2.16543,82.78000000079227,Vw11
14320.01000000112,-0.7335455405709929,1.5829009489705916,11.501856411948065,0.30479999495686994,0.19823762033038472,-0.016976237597131988,52.2078,-2.16543,82.85089099109753,Vw11
14320.110000001121,-0.3781000026925554,-2.0869999470564946,9.387500007635069,-0.14519999839432712,-0.10799999725926318,-0.014599999335544999,52.2078,-2.16543,82.93999000100857,Vw11
14320.210000001121,-0.618399981239358,2.6379999572992254,10.068900018803289,-0.0018999974231614033,0.13660000114251816,0.04469999908082281,52.2078,-2.16543,83.03000000280579,Vw11
14320.310000001122,1.0531999420042968,-1.1666999482376426,11.744300012644018,0.22769999393275722,0.23839999511343413,-0.03719999468807618,52.20780000001878,-2.165429999985612,83.28000000134678,Vw11
14320.410000001122,-4.11429998212711,3.4453999923536576,12.870899953817801,-0.3129000004399481,-0.1969999996520819,0.4360999978069936,52.209473,-2.164148,83.40000000157124,Vw11
14320.510000001123,-2.5218000162769556,2.7640999866029086,8.756000036402334,-0.3520999964265444,-0.1660000017384682,0.24069999882605697,52.209473,-2.164148,83.54000000303026,Vw11
14320.610000001123,-3.9720999375810666,1.5703999568531672,11.999499963010036,-0.03370000135131437,-0.32090000075614655,0.13610000202923886,52.209473,-2.164148,83.81000000136038,Vw11
14320.710000001123,1.4968662950621698,-2.198878176600385,8.743910899295821,-0.1516999986529609,-0.383458411192521,0.31382277084349797,52.209473,-2.164148,83.93069307008493,Vw11
14320.810000001124,-2.206499954210591,1.4732999823443287,9.474999995559665,-0.031700001834589056,0.030699994787383913,0.18609999923783616,52.209473,-2.164148,84.0000000008993,Vw11
14320.910000001124,1.8667999559094042,-0.09729999267085945,9.08000001769456,-0.19489999883023132,-0.4329999963426643,0.11829999861096926,52.209473,-2.164148,84.08000000077911,Vw11
14321.010000001124,-2.055378261904608,0.554680205347651,10.654059423632036,-0.09084059288984342,-0.10765346168984347,-0.005264357824429508,52.209473,-2.164148,84.14930693147204,Vw11
14321.110000001125,1.9024940273552415,3.0458722686514808,11.770202956245974,-0.11606039824377831,-0.20267326426092652,0.36603564023137763,52.209473,-2.164148,84.15960395995074,Vw11
14321.210000001125,-0.9480999902610515,2.283100002527266,10.520500018384272,-0.3120999934850715,0.0700000008550565,0.06959999881384601,52.209473,-2.164148,84.12000000033444,Vw11
14321.310000001125,-0.0831494952132602,2.5075554480713755,12.153272295608762,0.2665138678999209,0.145940594914312,-0.035746535839410634,52.209473,-2.164148,84.14970297063142,Vw11
14321.410000001126,-1.3093168455537996,-2.751059380781677,9.585559399363195,0.09755643334219914,0.1372613842932847,-0.05977425784721353,52.209473,-2.164148,84.36059406007494,Vw11
14321.510000001126,-2.5410000040466802,-0.5170000434742269,9.001500006462978,-0.10680000117437048,-0.026599997654636897,-0.09719999965545793,52.209473,-2.164148,84.41999999774809,Vw11
14321.610000001127,-2.900400003533245,-4.378099988785493,9.575499995981469,-0.21109999682593444,0.1816999989945227,-0.06660000053370241,52.209473,-2.164148,84.2199999996621,Vw11
14321.710000001127,-3.2141999620932795,-3.382099974185266,9.218600015692967,0.07079999793843017,0.09239999910567566,-0.11399999971016224,52.209473,-2.164148,84.18999000101512,Vw11
14321.810000001127,0.14699998833318387,-1.093099999791362,10.610099986726105,-0.11199999931093044,0.013099999890605977,-0.08829999858802767,52.209473,-2.164148,84.27999999921056,Vw11
14321.910000001128,-0.887499997306877,-1.074599957177315,9.43310001659293,-0.050899998830498956,0.003399999518440745,0.036899999790234145,52.209473,-2.164148,84.20999999954888,Vw11
14322.010000001128,-0.6487000087447552,2.722499968782104,10.904399992527374,0.05279999924664735,-0.03929999869291059,0.018299999555657268,52.209473,-2.164148,84.17000000112778,Vw11
14322.110000001128,-1.4240999940284396,-0.04560000334384822,10.241800009836439,-0.013999997401610016,0.07659999978685082,-0.021100000605614334,52.209473,-2.164148,84.26999999819556,Vw11
14322.210000001129,-0.8945999914489854,-0.3420999926813707,11.113999998881704,0.21639999959334674,0.057699999829431546,-0.07479999921380368,52.209473,-2.164148,84.11,Vw11
14322.310000001129,-0.13759998541342475,0.3057999857214954,11.014999978702049,0.1803999982268822,0.04260000251591039,-0.005200000572783227,52.209473,-2.164148,84.1099999990872,Vw11
14322.41000000113,1.1213217601719119,-0.9386574178989197,9.167434674970519,0.02526039633379694,0.26154653289837493,-0.0572277248372211,52.209473,-2.164148,84.02990098998715,Vw11
14322.51000000113,-0.8264999916782927,-0.24440002647086878,11.070899946059702,0.05130000151817221,0.10619999652085535,-0.23999999787297746,52.209473,-2.164148,84.01999999966112,Vw11
14322.61000000113,-0.08980001243681254,-2.5877999161898906,6.295700099055089,0.18570000558018657,-0.20179999389681216,-0.0516999977950356,52.209473,-2.164148,83.98999999988703,Vw11
14322.71000000113,-1.1907999697935783,4.831699919082587,15.064799905992157,0.6796999931538296,0.33849999837981887,0.14350000150025152,52.209473,-2.164148,83.98,Vw11
14322.81000000113,1.4789999337807531,-2.3201999532636575,6.755900059371944,0.07460000286473369,0.19530000490466845,0.27609998704986505,52.209473,-2.164148,83.97999999864231,Vw11
14322.910000001131,-4.37379992412642,1.8105999247634041,12.003499964490654,0.3277999950998572,0.6287999921774216,-0.8684999907563689,52.209473,-2.164148,83.86000000147084,Vw11
14323.010000001132,2.3322999361386145,-4.839199923074207,8.865000013647085,-0.10529999772133743,-0.06259999295583257,-0.05150000147422906,52.209473,-2.164148,83.98999999796345,Vw11
14323.110000001132,-3.3120999578954957,1.9598999597834672,10.071199987429905,0.09610000006857039,0.5599999934046715,-0.18179999754746576,52.209473,-2.164148,83.80999999862848,Vw11
14323.210000001132,0.34931977620149884,-1.5297880856417496,8.967902966452856,0.10170792034839159,-0.013833659670060188,0.028982173897469564,52.209473,-2.164148,83.6892970289188,Vw11
14323.310000001133,-1.9286999623080703,1.4013999763704292,8.628200021460406,0.06250000096725221,0.3127999949977608,-0.3527999948546761,52.209473,-2.164148,83.6199999993132,Vw11
14323.410000001133,1.334708877578391,-0.6516881061040155,10.499050490573024,0.14567623612337235,-0.12162375945625646,0.09454356191227001,52.209473,-2.164148,83.55950485092393,Vw11
14323.510000001133,-1.6043999740082275,0.4694999982332938,10.10409999248555,0.013300000478223228,0.13599999875004687,-0.12109999937445681,52.209473,-2.164148,83.5099900009067,Vw11
14323.610000001134,0.6891999864371395,0.3136000092868792,9.44100000934859,0.05550000023450015,0.025700000008976084,-0.06590000006395459,52.209473,-2.164148,83.5899999996634,Vw11
14323.710000001134,-0.5076316967503611,1.1331049597950644,10.265950504411318,0.07619306954176253,0.02649207921690957,-0.07154356442048068,52.209473,-2.164148,83.5602970293659,Vw11
14323.810000001135,-1.145599979776825,-1.8580999862182304,8.836800029742834,0.05830000185694079,0.03059999874009518,-0.022999999133957318,52.209473,-2.164148,83.46999999761628,Vw11
14323.910000001135,0.6361000003484601,-0.6439000058557198,11.457199983166083,0.22189999771174043,-0.08039999661528273,0.05329999825769919,52.209473,-2.164148,83.25999000034064,Vw11
14324.010000001135,0.6667999914247018,-1.1597999950704805,9.974100009476528,0.020300000912579705,0.21779999914190265,-0.10019999986946931,52.209473,-2.164148,83.28999999818393,Vw11
14324.110000001136,-0.08869998934314742,-0.7254999974856937,10.808999994293796,0.10069999805780439,0.14220000040701264,-0.08869999985668568,52.209473,-2.164148,83.12999999896813,Vw11
14324.210000001136,0.81894650984398,-0.4979940500900193,10.300024739674846,-0.06840792046049175,0.17718811823076014,-0.07600297007334868,52.209473,-2.164148,83.03990098998662,Vw11
14324.310000001136,-1.366399962591346,0.3225999786302851,9.17250002525212,-0.03919999912233761,0.12600000105046638,-0.05629999996475708,52.209473,-2.164148,83.03000000102318,Vw11
14324.410000001137,1.924099938804649,-1.5570999870760802,11.393699971305443,0.0379999982276222,0.21839999995793588,-0.053200002446540745,52.209473,-2.164148,83.11999999386092,Vw11
14324.510000001137,-3.458699943769353,-0.4203000144166279,8.869700004274625,-0.1178999976739673,0.21469999950659913,-0.26840000020349947,52.209473,-2.164148,82.58000000068212,Vw11
14324.610000001137,1.4874000066673312,-1.6884000152937504,9.2457000130292,0.08670000010794508,0.17129999812129632,-0.2862999962850816,52.209473,-2.164148,82.63999999977032,Vw11
14324.710000001138,2.0294771839191252,-2.973035589934498,10.398300020467522,0.09341385833177206,0.005959403961391543,0.03578019640536716,52.209473,-2.164148,82.61990098998643,Vw11
14324.810000001138,-1.8227999602746139,1.7434000049840346,12.19829996611608,-0.17520000055226337,-0.16810000227054261,-0.10619999472218405,52.209473,-2.164148,82.60999999749488,Vw11
14324.910000001139,1.665899942547529,2.1810999598453287,9.22260003741499,-0.22369999457870945,-0.3674999924356998,0.3572999943634975,52.209473,-2.164148,82.3899999985196,Vw11
14325.010000001139,-3.379599955979485,-1.345300021668082,12.508399973684934,0.2523999980027424,0.2967999940401103,-0.13769999866204233,52.209473,-2.164148,82.25998999795048,Vw11
14325.11000000114,0.4862999983249909,-3.2482000167853906,10.197399983212332,0.07699999995786856,-0.22659999273061984,-0.02020000318263119,52.209473,-2.164148,82.07999999977226,Vw11
14325.21000000114,0.33919995500246225,-4.722299978875541,8.723100010055845,0.07329999860287972,0.41179999430317077,-0.29969999673701136,52.209473,-2.164148,82.0599999990876,Vw11
14325.31000000114,-3.606199924512165,-2.8701000050718317,9.604800003032606,-0.049199998922221495,-0.08769999361316441,-0.013600003415816535,52.209473,-2.164148,81.97999999635039,Vw11
14325.41000000114,3.0125999770507312,-3.3148000010903242,9.870700021237369,0.04530000199702663,0.4722999960869227,-0.31309999864165694,52.209473,-2.164148,81.65999999737683,Vw11
14325.51000000114,1.0003999949167632,-3.410399999376143,11.732799984560964,0.22039999874544303,0.12920000248174185,-0.19400000173128865,52.209473,-2.164148,81.42999999851735,Vw11
14325.610000001141,0.5546999687352993,-3.3556999602773043,10.379100014626994,0.11039999938526707,0.34679999551096696,-0.34579999583030874,52.209473,-2.164148,81.29999999817518,Vw11
14325.710000001141,-2.1865999847154605,0.12719998717654973,11.661599996617133,0.05650000361472456,-0.04679999679357193,0.019799998720821818,52.209473,-2.164148,81.13999999705936,Vw11
14325.810000001142,-0.8485801827379131,-0.995374270246969,11.365461382756335,0.3729356471784541,0.23389307251280267,-0.0921801992987583,52.209473,-2.164148,80.8825742544856,Vw11
14325.910000001142,-3.084699963953924,2.15909995861241,11.497899966695504,0.3232999954512604,0.30679999344305253,-0.21249999517024842,52.209473,-2.164148,80.62999999657302,Vw11
14326.010000001143,0.07079993319242912,-1.4639999776415775,8.582400008295128,-0.074899999762304,-0.26719999059485466,0.2102999942837578,52.209473,-2.164148,80.32999999630752,Vw11
14326.110000001143,-5.622639493750394,0.44565739370277047,9.325329730425228,-0.05578317001141298,0.5404643479401126,-0.2813217778614473,52.209473,-2.164148,80.00345543807856,Vw11
14326.210000001143,4.023399942607001,-2.358599967080362,11.7282999724771,-0.20409999974964763,-0.20309999233536577,0.09649999446732581,52.209473,-2.164148,79.3499999901445,Vw11
14326.310000001144,-0.9928376811454376,0.5186277556862153,9.322755418026418,-0.18221881163087908,0.46680099776231704,-0.3870643619673598,52.209473,-2.164148,78.48861385153235,Vw11
14326.410000001144,3.3260999476267927,-3.4608999814316816,12.618399965677957,0.162099997574414,-0.30099999497034147,0.09889999812017086,52.209473,-2.164148,77.64999999176217,Vw11
14326.510000001144,-1.2514000274754822,-1.8379999816765284,9.618600008204659,-0.049900000299765816,0.13859999245780055,-0.06539999608702637,52.209473,-2.164148,76.92999999290632,Vw11
14326.610000001145,-3.6527999931305573,-0.23650001546196653,10.335699990274772,-0.0761000004668109,-0.5205999963055579,0.27659999828836007,52.209473,-2.164148,76.30999999153333,Vw11
14326.710000001145,-3.052400018555438,-1.5878999854153248,9.485700017365927,-0.11689999982695955,-0.19770000532987542,0.12700000065090716,52.209473,-2.164148,75.56999999404098,Vw11
14326.810000001145,-4.671599905502718,-0.31520006347490853,11.001099983682627,-0.10180000062111212,-0.662799999344509,0.18380000389742127,52.209473,-2.164148,75.0499999876236,Vw11
14326.910000001146,3.574499908848931,-5.854199942502436,9.577200001215866,-0.155999999562242,-0.6055999939252484,0.5238999942335126,52.209473,-2.164148,73.96999999151987,Vw11
14327.010000001146,-4.379599907215933,-0.8368000466441452,9.683299999021347,-0.11780000017533239,-0.07550000648615242,0.020700003579989426,52.209473,-2.164148,73.22999998911335,Vw11
14327.110000001147,3.7169999685776856,-4.907099961929952,9.59790001434746,-0.13309999897894667,-0.6414999874150308,0.33309999500818377,52.209473,-2.164148,72.27999999415559,Vw11
14327.210000001147,0.9749999890409744,-1.5850000055265718,10.849899970938152,-0.04400000098250166,0.4566999970352783,-0.10250000040516714,52.209473,-2.164148,71.76999999196552,Vw11
14327.310000001147,0.020199962319118206,-2.0665000385828765,8.317900011882445,-0.12959999976812478,0.19839999702040348,-0.1377999949265703,52.209473,-2.164148,71.06999999084093,Vw11
14327.410000001148,-3.2097029471112353,-5.349031631086377,9.374938650755887,-0.10793267135326828,-0.05810891032732843,0.2975792053713663,52.209473,-2.164148,70.27287127894509,Vw11
14327.510000001148,-1.19000001017509,-0.8122000318922794,12.588799948427846,0.05879999443096021,-0.009000003082943294,0.07549999989669959,52.209473,-2.164148,69.55999998989952,Vw11
14327.610000001148,-2.076500002565293,-3.5907999770248415,8.095600036226305,-0.42639999304673476,-0.2775999970605295,0.0664999993182173,52.209473,-2.164148,68.67999999093253,Vw11
14327.710000001149,-2.2999999824122495,-1.5891000043960752,11.251800001127759,0.17940000082771293,-0.02149999851011671,0.007100001200183761,52.209473,-2.164148,67.88999998953862,Vw11
14327.81000000115,-0.7700999792657909,-1.971500008782954,11.349899971909492,0.25139999891247716,0.10810000054835982,0.1114999946980388,52.209473,-2.164148,66.97999999045831,Vw11
14327.91000000115,1.033500019906682,-2.73550000385639,8.906400031496753,0.15679999946932546,0.15579999608090464,-0.34969999569654303,52.209473,-2.164148,66.14999999163926,Vw11
14328.01000000115,2.7346752324339194,-3.061910884547775,11.606438599648271,0.1104168308976618,-0.18096831599039429,0.023550498097042596,52.209473,-2.164148,65.42386137908045,Vw11
14328.11000000115,1.4221999589730285,-2.492999972189995,10.370300004299509,0.04209999755594763,-0.10780000169336272,0.2885999970765639,52.209473,-2.164148,64.80999998988351,Vw11
14328.21000000115,-2.1466000340233182,-0.07389999916176603,10.744299985948068,-0.17049999733331062,-0.25509999471037514,0.0343000011859629,52.209473,-2.164148,63.929999993321765,Vw11
14328.310000001151,-5.101499937277531,-0.001100026639259886,9.523900010139407,0.06109999889463652,0.20429999482091155,0.13730000081405416,52.209473,-2.164148,63.349999987564665,Vw11
14328.410000001151,0.34589999891996775,-2.314700005508395,10.404499988942911,-0.03489999924927397,-0.24549999649507662,0.20799999703048705,52.209473,-2.164148,62.269999993436905,Vw11
14328.510000001152,0.2521000096546591,-2.7930999909037797,9.44420000724013,0.030300000880836526,0.058899996112805095,-0.049899994778308976,52.209473,-2.164148,61.69999998837066,Vw11
14328.610000001152,1.0905999620180988,-2.0030999811236154,10.073000007891835,0.10680000025331247,-0.27869999549679525,0.40359999451693657,52.209473,-2.164148,60.689999989061505,Vw11
14328.710000001152,-2.2081000311985823,-0.3636999970373283,10.75839998180419,0.12879999796337943,0.11239999445983849,-0.0725999976543113,52.209473,-2.164148,59.73999998835229,Vw11
14328.810000001153,-4.913399977854311,-0.1067999886237022,9.180600034604169,-0.04779999834003437,-0.3679999960871407,0.13079999974022993,52.209473,-2.164148,58.72999998730272,Vw11
14328.910000001153,-3.0230208044449705,0.8519316625583321,12.129937599237556,0.0916049469251037,-0.03310297145389314,0.11093960677432646,52.209473,-2.164148,57.631386128678315,Vw11
14329.010000001153,-4.095099957525044,-0.9349000519338245,10.003699961993847,-0.21790000019951042,-0.1333999984327478,0.3548999972368387,52.209473,-2.164148,56.76999998846761,Vw11
14329.110000001154,-0.4119999899773022,-5.4381999563551355,6.708100047486666,-0.23520000038790775,0.002499996266533436,0.11530000343059564,52.209473,-2.164148,55.769999988351124,Vw11
14329.210000001154,0.4400613765203947,-1.7164950783356252,10.747827680357094,-0.26882772315029085,-0.3149128677262634,0.4090029693776915,52.209473,-2.164148,54.758514838237545,Vw11
14329.310000001155,-0.3938000787218414,-4.215999957054934,7.070600040647656,-0.3015999938470046,-0.0062000061726314015,0.3293000016367176,52.20947300001802,-2.1641479999930695,53.60999999353167,Vw11
14329.410000001155,-7.20919987303715,-0.4980000396184987,10.589700001597446,0.2310999988126001,-0.5405999998764087,0.47099999820734956,52.211033,-2.163548,53.04999999110605,Vw11
14329.510000001155,3.782699896663867,-3.9279999781081805,10.727999971837368,0.12829999797518285,-0.5298999959180241,0.31579999963384653,52.211033,-2.163548,52.27999999306965,Vw11
14329.610000001156,-5.163699923613687,-2.032700030208239,8.289800031930431,-0.046999997202448865,-0.1765000012647888,0.28410000054287743,52.211033,-2.163548,51.67999999133706,Vw11
14329.710000001156,1.4494999568623608,-4.647999976139406,11.05419999846251,0.19519999638591545,-0.2859999928863617,0.33109999399349327,52.211033,-2.163548,50.929999993637175,Vw11
14329.810000001156,-2.2792999556221885,-2.585500002592562,10.921299995610807,-0.11719999907796882,0.32889999410223975,-0.1880999949074263,52.211033,-2.163548,50.37999998854692,Vw11
14329.910000001157,1.5566999194252515,-2.8095999876097277,10.541899993556545,-0.037499999598014366,-0.18089999356822986,0.25209999683319456,52.211033,-2.163548,49.38999999158635,Vw11
14330.010000001157,-5.3181910656099705,-1.749811881780404,9.992922775080558,-0.0035059410637632684,0.3670742546189756,-0.01811980107745011,52.211033,-2.163548,48.66277226886471,Vw11
14330.110000001157,-3.2873000280198013,-1.8009999852983103,10.235200001909433,-0.0440999986491413,0.12450000525619588,0.05989999574526252,52.211033,-2.163548,47.93999999100206,Vw11
14330.210000001158,-5.6512662974849555,-0.5383277174817256,10.392293062009223,0.07137722758071328,0.5684762308851256,-0.2991346476042676,52.211033,-2.163548,47.16574256933119,Vw11
14330.310000001158,-2.267899985005312,-0.08110000528944838,9.761599999696422,0.05910000101154183,-0.013899998184322976,0.20739999686225055,52.211033,-2.163548,46.739999992468476,Vw11
14330.410000001159,-0.9738000139483854,-0.5376000016824269,9.735399993809086,0.14639999862694494,0.14279999990035214,-0.06339999837550786,52.211033,-2.163548,46.089999992584346,Vw11
14330.510000001159,-2.1775999859670296,-0.6827999837933155,9.20110001619278,0.02790000067667861,0.13419999981113254,0.07679999998030215,52.211033,-2.163548,45.44999999316369,Vw11
14330.61000000116,-0.9665000105198033,0.7158999801955637,10.598599991933156,0.08629999951218888,0.11790000185043792,0.07509999822487734,52.211033,-2.163548,44.85999999304782,Vw11
14330.71000000116,-1.8744000104945393,-0.9933000005686524,9.902400009765735,0.044199999309493435,0.27759999888474485,-0.078099999427866,52.211033,-2.163548,44.25999999059982,Vw11
14330.81000000116,-2.7787000145392633,-1.042299989318571,10.743899990504875,-0.015299999510004676,0.18150000296458893,-0.028800000650591875,52.211033,-2.163548,43.44999999085655,Vw11
14330.91000000116,-4.008065333842655,-0.13857723640169028,9.934182178545349,0.026519802003182442,0.43115643187871594,-0.08201979933354174,52.211033,-2.163548,42.661287118599724,Vw11
14331.01000000116,-2.91460002764488,-0.886300008445972,9.962399999521727,0.028500001242571873,0.10680000592683339,0.1459999953661447,52.211033,-2.163548,41.78999999179434,Vw11
14331.110000001161,-5.214764288955779,-1.5911118629784273,9.915670290146911,0.13440396028456345,0.6081564307179262,-0.24756534452118678,52.211033,-2.163548,41.0828712788542,Vw11
14331.210000001161,0.5987999582152468,-0.02230001175003672,9.322700009992587,0.1247999993479305,0.18380000269777774,-0.07410000113327588,52.211033,-2.163548,40.36999998965522,Vw11
14331.310000001162,-2.9960999737021883,-1.0331999848745446,10.182399996234036,0.06870000061255013,0.415899998709809,-0.17159999835064774,52.211033,-2.163548,39.479999992096126,Vw11
14331.410000001162,-0.7336000305205722,0.268099980135708,9.858400001191391,0.12139999898411988,0.3049000014064244,-0.029700002605953343,52.211033,-2.163548,38.79999999128249,Vw11
14331.510000001163,-3.35939995381,-1.4408999983297257,9.960899999494385,0.034000000862452,0.4259000003975183,-0.25389999747076075,52.211033,-2.163548,38.049999988260424,Vw11
14331.610000001163,0.6144999948961904,-1.2971999887346566,9.917399993890772,0.1081999978740907,0.4601000001836488,-0.036300003049965016,52.211033,-2.163548,37.03999999035263,Vw11
14331.710000001163,0.17539999457621017,-0.327999972183723,9.391800040662707,-0.0746999992060475,0.47590000637373886,-0.2987000028742943,52.211033,-2.163548,36.20999998963904,Vw11
14331.810000001164,-0.2905000845722388,2.0613999555270186,12.884699981508591,-0.006500000081490725,1.0233999979231507,-0.5455999976030085,52.211033,-2.163548,35.31999999382999,Vw11
14331.910000001164,-7.555199910184415,-1.7587999783723614,11.29629998919433,-0.013499998807907105,0.8449999965599272,-0.33969999957391994,52.211033,-2.163548,34.7899999969732,Vw11
14332.010000001164,0.15989991148011756,0.09899999342137017,10.368099981221045,0.08889999850755557,0.5495000043283217,-0.3031000020826701,52.211033,-2.163548,34.52999999802094,Vw11
14332.110000001165,-7.443899848564621,-0.46609997940380127,8.754999992408557,-0.03929999767052941,0.9212999944295268,-0.48199999891617334,52.211033,-2.163548,34.35999999871943,Vw11
14332.210000001165,5.5642998794629595,1.3030999797668843,8.102900027357206,0.16079999951961946,0.4428000053331569,-0.3889000013746813,52.211033,-2.163548,34.249999999417014,Vw11
14332.310000001165,-4.773599898538264,-0.43219998026242246,10.449199979305158,0.1195999988631771,0.9001999880359591,-0.5067999924398362,52.211033,-2.163548,34.19999999871743,Vw11
14332.410000001166,3.928299957506143,1.2605999963668306,8.674300013363208,0.022100000517691662,-0.1258999930158265,0.14159999478460633,52.211033,-2.163548,34.089999999183824,Vw11
14332.510000001166,0.2838000690302186,0.9490000238662851,9.820400002221177,0.06650000077420555,0.47309998960768973,-0.3056999942482591,52.211033,-2.163548,34.02000000046639,Vw11
14332.610000001167,6.204199921832058,2.9958999643550634,10.010900005422936,0.13289999973415834,-0.41819999214367926,0.1875999970535882,52.211033,-2.163548,34.05999999965021,Vw11
14332.710000001167,-0.49990001945540136,-0.061199998652368956,10.475999978816269,0.11009999850405948,0.2555999913513384,-0.06509999525292878,52.211033,-2.163548,34.02999999918255,Vw11
14332.810000001167,-2.165899971576425,0.05420000602279638,8.662000036297496,-0.01799999741467216,-0.4849999961636325,0.3413999945136938,52.211033,-2.163548,33.96000000057811,Vw11
14332.910000001168,0.26806042445835754,0.5699425802792003,11.770217858073515,0.20338614119875062,-0.15648514467913477,-0.12840198568339528,52.211033,-2.163548,34.00950495107306,Vw11
14333.010000001168,1.939361394970232,0.584198028793185,9.049919813332822,-0.06500890903271406,0.04262673048531112,-0.10236336524265556,52.211033,-2.163548,33.74910890985031,Vw11
14333.110000001168,2.6955000025422815,1.3540000005967414,10.02189999993694,0.0940999985671202,-0.14469999937873507,-0.008700000567546521,52.211033,-2.163548,33.65999999894898,Vw11
14333.210000001169,2.9132000280881885,1.4050999952817924,10.016499986774049,-0.028600000929840098,-0.09150000199535498,-0.05729999861869037,52.211033,-2.163548,33.57000000105265,Vw11
14333.31000000117,5.314699995842036,1.0017000007696035,8.885700028265969,-0.10809999670169927,-0.26209999716486493,0.06079999753563134,52.211033,-2.163548,33.65999999976607,Vw11
14333.41000000117,4.9591999891366605,1.0675000244132733,11.302399968791292,0.1738999968303564,-0.019700004890140187,-0.1498999975414794,52.211033,-2.163548,33.640000001403536,Vw11
14333.51000000117,4.030400051321325,3.154799978804324,8.63409998742786,-0.09709999578238568,-0.43779999463850694,0.060299996714564985,52.211033,-2.163548,33.76000000035088,Vw11
14333.61000000117,8.418299982404385,1.3425999802955773,7.559200002978997,0.2634999968888369,0.02059999674029641,-0.22059999806897357,52.211033,-2.163548,33.790000000935684,Vw11
14333.71000000117,6.913900001541601,-0.3421000114354916,7.81390001625358,-0.002499995856655005,-0.2580999986036564,-0.055500001751286616,52.211033,-2.163548,33.87000000058571,Vw11
14333.810000001171,7.0454999312054785,-1.3182999546164909,9.20140004157285,0.3511999980226276,-0.13889999813977047,-0.20500000022374296,52.211033,-2.163548,33.920000000585716,Vw11
14333.910000001171,1.1728000740062097,2.5558999643463816,12.750299970873584,0.18240000076025753,0.019899996383798135,-0.22409999754234158,52.211033,-2.163548,33.96999999976571,Vw11
14334.010000001172,7.490399907564867,-0.48770001594549395,10.263899998143284,0.24729999978914274,-0.28879999437596854,-0.014300004674002413,52.211033,-2.163548,33.95000000363143,Vw11
14334.110000001172,-0.4003999521447753,-1.8488999702714703,10.105399991179137,0.22929999375511106,0.191299985320821,-0.413299987578165,52.211033,-2.163548,34.26000000164,Vw11
14334.210000001172,3.684799979958575,0.6888999948083768,9.35240001750017,-0.30379999738013685,-1.0617999928877697,0.6470999933148319,52.211033,-2.163548,34.400000002815794,Vw11
14334.310000001173,1.9766000881355754,0.24639994685772437,10.843999974559287,-0.08050000089284186,-0.455600005621032,0.07730000306335096,52.211033,-2.163548,34.640000000821274,Vw11
14334.410000001173,9.488699908879681,-4.283099954680943,8.675600004341018,-0.1565999986754028,-0.934699993906149,0.33839999741181453,52.211033,-2.163548,34.710000001290574,Vw11
14334.510000001173,1.722200065464901,-0.42040001384667486,9.04560000441728,-0.04370000085529792,-0.41530000448063475,0.11780000230073966,52.211033,-2.163548,34.82000000175987,Vw11
14334.610000001174,7.301999940344478,-1.6006000022979072,9.422099983351728,-0.11660000130242397,-0.797199994991771,0.31389999529634144,52.211033,-2.163548,34.97000000225169,Vw11
14334.710000001174,2.2810930844364874,-1.8124683379168611,8.029098033646536,-0.22425247261013473,-0.37700792361768826,-0.07965049111898052,52.211033,-2.163548,35.162376240412186,Vw11
14334.810000001175,3.5703999636492973,-3.6092999605800222,9.208899998381932,0.0004999977227198542,-0.6177999962292096,0.2552999963055889,52.211033,-2.163548,35.40000000141008,Vw11
14334.910000001175,0.4769000699294214,-0.2546000491483588,9.071200005582744,-0.19329999936076347,-0.2969000035780795,-0.059099995393736754,52.211033,-2.163548,35.520000000352525,Vw11
14335.010000001175,6.427999932379586,-4.437199948324071,9.546299995848488,-0.13889999896829103,-0.6014000007308918,0.33289999939249026,52.211033,-2.163548,35.550000001527586,Vw11
14335.110000001176,0.673400039791299,-0.03950001138992593,9.193000003639183,-0.05110000043124965,-0.6635999998766179,0.2811999995652252,52.211033,-2.163548,35.6800000017626,Vw11
14335.210000001176,4.0596999780487195,-1.0087999906625853,9.502700005727906,-0.08780000087324952,-0.6530999997528539,0.24419999911968918,52.211033,-2.163548,35.83,Vw11
14335.310000001176,2.1945000272201995,-0.2154000592114957,9.989399992454983,-0.16199999914440377,-0.6320999997705072,0.16940000085441934,52.211033,-2.163548,35.830000000823816,Vw11
14335.410000001177,4.507399975997466,-5.246599970316316,9.348299992897076,-0.08930000113409028,-0.6125999956966386,0.24199999782335502,52.211033,-2.163548,35.89999999904898,Vw11
14335.510000001177,2.483830687808556,-2.7350465175228105,8.768786159785062,-0.1820089077234505,-0.24978217725517662,0.056590096290952914,52.211033,-2.163548,35.821089110192865,Vw11
14335.610000001177,2.036900050382496,-1.2797000484629946,10.56739999317759,0.08709999726727037,-0.167999998242909,-0.17440000043544787,52.211033,-2.163548,35.92999999929387,Vw11
14335.710000001178,6.317899986657058,-5.397599960123227,9.987699996862288,-0.14509999833448967,-0.01870000227018609,-0.2113999994507234,52.211033,-2.163548,35.870000000353606,Vw11
14335.810000001178,5.185899965310708,-2.014500028816983,9.72149999630476,-0.003799999790190486,-0.21130000021452433,-0.164799999632244,52.211033,-2.163548,35.8999999979962,Vw11
14335.910000001179,2.2429000099435568,-4.459299965239985,9.408000011299066,0.01400000109737448,-0.22950000233383616,-0.13359999818125798,52.211033,-2.163548,35.72999999834981,Vw11
14336.010000001179,3.086499997853578,-1.510300019291867,10.366599996841071,0.1070999990358192,-0.427499999939886,0.02070000029585499,52.211033,-2.163548,35.59000000023575,Vw11
14336.11000000118,2.904399976485428,-3.146999987179498,10.098600008841478,0.02529999954161467,-0.42239999756281876,0.04579999850816411,52.211033,-2.163548,35.610000000595306,Vw11
14336.21000000118,0.9552782483301631,-2.1055762793295605,10.83387424878927,-0.013321782321789419,-0.2207386174436726,-0.07751781944534619,52.211033,-2.163548,35.65831682969884,Vw11
14336.31000000118,3.543099999545498,-5.643199966543946,10.101299988504056,-0.025500000193605956,-0.5245999959094839,0.12069999717264472,52.211033,-2.163548,35.48999999787506,Vw11
14336.41000000118,3.5046000031638047,-2.8092000329212765,9.127500014688081,-0.04189999888322418,-0.17810000483306576,-0.11879999709236909,52.211033,-2.163548,35.309999997757004,Vw11
14336.51000000118,3.7725999751971884,-5.597899976296256,10.3717000001334,0.05270000014402394,-0.5874999982421996,0.12749999811116142,52.211033,-2.163548,35.120000000826366,Vw11
14336.610000001181,1.6715999866128564,-3.589999971362846,10.38300000311186,0.06489999906502489,-0.43860000355573864,-0.03249999693890095,52.211033,-2.163548,35.18999999681258,Vw11
14336.710000001181,0.5376000187980731,-1.1642000138227733,10.646599986546118,-0.014300000099316822,-0.739799998952444,0.2267999992456651,52.211033,-2.163548,34.920000001182345,Vw11
14336.810000001182,2.1274999842913895,-2.3332999740369273,9.508700002361138,-0.022699999745796232,-0.6511999989512617,0.162999998711246,52.211033,-2.163548,35.01999999598004,Vw11
14336.910000001182,0.7989000266086318,-0.13740008169872672,9.70840000181726,-0.0012000003724380803,-0.5625000027524948,0.05400000262361936,52.211033,-2.163548,34.679999997990016,Vw11
14337.010000001183,3.0493999839816155,-7.047299948895583,9.862100006713344,-0.03270000027075657,-0.7952999960178684,0.2758999968904376,52.211033,-2.163548,34.50999999917236,Vw11
14337.110000001183,1.6946000113800526,-2.7250000224385076,10.429899996347743,-0.05560000028967406,-0.4585000017640559,0.012900003044533514,52.211033,-2.163548,34.440000000709404,Vw11
14337.210000001183,2.65709997179089,-4.62279996051293,10.12100002061863,-0.08009999973711601,-0.6076999967352651,0.2703999971213019,52.211033,-2.163548,34.50000000035525,Vw11
14337.310000001184,0.2749000111512545,-1.2882000474055615,11.862199968986793,-0.057900000773257854,-0.3320000026975213,0.02730000109771827,52.211033,-2.163548,34.52999999857901,Vw11
14337.410000001184,1.2166000076461345,-5.291499997902849,9.243200002956852,-0.12319999873413072,-0.5597999947352152,0.11999999793718961,52.211033,-2.163548,34.40999999798692,Vw11
14337.510000001184,1.8622999930939668,-5.114399993956036,9.492900009475665,-0.016300000053287293,-0.1152000022404347,-0.05420000050090057,52.211033,-2.163548,34.23999999905267,Vw11
14337.610000001185,1.2790999876053752,-4.604000010052352,10.293099996266339,-0.02080000064892083,-0.3043999983599355,-0.09650000099824865,52.211033,-2.163548,34.15999999988158,Vw11
14337.710000001185,0.23239999336329772,-5.452899956727263,9.977799988280351,-0.07559999865109625,-0.16589999998921834,-0.18079999824378962,52.211033,-2.163548,34.149999999520816,Vw11
14337.810000001185,-0.3092881042077838,-1.8724594436129407,9.008426743261971,0.03672475214875463,-0.16618415982046567,-0.03349108826801554,52.211033,-2.163548,34.10871286976036,Vw11
14337.910000001186,0.921899993874827,-5.0483999511531525,9.901100000887688,0.009199999859838598,-0.28459999712249845,0.03739999798862399,52.211033,-2.163548,33.98000000083857,Vw11
14338.010000001186,0.41700693829283725,-0.9945020081941978,9.97721881427586,-0.002495049499078321,-0.05077228478638547,-0.12711088706901844,52.211033,-2.163548,34.0497029699447,Vw11
14338.110000001187,1.057699995232356,-3.354699958023385,10.179099994693921,-0.0020000005253896233,-0.6879999935980741,0.21179999567472696,52.211033,-2.163548,34.019999999051215,Vw11
14338.210000001187,0.6557000103314851,0.18469994168257944,9.731700007376238,-0.046299999289695554,-0.14820000816374995,-0.1528999955992007,52.21103300000784,-2.1635480000000595,33.93999999952488,Vw11
14338.310000001187,1.5254999672369105,-4.724999980995198,10.352699993685656,0.013499999946548996,-0.8354999950599394,0.2175999972894402,52.211693,-2.163553,33.8999999994061,Vw11
14338.410000001188,-1.2327999643363026,-3.1249999672487885,9.82110001392458,0.008999998629278706,-0.4196000051966253,-0.010599997668348442,52.211693,-2.163553,33.849999999049764,Vw11
14338.510000001188,1.7696999758057002,-0.36770004043271476,10.993399995989986,-0.10640000090154025,-0.8570999995723919,0.18570000244686816,52.211693,-2.163553,33.769999997268066,Vw11
14338.610000001188,-0.2671999673663806,-3.771699941418888,10.655800007664872,-0.18229999897017732,-0.821100000142536,0.39169999906876474,52.211693,-2.163553,33.53999999952488,Vw11
14338.710000001189,2.480199916895591,1.1601998895652823,11.301099975273768,-0.0956000017594466,-0.8331000015952791,0.31330000239708244,52.211693,-2.163553,33.499999999167265,Vw11
14338.81000000119,-4.50559994082121,-8.122999911700523,9.2226000183011,-0.24349999686416413,-0.9671999966690665,0.5147999978408414,52.211693,-2.163553,33.429999999762074,Vw11
14338.91000000119,0.4690000050504737,-0.7005000238560681,10.761000001760396,0.020100000599616075,-0.6871999990483048,0.3332999991600568,52.211693,-2.163553,33.410000000841144,Vw11
14339.01000000119,0.8747019628290451,-2.6569484805234924,10.89301483425047,0.06949108850339998,-0.6046792039696566,0.2612247498871007,52.211693,-2.163553,33.48,Vw11
14339.11000000119,-0.585099960416615,0.22819999056513116,9.444500010856464,0.01860000144062869,-0.2726000027004353,0.04369999986557305,52.211693,-2.163553,33.4799999990483,Vw11
14339.21000000119,2.7422999725199024,-0.5648999996774693,10.357099990342132,0.13969999820441859,-0.49959999292598695,0.0323999989120606,52.211693,-2.163553,33.40000000084243,Vw11
14339.310000001191,0.454840589222071,-0.5358653438717595,9.561593077640126,-0.008774256560921475,0.0868495033411963,-0.058029703005692164,52.211693,-2.163553,33.46920791984821,Vw11
14339.410000001191,0.048899995687957006,-0.31240001448620197,10.26089998550056,0.06379999993862288,-0.048199999371787206,-0.0610000003670592,52.211693,-2.163553,33.39000000132382,Vw11
14339.510000001192,-0.29149304796838443,-1.4793464908567069,9.072752495091217,0.058836633826183954,0.0063881216576499355,-0.09265247662085593,52.211693,-2.163553,33.50029703005692,Vw11
14339.610000001192,1.49919997756403,2.195999974596158,10.737999992067405,0.07249999928513716,0.24519999637683687,-0.20789999726207534,52.211693,-2.163553,33.52999999928514,Vw11
14339.710000001192,-0.38389999770178695,0.0637999992303492,10.072200013198616,0.012499998606275767,-0.058899997083679774,0.02189999940098496,52.211693,-2.163553,33.470000001312584,Vw11
14339.810000001193,-0.19129998911152943,-0.0007000025738554541,11.178299977393745,-0.10430000008233474,0.18549999799055514,-0.028299999637249856,52.211693,-2.163553,33.58000000035798,Vw11
14339.910000001193,0.7211999917556785,-0.21640000469347773,9.283800002602264,-0.11119999994455573,0.017100001407802257,0.002100000738855122,52.211693,-2.163553,33.61000000265168,Vw11
14340.010000001193,0.045172286742278134,-0.5765554106424902,9.495287123446309,-0.1060821775998247,0.13552772471489136,0.06192475071460576,52.211693,-2.163553,33.83079208015323,Vw11
14340.110000001194,0.8423999956837844,2.347899973915883,9.054000013362069,-0.0542999998686212,0.2982999984716667,-0.08560000027601603,52.211693,-2.163553,33.91000000277221,Vw11
14340.210000001194,0.49260397030659353,0.19492377565214952,10.147379189755185,-0.04410099093562277,0.17098712810077318,-0.10854158420804542,52.211693,-2.163553,34.14019802003831,Vw11
14340.310000001195,1.3229999873680462,1.3072999935884169,8.625300005134045,-0.1141999980544162,0.11969999954826126,-0.11269999853244662,52.211693,-2.163553,34.16000000239015,Vw11
14340.410000001195,0.2660000321801384,0.7708000115077372,9.054899998296715,0.04860000029212969,0.08190000219097274,0.010099998191693025,52.211693,-2.163553,34.36000000096572,Vw11
14340.510000001195,2.9186158258254746,1.7244594063701826,8.928001007073087,0.07335940660923752,0.2622138599683778,-0.14094257574264263,52.211693,-2.163553,34.443069310599356,Vw11
14340.610000001196,1.6001999960729802,1.760400003129904,10.348099997747282,0.12929999683424356,0.1436000000896307,-0.2651999943377297,52.211693,-2.163553,34.750000002031626,Vw11
14340.710000001196,1.2715999689226207,2.0222999786186673,10.15960000682709,-0.13559999820585436,0.15110000069060844,0.2086000002932393,52.211693,-2.163553,34.92000000359069,Vw11
14340.810000001196,-1.3248999921495654,0.2359000115548246,10.729999952769326,0.014299997472157702,0.2087999971849029,0.2330999941771057,52.211693,-2.163553,35.22000000215441,Vw11
14340.910000001197,-0.6689999558214077,1.2013000410702561,6.783900017158687,-0.19689999431594551,-0.02640000289528907,-0.253399998289637,52.211693,-2.163553,35.400000005266335,Vw11
14341.010000001197,3.022099956957261,4.632699920730839,8.217500001567933,0.27799999982645024,-0.26830000073130283,-0.11049999372348247,52.211693,-2.163553,35.840000001675655,Vw11
14341.110000001197,-0.5740999802165222,-1.9901999276847993,8.348500010888154,0.2634999987971205,-0.329399985268616,0.4138999872099797,52.211693,-2.163553,35.980000003830064,Vw11
14341.210000001198,1.0788000303358556,4.051700077164818,9.258200006017544,0.16299999935509185,0.9013999890773179,-0.654699993217676,52.211693,-2.163553,36.300000002397425,Vw11
14341.310000001198,3.6094999261364413,10.488999797453292,9.760200013056393,0.10920000033563992,-0.00979998347692599,-0.08890000596719838,52.211693,-2.163553,36.50000000455511,Vw11
14341.410000001199,-2.5523999485092395,-6.407999922052423,10.849399983348663,0.13719999942581598,1.368599994797581,-0.5866999991273362,52.211693,-2.163553,36.88000000407563,Vw11
14341.510000001199,1.7430999494154673,0.09459990903199068,9.460300016708874,0.08929999949654012,0.9345999997782379,-0.5139000006341198,52.211693,-2.163553,37.2200000033564,Vw11
14341.6100000012,-2.476799920942994,-7.494199832967072,10.854199995351655,0.047299999570158104,0.9161000031069699,-0.5668000010473612,52.211693,-2.163553,37.50000000290597,Vw11
14341.7100000012,4.006517766772651,6.2109137536189385,10.477152483463163,0.01447525073218735,1.16236731434452,-0.6484861328423779,52.211693,-2.163553,37.74207921041362,Vw11
14341.8100000012,-0.5816999513844159,-2.777699900636685,11.162400017655038,0.28200000106847434,0.1291000059030208,-0.16710000300853572,52.211693,-2.163553,37.950000004081815,Vw11
14341.9100000012,3.4677999353308886,5.498899917107998,12.632999939721238,0.37099999787025445,0.620799988539712,-0.41769999246545486,52.211693,-2.163553,38.29000000552245,Vw11
14342.0100000012,-1.9188999688917887,-1.4056999856020076,7.612000043845867,0.19360000000480213,-0.33379999237541486,0.2098999950165875,52.211693,-2.163553,38.7500000036016,Vw11
14342.110000001201,0.6722999923321957,-0.20640003405912138,11.264199989311654,0.1939999994501559,0.30129999186879,-0.20519999410298187,52.211693,-2.163553,39.05000000444197,Vw11
14342.210000001201,0.033600018359914975,-3.0433999401096448,10.37390000528554,0.14820000014307988,-0.3759999940435482,0.2859999965781062,52.211693,-2.163553,39.42000000324635,Vw11
14342.310000001202,1.5606000082294313,1.9377000420738184,10.813499974445769,0.1600999977969025,0.11939999453233467,0.0014000037005722536,52.211693,-2.163553,39.69000000291479,Vw11
14342.410000001202,2.237089998665167,5.382221976215925,8.738729035269651,-0.01879499698760703,-0.32903499787749557,0.30437899793040785,52.211693,-2.163553,39.93330000396842,Vw11
14342.510000001203,2.1189559900861608,3.431203008421472,11.622565976268838,0.2254199954543531,-0.15224599752995802,0.1331569989862486,52.211693,-2.163553,40.26390000468995,Vw11
14342.610000001203,1.2939109893105145,4.089153957494594,9.6625519923662,-0.1476059985641528,0.05146300043652641,0.051267001884399116,52.211693,-2.163553,40.65370000444944,Vw11
14342.710000001203,0.4016494902184403,0.6061940790006568,9.047994076114493,-0.02996633731472174,0.08748217831664669,0.20417128444853383,52.211693,-2.163553,41.0231683206418,Vw11
14342.810000001204,-0.8233999656486143,2.235599997241244,10.437400036126334,-0.08659999494248186,0.09570000016256308,-0.018699999060746632,52.211693,-2.163553,41.340000003371685,Vw11
14342.910000001204,2.029299982569625,2.0064999872996085,13.437499956309065,0.3333999939851659,0.10920000239268775,0.05929999792160088,52.211693,-2.163553,41.620000004696266,Vw11
14343.010000001204,0.5818000035438752,0.9517999898066926,9.809200042125514,-0.16609999531336653,0.3078999961731446,-0.11329999985429531,52.211693,-2.163553,42.0100000042146,Vw11
14343.110000001205,0.8760999966945506,0.10530004368611917,13.307499962635777,0.22309999326145916,-0.009899997986626113,-0.1011999996640363,52.211693,-2.163553,42.36000000409418,Vw11
14343.210000001205,0.6015999853399859,3.7331999549876302,10.204599951859292,-0.3365000029414096,0.157299998678235,-0.07329999619630763,52.211693,-2.163553,42.70000000217078,Vw11
14343.310000001205,-0.6139999584560574,0.0008000432371525675,6.212800078324225,-0.5803999901169122,0.04770000065002859,0.24209999585260047,52.211693,-2.163553,42.88000000337677,Vw11
14343.410000001206,2.830799982064517,3.5859999895597445,12.707399945654474,0.23909999454168937,0.10160000080198332,-0.10179999919801667,52.211693,-2.163553,43.160000004582756,Vw11
14343.510000001206,1.3435999843788118,2.720300002044153,8.201100001207196,-0.2134999962493712,0.16809999928122998,-0.035300000242403984,52.211693,-2.163553,43.54000000385917,Vw11
14343.610000001207,0.04829999855643,2.889799959253217,8.301200027600286,0.0975000006862083,0.10849999773273884,-0.055399997759270625,52.211693,-2.163553,43.860000004341565,Vw11
14343.710000001207,-0.07140000829972161,-0.48889997134320734,10.589799975874321,0.15439999815900635,-0.07949999560552738,0.13039999733184018,52.211693,-2.163553,44.220000004636034,Vw11
14343.810000001207,-0.7339475033073597,1.862683171558118,8.619132681521243,0.003923762888145571,0.2792683151021998,-0.08766138536716381,52.211693,-2.163553,44.60237624049427,Vw11
14343.910000001208,1.0412999956639657,2.1310000142328205,9.30240000306542,0.046299998347717336,0.13610000274414197,-0.023800001369655367,52.211693,-2.163553,44.84000000434811,Vw11
14344.010000001208,0.6822999896406226,3.309399988713025,9.55619998662714,-0.09049999840086093,0.36329999231471155,-0.13719999508059408,52.211693,-2.163553,45.20000000338187,Vw11
14344.110000001208,-0.17539997264251697,2.3749000002098413,8.449000050646235,0.04190000392842916,-0.2729999961557515,0.2700999960508307,52.211693,-2.163553,45.480000003660024,Vw11
14344.210000001209,2.07278416540325,2.3755445344560524,12.569600953013836,0.3586683105116787,0.041309900035639585,-0.05341089086066061,52.211693,-2.163553,45.783267330679685,Vw11
14344.31000000121,2.6511999797907455,0.7200000350271967,9.499700004341355,-0.16449999876496987,-0.03769999843957994,-0.034499998289586074,52.211693,-2.163553,46.11000000302407,Vw11
14344.41000000121,0.9804999879073494,3.615699981512046,9.858599994684894,-0.06239999991048753,0.09129999578807547,0.10690000212652594,52.211693,-2.163553,46.36000000471755,Vw11
14344.51000000121,-0.019199994533691277,2.0872999770799696,9.419200010581825,-0.05499999835611561,-0.2568999985145769,0.2826999964545805,52.211693,-2.163553,46.7500000052014,Vw11
14344.61000000121,0.43269999223418854,0.19250002668318303,10.293999990960451,0.08089999949921403,-0.1340999988448053,-0.010399999960082278,52.211693,-2.163553,47.18000000229829,Vw11
14344.71000000121,-0.20929998999829405,2.3983999769001296,9.5467000006457,0.039499999171370294,-0.038599999980616855,-0.007099998060473445,52.211693,-2.163553,47.37000000339205,Vw11
14344.810000001211,0.6163000118915631,0.4915999951748068,9.600000022829716,-0.0289000024568144,-0.03699999572238084,0.1529999971300822,52.211693,-2.163553,47.65000000339205,Vw11
14344.910000001211,1.5978999752913283,0.093300002534347,11.484499955757958,-0.2317000003925088,0.3161000005136535,-0.08389999774307434,52.211693,-2.163553,47.93000000278633,Vw11
14345.010000001212,-0.4416999492476418,0.3024999856673712,7.832500057756944,-0.2640999936750355,0.3584999878637245,0.10240000454292604,52.211693,-2.163553,48.16000000545151,Vw11
14345.110000001212,3.7476999455411772,-0.8806000085192865,12.600099947265347,0.2579999944873046,-0.6432999969297774,0.47739999685023793,52.211693,-2.163553,48.61000000465,Vw11
14345.210000001212,-0.6937999892161795,-1.5065509148817298,8.309646023077375,-0.18985399679393383,-0.3902209973597815,0.21921399904763114,52.211693,-2.163553,48.99130000157517,Vw11
14345.310000001213,0.20043664960419888,5.434714835242752,10.207301994883338,0.06953564045260212,-0.17798218244331981,0.14386831982689688,52.211693,-2.163553,49.1239604008454,Vw11
14345.410000001213,1.51409998967632,4.096200042262905,11.417499992363705,-0.1868999946228054,-0.5261999913372812,0.39069999357575685,52.211693,-2.163553,49.520000004246434,Vw11
14345.510000001213,0.6632000103637176,7.579599862210602,10.788099997609866,0.2562999966950636,0.18779999132878838,-0.13879999359031608,52.211693,-2.163553,49.87000000436775,Vw11
14345.610000001214,1.5173999957717683,-3.777299958607006,10.59109998905149,-0.016099999458883393,-0.5268999867608422,0.3894999917934692,52.211693,-2.163553,50.23000000533837,Vw11
14345.710000001214,1.1689000073488336,-0.3656000432387969,9.688700007885902,0.028499998546758436,0.5642999907519887,-0.2868999958140324,52.211693,-2.163553,50.670000003766766,Vw11
14345.810000001215,1.7736999855016067,-3.9240999139865687,10.337699988772615,-0.09109999866826693,-0.19679999015416688,0.05759999427208968,52.211693,-2.163553,50.980000004374304,Vw11
14345.910000001215,0.5805000120050391,3.154700036830439,9.413700024368529,0.018500002902837875,0.6134999972563383,-0.41379999575570836,52.211693,-2.163553,51.34000000400978,Vw11
14346.010000001215,1.5685000054180638,6.185799939524009,11.419199977962005,0.2573999959476918,0.38770000572548013,-0.06450000299153907,52.211693,-2.163553,51.670000002916204,Vw11
14346.110000001216,2.0143999870143876,1.2087000891046076,9.605499998278225,-0.07609999941432907,0.8588999996840779,-0.31070000312884366,52.211693,-2.163553,51.910000004009774,Vw11
14346.210000001216,0.9457000044550852,8.541899840176708,9.46380000115971,-0.027899997540637198,0.8328999958467069,-0.5681999960767018,52.211693,-2.163553,52.24000000450255,Vw11
14346.310000001216,1.3117999742856035,-4.591699825694334,9.559099993219412,0.17419999733984803,0.49160000988247665,-0.2458000036446272,52.211693,-2.163553,52.61000000401578,Vw11
14346.410000001217,-0.8012999248137762,9.731999783754945,9.001900041114142,-0.044400001162819294,1.3036999788873318,-0.5452999873872212,52.211693,-2.163553,52.94000000590014,Vw11
14346.510000001217,5.284094021303417,-7.796145466350228,12.323668288799775,-0.13852574199703777,-0.4001009733042071,0.47087523544531623,52.211693,-2.163553,53.42277228060187,Vw11
14346.610000001217,2.1535000022248445,-1.3707001067273898,10.020500036515722,-0.09109999705853429,0.9797999714863435,-0.5215999848599945,52.211693,-2.163553,53.700000002458395,Vw11
14346.710000001218,2.3200197843560586,-9.955701861287803,12.969099973101647,0.14751485065124054,-1.3266346373198277,0.70526138024944,52.211693,-2.163553,53.90405941088137,Vw11
14346.810000001218,0.8719999866679101,-0.18589989742292487,10.75909999923676,0.07899999599421786,-0.00010001082570624837,0.221400006000056,52.211693,-2.163553,54.31000000393931,Vw11
14346.910000001219,-0.19820790519954512,8.06941376718044,10.686012857772795,-0.24464752261634637,-0.8573851215585944,0.6939900809578016,52.211693,-2.163553,54.634257430932045,Vw11
14347.010000001219,1.081000003650075,0.3408000281634675,9.577299988941308,-0.06940000105175786,1.354099985948125,-0.7869999924597615,52.211693,-2.163553,55.06000000450928,Vw11
14347.11000000122,1.3805000211302176,2.6516998875460005,8.669900043576655,-0.15569999883124475,0.20110001009833794,-0.16830000632151568,52.211693,-2.163553,55.430000002924935,Vw11
14347.21000000122,3.1142999885354503,-6.57549995689046,12.245499960196907,-0.05980000165383426,1.0296999939424507,-0.6869999947943889,52.21169300000158,-2.1635529999794336,55.6700000056145,Vw11
14347.31000000122,2.1749999816845484,-3.043499947004071,8.984400046212158,-0.1952999946039843,0.5334000029341827,-0.26050000323199496,52.211823,-2.161868,56.130000003905735,Vw11
14347.41000000122,0.6743999795022195,1.29850008649126,12.770599954383467,0.24679999728551483,0.7738000004979811,-0.5253000002648576,52.211823,-2.161868,56.45000000439396,Vw11
14347.51000000122,-1.005000011003185,8.38479983098424,9.033199976162818,0.024400003465118426,0.8145999947480083,-0.546999997639472,52.211823,-2.161868,56.810000003783685,Vw11
14347.610000001221,-1.906499977765179,-5.462799891523415,7.080200056165886,0.3082999994908245,0.38430000649599516,-0.35360000211190734,52.211823,-2.161868,57.12000000579449,Vw11
14347.710000001221,-0.08715898066193817,3.1945568274540954,11.62850699097492,0.26290899500587017,0.9060619937277342,-0.5206439948044448,52.211823,-2.161868,57.59320000390644,Vw11
14347.810000001222,1.4593366070563674,-10.635938415242759,10.89038712111727,-0.13915544194466295,0.407197041680417,-0.10676931606236138,52.211823,-2.161868,57.913663370815314,Vw11
14347.910000001222,-0.7169999652922852,5.610199806670181,10.269100006911229,0.155299997662846,1.3868999793396564,-0.8536999852228794,52.211823,-2.161868,58.280000003422614,Vw11
14348.010000001223,2.1223999660525936,-10.205899761461163,10.834499981527683,-0.03589999925191514,-0.30329998651124773,0.3551999893874629,52.211823,-2.161868,58.560000005745096,Vw11
14348.110000001223,-0.6548000566197559,9.308699940052978,9.32329995147594,0.02530000266963616,0.8001999806671404,-0.512999987822841,52.211823,-2.161868,59.03000000293367,Vw11
14348.210000001223,-5.286799961413603,4.4044999863534855,5.353600054787614,0.24369999977123913,-0.7813999934129231,0.4831999948547349,52.211823,-2.161868,59.27000000098924,Vw11
14348.310000001224,-2.1805465520966085,3.2826831460125443,9.760156406082716,0.2238217804907583,-0.2506475271369817,0.07024752860623525,52.211823,-2.161868,59.35326733073312,Vw11
14348.410000001224,-3.6051999555182004,1.46099999396969,7.345800051840344,0.0860000014531015,-0.44539999659922835,0.3849999961597478,52.211823,-2.161868,59.68000000330529,Vw11
14348.510000001224,0.028399978750685843,0.9684000153683541,11.580499977356345,0.20469999684773682,-0.1676000009842406,0.07130000107727828,52.211823,-2.161868,59.95000000318287,Vw11
14348.610000001225,-1.7073999811121288,2.223800009116468,9.730800001729767,-0.052799997032587996,-0.2479999960544683,0.15929999876112996,52.211823,-2.161868,60.21000000146902,Vw11
14348.710000001225,-0.16450002982364823,2.968499955339314,9.872099975548679,0.18959999798323188,0.07429999655862121,0.05810000163303048,52.211823,-2.161868,60.3300000017164,Vw11
14348.810000001225,-2.597099986250423,-0.6743000179302333,7.877700031043517,0.02510000212588202,-0.2063999962263755,0.1912999969864948,52.211823,-2.161868,60.4700000020842,Vw11
14348.910000001226,-1.4755999875671455,-2.1368000124794424,10.40979998084009,0.19849999522228245,0.10139999384916373,-0.05449999498811667,52.211823,-2.161868,60.6400000015938,Vw11
14349.010000001226,-0.4614999998105275,-3.1546999780632894,8.84700000516901,-0.19119999947368738,-0.4002999974229256,0.35429999844087623,52.211823,-2.161868,60.77000000136223,Vw11
14349.110000001227,-0.464340616303674,-1.3006672254072518,9.27952081062055,-0.14912475299608538,-0.19813367064228352,0.23216139075088185,52.211823,-2.161868,60.8800990100224,Vw11
14349.210000001227,-2.278399971237139,6.96259986250773,10.791599981051087,-0.1916000014856596,-0.791499997108489,0.6082999974829734,52.211823,-2.161868,60.8899999972988,Vw11
14349.310000001227,0.06419998229585881,-4.235499937629334,9.248300024324436,-0.3125999973099627,-0.5559999974637501,0.40329999801316746,52.211823,-2.161868,60.669999998387716,Vw11
14349.410000001228,-1.3624158404983977,0.8149653728944415,11.216476246067892,-0.09596435676027748,-0.3517940597670502,0.24258118748170263,52.211823,-2.161868,60.53762375945818,Vw11
14349.510000001228,-1.2740000422270121,2.9615000142340056,11.90409998090309,-0.12239999441900978,-0.38119999845220537,0.19069999569271578,52.211823,-2.161868,60.299999999751954,Vw11
14349.610000001228,-4.6220167619515085,4.01508899333952,10.40132776824358,0.3281356442221449,-0.2609594115396994,-0.15171286528556865,52.211823,-2.161868,60.280198020045155,Vw11
14349.710000001229,1.0563000048546063,-5.395999997747305,14.10409999103103,0.3816999906867306,-0.7168999816402923,0.33699999294065497,52.211823,-2.161868,60.2999999955733,Vw11
14349.81000000123,1.4510999336992114,-5.212799926187359,13.374699954128399,-0.37569999909006874,0.7761999968668853,-0.2370999993187812,52.211823,-2.161868,59.93999999717183,Vw11
14349.91000000123,-3.940799973677164,0.7899999729233969,9.644200016194317,-0.3016999974952298,0.5213999923959258,-0.18169999816046328,52.211823,-2.161868,59.709999997171835,Vw11
14350.01000000123,-1.8000999829633817,-1.4119999934423466,10.961199980864391,-0.09800000082385668,-0.09699999867076259,-0.032099998866274834,52.211823,-2.161868,59.47999999864739,Vw11
14350.11000000123,-0.4145999914306609,-0.8787000058432343,9.405000041430153,-0.1649999946449316,0.011100000860745786,0.06010000043775071,52.211823,-2.161868,59.369999998032576,Vw11
14350.21000000123,0.2822999685841936,-1.3538999644544631,12.774299955244667,0.2704999964785339,0.08109999987934222,0.09569999440247351,52.211823,-2.161868,59.209999996268316,Vw11
14350.310000001231,-2.241301977737151,1.4929554323109817,9.162489091900651,-0.010364353682104373,0.06856435294311201,-0.3515098975536626,52.211823,-2.161868,58.90752474942659,Vw11
14350.410000001231,-2.0414999988855325,0.41850000927039943,7.781400035671581,0.21320000054307203,-0.21499999807769746,-0.07249999749768175,52.211823,-2.161868,58.659999994704734,Vw11
14350.510000001232,-1.9509999861517195,1.171299999809684,10.6780999929608,0.25729999566005113,-0.05889999828466911,0.13069999650963127,52.211823,-2.161868,58.229999997387814,Vw11
14350.610000001232,-0.8498267476094238,1.1561643566380766,10.101813848593823,-0.09100792006283186,0.07997227842524936,-0.1483089089313893,52.211823,-2.161868,58.01900989977062,Vw11
14350.710000001232,-2.062499989556629,1.1725999720490596,9.063200000452612,-0.03180000065486893,0.17719999863229824,0.010800001511994924,52.211823,-2.161868,57.91999999605352,Vw11
14350.810000001233,-1.215700006776845,-1.0937999724239753,9.099900020736282,-0.08489999806005871,0.06629999884318823,0.13339999657396256,52.211823,-2.161868,57.599999996916814,Vw11
14350.910000001233,-1.7651999973805244,1.142200003212681,10.781299994395999,0.07239999627304351,-0.027500001383734343,-0.14439999795029726,52.211823,-2.161868,57.34999999334032,Vw11
14351.010000001233,-1.5527999777763877,1.402700002957393,10.326900005330215,-0.22979999785286856,-0.1396999989714488,0.021800002498614777,52.211823,-2.161868,56.80999999876673,Vw11
14351.110000001234,0.24919998492074882,1.6424999503816544,10.759099987450195,-0.05569999942899376,-0.0563000005192087,0.2243999999852007,52.211823,-2.161868,56.70999999778011,Vw11
14351.210000001234,-0.9734999999033936,-2.3807999373917497,9.74150000647874,-0.009399999192908999,-0.09839999578478381,0.22319999446042085,52.211823,-2.161868,56.52999999510854,Vw11
14351.310000001235,-0.9656782177251914,2.6883089734892964,10.266054461923245,0.055946535460426904,0.24288713292741138,-0.22531485702383908,52.211823,-2.161868,56.13396039114893,Vw11
14351.410000001235,-1.9786000048959118,1.7397999924338154,9.125899974396505,0.19959999614774243,-0.30099999537457367,0.17759999681716326,52.211823,-2.161868,56.00999999654174,Vw11
14351.510000001235,-2.3749999756488904,1.1271999835053221,7.052900044639996,-0.112299997906516,0.0734999978447613,-0.08009999984190799,52.211823,-2.161868,55.72999999505962,Vw11
14351.610000001236,-0.4034000080256395,-0.20830001859557234,10.667199990641693,0.05719999811154157,-0.10099999724821102,-0.06729999830174602,52.211823,-2.161868,55.329999996912264,Vw11
14351.710000001236,-1.0531999737415783,-1.7139000023909523,9.909500022271851,-0.09569999703017237,0.1217999938414112,0.07020000335821823,52.211823,-2.161868,55.079999994804965,Vw11
14351.810000001236,1.0696999657338049,-1.9071999615555135,11.710099954959059,0.14439999681618645,-0.3760999975237006,0.34169999577841664,52.211823,-2.161868,54.65999999653664,Vw11
14351.910000001237,-1.7006000088290834,1.2009000318072125,8.068700019945219,-0.11299999691885024,-0.17590000063701008,0.000399999560895958,52.211823,-2.161868,54.37999999666034,Vw11
14352.010000001237,-2.414399963629766,3.7723999370648778,9.681200039305091,0.13610000073215242,-0.22740000321972148,-0.03509999629300984,52.211823,-2.161868,54.10999999625178,Vw11
14352.110000001237,0.4736411480676125,-1.210474442596402,12.793564664394943,0.19548823626926465,-0.4822480356874492,0.25912450674142634,52.211823,-2.161868,53.80823529193449,Vw11
14352.210000001238,-1.8222412049054997,4.222074577087007,9.440035252583588,0.2743117656821258,-0.1970519572521096,0.011575487130139783,52.211823,-2.161868,53.63176470369674,Vw11
14352.310000001238,-0.22052176185602756,-5.12222883043347,11.651447552833266,0.24265544513872367,-0.6540108968406259,0.42793861910040387,52.211823,-2.161868,53.32613861006055,Vw11
14352.410000001239,-2.590554434822882,5.111573169418151,8.214231694729618,0.11438217720459792,-0.29778317102162416,0.16011287440040006,52.211823,-2.161868,52.907029699290305,Vw11
14352.510000001239,-0.9260000093425151,-2.7910999324036454,9.14739998543623,0.032600000464524416,-0.5160999940664748,0.4113999949757039,52.211823,-2.161868,52.609999997522536,Vw11
14352.61000000124,-1.680199992152634,2.6657999673086294,7.971700017711387,0.07010000043355612,-0.0371000032268963,0.005800001768908987,52.211823,-2.161868,52.409999995664435,Vw11
14352.71000000124,-1.046700007619989,0.026700008440757587,9.401500000142851,0.10509999899502856,-0.29759999367068485,0.14859999821937106,52.211823,-2.161868,52.05999999511298,Vw11
14352.81000000124,-1.6466791978449284,0.710872290345264,9.419125750298841,0.02494752481144153,0.2063980184346995,0.0055168304633033275,52.211823,-2.161868,51.66693068926107,Vw11
14352.91000000124,-0.8346000247192147,1.7680999376424749,10.041699955271943,0.029700005026711735,0.09619999943678995,-0.09279999553649831,52.211823,-2.161868,51.3599999975189,Vw11
14353.01000000124,-2.827200015800895,-3.2584998331310344,6.436200047969618,0.43490000095894576,0.05080001111409437,0.2669999879492898,52.211823,-2.161868,51.15999999789106,Vw11
14353.110000001241,-4.1008999466860905,10.192699751616924,10.302999956461631,0.5121999928333382,0.946699985463226,-0.704399986255938,52.211823,-2.161868,50.98999999665052,Vw11
14353.210000001241,0.19670001328341752,-9.829299856090099,6.793400034397492,-0.06549999500567355,-0.22509998455361674,0.40349998597861486,52.211823,-2.161868,50.71999999490628,Vw11
14353.310000001242,1.2659000016212925,1.7541998774489196,9.562100002512071,0.3364999943360363,1.018199978748023,-0.7250999868308805,52.211823,-2.161868,50.309999997018316,Vw11
14353.410000001242,1.3963999579047854,-8.1100998909336,9.764299991130724,-0.11939999787057823,-0.6923999901032825,0.33489999460190334,52.211823,-2.161868,50.06999999714255,Vw11
14353.510000001243,-1.9919000182916986,0.6688000386527586,9.050399996244026,0.051999999888312214,0.10419999217934509,-0.09959999504934473,52.211823,-2.161868,49.83999999648623,Vw11
14353.610000001243,-3.4290613607418807,3.724035612668258,8.761341596884463,0.044339605500710415,-0.5171366313479736,0.2931881166847218,52.211823,-2.161868,49.556831679231415,Vw11
14353.710000001243,-1.3852000243014946,1.2376000245826815,9.7854999804849,0.16829999931818457,-0.3307999988603231,0.12199999978351116,52.211823,-2.161868,49.23999999813372,Vw11
14353.810000001244,-3.338399961276165,3.2133999421760198,8.217000022730467,0.11350000025622897,-0.23920000303040032,0.10460000139201316,52.211823,-2.161868,49.08999999556527,Vw11
14353.910000001244,-0.2260237236585687,-1.4341248102900206,10.043930715796154,0.13409405966212878,-0.4827643594655614,0.21648118951060336,52.211823,-2.161868,48.733564352001615,Vw11
14354.010000001244,-2.6148999909485267,4.62389990420742,8.067700005019057,-0.10360000162864308,0.3299999931917992,-0.17889999611191015,52.211823,-2.161868,48.499999997013944,Vw11
14354.110000001245,-1.8873999768904381,-3.0752999684672804,8.47110002515252,-0.23449999725158704,-0.21719999281854252,0.133599996302271,52.211823,-2.161868,48.25999999639185,Vw11
14354.210000001245,-0.02999997678516557,-0.5409000515932716,10.492699994368532,-0.013599998258032313,0.35999999316039477,-0.1635999975458534,52.211823,-2.161868,47.969999995724486,Vw11
14354.310000001245,1.8331372781094855,-4.68158632608683,10.040739210056582,0.12620392331004665,-0.1889215754649025,0.03336078676709936,52.211823,-2.161868,47.62686274082387,Vw11
14354.410000001246,-1.5328000077718158,0.3117001011393294,8.398700017134495,0.15780000213457487,0.6440999944747737,-0.47619999625820103,52.211823,-2.161868,47.30999999685352,Vw11
14354.510000001246,-2.139282164487348,8.291124682095464,9.743382157383975,0.32192474565196205,0.21428416986119353,-0.18369208517983793,52.211823,-2.161868,47.05762375941496,Vw11
14354.610000001247,-1.0375000308611197,2.643600053719132,8.071600002773613,-0.22559999964364177,1.132699997238847,-0.6628999985297109,52.211823,-2.161868,46.81999999563897,Vw11
14354.710000001247,-3.5142999900286167,6.954899814682757,8.294200062202915,-0.19699999604438928,0.9110999947641191,-0.5448999967531549,52.211823,-2.161868,46.46999999950087,Vw11
14354.810000001247,-2.7152000188384022,-7.896299941689939,13.27909981721229,0.11999999021149253,0.4914999971854575,-0.2847000028057195,52.211823,-2.161868,46.429999995084316,Vw11
14354.910000001248,-4.195791071625442,-3.241979172825345,-1.1577018988292718,-0.6458643430372937,0.27141881589834527,-0.5114534705301625,52.211823,-2.161868,46.03673266918962,Vw11
14355.010000001248,-2.794899962114733,-0.4298999464719767,5.362100088468419,0.427700008260613,0.593299997572977,-0.9267999893186032,52.211823,-2.161868,45.70999999887696,Vw11
14355.110000001248,0.24119999527198452,3.859799871159394,12.451899949169778,1.089699980123368,0.39879999572868907,-0.0707999920313785,52.211823,-2.161868,45.61999999613173,Vw11
14355.210000001249,-0.13770004730283944,-6.465399913347066,8.378399976466671,-0.5031999978718533,0.056500003485261914,0.5677999890718481,52.211823,-2.161868,45.309999994876456,Vw11
14355.31000000125,-3.9229999693811806,0.4688000479189148,6.495200056431501,-0.3328999960098812,0.33539998764850165,-0.3066999954712839,52.211823,-2.161868,44.899999997375744,Vw11
14355.41000000125,-1.472799990257762,4.303399952302272,11.010999966931875,-0.013600000407384504,-0.6529999956537322,0.05570000477989488,52.211823,-2.161868,44.68999999725078,Vw11
14355.51000000125,-0.6932000193620108,0.4865000290305197,8.364800006414432,-0.046199997267024805,-0.30519999959636446,0.4381999985991471,52.211823,-2.161868,44.46999999725078,Vw11
14355.61000000125,-2.242599965534771,2.8095999427062432,8.878100026018874,0.17249999976506658,-0.27290000253678076,0.32609999656597355,52.211823,-2.161868,44.24999999600114,Vw11
14355.71000000125,0.51539997026444,-1.7751999627619721,10.96019997034155,0.15369999825553404,-0.4758999939360846,0.05129999892171778,52.211823,-2.161868,43.929999995069984,Vw11
14355.810000001251,-1.8198851272179946,1.1409405569358304,8.628182195969128,0.016092079698671758,0.0012891057681020742,-0.03246534461378479,52.211823,-2.161868,43.538514849626246,Vw11
14355.910000001251,-0.11839999018851668,-1.8249999653344275,10.046400005070936,0.05529999757591286,-0.24979999616551213,0.12099999791505979,52.211823,-2.161868,43.390000000250296,Vw11
14356.010000001252,0.665599971432815,0.9449999887393205,10.451599977438594,-0.13839999970715725,0.05659999744951492,-0.045599998056475306,52.211823,-2.161868,43.409999995369574,Vw11
14356.110000001252,-1.6171000039859151,0.04520000453655957,8.648800013331853,-0.11500000001752052,-0.14719999733438016,0.10969999843566912,52.211823,-2.161868,43.03999999824795,Vw11
14356.210000001252,-1.9355999788057194,0.4076999756436846,9.714100015594608,-0.11639999777416815,0.06579999792205563,-0.01529999916029992,52.21182300000686,-2.1618679999795467,42.89999999398424,Vw11
14356.310000001253,-0.24450001089103535,-1.5356999931357653,10.958399985256369,0.061199999714251316,-0.09999999550697794,0.051699998333132685,52.21237,-2.160236,42.41999999624015,Vw11
14356.410000001253,-1.1134999905715466,-0.9880000152211306,9.781999981044084,0.03839999834942537,0.25849999704977017,-0.08130000042987631,52.21237,-2.160236,42.119999997869414,Vw11
14356.510000001254,-0.3612000069231392,-2.2024999733050574,8.269500013996673,-0.09329999941095665,0.02310000262688263,-0.1156000020603984,52.21237,-2.160236,41.94999998934709,Vw11
14356.610000001254,-0.9136000085361152,-0.07249998654975934,9.386299998245404,-0.04630000084345993,0.23269999657352236,-0.2799999947098895,52.21237,-2.160236,41.100000006767736,Vw11
14356.710000001254,-1.5946999970191311,1.0007000022089807,9.246300002540327,-0.11359999899089744,-0.040699996539681885,0.14209999703419235,52.21237,-2.160236,41.63999999610918,Vw11
14356.810000001255,-1.3571999906670564,1.1767000133141294,9.44870000000251,-0.033199999908377506,0.2350000000539694,-0.09419999987574484,52.21237,-2.160236,41.32999999573265,Vw11
14356.910000001255,-0.6135999915845365,2.2374999468865644,9.448900012371547,-0.0258999995795406,0.23929999820771336,-0.08429999978035703,52.21237,-2.160236,40.98999999849388,Vw11
14357.010000001255,0.05689998865082902,-1.9942999509546437,10.43459998781029,0.0076000007834883445,0.09650000178630272,-0.0668000012348182,52.21237,-2.160236,40.869999998225104,Vw11
14357.110000001256,-0.8309970205354144,1.8499227416760353,9.474755447622666,0.06832871152648025,0.23433861001837056,-0.1621366310731838,52.21237,-2.160236,40.72811880951969,Vw11
14357.210000001256,-0.10070000924340201,-0.5877999917973291,9.640300007601862,-0.03879999905102413,-0.07179999729636147,0.04419999897309499,52.21237,-2.160236,40.53999999660631,Vw11
14357.310000001256,-0.8360999938699929,0.06479997854937464,10.245100001765977,0.03669999844267405,0.14329999697710338,-0.037499998200088154,52.21237,-2.160236,40.269999998366,Vw11
14357.410000001257,-0.3484000147286082,-1.6417999635442435,10.385599992650778,-0.08719999901331649,-0.09719999709399707,0.10569999820637277,52.21237,-2.160236,40.139999997863235,Vw11
14357.510000001257,-1.5201999946983045,1.2585999921492672,9.800899992427047,-0.00870000084716521,0.13399999805302834,-0.0369999987015999,52.21237,-2.160236,39.96999999723477,Vw11
14357.610000001258,-1.0984000066088941,0.6339999980253761,9.198400005478922,-0.07609999938787915,-0.02089999731270145,0.06629999866514917,52.21237,-2.160236,39.74999999761185,Vw11
14357.710000001258,-1.6241999899703545,0.4769000316208243,9.634300007604052,-0.027399998532308383,0.19290000151048878,-0.03990000145006924,52.21237,-2.160236,39.55999999735665,Vw11
14357.810000001258,-0.8274000017685942,2.9889999310655124,10.238399990111892,0.08920000056706903,0.3129000000966306,-0.15510000011697386,52.21237,-2.160236,39.349999997329945,Vw11
14357.910000001259,-0.9840020022319413,-2.3790731998139596,9.462261388104302,0.13229999811159185,0.3204831682956416,-0.1657069324643089,52.21237,-2.160236,39.139306929820535,Vw11
14358.010000001259,-2.7341999892742708,2.983599979313856,9.618400010616218,-0.01769999899678369,0.3188000012360833,-0.306400000300839,52.21237,-2.160236,39.069999998363635,Vw11
14358.11000000126,-1.8821000146945386,1.3402000122399944,10.46179998333679,0.06199999870097963,0.4169999993618185,-0.33029999807664423,52.21237,-2.160236,38.93999999521678,Vw11
14358.21000000126,-3.0494999805924237,2.3125999571170213,9.138000024314936,-0.04119999988528907,0.3662999971196212,-0.1774999984911101,52.21237,-2.160236,38.559999994957764,Vw11
14358.31000000126,-1.5099000287798376,-1.0892999705003827,11.066899967539328,-0.03210000230808473,0.1378000027303722,-0.05779999984243004,52.21237,-2.160236,38.15999999710071,Vw11
14358.41000000126,-3.7929999747724197,1.2508999635143612,8.491800034166209,-0.21519999538256998,0.3543999945165655,-0.04529999809277324,52.21237,-2.160236,37.929999998991555,Vw11
14358.51000000126,-1.7916999980322665,-1.643499986760342,11.202200005150646,0.1510999986814546,-0.08059999694188227,0.10599999770073919,52.21237,-2.160236,37.849999998613384,Vw11
14358.610000001261,-1.635599996835995,-0.593200019357154,11.610799984491335,0.04650000085465945,0.1619999946199314,-0.0763999969658329,52.21237,-2.160236,37.739999996722545,Vw11
14358.710000001262,-1.3845999951209065,-2.1287999859522504,10.380499990808621,0.11429999877423033,-0.26479999735405435,0.16429999965158348,52.21237,-2.160236,37.47999999785395,Vw11
14358.810000001262,-0.9981000321931802,-1.015999930764843,9.652399990279685,0.017200000282772816,-0.05520000259040098,0.13670000230257864,52.21237,-2.160236,37.30999999646534,Vw11
14358.910000001262,-3.5482999779512943,4.468499959468809,8.882400015440155,0.03959999988386117,-0.2603999986492549,0.3190999977870502,52.21237,-2.160236,37.02999999810643,Vw11
14359.010000001263,-1.8017000249193547,1.2578000181151336,10.105499977376912,0.03039999900019611,-0.1533999990191318,0.14379999953670705,52.21237,-2.160236,36.87999999722277,Vw11
14359.110000001263,-3.775699953927005,2.6927999737170216,8.313400016724604,-0.0487999979177128,-0.07570000110808793,0.10710000086581323,52.21237,-2.160236,36.65999999846984,Vw11
14359.210000001263,-0.19347132623289784,0.6382029786339055,9.61722078225722,0.11232078932775141,-0.15788613266216467,0.17208217453379526,52.21237,-2.160236,36.53673266914202,Vw11
14359.310000001264,-3.290599979873974,1.2984999868751002,8.839300018294203,-0.10559999781420229,0.3134999979836048,-0.11969999816185664,52.21237,-2.160236,36.20999999620741,Vw11
14359.410000001264,-1.698599991441382,0.2602999997104987,10.286400004463882,0.06729999754998497,0.15400000136406924,0.02569999815679985,52.21237,-2.160236,35.90999999772444,Vw11
14359.510000001264,-1.0216000265620566,0.2373999800661317,10.63949998901033,-0.12650000001264197,0.26189999929457775,-0.12009999868649865,52.21237,-2.160236,35.72999999658666,Vw11
14359.610000001265,-3.1227000031946273,-1.3393999916638808,9.770200010229889,-0.12749999887359992,0.20610000137418283,-0.016200000333748174,52.21237,-2.160236,35.45999999570173,Vw11
14359.710000001265,-3.3754000064326304,-0.6799999940623821,10.579399995373976,-0.03839999999113788,0.3147999993745878,-0.04259999959487468,52.21237,-2.160236,35.119999995062535,Vw11
14359.810000001266,-3.8834999913189243,-0.21100002498104004,10.214000000070897,-0.037699998904895615,0.2653999998898566,-0.010600000478554285,52.21237,-2.160236,34.72999999493593,Vw11
14359.910000001266,-3.197800002494948,-2.1841999774674616,10.219600000248088,0.04880000030563432,0.2567000010243225,-0.048400000691833325,52.21237,-2.160236,34.32999999130413,Vw11
14360.010000001266,-3.3925059400950954,-0.42825842351283955,10.231662366946617,0.07156831539872927,0.333658411863664,-0.10076237403741894,52.21237,-2.160236,33.64257424802316,Vw11
14360.110000001267,-3.3531000020420847,-1.034099985220522,9.497900011559997,-0.04159999923152791,0.01950000304476998,0.07299999821111851,52.21237,-2.160236,32.89999998974526,Vw11
14360.210000001267,-3.5143999770458363,0.13329996213228587,10.410999990060168,0.01909999878541348,0.2599999971106026,-0.06829999775085963,52.21237,-2.160236,32.08999999087159,Vw11
14360.310000001267,-1.70390000991701,-2.853499973076243,9.627000003480209,-0.07669999892233974,0.03210000191062827,0.10909999818572724,52.21237,-2.160236,31.369999989476966,Vw11
14360.410000001268,-2.4860999944101128,-0.7299000155880389,9.90149999680125,0.008299999707129973,0.18279999908842617,-0.033999999117586416,52.21237,-2.160236,30.539999989857314,Vw11
14360.510000001268,-2.0451999995480983,-1.9593999833110154,9.649200002433993,-0.014800000030126787,0.11090000046822047,0.03559999934725295,52.21237,-2.160236,29.739999989957735,Vw11
14360.610000001268,-2.009556435191733,-0.6430633496502569,9.841180200453415,-0.017176237653884457,0.14783069353745426,-0.015885149167496546,52.21237,-2.160236,28.947920782038516,Vw11
14360.710000001269,-1.9326999837534997,-2.145399993562851,9.160500015988761,-0.05969999924582517,0.08120000083670238,0.07739999849926825,52.21237,-2.160236,28.539999994032623,Vw11
14360.81000000127,-0.6530999894326648,-1.6384000059673767,10.41979998475018,-0.00030000088875822254,0.14709999920519623,-0.04079999892460255,52.21237,-2.160236,28.069999997841588,Vw11
14360.91000000127,0.17919999398056752,-2.108399990586781,9.21870001444613,-0.0702999987582778,0.0845000013229801,0.04389999786824992,52.21237,-2.160236,27.89999999288993,Vw11
14361.01000000127,-0.29490001515967595,-1.3669999927540812,10.35649999713058,0.02749999889667015,0.18869999860972822,-0.12399999990350626,52.21237,-2.160236,27.33999999327083,Vw11
14361.11000000127,-1.4888999942967114,-0.7963000013090139,10.1304999924227,-0.059399999228050004,0.07920000072497278,-0.11639999939056579,52.21237,-2.160236,26.809999990858486,Vw11
14361.21000000127,-1.0396999858941225,-0.8993999971080209,9.533699998094036,0.0013999994976432765,0.13629999881079824,-0.06839999807159838,52.21237,-2.160236,26.089999987659226,Vw11
14361.310000001271,0.06971177880740753,-0.6719490167167563,9.383798037310312,-0.038109804423770335,0.04277058704645928,0.08326666859447325,52.21237,-2.160236,25.11941175236892,Vw11
14361.410000001271,-0.09174652619244175,-1.2651475244314097,9.896853463507018,0.0010019799462036235,0.12000594022011239,0.015359406016138912,52.21237,-2.160236,24.067722756664622,Vw11
14361.510000001272,0.5735999914480686,-1.2398999937062056,9.752200006223864,-0.01879999945835225,0.09060000018054926,0.021299998989178493,52.21237,-2.160236,22.839999986903823,Vw11
14361.610000001272,-0.0990000094936695,-0.744899996902228,10.241699993854544,0.023799999392518173,0.10479999947471445,-0.05819999911639007,52.21237,-2.160236,21.80999998574408,Vw11
14361.710000001272,-0.8335732614429643,-0.5043831691856099,9.767280203208546,-0.023169306510154097,0.06365247493275007,0.010296039217417088,52.21237,-2.160236,20.687920776718205,Vw11
14361.810000001273,-0.3709000040337909,-0.5727000040554369,10.175299998214843,0.009900000193540473,0.03890000067611836,-0.020100000213913154,52.21237,-2.160236,19.479999985357136,Vw11
14361.910000001273,-0.6876999949946868,-0.8912,10.035099999969441,0.025099999863757695,0.09199999997453415,-0.03689999966385076,52.21237,-2.160236,18.32999998421117,Vw11
14362.010000001274,-0.29459999432493494,-0.8912000048092261,10.032699995928011,0.01440000004965841,0.09000000005857145,-0.01050000059080776,52.21237,-2.160236,17.089999984975147,Vw11
14362.110000001274,0.15109999098890842,-1.2688999930134435,9.712900001694752,0.018300000090403775,0.09459999998472049,-0.05689999989940989,52.21237,-2.160236,15.909999984338501,Vw11
14362.210000001274,-0.5566000006477566,-0.7202000074963809,9.846000002193191,0.02539999956391184,0.09339999982658483,-0.04899999982403461,52.21237,-2.160236,14.679999986101283,Vw11
14362.310000001275,-0.607400002137087,-1.3080999957449526,10.018000000085433,-0.0087999998125586,0.07980000010583425,-0.03520000008160714,52.21237,-2.160236,13.589999986228795,Vw11
14362.410000001275,-0.774999991850762,-0.9744000065196455,10.024699998891927,0.0058999998495368345,0.08809999933949221,-0.04159999968887278,52.21237,-2.160236,12.509999989544085,Vw11
14362.510000001275,-0.1359000048093602,-1.4856999918869416,9.937800001826371,-0.005899999850592987,0.03630000047011689,-0.01720000003348778,52.21237,-2.160236,11.689999989824866,Vw11
14362.610000001276,-0.5029960315643451,-0.8581742604536988,10.076047520221904,0.005599999872467231,0.07200296928055566,-0.01946831640867844,52.21237,-2.160236,10.892673257982748,Vw11
14362.710000001276,0.12740000033072502,-1.0955999952242796,9.720800000787866,-0.004399999761213985,-0.007699999482843123,0.013699999464966096,52.21237,-2.160236,10.159999992338404,Vw11
14362.810000001276,0.15330000360249196,-0.7216000004785266,9.782500000112215,0.01429999976396132,0.03279999909196049,-0.028199999317680538,52.21237,-2.160236,9.559998993679852,Vw11
14362.910000001277,0.43168316714591964,-0.7548871238433441,9.792891091268649,-0.003952475186829529,-0.03732376202344664,0.024467326435519566,52.21237,-2.160236,9.064653458518322,Vw11
14363.010000001277,0.33999999729929187,-0.37359999498038593,9.962000000200478,0.0007999998046296241,-0.009700000194093446,0.0012000003154018486,52.21237,-2.160236,8.529999994126118,Vw11
14363.110000001278,0.12850000397253097,0.019500001554024492,9.977699998823947,-0.014499999662890332,-0.02489999977270636,0.025899999743336958,52.21237,-2.160236,8.069999994892278,Vw11
14363.210000001278,0.4395999998682888,0.14120000258435284,9.885599998171388,0.0118999998631738,-0.0071000004398898454,0.005800000154728696,52.21237,-2.160236,7.6699999955243765,Vw11
14363.310000001278,0.4293000075740336,0.34329999634533376,9.742599999923275,0.0012000001432199495,-0.0415000000076725,0.017900000016623743,52.21237,-2.160236,7.319999995524377,Vw11
14363.410000001279,1.0215999943607146,0.05749999840923556,9.736599999179042,0.012399999616375135,-0.042099999751922586,0.019200000102299962,52.21237,-2.160236,6.969999994373501,Vw11
14363.510000001279,0.5806000028886953,-0.0668999990319866,9.672400003515282,-0.01759999954988016,-0.02270000003324749,0.0271999997033301,52.21237,-2.160236,6.529999994117753,Vw11
14363.61000000128,0.8064999992276353,0.008800005131621947,9.947299998011545,0.017599999659852622,-0.025299999806908818,0.004000000040919985,52.21237,-2.160236,6.069999993478378,Vw11
14363.71000000128,0.7460999997771811,0.4100999986579642,9.791800001607113,-0.008999999654246494,-0.010199999888590537,0.007199999918043613,52.21237,-2.160236,5.559999994237441,Vw11
14363.81000000128,0.7286999985888135,0.3052999951082282,9.917299996413126,0.017999999715713783,-0.0015000002637971194,0.0008000000153668225,52.21237,-2.160236,5.109999993597158,Vw11
14363.91000000128,0.6185000014265534,-0.07669999621720054,9.637200003892929,-0.004199999720836058,-0.022099999409657903,0.0019999999039573596,52.21237,-2.160236,4.609999993725214,Vw11
14364.01000000128,0.7299000015597324,0.21869999666924123,9.941199997641194,0.017599999879626557,0.023999999626073985,-0.005499999897554516,52.21237,-2.160236,4.119999993725214,Vw11
14364.110000001281,0.8516999972685473,-0.04139999385455158,9.757000003367894,0.008200000234344043,-0.005199999528750777,0.0024999997285194697,52.21237,-2.160236,3.629999992956873,Vw11
14364.210000001282,0.6384000030059164,0.4384999962528636,10.019999995138468,0.02649999989612661,0.03159999965503776,-0.01869999983457201,52.21237,-2.160236,3.079999993331585,Vw11
14364.310000001282,0.8727999981623387,0.14630000292384357,9.640900001554254,0.018399999825595297,0.004700000314184945,-0.0058000000205182005,52.21237,-2.160236,2.5599999939727787,Vw11
14364.410000001282,0.7295000018479205,0.37429999538212255,9.76210000060144,0.004800000175687091,0.029199999549881978,-0.007399999876890798,52.21237,-2.160236,2.0899999944857335,Vw11
14364.510000001283,0.8736000001615809,0.014200002717379177,9.809000001377283,0.018499999852525432,-0.005899999812771421,0.002199999842266334,52.21237,-2.160236,1.6599999961528373,Vw11
14364.610000001283,0.8861999990870925,0.22609999969654393,9.916399997400942,0.007000000115541847,0.008699999851446196,-0.010099999852715888,52.21237,-2.160236,1.3599999961909282,Vw11
14364.710000001283,0.8150118802740702,0.20243663335953097,9.713726730070963,0.016009901105785273,-0.0028841585645810654,0.0013851486623196897,52.21237,-2.160236,1.0629702932158702,Vw11
14364.810000001284,0.7628000038539038,0.4067999971464931,9.787200000991408,0.002400000060357706,0.016299999820211086,-0.0033999998381899783,52.21237,-2.160236,0.859999988955824,Vw11
14364.910000001284,1.0628999963886556,0.1846000008781897,9.864400000373587,0.00710000006875045,0.002300000003891535,0.00919999970943206,52.21237,-2.160236,0.0,Vw11
14365.010000001284,0.7840247518648373,0.25262970339376906,9.891320789665544,0.012331683080570376,0.002538613782541498,-0.012897029313833845,52.21237,-2.160236,0.0,Vw11
14365.110000001285,0.7365000005290931,0.2856000018184365,9.703400000970861,0.005500000075768184,-0.003599999844611011,0.0173999995864855,52.21237,-2.160236,0.0,Vw11
14365.210000001285,0.7777000030737282,0.4271999975361789,9.779000000539876,0.01140000001527951,0.00849999991086952,-0.0147999997427949,52.21237000000313,-2.1602359999943084,0.0,Vw11
14365.310000001286,1.0167099040633536,0.2356158391207168,9.820980198559596,0.012588118827158346,0.0015693068415763185,0.005200000257165483,52.212613564359565,-2.1597934257368836,0.0,Vw11
14365.410000001286,0.8753702967342536,0.5219306851341987,9.81041683016135,0.01817524749291526,0.007985148367126792,-0.009140593982996617,52.212616,-2.159789,0.0,Vw11
14365.510000001286,0.8524000014493508,-0.09499999513110742,9.692100002937282,0.015699999933126672,-0.0034999995203124855,-0.003200000015432306,52.212616,-2.159789,0.0,Vw11
14365.610000001287,0.9651000017004114,0.28359999881010167,9.920499997990424,0.010500000001299017,0.033799999502476995,-0.004399999872696465,52.212616,-2.159789,0.0,Vw11
14365.710000001287,1.092286995224177,0.1926920008900807,9.767135001717136,0.01069800012605189,-0.004378999844364502,0.005160999692587735,52.212616,-2.159789,0.0,Vw11
14365.810000001287,0.7265128736221842,0.2616871293403138,9.897616829515176,0.02023960375379911,0.007374257134976521,-0.018159405501894398,52.212616,-2.159789,0.0,Vw11
14365.910000001288,0.9077999985550386,0.31040000262849066,9.729300001349662,0.0042000001004518705,-0.015199999585314072,0.01589999976174877,52.212616,-2.159789,0.0,Vw11
14366.010000001288,0.7956000009980795,0.5144999939728877,9.834099997384387,0.012000000045074557,0.016999999397288777,-0.00259999987121555,52.212616,-2.159789,0.0,Vw11
14366.110000001288,0.8731000038455037,0.046500002321983626,9.631000004399278,0.01550000012878445,-0.029799999316154572,0.007399999839019438,52.212616,-2.159789,0.0,Vw11
14366.210000001289,1.1716999987296814,0.22679999664429562,9.972599996633978,0.025499999783336533,0.023299999379671865,-0.00509999985555769,52.212616,-2.159789,0.0,Vw11
14366.31000000129,1.073199998232249,-0.03339999544579439,9.711600003857267,0.008700000162836298,-0.024799999476318463,0.0061,52.212616,-2.159789,0.0,Vw11
14366.41000000129,0.9368514843120205,0.31756039779432654,10.004673263422665,0.021054455257812223,0.01473267240656761,0.006113861404017884,52.212616,-2.159789,0.0,Vw11
14366.51000000129,0.8719999985439699,0.45359999895666225,9.70200000237427,0.006500000224401447,-0.05199999930100239,0.007499999925199517,52.212616,-2.159789,0.0,Vw11
14366.61000000129,0.7591000021485793,0.372699997826917,9.886099996760366,0.02389999955635576,0.0021999994312584025,0.0017000002940432749,52.212616,-2.159789,0.0,Vw11
14366.71000000129,0.9257000037672544,0.20419999965517416,9.634900003366894,-0.010499999515694072,-0.04189999936071617,0.024499999710707925,52.212616,-2.159789,0.0,Vw11
14366.810000001291,1.2173999960093191,0.1774999981854671,9.895599997158739,0.026999999662923074,0.007599999354258762,0.002100000095569703,52.212616,-2.159789,0.0,Vw11
14366.910000001291,0.9084000037478821,0.03700000187652404,9.67560000337981,0.0009000002001797839,-0.04239999967971234,0.009500000064574124,52.212616,-2.159789,0.0,Vw11
14367.010000001292,1.1985999942639916,0.1823000043858223,9.937299998236279,0.016399999652995618,-0.0176000002022018,0.014500000079576194,52.212616,-2.159789,0.0,Vw11
14367.110000001292,0.7602000016791873,0.5152799958407821,9.80324100147381,-0.009943999669329264,-0.03314100005295898,0.020569999961249523,52.212616,-2.159789,0.0,Vw11
14367.210000001292,0.8888138612748735,0.19602376176108216,9.913708907673353,0.015199009641371471,-0.03710198007140776,0.01751782167602873,52.212616,-2.159789,0.0,Vw11
14367.310000001293,0.880200004726429,0.14839999819982888,9.664600003272446,-0.004899999913779902,-0.02730000007838191,0.009300000263885753,52.212616,-2.159789,0.0,Vw11
14367.410000001293,1.2367603892621786,0.01420693535863262,9.914271286056774,0.0015910889680346998,-0.033146534454957986,0.029464356389538628,52.212616,-2.159789,0.0,Vw11
14367.510000001294,0.7128000055128608,0.37489999810707697,9.831400001571557,-0.00929999984192982,-0.01780000033181674,0.02589999976746701,52.212616,-2.159789,0.0,Vw11
14367.610000001294,1.1310475198985825,0.2323039633762529,9.949865344161498,0.0026217819476899358,-0.04283861339392682,0.008148514914239962,52.212616,-2.159789,0.0,Vw11
14367.710000001294,0.7558000017820857,0.4626999940204289,9.76639999886159,-0.015199999866602592,-0.006700000462358003,0.013000000038853612,52.212616,-2.159789,0.0,Vw11
14367.810000001295,0.8933999979938584,0.0010000059510784922,9.678500000348388,-0.0049000000764121065,-0.04239999948454206,0.01599999979925633,52.212616,-2.159789,0.0,Vw11
14367.910000001295,0.738500003064255,0.46049999445429424,9.705400000792613,-0.01079999983163434,-0.002600000367814209,0.0005000000660511432,52.212616,-2.159789,0.0,Vw11
14368.010000001295,0.9751000010179647,0.03230000469222141,9.766600002118818,0.0021999997124832592,-0.030999999305815436,0.005599999864012352,52.212616,-2.159789,0.0,Vw11
14368.110000001296,1.05369999528371,0.3945999998986985,9.93019999779573,-0.019999999728152935,0.02259999953067912,-0.004899999870487955,52.212616,-2.159789,0.0,Vw11
14368.210000001296,0.6895415794362887,0.3867782177203553,9.760001977991022,0.0009900992820844993,-0.013637624232277958,0.005100000129672332,52.212616,-2.159789,0.0,Vw11
14368.310000001296,0.5978360048461132,0.45987699270618443,9.809165998269615,-0.0031340001738166976,0.016306999749652072,-0.026623999512275533,52.212616,-2.159789,0.0,Vw11
14368.410000001297,0.9682722779700451,-0.09140098309575141,9.679961389850225,-0.01620693044263186,-0.0023742568734958936,0.010196039079968196,52.212616,-2.159789,0.0,Vw11
14368.510000001297,1.025499993512709,0.4485000005226666,9.96609999777575,0.0030999997315335347,0.0401999995759008,-0.030199999691328413,52.212616,-2.159789,0.0,Vw11
14368.610000001298,0.525300004348638,0.48880000095454745,9.794600001097212,-0.017599999750987628,0.007500000634203388,-0.006400000121912308,52.212616,-2.159789,0.0,Vw11
14368.710000001298,0.8605999977479529,0.5623999971427315,9.87919999900775,0.0015999999480496628,0.05639999964154267,-0.0157999999844149,52.212616,-2.159789,0.0,Vw11
14368.810000001298,0.6872000055599848,0.34239999814147665,9.802799999446728,-0.0023999999337633196,0.02879999979349741,-0.014600000059742888,52.212616,-2.159789,0.0,Vw11
14368.910000001299,1.1152999936763452,0.19930000258972433,9.760200001222131,0.0027000000675354388,0.012900000502619514,-0.019199999877916707,52.212616,-2.159789,0.0,Vw11
14369.010000001299,0.6284000063769039,0.39869999589332583,9.854299998436295,0.00789999984285023,0.051599999225939976,-0.009800000053249096,52.212616,-2.159789,0.0,Vw11
14369.1100000013,1.1193999953179758,0.08250000324429857,9.733900001739038,-0.00419999985064278,-0.007999999455820216,-0.013900000033767719,52.212616,-2.159789,0.0,Vw11
14369.2100000013,0.7589000032215303,0.332299996968354,9.86779999948237,0.007299999990895958,0.03389999943294824,-0.016499999615029085,52.212616,-2.159789,0.0,Vw11
14369.3100000013,1.0065999959169751,0.09920000360089164,9.827999999178928,0.006599999892275405,-0.00969999978717824,0.013099999692590791,52.212616,-2.159789,0.0,Vw11
14369.4100000013,0.6950247514668245,0.37476237813984703,9.76706435847052,-0.001767326950327787,0.00619999960976734,-0.009940593591899487,52.212616,-2.159789,0.0,Vw11
14369.5100000013,0.6174999999882949,0.5209999977083826,9.923499998876302,-0.018499999733381626,-0.02379999986994226,0.0259999998673411,52.212616,-2.159789,0.0,Vw11
14369.610000001301,0.6165999998790463,0.34480000058395927,9.837100000434392,0.002000000002601155,-0.013800000355057636,0.015799999827023205,52.212616,-2.159789,0.0,Vw11
14369.710000001302,0.6073000041374108,0.38969999750966017,9.870499998204272,0.0021999998763381186,-0.04109999968163643,0.0025000002670570423,52.212616,-2.159789,0.0,Vw11
14369.810000001302,0.9180138564543352,0.20183168503321947,9.735029704311582,-0.007202970300898795,-0.016761385958056204,0.022573267031391935,52.212616,-2.159789,0.0,Vw11
14369.910000001302,0.5394000047675602,0.34499999928302416,9.837999999673743,-0.007499999951324578,-0.002900000173652855,-9.999979608945051e-05,52.212616,-2.159789,0.0,Vw11
14370.010000001303,0.8996326704441788,0.289535642308191,9.813284158525466,-0.0036495047544610228,-0.015769306499934087,0.01511584121401522,52.212616,-2.159789,0.0,Vw11
14370.110000001303,0.6829000003816021,0.19309999884086718,9.821699998553038,0.011399999723891961,0.01729999958193075,-0.013299999747335095,52.212616,-2.159789,0.0,Vw11
14370.210000001303,0.7121999989670614,0.10410000359180921,9.710600002489747,-0.00979999969090095,-0.014799999533090887,0.006099999737852704,52.212616,-2.159789,0.0,Vw11
14370.310000001304,0.6329999969898709,0.3794999999908705,9.901499999139219,0.013899999748286427,0.02099999975350329,-0.013999999903488061,52.212616,-2.159789,0.0,Vw11
14370.410000001304,0.4022000022680306,0.37880000074992387,9.835500001025112,-0.005399999847406798,0.002100000606460162,-0.006600000059993908,52.212616,-2.159789,0.0,Vw11
14370.510000001304,0.5760999978376108,0.43629999967133776,9.914099998597967,0.006300000013042154,0.048599999683075656,-0.011200000040430678,52.212616,-2.159789,0.0,Vw11
14370.610000001305,0.41030000417088086,0.41109999733418373,9.806600000564725,0.007299999814801413,0.02429999979523818,-0.014299999873491107,52.212616,-2.159789,0.0,Vw11
14370.710000001305,0.7300999952604011,0.20670000280405584,9.849900000817577,-0.006899999817155185,0.00860000042837928,-0.00460000005354741,52.212616,-2.159789,0.0,Vw11
14370.810000001306,0.36720000543963327,0.42139999529044,9.912499997466293,0.007099999873314665,0.04139999919417678,-0.008699999877232767,52.212616,-2.159789,0.0,Vw11
14370.910000001306,0.7836999966003925,0.06080000110359906,9.718500001371337,-0.00259999994645259,-0.020299999439711246,0.0006999998485000106,52.212616,-2.159789,0.0,Vw11
14371.010000001306,0.5234000033046627,0.14529999927046766,9.823499999480225,0.001499999953827067,0.02259999919791019,-0.010899999521120723,52.212616,-2.159789,0.0,Vw11
14371.110000001307,0.7709188079870096,0.09294257810116487,9.785007921978051,-0.0019564355866583936,-0.03780494997901589,0.0250217816841706,52.212616,-2.159789,0.0,Vw11
14371.210000001307,0.4727999966061205,0.387200000196178,9.875799999846981,0.002399999935915184,0.0016999995657926775,-0.012799999500400009,52.212616,-2.159789,0.0,Vw11
14371.310000001307,0.21330000684311162,0.40219999400897466,9.86409999838566,-0.0025000000871902256,-0.03149999997357872,0.025399999981505102,52.212616,-2.159789,0.0,Vw11
14371.410000001308,0.7258079136081568,-0.044983160054090594,9.743483170387696,-0.009100990100305002,-0.029705940863440305,0.02391881177498988,52.212616,-2.159789,0.0,Vw11
14371.510000001308,0.1766000041190776,0.5866999945717479,9.901799998591745,-0.009199999854682957,-0.05029999980712465,0.015800000107006187,52.212616,-2.159789,0.0,Vw11
14371.610000001308,0.4856544518541815,0.17787227993840543,9.79568712935007,0.0016623760576023165,-0.035496039337166024,0.02374257405150193,52.212616,-2.159789,0.0,Vw11
14371.710000001309,0.2111000071648339,0.38509999361435504,9.844399999387496,-0.01209999991401141,-0.01510000039025591,0.008000000338662754,52.212616,-2.159789,0.0,Vw11
14371.81000000131,0.7488930643203446,-0.09304355838809511,9.799170298431653,-0.005584158395091161,-0.04410593994690558,0.033102969645985164,52.212616,-2.159789,0.0,Vw11
14371.91000000131,0.36820000454456314,0.36259999397681675,9.906199998517451,-0.004000000075960998,0.005299999413266778,-0.01659999931504135,52.212616,-2.159789,0.0,Vw11
14372.01000000131,0.7151999940932453,-0.09729999222663147,9.793000001990967,-0.009799999731451018,-0.03949999908058354,0.03569999918641565,52.212616,-2.159789,0.0,Vw11
14372.11000000131,0.2665811853434046,0.4891811866532931,9.942066334755724,0.0102900987349541,0.029521781551805803,-0.02552277191409032,52.212616,-2.159789,0.0,Vw11
14372.21000000131,0.05470000732992521,0.37729999410091186,9.798700000748862,-0.010699999812456736,-0.01829999871604996,0.0021999996904880394,52.212616,-2.159789,0.0,Vw11
14372.310000001311,0.6135999998832773,-0.07249999736127938,9.855799998758018,0.0035999999291794664,0.07959999913703869,-0.021399999955409293,52.212616,-2.159789,0.0,Vw11
14372.410000001311,0.6046999996944226,0.1286999978793185,9.761100001656414,-0.001799999872785338,0.01380000059804006,-0.01800000022164204,52.212616,-2.159789,0.0,Vw11
14372.510000001312,0.5813999919395741,-0.032999993355984775,9.88739999954229,0.007899999849178494,0.059399999870162354,-0.03489999990294964,52.212616,-2.159789,0.0,Vw11
14372.610000001312,-0.03319999378300106,0.473599995294528,9.852500000127174,-0.0035999998860724676,0.04949999970988222,-0.02749999989269616,52.212616,-2.159789,0.0,Vw11
14372.710000001312,0.43164157831027844,0.12238812404312646,9.862332673572526,0.00501584160493794,0.027997030223757127,-0.019551485347219053,52.212616,-2.159789,0.0,Vw11
14372.810000001313,-0.014199992901557563,0.521199994262147,9.885599998526466,0.006599999990806828,0.06769999915422813,-0.034699999516701795,52.212616,-2.159789,0.0,Vw11
14372.910000001313,0.526299993373036,0.08430000432079104,9.773400001280478,0.005899999867355655,0.003300000424199243,0.0020999996493461367,52.212616,-2.159789,0.0,Vw11
14373.010000001314,0.02170000814783047,0.41329999453317984,9.87089999938049,-0.0041999999323446184,0.03559999929691466,-0.024599999469369555,52.212616,-2.159789,0.0,Vw11
14373.110000001314,0.6333376203966272,0.0012425743133481564,9.824407921065188,0.000903960401241689,-0.016985147969933077,0.015155445223325707,52.212616,-2.159789,0.0,Vw11
14373.210000001314,0.3771000038190835,0.005500000834651392,9.845200000967466,0.0013000001666698567,0.02449999917185915,-0.009299999610669631,52.212616,-2.159789,0.0,Vw11
14373.310000001315,0.6674960434224686,0.06896534736917913,9.918764357402964,0.013973267493377423,-0.038470297857719084,0.020303960785311326,52.212616,-2.159789,0.0,Vw11
14373.410000001315,0.23390899420247702,0.09068700028007992,9.817034998639048,0.0012299998290591987,-0.006924999572647993,-0.007219000369495118,52.212616,-2.159789,0.0,Vw11
14373.510000001315,0.0640000019819929,0.4481999956507743,9.883099999552325,-0.010299999855202932,-0.03119999967586711,0.027299999871143895,52.212616,-2.159789,0.0,Vw11
14373.610000001316,0.2125386129914349,0.12298812169001333,9.849802970827074,0.0006198020062444644,-0.007046534977743582,0.017462376056600972,52.212616,-2.159789,0.0,Vw11
14373.710000001316,0.1464000043762193,0.3417999957633772,9.890099999591746,0.002599999840649252,-0.03169999992888479,0.003700000327920134,52.212616,-2.159789,0.0,Vw11
14373.810000001316,0.47869999556451803,0.020100004602734405,9.859100000717737,-0.009499999812993338,-0.026299999762949302,0.02859999943239527,52.212616,-2.159789,0.0,Vw11
14373.910000001317,0.1419000046356581,0.36959999612422106,9.91359999968525,0.004699999942054274,-0.008300000350308255,-0.014499999541701983,52.212616,-2.159789,0.0,Vw11
14374.010000001317,0.4938999965346966,0.0752999984901653,9.889699998162923,0.0003000001609603512,-0.03489999915662097,0.020299999599594498,52.212616,-2.159789,0.0,Vw11
14374.110000001318,0.23561188410153006,-0.03712772135991178,9.752247525605371,0.01231980187456404,0.028128712382240923,-0.009603960137823208,52.212616,-2.159789,0.0,Vw11
14374.210000001318,0.4567999976750132,0.07009999788074092,9.816999999653165,0.004300000035606717,-0.008999999421061148,0.009999999674264473,52.212616,-2.159789,0.0,Vw11
14374.310000001318,0.28049999755510885,-0.09059999326523632,9.790700002032452,0.007000000058180912,0.03489999986683036,-0.014699999839679267,52.212616,-2.159789,0.0,Vw11
14374.410000001319,0.09510784069309106,0.4200862812425641,9.944817649090673,0.011411764764045955,0.024801960651183702,-0.0025431370946289236,52.212616,-2.159789,0.0,Vw11
14374.510000001319,0.207499997659188,0.1104000030384399,9.86700000009759,0.011699999989449861,0.006600000253203325,-0.014400000083082341,52.212616,-2.159789,0.0,Vw11
14374.61000000132,0.030000004621013963,0.3407999964899476,9.874399999463169,0.010899999833488975,0.025799999833488976,-0.02069999970294433,52.212616,-2.159789,0.0,Vw11
14374.71000000132,0.3742425707523252,0.07808118914918606,9.834331683473902,-0.0016108911034740771,0.013446534846742126,0.0014178215418881664,52.212616,-2.159789,0.0,Vw11
14374.81000000132,0.1085000033080687,0.15619999887353989,9.857499999580053,-0.002699999930008926,0.028099999582694726,-0.016799999701547493,52.212616,-2.159789,0.0,Vw11
14374.91000000132,0.3589999969402015,0.07090000187787374,9.825700000330146,0.002599999961702997,-0.0034999999762294464,0.005799999775500327,52.212616,-2.159789,0.0,Vw11
14375.01000000132,0.12729999893560742,0.2130999992776393,9.850700000940257,-0.00030000002905289873,-0.0017000002865672286,-0.011199999615709385,52.212616,-2.159789,0.0,Vw11
14375.110000001321,0.04670000300666822,0.15839999569142044,9.92189999673455,-0.0025000000386838413,-0.023399999953312607,0.01789999978923976,52.212616,-2.159789,0.0,Vw11
14375.210000001322,0.27227900023642404,-0.16194799649722624,9.678166001407977,-0.005516000153213332,-0.01977999984150345,0.002269000223215975,52.212616,-2.159789,0.0,Vw11
14375.310000001322,0.289617821276708,0.09844455160464592,9.784126733237665,-0.016821781942506324,-0.007940594113095783,0.01898316829457004,52.212616,-2.159789,0.0,Vw11
14375.410000001322,0.25139999805474184,-0.11709999377808307,9.826800001485061,0.0009999998426337697,-0.012000000189103958,0.017299999734196533,52.212616,-2.159789,0.0,Vw11
14375.510000001323,0.104300001696646,0.35339999559639035,9.939099998742392,-0.01089999986246985,-0.02629999988759555,-0.002799999611212843,52.212616,-2.159789,0.0,Vw11
14375.610000001323,0.23259999750479485,0.020400003845661464,9.84400000033394,-0.0004999999839708449,-0.017799999966605928,0.026599999664723505,52.212616,-2.159789,0.0,Vw11
14375.710000001323,0.04667900116258612,0.3062049972291036,9.868910999882287,0.000673999965611787,-0.015391000120358744,0.001533000043646578,52.212616,-2.159789,0.0,Vw11
14375.810000001324,0.13334653418532794,0.10063366579488146,9.860724753302684,-0.001781187961454765,-0.023896038936503963,0.004769306890042481,52.212616,-2.159789,0.0,Vw11
14375.910000001324,0.09800000126595843,0.28399999632395334,9.923199999124687,0.01009999987684714,0.026499999455743817,0.001700000014566467,52.212616,-2.159789,0.0,Vw11
14376.010000001324,0.19359999892189417,0.006399999842163166,9.85709999963751,0.000800000050828811,-0.014599999458271883,0.0027999997806335527,52.212616,-2.159789,0.0,Vw11
14376.110000001325,0.11254455385223507,-0.0022683126839554498,9.831021783531508,0.00468415852730439,0.025848514783296136,-0.013476237459846484,52.212616,-2.159789,0.0,Vw11
14376.210000001325,0.06699999950936399,0.31089999671936897,9.9331999983809,0.013099999907176972,0.020699999790485164,-0.0011000002320575733,52.212616,-2.159789,0.0,Vw11
14376.310000001326,0.03000000110989822,0.06350000213095154,9.811100000739932,0.006099999921763447,0.004899999974805178,-0.01859999989126445,52.212616,-2.159789,0.0,Vw11
14376.410000001326,0.11370000078643556,0.2241999976853324,9.866900000661708,0.00019999992778972265,0.003000000021006626,-0.010399999763675456,52.212616,-2.159789,0.0,Vw11
14376.510000001326,0.1730069314793874,0.04964554224013362,9.916800990760619,-0.005245544626654935,0.004584158436845072,0.007421782414507059,52.212616,-2.159789,0.0,Vw11
14376.610000001327,0.12600000060732783,0.19839999775633477,9.892199999659208,0.005799999867395672,0.01859999983026646,-0.015599999783854946,52.212616,-2.159789,0.0,Vw11
14376.710000001327,0.17179999951267455,0.029200000167310645,9.866499998952317,-0.004199999981409928,0.0058000000703767,0.0007000000942782207,52.212616,-2.159789,0.0,Vw11
14376.810000001327,0.13509999869628067,0.041799999962444295,9.78760000064247,-0.0028000001475402517,0.011099999597617496,0.007799999770641972,52.212616,-2.159789,0.0,Vw11
14376.910000001328,0.039253001796868366,0.038991999989375505,9.834995999330657,-0.013717999891098887,-0.01867899970649822,-0.009068999693217596,52.212616,-2.159789,0.0,Vw11
14377.010000001328,0.17299306903211423,0.038409901268860194,9.78644356614077,-0.005535643478887204,0.0030079205369864235,0.013586138329840554,52.212616,-2.159789,0.0,Vw11
14377.110000001328,0.15229999997211488,0.05940000077547156,9.92079999809983,0.0009000000385080057,-0.01619999988978743,-0.007799999859246599,52.212616,-2.159789,0.0,Vw11
14377.210000001329,0.150199999574502,0.11779999958115041,9.777700001422758,0.0037999999920219126,-0.007900000122330676,0.00279999998936255,52.212616,-2.159789,0.0,Vw11
14377.31000000133,0.11819999930829712,0.0863000009979325,9.884700000835416,0.0031999998724043244,-0.017099999912697696,0.002000000103419653,52.212616,-2.159789,0.0,Vw11
14377.41000000133,0.06827900209988264,0.15797499650906147,9.945192997729892,-0.00625499994015534,-0.010552999937495576,0.009753000070483712,52.212616,-2.159789,0.0,Vw11
14377.51000000133,0.22312277031269306,-0.10029504737055996,9.776638614444689,-0.0018425743140443689,-0.006008911035927455,0.014852475051334628,52.212616,-2.159789,0.0,Vw11
14377.61000000133,0.0754000011275697,0.06019999849347114,9.820499999748689,-0.006099999933515937,-0.016899999732734067,0.00010000010105577531,52.212616,-2.159789,0.0,Vw11
14377.71000000133,0.16019999910090776,-0.05309999779972881,9.80160000137105,-0.0011000000237297073,0.00319999986948661,0.0076999998549851225,52.212616,-2.159789,0.0,Vw11
14377.810000001331,0.092675246625794,0.11214752695241906,9.904570298400548,-0.0028821782415479587,-0.0066019803285137756,-0.003191089253904192,52.212616,-2.159789,0.0,Vw11
14377.910000001331,0.1470999967484764,0.038700001885404345,9.803200001262262,-0.010799999834893971,-0.031199999483377903,0.011199999757666956,52.212616,-2.159789,0.0,Vw11
14378.010000001332,-0.09709999531178765,0.18029999734632,9.897999998930805,0.0015999998109269655,0.0075999996418264345,-0.006999999679108441,52.212616,-2.159789,0.0,Vw11
14378.110000001332,0.2549999985635937,-0.019000002068532702,9.81770000040214,-0.012599999698731257,-0.019299999471434754,0.01709999953733729,52.212616,-2.159789,0.0,Vw11
14378.210000001332,0.14927029845503503,-0.17080494783820946,9.847741584346966,0.009648514649749897,0.0197188115067253,-0.01710594033562732,52.212616,-2.159789,0.0,Vw11
14378.310000001333,0.2562999967919531,0.028700000828274067,9.861900000223567,-0.00549999986532129,-0.008400000068686141,0.0022999999703706836,52.212616,-2.159789,0.0,Vw11
14378.410000001333,0.01804257418084752,0.09125445685167918,9.879179208826528,0.0043415839471655695,-0.013560396120143127,0.0002653467551459365,52.212616,-2.159789,0.0,Vw11
14378.510000001334,0.01230000267875955,0.19669999617108427,9.947099997894972,-0.011499999924579922,-0.019600000001346787,0.016799999896297393,52.212616,-2.159789,0.0,Vw11
14378.610000001334,0.20915346261740836,-0.08576831438906891,9.791700001200182,-0.005812871170939494,-0.01956930675640924,0.009121782207265127,52.212616,-2.159789,0.0,Vw11
14378.710000001334,0.004500003250184965,0.09739999809439363,9.881699999514495,0.0028999998732293,-0.0065000001861101765,0.011300000040458733,52.212616,-2.159789,0.0,Vw11
14378.810000001335,0.24413267144148568,-0.044242574714877594,9.8449732663563,-0.0063118809369169275,-0.020016831305043375,0.014055445217992006,52.212616,-2.159789,0.0,Vw11
14378.910000001335,0.1074000008945426,-0.07849999988651325,9.772300000817104,0.012499999889183528,0.008299999809075235,-0.01039999981174551,52.212616,-2.159789,0.0,Vw11
14379.010000001335,0.1743999976007566,-0.06999999955406384,9.833499998974615,0.004199999983978341,-0.005999999811745511,0.0036999999132160157,52.212616,-2.159789,0.0,Vw11
14379.110000001336,-0.005300000179367054,-0.036599997700595285,9.75670000190291,0.0030000002090367923,0.00810000003641286,-0.0028000001092385817,52.212616,-2.159789,0.0,Vw11
14379.210000001336,-0.01753861244405955,0.13218514622491712,9.897470296589432,0.018345544348202694,0.010863366421250176,-0.01078613846181609,52.212616,-2.159789,0.0,Vw11
14379.310000001336,0.08859999982886947,-0.03929999773920536,9.864500000729977,0.0028999999491956256,0.017199999652391124,0.0005999998208477336,52.212616,-2.159789,0.0,Vw11
14379.410000001337,0.07580000068986993,0.12979999755871613,9.919099999576185,-0.0009000001550870365,-0.008799999868978194,-0.012799999663086783,52.212616,-2.159789,0.0,Vw11
14379.510000001337,0.127399999929776,-0.05279999896014439,9.887399998105302,-0.012499999841995967,0.0009999999837944581,0.012399999883860282,52.212616,-2.159789,0.0,Vw11
14379.610000001338,0.12164950421438775,0.023340592910231238,9.747979209096446,-0.0009039605350526728,-0.000248514916357914,0.00381782180600903,52.212616,-2.159789,0.0,Vw11
14379.710000001338,0.0666000009224168,-0.06259999865988503,9.835899999463152,-0.011299999971885698,-0.005099999977240805,0.005599999977240804,52.212616,-2.159789,0.0,Vw11
14379.810000001338,0.1354999986505136,0.03749999791954178,9.795799999795166,-0.009199999629158993,-0.00339999976035906,0.003899999888881575,52.212616,-2.159789,0.0,Vw11
14379.910000001339,0.034700001680164134,-0.11789999982462032,9.780499999677355,0.018499999713501893,0.014499999586318155,-0.004399999973224477,52.212616,-2.159789,0.0,Vw11
14380.010000001339,0.16019999792623568,-0.10479999882723205,9.756400000737665,-0.0028999998902203513,-0.016399999639869205,-0.0024000001378939487,52.212616,-2.159789,0.0,Vw11
14380.11000000134,0.0052999989437055774,-0.017199997784325387,9.811500001429813,0.0053000000910367814,0.010500000036146958,-0.012700000038824509,52.212616,-2.159789,0.0,Vw11
14380.21000000134,-0.07359999824113911,0.14829999698097962,9.918299998081608,0.012099999892752384,0.013199999951738574,-0.01559999976271465,52.212616,-2.159789,0.0,Vw11
14380.31000000134,0.0575999988859654,-0.07689999625035525,9.775200001827232,0.004100000048261427,0.00960000003619607,0.0020999997774611982,52.212616,-2.159789,0.0,Vw11
14380.41000000134,-0.02549999865538302,0.20279999632945037,9.911499999916883,0.007699999853875124,0.01229999993297024,-0.014499999865940482,52.212616,-2.159789,0.0,Vw11
14380.51000000134,0.07479999807848023,-0.07099999800264857,9.905300000478011,-0.0032000000934354223,0.0073000000352075505,-0.004499999890314938,52.212616,-2.159789,0.0,Vw11
14380.610000001341,-0.06617499875976438,0.07530599839909044,9.939407998401771,-0.010169000092514873,0.009495999458318707,0.0036630000844701024,52.212616,-2.159789,0.0,Vw11
14380.710000001342,0.0266550016827209,-0.04258199957362132,9.821578000238665,-0.01677399969697616,-0.03020099959909677,0.009809999879326788,52.212616,-2.159789,0.0,Vw11
14380.810000001342,0.14955247343832148,-0.010168315580793898,9.840402971912152,0.005659406020353205,-0.000736633846812372,0.0008950494983038995,52.212616,-2.159789,0.0,Vw11
14380.910000001342,0.014800000716849173,0.08299999769373244,9.96069999727624,0.011599999644260242,-0.014400000092626578,0.0004000000281906978,52.212616,-2.159789,0.0,Vw11
14381.010000001343,0.06819999894083521,-0.08880000013961108,9.757800000647043,-0.014899999618754373,-0.02129999941604983,0.002500000044299668,52.212616,-2.159789,0.0,Vw11
14381.110000001343,-0.010699997784338616,-0.09919999859792296,9.806000000364756,0.013499999894234034,0.022199999609479514,0.00579999989287806,52.212616,-2.159789,0.0,Vw11
14381.210000001343,0.15150890929189678,0.002058412966228383,9.832207919862872,0.005792079331549127,-0.0063900987280815615,-0.0021514852176403717,52.212616,-2.159789,0.0,Vw11
14381.310000001344,0.03239999963033588,-0.2120999933648651,9.763000002945216,0.014999999955640305,0.014600000134423316,-0.007299999986557669,52.212616,-2.159789,0.0,Vw11
14381.410000001344,0.004899999499945261,0.28149999461365766,9.982099997990373,0.011699999857511285,0.024599999604795447,-0.006300000104850188,52.212616,-2.159789,0.0,Vw11
14381.510000001344,-0.032299999831970856,-0.1191999958463195,9.832600001576784,0.0011000001061944205,-0.004799999661253241,-0.014099999973115337,52.212616,-2.159789,0.0,Vw11
14381.610000001345,-0.01979999886681144,0.1897999971717334,9.949899998681307,0.008999999866920915,0.020399999774168828,-0.012099999754005329,52.212616,-2.159789,0.0,Vw11
14381.710000001345,0.06449999819494406,-0.020599997683444234,9.851800000734945,-0.000899999932697392,0.003599999993269739,0.0061999997792474455,52.212616,-2.159789,0.0,Vw11
14381.810000001346,-0.06959999802803359,0.15149999775074685,9.906399999724059,0.004099999908468453,0.003099999635219865,-0.010199999699830369,52.212616,-2.159789,0.0,Vw11
14381.910000001346,0.07690000035670382,-0.015600001118569342,9.88589999840089,-0.0026999999690408005,-0.023999999750980352,0.012099999905776348,52.212616,-2.159789,0.0,Vw11
14382.010000001346,0.10339999969713827,-0.09870000037151039,9.767100000437466,-0.00040000010903022486,-0.005500000366126187,0.0051000000498039304,52.212616,-2.159789,0.0,Vw11
14382.110000001347,0.08089999957733962,-0.12629999939831468,9.799600000195177,-0.008499999858664524,-0.03269999957330146,0.008800000008076313,52.212616,-2.159789,0.0,Vw11
14382.210000001347,0.049499998018629414,-0.08159999773288074,9.814100001237346,0.0019999999379979273,-0.001000000291140168,0.009399999880039468,52.212616,-2.159789,0.0,Vw11
14382.310000001347,-0.09749999904981757,0.08660000040169229,9.905899998572059,-0.0025999999666368526,-0.022599999745105553,0.0005000001161037524,52.212616,-2.159789,0.0,Vw11
14382.410000001348,-0.027004949545006735,0.11640198059965305,9.799959404512862,-0.00012475244188928092,-0.003689108656034109,0.009113861502225302,52.212616,-2.159789,0.0,Vw11
14382.510000001348,0.1478999980340142,0.2418999994431522,9.898500001937395,0.008400000133425628,-6.398984238099911e-11,-0.010399999903334492,52.212616,-2.159789,0.0,Vw11
14382.610000001348,0.003604950636531931,0.20461881675966234,10.04005742474152,0.018195049498276796,-0.004488118526246857,-0.0035871290999458486,52.212616,-2.159789,0.0,Vw11
14382.710000001349,0.01410000167766484,0.5664999990282231,9.96579999960454,0.01769999978809865,0.016699999982454028,-0.03229999944527735,52.212616,-2.159789,0.0,Vw11
14382.81000000135,0.13840000750697654,0.49450000111619374,9.936500000213252,0.0020000000053987605,0.015400000155214366,0.008799999538405974,52.212616,-2.159789,0.0,Vw11
14382.91000000135,0.6945999935984196,0.5772000008003663,9.952299997887733,0.0024000003131281118,0.026900000241594536,-0.025399999831288732,52.212616,-2.159789,0.0,Vw11
14383.01000000135,0.22030000676464698,0.6365000022485837,9.795800000985274,0.02560000104870924,0.04480000049398659,-0.012900000171410648,52.212616,-2.159789,0.0,Vw11
14383.11000000135,0.721500015524136,0.8031000471743697,9.86879999886626,0.10329999985963223,0.08140000039950829,-0.02560000030907904,52.212616,-2.159789,0.0,Vw11
14383.21000000135,1.8717000050654562,4.298299988445948,9.784799999905395,0.09289999964185008,0.11099999933640901,-0.04849999940128146,52.212616,-2.159789,0.0,Vw11
14383.310000001351,2.2464999899223836,3.443400004824478,9.777799996906545,0.06639999922049322,0.06190000012559478,-0.004200000514665596,52.212616,-2.159789,0.0,Vw11
14383.410000001351,1.5020455361002627,3.779962353478086,9.554428717235561,0.009137623542891101,0.07015148386640047,-0.041402969625191056,52.212616,-2.159789,0.0,Vw11
14383.510000001352,0.8766000008352327,2.0962000160316014,9.877300000735222,-0.0071000000783875295,-0.024699999063404175,0.00830000024867768,52.212616,-2.159789,0.0,Vw11
14383.610000001352,0.938399994887241,3.282399984810389,9.93169999626578,-0.012900000347337846,0.044599998389001125,0.026700000943353373,52.212616,-2.159789,0.0,Vw11
14383.710000001352,0.5601000321577827,2.158499992069497,9.655400004204791,-0.038599998484272514,-0.0745999971986108,0.0964999993788224,52.212616,-2.159789,0.0,Vw11
14383.810000001353,2.936299993846417,1.5725000085192005,9.966099998374654,0.07339999867373845,0.1323999972134974,0.05060000018405262,52.212616,-2.159789,0.0,Vw11
14383.910000001353,2.4815999793292662,2.2019999925972953,9.845999996910352,-0.024600000047366486,-0.07349999865073187,0.06419999862637195,52.212616,-2.159789,0.0,Vw11
14384.010000001354,0.9541999694540312,1.6550000145563972,9.617700000511558,-0.028099999832187313,0.026199998537052308,-0.03729999803090759,52.212616,-2.159789,0.0,Vw11
14384.110000001354,-1.302899980685301,2.730599984840018,9.655499994475715,-0.0157000008471834,-0.08190000019081926,0.10819999983218732,52.212616,-2.159789,0.0,Vw11
14384.210000001354,0.1242999850304154,1.610400010400412,9.24730000655672,-0.07829999912257646,-0.09599999884470288,0.09580000015604724,52.212616,-2.159789,0.0,Vw11
14384.310000001355,-0.9361653016257595,2.3653811815876584,9.72742178369862,-0.013693068619864605,-0.012307921751556265,0.1071336632764276,52.212616,-2.159789,0.0,Vw11
14384.410000001355,2.3772999666660914,1.8835000004566844,9.839600000233085,0.036999999555511746,-0.08309999854592715,0.1004999992289213,52.212616,-2.159789,0.0,Vw11
14384.510000001355,-0.08249998345907443,1.917200010078229,9.85680000529727,0.0042000013944463715,0.024199999670699253,0.04360000006369191,52.212616,-2.159789,0.0,Vw11
14384.610000001356,1.1380999797283544,2.660899997579707,10.247699989087,0.10709999906494849,-9.99977748484525e-05,0.04829999895111614,52.212616,-2.159789,0.0,Vw11
14384.710000001356,-0.3577999886652622,2.4822999762055993,9.442400010113468,0.03810000019133222,0.16409999885336365,-0.029099999153253158,52.212616,-2.159789,0.0,Vw11
14384.810000001356,0.47749998185914516,0.7288000143989181,10.187699990575252,0.05219999934207705,0.07960000236989331,0.033299999560014025,52.212616,-2.159789,1.9326486808188393e-08,Vw11
14384.910000001357,-0.8372405821714537,1.7813990127496913,9.504768323167356,0.004126732573831534,0.25111881000668906,0.0009673264168974379,52.212616,-2.159789,1.4205940737838187,Vw11
14385.010000001357,0.038699991014170515,1.9912999956224275,9.971599994147406,-0.0031999996078367985,0.1129999999280808,-0.02229999977338666,52.212616,-2.159789,2.4800000161478963,Vw11
14385.110000001358,-0.6235000010417114,1.6686999918198246,9.540299996192271,0.025699999954767797,0.10770000023575572,-0.0055999993955332845,52.212616,-2.159789,3.670000016585141,Vw11
14385.210000001358,-0.6932049419515203,1.0899119056335236,9.268313869276607,0.022404950501768228,0.1235673249239928,0.03827623732007606,52.212616,-2.159789,4.891980214279114,Vw11
14385.310000001358,-0.06369999010532702,2.89109998118762,9.849700003199938,0.022900000702491888,-0.009699998123517798,0.01590000018615356,52.212616,-2.159789,6.090000015626028,Vw11
14385.410000001359,0.6644999917834266,1.506600009446274,10.085199992245414,0.07459999986955664,0.1284000006997743,0.029599998980911188,52.212616,-2.159789,7.240000012636702,Vw11
14385.510000001359,0.05979999145612409,2.201799993109999,9.514500011419285,0.06500000010431077,0.17989999954432662,-0.0454000005119463,52.212616,-2.159789,8.170000015372114,Vw11
14385.61000000136,-0.5665703022894413,1.7023564391177635,10.345250493351427,0.07174950379467125,0.14635841537737088,-0.08159504800332144,52.212616,-2.159789,9.299306943341199,Vw11
14385.71000000136,-0.9535999984216993,1.9580000070084715,10.220300006185306,-0.013299999187719368,0.11220000145720696,0.028899997862491,52.212616,-2.159789,10.230000013606041,Vw11
14385.81000000136,-0.837599983370697,2.473099976207117,10.674899978755526,0.04639999866252619,0.21929999991292135,-0.12819999941085844,52.212616,-2.159789,11.230000013469981,Vw11
14385.91000000136,0.38459997583839284,0.7243999939412301,9.113500012801923,-0.05189999779854261,0.21290000035647827,-0.08489999879178359,52.212616,-2.159789,12.220000011429075,Vw11
14386.01000000136,-1.391199947424898,0.27909998000728375,10.05439997648876,0.10989999590186053,0.23909999680121982,0.003900002583787136,52.212616,-2.159789,13.060000010068471,Vw11
14386.110000001361,2.472899936266584,-1.1902999712477147,8.326400018926002,-0.19129999743390072,0.004000004587956937,0.19379999555218527,52.212616,-2.159789,13.800000013742102,Vw11
14386.210000001362,-2.2112999972138447,0.9229000335564801,9.717400012159626,-0.002700002177152055,0.3411999909575981,-0.13309999669339923,52.212616,-2.159789,14.810000013487988,Vw11
14386.310000001362,-2.006800017982622,3.3858999927982314,10.609899989505255,-0.1624999971239249,-0.3224999941334063,0.10959999919344555,52.21261600000151,-2.159788999999496,15.800000011444354,Vw11
14386.410000001362,-3.326699955887466,2.8572999930639043,9.839599990525711,0.04859999929426485,0.1080999967574331,0.050400001689404596,52.212727,-2.159752,16.6400000106269,Vw11
14386.510000001363,-0.08889998426810089,2.348199984398893,9.14420001964069,-0.0031999984999722076,-0.1298999994155205,0.17439999671928527,52.212727,-2.159752,17.420000009128238,Vw11
14386.610000001363,1.0657999843375845,1.2031000067235578,10.585799982855269,0.10689999941143323,-0.08700000121391895,-0.06639999803538595,52.212727,-2.159752,18.090000007902052,Vw11
14386.710000001363,-0.08379998264274836,1.6966000002237358,9.327400026147064,0.06370000174213711,-0.17609999882129487,0.07780000128648025,52.212727,-2.159752,18.670000009004,Vw11
14386.810000001364,1.1884999482815837,1.7130000031882338,11.24399998412568,0.1913999961623871,-0.08970000114459908,0.17209999956889951,52.212727,-2.159752,19.33000000750333,Vw11
14386.910000001364,-2.602499959116394,1.946699988766831,10.080399990155628,-0.0898999987448973,-0.17359999947885954,0.14049999866031432,52.212727,-2.159752,19.880000008321876,Vw11
14387.010000001364,0.3942999845813363,1.1233000153845576,9.358799998641215,0.0020999998335624694,-0.1353999982906047,0.04230000034788172,52.212727,-2.159752,20.49000000914042,Vw11
14387.110000001365,-0.7358999868555278,2.250999979575932,9.259200012758392,-0.010099999199189915,-0.010099999799456418,0.06779999918418325,52.212727,-2.159752,21.160000008321877,Vw11
14387.210000001365,0.22759998214652896,0.7539000201149108,10.19439999009944,0.04859999903158445,0.0045999985920103514,0.008000000481502704,52.212727,-2.159752,21.77000000946775,Vw11
14387.310000001366,-1.0793307109201888,2.226375267636746,9.469647514853351,-0.022291090077186,-0.09846930833847853,0.043247525233908124,52.212727,-2.159752,22.463069316397068,Vw11
14387.410000001366,-2.0031930470274375,3.467331630200749,10.29594353654427,0.05470494817917261,0.04590791684074953,0.0329633691557268,52.212727,-2.159752,23.186534662393377,Vw11
14387.510000001366,-0.3724999596004695,-0.4095000003753218,8.26030002389779,-0.11479999755074914,-0.24329999843247943,0.23929999701122404,52.212727,-2.159752,23.84000001021096,Vw11
14387.610000001367,2.5343099713221786,-0.41687497291387304,9.983219987730976,0.06171399865286653,-0.12992600030877502,0.024560002541245705,52.212727,-2.159752,24.587000009563827,Vw11
14387.710000001367,0.4736990237718939,1.5504730063846233,9.111475023602477,-0.03447199804895313,-0.15377100200979688,0.20748199833587178,52.212727,-2.159752,25.288200011203493,Vw11
14387.810000001367,2.162948469360855,2.0023732526517244,10.814325732485697,0.10466633357783733,-0.2979435623639179,0.0870990101732512,52.212727,-2.159752,26.105445552004387,Vw11
14387.910000001368,-1.1621999827099962,0.9297000229434518,10.076900006653368,-0.11869999714523437,-0.15229999906573793,0.10700000001915032,52.212727,-2.159752,26.650000007112975,Vw11
14388.010000001368,0.10180000150603592,2.606999977818458,10.563299982682638,0.08999999695646693,-0.08399999961562572,0.10839999889748869,52.212727,-2.159752,27.170000009301585,Vw11
14388.110000001368,0.2118999991710647,0.9854000079979945,9.297300003604363,-0.13249999693731662,-0.05590000059365993,0.027799999318795742,52.212727,-2.159752,27.850000006702615,Vw11
14388.210000001369,0.15129999074553863,1.5700999989595823,9.560800010499642,0.09139999998339758,-0.09929999743631082,-0.02200000090759854,52.212727,-2.159752,28.340000008162853,Vw11
14388.31000000137,-0.5052920623473354,1.4855732545500682,10.31946039571137,0.08960098927842795,0.08482574096564555,-0.08690395944253694,52.212727,-2.159752,28.93564357208754,Vw11
14388.41000000137,0.7255000172872619,0.5528999928208401,10.29549998923472,0.02969999854452185,-0.0326000001369699,-0.017299999724676662,52.212727,-2.159752,29.50000000926968,Vw11
14388.51000000137,1.9682889908066072,0.03426400036165337,9.516081998194473,-0.07458399874517241,-0.04240099986437999,0.0027160001589082968,52.212727,-2.159752,30.175000006849498,Vw11
14388.61000000137,1.310621009207092,0.0580439967725177,9.38133399415601,0.014734998130087716,-0.035026003323375236,0.015486001761690255,52.212727,-2.159752,30.674200005753576,Vw11
14388.71000000137,1.9629583979757206,-0.1750643562498234,8.963314857396128,-0.11985742499929355,-0.27315346254295586,0.14172475100224968,52.212727,-2.159752,31.095742582124267,Vw11
14388.810000001371,0.6587999930518899,-0.16149998817614325,9.394800016174312,-0.06560000112190174,-0.06850000405695028,0.034200001836462615,52.212727,-2.159752,31.670000006994744,Vw11
14388.910000001371,0.15219998908408816,0.7006000032916432,10.57410000096692,-0.1473999985983086,-0.36429999623655457,0.1680999981662804,52.212727,-2.159752,32.1800000076805,Vw11
14389.010000001372,-0.6436999900571871,0.9405999907124679,10.644599967206867,-0.04520000112492184,-0.08990000329579934,0.03440000260588422,52.212727,-2.159752,32.7400000048488,Vw11
14389.110000001372,0.10860202766273692,0.2497395758941725,8.273805935526791,-0.12455643311468423,-0.3287534666544356,0.22158514725991849,52.212727,-2.159752,33.09287129106736,Vw11
14389.210000001372,3.5687999735756226,-1.796299985187187,7.904400013135969,0.059799995776988725,-0.42409999709676555,0.1301000015559908,52.212727,-2.159752,33.38000000521868,Vw11
14389.310000001373,1.6446999878871678,-0.7177000072841795,8.860900008668503,-0.2476999972313526,-0.21269999819131516,0.24339999652271072,52.212727,-2.159752,33.76000000851469,Vw11
14389.410000001373,0.7626999798435329,-1.2480999862528965,9.492100029261692,-0.04610000228935278,-0.08100000355831617,-0.009799997092645571,52.212727,-2.159752,34.38000000727869,Vw11
14389.510000001374,-0.7049999332297284,-0.2470999897521593,11.622799980199227,-0.21279999731649948,-0.34010000193503187,0.20189999955915883,52.212727,-2.159752,34.910000005905346,Vw11
14389.610000001374,4.15689991606439,0.49910001831894224,10.181000008028528,-0.017400000020600055,-0.4809999938172368,0.16979999630435014,52.212727,-2.159752,35.340000006729355,Vw11
14389.710000001374,-1.9548999745485018,1.8329999760889544,10.765599983550912,-0.018900001698803813,-0.030800004212977895,-0.09929999606483139,52.212727,-2.159752,35.83000000541728,Vw11
14389.810000001375,-0.12091699768527572,0.1096259972850471,9.594758018372007,-0.13963899785306916,-0.3279639915608151,0.1801549947117559,52.212727,-2.159752,36.22380000522635,Vw11
14389.910000001375,0.035518797878449325,-0.10494953128784514,10.901319780139302,0.014431682524215358,0.27725841275861224,-0.19960791956515442,52.212727,-2.159752,36.60396040148655,Vw11
14390.010000001375,-0.9825999688936937,-2.019899992589437,9.31330000802591,-0.032399998942935646,0.053099997512217806,-0.11039999895126992,52.212727,-2.159752,37.00000000527837,Vw11
14390.110000001376,1.2607594113862504,-1.4880603983232663,9.879973252023335,0.0417287101600338,-0.1271673283381819,-0.03370593895178341,52.212727,-2.159752,37.382970301114966,Vw11
14390.210000001376,1.656699973099417,-1.6541000050094348,8.76730000677334,-0.15539999973286686,-0.24389999830218986,0.08569999931288949,52.212727,-2.159752,37.68000000371783,Vw11
14390.310000001376,-0.2968999805596169,-2.0178999909342195,9.259200008887747,-0.13599999873012308,-0.120600000670406,0.03579999986369339,52.212727,-2.159752,37.95000000403357,Vw11
14390.410000001377,1.1171881413811573,-1.3779356598640864,9.910197046224956,-0.044398019386101197,-0.16594950102487,0.024566334659260763,52.212727,-2.159752,38.24227723085891,Vw11
14390.510000001377,2.7559999741624415,-2.561499958387816,11.109899999675033,-0.014199997358961993,0.11910000007435664,-0.11880000017349886,52.212727,-2.159752,38.47000000151467,Vw11
14390.610000001378,0.8796000378144869,0.4604999343788804,11.086299955474137,0.177599998349007,0.12449999794004543,-0.13139999727772045,52.212727,-2.159752,38.580000002478556,Vw11
14390.710000001378,3.6257999548582855,-4.305099909986815,7.852700080637386,0.05770000921999526,-0.02509999216982906,0.066299991862358,52.212727,-2.159752,38.76000000220607,Vw11
14390.810000001378,0.3518000926396347,2.2232998707164784,13.701099883175763,0.7263999846229655,0.5427999876716321,-0.52389998855601,52.212727,-2.159752,38.92000000167127,Vw11
14390.910000001379,6.909324622608327,-6.961320656690858,5.338244589405385,-0.3764554438283237,-0.33503563340896725,0.2913445455534373,52.212727,-2.159752,39.04227723086305,Vw11
14391.010000001379,-2.5081999668703383,2.8565999559158204,7.872700034556713,-0.2519999953382976,0.4013999863526973,-0.35419999128188573,52.212727,-2.159752,39.270000002343956,Vw11
14391.11000000138,-0.10540004771316526,-0.34069998282436353,10.378999997969036,0.08609999902243508,-0.5883999916445086,0.2780999941070346,52.212727,-2.159752,39.44000000206819,Vw11
14391.21000000138,-3.5658999473889823,0.9049999720881479,10.231699996751418,0.01520000002761226,0.017599989435549652,-0.14929999254883186,52.212727,-2.159752,39.59000000234705,Vw11
14391.31000000138,0.24480005136708569,-1.1167000283163717,9.996400019191901,0.017200001711960067,-0.7475999919703551,0.3903999955226722,52.212727,-2.159752,39.760000002761224,Vw11
14391.41000000138,3.965399989961563,-3.1677000188674564,11.386499965521953,0.1411999989355474,-0.1660000056439458,0.06610000326653026,52.212727,-2.159752,39.960000001380614,Vw11
14391.51000000138,3.238299983188276,-4.534299976049127,8.889200032688773,0.0641000018210285,-0.5747999967817912,0.3026999950353158,52.212727,-2.159752,40.05999999848133,Vw11
14391.610000001381,2.0205999907526544,-2.7994999756515098,11.256900002538947,0.19599999448307062,-0.34169999790422956,-0.05689999936491804,52.212727,-2.159752,39.95000000082837,Vw11
14391.710000001382,1.3507999734835727,-1.0358999932551145,11.44079998169107,-0.20359999897700037,-0.18989999974701496,-0.010899999536885297,52.212727,-2.159752,40.00999999847932,Vw11
14391.810000001382,-0.5673000236686174,-0.5479999959937123,10.116399990537253,-0.12959999903368005,-0.17160000648360582,0.022600003122913766,52.212727,-2.159752,39.89999999820284,Vw11
14391.910000001382,-2.2793999103797016,-0.25820001290361977,9.431900006208503,-0.0596999984419992,-0.6405999982318695,0.24850000174186426,52.212727,-2.159752,39.76999999682041,Vw11
14392.010000001383,4.20339990616052,-1.1915999678252789,9.88099998123625,0.05300000051979441,-0.5126999990765355,0.3744999989258504,52.212727,-2.159752,39.53999999695865,Vw11
14392.110000001383,-2.584599960198402,1.1357999635010316,8.523700020852603,0.09059999937375833,-0.4458999999156717,0.2967999978143751,52.212727,-2.159752,39.31999999737338,Vw11
14392.210000001383,0.29449995855275846,-1.5043999777661614,10.03209998873635,0.04530000168048064,-0.43979999601058883,0.13869999910715813,52.212727,-2.159752,39.130000001107405,Vw11
14392.310000001384,-2.6996999452955217,0.101799958778685,9.218400013768404,0.1666999965086115,-0.15160000515948077,0.07420000193655307,52.212727,-2.159752,39.20999999678406,Vw11
14392.410000001384,1.1789219532360131,-2.7945429283449683,10.219325022462717,-0.08053499658732823,-0.5156319931220472,0.20918299513088576,52.212727,-2.159752,38.97949999930777,Vw11
14392.510000001384,-2.110719726693585,2.2755226976869514,11.790129653863477,0.16049207504360774,-0.02769901529897063,-0.13428910238890243,52.212727,-2.159752,38.92118810661228,Vw11
14392.610000001385,3.32729998470818,-3.112199995712975,8.243100019189871,-0.14029999495440534,-0.417599988939835,0.3367999915616063,52.212727,-2.159752,38.0399999972315,Vw11
14392.710000001385,2.2226000251294478,-2.8025000337535753,9.629399977771596,0.22419999465808652,0.3813999902101881,-0.27279999488540196,52.212727,-2.159752,37.83999999833672,Vw11
14392.810000001386,4.035599933227467,-5.237699935640616,8.025700020118805,-0.16119999575446783,-0.324899991752884,0.09619999662907794,52.212727,-2.159752,37.719999997366465,Vw11
14392.910000001386,-0.78180000003881,-0.5943999737242724,9.47720001922479,0.14509999808860957,0.2700999946220487,-0.14699999755913085,52.212727,-2.159752,37.52999999750507,Vw11
14393.010000001386,-0.7845999623668154,1.3012999225256214,10.864199976533836,0.007200001582891855,-0.11789999497965474,0.0290999947966935,52.212727,-2.159752,37.34999999376269,Vw11
14393.110000001387,1.9304999937976872,-4.288200005311868,9.171199998076304,0.12139999774728635,0.24429999567378174,-0.34629999548757234,52.212727,-2.159752,36.899999993839685,Vw11
14393.210000001387,1.4711834725263566,-4.642995111521805,9.0363990327292,-0.037457278721614556,-0.06175630659882858,-0.02544854569741021,52.212727,-2.159752,36.4568931995766,Vw11
14393.310000001387,-0.1604670129298429,-2.1825096745994883,9.296301945353635,0.1668145659409966,0.23261262544348943,-0.17030291463116298,52.212727,-2.159752,36.14621358792244,Vw11
14393.410000001388,-1.8189999899364175,0.06550003082640068,10.870599991642132,0.01900000160995114,-0.16259999311745887,-0.10250000552102209,52.212727,-2.159752,35.98999999167267,Vw11
14393.510000001388,-1.0938999833397816,2.286599969352637,10.26840001137375,0.13499999950591154,0.3332999963276459,-0.5002999933589515,52.212727,-2.159752,35.389999999028475,Vw11
14393.610000001388,0.10650005023176536,0.07839995725722715,11.08789998652486,0.09939999874949806,0.06870000387066798,-0.021800003023915545,52.212727,-2.159752,35.319999996775614,Vw11
14393.710000001389,3.67351185885612,-2.9509910620284936,10.135978230700923,0.010229703011527872,0.3431089085436798,-0.2370861380393783,52.212727,-2.159752,35.08594058842453,Vw11
14393.81000000139,2.064699999438558,-1.000100036581281,11.06379998392108,0.01320000013202225,0.1740000036424244,-0.1957000005392067,52.212727,-2.159752,34.67999999791544,Vw11
14393.91000000139,2.0242999546371547,-3.632399908137528,9.906799988932367,0.0227000004919566,0.4360999882013799,-0.23449999129209026,52.212727,-2.159752,34.52999999916618,Vw11
14394.01000000139,-1.2398999669263415,2.9777999745961394,9.110400020517648,0.058099999503874275,-0.4128999985269096,0.39209999563214804,52.212727,-2.159752,34.46999999652573,Vw11
14394.11000000139,1.1399999802386287,1.1497999816902542,10.586799997263238,0.02239999722196014,-0.3069000018754177,0.0778000013525573,52.212727,-2.159752,34.219999999724806,Vw11
14394.21000000139,-0.28198021780396565,-0.16772477080611137,10.389869304190775,-0.1775009928802539,-0.4418504969270857,0.17512673402738466,52.212727,-2.159752,34.200198019526475,Vw11
14394.310000001391,3.24639997446409,-3.3748999730767375,8.902200030687343,-0.07219999926944838,-0.22280000276913853,0.25769999969247254,52.212727,-2.159752,33.93,Vw11
14394.410000001391,1.4112999728146245,-1.4401000007688536,11.107499970925522,-0.019699999908637123,-0.4217999964818265,0.23559999694707434,52.212727,-2.159752,33.92999999606437,Vw11
14394.510000001392,-0.5289762462193868,-1.494437623258048,9.040277229500322,-0.01185643377369225,-0.17204059481176423,0.01837722769107953,52.212727,-2.159752,33.64940593976729,Vw11
14394.610000001392,-1.1465999519079872,-1.4581999689534888,9.168000002305154,0.1225,-0.22609999787897567,0.016100000989530235,52.212727,-2.159752,33.59000000028112,Vw11
14394.710000001392,2.254170268179284,0.7164098534062677,9.334352478521566,0.12263762395391314,-0.07473762311886735,0.08522475070043069,52.212727,-2.159752,33.61079208031029,Vw11
14394.810000001393,0.18119999785703403,-2.702599944891777,9.569600014361216,0.13639999832937827,-0.028499999795178158,-0.04230000043890395,52.212727,-2.159752,33.69000000264735,Vw11
14394.910000001393,0.027400020795687305,1.2524999794411815,10.600299990181092,0.016500001249831257,-0.01380000063954576,-0.07379999960986315,52.212727,-2.159752,33.88000000013934,Vw11
14395.010000001394,1.519899978516,-0.22300000079281382,9.89559998413397,0.10619999682177804,-0.05969999964609015,-0.04579999954576924,52.212727,-2.159752,33.89000000111468,Vw11
14395.110000001394,-0.02199999036779991,-0.2799000073833398,8.756900028043873,-0.1218999993381607,-0.03429999964051676,-0.013199999991639925,52.212727,-2.159752,33.96999999944266,Vw11
14395.210000001394,0.6693000087337321,-0.8097999669331973,10.769599988764737,-0.07440000092080881,-0.008499999483788998,-0.012599999944193405,52.212727000010325,-2.159751999995103,33.9300000025113,Vw11
14395.310000001395,1.295299975688216,1.5602999566145166,9.964299998809274,-0.14039999985633947,0.028499995226049703,-0.008599996122546735,52.213467,-2.159401,34.11000000193389,Vw11
14395.410000001395,-0.44727428173407424,-1.549403013676353,9.878953464155979,-0.13010297015338956,-0.31367822259505457,0.2693207959561106,52.213467,-2.159401,34.248613863319754,Vw11
14395.510000001395,0.3354000146224552,-4.005299972639267,9.454200011892723,-0.15409999850477785,-0.1216000020166474,0.07540000228017854,52.213467,-2.159401,34.4000000011274,Vw11
14395.610000001396,1.3503524436455991,-2.0482593842555445,10.293196032761067,-0.047528712213662026,-0.2616881146091594,0.23456930325987396,52.213467,-2.159401,34.4814851505872,Vw11
14395.710000001396,-0.9143999823700637,-0.494199977839645,9.80280000788318,-0.0003999994328245521,0.039499994797632096,-0.028499998369719833,52.213467,-2.159401,34.63000000125729,Vw11
14395.810000001396,0.3475999759271741,1.0921000089392998,10.367099986256473,0.0401999987357296,-0.33289999709567053,0.08820000051688404,52.213467,-2.159401,34.72000000391155,Vw11
14395.910000001397,-1.375599994002847,1.731999991114336,9.383300002308552,-0.050299999919567594,-0.12500000387627744,0.12520000127139644,52.213467,-2.159401,35.0000000029633,Vw11
14396.010000001397,-0.9549841645413086,1.0687227253637306,9.536597015307846,-0.045103961100163986,-0.3981940573018675,0.214299998602818,52.213467,-2.159401,35.212574261022446,Vw11
14396.110000001398,-1.3933999715974836,-2.2889999741967206,8.506300001480238,-0.0955000014971716,-0.24759999805410024,0.1142999991293545,52.213467,-2.159401,35.47000000239886,Vw11
14396.210000001398,0.6192495047402233,-0.467782188532201,8.619225753787825,-0.19651682458096564,-0.10875148382324992,0.050596036804026974,52.213467,-2.159401,35.641980200786534,Vw11
14396.310000001398,0.6041999889356079,-1.205999982167341,9.42180001909989,0.3117999981344679,-0.013899999416934651,-0.14979999930475343,52.213467,-2.159401,35.84000000429336,Vw11
14396.410000001399,-0.18679011007272606,0.06885150297864806,10.787245563651641,0.17843366150106874,0.027783168899814453,-0.10009702900782219,52.213467,-2.159401,36.14693069736205,Vw11
14396.510000001399,-0.07549998840689152,-1.4842999745728727,8.842600026694527,0.07850000073189886,-0.11990000023878554,-0.07459999664146022,52.213467,-2.159401,36.31000000381492,Vw11
14396.6100000014,0.7317831498262335,0.3069970180869574,10.719677210622882,0.12782870941390956,-0.1382168336653427,0.1641762391294392,52.213467,-2.159401,36.58188119075063,Vw11
14396.7100000014,-0.5898999737047256,-0.523300023359571,9.49739999677437,-0.11929999678137101,-0.27989999805593685,0.2717999964662311,52.213467,-2.159401,36.77000000168075,Vw11
14396.8100000014,1.2874999836645475,-2.19109999155425,9.267100012471136,0.11049999698306055,-0.14110000037256543,0.01950000093701601,52.213467,-2.159401,36.8900000011205,Vw11
14396.9100000014,0.12120004029589036,-1.5880999627896797,10.157500011884277,-0.10489999683039276,-0.16769999859097443,0.08639999808534995,52.213467,-2.159401,36.97000000070031,Vw11
14397.0100000014,2.998199955044241,1.0685999858943374,11.005999963408755,0.12139999764415406,-0.0671000047130925,-0.050299997295399225,52.213467,-2.159401,37.01999999985994,Vw11
14397.110000001401,-0.21150000271580574,0.06149992739736626,8.393500021049945,-0.04679999843130354,-0.4035999986582043,0.1428000001988883,52.213467,-2.159401,37.01000000028012,Vw11
14397.210000001402,-0.4053999839448574,-5.122099972937099,9.896399966764957,0.06519999659487366,-0.3077999998190851,0.15700000127481872,52.213467,-2.159401,37.03000000098171,Vw11
14397.310000001402,0.7394000087624503,-3.1923999513324985,7.526600023911616,-0.17759999871255933,-0.2948999971881061,0.24789999494279838,52.213467,-2.159401,37.10000000070122,Vw11
14397.410000001402,1.3642000249087516,0.2777999788764362,9.231600031822785,-0.0858000006254886,-0.09440000048103721,-0.11269999855688838,52.213467,-2.159401,37.15,Vw11
14397.510000001403,3.1402999458096863,-1.2284000002061588,11.500699981947783,-0.13039999805341213,-0.12869999982609734,-0.009799999733536242,52.213467,-2.159401,37.149999998737805,Vw11
14397.610000001403,-0.7236999663862982,-1.2430999822591235,10.21349998599102,0.008399999293169822,-0.11630000433915193,0.009200003374272637,52.213467,-2.159401,37.059999998317075,Vw11
14397.710000001403,1.6731000307111623,0.021899963836096867,9.214600025683913,-0.041999997574843295,-0.4256999976801628,0.24979999788097193,52.213467,-2.159401,36.93999999803403,Vw11
14397.810000001404,3.8600999426949656,-2.553399999973319,11.043599964590184,0.13069999730101264,-0.2605000015194091,0.09890000030191587,52.213467,-2.159401,36.79999999943829,Vw11
14397.910000001404,-0.22069993192990953,-2.551499981731984,8.522000030551077,-0.061499997330502085,-0.3686999981337387,0.12039999988906347,52.213467,-2.159401,36.75999999943829,Vw11
14398.010000001404,4.626699909880221,-1.2506000606541943,10.697599917484288,0.1286000076461947,-0.23579999328202103,0.11249999315844617,52.213467,-2.159401,36.72000000070213,Vw11
14398.110000001405,-1.7908999567601451,-5.569900027720656,4.821500081742106,0.6730999960765832,0.24259999134323468,-0.3746999971900619,52.213467,-2.159401,36.769999999148936,Vw11
14398.210000001405,1.2365909706337674,-7.474299929916543,10.568771978191265,0.3934049956531403,-0.35761198583162496,-0.1797560044325329,52.213467,-2.159401,36.71010000014045,Vw11
14398.310000001406,-0.8329969994332697,-2.521930982746364,9.041731014387638,0.0863269990535743,0.633996990011201,-0.488642994997866,52.213467,-2.159401,36.72040000056251,Vw11
14398.410000001406,-0.7837732542107638,-1.3847931782836451,10.054308910481739,0.019356435160417733,-0.06320692226515427,-0.1391930730941319,52.213467,-2.159401,36.76059406024135,Vw11
14398.510000001406,0.14890001669718586,-9.134099863128071,10.025200029901672,-0.014999996030639522,0.5361000034519235,-0.40850000042604184,52.213467,-2.159401,36.82,Vw11
14398.610000001407,1.336400021195232,0.6001998466291417,12.151799988589671,0.267299994665337,0.7815999903585176,-0.43879999678570386,52.213467,-2.159401,36.82000000154669,Vw11
14398.710000001407,2.843799970645331,-10.307499864451822,11.340299962851208,-0.11210000145435843,0.09590000373374497,-0.21020000099397584,52.213467,-2.159401,36.93000000014079,Vw11
14398.810000001407,0.758799993078547,-0.679800089267831,8.701700028672764,-0.2153999940285224,0.36109998491985024,-0.2807999914175119,52.213467,-2.159401,36.94000000142211,Vw11
14398.910000001408,0.2764425803721868,-6.8835315798586905,10.720195052736601,0.20399504879393177,-0.6933861302865774,0.3167633579772841,52.213467,-2.159401,37.040594060242434,Vw11
14399.010000001408,0.7106999819704608,0.4532999841006101,10.949699954506599,0.1535000004491194,-0.10200000519373498,-0.27689999457959347,52.213467,-2.159401,37.10000000197106,Vw11
14399.110000001408,-0.5699000035070734,-0.6760000457200731,7.7184000309512255,0.185400001666951,-0.4708999944908959,0.10809999793883762,52.213467,-2.159401,37.24000000239343,Vw11
14399.210000001409,-0.8190000043729414,-3.923400007859171,9.916799975606262,0.3037999942455361,-0.07960000514828572,-0.0382999970269073,52.213467,-2.159401,37.41000000267846,Vw11
14399.31000000141,-1.1291999666757049,-4.480899969729151,8.18640000821724,-0.10439999686338015,-0.4447999995940015,0.17259999928245415,52.213467,-2.159401,37.60000000338332,Vw11
14399.41000000141,1.2346999727544035,-2.333599980125813,8.769300004640787,0.11809999733704499,-0.4160000003947207,0.12170000098257261,52.213467,-2.159401,37.84000000239652,Vw11
14399.51000000141,-0.6979999960812721,-0.9238000324491172,9.09850000585246,-0.07080000196933163,-0.44399999934925194,0.1914000022925697,52.213467,-2.159401,38.01000000256312,Vw11
14399.61000000141,-0.44219002733828827,-3.162643943665361,9.54617105170306,-0.20626399600147574,-0.3947119949412182,0.34782399354822036,52.213467,-2.159401,38.19110000155091,Vw11
14399.71000000141,-2.3476900791158872,0.76369896858856,13.15005639821892,0.07079999478324825,-0.04009208004271275,-0.10065741933784934,52.213467,-2.159401,38.29871286947236,Vw11
14399.810000001411,-0.9366999659551686,-2.166400001270382,10.495700035306744,-0.2991999923325377,-0.09930000238267239,0.3536000015611586,52.213467,-2.159401,38.17000000423461,Vw11
14399.910000001411,1.4751999912498899,-2.25640002883203,12.996999934401698,0.2439999929931364,-0.2681000068685331,0.46419999251744887,52.213467,-2.159401,38.47,Vw11
14400.010000001412,0.8552999864224373,-4.29899996117712,8.349700032686934,-0.25239999817488423,-0.7546999904043799,-0.06590000309408642,52.213467,-2.159401,38.47000000112923,Vw11
14400.110000001412,-0.10660001909666753,-1.5486000633723103,10.665399983780043,-0.12309999976850813,-0.07490000654105679,-0.28509998767023503,52.213467,-2.159401,38.549999999435386,Vw11
14400.210000001412,-1.459499982658137,-6.038199885639812,9.516300011106141,-0.10669999963535447,-0.5382999908146073,0.5883999888698312,52.213467,-2.159401,38.51000000127202,Vw11
14400.310000001413,-0.23250003363356056,2.05319997320622,10.302099988733135,-0.08089999807127042,0.11159999517888985,-0.19909999360135752,52.213467,-2.159401,38.59999999857237,Vw11
14400.410000001413,-2.5769336471580635,0.16063364107978617,9.50344949159172,0.05261583934486673,-0.2254940585494115,0.251141587044303,52.213467,-2.159401,38.49970296987716,Vw11
14400.510000001414,-1.4302999816150812,-1.4159999617164594,8.55840001185946,-0.10579999750966891,-0.1648999978969281,0.45529999098138324,52.213467,-2.159401,38.47000000042401,Vw11
14400.610000001414,-0.12949999587441743,1.2926999639792405,9.397500004700818,0.0703999995123926,-0.01610000044520675,-0.18280000184160125,52.213467,-2.159401,38.5000000019787,Vw11
14400.710000001414,0.1623999972695471,-1.2558999609620158,9.73010001012543,0.03590000102946954,-0.04759999824906934,-0.3130999933819815,52.213467,-2.159401,38.63999999986126,Vw11
14400.810000001415,-0.030541179200284124,1.5026294507918672,10.445590206201054,0.10864509906839982,0.0761254919465237,0.15454706543971308,52.213467,-2.159401,38.63019607829267,Vw11
14400.910000001415,-1.9828999819027582,-1.3994999717828505,9.09920001669056,-0.006800000575975718,-0.14329999502707944,0.3983999883729324,52.213467,-2.159401,38.75,Vw11
14401.010000001415,-0.7040999873893866,0.5944000103477506,10.278600012275218,-0.047499997918279406,0.20809999796639533,-0.4231999987220981,52.213467,-2.159401,38.749999999009376,Vw11
14401.110000001416,0.1870000210139151,1.325599965800911,11.145999990935813,0.09959999870936152,0.06439999755316457,-0.33289999473413845,52.213467,-2.159401,38.67999999787724,Vw11
14401.210000001416,1.6719000007814928,-1.0909999858572674,10.505499977754646,0.00840000068845809,-0.10849999530102304,0.03919999730485117,52.213467,-2.159401,38.529999998282435,Vw11
14401.310000001416,1.7006474881145837,-0.10673663910060847,8.975226766582013,0.05624752439466964,0.21723266962893475,-0.14669603619708974,52.213467,-2.159401,38.40980197991738,Vw11
14401.410000001417,-0.8846000240010232,-0.490400007616336,11.367899970539304,0.030999998367624355,-0.039499996453267155,0.09369999917531023,52.213467,-2.159401,38.39000000085019,Vw11
14401.510000001417,-2.578399979317574,-1.027899961144642,9.288800002641274,-0.08419999807430685,0.21079999969109556,0.035499996978971465,52.213467,-2.159401,38.4500000005668,Vw11
14401.610000001418,-1.1187999903501362,1.714199970148686,9.47520000027481,0.051699999072513846,0.18899999644034246,-0.17769999651333906,52.213467,-2.159401,38.48999999642174,Vw11
14401.710000001418,-0.44698800338429995,-0.3496199691331439,9.504436014223131,-0.012178998694748647,-0.05810999774663447,0.0653009991510906,52.213467,-2.159401,38.238499997874186,Vw11
14401.810000001418,-0.6682689785289321,1.804307996747625,10.490747989709325,0.07660999660856174,0.09798799813825648,0.0074680020831093576,52.213467,-2.159401,38.088199997445784,Vw11
14401.910000001419,0.8022603571025358,1.5658445380581545,9.769193064188661,-0.15846633445737995,-0.029939601178574762,0.1513594038963769,52.213467,-2.159401,37.909306929709594,Vw11
14402.010000001419,-1.9416999796499832,0.4102999999645297,9.40849998898009,-0.0051000015351542975,0.1660999963011578,0.007300003000786819,52.213467,-2.159401,37.83999999801367,Vw11
14402.11000000142,-0.5074000297482256,0.4078000017238563,8.631800013160898,-0.11329999805906554,-0.09459999769726855,0.21879999827330612,52.213467,-2.159401,37.69999999872307,Vw11
14402.21000000142,-2.604099995002221,0.529299971924075,9.559399984662871,0.023500002345461325,0.06770000221760455,0.0970999978633714,52.213467,-2.159401,37.60999999673255,Vw11
14402.31000000142,-2.2522999867284677,-1.4469999085852543,8.479800026209215,0.18859999526361715,0.22379999981673865,-0.053299997023778634,52.213467,-2.159401,37.37999999857937,Vw11
14402.41000000142,-1.3181000188347223,4.987799936334434,10.324699987863552,-0.14479999868023408,0.2108999965322404,0.1562000021124779,52.213467,-2.159401,37.279999997442864,Vw11
14402.51000000142,-2.643899984204007,0.5063000073418196,9.470399995350276,-0.051899999461580956,-0.033199995728163414,0.3048999922007373,52.213467,-2.159401,37.099999998295246,Vw11
14402.610000001421,-1.5319999779572642,1.0231000150845153,9.143099995679274,-0.014000000955697032,0.26749999765380683,-0.2440999960437587,52.213467,-2.159401,36.97999999913901,Vw11
14402.710000001422,-0.012092102214385395,2.071149500474124,8.85494952334976,-0.07992871191749094,0.10478613973084394,0.03219009984834131,52.213467,-2.159401,36.91980197991666,Vw11
14402.810000001422,-1.6312999941537316,1.7561000621866565,10.149899999027046,-0.012800001559004886,0.183399993876354,0.091200001230419,52.213467,-2.159401,36.900000000284486,Vw11
14402.910000001422,-1.2202999845607307,6.127899990506571,10.081499996651553,-0.1223999977425723,-0.24709999403566835,0.17770000072544936,52.213467,-2.159401,36.91999999886204,Vw11
14403.010000001423,-0.13489998297327693,5.460499936994012,9.846099992611796,0.036299999167866914,0.17219999864582786,0.22870000025461848,52.213467,-2.159401,36.83999999928878,Vw11
14403.110000001423,1.0620999704514522,1.0311000055205273,9.32669998973276,-0.02220000070553506,0.07700000197720511,0.24659999374833352,52.213467,-2.159401,36.790000000284486,Vw11
14403.210000001423,-1.0152000037865407,1.4192000281300263,8.604900005556088,-0.07180000167747203,0.21599999359654545,-0.192899994912915,52.213467,-2.159401,36.81000000143866,Vw11
14403.310000001424,-1.2820188170360656,3.369238606366716,8.99803466334353,-0.1869138592691835,-0.22747029470824517,0.16318911245654413,52.213467,-2.159401,36.91158416067242,Vw11
14403.410000001424,-1.6439000045092347,2.843099984797356,9.691499995224426,-0.03829999963823575,-0.0644999965959978,0.4120999966102405,52.213467,-2.159401,37.07,Vw11
14403.510000001424,-1.9604999758579402,1.775700018453446,9.356199994654057,-0.012899999214536963,0.17450000015934886,0.174099995500157,52.213467,-2.159401,37.070000000564065,Vw11
14403.610000001425,-0.2654504709108034,3.071343582807314,8.980853460001335,0.04224851563683893,0.1856881189712079,-0.14184059855862305,52.213467,-2.159401,37.10960396096003,Vw11
14403.710000001425,-3.067822040605909,2.784824995686745,8.919382999168718,-0.024421000968165345,0.16164399965208787,-0.06886899890350641,52.213467,-2.159401,37.02089999871672,Vw11
14403.810000001426,-0.914900001379992,1.6321000295531467,9.946399981989522,0.03330000119560888,0.1969000010875719,0.1343999985105306,52.213467,-2.159401,37.08999999827141,Vw11
14403.910000001426,-1.014077232539664,3.710067364340017,8.677516805178259,0.11554257317712016,0.2707297005879761,0.02950791866394782,52.213467,-2.159401,36.97,Vw11
14404.010000001426,-1.3518000399204726,6.3468000423433955,6.819200008050266,0.03979999142778688,0.10370001340094605,-0.11970000535638538,52.213467,-2.159401,36.96999999786087,Vw11
14404.110000001427,-4.151100032697338,9.315999966575358,7.383699937109533,-0.5613000019865402,1.0434000006773918,-0.4952999964832678,52.213467,-2.159401,36.81999999885913,Vw11
14404.210000001427,-6.44389989617405,6.972199818311726,2.973700064185833,-0.7005999812058923,1.090899995350736,-0.24870000656408703,52.21346700000501,-2.1594009999823367,36.74,Vw11
14404.310000001427,0.8272999162461336,-5.751899794462829,7.468800046608302,0.6155999975597075,0.7653000041809107,-0.708399995930466,52.213818,-2.158164,36.73999999957163,Vw11
14404.410000001428,-5.03819993949531,8.642399873430351,10.73289995648026,0.44469999107986696,1.0580999796637531,-0.4233999864106121,52.213818,-2.158164,36.710000000856745,Vw11
14404.510000001428,-0.8008999807881646,-0.2216000140915639,7.685100007283767,-0.17999999809179743,-0.36609999083543526,0.5282999911628442,52.213818,-2.158164,36.7700000021635,Vw11
14404.610000001428,0.5352257484663244,-1.1761207599761387,8.201985165488303,-0.047876237875451345,0.2642782106500605,-0.08124851035077736,52.213818,-2.158164,36.92118812050866,Vw11
14404.710000001429,0.9477999291184904,1.0718000555462721,9.3904999922323,-0.06549999974264938,-0.23789999826145358,0.2338999981956862,52.213818,-2.158164,37.04000000171567,Vw11
14404.81000000143,-4.009900006285074,4.956900003634363,8.847200015082176,-0.04750000087642184,-0.11629999314160595,0.10769999551495057,52.213818,-2.158164,37.160000000428916,Vw11
14404.91000000143,-4.449499952350102,5.211099950470014,9.902100006603904,-0.10879999559072602,0.3634000011523589,-0.20599999845875572,52.213818,-2.158164,37.190000002573505,Vw11
14405.01000000143,-1.1167000397964142,1.7468000598812001,10.363999999874185,0.19959999943954754,0.4440000024376823,-0.09820000280083259,52.213818,-2.158164,37.370000002144586,Vw11
14405.11000000143,-3.9001999325469723,5.935099909988761,10.355199986120223,0.16039999690893308,0.61449999457991,-0.2940999969160817,52.213818,-2.158164,37.520000004003236,Vw11
14405.21000000143,0.8176999399080498,-0.3605999204991672,9.384400008098247,-0.055799997657992935,0.2354000046382047,-0.0784000020514035,52.213818,-2.158164,37.80000000186101,Vw11
14405.310000001431,-3.37999998013016,5.192899966527623,9.95009996834998,0.10779999798009049,0.5593999909640901,-0.22169999251445296,52.213818,-2.158164,37.93000000357886,Vw11
14405.410000001431,-1.9920000575380745,2.8547000654602424,7.7392000411869715,-0.03329999377850691,-0.0717999897558664,0.3011999902926957,52.213818,-2.158164,38.18000000357886,Vw11
14405.510000001432,-6.0112998695605135,7.4273998542401225,10.61629996204832,0.4012999907336114,0.6437999876114125,-0.37689999127044066,52.213818,-2.158164,38.43000000543987,Vw11
14405.610000001432,3.1004999474451322,-2.754599913825306,7.9652000184697895,-0.24599999246148582,-0.22159998610685905,0.2328999921723138,52.213818,-2.158164,38.8100000047241,Vw11
14405.710000001432,-0.5706999476850935,3.265099922702998,9.255400013733057,0.2805999942794457,0.7488999911346458,-0.31389999245477374,52.213818,-2.158164,39.140000004156754,Vw11
14405.810000001433,3.079099869336003,-2.127599894002758,10.213499978468011,-0.11849999895794462,0.13040000985150835,0.2124999898302849,52.213818,-2.158164,39.4300000031534,Vw11
14405.910000001433,-6.036799905994279,5.267399937839319,8.711300013460718,-0.04579999780408689,0.8176999909640755,-0.49699999181692694,52.213818,-2.158164,39.6500000063068,Vw11
14406.010000001434,0.5215999560344368,0.9307000471490638,9.650399990764837,0.10739999571280932,0.1873000084769126,0.07389999165352346,52.213818,-2.158164,40.09000000401342,Vw11
14406.110000001434,-2.5456999598285504,4.22009997178137,9.006100028224363,-0.19169999635495624,0.7786999947123214,-0.5083999970386707,52.213818,-2.158164,40.370000006306796,Vw11
14406.210000001434,0.2568999933952895,2.251399983970445,10.975199982929936,0.06259999788597598,0.4098000019087929,-0.30180000095583165,52.213818,-2.158164,40.81000000330092,Vw11
14406.310000001435,-0.20329998660113488,1.1344999773958735,9.785800010297436,-0.08469999927810314,0.5427999979017629,-0.3683999988245854,52.213818,-2.158164,41.04000000416203,Vw11
14406.410000001435,0.7302999620250673,-0.4404999700147291,10.5032999764343,-0.03440000118976641,0.39659999606329405,-0.2864999956915817,52.213818,-2.158164,41.33000000516665,Vw11
14406.510000001435,-1.915699963986962,1.648799961172569,8.861299992175384,-0.11730000160309902,0.12229999724157897,0.013700002590504665,52.213818,-2.158164,41.69000000516665,Vw11
14406.610000001436,0.5936000107870647,-1.0565999457080555,8.316100044606637,-0.22900000007538335,-0.06989999939113464,0.19419999496381365,52.213818,-2.158164,42.05000000594368,Vw11
14406.710000001436,1.3364217803434655,2.6741772071638827,11.396999015497624,-0.23012078622391793,-0.029371289240596586,-0.14854751807431807,52.213818,-2.158164,42.464653472026114,Vw11
14406.810000001436,1.2086000049475965,1.2418999966589712,11.786899960045606,0.17779999582982128,-0.17650000206497132,0.3167000033870128,52.213818,-2.158164,42.930000005316906,Vw11
14406.910000001437,1.5528999950811433,1.009400018458286,9.006500017180793,-0.11239999671501427,-0.320199989462467,0.5523999860222851,52.213818,-2.158164,43.300000006035404,Vw11
14407.010000001437,1.210599996431925,2.2938999760724856,10.202099995529487,0.11619999832014509,0.4130999954978739,-0.4202999998591738,52.213818,-2.158164,43.720000004885804,Vw11
14407.110000001438,0.9622999717200983,0.6288000176402837,9.891000005126758,-0.0006999995848661961,0.0998000025488635,-0.41049999507355195,52.213818,-2.158164,44.06000000667698,Vw11
14407.210000001438,-0.9754069154685221,1.8308356245005881,10.228053442140448,0.028690100145445308,0.27446138478962134,-0.06814257000696097,52.213818,-2.158164,44.523465351515114,Vw11
14407.310000001438,0.0838999877383707,0.5044000282267829,8.613400022354956,0.10769999920289339,0.180599999791371,0.22759999078003748,52.213818,-2.158164,44.87000000762575,Vw11
14407.410000001439,-0.7682999478885332,2.466199953879259,10.167099990843868,0.05229999979217036,0.16609999738541587,-0.4131999973970427,52.213818,-2.158164,45.40000000726677,Vw11
14407.510000001439,2.8024465132790506,-0.7003772179046752,9.541198025699108,0.03818118837954498,-0.011402966847659074,-0.23068910400255493,52.213818,-2.158164,45.902376241043214,Vw11
14407.61000000144,1.3171000290483494,-0.018100013199740354,9.951000002231611,0.05629999817269782,0.22829999496700548,0.11040000414811985,52.213818,-2.158164,46.140000007481866,Vw11
14407.71000000144,3.335999948816956,-0.9354999646870419,10.106099994747428,-0.07069999914714135,-0.12149999997694977,0.3986999892614724,52.213818,-2.158164,46.66000000547443,Vw11
14407.81000000144,-0.21680000322415144,1.5156999983720774,9.741499993586272,-0.011500001737411367,-0.11989999894977374,-0.3466999953366496,52.213818,-2.158164,47.04000000504224,Vw11
14407.91000000144,-0.44059997584767696,1.4026999885987783,9.296300007528783,-0.13209999827555438,-0.0469999985996983,-0.022999999284002114,52.213818,-2.158164,47.3900000072032,Vw11
14408.01000000144,1.2359000004538014,0.6112999931684869,9.818899988692419,-0.012400001015650922,0.050199996343656676,0.026699999615349225,52.213818,-2.158164,47.89000000763539,Vw11
14408.110000001441,1.267399999416541,0.13710001711191727,9.03400002391894,-0.08289999822081008,-0.2035999971086363,7.923517841961053e-10,52.213818,-2.158164,48.420000006915075,Vw11
14408.210000001442,1.2268999831491987,1.3249000172503624,10.694299989425335,0.040599997301159964,-0.0029000015549703675,0.055000000530824766,52.213818,-2.158164,48.90000000447162,Vw11
14408.310000001442,0.05869998169534611,2.5207999984672056,9.96120000324626,-0.14649999872801378,-0.11069999667506009,0.09179999803592506,52.213818,-2.158164,49.21000000699374,Vw11
14408.410000001442,-1.1709524368042945,2.4139386114645762,10.194405955606259,-0.058803959824690416,0.11448217386414095,-0.042227721658146304,52.213818,-2.158164,49.69633664280495,Vw11
14408.510000001443,1.493800005803011,2.247799950272682,11.234999969764624,-0.019200002511320417,-0.1872999977872685,0.03500000126359373,52.213818,-2.158164,50.33000000649106,Vw11
14408.610000001443,1.8960999888671044,-1.1995999763133873,9.138900018359612,-0.19329999730548733,-0.033900003314769854,0.12259999994518657,52.213818,-2.158164,50.780000007212294,Vw11
14408.710000001443,1.1243000222332094,0.4424999708443684,10.411699987039052,-0.006500000907006324,-0.26370000037551217,0.11880000063259359,52.213818,-2.158164,51.28000000577711,Vw11
14408.810000001444,2.6636999448446437,-1.5761999696176516,9.5143000010037,-0.06929999804074263,-0.28969999699473553,0.16259999705017245,52.213818,-2.158164,51.68000000802376,Vw11
14408.910000001444,-1.0966712577643811,0.48929898519902554,9.588057432903454,0.0638029685679494,-0.08530198251204126,-0.037948512465954994,52.213818,-2.158164,52.23465347206835,Vw11
14409.010000001444,0.9361999623967888,-1.2207999583354803,10.083800005599464,-0.05589999908866084,-0.24549999844306875,0.12719999897889575,52.213818,-2.158164,52.700000007799105,Vw11
14409.110000001445,-1.6673999539508868,1.6639999591050612,10.471499982338965,0.007199999258895945,-0.13770000317303407,0.05650000214161566,52.213818,-2.158164,53.24000000627313,Vw11
14409.210000001445,1.4597098585362862,-1.127621765453555,9.264055450102575,-0.043137623094476676,-0.3523207879202102,0.2016851461822087,52.213818,-2.158164,53.674752482112446,Vw11
14409.310000001446,-1.4792999510182259,0.030199994177635404,9.579599999082678,0.003099999887525822,-0.06440000182880092,0.040200000350568865,52.213818,-2.158164,54.15000000803387,Vw11
14409.410000001446,1.8624574090486106,-0.3636247455688324,9.515895048196125,-0.004399999710741063,-0.18768910614717946,0.0622544526317138,52.213818,-2.158164,54.70475248212101,Vw11
14409.510000001446,0.7082000112086946,0.1139000021127471,9.425400011340288,0.015600000232821548,0.003399998055000105,-0.1322999957354612,52.213818,-2.158164,55.18000000824275,Vw11
14409.610000001447,1.4832999649668643,0.26000001291653463,10.209599995504085,0.03169999885035322,-0.13109999848738296,0.16259999800294062,52.213818,-2.158164,55.750000006362825,Vw11
14409.710000001447,-0.9392999884181235,1.1531999588980208,9.89869999421268,-0.04779999996525003,-0.026500002800268704,0.02450000087164517,52.213818,-2.158164,56.19000000651562,Vw11
14409.810000001447,-0.13939996954309608,-1.6854999834387419,9.499000031461758,-0.04539999842177204,-0.21989999358718199,0.08469999658871093,52.213818,-2.158164,56.64000000651562,Vw11
14409.910000001448,1.9640999963049195,-0.5417000159357587,11.67189995568944,0.06359999927314638,0.22299999465719156,-0.150899996724815,52.213818,-2.158164,57.09000000709479,Vw11
14410.010000001448,1.7088999686482844,-1.6422999589038125,8.611600034311254,0.013400002119748388,-0.14599999638455483,0.07529999794251199,52.213818,-2.158164,57.58000000651562,Vw11
14410.110000001448,-0.4563999892463311,1.1960000254804182,10.981299998945916,0.1597999936740569,0.1036999941677961,-0.06679999581262819,52.213818,-2.158164,58.03000000723958,Vw11
14410.210000001449,0.28630003541701515,2.9557999156645915,10.90849994674545,-0.2770999914610635,-0.29909999028532874,0.22239999210764508,52.213818,-2.158164,58.530000005364016,Vw11
14410.31000000145,2.729299991771658,-2.861499952772334,7.235100051573941,0.3119000003060551,0.3709999955380392,-0.3219999964327744,52.213818,-2.158164,58.900000006150385,Vw11
14410.41000000145,2.1414158039088784,0.34836334424454085,10.731779171352342,0.3289762320795644,0.06657227762250642,-0.07758415723292622,52.213818,-2.158164,59.32049505022274,Vw11
14410.51000000145,-0.456999990518736,-1.1752999816289638,8.209700002429756,-0.05340000071906834,0.09379999813999056,0.004000000442169039,52.213818,-2.158164,59.370000003769306,Vw11
14410.61000000145,0.19700000495084352,0.09190001359851012,8.377300047011992,-0.10299999771666807,-0.03450000227028432,0.03450000055669807,52.213818,-2.158164,59.63000000144974,Vw11
14410.71000000145,0.5384999851564134,1.029899994658283,11.620099964875308,0.054499997606388205,-0.1910999961940266,0.072899999525342,52.213818,-2.158164,59.73000000101609,Vw11
14410.810000001451,-0.4841000135168666,0.6619000056407371,9.200299994481194,-0.11039999751639189,0.07109999499359182,0.04020000228039062,52.213818,-2.158164,59.80000000029031,Vw11
14410.910000001451,-1.4152999991072945,1.0505000333944408,8.820100051168714,0.060700000416595866,-0.27379999615483464,0.1972999960038731,52.213818,-2.158164,59.81999999941938,Vw11
14411.010000001452,-1.3537999903718452,3.351099965264324,12.345199964561772,0.08939999465683139,-0.008900005154466635,-0.07799999421265602,52.213818,-2.158164,59.780000000435464,Vw11
14411.110000001452,-0.6904999473187672,0.9580999367674244,9.90379997437137,-0.27869999864279743,-0.363999997451072,0.3206999980912071,52.213818,-2.158164,59.81000000072578,Vw11
14411.210000001452,2.938799978940632,-3.3980999526040683,8.138200018722344,-0.18519999842163742,-0.18840000225708756,0.1892000007833678,52.213818,-2.158164,59.86000000232539,Vw11
14411.310000001453,1.4898000045737634,-0.13700001508891366,9.426400007435452,-0.07659999953928091,-0.34369999877916707,0.2430999984448914,52.213818,-2.158164,60.02000000305208,Vw11
14411.410000001453,1.8044999648988949,-1.1751999593803961,9.938000007040943,-0.04490000176131483,-0.25969999787318354,0.13609999943591877,52.213818,-2.158164,60.23000000259017,Vw11
14411.510000001454,-0.6106485499478058,1.6196515257625819,10.422455452584538,-0.16608812057295597,-0.11336336421010712,0.09728811824787686,52.213818,-2.158164,60.40821782437199,Vw11
14411.610000001454,1.254999977676785,0.3694000150196509,10.87729999944948,0.003599999408374615,-0.17219999662935015,0.08019999814438092,52.213818,-2.158164,60.69000000249569,Vw11
14411.710000001454,-0.2570422952529966,1.3790951728226997,10.820356702506837,-0.03726538543721775,0.056168267440347044,-0.04500865211443402,52.213818,-2.158164,60.86144230978882,Vw11
14411.810000001455,0.5987269355246159,0.03861440357880075,8.876029779410871,-0.09380384697623306,-0.0670048094839363,0.07412596327134824,52.213818,-2.158164,61.005673079021,Vw11
14411.910000001455,-0.41559997984850783,1.1432999769439456,10.247799995894905,0.0792999999825377,0.04449999820283847,-0.03229999908031896,52.213818,-2.158164,61.19000000494765,Vw11
14412.010000001455,0.9692000073356204,-0.44110001864245857,9.965699993990059,0.07810000017462299,-0.07899999525607564,0.030899997088161765,52.213818,-2.158164,61.530000006402844,Vw11
14412.110000001456,1.4732999970627736,-1.7221999809172117,9.552699997439992,0.09009999801218012,0.24699999933880618,-0.1691999989771275,52.213818,-2.158164,61.97000000466226,Vw11
14412.210000001456,1.2714553368662107,-0.41084075760072447,9.376777667340823,-0.046501943737008986,0.20156310613438505,-0.09890873684037348,52.213818,-2.158164,62.290388354180614,Vw11
14412.310000001457,3.275199925049922,-1.0940999451508393,11.844799974046271,0.11449999770666545,0.39049999947547626,-0.24510000074890342,52.213818,-2.158164,62.69000000553664,Vw11
14412.410000001457,-1.8688999543227205,2.6703999717747924,10.063499992263274,-0.04289999920010123,0.3544999966867581,-0.2964999984074875,52.213818,-2.158164,63.07000000422533,Vw11
14412.510000001457,1.2660999628491754,0.7331999986386517,9.532499991908441,0.011999998707823001,0.1271000020913252,-0.18719999810147114,52.213818,-2.158164,63.36000000456236,Vw11
14412.610000001458,-1.2314949610851909,0.6290709830540979,8.980393996639672,-0.07416399761600347,0.2662469956968571,-0.056736997868100894,52.213818,-2.158164,63.67390000568312,Vw11
14412.710000001458,1.4027999861563472,-0.5034385865217946,8.770587155652809,0.08828514922182282,-0.0236742538908859,0.08346731998181842,52.213818,-2.158164,64.06356436162972,Vw11
14412.810000001458,0.4528000196971454,1.3726999448400357,10.61929996917007,0.13679999986885272,0.21889999623946174,-0.37979999592411884,52.213818,-2.158164,64.42000000427333,Vw11
14412.910000001459,1.7917861419494008,-2.332206874676521,8.559570344404763,0.12998515155714074,-0.03539207788323929,-0.1025732664123124,52.213818,-2.158164,64.71356436163613,Vw11
14413.010000001459,2.0203999885371364,1.5070999685585404,11.80659993567004,0.33849999303003686,0.05539999924553464,-0.039899999073127516,52.213818,-2.158164,65.07000000442069,Vw11
14413.11000000146,1.2453130041042502,-0.6235869956039439,7.468209039698736,-0.13249099706880957,0.003114998416952894,0.02253399932009221,52.213818,-2.158164,65.37370000539842,Vw11
14413.21000000146,1.5053732404412892,-0.3251603958359154,10.160278215455527,0.06432177914600322,-0.1036475238004841,-0.023045543745479655,52.213828831698976,-2.15815454454066,65.74306931140895,Vw11
14413.31000000146,-0.3372999980193606,-0.3112000076275064,9.998099983816015,-0.1434999970903882,-0.038399999468323946,0.032399997804645315,52.214912,-2.157209,66.05000000598865,Vw11
14413.41000000146,-0.20169998700753167,-0.8333999908022964,8.890100028406692,0.0557000015059286,-0.002000000353476935,-0.1178999975388073,52.214912,-2.157209,66.46000000438194,Vw11
14413.51000000146,0.6877999583028674,-0.2036999781560018,10.834899938372319,0.1587999946029038,-0.02619999884170575,0.050599997556335076,52.214912,-2.157209,66.76000000452801,Vw11
14413.610000001461,-2.166899912548467,1.2917999794269874,6.61570005362203,-0.21069999914721735,0.05309999540264576,-0.11669999414560281,52.214912,-2.157209,67.07000000545884,Vw11
14413.710000001462,3.7361435289210676,-0.06499499456920921,10.298543635125924,-0.15448416073008256,-0.25388217147180936,0.2772940553068413,52.214912,-2.157209,67.443752480744,Vw11
14413.810000001462,1.3105000281042376,3.6954998497373164,15.142899877563684,-0.31290000390186323,0.20789998918651545,-0.0032999977448751453,52.214912,-2.157209,67.82000000555738,Vw11
14413.910000001462,3.2321999029521207,-6.5790998481607765,6.7710000932951875,-0.5796999882212869,-0.5314999899967224,0.15089999310007843,52.214912,-2.157209,68.20000000614236,Vw11
14414.010000001463,-3.4036999435487556,3.8032999439743334,13.150299986770518,0.22569999584220496,0.15249999042376294,-0.3208999884201825,52.214912,-2.157209,68.62000000555739,Vw11
14414.110000001463,0.4562999537714029,-0.027599958686756142,12.245699975997983,-0.05859999816021591,-0.5022999885298676,0.47089998945414696,52.214912,-2.157209,69.0000000043874,Vw11
14414.210000001463,-2.7046999501454385,2.7972999143143484,10.604499966710911,0.0671999962865695,0.28199999303292494,-0.2501999935366395,52.214912,-2.157209,69.30000000366071,Vw11
14414.310000001464,0.7000000024248584,-3.0543999817872045,8.331100021744653,-0.18639999660724826,-0.19379999323060365,0.19119999620896233,52.214912,-2.157209,69.55000000497857,Vw11
14414.410000001464,0.865599993938434,-1.8105999948576,9.816099996071074,0.04529999939398837,0.2684999978267669,-0.06770000016817547,52.214912,-2.157209,69.89000000608911,Vw11
14414.510000001465,0.45163959789965014,-1.4594118760464143,9.547783164388436,0.003913860780208979,0.1200841562429025,-0.0791851486830042,52.214912,-2.157209,70.3058415902467,Vw11
14414.610000001465,2.092499963530481,-1.6871999764132737,10.659799998187214,0.04859999969103555,0.0405000042537522,-0.10750000043928594,52.214912,-2.157209,70.64000000527143,Vw11
14414.710000001465,-0.39809995001468934,-0.07640004903456349,10.536000006662634,0.02750000118917443,0.33099999062432967,-0.13749999651392703,52.214912,-2.157209,71.00000000473892,Vw11
14414.810000001466,2.936545484942682,-3.3464058803376937,10.97381285356373,0.10624554227515189,-0.29741187431391347,0.09614356178096779,52.214912,-2.157209,71.32198020092336,Vw11
14414.910000001466,-1.1288999860423798,0.7630000008722587,9.765100007281658,-0.04919999881526832,0.17139999326331945,-0.07949999561649276,52.214912,-2.157209,71.52000000518319,Vw11
14415.010000001466,-0.19465743785046707,0.8164732593694951,10.256293068563616,0.030711881058909884,-0.28032870822121747,0.21341682716230762,52.214912,-2.157209,71.87376238175442,Vw11
14415.110000001467,-1.0203999778500787,0.27379998339342343,10.205599997004747,0.021900000063042536,0.03679999670566103,-0.09489999759998537,52.214912,-2.157209,72.25000000513137,Vw11
14415.210000001467,0.4904000105910749,-0.8589000148348445,10.001299996537167,0.02619999867593215,-0.18789999637422664,0.06879999960512832,52.214912,-2.157209,72.60000000352301,Vw11
14415.310000001467,1.2118999962714718,-1.8695000025673998,9.76540001164064,-0.0639999994113623,0.059099996111468135,0.04190000119635843,52.214912,-2.157209,72.84000000161473,Vw11
14415.410000001468,0.9578999848231291,-2.044399988531106,10.558399978643168,-0.023900001205165975,-0.20579999745902278,0.12339999876107176,52.214912,-2.157209,72.95000000484416,Vw11
14415.510000001468,-0.07600002552260963,-1.2630999616011722,9.103500015293104,-0.10599999708935788,-0.03270000386701713,0.039000000944513,52.214912,-2.157209,73.28000000088966,Vw11
14415.610000001469,-1.7889445421884769,1.3075435363789094,10.126442561840737,0.08894455246546096,-0.293053464690959,0.10387029874786352,52.214912,-2.157209,73.34099000145346,Vw11
14415.710000001469,-0.9534000039300939,-0.5980999774526659,9.28070000377577,-0.04659999928570469,-0.24840000119343167,0.22090000015726255,52.214912,-2.157209,73.43999000044109,Vw11
14415.81000000147,-1.2207999643802483,0.9359999521279325,9.537600022307439,0.0020000017384541073,-0.3295999988702275,0.23159999857034047,52.214912,-2.157209,73.47000000103921,Vw11
14415.91000000147,1.154825707774483,-2.266192046269587,11.029138597601795,0.11777722577837435,-0.2520643543253315,0.1349168311199333,52.214912,-2.157209,73.53782177897637,Vw11
14416.01000000147,-1.2125999847528814,-0.02540002655238495,9.923000010351403,-0.01449999812754686,-0.10849999966930772,0.09659999882420525,52.214912,-2.157209,73.31999999926512,Vw11
14416.11000000147,-0.17520000476850092,-1.831999971420171,10.627299982817362,0.11289999738266901,-0.08599999828678391,0.016599999253251566,52.214912,-2.157209,73.27000000237534,Vw11
14416.21000000147,-0.4987504985046376,0.0813851312944936,9.473008915461063,-0.06310693026226928,0.029562376476310263,-0.032550493359779165,52.214912,-2.157209,73.43049505023266,Vw11
14416.310000001471,-0.7337999821264027,-1.0901000168140724,9.783900004451475,-0.03380000082113183,0.04580000221028677,0.08239999899639443,52.214912,-2.157209,73.47999999882275,Vw11
14416.410000001471,0.4808000014568468,-2.2326999862909243,10.086400004363181,-0.08959999865793507,0.19599999867117915,0.014199998228238838,52.214912,-2.157209,73.39999999735119,Vw11
14416.510000001472,0.5798000222720974,-1.3010999984107126,10.38290000201604,0.0015999977161351127,0.10570000403208106,-0.10620000117283526,52.214912,-2.157209,73.21999999808696,Vw11
14416.610000001472,2.0932999281524363,-1.1931000099786648,10.51989993666101,-0.1536000019586496,0.3796999974262373,-0.18589999763372764,52.214912,-2.157209,73.09000000088294,Vw11
14416.710000001473,-2.7890999204314504,-1.8711999977080733,6.21570007100359,-0.2866999989448208,0.2047999993719526,-0.025099997382143524,52.214912,-2.157209,73.14999999970236,Vw11
14416.810000001473,2.480678104913493,-1.713471281634158,10.939050424981527,-0.21817723122580637,0.16647921363711343,0.14714058866698027,52.214912,-2.157209,73.1290098995311,Vw11
14416.910000001473,-5.181499908335049,-1.3406000145643753,6.184100063859297,-0.4558999896553891,0.5543999893297717,-0.21879999755566024,52.214912,-2.157209,73.02999999778993,Vw11
14417.010000001474,1.039899939452864,-2.329099999026095,10.518299930734866,0.24619999369392753,-0.1697999946162643,-0.05290000081772669,52.214912,-2.157209,72.87999999837928,Vw11
14417.110000001474,-3.0694999688983917,-2.2629999826818747,5.817200032514581,-0.18179999075158484,0.19559999522919097,-0.10839999867690349,52.214912,-2.157209,72.76999999867395,Vw11
14417.210000001474,-0.9585999802146121,-1.0876000413277394,8.024000036404995,0.4458999904539782,-0.128199999933616,-0.018599997303333657,52.214912,-2.157209,72.67999999808225,Vw11
14417.310000001475,0.38260002839090235,-3.889099950886257,10.49180000073015,-0.20119999737146108,-0.12369999429291156,0.16419999345398448,52.214912,-2.157209,72.54999999761583,Vw11
14417.410000001475,2.275699982000138,-0.637185213558014,10.531365332614781,-0.02381485003166186,0.2556296975551462,-0.27049504271081337,52.214912,-2.157209,72.38792078901155,Vw11
14417.510000001475,1.0556999696794165,-5.04569995151806,9.587899999438232,0.07470000309941095,-0.11139998906116547,0.18999999385929206,52.214912,-2.157209,72.17999999716882,Vw11
14417.610000001476,-1.006963041109084,-1.723986899506046,9.543626990302192,0.2803149964811698,0.620674997012314,-0.22405700288735875,52.214912,-2.157209,71.98929999896721,Vw11
14417.710000001476,-3.7297771751643456,4.964314770506693,8.90042476357739,0.04118712426763121,0.4235910941121798,-0.41816138667180897,52.214912,-2.157209,71.91900989952929,Vw11
14417.810000001477,-0.16750007857595484,-0.524199920949922,9.652899948335339,-0.2601000009305222,0.7627000025375194,-0.45430000007089694,52.214912,-2.157209,71.81999999763676,Vw11
14417.910000001477,-5.487399891888089,4.827799876984963,6.155000034297868,-0.3230999928733814,0.934499988043528,-0.4590999934568041,52.214912,-2.157209,71.65999999852298,Vw11
14418.010000001477,1.832199918734393,-3.500799883167766,8.477099995489183,0.15939999816111083,0.1250000087055523,-0.016100007302383892,52.214912,-2.157209,71.55999999719367,Vw11
14418.110000001478,-3.6697999071353595,4.409199872869987,8.171700009461786,0.034900000676474884,0.7143999863390477,-0.5104999911984414,52.214912,-2.157209,71.36999999807988,Vw11
14418.210000001478,2.6174999546691673,-4.197999930913108,8.812300029736482,0.08070000291774813,-0.21049999170223782,0.08539999499856858,52.214912,-2.157209,71.23999999778174,Vw11
14418.310000001478,-0.4477999684001814,0.47369995770226453,10.823099975745572,0.27799999656761615,0.35059999014649984,-0.2527999931248804,52.214912,-2.157209,71.08999999748598,Vw11
14418.410000001479,1.688999972549802,-2.386499950105472,9.18300004045806,0.0459000028585946,-0.3156999945726631,0.2120999967509921,52.214912,-2.157209,70.9199999971902,Vw11
14418.510000001479,-0.16720000923900546,0.987400026451788,11.91879997745593,0.23919999501078767,0.051299997632364806,-0.007599997565144881,52.214912,-2.157209,70.72999999835685,Vw11
14418.61000000148,-0.7713067748282322,2.7497698904440835,10.422307785785717,-0.09243106445739539,-0.10644174645132205,0.15367475472983264,52.214912,-2.157209,70.6182523275122,Vw11
14418.71000000148,0.6680136135383127,1.906760181696245,11.693084484829882,0.14446213942890276,-0.03061650373197826,-0.01884951711686894,52.214912,-2.157209,70.44348533721887,Vw11
14418.81000000148,0.15124353302681193,0.9136039484069749,8.530297037843278,-0.22288613518736708,0.09133762411426269,0.014785147308174195,52.214912,-2.157209,70.29861385933347,Vw11
14418.91000000148,-1.964399980105349,0.104000015521477,9.079999989717658,0.00849999586163742,0.11510000333521812,-0.06670000143878019,52.214912,-2.157209,70.15999999656009,Vw11
14419.01000000148,-0.6590297397394987,1.1431534673508212,8.392609901152847,-0.2673049491696105,0.3385851492332863,-0.16307722798522092,52.214912,-2.157209,69.93,Vw11
14419.110000001481,-3.1419999235397507,1.2784999630882585,8.403600048435445,-0.17779999812150946,0.3870999973407992,-0.18079999835482513,52.214912,-2.157209,69.93000000149561,Vw11
14419.210000001482,1.9311979618968942,-1.1559524255678846,11.626688095988834,-0.05231485165522904,0.2099861396299459,-0.07167920922278778,52.214912,-2.157209,70.02980197990478,Vw11
14419.310000001482,-1.97899994951575,2.1987999691526317,10.085499991896784,-0.06380000164406628,0.2785999913201009,-0.15959999364314134,52.214912,-2.157209,70.010000000593,Vw11
14419.410000001482,1.4264000038129292,0.11799998627375134,9.538899996697042,-0.1746999979853146,-0.30689999419017516,0.2691999955911153,52.214912,-2.157209,70.05000000088948,Vw11
14419.510000001483,1.683600023331782,-0.8079000008864908,9.316100032289533,-0.03879999641660006,0.08499999085656498,-0.028199996737054547,52.214912,-2.157209,70.11000000014974,Vw11
14419.610000001483,3.2384613813367453,-0.8780148676685168,11.467278210227756,0.19926930510595373,-0.5235683138193218,0.19011881250215734,52.214912,-2.157209,70.12019802009559,Vw11
14419.710000001483,2.9145998984177948,-1.9694999132978555,10.955099948817043,0.07620000542213093,-0.320400001562963,0.2319999984385213,52.214912,-2.157209,70.1400000014843,Vw11
14419.810000001484,-3.9291999020394752,3.8717999022309493,7.5068000416240945,0.4414999974410748,-0.4257000046933419,0.1268000034153636,52.214912,-2.157209,70.240000002078,Vw11
14419.910000001484,2.670599884322416,-2.7150999133336438,10.31109995867362,0.2690999969069684,-0.7418999861765625,0.35689999253654314,52.214912,-2.157209,70.38000000179915,Vw11
14420.010000001485,-4.996462304332288,3.0444663055577768,7.576289140959783,0.06292574276092144,0.1736554359776555,-0.1367772216025438,52.214912,-2.157209,70.5009901004797,Vw11
14420.110000001485,-0.1527000568020341,0.9511000179434815,9.735199980627698,0.07549999750668367,-0.4707999858812027,0.27549999328318875,52.214912,-2.157209,70.60000000224893,Vw11
14420.210000001485,-3.913007878792163,2.130434627537839,8.457507942180802,-0.08926336405548337,0.46747029193826956,-0.17141187957279394,52.214912,-2.157209,70.75188109190141,Vw11
14420.310000001486,-1.0837999342661906,0.38389995262861926,9.898300011984027,0.0643999978971482,0.12450000551348421,-0.06260000432607886,52.214912,-2.157209,70.93999000148627,Vw11
14420.410000001486,3.3393999616270413,-2.8036999537729272,10.704699994749559,-0.0770999988497475,0.49549999883637247,-0.3536999969088822,52.214912,-2.157209,71.04000000089168,Vw11
14420.510000001486,0.7573000490853059,0.30689997549712683,10.351400009964472,0.0002999998724043241,0.41719999906029537,-0.14570000108231154,52.214912,-2.157209,71.09999999969978,Vw11
14420.610000001487,3.966864616204295,-1.2787754208967481,11.004599003851306,-0.007976470255997195,0.3550588242113742,-0.21900490375166423,52.214912,-2.157209,71.0821568659509,Vw11
14420.710000001487,-2.0666647956443365,3.3836755595602632,9.944500964620874,0.014376470920784321,0.40094117715318883,-0.3394950998317716,52.214912,-2.157209,71.29784314046371,Vw11
14420.810000001487,-0.534107935833994,1.2646752778457988,9.520994057760156,0.06688217774486119,0.0900326771850906,-0.05295247740899883,52.214912,-2.157209,71.3919802009666,Vw11
14420.910000001488,-1.5448999753300654,3.3021999254530523,9.410399994179205,0.03510000202358933,0.3532999898999085,-0.19819999577426933,52.214912,-2.157209,71.59000000357105,Vw11
14421.010000001488,0.11310002961284918,-1.7078999707918687,9.019200047033573,0.17110000191348226,-0.32549999238475724,0.0857999981296678,52.214912,-2.157209,71.83000000104155,Vw11
14421.110000001489,2.1032999396768255,0.25510001556289874,12.180199958427732,0.29969999820122123,0.18629999546106674,-0.039899999435763896,52.214912,-2.157209,71.90000000220981,Vw11
14421.210000001489,-1.9508584762297412,1.3010406096390699,9.386239562343345,0.17880890909037256,-0.11874950949431787,-0.0019792073559481496,52.214912,-2.157209,72.04851485369733,Vw11
14421.31000000149,-0.057599992654031304,-0.40049999751807264,10.124199988661495,0.18299999664656752,-0.11489999801118066,-0.03209999690429467,52.214912,-2.157209,72.23000000402233,Vw11
14421.41000000149,0.43549999023318375,-0.23389996783326786,9.36309999843278,-0.04209999933259096,0.018600000658470523,0.1756999945907093,52.214912,-2.157209,72.50000000491619,Vw11
14421.51000000149,-0.22009997606116993,1.9252999533335085,9.25790001149046,0.0027000009117284208,0.06280000126182021,-0.18740000213481509,52.214912,-2.157209,72.83000000387335,Vw11
14421.61000000149,1.3867999990063353,-1.2071999989631323,10.029199987506937,0.06389999666444456,0.1474999963471273,-0.33069999245589426,52.214912,-2.157209,73.09000000208566,Vw11
14421.71000000149,1.3200999816039538,-1.1375999484503914,9.190600030977977,-0.15999999828243303,-0.09769999640817575,0.17569999836680475,52.214912,-2.157209,73.2300000042186,Vw11
14421.810000001491,0.09455444866464019,2.2462841023016793,11.218732631546525,-0.04494554298145106,0.13778910456851276,0.06783168396146552,52.214912,-2.157209,73.5120792110225,Vw11
14421.910000001491,-0.35999998967086866,-1.5152999920439587,8.422000030629418,0.06050000070551323,-0.1532999989171192,0.12099999757321347,52.214912,-2.157209,73.72000000462387,Vw11
14422.010000001492,0.3324999928434409,-0.9819000122636993,10.475499966160722,0.10779999589072105,-0.08069999853826011,-0.04169999882911652,52.214912,-2.157209,74.03000000268483,Vw11
14422.110000001492,-0.1472999998374187,-1.8040999751041833,8.206800024414038,-0.16769999701387422,0.01729999840998498,0.03679999763138476,52.214912,-2.157209,74.21000000402724,Vw11
14422.210000001493,-0.13640000476839523,-0.134999985747083,9.843600014076697,0.0324999980451521,-0.08929999860965364,-0.12199999848570223,52.214912,-2.157209,74.48000000373348,Vw11
14422.310000001493,-0.4556999920715909,0.8193999765283847,10.786199986944782,-0.09839999996266524,0.0037999985066096997,-0.020599997994376826,52.21491200002028,-2.1572089999777333,74.73000000373348,Vw11
14422.410000001493,0.07520000751069728,-0.7522999751222295,9.912000019322058,-0.09590000033940689,-0.09619999699059227,0.113699997913779,52.21627,-2.155718,74.9800000037712,Vw11
14422.510000001494,0.5557049245140052,0.8810098772568313,11.158349453346275,-0.11914059516554865,0.10069603571471533,-0.02440098980177102,52.21627,-2.155718,75.23237624117289,Vw11
14422.610000001494,-1.1838000028269877,-0.7079999793852403,7.703300019893452,-0.1931999999880529,-0.15969999683401256,-0.004499999419071173,52.21627,-2.155718,75.47000000388282,Vw11
14422.710000001494,-1.3730999678769236,0.6723999730324053,9.035400002588206,-0.1923999997293671,0.052299995843318174,0.034400001486238035,52.21627,-2.155718,75.73000000508371,Vw11
14422.810000001495,0.7752999726870119,-1.1311999431476571,9.208500024298647,-0.17429999934509835,-0.225699999485648,0.1338000005935981,52.21627,-2.155718,76.07000000343898,Vw11
14422.910000001495,-1.0513999744005216,2.671099953041457,10.833599975402313,-0.1304999986797302,-0.19130000020334847,0.17349999917763487,52.21627,-2.155718,76.30000000284089,Vw11
14423.010000001495,0.6606999865280132,-0.4694999759482748,9.188500022849516,-0.042199999870113136,-0.204899995910074,0.11849999612302803,52.21627,-2.155718,76.49000000317164,Vw11
14423.110000001496,-0.2204999838494056,1.1117603792316146,10.69291285859526,-0.03457227868169084,0.06342177847222792,-0.13596831349436744,52.21627,-2.155718,76.70198020098104,Vw11
14423.210000001496,0.8594999351697823,-0.01219995107978381,9.844200012275632,-0.13179999622482078,-0.1843999943498299,0.08719999456919642,52.21627,-2.155718,76.90000000163029,Vw11
14423.310000001497,-3.471094124227579,3.2556218310919602,10.664200012274007,0.1203782215964618,0.1930257482236798,-0.27557228265780764,52.21627,-2.155718,77.00890099172908,Vw11
14423.410000001497,3.1833999488540288,-2.980499944684805,9.386800000534437,-0.07999999738319458,-0.435399990631597,0.3399999961391641,52.21627,-2.155718,77.14000000254495,Vw11
14423.510000001497,-0.23309996586925227,0.714499951087595,9.42249998695789,0.0947999980314078,0.19039999228731033,0.08209999885477337,52.21627,-2.155718,77.31000000329347,Vw11
14423.610000001498,2.04679995346787,-2.552799961846737,8.551300017405948,-0.036699998185601726,-0.3247999889100145,0.005599993987934431,52.21627,-2.155718,77.53000000269465,Vw11
14423.710000001498,-1.0615000144540354,-0.004199944525997206,9.714000006214917,0.08449999765634791,0.4159999964285043,-0.39599999308713474,52.21627,-2.155718,77.71000000408776,Vw11
14423.810000001498,-2.010419793315419,3.6442385903842576,10.139277249874507,-0.06740791645672124,0.18513565111301464,0.05622969641902348,52.21627,-2.155718,77.9817821808894,Vw11
14423.910000001499,-1.4324000176804024,2.0780999917773237,11.616999971500919,0.22179999748493429,0.6886999934545339,-0.38080000084085336,52.21627,-2.155718,78.16000000134896,Vw11
14424.010000001499,-2.6119998990655056,1.5294998829067208,9.715599979368898,0.054000002560152256,0.25200000637691383,-0.43690000137167234,52.21627,-2.155718,78.25000000105979,Vw11
14424.1100000015,4.010987934323738,-6.145881911978937,8.360317011118434,0.22163999781139085,0.6712439970678634,-0.5248849960799912,52.21627,-2.155718,78.31979999970018,Vw11
14424.2100000015,-0.2944058926329364,-0.3629030154232903,9.09462178221087,0.07826336808059355,0.47528712524573064,-0.2658356433179757,52.21627,-2.155718,78.30138604168172,Vw11
14424.3100000015,2.904999926277875,-3.373199914759125,9.096800037368105,0.19460000041230427,0.24400000353035525,-0.24940000023040534,52.21627,-2.155718,78.43999000106109,Vw11
14424.4100000015,-1.9019454596738885,2.1933870434444573,11.545619777395743,0.22134653397287538,0.4730009842471249,-0.26151385675426314,52.21627,-2.155718,78.5105841593076,Vw11
14424.5100000015,3.7534998855426838,-3.487899896884719,9.907600013294402,0.17600000046370587,0.08310000660293153,0.0470999920614755,52.21627,-2.155718,78.57000000180064,Vw11
14424.610000001501,-3.873599938486326,3.3833999298249045,10.79349997561948,0.20689999817646312,0.5230999911051418,-0.4818999916872184,52.21627,-2.155718,78.68999000045491,Vw11
14424.710000001502,0.16027719136724028,-1.213351435996846,9.180115834103523,0.08647425723701775,-0.0595673205300168,0.06356633223057973,52.21627,-2.155718,78.7211881205951,Vw11
14424.810000001502,-2.261999941952469,2.061499940094851,8.681700022716361,0.07390000329029092,0.3536999918972033,-0.22979999672033272,52.21627,-2.155718,78.84000000212473,Vw11
14424.910000001502,1.5590069249932872,-1.862652440614393,10.205645585345613,0.28864257116576636,-0.17697029217648208,-0.014152475927451776,52.21627,-2.155718,78.98178218089588,Vw11
14425.010000001503,1.1796999865542594,0.44209998675559253,12.920199993790227,0.08290000597237886,0.1459999982586196,-0.05940000112986891,52.21627,-2.155718,79.16000000285472,Vw11
14425.110000001503,0.28479999392394967,-0.439399951879905,12.506900010655626,0.48039999887313606,0.030100002752552972,-0.13460000089848617,52.21627,-2.155718,79.35000000255422,Vw11
14425.210000001503,-0.11959997738330709,2.763299915164688,13.21609991647537,0.40539999697798684,0.2132999994146618,-0.19439999877123662,52.21627,-2.155718,79.52000000357444,Vw11
14425.310000001504,1.383865369148368,-2.876205035319189,7.663723678862606,0.20450890786947393,0.17438910832562998,-0.11271683045456678,52.21627,-2.155718,79.7576138649601,Vw11
14425.410000001504,0.7746000113138721,0.631299973423457,11.101999965876363,0.15949999569016837,0.07959999990222023,-0.21899999590528388,52.21627,-2.155718,79.87000000120345,Vw11
14425.510000001505,1.526699982670415,-1.1353999696657051,8.833599997337382,-0.12699999873187154,0.07309999975780701,0.05319999634905361,52.21627,-2.155718,79.95000000090243,Vw11
14425.610000001505,0.3747000002211327,0.8810999799325815,8.656600037517347,-0.04269999884319004,0.05700000144112346,-0.18949999862055303,52.21627,-2.155718,80.00999000090273,Vw11
14425.710000001505,0.38940000612992154,-0.45289998825826333,11.150599960036526,0.034199997031431124,0.15279999756008036,-0.09779999888848105,52.21627,-2.155718,80.07000000075305,Vw11
14425.810000001506,0.7963999998072162,0.3266999818436845,8.497199984491449,-0.16289999450566245,-0.009199997310063919,-0.02399999935537926,52.21627,-2.155718,80.12000000331348,Vw11
14425.910000001506,0.7835999857671355,-0.8787999869223321,7.467500019258798,0.20189999715643933,0.16939999905114236,0.018799996716651366,52.21627,-2.155718,80.34000000195796,Vw11
14426.010000001506,-0.16139999511346687,-0.010500015009506819,8.74620000789878,0.013100002478257308,0.10639999815309738,-0.1991999988240068,52.21627,-2.155718,80.4700000018256,Vw11
14426.110000001507,0.15871782015205058,-0.9705316431474159,9.29313073484114,0.17613762396968433,-0.01354653246405331,-0.12105742447337149,52.21627,-2.155718,80.59039604020053,Vw11
14426.210000001507,0.05049998959218283,1.6862999840700983,12.066199974624348,0.1898999990379329,0.13179999889769425,-0.03680000180349889,52.21627,-2.155718,80.63000000211112,Vw11
14426.310000001507,-0.6397000029389794,0.6299000191629297,10.38339999700975,0.1260999992927751,0.05870000167984763,-0.15639999950087113,52.21627,-2.155718,80.77000000437303,Vw11
14426.410000001508,-0.8345999562513977,1.9006999337617343,10.185100001087546,0.07919999865656058,0.17010000163284247,-0.12330000115608904,52.21627,-2.155718,81.06000000456953,Vw11
14426.510000001508,2.0204673008941976,-2.4110217264098766,10.250660387232662,-0.01010594226197301,0.27661980095436395,-0.19855148417046345,52.21627,-2.155718,81.36168317085529,Vw11
14426.610000001509,0.3071999799790512,1.2867999755396693,9.666699997095703,-0.12069999778030906,0.20859999554403075,-0.13369999767475313,52.21627,-2.155718,81.53000000346812,Vw11
14426.710000001509,-1.0204999726401074,-0.33529997876822815,9.474100055930613,0.02650000418505806,-0.08689999791954907,0.020499999966785254,52.21627,-2.155718,81.75999000437847,Vw11
14426.81000000151,0.7917000259617927,1.0709999538241823,13.178699924952667,0.30369999756303195,0.05090000287769636,0.01829999653974932,52.21627,-2.155718,82.05000000610005,Vw11
14426.91000000151,2.4705316475811174,-1.9129276563759279,8.28656142986913,0.14505841759074495,0.23986930733733558,-0.2089475252772235,52.21627,-2.155718,82.45069307035344,Vw11
14427.01000000151,0.1136999963493974,2.484299940841517,11.182699958727659,0.26089999897940147,0.2667999958859007,-0.2436999945859963,52.21627,-2.155718,82.52000000347245,Vw11
14427.11000000151,-0.12809999054436558,-1.4340999411585666,8.449000045753314,0.19330000006491974,-0.005699997516442818,0.1148999947581091,52.21627,-2.155718,82.75000000468026,Vw11
14427.21000000151,0.4981999816615091,2.4632999869157617,11.479499957864702,0.19759999583861973,0.15879999760716854,-0.23229999894491704,52.21627,-2.155718,83.06000000317432,Vw11
14427.310000001511,-0.714999961587724,1.5976999719873957,8.692000034958316,-0.07769999863806624,0.0004999984143523762,-0.16249999414111518,52.21627,-2.155718,83.27000000302316,Vw11
14427.410000001511,1.8261999874977202,-0.25549999738647783,11.004700001634017,0.012399998701552612,-0.10439999725043564,0.22510000225376606,52.21627,-2.155718,83.47000000211621,Vw11
14427.510000001512,0.999099994487267,-0.08260000163401819,11.112799955886043,-0.07350000307757727,0.0775000009689229,0.3741999915865446,52.21627,-2.155718,83.61000000226721,Vw11
14427.610000001512,0.634400031814946,-0.19070001790993504,8.194400039519424,-0.27709999601187124,0.14159999372465193,-0.18239999545762517,52.21627,-2.155718,83.75999000335922,Vw11
14427.710000001513,2.7192564373918597,-1.3606197973235659,10.777965339376822,-0.015946534723816266,-0.2694188119096278,0.11529603990033234,52.21627,-2.155718,83.98089109045605,Vw11
14427.810000001513,2.83489993035337,-1.0525999153692043,10.304499985232251,-0.02060000044342596,-0.2713000015361002,0.13490000193109736,52.21627,-2.155718,84.07000000408617,Vw11
14427.910000001513,-1.7670999528893967,4.539499926073477,9.32870002996379,-0.04989999650707468,-0.3727999999001157,0.26249999896029474,52.21627,-2.155718,84.34000000257264,Vw11
14428.010000001514,1.34579996904796,-0.34529997575534505,11.308599970090691,0.18089999570345972,-0.36619999478633986,0.1937999968400225,52.21627,-2.155718,84.50999000181623,Vw11
14428.110000001514,-0.699399996405677,1.2567000085174105,9.332300011285417,-0.10299999637994915,-0.021699999601976015,-0.014999999656458384,52.21627,-2.155718,84.63000000287545,Vw11
14428.210000001514,-0.4618999802031495,1.819499961364937,10.077999995025284,0.13619999957843928,0.0046000010321486165,0.007700000171024626,52.21627,-2.155718,84.82000000450064,Vw11
14428.310000001515,0.8446346732596086,-0.7303020188280314,9.749683163342766,0.10837821740027659,0.07271881291320179,0.01898712888387355,52.21627,-2.155718,85.11702970747037,Vw11
14428.410000001515,-0.029100014088498573,1.324599991914796,11.343699943906623,0.15649999959392152,0.10559999372548154,-0.1426999980074881,52.21627,-2.155718,85.47000000515175,Vw11
14428.510000001515,-0.9588999646615816,0.7909999907145077,7.641700061966539,0.1297000030451472,-0.3084999964546837,-0.011199997877223472,52.21627,-2.155718,85.81000000514881,Vw11
14428.610000001516,1.373333045074752,0.17818445672667427,11.731311712500364,0.3306708768339329,-0.07451941392764333,0.12889708950307496,52.21627,-2.155718,86.14980583039554,Vw11
14428.710000001516,-1.1694999926454037,-1.3026999524272316,8.507600041726107,-0.027099995236503308,0.16579999675960863,-0.3079999933508261,52.21627,-2.155718,86.52000000500622,Vw11
14428.810000001517,-0.6847000028838877,1.833199986857907,11.258099973814423,0.28689999769258645,-0.04779998920324652,0.13029999487393143,52.21627,-2.155718,86.85000000606814,Vw11
14428.910000001517,-0.8748000400406789,0.9669000748233069,9.532000035275665,0.13480000093601194,0.6638999994022874,-0.20760000528839156,52.21627,-2.155718,87.25000000530963,Vw11
14429.010000001517,-3.5141998805682153,5.899099867151539,11.85729998702023,0.19649999277586905,0.6244999938074544,-0.5561999929579136,52.21627,-2.155718,87.60000000394429,Vw11
14429.110000001518,4.358499849375066,-2.8579999065443813,11.001699969556588,-0.27969999793591005,0.21630000762502719,-0.09200000444691095,52.21627,-2.155718,87.86000000628268,Vw11
14429.210000001518,-5.3988939498512405,3.168109790700808,9.025932689854962,-0.14348910661848663,0.7013910701297248,-0.37481682048103193,52.21627,-2.155718,88.27326733169004,Vw11
14429.310000001518,1.8216999906939684,-4.100899994653626,10.119200005458769,0.007599999144883986,-0.5494999895031851,0.36349999209283484,52.21627,-2.155718,88.6000000030377,Vw11
14429.410000001519,1.2090000107064172,-3.7489000156578878,10.478599990224643,-0.04869999949270205,0.14159998780206626,-0.1570999923692667,52.21627,-2.155718,88.80000000698658,Vw11
14429.510000001519,1.9138999914507948,-4.7797999729012,9.835000025748371,-0.01529999641790559,-0.6614999953201185,0.34529999796082284,52.21627,-2.155718,89.25999000736886,Vw11
14429.61000000152,1.351028704323197,-2.9956415570631503,11.530247550497489,0.220541587740043,-0.3533811834395408,0.21104257221851455,52.21627,-2.155718,89.74514842320949,Vw11
14429.71000000152,-2.7604609484441327,2.490541961631218,9.58372704956284,-0.13581599470754468,-0.3010159983533233,0.28101099682665354,52.21627,-2.155718,89.9445901069879,Vw11
14429.81000000152,0.5992549996273856,-0.019125013877986475,12.756650913083503,0.2034929914724526,-0.19213299761678854,0.07466200070264435,52.21627,-2.155718,90.40370000562724,Vw11
14429.91000000152,0.5578366075600616,-0.921865345569426,7.109639620293973,-0.34782375663305887,-0.03453266951483551,0.11774554051736516,52.21627,-2.155718,90.77227723118614,Vw11
14430.01000000152,-1.1584999282662907,-0.8584000240296785,8.183600046731401,0.02979999946851651,0.2121999942635918,-0.14769999793730204,52.21627,-2.155718,91.0000000051191,Vw11
14430.110000001521,3.558727794496642,-2.438598043828528,11.256669353656006,-0.0051504955809192,-0.16502772850793812,-0.01205643358113509,52.21627,-2.155718,91.33663366848478,Vw11
14430.210000001522,0.4535999346804343,-0.20049997443427856,9.279299992702684,-0.15439999361770462,0.05889999049202416,0.033800004967898346,52.21627,-2.155718,91.46000000639447,Vw11
14430.310000001522,-3.8366999411525566,1.4786999454520802,8.799999971043684,0.26479999299652696,-0.5655999983404814,0.36009999671598014,52.21627,-2.155718,91.88000000578532,Vw11
14430.410000001522,0.028499924269619444,-2.104099892674821,6.898100036711901,-0.19519999410338024,-0.4565999982095469,0.1443999954096802,52.21627,-2.155718,92.25999000395863,Vw11
14430.510000001523,-4.945599867186747,4.945199844133141,9.30940002850109,0.19210000035017363,-0.33900000818949594,-0.15709998738309114,52.21627,-2.155718,92.52000000213148,Vw11
14430.610000001523,3.777799867211107,-5.292399838501435,11.181399958148159,0.21509999139334068,-0.8768999853657864,0.671599991671957,52.21627,-2.155718,92.66000000197924,Vw11
14430.710000001523,-4.943999904716711,5.315099883130913,8.432499991248918,-0.35020000008993446,0.08429999291804124,0.12460000152583743,52.21627,-2.155718,92.79000000030487,Vw11
14430.810000001524,1.306900034519595,-2.3519000147782156,7.858400057891887,-0.3560999973080631,-0.3802999870875436,0.2246999917123096,52.21627,-2.155718,92.80999999771353,Vw11
14430.910000001524,3.5714999620110683,-3.3213999555373106,11.656299979690052,-0.17949999847416256,0.46679999633555125,-0.31899999562522136,52.21627,-2.155718,92.65999999588435,Vw11
14431.010000001525,1.0793000196266862,-0.4045000180438641,10.323900016644268,-0.07940000157204413,0.22640000327188423,-0.032000001287197745,52.21627,-2.155718,92.38999999969207,Vw11
14431.110000001525,2.3037464580405884,-1.5515861007844043,11.378693029353698,-0.18173267362204393,0.43768415656225557,-0.11687920987098195,52.21627,-2.155718,92.37108911057128,Vw11
14431.210000001525,-2.7215999226312064,0.9297999705151276,8.758000039799999,-0.2049999970728786,0.3160999950126003,-0.24479999679817482,52.216270000024224,-2.155717999972209,92.47999999801603,Vw11
14431.310000001526,2.347999955580306,-1.002199955117842,11.365899959932095,-0.013200001734241034,-0.010699995790033544,-0.035000000279020116,52.217857,-2.153897,92.34999999845844,Vw11
14431.410000001526,-0.517162351301015,1.9087247515972299,8.767117822419912,-0.12293860964659904,0.25623068365290735,-0.05250197928524411,52.217857,-2.153897,92.24861385927044,Vw11
14431.510000001526,1.1165999399543323,1.8511999837909507,8.808899981596372,0.1531999961220983,-0.36069999504312295,0.0073000022052608984,52.217857,-2.153897,92.11000000167874,Vw11
14431.610000001527,-2.817899985127149,0.789100045757757,7.603000042187532,-0.10089999633728294,-0.03590000907509064,0.15180000159550175,52.217857,-2.153897,92.22000000107909,Vw11
14431.710000001527,-1.7905593104818691,3.6836325606726983,10.35163170138022,0.13595544440810506,-0.6252485158413447,0.2568861410348613,52.217857,-2.153897,92.29059406031269,Vw11
14431.810000001527,4.463499863034463,-3.693099899437898,11.54479995084123,0.06149999749263225,-0.6900999895381189,0.41549999392639436,52.217857,-2.153897,92.35000000259751,Vw11
14431.910000001528,-4.500499897503805,2.888399910693573,8.32750003263179,-0.10259999762318718,-0.0054000070548126,0.01800000361460755,52.217857,-2.153897,92.51999999876513,Vw11
14432.010000001528,2.155313884023929,-2.877318780277247,10.454008929548127,0.04826633184495818,-0.4531494906615435,0.24710197240748485,52.217857,-2.153897,92.44107920958525,Vw11
14432.110000001529,3.63669996019229,-0.8092000209252903,11.674899972373115,-0.265099998030471,0.48189999496845703,-0.26269999644904163,52.217857,-2.153897,92.55000000137515,Vw11
14432.210000001529,1.0314000174164326,-2.1787000119184388,9.86680002216178,-0.1361999998317253,0.1526000058253645,-0.03030000417168303,52.217857,-2.153897,92.63999999923512,Vw11
14432.31000000153,2.1698999338221463,-2.9577999196993088,11.31549995549134,-0.1251999999020947,0.5333999991739241,-0.3029999990790784,52.217857,-2.153897,92.5900000047423,Vw11
14432.41000000153,-2.156099937034663,2.291399965445553,8.406000030961017,-0.11880000102035665,0.47939999450047655,-0.24279999558661328,52.217857,-2.153897,92.90000000030597,Vw11
14432.51000000153,1.9598999414587583,0.032600062875080396,10.42989998668947,-0.18550000015450677,0.11990000545057083,0.045699996867030857,52.217857,-2.153897,92.92000000107085,Vw11
14432.61000000153,-1.8668999437230034,4.1426999294884155,9.559800011916753,-0.19559999794948998,0.47619999162953075,-0.15909999482041481,52.217857,-2.153897,92.99000000293591,Vw11
14432.71000000153,1.7165810985858367,-0.3616078306880104,10.336296047706828,-0.06193564208890439,-0.059126722922256236,0.17037523876596017,52.217857,-2.153897,93.18237624125938,Vw11
14432.810000001531,-4.135299893995657,5.527599888690232,10.865899993824632,0.03449999811155067,0.5781999808107204,-0.40209998917626,52.217857,-2.153897,93.42000000382897,Vw11
14432.910000001531,2.785900041832292,-1.7400000369756234,10.462700000323165,-0.08879999912086788,-0.6746999891195912,0.304599997361072,52.217857,-2.153897,93.67000000153159,Vw11
14433.010000001532,5.5171999639448615,-4.154199973629099,10.483800012578941,-0.03139999714971272,0.035699988983279765,0.13230000602527142,52.217857,-2.153897,93.77000000382897,Vw11
14433.110000001532,3.1630999821033816,-2.4323999976444157,11.305099972255263,0.15469999682501584,-0.6835999971328652,0.5256999945705166,52.217857,-2.153897,94.01999999954052,Vw11
14433.210000001533,1.994599904910299,-2.2785999089630966,9.493599989835038,-0.05259999674150786,-0.4963999989419484,0.1712000003036148,52.217857,-2.153897,93.99000000107338,Vw11
14433.310000001533,-4.20659990247678,3.658299905890147,8.83070003794725,0.15989999940197083,-0.42740000202563205,0.19100000314808677,52.217857,-2.153897,94.0600000033735,Vw11
14433.410000001533,2.1532999252417566,-2.4789999084862067,11.305399980531853,0.12090000003833519,-0.5594999917057958,0.3962999924740332,52.217857,-2.153897,94.28000000322015,Vw11
14433.510000001534,-2.72199991279815,3.4889998996001066,10.03579999842519,0.12339999850799395,-0.018600006447980922,-0.0944999932146693,52.217857,-2.153897,94.49000000276013,Vw11
14433.610000001534,2.96479993331975,-3.058499978190337,9.933099985155076,0.026100003108218153,-0.43909998788607624,0.34799999174873114,52.217857,-2.153897,94.67000000153341,Vw11
14433.710000001534,-1.3836999420206149,-1.6362000348726826,8.964999995207021,0.22879999626939826,0.350899989093747,-0.19009999446704168,52.217857,-2.153897,94.77000000168874,Vw11
14433.810000001535,2.3928999338102206,-3.9076998835085064,8.65279999837266,-0.014199999528685295,-0.35949998895250607,0.17029999420298264,52.217857,-2.153897,94.88000000015352,Vw11
14433.910000001535,-1.9185000021539236,3.6802000115403017,8.546800002550011,0.01650000109461689,0.36009999270767146,-0.20729999710916747,52.217857,-2.153897,94.89000000368455,Vw11
14434.010000001535,-2.0588000293520063,4.431899932855309,8.712899974406229,0.0877999921642011,-0.11489998919353675,-0.019000003371358615,52.217857,-2.153897,95.13000000230284,Vw11
14434.110000001536,-3.970700026892836,0.05830002251821423,7.045800038278328,-0.42259999485001104,0.5890000005567136,-0.23860000020469696,52.217857,-2.153897,95.28000000310146,Vw11
14434.210000001536,-5.636036527927581,1.4995772111050205,9.545454503434986,-0.09305643956882602,0.6193108825073498,-0.24889999554721481,52.217857,-2.153897,95.48128713068918,Vw11
14434.310000001537,1.2502999304920386,0.41730002731224297,12.670899965358634,-0.34869999517580597,0.060400006292757824,0.0410999953690781,52.217857,-2.153897,95.61000000076092,Vw11
14434.410000001537,-3.271878287320785,2.19423072037803,10.417137589125476,-0.034838609037813884,0.46980594688600613,-0.2601871333431963,52.217857,-2.153897,95.65950495125587,Vw11
14434.510000001537,2.5939999259687205,-4.517599908427765,10.43829997548955,-0.091299997987867,0.14370000656427342,0.011899994241511329,52.217857,-2.153897,95.88000000201818,Vw11
14434.610000001538,-2.13276924308713,1.310181080020363,8.85054850093698,0.037006928705282785,0.5599514750817307,-0.3538108831120881,52.217857,-2.153897,96.01078217943561,Vw11
14434.710000001538,2.0202998982225444,-5.721699844168371,7.9454000600449755,-0.09229999373835816,-0.09489998781526665,0.16509999166550696,52.217857,-2.153897,96.09000000200052,Vw11
14434.810000001538,-4.593499940204321,4.40469994317587,11.847299976809305,0.314599991676279,0.6968999827954888,-0.37649998925410544,52.217857,-2.153897,96.22000000184664,Vw11
14434.910000001539,-0.7078000345290536,0.7121000564563416,10.3403000103027,-0.22629999611128807,-0.4210999900066104,0.3217999918286266,52.217857,-2.153897,96.34000000200052,Vw11
14435.010000001539,-2.9515999463474705,4.380799886485621,11.009799970515346,0.02639999815797855,0.2282999910514998,-0.20919998993120606,52.217857,-2.153897,96.4700000016926,Vw11
14435.11000000154,0.5349000252743193,-2.9957000122170494,9.093800015531764,-0.09329999769016357,-0.3531999919763577,0.44509999079297047,52.217857,-2.153897,96.57999000030792,Vw11
14435.21000000154,2.177299989982472,-3.789600007781995,10.10309999970881,0.05679999915416448,0.1681999904878168,-0.1531999927587851,52.217857,-2.153897,96.5999999996917,Vw11
14435.31000000154,1.527099967721129,-4.294699947914095,10.084200018244779,0.001900002425036655,-0.44919999373557873,0.316799996182185,52.217857,-2.153897,96.5799900021571,Vw11
14435.41000000154,-0.5680000685234626,-0.9139999441317159,11.26839994628097,0.15930000053153598,-0.04260000819952038,0.06900000560808986,52.217857,-2.153897,96.71999999907558,Vw11
14435.51000000154,-5.015599919251209,2.7121999397084124,7.781700036788453,0.19379999769051465,-0.5748000010553685,0.4329999970372646,52.217857,-2.153897,96.66000000215695,Vw11
14435.610000001541,0.2254999049335707,-1.2010999132563769,10.169499985587601,0.04390000258959416,-0.643299992013343,0.24069999665095757,52.217857,-2.153897,96.79999999844375,Vw11
14435.710000001542,-5.80532859287941,4.317722687408719,9.265406964603551,0.208838611609536,-0.1359792169800644,0.02978218481623081,52.217857,-2.153897,96.69772276876824,Vw11
14435.810000001542,1.9817998924520623,-1.1899999055309454,11.466099988613244,0.06270000212556916,-0.7238999837080832,0.45799998871196296,52.217857,-2.153897,96.46999999629799,Vw11
14435.910000001542,-4.990499875669629,4.934399903459364,10.727899983290065,0.20049999565785404,0.3322999894384818,-0.27379999248955283,52.217857,-2.153897,96.23000000200526,Vw11
14436.010000001543,3.06980000409226,-1.3243000083819614,9.644600015802943,-0.08099999981798464,-0.35239998401504125,0.21309998833404972,52.217857,-2.153897,96.35999999568084,Vw11
14436.110000001543,3.335100007093987,-1.8677000470295424,10.669099997938238,-0.06920000037722598,0.6838999889046689,-0.5431999882449052,52.217857,-2.153897,96.07998999877836,Vw11
14436.210000001543,3.795000997200368,-4.916610938167521,10.535436631599463,-0.09365544592217243,-0.03540694179992998,0.21887921968810198,52.217857,-2.153897,96.00079197897512,Vw11
14436.310000001544,2.9724999683769187,-3.457799970523526,10.578699980853495,-0.06670000265777816,0.6529999950581696,-0.2588000000648615,52.217857,-2.153897,95.90999999598476,Vw11
14436.410000001544,0.9248000418985263,-1.5491000234247654,9.338900041991797,-0.23879999738535582,0.3330000000428129,-0.2629999988257037,52.217857,-2.153897,95.64999999785921,Vw11
14436.510000001545,3.6378693488238443,-3.0659317065900775,12.0580089528775,-0.06949306669262192,0.33577227727053016,-0.1869603948654583,52.217857,-2.153897,95.51137623548324,Vw11
14436.610000001545,-1.5199999240780417,0.9807999512781851,8.857000040981672,-0.30399999389683946,0.5061999894121283,-0.26869999504890363,52.217857,-2.153897,95.37999999814666,Vw11
14436.710000001545,3.396199909235339,-2.17409995222579,11.5106999657035,0.09119999694791768,-0.17939999207448126,0.05189999818483047,52.217857,-2.153897,95.25998999628942,Vw11
14436.810000001546,-2.474200008242478,0.9158000318814272,9.292500008760435,-0.10619999903520802,0.3331999857152034,-0.06549999138644853,52.217857,-2.153897,95.01999999907231,Vw11
14436.910000001546,-3.0072999854615894,2.9778000386222896,9.85909999887241,-0.04379999924410884,-0.5906999904295435,0.49159999206001936,52.217857,-2.153897,94.95999999906294,Vw11
14437.010000001546,-2.061179184384286,5.418047474106042,9.799538633404968,0.0040188109824742056,0.012041568604694134,-0.011556427535235763,52.217857,-2.153897,94.90069307037865,Vw11
14437.110000001547,-0.5390998974707524,2.1427998463089466,11.063399995769759,-0.05410000103591447,-0.9937999933098479,0.5128000002643901,52.217857,-2.153897,94.96999999845386,Vw11
14437.210000001547,6.092199858358534,-7.797499754831284,10.789799996359948,-0.12110000065983749,-0.5611000028238543,0.5298999987147242,52.217857,-2.153897,94.86999999937441,Vw11
14437.310000001547,-2.8843048232441184,7.749125536399453,10.553411875633143,-0.16179900757722013,-0.7442663406067582,0.4493554481074459,52.217857,-2.153897,94.83038613922714,Vw11
14437.410000001548,5.335199850888111,-5.568299874599762,10.194599982119513,-0.011699999229115928,-1.0008999881503662,0.6148999918933336,52.217857,-2.153897,94.86999999783286,Vw11
14437.510000001548,-4.29759983868709,2.5326999136393127,9.03950006615981,0.0381000037754744,-0.23540000786982854,0.09120000741318036,52.217857,-2.153897,94.7300000003096,Vw11
14437.610000001549,6.123399903809767,-3.046299913501544,13.313499932495013,0.28199999649696655,-0.7437999852835445,0.5700999860234693,52.217857,-2.153897,94.75000000061918,Vw11
14437.710000001549,-0.09059986492746393,2.541599793840652,8.952600047864923,0.05570000007283961,0.20689998257583503,-0.3327999875537251,52.217857,-2.153897,94.79000000216969,Vw11
14437.81000000155,8.624999826559586,-10.760899782770581,12.041099980812186,0.06039999788920104,-0.9173999638250593,0.4702999793383467,52.217857,-2.153897,94.93000000061991,Vw11
14437.91000000155,-2.56630008694415,3.2559000724816127,10.802999968060606,-0.07580000179619384,1.4167999825169435,-0.8628999891004044,52.217857,-2.153897,94.97000000046494,Vw11
14438.01000000155,-8.176399938495472,7.9327999630765165,8.742100039773527,-0.19169999461761764,0.2887000160634591,-0.15960001242922733,52.217857,-2.153897,95.00000000185973,Vw11
14438.11000000155,-4.2078000000046965,5.550300000480588,11.308499959622779,0.1555999974342548,1.3251999919975048,-0.961599993616163,52.217857,-2.153897,95.12000000187852,Vw11
14438.21000000155,-4.092771108369774,5.439662157165001,8.735137632965664,-0.006045541060060576,0.8163217857769688,-0.5557049534477134,52.217857,-2.153897,95.24099010054455,Vw11
14438.310000001551,7.440099852301839,-8.694099850944191,9.328900003564021,0.21939999860201026,1.048500001200937,-0.7462000008238985,52.217857,-2.153897,95.33999999953453,Vw11
14438.410000001551,-2.0789998763580173,0.9124998512315337,9.558600010201365,0.1292999993699572,1.1258999903503144,-0.7992999928422748,52.217857,-2.153897,95.31000000219419,Vw11
14438.510000001552,5.712712720317344,-8.452498812510994,10.213817828482558,0.08958811956934204,0.5156128796868011,-0.3463524810706011,52.217857,-2.153897,95.45089109049171,Vw11
14438.610000001552,-4.01599987745169,4.267599864292587,10.645599988167515,0.13839999872924127,1.0568999864793753,-0.7215999899844352,52.217857,-2.153897,95.54000000186193,Vw11
14438.710000001553,3.882199862742275,-4.478699821929775,9.88300000380038,0.05650000085516388,0.18550001142624467,-0.07610000957626631,52.217857,-2.153897,95.66000000219675,Vw11
14438.810000001553,-4.81207391730718,6.7959808853135435,10.114224982949052,0.11055199930397956,0.9034519840785326,-0.6775989863266164,52.217857,-2.153897,95.80139990217491,Vw11
14438.910000001553,0.40040486210204385,-0.445321678430573,9.039283186312616,0.06681782274203543,-0.10317622531328584,0.18701187079735673,52.217857,-2.153897,95.94197030010632,Vw11
14439.010000001554,-5.289099876908795,6.232499838303276,10.197599997784828,0.12860000150836784,0.6891999998306776,-0.4818000006679693,52.217857,-2.153897,96.14000000093205,Vw11
14439.110000001554,2.634799976647483,-4.176599946152354,10.054999993992936,0.22569999706248856,0.6783000021468223,-0.5247999984683309,52.217857,-2.153897,96.20000000279616,Vw11
14439.210000001554,1.131500002130202,-0.710200112228339,9.668299975067526,0.03659999570817719,0.8164999774820687,-0.42619998820062915,52.217857,-2.153897,96.38000000251351,Vw11
14439.310000001555,1.2233573577038848,-7.776335522451485,8.094081208154652,-0.23407128319546677,-0.6076039459366631,0.3209910830288578,52.217857,-2.153897,96.54178218098988,Vw11
14439.410000001555,-3.1508999982830197,0.010100018320679372,9.38220000313691,0.01879999943700459,0.3219999878007293,-0.06989999234357347,52.217857,-2.153897,96.7200000017106,Vw11
14439.510000001555,-3.0405000161791196,1.1881000568563154,9.583899997363876,-0.01740000197203917,-0.46239998955970113,0.4223999901226965,52.217857,-2.153897,96.829990002333,Vw11
14439.610000001556,-4.080799924484655,4.843899920475602,9.414400022445669,-0.1441999981352878,0.20889998744657537,-0.21269999014231766,52.217857,-2.153897,96.98000000188514,Vw11
14439.710000001556,0.7516396435304803,-0.24687529197218003,10.829365325015512,-0.02664356613519517,-0.5834366231432742,0.41124652912622034,52.217857,-2.153897,97.10287129159485,Vw11
14439.810000001557,3.2955998849414256,-3.10439986597494,9.445900010480537,-0.1410000026454363,0.09289998581522958,0.055900007914510205,52.217857,-2.153897,97.39000000249129,Vw11
14439.910000001557,-4.093899859676652,5.503199780934827,10.118999946365685,-0.3109000014760881,-0.818099991946912,0.564199999375621,52.217857,-2.153897,97.55000000140134,Vw11
14440.010000001557,4.918199863264107,-8.565999785563953,6.674399989626901,-0.40569998768369553,-0.3009000093002891,0.5241000010416698,52.217857,-2.153897,97.64000000186832,Vw11
14440.110000001558,-3.86349994491263,5.205899963346002,6.008200046941353,0.38529999487096855,-0.8981999960749882,0.5909999947491791,52.217857,-2.153897,97.7599900015418,Vw11
14440.210000001558,-0.3255791527767138,2.8518405573676757,9.0229525222372,0.05589405427162919,-0.6461207881501556,0.25377227197149654,52.217857,-2.153897,97.85900980352358,Vw11
14440.310000001558,6.6865999935571745,7.364899854550828,7.71060001155905,0.04729999585963087,-0.6935000029992734,0.32060000424013707,52.219524,-2.151663,97.8799999987529,Vw11
14440.410000001559,6.273299858990501,-1.965499977647307,8.45210000698999,-0.2182999944005249,-0.8858999880637024,0.5925999917738224,52.219524,-2.151663,97.80000000062354,Vw11
14440.51000000156,-2.7722999180593515,-0.5315999804548388,8.900500067160964,0.14089999719246807,-0.12020000713964255,0.064900005242493,52.219524,-2.151663,97.84000000093533,Vw11
14440.61000000156,2.484099931874092,0.7222000695818962,13.20879999178941,-0.03920000481536153,-0.5781999981807942,0.4012000009212945,52.219524,-2.151663,97.90000000187065,Vw11
14440.71000000156,-1.8860999074871692,5.185799847526609,12.682099946988464,-0.34809999851970647,-0.4614999982548616,0.4602999987167636,52.219524,-2.151663,98.01999999905412,Vw11
14440.81000000156,3.93309398260083,-4.443943498554835,9.332381208381031,-0.2538336627945251,-0.35212673474415246,0.3773049480053511,52.219524,-2.151663,97.9604949512676,Vw11
14440.91000000156,-0.9874999556154544,-0.22830009412851068,10.630499964325681,-0.21720000193057712,-0.4848000017823113,0.21780000378311962,52.219524,-2.151663,98.0099899998441,Vw11
14441.010000001561,1.8563998838672802,-6.259499892814732,8.344700032087847,-0.3408999955645107,-0.5989999932219107,0.4601999962621405,52.219524,-2.151663,97.99999999984394,Vw11
14441.110000001561,-5.584699926418011,0.6082999452945921,10.400699994915263,-0.05670000198520138,-0.16470000647063282,0.22070000256733985,52.219524,-2.151663,97.99,Vw11
14441.210000001562,-0.8700000604457727,-2.896899894142944,10.074900008482876,-0.18389999601559467,-0.579299993892141,0.38519999633278457,52.219524,-2.151663,97.99000000109375,Vw11
14441.310000001562,-4.738499920450957,3.877899913689968,10.617799995526529,0.07109999895936707,-0.18840000759380784,0.1505000030609608,52.219524,-2.151663,98.05999999984375,Vw11
14441.410000001562,0.35259991805562607,-1.6458998940085678,10.331500004575036,0.00450000480941162,-0.6743999829404951,0.34639998919523024,52.219524,-2.151663,98.05000000156251,Vw11
14441.510000001563,-4.891799920774334,5.137499902592377,10.624299998688437,0.31229999626733274,0.417399991606628,-0.34509999393303464,52.219524,-2.151663,98.14999999826388,Vw11
14441.610000001563,0.1553980627739061,-1.092200090638225,10.538950491534141,0.0739356406508744,-0.10485048012622604,0.03182375069291164,52.219524,-2.151663,98.03881187933142,Vw11
14441.710000001563,2.90519999219086,-6.892199903108473,10.314000016303456,-0.11249999971842044,0.8500999949065386,-0.715799989518983,52.219524,-2.151663,97.92000000031271,Vw11
14441.810000001564,2.405999996671104,-0.6984000381180507,11.35619999966054,-0.09450000063511835,0.5244999963300797,-0.04579999937113898,52.219524,-2.151663,97.93999000093875,Vw11
14441.910000001564,2.1931999067815227,-3.135099919998554,11.33449995248345,-0.13510000176143658,0.28990000360421836,-0.0056000059335070546,52.219524,-2.151663,97.99999999984357,Vw11
14442.010000001565,-3.765799905663026,1.9789999249246322,8.29700004064601,-0.24769999716073945,0.5202999898819078,-0.38489999578256395,52.219524,-2.151663,97.99000000125146,Vw11
14442.110000001565,2.2646999343262606,-2.8201999574908725,10.895299955635577,-0.06620000201329385,-0.1264999925037264,-0.11529999734063749,52.219524,-2.151663,98.06999999906124,Vw11
14442.210000001565,-1.9334999667741304,-0.10279999988410492,8.059300040140421,-0.19489999729525914,0.3526999866391754,0.054700006734444466,52.219524,-2.151663,98.00999000328908,Vw11
14442.310000001566,0.18800002570051946,-0.09540005590998443,10.62229998791402,-0.022200000064212147,-0.50039999544407,0.484699991995408,52.219524,-2.151663,98.21999999765077,Vw11
14442.410000001566,1.828999968045844,-3.6652999384315157,9.850600015540905,-0.026299995904518075,-0.20950000281593747,-0.026399997909189916,52.219524,-2.151663,98.07000000187922,Vw11
14442.510000001566,-0.21129995392073833,0.2658999501212588,10.84290001993239,0.23519999860456045,-0.3893000012701475,0.10710000203286255,52.219524,-2.151663,98.18998999639801,Vw11
14442.610000001567,2.7308999554106057,-2.918899956025992,12.115599967572788,0.14609999662407694,-0.4703999898848865,0.23689999519239446,52.219524,-2.151663,97.95999997484668,Vw11
14442.710000001567,-0.0720257180226336,-0.1411802011215168,10.084981218163572,-0.06468712462015855,0.16835346433382478,-0.06672574214466992,52.219524,-2.151663,96.36277226590647,Vw11
14442.810000001567,1.4953999888235179,-0.33920003885583644,12.0030999570941,0.19659999479904727,0.10370000438560892,-0.039300003435419784,52.219524,-2.151663,95.63999998839704,Vw11
14442.910000001568,0.782599938810015,-2.8172999054702927,9.266700000951758,-0.13509999378300344,0.38340000173260563,-0.25840000050175005,52.219524,-2.151663,94.89999999874563,Vw11
14443.010000001568,-3.1198999313794102,3.2114999260937873,9.327400005795214,0.26139999546229814,0.4938999973407248,-0.29039999313856824,52.219524,-2.151663,94.8199999946689,Vw11
14443.110000001569,1.256499924438155,-1.5019999237998807,9.696999980930963,-0.028000000375362245,0.3242999999746591,0.14719998903372078,52.219524,-2.151663,94.47999999477344,Vw11
14443.210000001569,-3.4866167881140213,3.270709840630504,8.495313865014701,-0.04923861000147736,0.3178494973440215,-0.5398930609846817,52.219524,-2.151663,94.14772276870612,Vw11
14443.31000000157,-0.708300026949061,-0.5782999870764495,8.72669998903169,0.19689999644544076,-0.1671999962931247,-0.009200000352813705,52.219524,-2.151663,93.91999999626981,Vw11
14443.41000000157,-2.425032700212987,0.24496733965459283,8.027987117745946,-0.029535647118467068,0.0689386175677936,-0.031675247877521656,52.219524,-2.151663,93.68237623389405,Vw11
14443.51000000157,-1.1859999913881438,1.2774999802599178,8.757300034945048,0.11460000203915442,-0.15599999729054617,0.015600000164827724,52.219524,-2.151663,93.39999999921511,Vw11
14443.61000000157,-0.6374000026511972,0.02000000760316441,10.983399938764002,0.24449999160877037,0.01660000193607169,0.026099997924391615,52.219524,-2.151663,93.3499999973044,Vw11
14443.71000000157,-0.7972277111977727,0.4962346483387395,7.147119842203389,-0.2831782154325781,0.13832673208723614,-0.10241781804214896,52.219524,-2.151663,93.17762365963549,Vw11
14443.810000001571,-0.060000012161697,0.1697000272157856,9.70910003089398,-0.1310000030114527,0.10099999705363405,0.13580000464814632,52.219524,-2.151663,92.93998999555521,Vw11
14443.910000001571,-0.841381212137859,1.8872782228173208,11.627667283456681,-0.3207663367379316,-0.08236237272051565,0.42215444531440566,52.219524,-2.151663,92.65742573852802,Vw11
14444.010000001572,-2.3694999617924912,2.2050999567316,8.874400033791135,-0.32739999200067993,0.14139998890032823,-0.22239999331828966,52.219524,-2.151663,92.39999999682504,Vw11
14444.110000001572,0.06035845208533165,-0.5411277551954055,11.017500022791433,0.17575643447481282,-0.5533524682568032,0.19740395867325938,52.219524,-2.151663,92.19841583909414,Vw11
14444.210000001573,2.3661999411164856,-2.603899931157167,12.467499952146044,0.10140000132261241,-0.10860000453489367,0.0878000007695766,52.219524,-2.151663,92.03999999828638,Vw11
14444.310000001573,-1.3761762964998625,1.771446603487631,9.426113813538208,0.18545940726303994,-0.396817826316501,0.1367108918585886,52.219524,-2.151663,91.93108910719748,Vw11
14444.410000001573,2.420399957091565,0.730400027136033,11.243599949048022,0.27079999064050025,-0.32539999289892263,0.20139999821678406,52.219524,-2.151663,91.87999999777495,Vw11
14444.510000001574,-0.2842108986596423,2.3942543869212334,8.03183266403436,-0.3160811849419612,0.1167584085374762,0.08916138607785017,52.219524,-2.151663,91.73881187931846,Vw11
14444.610000001574,-0.7652999932169612,-1.9602999521316657,7.445100043454874,-0.11419999845174897,-0.3473999904508786,0.08529999895524525,52.219524,-2.151663,91.62000000062937,Vw11
14444.710000001574,-0.33419999063516953,1.0820000002536145,10.206899983715118,-0.015800001383064956,0.25949999709524857,0.018899997771028576,52.219524,-2.151663,91.6599999965343,Vw11
14444.810000001575,0.2603000095978553,1.0980999828425608,9.173100005018506,-0.10359999681291375,0.07510000141453803,-0.12260000108994212,52.219524,-2.151663,91.4399900004775,Vw11
14444.910000001575,0.8922445997408507,0.007372257648554781,9.506677256359957,0.09650990069060886,0.15936533923302143,-0.18740791497541912,52.219524,-2.151663,91.47069307039882,Vw11
14445.010000001575,3.766699940109192,-1.2354000212547784,11.324399922751569,0.07750000226362681,-0.30409999048867176,0.1818000003166242,52.219524,-2.151663,91.53999999921238,Vw11
14445.110000001576,-0.035300006781428965,-2.5846999662031225,6.420500047288849,0.22119999892253256,0.2996999962572183,0.20189999176146958,52.219524,-2.151663,91.49000000110267,Vw11
14445.210000001576,-0.46580001183744096,-0.43919997536153205,9.422499993571888,0.1527999962828606,0.06209999911369014,-0.32109999636802206,52.219524,-2.151663,91.55999999984229,Vw11
14445.310000001577,-1.2163999601460203,1.1230999890567541,9.014900017637883,-0.08289999655726969,0.005900000187670593,-0.09079999675124856,52.219524,-2.151663,91.55000000063082,Vw11
14445.410000001577,1.3107000003643017,0.4291999703527774,10.133299985323845,0.13539999946222123,0.017800003100507455,0.1151999970713925,52.219524,-2.151663,91.59000000015772,Vw11
14445.510000001577,1.3338000085052146,-1.4507000007510573,9.202700035615097,0.10130000244522963,0.21439999467701928,-0.07050000047780348,52.219524,-2.151663,91.59999999937541,Vw11
14445.610000001578,1.8731069391972155,-1.4983237631272004,11.461016867293791,0.2563495073954175,-0.12312475779755958,-0.10079703018071376,52.219524,-2.151663,91.56039603897946,Vw11
14445.710000001578,1.9011999115107956,-1.5851999715418335,8.0193000384753,-0.14229999591244788,0.09960000790079333,-0.1873999988262043,52.219524,-2.151663,91.61000000239208,Vw11
14445.810000001578,-3.596036552714363,0.1952762314278241,10.43292673445247,0.11495445695270694,0.5889970202237945,-0.11611386503991296,52.219524,-2.151663,91.76028712918206,Vw11
14445.910000001579,1.5302999095555327,-0.19709997004588203,10.545600001269486,0.21039999959810257,-0.011299990408685684,-0.34749999774171914,52.219524,-2.151663,91.79000000095691,Vw11
14446.01000000158,-4.087178133148649,1.6574950122308238,10.599867286730332,0.1859158427145302,0.5827712755560822,-0.20462376036095514,52.219524,-2.151663,91.85,Vw11
14446.11000000158,1.2749999461348342,-0.7029999926645104,8.066600017557176,0.2574999993731835,-0.15009999430496973,-0.07700000079259917,52.219524,-2.151663,91.85000000110522,Vw11
14446.21000000158,-2.1365999767972137,-0.23840002527206863,9.17859998589024,0.2177999991793124,0.210599992347168,-0.12719999687372313,52.219524,-2.151663,91.92000000063867,Vw11
14446.31000000158,-0.6693148292179386,-1.7851246954438922,8.328075299971498,0.16639108909482367,-0.2671089083757365,0.06843762350567566,52.219524,-2.151663,91.96089109051763,Vw11
14446.41000000158,0.7391999375990026,1.822399955377906,11.645599969937926,0.16549999839055818,-0.10799999727289024,0.052199998582158395,52.219524,-2.151663,92.05000000223518,Vw11
14446.510000001581,-3.1213424989158063,-0.947802931569678,9.762166335631905,0.06369306771507406,0.05913563777137571,-0.035411879309821905,52.219524,-2.151663,92.19008910906757,Vw11
14446.610000001581,1.6443999948651142,1.501899979160283,9.698799998539048,-0.03700000011017012,-0.3072999896072849,0.08339999677472967,52.219524,-2.151663,92.20000000111767,Vw11
14446.710000001582,1.3272455515824964,0.22064954281269636,9.612162383924641,-0.042593067240780554,0.33999405370524455,-0.11830891043090112,52.219524,-2.151663,92.27049505028758,Vw11
14446.810000001582,1.7717999849201596,2.615599956869979,10.098399975059472,0.08809999729388947,-0.02059999430925527,-0.08920000349737092,52.219524,-2.151663,92.3200000009495,Vw11
14446.910000001582,0.818899938703695,-0.10980004394612253,8.522400014594357,-0.08289999859331486,0.33900000006394027,-0.31019999670547943,52.219524,-2.151663,92.38000000239775,Vw11
14447.010000001583,-2.9772395430884004,-2.833740554080867,9.433495046489949,0.003774255327464761,0.3433900996273181,-0.10505445695617921,52.219524,-2.151663,92.53069307040387,Vw11
14447.110000001583,0.8687999354774627,-0.3078000335526056,9.242999966755987,-0.12880000074378475,0.38240000107136657,-0.2005000018958599,52.219524,-2.151663,92.60000000205727,Vw11
14447.210000001583,-3.2083999234399494,-2.427999975585324,7.142300022553076,-0.17579999308752559,0.450099994842974,-0.3202999959932047,52.219524,-2.151663,92.73000000253495,Vw11
14447.310000001584,1.6238999393950029,-0.8869999548399152,8.565800006887876,0.26049999830203585,0.12460000464259563,-0.06740000555479125,52.219524,-2.151663,92.89000000128027,Vw11
14447.410000001584,-2.1036830741686114,1.870434551317563,8.986096023593852,0.15473861439793263,0.40911286243411166,-0.4103821716929772,52.219524,-2.151663,92.97217812226319,Vw11
14447.510000001585,3.8379999681294215,-4.576099963588704,7.975700041457419,0.1886000000966447,-0.14959999289898915,0.0013999984917085384,52.219524,-2.151663,93.18998999889112,Vw11
14447.610000001585,1.8264000199832775,-2.2779000146741546,10.592399982659401,0.19469999761556867,0.29859998756293277,-0.09379999405080415,52.219524,-2.151663,93.12000000348556,Vw11
14447.710000001585,3.087699962788715,-3.204099943983217,9.497900015354016,0.04420000086762885,-0.4863999923658179,0.28169999491477504,52.219524,-2.151663,93.34000000111031,Vw11
14447.810000001586,0.7416999153895333,0.32749997737503145,10.465899916379296,0.09890000255054329,-0.005100005480178515,-0.038899997449456714,52.219524,-2.151663,93.41000000237923,Vw11
14447.910000001586,-4.5925999034584475,-1.0988999681578628,5.194000092105067,0.2597000057783764,-0.35060000071535763,0.12190000111348344,52.219524,-2.151663,93.56000000222062,Vw11
14448.010000001586,1.4938999177989085,0.9085999071494385,11.00079993025184,0.6239999925656738,-0.3956999843620608,0.19209999854866472,52.219524,-2.151663,93.70000000079308,Vw11
14448.110000001587,-3.688500019841404,-4.945199820118381,6.603500042823082,0.15529999546422682,0.5901999907393963,0.10059998824640337,52.219524,-2.151663,93.7500000035248,Vw11
14448.210000001587,-4.895226682427592,6.264439575944388,9.296090130404417,-0.12490890630473797,0.016271293587300492,-0.6341960415013276,52.219524,-2.151663,93.97118812069668,Vw11
14448.310000001587,-1.7278999716570032,4.498399921616456,11.275099968426511,0.16419999685612488,0.4233999967245954,-0.7537999828017198,52.219524,-2.151663,94.09000000144361,Vw11
14448.410000001588,0.049326748915117256,-0.40607923615730085,9.302009893541396,-0.02982177903646004,0.22018316987827588,0.3146514791952141,52.219524,-2.151663,94.18118812069883,Vw11
14448.510000001588,1.0719999511585685,-2.18399999745606,8.832999996951083,0.16799999600782395,0.31849999842631405,-0.06020000516251566,52.219524,-2.151663,94.2999999995236,Vw11
14448.610000001589,-2.0036999881886213,-2.02379998844111,8.64100000587234,-0.08339999653185659,0.21939999612215835,-0.3852999955393705,52.219524,-2.151663,94.26999999888841,Vw11
14448.710000001589,-1.2598999884072022,-1.2958999989872995,9.010800033415938,0.1349999990731485,-0.024799995965095877,-0.10439999756920079,52.219524,-2.151663,94.2,Vw11
14448.81000000159,-0.5307000015441491,-1.2322000208231891,11.112699952886924,0.07669999722651302,0.22899999494413156,0.04850000027231172,52.219524,-2.151663,94.19999999858335,Vw11
14448.91000000159,-0.6278287144152438,-2.5420020010186137,8.149234606358142,-0.09775544831769585,-0.08901980703543647,0.06562871314356492,52.219524,-2.151663,94.11089108769244,Vw11
14449.01000000159,-0.3726247488576157,2.000653447305603,12.08651284189269,0.1993554391137337,0.16126237267981353,-0.10375940365005693,52.219524,-2.151663,93.92039604023367,Vw11
14449.11000000159,-0.14509999926612413,0.8660000039953679,10.237800024837764,-0.20509999694084569,-0.062499996362737766,0.04029999883896663,52.219524,-2.151663,93.95999999823356,Vw11
14449.21000000159,-0.09020691607597092,1.081275194219965,11.765519771801438,-0.016435646483053304,0.16214851190759996,-0.03089108734572832,52.219524,-2.151663,93.8495049497079,Vw11
14449.310000001591,0.829099928279223,-2.27119992222626,9.867499981427935,-0.20000000076043864,-0.022999991567652027,0.07999999578462987,52.219524000026254,-2.151662999964792,93.79999999855308,Vw11
14449.410000001591,-3.5912682519944266,2.5242038932277997,8.732119833529634,-0.24444851031245163,0.4923663220945716,-0.1793316786024904,52.221157,-2.149473,93.7078217787109,Vw11
14449.510000001592,0.4819000290008302,-1.6954000201498551,10.714099991566028,0.04069999929491423,-0.4209999928584202,0.10749999970873432,52.221157,-2.149473,93.48999999713509,Vw11
14449.610000001592,2.3039999627546,-2.961399946505795,10.184200013315458,-0.0035999967180883686,0.027699991010554367,0.08920000170302883,52.221157,-2.149473,93.31000000047749,Vw11
14449.710000001593,-0.036099947826167045,0.39959994660081577,11.020799996814723,0.2025999981962319,-0.5371000001163208,0.1962000012253513,52.221157,-2.149473,93.33999999410429,Vw11
14449.810000001593,3.2381999390160665,-2.9515999490674525,10.82089997957376,0.08940000039357837,-0.5443999862008554,0.27309999273553115,52.221157,-2.149473,92.97000000350539,Vw11
14449.910000001593,-0.5889999252742855,0.24479991289329772,9.539000026234309,0.1140999986376133,0.3215999870804313,-0.1827999921236522,52.221157,-2.149473,93.18998999920343,Vw11
14450.010000001594,4.100599934344052,-5.221799918226218,11.185399967920457,0.028599995786250415,-0.4891999814807476,0.31149999422661584,52.221157,-2.149473,93.1399999950103,Vw11
14450.110000001594,-0.011493121726998064,-0.11019500009388525,9.174673239235874,-0.23262772186026714,0.6583257376749645,-0.049774261528210066,52.221157,-2.149473,92.82721781736429,Vw11
14450.210000001594,-3.3007999189132544,2.9902999584899033,7.412000036130901,-0.1754000000446671,0.35089999521583415,-0.30719999840793677,52.221157,-2.149473,92.54999999728807,Vw11
14450.310000001595,1.7821999486025208,0.3882000503079209,9.676899974997589,-0.17819999989471325,0.05100000715790338,-0.20739999726254463,52.221157,-2.149473,92.37999999952142,Vw11
14450.410000001595,-1.4396999905864079,3.541799926905475,8.109600009499736,-0.1715999938901783,0.49969999042688246,-0.035799998044218954,52.221157,-2.149473,92.3499999950547,Vw11
14450.510000001595,-0.8496000070207116,-1.040199959726225,8.705100001306512,0.21139999884025057,-0.10039999504035622,0.08679999416296669,52.221157,-2.149473,92.0399999984046,Vw11
14450.610000001596,-1.2896999876846416,1.4843999820262763,8.78699999386625,0.1386999983489124,0.21049999022428528,-0.2790999955779567,52.221157,-2.149473,91.93998999952157,Vw11
14450.710000001596,-0.5176999593449175,0.35769997857207564,8.4025000281516,0.03520000215924229,-0.40229999388480864,-0.0018999970581920933,52.221157,-2.149473,91.90999999760423,Vw11
14450.810000001597,2.0278999888332674,-0.984000006084847,10.165199970490889,0.17039999438788653,-0.01940000362535502,0.18230000150444248,52.221157,-2.149473,91.7599899987225,Vw11
14450.910000001597,1.3287000021448687,-1.3649999517013276,8.31750001297941,-0.18099999818093418,-0.2463999979940767,0.27649999467535963,52.221157,-2.149473,91.67999999936117,Vw11
14451.010000001597,1.4629999862859369,1.6591999771698458,9.130200004543672,-0.06709999879101597,-0.12079999711888086,-0.05689999835661219,52.221157,-2.149473,91.6399999998403,Vw11
14451.110000001598,0.604299993279389,0.22969998634744823,9.41470002295429,0.00860000174064792,0.05960000337321112,0.04599999624607256,52.221157,-2.149473,91.62999999903207,Vw11
14451.210000001598,0.16868808844441605,-0.6058772105954081,10.808358369134329,0.11795643796991273,0.2662296990245192,-0.1854891069767483,52.221157,-2.149473,91.56960395976344,Vw11
14451.310000001598,-1.7325000263369437,0.46640000892661226,7.8842000629483655,0.2635999996274582,0.019200004796675055,-0.06440000302670196,52.221157,-2.149473,91.53000000175878,Vw11
14451.410000001599,-3.37969998369615,1.0246999966181018,11.821199943757772,0.2402999956038554,0.319199988224728,-0.25369999161470136,52.221157,-2.149473,91.64000000242257,Vw11
14451.5100000016,-2.359193982400396,0.8325380275651441,8.36907004840451,-0.0289939953530393,-0.4074729961190042,0.2636269970049011,52.221157,-2.149473,91.79010000015991,Vw11
14451.6100000016,-1.2678098981275379,2.515057387295906,11.349406904478784,0.25560494554573165,-0.16466039197850343,0.07899307057513402,52.221157,-2.149473,91.80108911065248,Vw11
14451.7100000016,-1.0888000094473944,0.11079997604376403,9.710099964437012,-0.05390000163752703,0.0892999940005364,0.1582999955036037,52.221157,-2.149473,91.90999999983993,Vw11
14451.8100000016,-1.6789999713165582,-1.3857999665532312,7.488400006237922,-0.15620000103480286,-0.28549999752294064,-0.12259999188488194,52.221157,-2.149473,91.89999999983831,Vw11
14451.9100000016,0.09510396056247071,0.6745841452630286,7.881494071083065,-0.21980098946023147,-0.13303960514443453,0.37575940027242594,52.221157,-2.149473,91.89128713077345,Vw11
14452.010000001601,0.1055000184738019,-0.14699997988066751,8.610900047424256,-0.17989999916763044,-0.20699999720836057,0.021699997587729013,52.221157,-2.149473,92.02000000128056,Vw11
14452.110000001601,1.259599991175072,1.1098999877844757,11.573599974262514,-0.12789999959578013,-0.03259999779942704,-0.12899999713488958,52.221157,-2.149473,92.10000000307207,Vw11
14452.210000001602,0.7206613971231908,0.34780989043983296,9.9850326784426,-0.10310891122554015,0.10025247004847536,0.049621784454387,52.221157,-2.149473,92.2906930704165,Vw11
14452.310000001602,1.4067999695154432,-0.31119993730459683,10.308299998221349,-0.12399999687427382,-0.22449999896866904,0.19180000001110664,52.221157,-2.149473,92.360000002856,Vw11
14452.410000001602,-0.4954772582035605,3.601077290410425,10.19730989921167,0.07104950807583482,-0.16014356332523216,0.19249306931803598,52.221157,-2.149473,92.53821782463783,Vw11
14452.510000001603,1.7885999810532918,-0.4164999743018343,11.508799972479759,0.1539999972132009,-0.34379999447608023,0.05349999950161327,52.221157,-2.149473,92.70000000176279,Vw11
14452.610000001603,0.606299919140238,1.187099996319038,9.791499947472637,-0.019899991984114244,0.0008999949415098973,0.022400000364211286,52.221157,-2.149473,92.81000000226621,Vw11
14452.710000001603,-4.334403872892468,0.9399831367157628,6.577667376685975,0.4731673233145402,-0.31241980329413216,0.046054457295843156,52.221157,-2.149473,92.95009901005967,Vw11
14452.810000001604,1.1251999148090865,-1.0316999304659251,9.694399972307338,0.2598999990598517,-0.39439999310290513,0.1614999951195714,52.221157,-2.149473,92.96000000320869,Vw11
14452.910000001604,-4.184799936232813,3.302399965404409,7.968300047532475,0.20129999782035463,0.03549999042576581,-0.14269999258110289,52.221157,-2.149473,93.15999999951383,Vw11
14453.010000001605,-0.2921168994220489,1.2251515774925639,10.894645533716616,0.06786633834465036,-0.5419148300080519,0.3069722641864115,52.221157,-2.149473,93.13069307041899,Vw11
14453.110000001605,-4.513799936270085,6.980299910415764,10.21920000584534,0.17449999935015775,0.7965999873321278,-0.5057999923120909,52.221157,-2.149473,93.20000000048617,Vw11
14453.210000001605,-0.5740940480039987,1.3947890166309411,10.566659384695203,0.13356633529599649,0.02384654900875968,-0.03555842251403172,52.221157,-2.149473,93.229306929581,Vw11
14453.310000001606,0.13649991969161784,-4.356299849391769,9.242599985993893,0.050199996401535524,0.918499995467038,-0.4513999988335005,52.221157,-2.149473,93.16000000178462,Vw11
14453.410000001606,-4.76275536403024,4.858587019138051,8.401820828255838,-0.17095445440856388,0.633954447179918,-0.37737326391042214,52.221157,-2.149473,93.27,Vw11
14453.510000001606,0.3116999322550611,-1.962699911503375,10.653899975237714,-0.10640000038548023,0.1194000086476066,-0.1647000006906521,52.221157,-2.149473,93.27000000048184,Vw11
14453.610000001607,-3.906099941246712,3.5470999353768993,9.11220000183168,-0.13039999664002708,0.6577999839269669,-0.20769999403122144,52.221157,-2.149473,93.29999999902657,Vw11
14453.710000001607,-0.3157733172423247,-0.3835226878180229,9.225625743418801,0.07742475363947814,-0.32707622826856503,0.15631484524410905,52.221157,-2.149473,93.24,Vw11
14453.810000001607,-3.423099942950242,4.874199954296196,9.278200013585879,0.14989999762661174,0.2552999867325023,-0.23219999080070847,52.221157,-2.149473,93.24000000289438,Vw11
14453.910000001608,0.12480003087334335,2.03189990856184,10.123100005909352,0.002299998893705197,-0.5697999953255828,0.33989999744169325,52.221157,-2.149473,93.4199999987136,Vw11
14454.010000001608,2.0447999512538853,-3.654599892438558,10.49060000969616,-0.06649999635308632,-0.27910000079916936,0.18079999769575514,52.221157,-2.149473,93.34000000209039,Vw11
14454.110000001609,-0.9866999336287438,3.034599898010232,11.093599986090917,0.1602999970027129,-0.3288000029956791,0.03750000564403308,52.221157,-2.149473,93.47000000080399,Vw11
14454.210000001609,3.1408999495100565,-3.3080999246160223,10.228599994650615,-0.026099998913381207,-0.5150999901656974,0.3884999919863876,52.221157,-2.149473,93.52000000064392,Vw11
14454.31000000161,0.00449997159015038,1.3746999640691386,9.896299992829926,0.04140000136833478,0.09579999357204615,-0.10929999652442966,52.221157,-2.149473,93.56000000257569,Vw11
14454.41000000161,-1.760300002973311,-0.8572999410553573,9.450900012052616,0.1264000014842408,-0.30349999343521267,0.10659999683995157,52.221157,-2.149473,93.72000000096588,Vw11
14454.51000000161,-1.9449999941145506,2.804299919186148,10.199599950492038,0.21859999968930752,0.1042999947294964,-0.08969999674336322,52.221157,-2.149473,93.78000000112687,Vw11
14454.61000000161,-1.5793999610813392,-2.2157999664886767,7.1242000653291315,0.19930000231329068,-0.22309999677233971,0.11259999773983291,52.221157,-2.149473,93.85000000209274,Vw11
14454.71000000161,0.8381999696692247,-0.13409998797889203,11.182399957011524,0.3429999957243599,-0.022599994091784172,-0.02780000217085835,52.221157,-2.149473,93.98000000161147,Vw11
14454.810000001611,-1.0437999832165414,0.6118000285950554,8.515000052393917,0.07770000313138663,0.34399999586618285,-0.16250000133926007,52.221157,-2.149473,94.079989999839,Vw11
14454.910000001611,-0.0023999587343518213,2.386099907255838,11.765999958719847,0.2719999943899348,0.08750000721685501,-0.24559999933278742,52.221157,-2.149473,94.06999999903286,Vw11
14455.010000001612,2.5580999809199763,-3.3685999162841593,9.204600047804009,-0.07609999553579982,0.535299998196592,-0.20420000121516496,52.221157,-2.149473,94.00998999919435,Vw11
14455.110000001612,1.3742000606389877,1.825899876609185,12.170799959490203,0.20089999543265585,0.42339999856726573,-0.27959999721188944,52.221157,-2.149473,93.95999999919418,Vw11
14455.210000001613,5.136799878453383,-5.83039984237934,9.657200022712813,-0.08249999574434282,0.3345000102333859,-0.10660000863911187,52.221157,-2.149473,93.90999999808304,Vw11
14455.310000001613,-2.396566458165357,3.9388080783933868,11.064922794987252,0.1812623804927584,0.9687574359747035,-0.6420455531925066,52.221157,-2.149473,93.79118811689516,Vw11
14455.410000001613,1.2740999560605526,-4.309599862989303,9.606400017407264,-0.05979999648627838,-0.23989998785028077,-0.10220000089961703,52.221157,-2.149473,93.60999999983703,Vw11
14455.510000001614,-1.426670007535716,4.094712995825503,10.66700998791381,0.15375699670332593,0.4953929835295389,-0.15151999051177512,52.221157,-2.149473,93.59979989967711,Vw11
14455.610000001614,-1.89359700741792,3.8385849999757955,9.924409998241128,-0.049376001413551876,-0.5099199916413257,0.42623199295160435,52.221157,-2.149473,93.57789009661151,Vw11
14455.710000001614,-2.3394623613312424,3.829545532364135,9.822206939902113,-0.13504059234988525,-0.002852484530062341,-0.0033168270307157425,52.221157,-2.149473,93.36990098993924,Vw11
14455.810000001615,-1.4156999404339614,3.0740999213140983,10.392900018276695,-0.029099997896928107,-0.5780999948295444,0.2849999985559552,52.221157,-2.149473,93.35999999854626,Vw11
14455.910000001615,2.271999936588021,-1.7972999577479611,11.524399981261338,0.1011000006299524,-0.25799999793246386,0.19559999585200566,52.221157,-2.149473,93.27000000161526,Vw11
14456.010000001615,-1.65379993076823,0.8184999644981436,10.364300015750425,0.14009999999353895,-0.13000000342758722,-0.06119999594084511,52.221157,-2.149473,93.37000000016153,Vw11
14456.110000001616,2.6322999311268185,-1.3793999524789746,11.339399952679267,0.13969999616375134,-0.3421999906088633,0.19009999741396458,52.221157,-2.149473,93.3800000006461,Vw11
14456.210000001616,-1.631600002576011,1.562599964023169,8.409800009854496,-0.0977999988405525,0.23919999421731628,0.02999999965394454,52.221157,-2.149473,93.4200000001617,Vw11
14456.310000001617,-1.7909000052215565,-0.6622000247429652,9.019199995017772,-0.026100002972195946,-0.11839999498543002,0.008600000803689545,52.221157,-2.149473,93.42999999886806,Vw11
14456.410000001617,-2.113800008861607,-2.1922999648268586,8.711099992747389,-0.20989999919631047,0.1916999991332443,0.058299996714090224,52.221157,-2.149473,93.36000000113195,Vw11
14456.510000001617,-2.6617999615346926,-0.017199979360158747,8.262600033993015,-0.1601999987439033,0.13809999630194678,-0.14489999556527627,52.221157,-2.149473,93.43000000212345,Vw11
14456.610000001618,-0.31404852641276176,1.2294613587438326,10.325310861348445,-0.08260593947155873,-0.08779108828585049,0.12506039354960602,52.221157,-2.149473,93.55960395975553,Vw11
14456.710000001618,-1.0289000004120836,-0.4643999599591926,8.486400027899053,-0.013199998799724224,-0.036900003473277584,-0.028900000371202453,52.221157,-2.149473,93.52000000228935,Vw11
14456.810000001618,-1.035422742036953,1.9494623199939831,10.207267350642434,0.06064257497399713,-0.24937425754597267,-0.04839702451704533,52.221157,-2.149473,93.66029693117383,Vw11
14456.910000001619,0.8322999547517291,-1.5242999680040492,11.683999974222246,0.10490000097943483,-0.25679999371380907,0.2718999962473885,52.221157,-2.149473,93.68999000356173,Vw11
14457.01000000162,-1.962699903303069,0.4520999818310789,10.091700040945232,0.1654000011316115,0.13149999551078873,0.040099996797814674,52.221157,-2.149473,93.90999999773354,Vw11
14457.11000000162,4.010299940537782,-0.6702000298622399,12.620899927754945,0.2352999945410673,-0.14579999011175535,-0.15769999977659171,52.221157,-2.149473,93.77000000064756,Vw11
14457.21000000162,0.33729994653894463,-2.51479994603328,8.158299996134584,-0.10190000038735197,0.4649999987812189,-0.1439000012090568,52.221157,-2.149473,93.80999999805498,Vw11
14457.31000000162,-2.961299951130443,0.8149999390949797,7.919800033829279,-0.12579999980713436,0.3897999928088673,-0.21849999527398176,52.221157,-2.149473,93.68998999870358,Vw11
14457.41000000162,0.05399997004748184,-2.9428999320043316,10.007099980389293,-0.11389999857376679,-0.05389999579747419,0.07309999567754094,52.221157,-2.149473,93.60999999967585,Vw11
14457.510000001621,-1.7940999904541255,1.252499967356416,8.797100010406984,-0.025899997680242814,0.20539999624778865,-0.19359999908650352,52.221157,-2.149473,93.5899999981992,Vw11
14457.610000001621,-1.2066794047613194,-0.7534549213388861,9.436951967514366,0.11516470485258339,-0.023947059061901997,-0.13604215401339817,52.221157,-2.149473,93.4778430357194,Vw11
14457.710000001622,-0.7746205812258977,-1.9489451174339467,9.852148045951513,0.05163529308699383,-0.03865294141504773,0.03974215971453718,52.221157,-2.149473,93.26214695728503,Vw11
14457.810000001622,0.22665742177891948,-0.2888178120746783,9.215885173805443,0.08567623839657063,-0.04878514524527812,-0.009054455858458734,52.221157,-2.149473,93.14831682895183,Vw11
14457.910000001622,-0.017599995925625424,0.3093999966090583,10.77439998116708,0.13329999806934303,0.15269999801853626,-0.03449999964599159,52.221157,-2.149473,92.97999999590269,Vw11
14458.010000001623,0.21531680623351623,0.1073425821156485,9.623301976955759,0.015009900194797381,0.0327099024666287,-0.013535644595838548,52.221157,-2.149473,92.7278216796335,Vw11
14458.110000001623,-1.353000008951545,0.5916000069688031,9.423500000264475,-0.03399999990427023,0.12369999647909136,-0.07709999532222137,52.221157,-2.149473,92.50998999707943,Vw11
14458.210000001623,-1.9046999966619453,1.0210999879164042,9.43979997937066,-0.028099998374018106,-0.09329999945584022,0.2111999957652999,52.221157,-2.149473,92.32998999691388,Vw11
14458.310000001624,-1.6991999878855415,0.27720002570058494,8.169800035216072,0.07200000083979284,-0.05980000001299486,-0.04950000042720604,52.221157000026636,-2.149472999965645,92.13999999561423,Vw11
14458.410000001624,-0.9533999739371833,1.859399971477906,10.337800005253172,0.12369999954517989,-0.06059999995614235,-0.07579999660834147,52.222797,-2.147358,91.86999999788834,Vw11
14458.510000001625,0.6510999751538927,0.10350002040783741,10.661199994526406,0.09569999742728018,-0.05789999872840698,0.1329999956831468,52.222797,-2.147358,91.73999999573401,Vw11
14458.610000001625,-0.8631108909443449,1.3793139133950143,10.342728737448995,-0.05606335815425131,0.021700993512223064,-0.132111884456568,52.222797,-2.147358,91.47792078870138,Vw11
14458.710000001625,-0.8541999659169661,4.580699933640615,11.855600002580744,0.44759999618661606,0.23179999407909127,-0.33329999461247717,52.222797,-2.147358,91.2699999982112,Vw11
14458.810000001626,1.2417000015920268,0.49999995568668965,12.014299932861677,0.2131000001740009,-0.1322999897274429,-0.002000003395456588,52.222797,-2.147358,91.15999999658503,Vw11
14458.910000001626,1.3395999675073667,-2.224999931489183,7.8857000660764305,0.22380000330276453,0.49939999748105257,-0.2107999996666338,52.222797,-2.147358,90.94999999512147,Vw11
14459.010000001626,-0.6584999711695163,1.9879999469622525,11.94899994822254,0.42689999130320794,0.3444999992617158,-0.19029999959345587,52.222797,-2.147358,90.64999999707288,Vw11
14459.110000001627,1.1143999272442051,-1.273499966536901,8.764999986804975,-0.1078999987828315,0.29909999869905873,-0.1653000002578886,52.222797,-2.147358,90.46999999950705,Vw11
14459.210000001627,-3.2886930266841716,0.7293157856620162,7.970749519668543,-0.034522773452739235,0.22001188137008157,-0.17905544238194537,52.222797,-2.147358,90.43880197826583,Vw11
14459.310000001627,-0.6680000221195751,-2.7090999394922903,8.875700042308347,-0.10679999340499018,0.23119999675214895,0.015399995539292286,52.222797,-2.147358,90.3199999970696,Vw11
14459.410000001628,-2.0266999611320182,1.0075999731841183,11.474499987482524,0.2982999928236642,0.03170000016773287,-0.2585999946868146,52.222797,-2.147358,90.14000000065778,Vw11
14459.510000001628,0.31567323276550185,-0.5629474268125986,10.711840591683211,-0.13645544286690137,0.04701287961187314,0.06166435181866679,52.222797,-2.147358,90.17881187925364,Vw11
14459.610000001629,-1.8069999472052565,5.452299905556527,10.565899995264012,0.027999995117657894,0.558299988067944,-0.22189999710249686,52.222797,-2.147358,90.05999999852001,Vw11
14459.710000001629,1.39154453498945,-0.28884851151123314,10.253517782082833,-0.2677603941840875,-0.16236038799688332,-0.04488217688623484,52.222797,-2.147358,89.96910890944021,Vw11
14459.81000000163,0.19600004339093025,-0.0837000208237613,7.815300060872748,-0.15379999680786835,0.33159998869501395,0.03690000352797221,52.222797,-2.147358,89.87999999835372,Vw11
14459.91000000163,2.801109851127852,-1.3351138394035627,11.489478179643982,0.03885742371716254,-0.35202276726130777,0.24877227327050402,52.222797,-2.147358,89.77980188086518,Vw11
14460.01000000163,-0.2579000258597235,0.013500023686637481,9.147299989164203,-0.08539999566864448,-0.04430000404161072,0.006000002158269512,52.222797,-2.147358,89.75998999934166,Vw11
14460.11000000163,-1.7999702501994073,1.4414544377669747,8.505793096517145,0.17798514897965229,-0.28875148343940354,0.13648118711012958,52.222797,-2.147358,89.71881187925145,Vw11
14460.21000000163,1.0729999752370776,0.3568999712634731,10.175099969931797,0.2064999941129345,-0.1838999995154543,0.07460000035599276,52.222797,-2.147358,89.59999999983518,Vw11
14460.310000001631,-0.4069435275481311,-1.3744534453622523,8.367208937830851,-0.1484861350012124,-0.15467524781072692,0.09606138591241938,52.222797,-2.147358,89.58920782048948,Vw11
14460.410000001631,1.8486999726244533,-0.14979997809695195,10.018100025107577,0.07289999579528049,-0.17220000043727776,0.08220000005710716,52.222797,-2.147358,89.50998999869486,Vw11
14460.510000001632,0.1708999877759337,1.1925999769165065,11.55689994541774,-0.18480000179644496,-0.19899999636096288,0.0857000001120718,52.222797,-2.147358,89.43000000032963,Vw11
14460.610000001632,-0.5556346287177817,-0.1779068815857058,8.277547577701956,-0.2893118738641839,0.018827717921967784,0.09141782001622611,52.222797,-2.147358,89.45118812075071,Vw11
14460.710000001633,0.9609000159081937,2.8313999378961365,11.522299980401836,0.15949999304475931,-0.2784000013671997,-0.016799995929436408,52.222797,-2.147358,89.56999999836654,Vw11
14460.810000001633,1.9347999870271204,-0.9705999431297183,10.322500004405422,-0.26629999147011113,-0.36209999627409484,0.2323999970369172,52.222797,-2.147358,89.4699999995098,Vw11
14460.910000001633,1.1406000173260307,2.510999959152254,10.59220001076772,0.25589999666449004,-0.134000002303168,0.0510000001682456,52.222797,-2.147358,89.43998999983683,Vw11
14461.010000001634,2.2012999889741955,0.010300013069253327,11.251399964042811,0.051699997915714634,-0.2749999936181012,0.06129999729826959,52.222797,-2.147358,89.4300000003267,Vw11
14461.110000001634,1.5263000166187455,0.810400009490359,9.050100069119543,-0.07589999328324339,0.11569999724926601,-0.10409999811499583,52.222797,-2.147358,89.45000000245018,Vw11
14461.210000001634,2.5436999635056465,1.3913999666339207,13.281599953095508,0.3352999925758675,-0.05269999722657958,0.0113000015764017,52.222797,-2.147358,89.60000000294349,Vw11
14461.310000001635,0.311999971899495,-0.6489999768805319,10.413299955500992,-0.11870000140469819,0.11690000018478568,0.10769999512362047,52.222797,-2.147358,89.78000000114469,Vw11
14461.410000001635,-1.406399971242116,0.764799993409856,7.692100053697409,-0.2045999957286709,0.12819999796408701,-0.19050000135400477,52.222797,-2.147358,89.84999999967278,Vw11
14461.510000001635,0.35220000467687645,0.3617999638441477,10.975799932478004,0.05659999574829416,0.0036999986721595636,-0.2732999902423351,52.222797,-2.147358,89.8299900029435,Vw11
14461.610000001636,0.6381999852253222,-1.8491999703950452,6.846700039984023,-0.2033999922782481,-0.0774999975863393,0.3233999960589958,52.222797,-2.147358,90.00999000212602,Vw11
14461.710000001636,-0.26529998181672043,-0.0387999766772486,9.291800033328848,0.26879999782217356,0.07009999783209535,0.08239999654392013,52.222797,-2.147358,90.14000000281116,Vw11
14461.810000001637,0.8085118389655267,1.3749039658055762,11.287651452978226,0.1370861385911663,-0.05911187809672346,-0.12750594207734559,52.222797,-2.147358,90.31108911069408,Vw11
14461.910000001637,-1.7702999651856342,1.7052999752913938,9.322800022632777,0.1357000013849785,0.12969999743795343,-0.218099995548751,52.222797,-2.147358,90.42000000229193,Vw11
14462.010000001637,0.35630001554417395,0.19599996181813914,10.705299985999602,0.2202999951591235,-0.026799993867459126,0.0537999970990757,52.222797,-2.147358,90.5600000018008,Vw11
14462.110000001638,1.3057999213105185,-2.1362999536008873,9.850099990953007,-0.0753999989482934,0.347799996176815,-0.1234000009772934,52.222797,-2.147358,90.67000000115755,Vw11
14462.210000001638,-3.424341537563264,0.6802554629907855,9.319974285217807,-0.011683168125542398,0.11722772380005185,-0.18290297095681562,52.222797,-2.147358,90.7412871308203,Vw11
14462.310000001638,-0.5784999984935277,1.745799985367353,11.017399988216408,-5.595468636122751e-10,0.18000000013905898,-0.22319999524881806,52.222797,-2.147358,90.87000000182101,Vw11
14462.410000001639,-0.48246236798041653,0.8394633295605778,10.286681157108845,-0.03256534451092363,0.18638019470912928,0.06298514717922225,52.222797,-2.147358,90.98148515094917,Vw11
14462.51000000164,0.021299988817720803,-1.4041999664711904,8.394800030498466,0.0909000014406014,-0.015599996232147167,-0.018500002525559466,52.222797,-2.147358,91.13000000131112,Vw11
14462.61000000164,-0.6609999618740494,0.6415999434854853,10.255699989647008,0.17879999633539845,0.21429999595025473,-0.17259999731710524,52.222797,-2.147358,91.20999999918054,Vw11
14462.71000000164,1.665299985172737,-2.806699946628745,9.623999987427098,-0.04479999981295696,-0.03279999679729809,-0.008900001532440366,52.222797,-2.147358,91.16000000065628,Vw11
14462.81000000164,0.7615999886527222,0.44620000463998,8.857700042583465,-0.033400000538158926,0.16239999391289747,-0.10229999718779145,52.222797,-2.147358,91.20000000262517,Vw11
14462.91000000164,0.06999998089297152,0.7289999788428896,11.453099933368193,-0.06620000240474441,-0.20859999735660417,0.06910000021047728,52.222797,-2.147358,91.35999999917135,Vw11
14463.010000001641,-1.0794696022141224,-0.5390941036895471,7.4631510305240125,-0.20677450237793332,-0.05061961033669916,0.08132745020497484,52.222797,-2.147358,91.31009803937657,Vw11
14463.110000001641,-0.7364303865291937,0.3114941316012333,10.518249069727712,0.24577451722813437,-0.20258039464982847,0.03407254824437592,52.222797,-2.147358,91.31990196094515,Vw11
14463.210000001642,2.0065999786761566,0.5047000108456919,13.603099949791716,0.24900000288828142,-0.1178000027321581,0.0468000015091921,52.222797,-2.147358,91.12000000032526,Vw11
14463.310000001642,0.7083821568965503,1.164997040547354,10.546367276530445,0.4248415870463489,-0.2841366363951949,0.13868118962782194,52.222797,-2.147358,91.13980198052325,Vw11
14463.410000001642,2.2257722697898266,0.22554550618902797,11.643183151040354,0.27314355769274407,-0.24139900135708683,-0.006953471019699446,52.222797,-2.147358,91.04970296980908,Vw11
14463.510000001643,1.7730000080879034,-2.10989999220447,10.591500009249184,-0.1324999978285523,0.2786999961876474,-0.35229999188417316,52.222797,-2.147358,91.01999999917872,Vw11
14463.610000001643,2.2653999817135193,-1.6352999717301162,11.154600011952818,-0.0002999986908896971,0.04660000672951683,0.14179999461572954,52.222797,-2.147358,90.97000000032851,Vw11
14463.710000001643,1.152099937924337,0.08580004502740333,11.882299950174037,0.07939999522801543,0.456299995744579,-0.18599999990200242,52.222797,-2.147358,90.98999999534927,Vw11
14463.810000001644,-2.5520039058030104,2.791313852528286,8.89680200371855,-0.20492177728034644,0.19858118562102772,-0.18083762497544612,52.222797,-2.147358,90.70930692955326,Vw11
14463.910000001644,0.7675999865392165,2.2526999617257273,10.326999978994863,0.0928999966060277,0.04670000077614095,-0.25459999388460125,52.222797,-2.147358,90.63999999901321,Vw11
14464.010000001645,-0.05100000630285649,-0.07489999490246409,9.049600006963892,-0.11349999655011925,0.09389999832110188,0.11729999875028152,52.222797,-2.147358,90.57998999884894,Vw11
14464.110000001645,-0.43429996521417585,0.23509999063873824,9.473100016428717,0.09629999964122914,-0.008200000991602781,0.04129999847024094,52.222797,-2.147358,90.5099899978409,Vw11
14464.210000001645,1.637081150426934,-0.32562771804858026,10.443653434845228,0.07602079425135952,-0.06553860997789174,-0.05169703117820968,52.222797,-2.147358,90.37673266789393,Vw11
14464.310000001646,-0.6548000080860628,-0.0383999592338645,8.58900002441293,0.20809999762455447,0.1705999988608397,-0.14139999961973118,52.222797,-2.147358,90.04999999934135,Vw11
14464.410000001646,-1.1459999719605238,2.437999974385355,10.072000007259676,0.06380000056958014,0.10140000163466212,-0.11830000199023816,52.222797,-2.147358,90.00998999967094,Vw11
14464.510000001646,0.5572999757665046,0.8820000125225325,10.512999983681365,0.09839999740890416,0.20070000008230926,-0.23919999812828718,52.222797,-2.147358,89.98999999604915,Vw11
14464.610000001647,-0.9147999652440874,1.6426999948211007,9.521700001150682,-0.05899999735787241,0.20569999588618265,-0.12549999816614946,52.222797,-2.147358,89.75000000016445,Vw11
14464.710000001647,1.196499972297046,1.3281000073583398,9.591600008892632,0.10150000052900941,-0.04419999966545511,-0.014100000146672391,52.222797,-2.147358,89.75998999802256,Vw11
14464.810000001647,-0.4844999901766012,1.7745999818057083,10.131199956998394,0.1335999987122946,-0.02390000107120286,-0.02299999794645726,52.222797,-2.147358,89.64000000113099,Vw11
14464.910000001648,0.11157844119360921,0.6705803739669023,7.521886231518436,0.05546274381064038,-0.08890000107094785,0.10160784519030877,52.222797,-2.147358,89.7086274521111,Vw11
14465.010000001648,-0.9825999873054221,0.7681000102011473,9.640000001667781,0.03529999855634815,-0.01979999795812255,-0.13979999965062306,52.222797,-2.147358,89.7899999985168,Vw11
14465.110000001649,-0.21230001518141653,1.3870999912870008,9.741199984932296,-0.05230000055372948,0.10410000115525109,-0.1185999982415793,52.222797,-2.147358,89.7,Vw11
14465.210000001649,-1.1334999710060036,0.8583999629367176,8.82690004803296,-0.08589999785028013,0.17419999919818582,-0.011900002969682102,52.222797,-2.147358,89.7000000021446,Vw11
14465.31000000165,0.6238999845098082,-1.388099960250805,11.738300000240875,0.04439999781893348,0.1256000005015463,-0.19189999504888,52.222797,-2.147358,89.82998999950523,Vw11
14465.41000000165,-0.3149999767124929,1.0211999918608714,11.752899992860765,-0.08779999465890509,0.15599999670868567,0.10819999909676337,52.222797,-2.147358,89.80000000166649,Vw11
14465.51000000165,1.0744999869648302,0.5254791958413279,11.32366336495617,0.23240792031014224,-0.0422722785019968,0.05287029516566878,52.222797,-2.147358,89.90039594124738,Vw11
14465.61000000165,0.28449998981729,-0.2065999863213143,11.239999932489226,0.20319999870818828,-0.11949999830563138,-0.06009999890946674,52.222797,-2.147358,89.93999000099006,Vw11
14465.71000000165,-0.3326999845412947,0.6224999820671678,7.148000108112506,0.12489999994327693,-0.016800002756073948,0.0060000002669321015,52.222797,-2.147358,90.00000000350349,Vw11
14465.810000001651,0.5943198026736439,-0.43358907783829964,13.608834621311699,0.11691682411250533,-0.1803574230293036,0.022156435901971083,52.222797,-2.147358,90.21138614090353,Vw11
14465.910000001651,0.6362999934785151,1.4474999880214219,11.662299936194886,-0.34139999750585315,-0.016099999279283326,0.03780000088254426,52.222797,-2.147358,90.34999999983316,Vw11
14466.010000001652,0.25213664479121056,0.7200742418559194,7.8520386373813045,-0.19208217851875112,0.027539604686551658,0.09085742600261648,52.222797,-2.147358,90.34188119122624,Vw11
14466.110000001652,0.9257999421198444,-0.22249998749046063,9.275899973103003,-0.21030000084564088,0.07150000358736724,0.10659999569912325,52.222797,-2.147358,90.52999999950451,Vw11
14466.210000001653,-2.5785999869009113,0.5349000407302651,7.647399996262175,-0.2614999929051476,0.2886999881802565,-0.15379999361997734,52.222797,-2.147358,90.50000000367436,Vw11
14466.310000001653,-1.7734197674514607,2.9728861374333775,7.465826802501905,0.16686634253116972,-0.41652672858332535,0.2253722725516322,52.222797,-2.147358,90.72237624155325,Vw11
14466.410000001653,0.3145999898857768,2.9014999296766346,11.688499939837154,0.5234999889515711,-0.16919999636899882,-0.05739999851519169,52.222797,-2.147358,90.96,Vw11
14466.510000001654,-0.29710002487301934,-1.3515999691497178,8.049900028264268,-0.14469999454027055,0.05040000101357182,0.03239999693282916,52.222797,-2.147358,90.96000000148811,Vw11
14466.610000001654,-1.801399945619309,0.5141999394915813,9.759299960889024,0.1854999902544987,0.11169999626813769,-0.15309999348866915,52.222797,-2.147358,91.05000000148812,Vw11
14466.710000001654,1.4874999540610043,-3.1452999159200346,7.393900018568935,-0.4038999963782466,-0.11399999414858394,0.24069999441508408,52.222797,-2.147358,91.14000000281398,Vw11
14466.810000001655,-1.2877999577704875,1.9342000241406085,8.51570006840115,-0.1851000011371776,0.23949999192554242,-0.09669999537845723,52.222797,-2.147358,91.31000000364162,Vw11
14466.910000001655,1.2633999288279105,3.392599971224606,12.647999926897853,-0.2538000009633732,-0.24829999434887284,0.18249999621437382,52.222797,-2.147358,91.53000000215187,Vw11
14467.010000001655,-3.036299969724759,1.6541999774521314,8.231700050826941,-0.3119999907550134,0.09309999367551793,-0.04619999686152289,52.222797,-2.147358,91.66000000213056,Vw11
14467.110000001656,-1.2072900687382828,0.2920217596330479,11.302294110226798,0.24651486072902867,-0.2889792142445172,0.1434039635341411,52.222797,-2.147358,91.78871287341744,Vw11
14467.210000001656,2.866999951830298,-0.8269999877675939,11.010299988929239,0.023600001811092418,-0.18060000321042077,0.14200000080678976,52.22279700002842,-2.147357999969302,91.79999999832616,Vw11
14467.310000001657,0.003465370176575961,-0.10596635281938821,10.366784188055211,0.1323801989813627,-0.3712752456607031,0.19024158422733317,52.224495,-2.145524,91.70009901006509,Vw11
14467.410000001657,1.429999967557309,-1.0825999538000701,12.155199974371302,0.19039999282807404,-0.25879999684819704,0.1943999979601107,52.224495,-2.145524,91.70999999933716,Vw11
14467.510000001657,-0.5277999900021674,1.7053999633781045,10.608600012240775,-0.24239999816380003,-0.06859999957149754,0.07130000043687165,52.224495,-2.145524,91.67000000066953,Vw11
14467.610000001658,0.06372177260188808,-0.48177425622295816,11.338873265625113,-0.1332336642507852,-0.04281683137960063,0.09721782148025145,52.224495,-2.145524,91.70910890941427,Vw11
14467.710000001658,-0.5141000130755943,-0.409200016109756,11.236199946327357,-0.18660000201558577,-0.024499999089253835,0.07899999817353091,52.224495,-2.145524,91.61999999701379,Vw11
14467.810000001658,-1.3022999736961909,-1.380299997461855,8.000800044125569,-0.3080999963039299,0.03039999306903919,-0.031099997659266226,52.224495,-2.145524,91.43998999966837,Vw11
14467.910000001659,0.28330001070665894,-1.2273000071880933,10.660699981431728,-0.0852999993480451,-0.38739999701726485,0.11000000267085852,52.224495,-2.145524,91.41999999817519,Vw11
14468.01000000166,0.9286999433495977,-1.6605999617353897,9.541399996552768,-0.04599999787658453,-0.20759999949900668,0.27099999722628854,52.224495,-2.145524,91.31000000165892,Vw11
14468.11000000166,-2.486199932435574,0.6459999534656817,9.333600006466463,0.0819999994757818,-0.17740000390177593,0.10380000017252751,52.224495,-2.145524,91.40999999834108,Vw11
14468.21000000166,1.5865999562196427,-2.159099945032916,9.723399987416594,0.05039999996678526,-0.4125999913492193,0.1142000006410446,52.224495,-2.145524,91.30999999916946,Vw11
14468.31000000166,-1.0496000041750937,1.1506999750922617,8.965700006425394,0.048399998812572814,0.10829999769821806,0.15279999478860626,52.224495,-2.145524,91.25999000149483,Vw11
14468.41000000166,-1.3009999591190216,-0.3491000044319879,9.352600038245606,-0.02310000317720858,-0.030299999434678305,-0.16100000035227763,52.224495,-2.145524,91.35000000050324,Vw11
14468.510000001661,1.1038702436643408,-0.6051623627215561,11.603922724812298,-0.2127198023452749,0.004396041258317867,-0.17837029100100069,52.224495,-2.145524,91.37891088928016,Vw11
14468.610000001661,-2.109099965063069,0.20860003001284497,8.746200065197225,-0.23469999533166738,0.10399999629157355,0.18459999821470735,52.224495,-2.145524,91.27000000132858,Vw11
14468.710000001662,-0.005400011430486189,2.015799937925744,12.67199993243931,0.046399994632083025,-0.11930000233580933,0.07710000115226676,52.224495,-2.145524,91.34999999934156,Vw11
14468.810000001662,-0.6929247639043716,-1.717863428403493,8.608336566110726,-0.27647129249599023,-0.25979505184048146,0.14640693184519876,52.224495,-2.145524,91.3103960389456,Vw11
14468.910000001662,-0.48289999491027313,0.7176999623916593,10.256799966878916,-0.07580000159012812,-0.1522999991769523,0.18259999960329104,52.224495,-2.145524,91.25998999884773,Vw11
14469.010000001663,-0.17676138104949346,-1.5443792455246517,8.26462174906108,-0.17144356594637428,-0.1027950486820009,0.15873861346472443,52.224495,-2.145524,91.1906830681548,Vw11
14469.110000001663,-0.6331000057053665,0.3768999836921333,10.597099945566917,0.0002999952625375503,0.020199996130029804,-0.13859999462220646,52.224495,-2.145524,91.12999999934156,Vw11
14469.210000001664,-0.9762683225425502,-0.6039911054325001,7.323040539573846,-0.2846504997915348,-0.212572281101424,0.18486535191763176,52.224495,-2.145524,91.09039603894489,Vw11
14469.310000001664,-0.2630000444981449,-4.348699914177558,7.1082000469848206,-0.22709999435101133,-0.15689999223181667,0.4227999920291254,52.224495,-2.145524,90.86999999703363,Vw11
14469.410000001664,-2.936564400928492,0.8077357293765823,9.931170344008931,0.11230594624237569,0.3098326810345855,-0.05611089905903477,52.224495,-2.145524,90.6917722742617,Vw11
14469.510000001665,0.26328900231209523,2.637085979668876,11.682174976820788,-0.1650110003512254,-0.3468169950345716,-0.04077899597006297,52.224495,-2.145524,90.59789999650438,Vw11
14469.610000001665,0.37817223956180956,1.4302524791634348,10.29520592662138,-0.18559603909799055,-0.05360792430090607,0.20191485650364444,52.224495,-2.145524,90.38811880874978,Vw11
14469.710000001665,-1.8845999362197488,1.665499940973401,9.455799989353018,-0.1551999999683423,-0.2643999970658319,0.5033999914274303,52.224495,-2.145524,90.19999999750071,Vw11
14469.810000001666,1.943299971639707,-1.8770999553259986,8.81680005065564,-0.1532999961677531,-0.08830000533848652,-0.011099999251878762,52.224495,-2.145524,90.04999999500141,Vw11
14469.910000001666,0.24120002686107164,0.8040999474391437,11.856999991534385,0.07669999984347872,-0.4086999999057506,0.03380000419578017,52.224495,-2.145524,89.74999999579244,Vw11
14470.010000001666,1.8011118210511519,-2.2689702138272256,11.32837124442122,0.06767524798342286,-0.39963365759005964,0.28231584027744283,52.224495,-2.145524,89.49821781881236,Vw11
14470.110000001667,-1.8076999490960983,2.7239999561307706,8.765500017055164,0.09520000020327571,-0.05300000233433821,0.20389999802889214,52.224495,-2.145524,89.31999999700085,Vw11
14470.210000001667,1.247399972367692,0.09110002132388181,9.789099996578905,0.10739999792165544,-0.19309999642044348,0.08559999510104499,52.224495,-2.145524,89.13999999716438,Vw11
14470.310000001668,-0.4091999906254284,1.3694999818995286,9.584000000074134,-0.017199999819719775,0.02149999786696483,-0.2080999931409272,52.224495,-2.145524,88.96999999848363,Vw11
14470.410000001668,0.1407960289208007,0.30855150742161447,9.588122771814753,-0.0059554446361225095,-0.102236628886666,0.1969227688119728,52.224495,-2.145524,88.87673266781673,Vw11
14470.510000001668,-0.49959996700502923,1.643700023111992,9.560400044550967,0.04850000347447167,0.18409999551971634,-0.010800002276838132,52.224495,-2.145524,88.54999999816502,Vw11
14470.610000001669,1.4785000128870704,3.0292999374978744,12.231299972035757,0.25679999477578236,-0.08449999519278573,-0.14730000176309002,52.224495,-2.145524,88.43998999599694,Vw11
14470.710000001669,2.251099973636688,-0.717799968859298,10.554799998260036,-0.05639999726147507,0.20369999898808164,-0.2529999945980926,52.224495,-2.145524,88.19999999465654,Vw11
14470.81000000167,0.672300028841343,1.1470999669005848,10.450599999450624,0.10759999810808003,0.1431000008683128,0.07050000094011556,52.224495,-2.145524,87.87999999833016,Vw11
14470.91000000167,2.399499953293122,-0.8350999388958276,10.417699985589348,-0.005699999747855327,0.19509999695923544,0.12679999232044137,52.224495,-2.145524,87.77999999749525,Vw11
14471.01000000167,-0.3976000140349403,2.8241999903967945,9.554700004951053,0.009400004296478437,0.013000004139514203,-0.3330999991550649,52.224495,-2.145524,87.62999999666033,Vw11
14471.11000000167,-1.238099983732494,2.249100003934125,9.851200060745159,0.2667000029389048,0.2608999980847024,-0.2824999964365779,52.224495,-2.145524,87.42999999916509,Vw11
14471.21000000167,-0.2638999558954233,2.4846999448017377,13.488999919699953,0.44269999377943103,0.14620000133056685,-0.06909999985816292,52.224495,-2.145524,87.37999999797358,Vw11
14471.310000001671,2.326713825631736,-0.7501039032254123,8.764143615755044,0.0746019807028852,0.22585148657206977,-0.0631316872337248,52.224495,-2.145524,87.25781187754663,Vw11
14471.410000001672,0.18810002775609755,2.6694999278949947,11.838499958431047,0.10479999710637167,0.3109999944768642,-0.30629999337357444,52.224495,-2.145524,87.04000000200598,Vw11
14471.510000001672,1.848499920496266,-1.6438999515639046,9.351799998405246,-0.06829999958041554,-0.019399994560446793,0.09009999511543501,52.224495,-2.145524,87.16000000100298,Vw11
14471.610000001672,-2.907499949360787,1.2535999702327878,9.256400027182062,-0.04319999945291413,0.3059999917346132,-0.202099996796846,52.224495,-2.145524,87.22,Vw11
14471.710000001673,0.1075410268184593,-0.4945019752596745,10.870050006436697,-0.013406004356892024,-0.18314899941317378,-0.010792997313305647,52.224495,-2.145524,87.2198999998328,Vw11
14471.810000001673,1.6931739959396757,0.966407993151341,11.263607020765228,-0.27036299826440385,-0.1489800009707288,0.15102100455405698,52.224495,-2.145524,87.20969999949789,Vw11
14471.910000001673,1.4365119724045234,0.5225639351687057,12.439655912560767,-0.17033200440510032,-0.20541199834641372,0.4164459933823075,52.224495,-2.145524,87.17959999933053,Vw11
14472.010000001674,-0.20647229508957549,-3.285412826286992,7.2964752960197075,-0.42781781662363405,-0.1110148572004774,0.02665247801322029,52.224495,-2.145524,87.1403960402668,Vw11
14472.110000001674,-1.273699953367078,-0.5967000127987004,10.193999981623625,-0.11959999854575434,-0.45249999487416065,0.19190000030624504,52.224495,-2.145524,87.1800000035143,Vw11
14472.210000001674,1.512899946559884,-1.3614999671079508,9.095900031740287,-0.03269999854861961,-0.14619999732114808,0.21019999860338867,52.224495,-2.145524,87.39000000193286,Vw11
14472.310000001675,-1.6770038995694134,0.6018654174923241,10.990515416341092,0.053934616835329054,0.013703848831467524,0.12683461398864562,52.224495,-2.145524,87.50537500193198,Vw11
14472.410000001675,-0.7038999671541776,3.1318999268761627,8.300300015619111,0.27379999603514876,0.220199996124836,-0.17069999849731632,52.224495,-2.145524,87.61000000186144,Vw11
14472.510000001676,1.2194970002094163,-1.1672395669984816,9.241501020594539,0.03997524832102369,-0.007677225841581532,-0.08276534798453064,52.224495,-2.145524,87.72118812080255,Vw11
14472.610000001676,-0.5407999959189953,1.0388000153221952,11.06159999128682,0.08750000083094346,0.10460000023118991,-0.1692999994119735,52.224495,-2.145524,87.84000000117271,Vw11
14472.710000001676,-0.297199975779203,1.9533999353877283,10.541499981769833,0.13709999658205343,0.11839999291421774,-0.13419999603028485,52.224495,-2.145524,87.91000000134169,Vw11
14472.810000001677,1.1469999577603522,-1.8991999655555512,9.45449997718965,-0.06669999433975972,-0.3040999931154707,0.10249999998658313,52.224495,-2.145524,87.99000000402505,Vw11
14472.910000001677,-1.3715999379757942,0.15459998111982703,8.094400027385992,0.2707999980501499,0.10639999555312211,0.10169999780112476,52.224495,-2.145524,88.23000000186346,Vw11
14473.010000001677,2.27355343826385,-0.9492108731601988,9.70445147416465,0.1551158406043458,-0.15159405184809788,-0.03072871728044389,52.224495,-2.145524,88.34039604026825,Vw11
14473.110000001678,0.6588999434730671,0.11970003821794235,9.049599998101513,0.09669999823568214,0.2989999950307283,-0.2935999967464101,52.224495,-2.145524,88.38000000251566,Vw11
14473.210000001678,-2.711599982812822,2.398499940295669,8.936399996768065,-0.008500001809883544,0.002700002357213816,-0.09959999956012107,52.224495,-2.145524,88.53000000184682,Vw11
14473.310000001678,-1.6878999986770054,-1.1575999870470766,8.743900011688691,-0.1162999983714406,0.14309999947449578,-0.07339999880460382,52.224495,-2.145524,88.64000000302207,Vw11
14473.410000001679,-1.6090999593917874,-0.3860999771313323,9.440100027062627,-0.01930000296498547,0.11179999870386818,-0.0021999996104888854,52.224495,-2.145524,88.82000000067157,Vw11
14473.51000000168,0.809599980020766,0.9759999959756114,11.05199999447633,-0.19589999928645593,0.03459999842684519,0.02100000075719618,52.224495,-2.145524,88.86000000167893,Vw11
14473.61000000168,-0.38040000150599773,0.7363000115627717,10.722999981682905,-0.15339999878277777,-0.05909999966253563,0.0661000029968851,52.224495,-2.145524,88.95999999916053,Vw11
14473.71000000168,-0.4701000119417018,1.4249999606066703,9.631999995845195,-0.08089999903693242,-0.03900000066389475,0.24459999423167902,52.224495,-2.145524,88.91000000218497,Vw11
14473.81000000168,-1.1805999761804649,-0.9187999857455914,9.384799995804858,-0.02360000169419218,-0.07850000047565117,-0.09859999880162795,52.224495,-2.145524,89.04000000235305,Vw11
14473.91000000168,0.23660000861424876,-0.07069997915365384,9.13519999838886,-0.12440000093205017,-0.10679999759432589,-0.027299997782773186,52.224495,-2.145524,89.1800000018675,Vw11
14474.010000001681,0.7381237524986094,1.144209879154466,9.061685184462096,-0.17922475234876062,0.03509306963146945,0.10223861207725514,52.224495,-2.145524,89.29168317114615,Vw11
14474.110000001681,0.15049997761381867,-0.15480000773313027,11.200199982633988,-0.1716999997028984,0.05439999644157166,-0.0038999992631880255,52.224495,-2.145524,89.45999999881158,Vw11
14474.210000001682,-1.1680554454696601,-0.5613969474989196,10.18222674095492,-0.15262673002866423,-0.15576237718295705,0.04230297500871717,52.224495,-2.145524,89.39128713087649,Vw11
14474.310000001682,-1.1635999726591166,4.3288999256450404,10.674899988125896,0.004699999318961706,-0.21200000061854302,0.3225999956253305,52.224495,-2.145524,89.5200000025639,Vw11
14474.410000001682,0.46135240827778157,-0.09024293145571072,9.969185702418335,-0.035776191156843114,-0.24876190538009751,0.06259999562780777,52.224495,-2.145524,89.67238095494342,Vw11
14474.510000001683,-1.5679999439251497,2.2291999298403966,10.051399993646633,-0.022000001314083417,0.0985999968956672,-0.29949998871335265,52.224495,-2.145524,89.71000000235559,Vw11
14474.610000001683,1.7646999550199844,-1.9405999358757577,9.673799999732472,-0.10009999906954144,-0.08590000085306056,0.37129999648848644,52.224495,-2.145524,89.85000000117779,Vw11
14474.710000001684,-0.9085999796677985,1.870499975758343,9.657899991074448,-0.04480000445688056,-0.1366000013643512,0.16259999976250183,52.224495,-2.145524,89.92000000067375,Vw11
14474.810000001684,0.2984999665717114,0.431300050002629,9.128000030345866,-0.3093999959760062,-0.217600000276239,0.14850000034361438,52.224495,-2.145524,89.9600000005053,Vw11
14474.910000001684,-1.686099932656959,3.399899894596682,10.929599979607042,-0.07050000136111853,-0.23400000519777142,0.16890000275286224,52.224495,-2.145524,89.9900000003401,Vw11
14475.010000001685,2.228792927214167,-2.7391879056430652,9.743075020341355,-0.14739399476768122,-0.5328839888547904,0.3264069927680797,52.224495,-2.145524,90.01029010050554,Vw11
14475.110000001685,-2.018485097614904,2.7624642830954853,10.942473274020099,0.15964851409091313,0.1181861320205693,-0.09761583992624484,52.224495,-2.145524,90.04069307047448,Vw11
14475.210000001685,1.002999982713045,-1.5910999924087132,11.33979999172243,0.11449999499872138,-0.27319999219119306,0.0007999982767003531,52.224495,-2.145524,90.10999999881966,Vw11
14475.310000001686,-0.022199998617313397,-1.140899978106338,10.848900011997337,-0.18209999991906226,0.18989999644716993,-0.10139999451478107,52.224495,-2.145524,90.04000000168621,Vw11
14475.410000001686,0.05980000728777013,0.15750001779956074,11.560399996796214,-0.17729999889047832,-0.02080000371133319,0.22389999892082996,52.224495,-2.145524,90.13999999797656,Vw11
14475.510000001686,0.49200003288607164,1.2130999562677245,11.370399957247084,-0.11150000146989227,-0.24089999863059863,0.1598999994975455,52.224495,-2.145524,90.02,Vw11
14475.610000001687,2.394912824257737,-1.3155930036935322,8.889470346223055,-0.19399801339024744,-0.15940197834629802,0.12860197716580452,52.224495,-2.145524,90.01930692952426,Vw11
14475.710000001687,-0.39379995076714547,2.575099916147499,11.806499971879239,0.1861999964652816,-0.049600007283815646,-0.051199995771504477,52.224495,-2.145524,89.94999999594874,Vw11
14475.810000001688,2.52279995109631,-2.392399900405004,10.140600004348345,-0.023200000656640622,-0.4810999902297277,0.1992999983086018,52.224495,-2.145524,89.70999999966222,Vw11
14475.910000001688,-0.37429999475531517,3.507699939388188,10.398199993166886,-0.062100001932785386,0.0976999965125462,0.09910000267551512,52.224495,-2.145524,89.6899900013506,Vw11
14476.010000001688,-0.06360000334397191,-0.08299996834958438,9.993400007670372,-0.1765999997636769,-0.10889999659863533,0.2575999967792537,52.224495,-2.145524,89.76999999696156,Vw11
14476.110000001689,-0.2617000078948797,1.7919999441247783,10.447799952262734,-0.16260000077480216,0.09259999472493073,0.06680000075623393,52.224495,-2.145524,89.58999999797437,Vw11
14476.210000001689,-0.7293999957399105,-1.518099937915236,7.6198000601160985,-0.20849999716951606,-0.21989999644457423,0.11160000001182889,52.224495,-2.145524,89.46999999814118,Vw11
14476.31000000169,-0.47729996875145736,2.1558999252498765,11.17729995095574,-0.041000000986867235,-0.00949999849604137,0.11229999795022268,52.2244950000292,-2.1455239999719993,89.35999999645134,Vw11
14476.41000000169,1.3718999703804642,-2.2675999317608344,8.275000016754776,-0.09939999643781484,0.07950000331039883,-0.00900000317521153,52.226223,-2.143867,89.14999999847915,Vw11
14476.51000000169,-0.3808999584998909,1.7705999598978504,9.2664999971836,0.11139999639841935,0.27539999242643914,-0.19689999593243285,52.226223,-2.143867,89.06000000068276,Vw11
14476.61000000169,2.018665292901271,-0.5620880905678448,9.1001188095469,-0.09922079143832481,-0.16466534039188094,0.0403554437791976,52.226223,-2.143867,89.09990098993167,Vw11
14476.71000000169,-1.1547999872550325,1.1090999990560537,8.962000016969043,-0.061299997629984136,0.19879999477277016,-0.06409999818146535,52.226223,-2.143867,89.09,Vw11
14476.810000001691,-0.40139998562596374,1.0532999786326407,9.965099998721104,0.07879999918969478,-0.11020000001184163,0.0433999988327545,52.226223,-2.143867,89.09000000016917,Vw11
14476.910000001692,0.4482999770549369,-0.20979999657566975,9.889499999449784,0.030900000083728636,-0.11089999823144621,-0.02559999793925037,52.226223,-2.143867,89.10000000307573,Vw11
14477.010000001692,-0.8766336331390275,-0.009727723326737705,9.861778225398293,0.03568811862259408,-0.007726733226052697,0.09400098840882676,52.226223,-2.143867,89.2793069295205,Vw11
14477.110000001692,0.909999989278258,-0.042500013425014915,10.309599989848348,0.024499997843133316,-0.0404000025763984,-0.005899999573701643,52.226223,-2.143867,89.20999999983083,Vw11
14477.210000001693,0.27620000314479076,-0.8361000012548679,9.709500006281115,-0.10299999705842673,-0.19269999787807066,0.019300001163420167,52.226223,-2.143867,89.20000000254022,Vw11
14477.310000001693,0.46189998802879595,-0.9101999428637075,10.080399997673158,0.0706999980846751,-0.06740000153598558,0.08799999824894257,52.226223,-2.143867,89.35000000050803,Vw11
14477.410000001693,-0.24499998174598842,2.4636999668450654,9.943000007566464,-0.0423999977595271,-0.15809999773243144,-0.01539999645724165,52.226223,-2.143867,89.38000000101592,Vw11
14477.510000001694,0.8328999713015157,0.5059000014300491,10.389799994556919,0.08989999877864231,-0.024199997297275722,0.19379999474166176,52.226223,-2.143867,89.43999000171077,Vw11
14477.610000001694,-0.8247419660281822,0.5848759921684273,10.07308400251342,0.018511000018630472,0.13160399628068042,-0.11234199786935155,52.226223,-2.143867,89.53949999915316,Vw11
14477.710000001694,1.1516372390443437,0.13103333999519298,10.215864698878434,0.019498039042995994,-0.08352744713139149,0.01295784442080862,52.226223,-2.143867,89.49,Vw11
14477.810000001695,0.21536272922739863,0.5243666733339976,9.802335287107976,0.009301960611481619,0.14372745483255395,0.08874215814735296,52.226223,-2.143867,89.49,Vw11
14477.910000001695,0.383504940160916,-0.26716830999597957,9.397785155780305,0.0009386127400084328,0.003600001865045855,-0.08265742804408449,52.226223,-2.143867,89.59089109061975,Vw11
14478.010000001696,-0.2260000096886288,0.1360000086138098,9.826299988477059,-0.0651999996338156,0.11359999836403732,-0.2183999946004755,52.226223,-2.143867,89.6800000005086,Vw11
14478.110000001696,-0.7974999999469149,0.6440999878349517,9.146600021788862,-0.04359999965751553,0.01710000220046272,0.10009999735773231,52.226223,-2.143867,89.7100000011987,Vw11
14478.210000001696,-0.7932197999791555,-0.07250892141838594,10.403619775902854,-0.023173266603201348,0.14330098620100587,-0.05265247262367449,52.226223,-2.143867,89.78029703020658,Vw11
14478.310000001697,-0.6751999798654026,-0.6934000069921226,8.86560001975105,0.019500000790856575,-0.08659999945861964,0.10209999911071063,52.226223,-2.143867,89.81000000016971,Vw11
14478.410000001697,0.511199977813588,-1.1053999903281295,10.029399992008276,0.06609999928721082,-0.054699999478985045,0.04970000103354432,52.226223,-2.143867,89.8200000028851,Vw11
14478.510000001697,-0.7960999872529534,-0.535499997247276,9.558500022961995,0.024100001057303963,-0.02400000052440919,0.11059999742547334,52.226223,-2.143867,89.99000000033925,Vw11
14478.610000001698,-0.045000009878918716,-0.3733000149516018,10.911499986475674,0.08639999810092595,-0.05489999880522955,-0.04110000013237513,52.226223,-2.143867,90.009990001867,Vw11
14478.710000001698,-0.6270999972715086,-1.2542999622581343,10.11460000497958,-0.02549999849983942,0.015500002006443537,-0.04890000007475319,52.226223,-2.143867,90.12000000152905,Vw11
14478.810000001698,-0.46649999532113,0.9671999950611927,10.407700008071645,0.06279999639825545,0.13359999456850127,-0.05330000053516487,52.226223,-2.143867,90.20999999949031,Vw11
14478.910000001699,-0.1911000128025769,0.6764999869064172,10.88279997661019,-0.14920000070817038,-0.18609999615132097,-0.08479999567360035,52.226223,-2.143867,90.18000000201855,Vw11
14479.0100000017,-0.9446643692367278,-0.0941930823989866,9.506067303345592,-0.1908831690249195,0.04043465731357679,0.1698534696724298,52.226223,-2.143867,90.29881188320641,Vw11
14479.1100000017,0.9919603681062144,-1.0014860962814185,11.30202374372594,0.15992672949030098,0.14613960232853698,0.03482375782890252,52.226223,-2.143867,90.29009901006923,Vw11
14479.2100000017,-0.6519999948041932,1.4898999722266693,10.204399983368315,-0.027399997117220118,0.05009999871082764,-0.23279999724987901,52.226223,-2.143867,90.30000000187083,Vw11
14479.3100000017,-0.3464999881338317,-0.1430999940847738,9.226500008745282,0.14209999689612196,-0.025700001190528565,-0.07109999686210686,52.226223,-2.143867,90.41000000017007,Vw11
14479.4100000017,0.35119999351502085,0.2046999970457884,9.740700006631245,-0.04039999870742613,-0.0956999974811817,0.11339999794208634,52.226223,-2.143867,90.4200000006803,Vw11
14479.510000001701,-0.03010001153249387,0.031000001070273155,10.130599979329812,0.03559999777183904,0.052399999242390916,-0.007600000120255411,52.226223,-2.143867,90.45999999965623,Vw11
14479.610000001701,-0.7022049518642471,0.08909306215106269,8.937613878759624,-0.09360395955229052,0.00825544546876861,-0.013946533541939605,52.226223,-2.143867,90.4381089076914,Vw11
14479.710000001702,-0.782699993475736,-0.3315999939184054,9.959000008112765,-0.04399999771174043,0.003799999911466148,0.051399999259380276,52.226223,-2.143867,90.24999999914871,Vw11
14479.810000001702,-0.3994999969677156,0.02559997203522071,10.435499967639174,0.09039999942623253,-0.0013999997224804247,0.007899997740684195,52.226223,-2.143867,90.19999999914872,Vw11
14479.910000001702,-0.22139996966183245,-1.6168999755272002,8.534800048080692,0.05670000072870171,0.014899998813305865,-0.12479999712605494,52.226223,-2.143867,90.14999999642443,Vw11
14480.010000001703,1.560499952047001,-0.17950000555549922,11.358799966336706,0.09949999459262472,-0.054799998893326846,0.04400000110667315,52.226223,-2.143867,89.93998999795708,Vw11
14480.110000001703,-1.2559999889809406,-0.5058000216124754,9.381599975116881,-0.21809999800798832,0.010199999121471775,0.10899999893078348,52.226223,-2.143867,89.81999999744613,Vw11
14480.210000001704,-0.608799998851239,-1.7751999702890198,7.920100025518173,-0.10110000139419353,-0.04140000009033283,0.046199999471638144,52.226223,-2.143867,89.66999999659122,Vw11
14480.310000001704,-0.5413999715108115,-0.031999997195498675,9.417299999684944,-0.18289999803047913,-0.046700001098386644,0.015200001702671462,52.226223,-2.143867,89.46999999896704,Vw11
14480.410000001704,1.0990286883741178,0.14590497607235575,9.404253474301544,-0.06815445485653236,-0.11081287182044636,0.11378910838094887,52.226223,-2.143867,89.40742573818619,Vw11
14480.510000001705,-0.3381000007425079,1.6463999961203966,9.929600018959265,-0.03359999916805368,-0.14209999868542356,0.08270000186639478,52.226223,-2.143867,89.14999999594997,Vw11
14480.610000001705,-0.38166435717806513,1.4187762337446097,11.041976256580822,0.015211882019968433,-0.06497128581428922,0.19220495236122734,52.226223,-2.143867,88.9123762335742,Vw11
14480.710000001705,-1.2981470157855604,-0.6071590348722191,10.808272995781078,-0.057758001265847396,-0.17181300185441523,0.2931910017213477,52.226223,-2.143867,88.69219009624665,Vw11
14480.810000001706,1.542888087052378,-1.5339098661962267,8.794569342371648,-0.2227455390010196,-0.15865049530631123,0.05343762382657781,52.226223,-2.143867,88.37920791944046,Vw11
14480.910000001706,-0.3182999801545133,0.5050999796840123,10.871499974346499,0.10269999695639344,-0.17369999856609247,0.057200001154709176,52.226223,-2.143867,88.29999999724248,Vw11
14481.010000001706,0.831139996484791,-0.6681849905891369,9.39425701920908,-0.07291699832259685,-0.08865499685166958,0.12153599545411804,52.226223,-2.143867,88.13759999590461,Vw11
14481.110000001707,0.6393930901135277,-0.12790397012943835,10.501431670765456,0.023493067759318604,0.09196633316336289,-0.1408336610347813,52.226223,-2.143867,87.89801979860114,Vw11
14481.210000001707,1.8586999506864643,-0.6982999698164121,9.774600018309423,-0.06719999671120296,-0.11139999741116079,-0.004200002513484908,52.226223,-2.143867,87.69999999832547,Vw11
14481.310000001708,-1.0284569120473066,1.0688568929217532,10.846560802618944,0.1253490228958848,0.04016863003922497,-0.1513568652580056,52.226223,-2.143867,87.60196078263957,Vw11
14481.410000001708,-0.5733000106242983,0.2919000282032157,9.65610000808123,-0.15489999716535857,-0.13159999645799217,0.1706999956402076,52.226223,-2.143867,87.41999999775713,Vw11
14481.510000001708,-1.1823861271450478,1.909109871113002,10.125600991979752,0.007075243553542513,0.06975939920915639,-0.07970593667528024,52.226223,-2.143867,87.28881187915854,Vw11
14481.610000001709,-0.5109999629323102,0.16009996632787588,10.235699968881383,-0.22539999935948835,-0.3242999968264783,0.1497000000444088,52.226223,-2.143867,87.16999999641314,Vw11
14481.710000001709,1.6591999808872964,-1.8112999590388323,8.413800056707176,-0.1878999949593621,-0.13850000051637473,0.15229999888004822,52.226223,-2.143867,86.95999999931605,Vw11
14481.81000000171,0.5414000066891406,0.5842999651138778,11.7302999476475,0.10689999676855613,-0.16869999911053254,0.08680000120380352,52.226223,-2.143867,86.91999999602746,Vw11
14481.91000000171,0.910953434999106,-1.4334623725821842,8.697048511343347,-0.07632573594909069,-0.11494257039711903,0.15408415428463615,52.226223,-2.143867,86.68929702851797,Vw11
14482.01000000171,-0.8636999559549539,-1.2197000021243591,8.49190002230577,0.3110999963592284,0.1107999941899641,-0.08749999808116829,52.226223,-2.143867,86.61999999827289,Vw11
14482.11000000171,1.6459187424846717,-1.315597973455801,9.776047512179256,0.10004851442142891,-0.2223059349609999,0.02204455179553076,52.226223,-2.143867,86.51910890936726,Vw11
14482.21000000171,-2.412199965737521,1.3945999815054162,9.040800023302664,0.07489999950532765,0.10709999716889942,-0.13349999467670934,52.226223,-2.143867,86.42999999931534,Vw11
14482.310000001711,-0.4104999867756451,0.3141000006298942,10.40219997994951,0.045999997114126015,-0.058299992232445946,0.17749999809148903,52.226223,-2.143867,86.38999999863067,Vw11
14482.410000001712,0.36209997145107226,0.35089998168856473,9.230800003652702,-0.12259999973297964,0.3954999909469825,0.06599999293936526,52.226223,-2.143867,86.30999999828833,Vw11
14482.510000001712,-1.3057999780752314,-0.718900008972569,9.444200013660831,-0.10700000054602242,-0.13339999459797253,-0.34649999376781304,52.226223,-2.143867,86.20999999982882,Vw11
14482.610000001712,-0.024900036698183976,-1.2430999701365106,10.24230001586375,-0.1388999958046992,0.1821999988463351,0.017600000410800568,52.226223,-2.143867,86.19999999863067,Vw11
14482.710000001713,-2.168899909157719,0.5015999749659401,11.16909999041989,0.10619999609324732,0.11480000137079041,0.04159999898732858,52.226223,-2.143867,86.11999999982865,Vw11
14482.810000001713,3.1326999068599317,-0.9593999601888195,10.609999957044568,-0.12179999862235565,0.1948000004403664,-0.01750000499995804,52.226223,-2.143867,86.11000000137062,Vw11
14482.910000001713,-2.3029999178875773,1.3639999336983986,8.103100009978037,-0.041400001812143386,0.22049999373278775,-0.3092999894559909,52.226223,-2.143867,86.18998999844247,Vw11
14483.010000001714,2.3890359106071735,-2.438385951478635,8.680324001240711,-0.145198998455967,-0.1378249935308274,0.2951649918856868,52.226223,-2.143867,86.09989999982862,Vw11
14483.110000001714,-2.7462613365463917,0.37315248973256654,8.776555487625323,-0.05650495136038526,0.23127325939788176,-0.17326039545762326,52.226223,-2.143867,86.08940593957603,Vw11
14483.210000001714,0.1475999886618207,1.2183999854301821,11.232099958136217,-0.10700000118356183,-0.2313999949621433,-0.1392999939329591,52.226223,-2.143867,86.03000000051459,Vw11
14483.310000001715,-0.5133999909809157,0.36900000045112574,8.791500039012941,-0.17599999621774803,0.0622999966946034,0.21440000131220988,52.226223,-2.143867,86.05999999794146,Vw11
14483.410000001715,0.012400012552928556,0.3952999877589454,11.06589999101283,0.04449999778222932,-0.13039999798841267,0.29089999305040765,52.226223,-2.143867,85.93999000207934,Vw11
14483.510000001716,0.7211613591389413,-0.3091544519364024,10.547014851167525,-0.0810376195381572,-0.015620794345033488,-0.11020594060425053,52.226223,-2.143867,86.06039604028336,Vw11
14483.610000001716,-0.8526999608754066,-0.10460000660999619,10.528500011868537,0.16519999900546847,-0.14770000010049272,-0.11079999558698288,52.226223,-2.143867,86.09999999653473,Vw11
14483.710000001716,1.3856346195574374,-0.47631186439637463,11.197190071029889,0.10664752277537731,-0.15248712697526717,0.14283762193984523,52.226223,-2.143867,85.90009901007085,Vw11
14483.810000001717,-0.5909000022666063,0.5025000112231355,9.566200028688025,-0.008599995872029103,-0.05119999754450983,0.03659999886326259,52.226223,-2.143867,85.90999999845458,Vw11
14483.910000001717,-0.7228999904304568,1.156099948975601,11.236899969969183,0.23179999547880725,0.09179999945395394,-0.029600000061816536,52.226223,-2.143867,85.81999999793945,Vw11
14484.010000001717,-0.16560002747229882,-1.815399936303211,9.488000017725891,-0.031499995473655874,0.05999999933375511,-0.03320000230438309,52.226223,-2.143867,85.69999999776773,Vw11
14484.110000001718,-1.7654999707556271,1.894099972252961,10.520299974311795,0.23209999765097164,0.021200003351829946,-0.167399998705287,52.226223,-2.143867,85.56999999776755,Vw11
14484.210000001718,-0.06240000488696059,0.2782000434067988,9.024300024854226,0.09530000098151759,0.21639999949634914,-0.09200000165190612,52.226223,-2.143867,85.4399899993126,Vw11
14484.310000001718,-0.3466999671715887,2.803399910100896,10.470199986588792,0.1523999980128996,0.18709999887065312,-0.18810000063257173,52.226223,-2.143867,85.39999999793727,Vw11
14484.410000001719,1.5630999773838408,-2.4264999453083274,9.690000010471813,0.03680000251309757,0.12140000075977368,-0.2248999966686846,52.226223,-2.143867,85.28000000051568,Vw11
14484.51000000172,0.2473999996093307,0.7551999286047486,10.29919996257909,0.18300000025350097,0.1655999995902313,-0.031099998458158435,52.226223,-2.143867,85.3099999977428,Vw11
14484.61000000172,0.19758015105266102,-3.302576144576295,8.174628765526979,0.19766237634485856,0.14370792372827018,0.052924744265827724,52.226223,-2.143867,85.17881187914556,Vw11
14484.71000000172,-2.534399943553727,2.109799950318589,11.237499958647783,0.20389999720506213,0.3144999972120147,-0.4245999967340247,52.226223,-2.143867,85.05999999930475,Vw11
14484.81000000172,0.6884549575868406,-0.7316209709518476,8.86373100917446,0.04349300067633888,0.15538400220971785,-0.2357449983564793,52.226223,-2.143867,85.0196999994837,Vw11
14484.91000000172,-1.7341079702410895,0.9220039700621091,9.398696012384057,0.08165899872476563,0.2796859951572071,-0.14016599822052314,52.226223,-2.143867,84.9896999994837,Vw11
14485.010000001721,-0.03968715880755675,-0.7848851221585728,10.110995049324336,0.008410891279948271,0.003395053454643673,-0.03771188103646968,52.226223,-2.143867,84.95871286907202,Vw11
14485.110000001721,-1.7883999261069534,0.7465999570015498,10.100499985239287,0.019499999741885404,0.23289999737411418,-0.028899997341419657,52.226223,-2.143867,84.83000000086038,Vw11
14485.210000001722,2.505799943494111,-1.7521999633262086,9.242700037021752,0.004500005417523425,0.08030000108350469,0.1255999923224477,52.22622300003009,-2.143866999974971,84.87999999948322,Vw11
14485.310000001722,-0.7744999670487104,0.3767999822815116,11.391899938703608,0.3189999933077652,0.1432000007665494,-0.3200999957107684,52.22797,-2.142414,84.84999999844949,Vw11
14485.410000001722,1.1383999799112376,-0.6517999685284093,7.83350003741967,-0.06949999905430196,0.18769999680288602,-0.07110000214461579,52.22797,-2.142414,84.75998999931114,Vw11
14485.510000001723,-0.027799986955349,1.1751999944198752,10.005800026907094,-0.014600002615194138,0.002099998479255039,-0.1955999961981376,52.22797,-2.142414,84.71999999913001,Vw11
14485.610000001723,0.7102781977997865,0.8464564217861191,11.511834583923964,-0.1639207903922294,-0.08570000068911963,0.025026736337200425,52.22797,-2.142414,84.67,Vw11
14485.710000001724,-0.4518999937416402,0.04210002317665899,7.475300064762615,-0.06599999377996023,-0.1257000008900701,0.23769999628818125,52.22797,-2.142414,84.66999999738727,Vw11
14485.810000001724,-0.08959009381902555,1.3599871067882527,11.194837626241704,0.2887009859616773,-0.1773366345888448,0.025313862617264007,52.22797,-2.142414,84.51910890935432,Vw11
14485.910000001724,0.2113999752766047,0.08870000605630868,11.338599966569245,0.04879999997909816,-0.23099999093730975,0.09669999691349468,52.22797,-2.142414,84.43000000069674,Vw11
14486.010000001725,-1.1951237401698773,0.44944457695208495,9.432478240548937,0.048873269522609585,0.2863564305670931,-0.08118118929358896,52.22797,-2.142414,84.46920791942605,Vw11
14486.110000001725,0.0925000086513246,1.7538999830439557,10.750299993836986,0.17619999703575304,-0.008000000650099537,-0.1492999997482373,52.22797,-2.142414,84.38999999793072,Vw11
14486.210000001725,0.5942000345986463,0.7705999713171128,10.392900004546865,0.00429999985327122,-0.045700002278611644,-0.13469999457448756,52.22797,-2.142414,84.26999999948212,Vw11
14486.310000001726,2.5984999498001002,-0.8909999767012482,10.656299968943715,-0.00420000255794558,-0.17769999314219498,0.1795999950584746,52.22797,-2.142414,84.23999999982563,Vw11
14486.410000001726,-0.28419109548127747,0.44361187844636024,8.86785048236118,-0.1499821766332768,0.21391484857587603,-0.1028940578419075,52.22797,-2.142414,84.22792078848963,Vw11
14486.510000001726,-0.6532999713050293,0.28479998913171295,8.132900029618499,-0.058200001596754376,0.04539999535991811,-0.012299996169515725,52.22797,-2.142414,84.01999999810116,Vw11
14486.610000001727,1.008999978896513,-0.3447999812783492,9.848699991820501,-0.1506999971961987,-0.2233999946434841,0.2095999977559128,52.22797,-2.142414,83.90999999930253,Vw11
14486.710000001727,-0.19349008552659847,0.7130187844633163,9.380817823884671,0.011394061640052713,0.08277425565486257,0.08074851458995558,52.22797,-2.142414,83.87019802014386,Vw11
14486.810000001728,0.5874999715823833,-0.8750999678221684,9.502600016869126,0.14079999764640963,-0.01980000024019755,0.06559999548808775,52.22797,-2.142414,83.88999999809916,Vw11
14486.910000001728,-1.056999993154169,0.9869999776751205,10.478799987408,0.004600000596959249,-0.03369999888637427,-0.19549999735557527,52.22797,-2.142414,83.7799999986036,Vw11
14487.010000001728,-0.6590653366238072,-0.28764058652531477,9.762421790857053,0.03919604028841111,0.030406931223518605,-0.04298811706310962,52.22797,-2.142414,83.69881187913477,Vw11
14487.110000001729,-0.08559998219071571,0.14829997549150634,10.26459997853914,0.078799997273537,0.06109999794555253,0.058199999282601604,52.22797,-2.142414,83.5800000010473,Vw11
14487.210000001729,0.928227173279364,-1.2480359089118154,9.042372828103238,-0.07592426929423027,-0.05604271748347906,0.01664368853176857,52.22797,-2.142414,83.64,Vw11
14487.31000000173,0.28094561987364686,-0.4716281419123375,9.769654381509902,0.07164854624149644,-0.00031456214301384816,-0.028987379429936396,52.22797,-2.142414,83.64,Vw11
14487.41000000173,0.6960999777105109,-1.3450999951392677,9.858600018430703,-0.017699997862510954,-0.07529999829240659,0.05019999897749923,52.22797,-2.142414,83.63000000205527,Vw11
14487.51000000173,-0.592414873772085,-1.0641098961299233,10.92404556298305,0.10586435857288781,0.023412872994526573,-0.008908911913472775,52.22797,-2.142414,83.74881188324316,Vw11
14487.61000000173,-0.39449998463712294,1.004399990473667,10.304899969374578,0.020000000025947883,-0.14289999851232132,-0.015799998512321327,52.22797,-2.142414,83.91000000051878,Vw11
14487.71000000173,0.49359999802588717,0.45369997132514545,8.534500003920519,0.02150000078618177,-0.056900001870212144,0.07020000094722782,52.22797,-2.142414,83.9399900015587,Vw11
14487.810000001731,0.3795999965121558,-1.2021999719328245,8.760900025899954,0.06690000052824922,-0.1648999978012938,0.12489999733426552,52.22797,-2.142414,84.03000000244884,Vw11
14487.910000001732,0.16529597418809028,0.38633797218257554,10.223013967811315,0.0981140017561243,-0.03953600058191101,-0.027480999967094317,52.22797,-2.142414,84.17100000173188,Vw11
14488.010000001732,-1.2885187743320583,-1.1943732510008005,8.409080243187471,0.19864851510869447,-0.07293762400072354,-0.025654455539854636,52.22797,-2.142414,84.27207921152171,Vw11
14488.110000001732,0.8795999654790009,-0.25170000107883533,11.017099959842389,0.2134999983930029,-0.08669999700939225,-0.031100000252824975,52.22797,-2.142414,84.47999999965367,Vw11
14488.210000001733,-1.113899989992059,-0.313999994947114,8.698100012944588,0.12069999819098443,0.08599999962412294,-0.045699998760807166,52.22797,-2.142414,84.46000000240286,Vw11
14488.310000001733,-0.5365732573199354,-0.022514846432839963,9.444832686210434,0.016343562547626797,0.06431683130733423,0.025785149753902704,52.22797,-2.142414,84.59861386378873,Vw11
14488.410000001733,-0.9990000177874117,2.5859000026002454,11.078799993145752,-0.18389999257889977,-0.24169999275051596,0.23399999461055815,52.22797,-2.142414,84.72000000086675,Vw11
14488.510000001734,-2.0250999350534005,2.7358999018770715,10.683399957804234,0.24419999288390767,0.1764999922430391,-0.07689999586587254,52.22797,-2.142414,84.770000001751,Vw11
14488.610000001734,1.6559781692400535,-2.8142296099214046,8.29561290945113,-0.16032375912338004,-0.2614702883096415,0.15617920268360552,52.22797,-2.142414,84.87049505036323,Vw11
14488.710000001734,-1.1461999894671584,2.552799987838766,10.496900032361012,0.027299992518860384,0.24149999163367397,-0.14589999375461563,52.22797,-2.142414,84.9200000022787,Vw11
14488.810000001735,-0.5671774889489721,1.8639235379566093,12.32760193388728,-0.3975686240990601,-0.23194116977355347,0.20837254550094222,52.22797,-2.142414,85.0502941181575,Vw11
14488.910000001735,-2.754922586979605,2.3562764791311483,10.777798012324732,-0.204431369197857,0.15394118316610905,0.005627447462521973,52.22797,-2.142414,85.07970588286327,Vw11
14489.010000001736,-1.1530276610360923,2.9086216643746208,11.08837521468058,-0.17711187964677616,-0.6260435571428834,0.23547623931803643,52.22797,-2.142414,85.0287128690533,Vw11
14489.110000001736,2.40420000118175,-3.8791999436143807,9.195900009924271,-0.08829999981085057,-0.21040000092145275,0.33310000086071667,52.22797,-2.142414,84.90000000277651,Vw11
14489.210000001736,2.472299971593458,-0.6298999857256644,9.767799995299207,-0.0773999988770037,-0.2634999972135655,0.3826999937024474,52.22797,-2.142414,85.06000000035094,Vw11
14489.310000001737,0.8321752106502899,0.19665744842767074,9.496172270751428,-0.01277821674153949,-0.10209702518074414,0.022084155434853397,52.22797,-2.142414,85.07801979853993,Vw11
14489.410000001737,-1.2902999861671949,1.5023999829378611,9.123400007297704,0.0493999991036384,0.15820000161553543,-0.1495000034065215,52.22797,-2.142414,84.8799999973943,Vw11
14489.510000001737,-0.4940000149741027,0.5201999933241906,9.543500002154047,-0.0022000007851849662,0.25119999969947565,-0.34559999350311554,52.22797,-2.142414,84.73000000138971,Vw11
14489.610000001738,-1.356000000696591,0.13590001049576894,9.667500004514814,-0.04739999908279278,0.23389999526630745,0.02840000242677743,52.22797,-2.142414,84.81000000017372,Vw11
14489.710000001738,-1.396099981758374,0.74009994115554,9.927399987590826,0.00539999869230669,-0.038599999886968,0.16809999465967265,52.22797,-2.142414,84.82,Vw11
14489.810000001738,-0.34710000528360935,-2.6437999405593953,9.213800034617478,-0.06980000008431292,-0.03209999880732355,-0.1390000023835964,52.22797,-2.142414,84.8200000010539,Vw11
14489.910000001739,-0.6184771765520998,0.7493326891504335,11.171449482079785,-0.07453762365389448,0.03614059465175077,-0.26905939613074376,52.22797,-2.142414,84.87960395970727,Vw11
14490.01000000174,2.3237999411355332,1.662599945439005,9.856400056744349,-0.06829999362734884,0.0701999998155655,0.2949999952661811,52.22797,-2.142414,84.83999999648697,Vw11
14490.11000000174,-1.0085279671786866,-1.435792986422425,13.05814294998715,0.2917649952434139,0.056494994426011566,0.023748996954741416,52.22797,-2.142414,84.6419000033044,Vw11
14490.21000000174,0.8516574115812535,-0.6482128457437153,10.195053437264965,0.02241782424801131,-0.25832969867403055,-0.15021584265521162,52.22797,-2.142414,84.83089109065867,Vw11
14490.31000000174,0.037400027912149865,0.8204999648838639,8.580400032538385,0.16419999912961358,-0.011299999210497964,-0.211799989516679,52.22797,-2.142414,84.92000000175835,Vw11
14490.41000000174,1.6334534804119667,-1.188124772539507,10.43141485238149,0.11319603698560901,0.03630198490208888,0.37919603054401646,52.22797,-2.142414,85.02019802014672,Vw11
14490.510000001741,2.498799935020431,-2.3405999303133806,10.48289996929973,-0.03720000002263005,0.3064999958969984,-0.14120000214289138,52.22797,-2.142414,85.04000000052224,Vw11
14490.610000001741,-1.2340000122821195,1.6626000063916258,8.719300016143471,-0.0384999987533253,0.07080000110776455,-0.2642999974415914,52.22797,-2.142414,85.0700000029892,Vw11
14490.710000001742,-1.9071979757515116,1.9975682671583372,9.634907916453397,0.031166334485869043,0.13197524434787852,-0.1164930652905898,52.22797,-2.142414,85.23980197985327,Vw11
14490.810000001742,0.6230000157255713,-0.8556000049091805,9.385700027635043,-0.09219999919735164,-0.05049999668027452,0.11419999609765037,52.22797,-2.142414,85.22000000211223,Vw11
14490.910000001742,1.5003405660712346,-1.1149316490648509,10.94952870211603,-0.046275246958777126,0.13756831590507107,-0.10665346387120256,52.22797,-2.142414,85.34039604029418,Vw11
14491.010000001743,-0.10559999870801776,0.8418999809599838,10.332399989882406,-0.013799999287121516,0.08439999500457003,-0.02199999704463463,52.22797,-2.142414,85.38000000052806,Vw11
14491.110000001743,-0.02632870263876115,-0.23169206507737186,9.765761400362342,0.027642575900151668,-0.19569999355161052,0.14365841193493342,52.22797,-2.142414,85.40920791941163,Vw11
14491.210000001744,0.5607999664288134,0.5791000070334644,10.581899959569789,0.1218999968461052,0.17429999728046353,-0.08050000354987606,52.22797,-2.142414,85.33000000034887,Vw11
14491.310000001744,-1.3636999644297185,0.9822999832571447,8.26420003110459,-0.058899998944631445,0.018400001740922017,-0.28399999156054034,52.22797,-2.142414,85.35000000139553,Vw11
14491.410000001744,0.6753999786750093,0.022500030988335896,10.04729999740929,0.0016000038031610548,0.11819999565451716,0.19980000200348175,52.22797,-2.142414,85.42999999654573,Vw11
14491.510000001745,-0.5470752688473215,1.7989356745491731,9.898785145924435,0.21961980578292717,-0.13090891523607842,0.3146514871517691,52.22797,-2.142414,85.23198019456592,Vw11
14491.610000001745,0.07022396166043027,0.8146990127339152,7.683201039604413,-0.1627189954971592,-0.012089000504192558,-0.22791500054955244,52.22797,-2.142414,85.25979009965125,Vw11
14491.710000001745,-2.0838771901735633,1.5372950494963138,9.939039618684356,0.09256336592379619,-0.04025544476897277,-0.2541782092351083,52.22797,-2.142414,85.23792078845176,Vw11
14491.810000001746,0.06840000402505976,1.536799964677263,10.782999968150513,0.06889999711697456,0.004200002256128937,0.23799999688821843,52.22797,-2.142414,85.03000000157161,Vw11
14491.910000001746,0.298899989938894,-0.4859999758738065,8.959100018166081,-0.09619999832961651,0.13339999814617418,0.05979999622884912,52.22797,-2.142414,85.12000000264581,Vw11
14492.010000001746,-0.26979603662811635,0.870677208297652,9.994580207765216,-0.0009198009669239902,0.02749999860285765,-0.1537019796775497,52.22797,-2.142414,85.26940593955658,Vw11
14492.110000001747,-0.09939996971164365,-0.24160002772663722,10.552599992503435,0.05709999907100573,-0.05250000214960891,-0.12389999405583367,52.22797,-2.142414,85.20999999947612,Vw11
14492.210000001747,1.635099975574514,-1.8293999775498089,10.123299996481178,0.0039000020749339454,-0.17559999570504406,0.21649999603892137,52.22797,-2.142414,85.18000000192286,Vw11
14492.310000001748,0.23780001312609858,-0.5450999870941556,9.922000001901878,0.12259999826593558,0.07009999755972385,-0.010099998267683622,52.22797,-2.142414,85.29000000192286,Vw11
14492.410000001748,0.9886999982694317,0.19319998513808898,10.03079999379967,0.023399999389930964,-0.06950000206444566,0.088999997779978,52.22797,-2.142414,85.40000000087403,Vw11
14492.510000001748,0.8897000078609756,-0.6570000040222603,9.67609999123004,-0.011500001449132468,-0.18759999524006307,-0.03800000201724833,52.22797,-2.142414,85.45000000192286,Vw11
14492.610000001749,1.3393999696276517,-0.8870999763908527,9.174400047171098,-0.09439999515965282,0.08470000017130878,-0.15339999644097263,52.22797,-2.142414,85.56000000244727,Vw11
14492.710000001749,-0.39810000851779087,0.4635000080246463,11.872899967318125,0.18249999367042766,0.09449999525591395,0.05020000074060062,52.22797,-2.142414,85.70000000176755,Vw11
14492.81000000175,-0.8625564051161769,0.9050445326575949,10.035643584908447,-0.17204850863615206,-0.17276831485116304,0.09165742496804014,52.22797,-2.142414,85.80118812089117,Vw11
14492.91000000175,0.8817999856864349,-0.340500050790355,11.209999957057537,0.18309999536019902,-0.0595999964189574,0.04739999852233385,52.22797,-2.142414,85.92000000159061,Vw11
14493.01000000175,0.0671395954543826,-3.162994960242925,8.803003009678712,-0.07657425248050681,0.14222673131999852,-0.0367336643002827,52.22797,-2.142414,86.01088118967846,Vw11
14493.11000000175,-0.4189000344006512,1.9374999085816562,11.05329988669781,0.2059999920695991,0.06489999561833101,-0.09009998813239654,52.22797,-2.142414,86.099999999825,Vw11
14493.21000000175,-2.384799996284672,-3.2867999713441556,4.578400081679404,-0.24719999195450254,-0.18549999546137952,0.5880999817264033,52.22797,-2.142414,86.09000000122619,Vw11
14493.310000001751,-2.1726999551182806,-1.6509000278378065,9.241300011897458,0.21209999557874254,0.07359999560676951,-0.45509998784504535,52.22797,-2.142414,86.15999999982483,Vw11
14493.410000001752,0.38949998712598677,-3.240099919905448,9.920499998637577,-0.040299997560024156,-0.17719998986852667,0.2387999892297803,52.22797,-2.142414,86.14999999893838,Vw11
14493.510000001752,-0.3499247731908529,1.3040861692475636,9.842477225930994,0.09797425808139851,0.38843662146434993,-0.3657019728435723,52.22797,-2.142414,86.08980197985112,Vw11
14493.610000001752,-1.532400026017804,3.0526999808207815,9.74019997225153,0.13539999594659674,-0.3078999866801736,0.05409999807314453,52.22797,-2.142414,86.0699999982483,Vw11
14493.710000001753,-3.0176999737359904,1.957800010615724,8.156100021801338,-0.09599999808341818,0.4524999964491508,-0.055900002675849825,52.22797,-2.142414,85.9699999989479,Vw11
14493.810000001753,-1.5198999377821079,2.563199924323951,9.399400045058085,0.013299994446647178,0.2500000003524547,-0.20850000129408727,52.22797,-2.142414,85.90999999824649,Vw11
14493.910000001753,2.0282999856931467,-1.7524999684421563,11.968999987860478,-0.303399998932115,0.27009999741007196,-0.282299993631267,52.22797,-2.142414,85.80999999772044,Vw11
14494.010000001754,1.2123999947061659,0.04720000884994369,11.27670000149574,-0.24249999975100217,0.12239999856212525,0.08090000346492743,52.22797,-2.142414,85.6799999985972,Vw11
14494.110000001754,0.9104999746495669,0.551899978040847,11.36199993774353,-0.22830000189553976,0.04040000241107045,0.2784999925125303,52.22797,-2.142414,85.59999999631764,Vw11
14494.210000001754,-0.5351999741843144,-0.700400005445053,7.811600049629592,-0.33639999738474335,0.1778999881648557,-0.148499994359911,52.22797,-2.142414,85.3899999968085,Vw11
14494.310000001755,0.9300732836061656,-1.0143316951614931,10.61968813459073,-0.19001980394603604,-0.4867207870246925,0.1705841601435542,52.227987376268125,-2.142401821760799,85.20950494962597,Vw11
14494.410000001755,1.857399963103073,-1.697499965966008,11.518499988235813,-0.30199999500434566,-0.19880000197474038,0.2689999979532913,52.229725,-2.141184,85.16000000017553,Vw11
14494.510000001756,-0.24459999344912794,0.24139993577091118,10.848299981356696,-0.017400004848207026,-0.3113000011374505,0.15240000288224329,52.229725,-2.141184,85.16999999754255,Vw11
14494.610000001756,0.12859992320897376,-3.4176999039766427,9.786200036863592,-0.29359999621984606,-0.37609999015776985,0.316599992085081,52.229725,-2.141184,85.0299999964539,Vw11
14494.710000001756,-4.138733551597479,1.9451395111618093,11.813802879891888,-0.0844168387348806,0.1728643456642704,-0.12390395004530097,52.229725,-2.141184,84.82940593955117,Vw11
14494.810000001757,2.227899916073542,-3.3408998806881813,6.66410005105557,-0.4860999931752536,-0.4406999907943238,0.4656999928765392,52.229725,-2.141184,84.76999999209285,Vw11
14494.910000001757,-2.548399914249627,3.4491998840654112,9.569699994515954,-0.09770000040238591,0.08319999086636672,0.06030000187838668,52.229725,-2.141184,84.31999999876999,Vw11
14495.010000001757,2.331699975087216,-3.1486999346447946,9.25760004020872,-0.12059999824109909,-0.4365999882798511,0.16719999190483867,52.229725,-2.141184,84.24999999982428,Vw11
14495.110000001758,0.9139000423770361,0.5706999654510393,11.545899979063632,-0.020499999862942788,0.23039999269906766,-0.2934999891127372,52.229725,-2.141184,84.24000000035124,Vw11
14495.210000001758,3.325599944184594,-1.3954999716367256,10.354399986577356,-0.012700000814399754,-0.18509999030459728,0.32609999189294064,52.229725,-2.141184,84.2599899956026,Vw11
14495.310000001758,0.15239993998594983,0.21700001587112092,9.591299987560616,-0.05899999990149808,0.3660999934249972,-0.13480000037993595,52.229725,-2.141184,84.00998999630636,Vw11
14495.410000001759,-3.259499958524014,1.119299997235408,8.884100013723463,-0.053400001304119864,-0.0076999941598883135,-0.15639999975836472,52.229725,-2.141184,83.79999999982232,Vw11
14495.51000000176,-0.9377128934751983,0.9553257278425915,9.65029206828719,-0.1265752471293767,0.32027425614904464,-0.14270495032784214,52.229725,-2.141184,83.7889108891732,Vw11
14495.61000000176,-2.1989999434018555,0.11789998091349517,9.029500025392387,-0.10409999891999687,0.24769999729295633,-0.1332000006279497,52.229725,-2.141184,83.67999999630618,Vw11
14495.71000000176,1.0186999825559353,-0.9671999744633824,10.473099998059618,-0.042699998103638066,0.0938000012043747,-0.1688999974046077,52.229725,-2.141184,83.46999999982393,Vw11
14495.81000000176,0.028000011307740352,0.4830999796418415,10.362899981402624,0.06499999920764822,0.16219999720563938,-0.021499999512263456,52.229725,-2.141184,83.45999999894353,Vw11
14495.91000000176,0.6701999989364167,-0.673099988668747,9.306700021453079,0.019999999967985786,0.003500001940417052,0.0061999997261006174,52.229725,-2.141184,83.39999999911072,Vw11
14496.010000001761,0.6255435910239474,-0.024401959774140624,10.517790107621266,0.020380201859086764,0.11105544282462519,-0.0088663360460889,52.229725,-2.141184,83.34851484886983,Vw11
14496.110000001761,2.139899956970016,1.135399996272425,11.006800037354985,0.23840000161287608,-0.04339999721972563,0.02449999754370947,52.229725,-2.141184,83.20000000158471,Vw11
14496.210000001762,-0.3038999496513101,0.9236999209914222,13.128299936777275,0.3299999957732835,0.11450000351110066,-0.11500000340886982,52.229725,-2.141184,83.28999999876619,Vw11
14496.310000001762,2.5525999732102314,-3.558799922537223,9.541400028141682,0.09020000069798989,0.3136999964113449,-0.30839999607468815,52.229725,-2.141184,83.22000000211511,Vw11
14496.410000001762,1.0326999560283996,0.8359999899108733,11.137999941367086,0.12979999947827017,0.11010000060985986,-0.08569999719217704,52.229725,-2.141184,83.33999999665106,Vw11
14496.510000001763,-1.4619999663717145,0.2636000121138741,7.8115000707069955,0.10019999781900414,0.1446999951590794,0.07359999935193266,52.229725,-2.141184,83.14999999857568,Vw11
14496.610000001763,0.43887602128758274,0.9448020014137662,11.75756795534473,-0.023691002452055944,-0.12591799774008935,0.03774700096425205,52.229725,-2.141184,83.07220000387815,Vw11
14496.710000001764,1.622130671440766,1.03310001568907,9.279029754673193,-0.15797326128603056,0.0017267339543639284,0.09064158194005918,52.229725,-2.141184,83.29099010075527,Vw11
14496.810000001764,0.39520000022055246,1.9230999595136251,12.211999927185927,0.18469999363044481,0.0743999959841807,-0.03520000045345587,52.229725,-2.141184,83.39000000105865,Vw11
14496.910000001764,0.40769999376277627,-0.37149999448442395,8.085200014907583,-0.17629999331814253,-0.15319999626295902,-0.060900000924555935,52.229725,-2.141184,83.44999999823558,Vw11
14497.010000001765,0.0542000160773925,-0.05890005466172297,8.930099991629593,0.20239999448618837,0.058599994833779055,-0.11329999371690137,52.229725,-2.141184,83.35000000070576,Vw11
14497.110000001765,0.9653999442372792,-3.1568999219014895,8.455700036754628,-0.11009999663525159,-0.234199993362253,0.24279999337813277,52.229725,-2.141184,83.38999999823558,Vw11
14497.210000001765,-2.1949999297407903,1.2693999731425742,10.538799983427383,0.08059999775687685,0.1419999941608148,-0.13249999536185716,52.229725,-2.141184,83.29000000035326,Vw11
14497.310000001766,1.7828999681987827,-0.25119999827301104,9.60050000506857,-0.046399999473696545,-0.1885999946905794,0.13009999735421007,52.229725,-2.141184,83.30999999928638,Vw11
14497.410000001766,0.0124732886533966,-0.17112181171618954,9.876387114205354,-0.016365345590221896,0.1059029648263224,-0.017020789996211632,52.229725,-2.141184,83.26900989924114,Vw11
14497.510000001766,1.2197999629179075,-1.8432999747053207,9.05510001319862,0.037100002263996894,-0.20379999241230987,0.10089999741665288,52.229725,-2.141184,83.1699999976807,Vw11
14497.610000001767,-0.8662861520144326,-0.40308510892002886,9.80230496357556,0.16256831430267954,0.21938316457754414,-0.04434356513997204,52.229725,-2.141184,83.03980197984824,Vw11
14497.710000001767,-1.6248999836285,1.8383999775849573,10.542799988554059,0.01940000012501418,0.007700001818063373,-0.08870000176091404,52.229725,-2.141184,83.01999999946422,Vw11
14497.810000001768,-0.6953129772124619,0.5732249821848028,9.898606994177127,0.025827998988556543,0.10793799723798134,-0.18417899448126743,52.229725,-2.141184,82.98969999946952,Vw11
14497.910000001768,0.576355438215922,-0.42631683542626825,9.570911878203093,-0.03130891179097375,-0.04588415697322496,0.12495643592018259,52.229725,-2.141184,82.96039604030426,Vw11
14498.010000001768,0.16189997991663257,-0.6379999997719206,9.402099998555498,-0.08219999844941339,0.03570000043317414,0.14059999438464874,52.229725,-2.141184,82.99999999823194,Vw11
14498.110000001769,-0.9739999649977616,-0.6250999786471672,9.320400012795433,0.00549999858555384,0.06019999839637166,-0.17699999858555382,52.229725,-2.141184,82.89999999876237,Vw11
14498.210000001769,1.005699987626792,0.5825999573194236,10.044099978989793,-0.07450000183359225,-0.030499999961062712,-0.09699999631511673,52.229725,-2.141184,82.8300000014159,Vw11
14498.31000000177,0.3065999711706752,-1.8288999190630026,8.857000042511007,-0.1780999980906785,-0.02830000265302728,0.11120000154104415,52.229725,-2.141184,82.9100000007151,Vw11
14498.41000000177,-1.2706989474155972,2.670491039708051,11.221789085703634,-0.07240099204784473,-0.1784584189541117,0.19665940462968717,52.229725,-2.141184,82.95029703022874,Vw11
14498.51000000177,2.259399937029557,-0.1203999706837625,9.910699985570195,-0.18249999716465753,-0.3542999969204146,0.12259999967788245,52.229725,-2.141184,82.98000000460168,Vw11
14498.61000000177,-1.298499923470532,1.5359999687209693,9.095400024863228,-0.022299997723938578,-0.18029999926550117,0.10440000129731962,52.229725,-2.141184,83.23999999946903,Vw11
14498.71000000177,3.025499960930567,-0.23130001063903255,10.50019999502685,0.10629999955530439,-0.138800000733482,0.17769999792888774,52.229725,-2.141184,83.21000000053151,Vw11
14498.810000001771,0.8203000230054684,-0.8317999986641414,10.219500003298897,0.08119999984940586,-0.18019999965983444,0.060799999867122825,52.229725,-2.141184,83.24000000301187,Vw11
14498.910000001772,2.1187999804865436,-0.7564000015821242,10.405699988629257,0.07269999917261812,-0.16099999407899304,0.05329999644952186,52.229725,-2.141184,83.41000000318905,Vw11
14499.010000001772,1.0174000238257637,-0.845699999330299,9.76390000840138,0.025999999525185558,0.17319999532981017,-0.14709999678968744,52.229725,-2.141184,83.58999999858247,Vw11
14499.110000001772,2.3621999485747613,-0.8078999681466833,10.2380999886328,-0.0008000015342884581,-0.09039999593218671,0.03409999829740045,52.229725,-2.141184,83.50999000230338,Vw11
14499.210000001773,-0.5403999612061401,0.9900000075267963,9.59650000541986,-0.08739999798706086,0.13919999708079484,-0.06199999836127244,52.229725,-2.141184,83.64000000124146,Vw11
14499.310000001773,1.646999989538037,1.4143999654448403,9.902099965228473,0.026100002325077733,-0.02539999843930709,0.030399996431688486,52.229725,-2.141184,83.71000000248291,Vw11
14499.410000001773,1.0571000076119248,-0.5339999946422123,7.941500038889629,0.1571999996488441,0.0625999989358912,-0.1707999953675797,52.229725,-2.141184,83.85,Vw11
14499.510000001774,1.4862999970240423,-0.23190000312670636,10.13429999372353,0.13739999747983564,0.0026000031036506697,0.09039999851024767,52.229725,-2.141184,83.8500000014188,Vw11
14499.610000001774,1.3184999458457296,-0.40819995692842276,9.78040000872924,-0.0046999981005657904,0.17760000063491826,0.00639999596525413,52.229725,-2.141184,83.93000000283763,Vw11
14499.710000001774,-1.7349999844942359,2.0203999381118685,10.27259998166258,0.10240000019351138,0.2133999954515952,-0.2210999996680126,52.229725,-2.141184,84.08999999964493,Vw11
14499.810000001775,-0.8615999700650053,-1.4655999429077802,9.239700055035343,0.11330000287460591,-0.042799997672340315,-0.20239999578582415,52.229725,-2.141184,84.07000000089663,Vw11
14499.910000001775,0.8142811998039204,1.6930811436971167,12.281799952238195,0.2708762327876358,0.08901188476027777,0.032675247658356846,52.229725,-2.141184,84.12178218138214,Vw11
14500.010000001776,1.4723999761874496,-0.8088000049158989,9.591799994563928,-0.001500000788248144,0.2901999972571095,0.0401999932590581,52.229725,-2.141184,84.30000000284053,Vw11
14500.110000001776,0.13110001462767337,-1.0856999978588402,9.285599999254002,-0.04589999992826935,0.135699998599459,-0.3394999970267645,52.229725,-2.141184,84.45999999910336,Vw11
14500.210000001776,0.9423653386607055,-0.9654732658588278,9.25025545665141,-0.04166633621878243,0.05917921072475435,-0.17134752057553834,52.229725,-2.141184,84.41039604030715,Vw11
14500.310000001777,0.4988999800603473,-0.8827999848799853,9.875800002397378,-0.01830000143593934,0.21709999343697525,0.06389999824417318,52.229725,-2.141184,84.45000000319888,Vw11
14500.410000001777,-0.6230999714144997,-0.03200000888754039,10.01070001294478,-0.0990999982512818,-0.15219999833303083,-0.034899997792776416,52.229725,-2.141184,84.63000000177715,Vw11
14500.510000001777,0.9854000189977619,-0.5321000045903853,10.739099980916935,-0.0007000027865753509,-0.05839999487469177,0.08929999977785592,52.229725,-2.141184,84.73000000124401,Vw11
14500.610000001778,2.0543999531100963,-0.7904000017197094,9.665300004363898,-0.1574999963397836,0.2299999997468904,0.07679999511193267,52.229725,-2.141184,84.80000000233363,Vw11
14500.710000001778,-0.5401346222452482,-0.8858316825136819,9.913874267155517,0.04664554499087866,0.2110663280424611,-0.19265841079104123,52.229725,-2.141184,84.93128713100059,Vw11
14500.810000001778,1.2163999743258813,-0.8489999814720104,10.461299971036562,0.0711999977549378,-0.2722999951807658,0.09149999774248499,52.229725,-2.141184,85.06000000124529,Vw11
14500.910000001779,-0.2267999929321457,0.19249999628906517,8.83320000695578,-0.05499999889170067,-0.0013999986035072652,-0.03540000094463394,52.229725,-2.141184,85.13000000160108,Vw11
14501.01000000178,0.17049999775137986,-0.01610001927159974,9.22419999063905,0.007299998692455847,0.07709999980431312,-0.08849999774426397,52.229725,-2.141184,85.22000000160108,Vw11
14501.11000000178,0.04409998611690535,-1.0993999789316389,8.698000022934503,-0.06619999571089938,0.06609999726038368,0.03830000017078128,52.229725,-2.141184,85.31000000231249,Vw11
14501.21000000178,-0.736299974228398,0.08490002063402098,9.987200056992423,0.17490000105244727,-0.08790000278159496,0.0478999996384995,52.229725,-2.141184,85.43999000284946,Vw11
14501.31000000178,0.7108999464516258,1.2435999799589823,13.187599947988447,0.23400000063396148,-0.24409999159644905,0.027599995072552338,52.229725,-2.141184,85.60000000178078,Vw11
14501.41000000178,-2.2960999679030296,0.1182000355641696,10.266900029828243,0.26960000130175793,0.22779999870536521,-0.24909999806606137,52.229725,-2.141184,85.70000000035616,Vw11
14501.510000001781,-0.49369993282323527,2.115299883493554,11.941899934194444,0.34269999561035114,0.1551000062487943,-0.14050000266940516,52.229725,-2.141184,85.72000000195887,Vw11
14501.610000001781,3.278599937170469,-4.427099905470597,8.246600034448406,0.0961999997085979,0.5059999981868314,-0.2904000001007316,52.229725,-2.141184,85.83000000467682,Vw11
14501.710000001782,-0.1971078901728702,0.7969068751380025,10.153252460202426,0.0790900973893612,0.40316039240705553,-0.2937722732601335,52.229725,-2.141184,86.0909900017632,Vw11
14501.810000001782,1.52209991183645,-2.3223999458698885,9.308500001775407,-0.011899999146508125,0.1992000021121223,-0.0710000041324132,52.229725,-2.141184,86.1899900009005,Vw11
14501.910000001782,-3.348539558212844,0.6684029428470862,9.395655425141115,0.033644551147542896,0.3165554456434032,-0.3003356432713405,52.229725,-2.141184,86.24069307054253,Vw11
14502.010000001783,-0.782500032534408,-0.8712999612514147,8.25120003678415,-0.15189999576808477,0.32210000126030497,-0.28389999717278114,52.229725,-2.141184,86.31000000071305,Vw11
14502.110000001783,-2.6075999586830707,1.3023999716601085,10.314699994605355,0.08549999876297697,0.3927999899633677,-0.1252999946593736,52.229725,-2.141184,86.34999999927975,Vw11
14502.210000001784,-0.2890215258781373,-0.289818660109862,10.016917650299368,0.016974510115041766,-0.1612166606347801,0.16843038704085814,52.229725,-2.141184,86.30931372426669,Vw11
14502.310000001784,2.108821611410119,-2.121681405233382,10.198682356184248,0.03442549050744137,0.1771166727032594,-0.11853039727685899,52.229725,-2.141184,86.24068627328533,Vw11
14502.410000001784,2.346999924852358,-1.8745999586226696,8.90020000891322,-0.14579999794969153,-0.11999999264458529,0.1231999945539239,52.229725,-2.141184,86.15999999982155,Vw11
14502.510000001785,-1.86430000089043,0.44420000827439543,9.399700012319695,-0.030899999980371285,0.29219998982340367,-0.18199999453964846,52.229725,-2.141184,86.14999999750162,Vw11
14502.610000001785,-1.9141999934404403,0.9078999798270346,10.090099992175281,-0.029800002064583896,-0.2780999973965187,0.12400000048536458,52.229725,-2.141184,86.00998999571755,Vw11
14502.710000001785,-1.5466,-0.2226,9.6516,-0.1455,-0.1322,0.1512,52.229725,-2.141184,85.77,Vw11
