time_since_start_s,accel_x,accel_y,accel_z,gyro_x,gyro_y,gyro_z,latitude,longitude,vehicle_speed,trip_id
0.008,1.4743,-0.1709,9.5411,-0.0823,-0.1866,-0.1324,52.285957,-2.119614,107.64,Vw14a
0.10800000000000001,2.5310930693069307,-1.5315663366336627,11.491290099009902,-0.12261980198019799,-0.0044425742574257495,-0.19693564356435644,52.285957,-2.119614,107.68227722772278,Vw14a
0.20800000000000002,1.7603999999999995,1.6518000000000004,10.7303,0.06539999999999979,-0.04870000000000007,-0.16049999999999995,52.285957,-2.119614,107.91,Vw14a
0.30800000000000005,0.10140000000000156,2.919299999999997,10.8506,-0.6900999999999994,-0.2966999999999998,0.053500000000000145,52.285957,-2.119614,108.16,Vw14a
0.40800000000000003,2.909799999999998,-1.753000000000001,11.295699999999998,0.5123999999999997,0.12939999999999977,0.3120999999999999,52.285957,-2.119614,108.19,Vw14a
0.508,-1.4516,-3.7638,8.968,0.1643,-0.2721,0.1199,52.285957,-2.119614,108.35,Vw14a
0.6080000000000001,1.7751999999999986,-3.3147999999999973,12.577499999999997,-0.04639999999999988,-0.22219999999999981,-0.004799999999999788,52.285957,-2.119614,108.44,Vw14a
0.7080000000000001,0.5562000000000004,-0.8372999999999984,10.0632,0.056799999999999934,-0.05939999999999983,0.1857,52.285957,-2.119614,108.47,Vw14a
0.808,0.819859405940594,0.6012742574257426,9.408376237623763,-0.006801980198019802,0.09091287128712872,0.17815148514851487,52.285957,-2.119614,108.67029702970297,Vw14a
0.908,-0.8542,-1.8813,7.056,-0.037,-0.1378,0.3333,52.285957,-2.119614,108.7,Vw14a
1.008,-0.4720188118811874,-1.2511821782178232,9.027055445544557,-0.027359405940593946,0.09795148514851479,0.0762831683168315,52.285957,-2.119614,108.56178217821783,Vw14a
1.108,0.1661,-2.5294,10.1526,0.0767,0.0431,-0.0754,52.285957,-2.119614,108.74,Vw14a
1.2080000000000002,0.18636831683168334,0.30535643564356096,9.332897029702972,-0.1036247524752474,0.04087821782178206,0.13214158415841562,52.285957,-2.119614,108.73079207920793,Vw14a
1.308,0.3332,-2.729,10.4026,0.0139,-0.0613,-0.0637,52.285957,-2.119614,108.81,Vw14a
1.4080000000000001,-1.4453405940594026,0.7368346534653445,10.275004950495052,-0.08268415841584152,-0.005690099009901617,-0.04133861386138576,52.285957,-2.119614,108.90960396039604,Vw14a
1.508,1.5206,-1.0797,12.1055,-0.0311,-0.5647,0.2948,52.285957,-2.119614,108.87,Vw14a
1.608,0.8485,-4.8907,8.8604,0.0653,-0.5673,0.3628,52.285957,-2.119614,108.86,Vw14a
1.7080000000000002,-1.4081000000000023,-2.4591000000000025,9.775500000000001,0.005700000000000066,-0.5197999999999997,0.19219999999999995,52.285957,-2.119614,108.79,Vw14a
1.808,-2.5211,-3.7139,10.4298,0.0354,-0.38,0.1732,52.285957,-2.119614,108.81,Vw14a
1.9080000000000001,2.614499999999997,8.377299999999977,12.804399999999992,0.23800000000000024,-0.37179999999999924,0.1016999999999993,52.285957,-2.119614,108.71,Vw14a
2.008,1.1515,-1.9229,9.906,0.3535,-0.0142,-0.2109,52.285957,-2.119614,108.7,Vw14a
2.108,-15.217,9.8398,8.5941,-0.4692,1.2786,-0.7103,52.285957,-2.119614,108.36,Vw14a
2.208,1.2872,-4.5048,4.7639,-0.0937,1.6611,-1.0617,52.285957,-2.119614,108.21,Vw14a
2.3080000000000003,-8.650106930693031,2.613699009900981,11.89033564356435,0.38398514851485105,1.098669306930692,-0.8477504950495038,52.285957,-2.119614,108.099900990099,Vw14a
2.4080000000000004,2.3592000000000106,-0.08640000000000267,9.87390000000001,0.2425,0.8455999999999967,-0.5327999999999985,52.285957,-2.119614,108.09,Vw14a
2.508,4.7763,-0.6867,11.9479,0.2438,0.1022,-0.1785,52.285957,-2.119614,108.1,Vw14a
2.608,1.7241732673267274,-1.247997029702971,6.485111881188117,0.3675841584158419,-0.38216435643564317,0.13878019801980182,52.285957,-2.119614,107.92732673267328,Vw14a
2.708,6.6115,-0.7277,8.5963,0.0559999999999999,-0.7686,0.2768,52.285957,-2.119614,107.66,Vw14a
2.8080000000000003,1.9734999999999938,0.514199999999994,10.523599999999988,-0.07300000000000025,-0.35049999999999953,0.2634000000000001,52.285957,-2.119614,107.78,Vw14a
2.9080000000000004,0.5578999999999932,-0.837399999999997,7.778500000000012,-0.1298999999999995,-0.2459,0.2736999999999992,52.285957,-2.119614,107.75,Vw14a
3.008,-0.9702,-0.1679,10.2821,-0.0147,-0.2473,0.0969999999999999,52.285957,-2.119614,107.63,Vw14a
3.108,1.1132584158415813,-1.9182029702970322,9.69107920792079,0.03414059405940614,-0.3296188118811885,0.175682178217822,52.285957,-2.119614,107.61019801980198,Vw14a
3.208,3.8191,0.3415,12.499,-0.1518,0.1085,-0.0261,52.285957,-2.119614,107.63,Vw14a
3.3080000000000003,2.9313999999999973,-0.1040000000000008,10.525999999999994,-0.03130000000000011,0.1695000000000012,-0.11310000000000066,52.285957,-2.119614,107.64,Vw14a
3.4080000000000004,2.372099999999972,-0.28580000000000055,9.516500000000002,-0.056999999999999273,0.43540000000000045,-0.25870000000000026,52.285957,-2.119614,107.77,Vw14a
3.508,-3.9021,-0.415,9.8065,0.1067,0.5296,-0.317,52.285957,-2.119614,107.66,Vw14a
3.608,2.6909,-1.4162,9.0878,0.0849,0.3648,-0.196,52.285957,-2.119614,107.79,Vw14a
3.708,-1.8784049999999748,0.989074999999994,11.346482999999996,0.06033899999999975,0.3234039999999996,-0.17502099999999982,52.285957,-2.119614,107.88109999999999,Vw14a
3.8080000000000003,5.525298019801953,-0.7918821782178174,9.990489108910891,-0.014129702970296738,0.19245643564356346,-0.1170168316831681,52.285957,-2.119614,107.99099009900989,Vw14a
3.9080000000000004,-2.4948999999999923,0.5498999999999847,10.189399999999988,0.07290000000000076,-0.07190000000000006,-0.04869999999999958,52.285957,-2.119614,108.09,Vw14a
4.008,-0.8387,-2.9107,7.9245,0.2418,-0.0846,0.0461,52.288258,-2.120626,108.06,Vw14a
4.1080000000000005,-2.988299999999968,0.7423999999999613,9.563899999999984,0.2331999999999997,-0.20179999999999984,-0.009099999999999008,52.288258,-2.120626,108.06,Vw14a
4.208,0.611,-3.6055,7.673999999999999,0.2016,-0.1827,0.1026,52.288258,-2.120626,108.07,Vw14a
4.308,1.6397297029703113,0.7978366336633723,12.056392079207937,0.22183168316831686,-0.1985079207920802,0.11422772277227826,52.288258,-2.120626,107.94960396039605,Vw14a
4.408,-0.9573,-0.2885,9.2156,0.215,-0.0193,-0.073,52.288258,-2.120626,107.91,Vw14a
4.508,1.7672,2.2296,11.3869,0.2413,0.1325,-0.1262,52.288258,-2.120626,107.6,Vw14a
4.6080000000000005,0.757100000000055,-2.9793999999999716,8.609700000000034,0.05369999999999723,0.19330000000000047,-0.25010000000000016,52.288258,-2.120626,107.44,Vw14a
4.708,6.798680198019774,0.19108811881188292,12.275130693069299,-0.2537930693069303,0.24619207920792108,-0.26719603960396016,52.288258,-2.120626,107.41495049504951,Vw14a
4.808000000000001,-1.5732999999999733,0.7099000000000011,9.9782,-0.13310000000000036,0.33539999999999937,-0.20680000000000007,52.288258,-2.120626,106.91,Vw14a
4.908,1.4235,0.8375,9.9707,-0.1726,0.2694,-0.2144,52.288258,-2.120626,107.06,Vw14a
5.008,2.0776,-0.7382,8.7714,-0.0035,0.2583,0.0261,52.288258,-2.120626,106.87,Vw14a
5.1080000000000005,0.8017000000000145,-0.0707999999999974,9.307500000000012,0.06430000000000038,0.051599999999997107,0.0774999999999992,52.288258,-2.120626,106.5,Vw14a
5.208,2.4386,0.2213,10.7313,0.1078,-0.2739,-0.0136,52.288258,-2.120626,106.33,Vw14a
5.308000000000001,1.4189851485148566,0.20653960396039445,10.47369405940594,0.014826732673267068,0.04865049504950399,0.1560386138613862,52.288258,-2.120626,106.05277227722772,Vw14a
5.408,2.9475,-0.2695,10.3531,-0.0625,-0.2363,0.1699,52.288258,-2.120626,105.33,Vw14a
5.508,1.05263267326733,0.5791079207920765,10.219539603960394,-0.06178217821782191,-0.025681188118812846,0.08156138613861424,52.288258,-2.120626,105.409900990099,Vw14a
5.6080000000000005,2.0358999999999976,-0.2300999999999958,9.253500000000011,-0.0999999999999994,-0.3137999999999979,0.1976999999999982,52.288258,-2.120626,105.4,Vw14a
5.708,1.7812,0.2418,10.4987,-0.0312,-0.0746,-0.0016,52.288258,-2.120626,105.47,Vw14a
5.808000000000001,0.6040000000000147,0.9664999999999746,9.940799999999989,-0.06630000000000034,0.062899999999999,0.13329999999999612,52.288258,-2.120626,105.16,Vw14a
5.908,2.2702,-1.8922,8.7782,-0.106,-0.0493,-0.3027,52.288258,-2.120626,104.91,Vw14a
6.008,0.7425,-0.4598,7.6678,-0.1523,0.1334,-0.3309,52.288258,-2.120626,104.76,Vw14a
6.1080000000000005,1.656749504950494,1.4270445544554442,10.90825148514851,-0.15184950495049493,0.13776831683168295,0.03394158415841589,52.288258,-2.120626,104.51831683168317,Vw14a
6.208,1.3017,1.0015,9.4734,-0.1168,0.0646,0.0481,52.288258,-2.120626,104.35,Vw14a
6.308000000000001,1.1137149999999973,1.6870239999999885,10.594501999999991,-0.11594700000000008,-0.1185709999999996,-0.13908199999999976,52.288258,-2.120626,104.2173,Vw14a
6.408,0.34071584158416096,-1.6762475247524684,8.3133495049505,-0.13925346534653427,0.004569306930693561,-0.06870495049504975,52.288258,-2.120626,103.950099009901,Vw14a
6.508,1.1023,0.3389999999999999,9.8583,-0.0246,0.1515,-0.1392,52.288258,-2.120626,103.96,Vw14a
6.6080000000000005,0.16860000000003028,-1.7506000000000164,8.298500000000004,-0.24479999999999763,0.022600000000001938,-0.08690000000000103,52.288258,-2.120626,103.57,Vw14a
6.708,3.483058415841564,-3.5469920792079055,8.68544653465348,0.02298613861386292,0.24000198019802024,-0.2028257425742579,52.288258,-2.120626,103.44653465346535,Vw14a
6.808000000000001,-2.591099999999956,1.1037999999999832,13.320099999999965,0.48159999999999675,0.3701999999999973,-0.34539999999999954,52.288258,-2.120626,103.1,Vw14a
6.908,2.3536058823529515,-0.7778666666666707,9.354609803921559,0.1182666666666658,0.07176862745097973,-0.29510588235294105,52.288258,-2.120626,103.04117647058824,Vw14a
7.008,-0.9526535353535239,-1.1425626262626252,9.758469696969696,0.10674343434343436,-0.09882020202020148,-0.028807070707071614,52.288258,-2.120626,102.82222222222222,Vw14a
7.1080000000000005,-0.04660000000000077,-0.6019000000000082,10.307499999999996,0.19469999999999923,0.11549999999999969,-0.04370000000000013,52.288258,-2.120626,102.81,Vw14a
7.208,-0.1332,-1.5256,9.8416,0.1086,0.08,-0.0579,52.288258,-2.120626,102.62,Vw14a
7.308000000000001,1.7602119999999999,-1.6596149999999994,9.190086,0.05793999999999988,0.021995000000000164,-0.20253499999999963,52.288258,-2.120626,102.4171,Vw14a
7.408,1.6508299999999927,-1.4879330000000017,9.534234000000003,0.0523120000000001,0.07087299999999995,-0.09636499999999976,52.288258,-2.120626,102.1302,Vw14a
7.508,-0.46925098039215507,-1.9717696078431324,10.41591862745098,0.08210686274509768,0.05873039215686288,-0.0234725490196078,52.288258,-2.120626,102.14823529411765,Vw14a
7.6080000000000005,0.07565098039216,-0.5287303921568547,10.137781372549018,-0.027206862745098648,0.10176960784313749,-0.010727450980392086,52.288258,-2.120626,101.97176470588235,Vw14a
7.708,1.9821,-0.0422,10.2278,-0.2036,0.0604,-0.0686,52.288258,-2.120626,101.8,Vw14a
7.808000000000001,0.6180000000000234,-3.211199999999977,9.1268,-0.11760000000000033,0.024299999999999503,0.007900000000001678,52.288258,-2.120626,101.54,Vw14a
7.908,3.2569,-0.6511,9.0642,-0.1552,-0.0316,0.1968,52.288258,-2.120626,101.29,Vw14a
8.008,-0.7606465346534674,-1.8259346534653647,9.379038613861379,-0.044729702970296784,-0.11146633663366186,0.16967029702970363,52.288258,-2.120626,101.18841584158416,Vw14a
8.107999999999999,-0.38530000000000664,1.3805999999999425,10.722899999999976,-0.08769999999999924,-0.3780999999999953,0.05670000000000201,52.288258,-2.120626,101.03,Vw14a
8.208,-1.1812,-0.5741,10.9545,-0.2232,-0.2492,0.1405,52.288258,-2.120626,101.03,Vw14a
8.308,-0.4151620000000222,-3.3805789999999996,9.828194000000005,-0.0888470000000003,-0.31766400000000045,0.22813700000000037,52.288258,-2.120626,100.8673,Vw14a
8.408,3.5512663366336725,-3.4547108910891104,8.825601980198016,-0.0341049504950495,-0.23414752475247566,0.14219009900990126,52.288258,-2.120626,100.59712871287128,Vw14a
8.508,1.8379,-3.1558,9.6058,-0.0346,-0.1589,0.0912,52.288258,-2.120626,100.31,Vw14a
8.607999999999999,2.648899999999985,-1.178000000000035,10.15679999999999,-0.08809999999999904,-0.018600000000002503,0.045800000000000805,52.288258,-2.120626,100.24,Vw14a
8.708,-0.2752,-0.7041,9.9491,-0.0325,0.0026,-0.0622,52.288258,-2.120626,100.19,Vw14a
8.808,2.4684,-2.0858,8.8629,-0.0459,-0.0805,-0.0611,52.288258,-2.120626,99.92,Vw14a
8.908,1.8783,0.2622,11.4081,0.2303,-0.0364,0.0272,52.288258,-2.120626,99.89,Vw14a
9.008,3.8607019801980482,-2.9251247524752633,8.163339603960384,0.2087366336633666,0.021800990099008096,-0.10527326732673138,52.288258,-2.120626,99.76831683168317,Vw14a
9.107999999999999,-1.2090999999999101,-0.14760000000004947,10.227299999999964,0.16240000000000082,0.34189999999999426,-0.33259999999999595,52.288258,-2.120626,99.6,Vw14a
9.208,-1.6439,0.0248,10.9959,0.0989,0.4519,-0.2916,52.288258,-2.120626,99.37,Vw14a
9.308,-2.5453,0.1985,10.728,0.0435,0.3294,-0.2746,52.288258,-2.120626,99.22,Vw14a
9.408,2.7546,0.2202,11.2853,-0.1089,0.1357,-0.1978,52.288258,-2.120626,99.1,Vw14a
9.508,1.9312,-1.979,7.9659,-0.2122,0.1933,-0.0749,52.288258,-2.120626,99.23,Vw14a
9.608,3.7245,-2.2230000000000003,10.2995,0.0589,0.1012,0.0148,52.288258,-2.120626,99.02,Vw14a
9.708,-0.4389,0.347,11.2943,0.1719,0.1101,-0.1592,52.288258,-2.120626,99.07999,Vw14a
9.808,1.0621,-0.4215,9.2476,0.1437,0.0227,-0.2443,52.288258,-2.120626,99.07999,Vw14a
9.908,1.0847,1.5451,11.7622,0.163,0.0041,-0.104,52.288258,-2.120626,98.82999,Vw14a
10.008,0.8212,-0.6204,8.2648,0.0313,-0.0418,0.1146,52.288258,-2.120626,98.75999,Vw14a
10.108,2.8031,-2.5139,8.6399,-0.0979,-0.0217,0.0961,52.288258,-2.120626,98.75999,Vw14a
10.208,2.4438,-2.4335,7.2885,-0.2346,-0.2785,0.2181,52.288258,-2.120626,98.92,Vw14a
10.308,2.2725128712871276,-0.6409257425742476,9.84513366336635,-0.21351089108910878,-0.2688960396039603,0.3282980198019808,52.288258,-2.120626,98.89029702970296,Vw14a
10.408,-0.3446,0.8348,11.1704,-0.1621,-0.0868,0.1056,52.288258,-2.120626,98.8,Vw14a
10.508,-1.0813326732673179,-0.8283683168316629,9.933073267326748,-0.18804059405940562,-0.07848316831683178,0.025798019801981167,52.288258,-2.120626,98.74059405940594,Vw14a
10.608,-0.5285,-0.2494,10.8871,-0.0184,-0.3146,0.1932,52.288258,-2.120626,98.7,Vw14a
10.708,2.5906,-1.3735,10.5428,0.0657,-0.1945,0.1362,52.288258,-2.120626,98.64,Vw14a
10.808,0.6796,-0.7413,10.0688,0.0563,-0.0279999999999999,-0.005,52.288258,-2.120626,98.67,Vw14a
10.908,1.4678,-1.1623,9.8881,0.068,-0.0238,-0.0559999999999999,52.288258,-2.120626,98.6,Vw14a
11.008,0.8799,-0.9254,9.659,-0.0397,0.0328,-0.1466,52.288258,-2.120626,98.53,Vw14a
11.108,2.2306,-0.6576,10.2217,-0.0778,0.2218,-0.1357,52.288258,-2.120626,98.61,Vw14a
11.208,1.7898,-2.68,8.4453,-0.0639,-0.0288,0.038,52.288258,-2.120626,98.39,Vw14a
11.308,-0.0003,-2.4388,9.5802,-0.1016,-0.0069999999999999,0.0771,52.288258,-2.120626,98.36,Vw14a
11.408,1.7641,-0.3232,10.4082,0.0863,-0.1361,-0.0137,52.288258,-2.120626,98.23,Vw14a
11.508,1.0645,-2.3141,10.6823,0.1332,-0.177,-0.0084,52.288258,-2.120626,98.22,Vw14a
11.608,-2.062029702970306,-1.6988039603960585,8.759666336633694,-0.10505940594059547,-0.1996178217821775,0.08585544554455525,52.288258,-2.120626,98.02732663366336,Vw14a
11.708,-2.795,-3.2592,11.2763,-0.221,-0.1414,0.1514,52.288258,-2.120626,97.75999,Vw14a
11.808,0.4083,-2.1647,12.4594,-0.0494,-0.0079,0.0952,52.288258,-2.120626,97.18999,Vw14a
11.908,0.4065,-3.2065,7.8978,0.1071,0.02,-0.2308,52.288258,-2.120626,97.06,Vw14a
12.008,-0.043015000000005,-1.5646589999999987,9.70151899999999,0.1492490000000008,-0.03862599999999999,-0.08281800000000143,52.288258,-2.120626,96.7562901,Vw14a
12.108,0.8673360000000132,-1.8118100000000164,11.256588999999963,0.0028189999999966406,-0.04311500000000231,0.17207499999999915,52.288258,-2.120626,96.38629999999999,Vw14a
12.208,1.9505603960396036,-3.155281188118814,8.240856435643547,-0.2720366336633666,-0.22991881188118962,0.09927920792079263,52.288258,-2.120626,96.01475247524752,Vw14a
12.308,2.0066,-2.7634,11.6965,-0.2257,0.0482,-0.0028,52.288258,-2.120626,95.49,Vw14a
12.408,-1.8817514851485302,-1.4644009900990025,10.606436633663366,-0.2628495049504963,0.1023297029702969,-0.1215693069306933,52.288258,-2.120626,95.0851485148515,Vw14a
12.508,0.9431,-2.8045,10.7501,-0.0278,0.1253,-0.0785,52.288258,-2.120626,94.6,Vw14a
12.608,-0.8471415841583883,-2.931027722772264,10.050855445544563,-0.030789108910892773,0.08443960396040107,-0.12515148514851526,52.288258,-2.120626,94.15564356435642,Vw14a
12.708,1.4287,-1.8338,10.9064,-0.1697,0.4984,-0.1603,52.288258,-2.120626,93.72,Vw14a
12.808,-3.808134653465396,0.06687524752475234,8.710840594059388,-0.24050297029703036,0.45588316831683234,-0.2548485148514856,52.288258,-2.120626,93.09722772277227,Vw14a
12.908,5.2884,0.0944,11.9349,-0.1208,0.3342,-0.1797,52.288258,-2.120626,92.82,Vw14a
13.008,3.084931683168318,1.501592079207934,12.009548514851495,0.12614257425742492,0.14902772277227794,-0.07136435643564336,52.290215,-2.121283,92.31455445544555,Vw14a
13.108,2.8981,-0.8592,10.3344,0.2704,0.0218,-0.1078,52.290215,-2.121283,91.77,Vw14a
13.208,-0.8523,1.9307,11.8727,0.2619,0.0599,-0.121,52.290215,-2.121283,91.3,Vw14a
13.308,-0.01302277227721539,0.5681623762376189,10.443040594059406,0.0010118811881189144,0.1296207920792079,-0.013419801980197682,52.290215,-2.121283,90.8749504950495,Vw14a
13.408,-2.2753,1.4744,10.6271,-0.0178,0.1317,-0.0754,52.290215,-2.121283,90.37,Vw14a
13.508,2.8745950495049657,-0.7176900990099102,9.170682178217819,0.09327920792079221,0.11903564356435631,-0.12570099009901003,52.290215,-2.121283,89.8651485148515,Vw14a
13.608,0.1241,0.9133,9.9489,0.0712,0.1426,-0.1058,52.290215,-2.121283,89.38,Vw14a
13.708,2.9568,-0.8812,8.6762,-0.1244,-0.1243,0.0361,52.290215,-2.121283,89.06,Vw14a
13.808,1.2928,0.3711,9.3773,-0.088,-0.2476,0.1042,52.290215,-2.121283,88.42,Vw14a
13.908,-1.461136633663383,0.42991782178218035,9.434718811881183,-0.0021821782178216283,-0.17950990099009906,0.1369128712871293,52.290215,-2.121283,88.09653465346534,Vw14a
14.008,1.6152,0.0417,10.4566,-0.0304,-0.1705,0.0282,52.290215,-2.121283,87.75,Vw14a
14.108,0.3624,0.4921,9.5956,-0.1409,-0.009,0.0231,52.290215,-2.121283,87.15,Vw14a
14.208,0.433,0.5543,9.0455,-0.216,-0.0015,0.1362,52.290215,-2.121283,86.75,Vw14a
14.308,3.0505,-1.5503,7.8667,-0.1981,0.0258,0.1664,52.290215,-2.121283,86.38,Vw14a
14.408,-2.397047524752485,0.4637881188118748,10.081953465346528,-0.2112069306930697,-0.18387524752475107,0.1488653465346531,52.290215,-2.121283,86.12851485148515,Vw14a
14.508,-0.5718,1.6326,11.3773,-0.1419,-0.4414,0.2154,52.290215,-2.121283,85.98,Vw14a
14.608,-2.1351,-0.1185,9.1601,-0.0533,-0.537,0.276,52.290215,-2.121283,85.87,Vw14a
14.708,-1.0927,2.3681,11.547,0.1914,-0.3478,0.1894,52.290215,-2.121283,85.23,Vw14a
14.808,2.5013237623762485,2.101717821782183,11.311100000000014,0.22977920792079295,-0.21282277227722887,0.03987821782178263,52.290215,-2.121283,85.01742564356435,Vw14a
14.908,0.4837,1.2635,8.9111,0.0677,-0.0051,-0.0423,52.290215,-2.121283,84.75999,Vw14a
15.008,1.7427,-0.4859,9.5931,0.0304,0.0848,-0.0523,52.290215,-2.121283,84.58,Vw14a
15.108,-2.9375792079207566,0.4605178217821826,9.519425742574267,0.03203267326732556,0.2717405940594071,-0.20911287128712983,52.290215,-2.121283,84.07534653465346,Vw14a
15.208,-0.0255,0.8223,10.362,-0.0647,0.3658,-0.3004,52.290215,-2.121283,83.61,Vw14a
15.308,-2.931532352941197,0.8660431372549015,9.24919607843137,-0.02740098039215664,0.3983539215686279,-0.20342549019607836,52.290215,-2.121283,82.93704892156863,Vw14a
15.408,0.745232352941132,0.9403568627450972,9.85880392156862,-0.06749901960784266,0.3137460784313736,-0.2159745098039214,52.290215,-2.121283,82.64294107843138,Vw14a
15.508,2.9233,0.7507,9.6899,-0.0022,0.1443,-0.0768,52.290215,-2.121283,82.13,Vw14a
15.608,1.1146,-1.0822,9.4155,0.0308,0.0154,-0.0481,52.290215,-2.121283,81.57,Vw14a
15.708,1.447900970873786,1.7156640776698995,10.872490291262134,0.16565436893203866,-0.03828932038834945,-0.039944660194174766,52.290215,-2.121283,81.11368932038835,Vw14a
15.808,1.6229,0.491,9.3076,0.1438,-0.162,-0.0487,52.290215,-2.121283,80.59,Vw14a
15.908,1.8187,1.4315,10.767,0.1385,-0.0636,-0.0591,52.290215,-2.121283,80.00999,Vw14a
16.008,1.7299534653465978,1.3662356435643714,10.645120792079252,-0.12691485148514756,0.09148118811881192,-0.04982772277227763,52.290215,-2.121283,79.48415841584159,Vw14a
16.108,-0.9847,0.7198,8.7772,-0.1684,0.0896,-0.0326,52.290215,-2.121283,78.9,Vw14a
16.208,1.0868,1.7103,9.8501,-0.1238,0.1858,-0.0997,52.290215,-2.121283,78.46,Vw14a
16.308,-0.79,1.8854,8.5834,-0.0733,0.1689999999999999,-0.0756,52.290215,-2.121283,77.82,Vw14a
16.408,0.9765,1.6301,9.4128,-0.0718,0.1053,-0.132,52.290215,-2.121283,77.43,Vw14a
16.508,-1.1209,0.1109,8.5255,0.0378,0.0312,-0.0917,52.290215,-2.121283,77.00999,Vw14a
16.608,0.9966,0.3236,8.0544,0.2643,0.0138,-0.1195,52.290215,-2.121283,76.28,Vw14a
16.708,-0.9338,2.5793,11.4061,0.2924,0.1086,-0.1557,52.290215,-2.121283,75.48,Vw14a
16.808,0.7516,1.0694,8.7443,-0.0694,0.1748,-0.185,52.290215,-2.121283,74.76,Vw14a
16.908,-1.2395,1.4653,9.7806,-0.1001,0.1372,-0.0806,52.290215,-2.121283,73.64,Vw14a
17.008,0.0618,2.8146,10.7793,-0.1149,0.0087,0.0694,52.290215,-2.121283,72.6,Vw14a
17.108,0.1101,1.6692,9.4842,-0.0476,0.069,-0.0154,52.290215,-2.121283,71.51,Vw14a
17.208,-0.1312861386138584,1.0539524752475322,10.129051485148507,0.07249900990098862,0.11543564356435587,-0.14510297029702812,52.290215,-2.121283,70.43079207920793,Vw14a
17.308,-0.20277699999996254,0.5806120000000069,10.063254000000008,0.017883999999998894,0.19242100000000062,-0.23632799999999954,52.290215,-2.121283,69.1769901,Vw14a
17.408,2.864438613861381,1.1479059405940615,10.610565346534637,-0.07368613861386249,0.24336534653465267,-0.198912871287128,52.290215,-2.121283,67.87722772277226,Vw14a
17.508,2.4583,1.3285,9.3671,-0.1623,0.1799,-0.1402,52.290215,-2.121283,66.6,Vw14a
17.608,1.8604,1.3454,10.7679,-0.1816,0.0383,-0.1049,52.290215,-2.121283,65.42,Vw14a
17.708,0.9982,-0.6952,8.8175,-0.1426,-0.0938,0.1034,52.290215,-2.121283,64.33,Vw14a
17.808,3.264,1.6026,10.3029,-0.0781,-0.2879,0.1988,52.290215,-2.121283,63.7,Vw14a
17.908,0.936607999999972,-0.38098799999997063,8.274986000000032,0.011737999999999926,-0.372384999999998,0.0867680000000008,52.290215,-2.121283,63.1956,Vw14a
18.008,-1.3487227722772523,2.022040594059415,10.890841584158453,0.005299009900990798,-0.21236237623762408,0.15270297029703017,52.290215,-2.121283,62.75861386138614,Vw14a
18.108,-0.281,1.6361,9.275,-0.0248,-0.1986,0.133,52.290215,-2.121283,62.62,Vw14a
18.208,0.49941399999999003,0.7918209999999505,10.065754999999974,-0.06578700000000026,-0.07431000000000114,0.06971400000000251,52.290215,-2.121283,62.5796,Vw14a
18.308,0.9080475247524532,2.9105831683168293,11.086050495049475,-0.05493168316831723,-0.02501683168316738,-0.03859702970297125,52.290215,-2.121283,62.539009900990095,Vw14a
18.408,-0.9372,2.7189,8.6211,-0.0881,0.0533,-0.1183,52.290215,-2.121283,62.44,Vw14a
18.508,2.5081,2.3723,10.6422,-0.0687,0.0983,-0.133,52.290215,-2.121283,62.36,Vw14a
18.608,-0.7003,2.7031,10.0285,-0.1221,-0.0427,0.0158,52.290215,-2.121283,62.38,Vw14a
18.708,0.5062,2.0637,9.8888,-0.0526,0.0727,0.0919,52.290215,-2.121283,62.32,Vw14a
18.808,-1.4648,1.8173,10.2405,0.0154,0.2657,-0.1185,52.290215,-2.121283,62.27,Vw14a
18.908,2.9972,-0.3685,9.6436,-0.0063,0.1392,-0.2611,52.290215,-2.121283,62.28,Vw14a
19.008,-0.5838990099010433,2.5005633663366353,11.50807920792081,0.002359405940595314,0.15251683168316896,-0.131757425742579,52.290215,-2.121283,62.21,Vw14a
19.108,1.7062,2.4269,10.736,-0.0517,0.1242,0.0725,52.290215,-2.121283,62.21,Vw14a
19.208000000000002,1.1507999999999499,2.3743999999999734,10.671999999999922,0.07160000000000347,-0.045400000000008406,0.0002999999999990834,52.290215,-2.121283,62.18,Vw14a
19.308,-0.2626,1.6191,8.4812,0.1693,-0.282,-0.0255,52.290215,-2.121283,62.09,Vw14a
19.408,2.5441,2.9027,11.3538,0.1951,-0.2423,0.1917,52.290215,-2.121283,62.08,Vw14a
19.508,-0.2793,1.3059,9.3078,0.1069,-0.3336,0.2042,52.290215,-2.121283,62.03,Vw14a
19.608,3.9817,1.5918,9.6688,0.0381,-0.4176,0.1574,52.290215,-2.121283,62.02,Vw14a
19.708000000000002,-0.5916999999998843,0.6257000000000326,8.800200000000054,0.12719999999999973,-0.33369999999999295,0.20569999999999758,52.290215,-2.121283,62.04,Vw14a
19.808,2.6633,1.5417,10.2783,0.1196,-0.1356,0.1381,52.290215,-2.121283,62.06,Vw14a
19.908,0.23342079207918504,1.8210059405940773,9.506234653465368,0.11485742574257532,-0.0179108910891088,-0.13227029702970342,52.290215,-2.121283,61.99891089108911,Vw14a
20.008,-1.6245,3.2716,11.1497,0.2006,-0.009,-0.1693,52.290215,-2.121283,61.89,Vw14a
20.108,-2.151409900990077,2.192032673267312,10.035283168316823,0.16472772277227493,0.23010396039603923,-0.16962673267326783,52.290215,-2.121283,61.83009900990099,Vw14a
20.208000000000002,-0.382399999999929,0.9853000000000096,9.323600000000024,-0.022499999999999198,0.2004999999999995,-0.2122999999999936,52.290215,-2.121283,61.84,Vw14a
20.308,1.616,1.256,9.9606,0.0001,0.1864,-0.0323,52.290215,-2.121283,61.81,Vw14a
20.408,-0.25718910891085633,-0.3630544554455301,8.311403960396076,0.008990099009901593,0.18442475247524756,-0.036897029702971644,52.290215,-2.121283,61.76,Vw14a
20.508,2.5639,0.8115,11.2418,0.0579999999999999,0.1869,-0.1466,52.290215,-2.121283,61.76,Vw14a
20.608,-0.9217,0.3485,10.9044,0.1414,0.1797,-0.1247,52.290215,-2.121283,61.84,Vw14a
20.708000000000002,0.22739999999996058,1.8436999999999526,11.307799999999945,0.21439999999999648,0.08189999999999904,-0.15540000000000154,52.290215,-2.121283,61.96000000000001,Vw14a
20.808,-0.8816,0.5116,9.7541,0.1152,0.0549,-0.1986,52.290215,-2.121283,62.07,Vw14a
20.908,1.27571782178214,0.5551693069307148,10.60971089108911,-0.12164554455445636,0.09505445544554207,0.01158811881188302,52.290215,-2.121283,62.21108910891089,Vw14a
21.008,-1.8225,2.3221,10.7408,-0.1962,-0.0995,0.1604,52.290215,-2.121283,62.32,Vw14a
21.108,1.9922,3.1397,10.6708,-0.2217,-0.013,0.0097,52.290215,-2.121283,62.52,Vw14a
21.208000000000002,-0.2550999999999087,-0.33140000000000736,8.130500000000012,-0.23799999999999963,-0.022999999999997904,-0.036399999999996754,52.290215,-2.121283,62.720000000000006,Vw14a
21.308,2.3148,-0.5386,8.4847,-0.2276,0.036,0.0551,52.290215,-2.121283,62.91,Vw14a
21.408,0.4435,0.9108,10.6626,-0.205,-0.2177,0.0553,52.290215,-2.121283,63.24,Vw14a
21.508,-0.4068504950495011,0.18424356435640213,11.030812871287157,-0.06501485148514988,-0.035272277227719126,0.15035346534653615,52.290215,-2.121283,63.533069306930685,Vw14a
21.608,-0.5719,1.6286,9.8321,-0.0065,-0.1925,0.0857,52.290215,-2.121283,63.84,Vw14a
21.708000000000002,-0.7618999999998279,1.6068999999999392,10.763199999999916,0.017500000000003905,-0.23209999999999434,0.12069999999999917,52.290215,-2.121283,64.15,Vw14a
21.808,4.0824,-0.1087,8.4041,0.1274,-0.0731,0.0972,52.290215,-2.121283,64.34,Vw14a
21.908,-0.3833,1.6758,10.544,0.1767,0.0403,-0.2179,52.290215,-2.121283,64.68,Vw14a
22.008,4.9263,-1.907,7.8457,0.2152,-0.0628,-0.3147,52.291763,-2.121308,65.03,Vw14a
22.108,-4.294,0.9654,10.4746,0.1669999999999999,0.2119,-0.0901,52.291763,-2.121308,65.35,Vw14a
22.208000000000002,3.0579693069306315,0.09381782178218698,9.864939603960403,0.1511752475247522,0.32512178217821736,-0.15652970297029914,52.291763,-2.121308,65.64415841584159,Vw14a
22.308,-1.9651,0.8056,10.4189,0.1287,0.2873,-0.3295,52.291763,-2.121308,66.06,Vw14a
22.408,3.7145,0.0155,8.4964,0.2334,0.4186,-0.1708,52.291763,-2.121308,66.34,Vw14a
22.508,0.2818,0.2885,9.9843,0.2204,0.4668,-0.2673,52.291763,-2.121308,66.58,Vw14a
22.608,4.4954,-1.3730000000000002,9.0794,0.2013,0.428,-0.3771,52.291763,-2.121308,66.87,Vw14a
22.708000000000002,-1.8759999999998516,2.523699999999896,11.392499999999883,0.23679999999999982,0.22799999999999856,-0.3641999999999975,52.291763,-2.121308,67.12000000000002,Vw14a
22.808,2.2974,-0.3957,8.0864,0.2314,0.1877,-0.2932,52.291763,-2.121308,67.58,Vw14a
22.908,-2.5275,0.4759,10.3294,0.1769,0.3176,-0.23,52.291763,-2.121308,67.9,Vw14a
23.008,0.4545792079207551,-1.2250900990098799,7.690192079207954,0.141454455445545,0.03660990099010247,0.06297029702969933,52.291763,-2.121308,68.11782178217823,Vw14a
23.108,0.7955,0.4899,8.8079,0.0277,0.2096,0.0706,52.291763,-2.121308,68.72,Vw14a
23.208000000000002,4.124399999999818,-2.140899999999911,9.201299999999998,-0.10870000000000142,0.10129999999999406,-0.20659999999999537,52.291763,-2.121308,69.07000000000001,Vw14a
23.308,-0.9847,0.3561,9.1714,-0.1487,-0.0658,-0.0758,52.291763,-2.121308,69.51,Vw14a
23.408,-2.1089000000000158,1.2952485148514747,10.2749514851485,-0.041972277227722496,-0.016864356435642536,0.19942376237623605,52.291763,-2.121308,69.98485148514852,Vw14a
23.508,-3.3889,0.4401,9.1101,-0.0192,0.0667,0.0718,52.291763,-2.121308,70.47,Vw14a
23.608,2.0782603960396244,0.04026039603960428,8.886544554455442,-0.13623069306930685,-0.18492475247524942,-0.027812871287125895,52.291763,-2.121308,70.85485148514852,Vw14a
23.708000000000002,3.734299999999903,0.06629999999989374,8.610999999999994,-0.12930000000000597,-0.337400000000002,0.20090000000000713,52.291763,-2.121308,71.34000000000002,Vw14a
23.808,1.001,-2.9249,8.4354,-0.2969,-0.3939,0.4016,52.291763,-2.121308,71.85,Vw14a
23.908,0.6028,0.3135,9.0901,-0.177,-0.1602,0.3573,52.291763,-2.121308,72.26,Vw14a
24.008,-1.7449,0.4668,10.1828,0.0841,-0.3975,0.0312,52.291763,-2.121308,72.64,Vw14a
24.108,1.7398,0.6453,8.992,0.1444,-0.4326,0.0303,52.291763,-2.121308,73.17,Vw14a
24.208000000000002,0.29980000000001855,0.7106000000000826,10.431400000000023,0.14820000000000585,0.13639999999999822,0.08629999999999442,52.291763,-2.121308,73.64000000000001,Vw14a
24.308,0.8217,3.0364,11.0846,0.3131,0.0867,-0.0706,52.291763,-2.121308,74.12,Vw14a
24.408,-2.0551,3.5115,11.7144,0.2709,0.2028,-0.4481,52.291763,-2.121308,74.6,Vw14a
24.508,2.0135,-1.8782,8.8452,0.2577,0.4029999999999999,-0.5574,52.291763,-2.121308,75.05,Vw14a
24.608,1.3899,-2.716,8.8035,0.27,0.4842,-0.2764,52.291763,-2.121308,75.45,Vw14a
24.708000000000002,2.158117821782196,-2.5259009900990055,8.20696534653464,0.3534653465346554,0.4114277227722756,-0.20323168316831514,52.291763,-2.121308,75.8361386138614,Vw14a
24.808,0.29950396039606975,-0.17038019801982313,8.814300990099023,0.21836534653465234,0.3965940594059415,-0.2803990099009909,52.291763,-2.121308,76.37435643564358,Vw14a
24.908,2.8199,-1.9384,9.8744,0.1249,0.476,-0.3503,52.291763,-2.121308,76.81,Vw14a
25.008,1.5229,-0.8646,10.7405,0.1095,0.1616,-0.1996,52.291763,-2.121308,77.25,Vw14a
25.108,0.0774,2.6917,10.6004,0.1654,0.0984,-0.1308,52.291763,-2.121308,77.54,Vw14a
25.208000000000002,3.5933999999999466,-3.2264999999998967,8.808500000000048,0.19809999999999392,0.2751999999999929,-0.08890000000000234,52.291763,-2.121308,77.87000000000002,Vw14a
25.308,2.0891,-0.3164,10.1609,0.0272,0.0757,-0.1546,52.291763,-2.121308,78.15,Vw14a
25.408,0.4414019801980212,-1.1982940594059106,8.041413861386177,-0.16016930693069328,-0.18396039603960304,-0.08110396039603653,52.291763,-2.121308,78.53227712871288,Vw14a
25.508,0.5516,1.2523,11.1428,-0.1771,-0.11,0.1685,52.291763,-2.121308,78.75999,Vw14a
25.608,1.236510891089098,-1.1075584158415432,9.47276633663367,-0.08223267326732518,-0.2290099009901,0.1912702970297017,52.291763,-2.121308,79.03227712871288,Vw14a
25.708000000000002,0.35760000000002,2.2165999999999153,10.029399999999985,0.04450000000000028,-0.30999999999999434,0.08830000000000143,52.291763,-2.121308,79.25999000000002,Vw14a
25.808,0.9170930693069322,-0.14890891089108851,9.604969306930695,0.051573267326731564,-0.15163960396039491,0.12699504950494916,52.291763,-2.121308,79.49158415841583,Vw14a
25.908,1.0464,-0.0998,9.7219,-0.0411,-0.0556,0.0165,52.291763,-2.121308,79.65,Vw14a
26.008,0.3583,0.4044,9.7502,0.0195,-0.0023,-0.0338,52.291763,-2.121308,79.83,Vw14a
26.108,1.473,-3.2069,9.5927,0.0539,0.1841,-0.1957,52.291763,-2.121308,80.11,Vw14a
26.208000000000002,1.1792910891088995,-0.5321415841584147,8.015192079207901,0.07337425742574721,0.04845346534653632,-0.14906039603960058,52.291763,-2.121308,80.16049504950495,Vw14a
26.308,0.2584,-0.4463,6.4644,0.4508,0.1838,0.1249,52.291763,-2.121308,80.21,Vw14a
26.408,0.2235,3.9341,12.4402,0.4131,0.369,-0.0787,52.291763,-2.121308,80.25999,Vw14a
26.508,1.7226,-1.9828,7.5743,0.0296,0.2956,-0.5959,52.291763,-2.121308,80.50999,Vw14a
26.608,-0.9588,3.1018,10.3145,-0.1288,0.2685,-0.3305,52.291763,-2.121308,80.57,Vw14a
26.708000000000002,-0.9401485148515093,2.9104871287128753,10.036301980198022,-0.005594059405941571,0.051109900990098774,0.35354950495049325,52.291763,-2.121308,80.66009900990099,Vw14a
26.808,-2.905,3.2392,10.2565,-0.085,0.0321,0.2085,52.291763,-2.121308,80.67,Vw14a
26.908,4.053,-2.6175,9.1469,-0.1164,0.0086,-0.2157,52.291763,-2.121308,80.75999,Vw14a
27.008,-0.0224,-1.6256,9.4735,-0.0678,-0.0363,-0.0535,52.291763,-2.121308,80.88,Vw14a
27.108,3.1222,-0.7393,9.8926,-0.1032,-0.3588,0.1586,52.291763,-2.121308,80.91,Vw14a
27.208000000000002,1.7956999999998344,-2.0078999999998506,9.697600000000019,-0.12840000000000082,-0.5078999999999938,0.14550000000001045,52.291763,-2.121308,80.84,Vw14a
27.308,-2.8669,2.1983,10.2437,-0.1521,-0.3344,0.4404,52.291763,-2.121308,80.87,Vw14a
27.408,-1.4382250000000107,0.7685980000000112,10.956056000000006,-0.199088,-0.35660800000000253,0.3858339999999976,52.291763,-2.121308,80.9291,Vw14a
27.508,-2.2434862745099635,1.6476450980393125,11.451333333333391,-0.19710490196078617,-0.5631705882352991,0.19189607843137094,52.291763,-2.121308,80.84049019607843,Vw14a
27.608,4.597886274509719,-2.497845098039165,8.944666666666699,-0.11759509803921665,-0.3502294117647085,0.26150392156862656,52.291763,-2.121308,80.88950980392157,Vw14a
27.708000000000002,-0.9739999999998763,1.2429999999998709,9.096600000000006,-0.11040000000000089,-0.18239999999999712,0.07790000000000173,52.291763,-2.121308,80.91,Vw14a
27.808,2.5075,-2.3928,9.2578,-0.1354,-0.1008,0.1266,52.291763,-2.121308,80.83,Vw14a
27.908,-1.7912,2.4571,11.1886,-0.0656,0.0238,0.0585,52.291763,-2.121308,80.85,Vw14a
28.008,2.1375,-1.0549,9.0921,-0.0543,0.0124,-0.1327,52.291763,-2.121308,80.8,Vw14a
28.108,-0.0694,-0.0735,9.3842,-0.0965,0.2322,-0.1703,52.291763,-2.121308,80.65,Vw14a
28.208000000000002,1.4825999999999777,-0.36280000000001317,9.066700000000067,-0.04369999999999435,0.24589999999999268,-0.010700000000002664,52.291763,-2.121308,80.66,Vw14a
28.308,0.8579,-0.7326,10.9048,0.1154,0.0398,-0.0857,52.291763,-2.121308,80.72,Vw14a
28.408,0.07115148514854594,0.6345633663366104,11.09218613861384,0.09877128712871124,0.05215841584158558,-0.16842079207920685,52.291763,-2.121308,80.66851485148514,Vw14a
28.508,2.5963,-1.2591,9.3608,-0.0341,0.168,-0.0805,52.291763,-2.121308,80.52,Vw14a
28.608,0.3307,0.5158,10.4928,-0.0586,0.0205,0.0298,52.291763,-2.121308,80.39,Vw14a
28.708000000000002,1.5509128712871054,-0.8365603960396102,8.89288514851487,-0.0954821782178225,-0.2289287128712873,0.03769603960396175,52.291763,-2.121308,80.28930693069307,Vw14a
28.808,-0.3478,-1.3426,10.2514,-0.1537,-0.2418,0.1473,52.291763,-2.121308,80.22,Vw14a
28.908,2.7398,-0.1174,6.7004,-0.2774,-0.2359,0.2476,52.291763,-2.121308,80.08,Vw14a
29.008,-1.1529,3.2913,10.9614,-0.2013,-0.4749,0.16,52.291763,-2.121308,79.98,Vw14a
29.108,-1.6546,3.4228,10.106,-0.2452,-0.3802,0.1781,52.291763,-2.121308,80.0,Vw14a
29.208000000000002,-3.77149999999978,2.6691999999999148,11.313099999999931,-0.19049999999999853,-0.2905999999999988,0.22970000000000135,52.291763,-2.121308,79.93,Vw14a
29.308,2.4326,0.2713,9.3432,-0.1488,-0.257,0.2676,52.291763,-2.121308,79.87,Vw14a
29.408,2.6871,-0.8989,9.7869,-0.0928,-0.1986,0.0616,52.291763,-2.121308,79.84,Vw14a
29.508,3.8574,-2.3855,9.3666,-0.1975,-0.1263,0.047,52.291763,-2.121308,79.65,Vw14a
29.608,0.7338,1.9453,11.7378,-0.3076,0.049,0.1051,52.291763,-2.121308,79.75,Vw14a
29.708000000000002,-0.39568019801980614,0.7645346534653502,9.569944554455473,-0.21713069306930363,0.00873267326732702,0.09646435643564191,52.291763,-2.121308,79.86920792079208,Vw14a
29.808,-0.7337,1.068,11.8444,0.0498,0.032,-0.0371,52.291763,-2.121308,79.79,Vw14a
29.908,-0.0749,0.6263,11.132,0.16,0.1262,-0.1453,52.291763,-2.121308,79.74,Vw14a
30.008,3.2981,-1.8496,9.6986,0.0396,0.2627,-0.2375,52.291763,-2.121308,79.75,Vw14a
30.108,0.10701089108914719,-1.1377188118811965,8.861966336633673,0.01286732673267359,0.17893762376237726,-0.13898514851485266,52.291763,-2.121308,79.87871287128712,Vw14a
30.208000000000002,1.6188999999999236,0.2497000000000251,9.883399999999996,-0.01319999999999952,0.030900000000004074,-0.04480000000000024,52.291763,-2.121308,79.92,Vw14a
30.308,-0.4863960396039319,0.9301702970296802,9.778451485148526,-0.00019405940594106536,0.1435762376237614,-0.05184356435643594,52.291763,-2.121308,79.93049504950496,Vw14a
30.408,1.894,-0.9728,10.8336,-0.0396,0.0612,-0.0762,52.291763,-2.121308,79.98,Vw14a
30.508,1.0084,1.3649,9.0146,0.0478,-0.1599,-0.0649,52.291763,-2.121308,80.1,Vw14a
30.608,-1.4071,-1.2947,8.0947,0.2283,-0.1732,0.1953,52.291763,-2.121308,80.25,Vw14a
30.708000000000002,-1.3129999999999014,-0.16980000000000375,9.105200000000009,0.19369999999999435,-0.13749999999999996,0.1294999999999946,52.291763,-2.121308,80.37,Vw14a
30.808,1.4379188118811839,-0.2609841584158261,9.372572277227746,0.03677821782178287,-0.13512475247524697,-0.020347524752474467,52.291763,-2.121308,80.42108910891089,Vw14a
30.908,1.0898,1.0306,11.3898,0.0946,-0.0876,0.0449,52.291763,-2.121308,80.53,Vw14a
31.008,0.4904,0.9809,9.8839,0.1421,0.0118,-0.084,52.293556,-2.12066,80.64,Vw14a
31.108,0.4694,0.8553,10.2681,0.0544,-0.0066,-0.1234,52.293556,-2.12066,80.87,Vw14a
31.208000000000002,0.48776699999999523,-0.7984949999999721,10.420939000000002,0.05979799999999975,0.05804900000000081,-0.010110999999998397,52.293556,-2.12066,81.09169990000001,Vw14a
31.308,0.1302450000000265,1.4073259999999852,10.699626999999973,0.03775099999999753,0.12268400000000047,0.11538699999999744,52.293556,-2.12066,81.2630901,Vw14a
31.408,2.2609009900989583,0.20635346534655208,8.52324158415844,-0.16585445544554547,0.1596188118811868,-0.09504356435643717,52.293556,-2.12066,81.57277227722771,Vw14a
31.508,-1.929,1.6217,10.3974,-0.2413,0.0515,-0.2194,52.293556,-2.12066,81.85,Vw14a
31.608,0.22415742574254996,2.429566336633665,9.285187128712863,-0.12707821782178066,0.13956039603960377,0.04421782178217762,52.293556,-2.12066,81.99158415841583,Vw14a
31.708000000000002,-1.75009999999994,2.546199999999899,8.663900000000039,-0.004899999999995655,0.1255999999999945,-0.004000000000003346,52.293556,-2.12066,82.15000000000002,Vw14a
31.808,-0.0654,-0.2853,9.7573,0.1174,-0.0291,-0.0982,52.293556,-2.12066,82.41,Vw14a
31.908,-0.6851,0.0825,10.4203,0.0984,-0.02,-0.0912,52.293556,-2.12066,82.66,Vw14a
32.008,0.5088,1.0986,10.8291,0.0881,-0.0028,0.0324,52.293556,-2.12066,82.78,Vw14a
32.108000000000004,-0.33909999999995527,-0.6119999999998421,8.18430000000009,0.18309999999999307,-0.024299999999997372,0.02419999999999667,52.293556,-2.12066,82.87,Vw14a
32.208000000000006,0.28932772277229984,1.5793504950494688,9.43012277227726,0.08569702970296694,0.012428712871287745,-0.022477227722773604,52.293556,-2.12066,82.91138613861386,Vw14a
32.30800000000001,0.7620999999999367,0.8244000000000206,10.11240000000005,0.015400000000006402,0.025300000000002324,-0.05019999999999765,52.293556,-2.12066,83.05,Vw14a
32.408,-0.1278,1.113,10.8283,0.1055,0.0579999999999999,-0.0171,52.293556,-2.12066,83.1,Vw14a
32.508,-0.7449287128713015,0.8790396039603906,8.917705940594015,0.25371782178218166,0.015920792079206943,-0.0850207920792095,52.293556,-2.12066,83.109900990099,Vw14a
32.608000000000004,-0.675699999999791,1.8680999999997612,11.727299999999852,0.30389999999998063,0.11270000000000926,-0.12780000000000716,52.293556,-2.12066,83.14,Vw14a
32.708000000000006,2.2641999999998217,-1.4940999999998499,9.653599999999996,0.03149999999999626,0.2431999999999998,-0.22859999999999886,52.293556,-2.12066,83.18,Vw14a
32.80800000000001,-0.2511999999997919,0.6175999999999118,9.575599999999973,-0.0210999999999872,0.24049999999999414,-0.21249999999999203,52.293556,-2.12066,83.22999999999999,Vw14a
32.908,2.6766,-0.625,9.1909,0.1591,0.1582,-0.1004,52.293556,-2.12066,83.13,Vw14a
33.008,0.7005445544554262,1.6995831683167488,9.750989108910911,0.06210594059405035,-0.08594059405940183,-0.055364356435641485,52.293556,-2.12066,83.19038613861387,Vw14a
33.108000000000004,0.29499999999988974,-0.03209999999992565,10.159899999999814,-0.12730000000000824,1.0399761859761072e-14,-0.011800000000005305,52.293556,-2.12066,83.23,Vw14a
33.208000000000006,-1.224207920791999,0.9930742574256918,7.6098801980199795,-0.23936732673265923,0.14218712871285832,-0.08593960396039718,52.293556,-2.12066,83.18820782178217,Vw14a
33.30800000000001,0.4550000000000286,-0.0694999999999746,11.317899999999979,0.053900000000003216,-0.12910000000000207,-0.10989999999999421,52.293556,-2.12066,83.00999,Vw14a
33.408,0.8577,0.2882,11.0271,0.0991,-0.1583,-0.0285,52.293556,-2.12066,83.0,Vw14a
33.508,-0.7343,0.4971,9.3198,-0.012,-0.1382,0.1444,52.293556,-2.12066,83.03,Vw14a
33.608000000000004,1.3633445544554204,-1.0255811881187746,9.712082178217846,0.02770396039603723,-0.05263861386138537,0.17227623762375077,52.293556,-2.12066,82.85920792079207,Vw14a
33.708000000000006,0.8377999999999252,-0.2437000000000592,10.250299999999845,-0.021899999999994164,-0.03649999999999668,-0.07009999999999839,52.293556,-2.12066,82.78,Vw14a
33.80800000000001,-0.20314356435642533,-1.0603653465346146,8.128758415841682,0.060165346534657126,0.010195049504952864,-0.047173267326730155,52.293556,-2.12066,82.72940594059406,Vw14a
33.908,0.0125,-0.2469,10.1746,0.1367,0.0597,0.0055,52.293556,-2.12066,82.67,Vw14a
34.008,-0.8155198019802172,0.3900306930693217,9.944104950495046,0.058086138613859556,0.04831386138613835,-0.11212376237624035,52.293556,-2.12066,82.54128712871288,Vw14a
34.108000000000004,-1.1073999999999278,-0.4537999999999257,9.235200000000079,-0.11579999999999033,0.12329999999999551,-0.07849999999999122,52.293556,-2.12066,82.43999000000001,Vw14a
34.208000000000006,-0.09512499999997014,0.5843320000000145,10.29954799999993,0.018153999999996447,0.05881799999999104,0.043478999999998,52.293556,-2.12066,82.45889999999999,Vw14a
34.30800000000001,0.5208529999999747,0.8903300000000282,8.868446000000095,-0.056273000000002765,-0.12784400000000165,0.0025490000000036187,52.293556,-2.12066,82.34909989999998,Vw14a
34.408,0.012840594059459866,1.4473465346533705,10.790452475247509,-0.11307227722772312,-0.1607267326732618,0.07677524752475283,52.293556,-2.12066,82.25969306930693,Vw14a
34.508,1.1569,-0.568,10.4757,-0.1203,-0.0434,0.0843,52.293556,-2.12066,82.23,Vw14a
34.608000000000004,-0.21279999999984248,0.9326999999999541,8.514600000000126,-0.10349999999999634,-0.06920000000001046,0.03680000000000866,52.293556,-2.12066,82.38,Vw14a
34.708000000000006,2.0038999999998808,0.28790000000006294,10.287799999999953,-0.05209999999999804,-0.21639999999999612,0.15870000000000034,52.293556,-2.12066,82.4,Vw14a
34.80800000000001,0.33029999999989607,1.174200000000038,9.624200000000078,-0.024500000000001968,-0.16170000000000848,0.16319999999998874,52.293556,-2.12066,82.32,Vw14a
34.908,-1.1325,1.7103,10.731,-0.0522,-0.2809,0.0047,52.293556,-2.12066,82.33,Vw14a
35.008,0.6576,-1.2779,9.8977,0.0073,0.0245,0.1107,52.293556,-2.12066,82.5,Vw14a
35.108000000000004,1.5757059999999747,2.493704999999922,11.564031999999882,0.16495499999999885,0.01828499999999136,0.07930599999999811,52.293556,-2.12066,82.5592,Vw14a
35.208000000000006,1.0395999999999428,0.859604950494997,9.076866336633543,0.1393841584158353,-0.15741188118809973,0.03676336633661675,52.293556,-2.12066,82.47861386138614,Vw14a
35.30800000000001,-0.1603999999997871,-0.23989999999999614,6.553500000000246,0.007800000000000337,0.24139999999999484,-0.3168999999999913,52.293556,-2.12066,82.34,Vw14a
35.408,2.7809859999998814,-0.19370900000003669,9.963077999999888,0.010055999999988366,0.17060800000000576,-0.19239399999998522,52.293556,-2.12066,82.4106,Vw14a
35.508,0.2943979999999043,-0.9338399999998902,7.65330400000009,-0.23024499999999212,0.28743499999998684,0.11272199999998868,52.293556,-2.12066,82.46929999999999,Vw14a
35.608000000000004,-1.6824811881187487,1.3431485148514566,9.526562376237633,-0.06626336633663302,0.012283168316824905,-0.12268613861386132,52.293556,-2.12066,82.3990099009901,Vw14a
35.708000000000006,-0.36060000000002845,0.748000000000149,9.702800000000103,-0.052600000000004185,-0.12940000000000623,-0.12129999999996964,52.293556,-2.12066,82.3,Vw14a
35.80800000000001,-0.7291029411763366,2.782411764705686,11.108195098039126,-0.11115980392156988,-0.21684509803921684,0.3011529411764675,52.293556,-2.12066,82.35049019607843,Vw14a
35.908,2.0606029411765348,-1.306411764705977,9.247704901960743,-0.13714019607843198,-0.24135490196078488,0.23644705882352796,52.293556,-2.12066,82.39950980392157,Vw14a
36.008,0.8689,1.3757,10.6584,-0.2215,-0.238,0.0871,52.293556,-2.12066,82.37,Vw14a
36.108000000000004,1.5903999999998697,-2.383099999999708,9.493500000000115,-0.11480000000000865,-0.2988000000000028,0.14510000000000572,52.293556,-2.12066,82.28000000000002,Vw14a
36.208000000000006,-0.18701089108892813,1.6568326732671885,11.086511881188036,-0.23459009900989808,-0.3373128712871293,0.2249386138613873,52.293556,-2.12066,82.42108910891089,Vw14a
36.30800000000001,3.5918999999995767,-1.229899999999831,9.357700000000081,-0.17359999999999298,-0.3485999999999917,0.2487999999999998,52.293556,-2.12066,82.53000000000002,Vw14a
36.408,-2.3668,1.1497,10.513,-0.0748,-0.2315,0.2461,52.293556,-2.12066,82.7,Vw14a
36.508,1.0569,0.7882,10.3838,-0.0639,-0.1302,0.1695,52.293556,-2.12066,82.74,Vw14a
36.608000000000004,-1.5456475247523276,-0.8811356435642523,10.206345544554544,0.13640693069307366,-0.02444752475247404,-0.11869108910891324,52.293556,-2.12066,82.81257425742575,Vw14a
36.708000000000006,1.5395999999999792,1.2952999999998818,12.050899999999716,0.22709999999999872,0.0008000000000043202,-0.1677999999999933,52.293556,-2.12066,83.07000000000001,Vw14a
36.80800000000001,1.246599999999989,-0.36570000000010855,8.059300000000068,0.20919999999998984,0.06160000000001476,-0.07320000000000262,52.293556,-2.12066,83.18999000000001,Vw14a
36.908,1.0670683168315505,-1.82491584158391,9.032629702970418,0.06731386138613774,0.26738811881188207,-0.11239207920793301,52.293556,-2.12066,83.2109900990099,Vw14a
37.008,-1.7461,3.4435,11.5656,0.0487,0.2862,-0.3716,52.293556,-2.12066,83.31,Vw14a
37.108000000000004,-1.0769999999999385,0.4233999999997345,8.771399999999968,0.13510000000000952,0.2634000000000012,-0.24049999999998717,52.293556,-2.12066,83.46,Vw14a
37.208000000000006,-0.21189999999987308,-3.312999999999853,8.31690000000006,0.2689000000000047,0.27990000000000287,-0.06000000000001131,52.293556,-2.12066,83.41,Vw14a
37.30800000000001,1.54000495049497,-1.256025742574229,9.144999999999934,0.3322603960395928,0.3203693069306939,-0.21926831683169112,52.293556,-2.12066,83.43267326732675,Vw14a
37.408,-0.1195,-0.6586,7.775,0.0983,0.3373,-0.3861,52.293556,-2.12066,83.7,Vw14a
37.508,-2.5796,2.1684,9.8964,-0.0046,0.452,-0.2287,52.293556,-2.12066,83.92,Vw14a
37.608000000000004,1.8025999999998619,0.24439999999997458,10.726500000000085,-0.07080000000000206,0.1214000000000012,0.011299999999993978,52.293556,-2.12066,84.05000000000001,Vw14a
37.708000000000006,-0.11302970297026081,-0.1016920792078825,11.880899009900848,-0.10016138613861703,0.13620297029702014,-0.07219702970296837,52.293556,-2.12066,84.20267326732674,Vw14a
37.80800000000001,0.6439999999999289,0.699099999999923,8.930799999999987,-0.16630000000000056,-0.06349999999999814,-0.03189999999999024,52.293556,-2.12066,84.47000000000001,Vw14a
37.908,-0.3577,-0.3855,8.764,-0.1742,-0.0374,0.1054,52.293556,-2.12066,84.73,Vw14a
38.008,0.4598247524751754,-1.7354089108909327,9.58728217821789,-0.08430594059405705,-0.07621386138614347,0.13787524752475044,52.293556,-2.12066,84.82138613861386,Vw14a
38.108000000000004,-1.0476999999999943,1.5336999999999132,11.0154999999999,-0.034900000000003435,-0.17760000000000017,0.09540000000000146,52.293556,-2.12066,84.96,Vw14a
38.208000000000006,-0.9650267326732653,0.3116207920791785,9.620549504950462,-0.08321683168316947,-0.17987722772277234,0.11599405940594108,52.293556,-2.12066,84.98970297029703,Vw14a
38.30800000000001,-0.43157999999994956,1.8836970000001503,11.142189000000146,-0.09459000000000103,-0.1079269999999932,0.1287730000000012,52.293556,-2.12066,85.0692,Vw14a
38.40800000000001,1.5368999999998953,-0.9649000000000043,9.858999999999885,-0.12160000000000251,-0.20030000000000306,0.1414000000000007,52.293556,-2.12066,85.02000000000001,Vw14a
38.508,0.0656,-1.0251,8.2422,-0.1569,-0.2431,0.151,52.293556,-2.12066,85.12,Vw14a
38.608000000000004,-1.817370297029747,1.7127217821782816,10.764180198019861,0.11834752475248164,-0.182505940594058,0.09456435643564226,52.293556,-2.12066,85.05069306930693,Vw14a
38.708000000000006,-0.6545663366336484,0.2635247524752634,10.253858415841494,0.04044950495048524,-0.03396732673267598,-0.01294257425742499,52.293556,-2.12066,84.94028712871288,Vw14a
38.80800000000001,-0.3411999999999883,0.5959999999998679,8.359700000000082,-0.1645999999999983,-0.09069999999999485,0.002800000000012804,52.293556,-2.12066,84.97,Vw14a
38.90800000000001,-0.17639999999993333,-1.263700000000015,9.508999999999862,-0.14090000000000244,-0.018200000000008477,0.1829999999999878,52.293556,-2.12066,84.92,Vw14a
39.008,0.7469584158415576,-1.4619514851484678,7.606885148514996,-0.17414257425742163,-0.1350376237623702,0.013474257425743407,52.293556,-2.12066,85.01078217821782,Vw14a
39.108000000000004,0.1927999999999005,-0.4770999999999132,10.615399999999887,-0.08840000000000874,-0.008799999999998793,0.030900000000003064,52.293556,-2.12066,85.09,Vw14a
39.208000000000006,-1.207699999999952,0.7447999999999454,9.040900000000155,-0.21129999999999657,0.008200000000001763,0.07399999999999719,52.293556,-2.12066,85.11,Vw14a
39.30800000000001,-0.5326000000000007,-0.02360000000007315,11.208399999999724,-0.1634000000000011,0.0329999999999885,0.034499999999994355,52.293556,-2.12066,85.09,Vw14a
39.40800000000001,-0.5442999999999593,-1.0531000000000168,7.344300000000152,-0.17889999999999287,-0.12889999999999124,-0.04499999999999466,52.293556,-2.12066,85.11000000000001,Vw14a
39.508,0.0289999999999999,-1.2897,9.498,-0.0785,-0.006,0.0301,52.293556,-2.12066,85.34,Vw14a
39.608000000000004,0.47929999999996103,-1.575799999999832,10.043400000000116,-0.1049999999999989,-0.05929999999999888,0.04200000000000665,52.293556,-2.12066,85.43999000000001,Vw14a
39.708000000000006,-0.06919999999991475,0.7885999999998684,11.669099999999881,-0.0894999999999991,-0.04360000000001411,0.1355999999999978,52.293556,-2.12066,85.52000000000001,Vw14a
39.80800000000001,1.1306999999997678,-1.063600000000002,9.994799999999977,-0.07689999999999292,-0.24209999999998955,0.10469999999999653,52.293556,-2.12066,85.73000000000002,Vw14a
39.90800000000001,-2.1368999999999216,-1.0920999999999106,9.666000000000054,0.022700000000006864,-0.09489999999998945,0.055799999999995874,52.293556,-2.12066,86.00999,Vw14a
40.008,-1.0317269999999092,0.1411919999999414,10.399055999999934,0.11757499999999656,0.0524410000000021,-0.0036060000000090733,52.295284,-2.119321,86.09140000000001,Vw14a
40.108000000000004,0.8561782178217807,-1.0846009900990448,9.03815247524757,0.04595742574257501,0.09547326732672969,-0.19222376237623726,52.295284,-2.119321,86.23316831683171,Vw14a
40.208000000000006,0.8239999999998691,-1.8146999999998437,10.003399999999967,0.06169999999999424,0.03280000000000196,-0.1845999999999825,52.295284,-2.119321,86.55,Vw14a
40.30800000000001,-0.9925970297029297,0.3549554455445083,9.541093069306896,-0.01994851485149208,0.06061089108911136,0.05927326732673398,52.295284,-2.119321,86.62168316831685,Vw14a
40.40800000000001,-0.14229999999992002,-0.6094999999999225,8.800400000000131,-0.164799999999997,0.11169999999998263,0.0865999999999949,52.295284,-2.119321,86.79,Vw14a
40.508,0.9727267326732694,0.4528980198018998,10.619704950494981,-0.12288415841584055,-0.1306900990099038,0.015976237623764176,52.295284,-2.119321,86.78099009900991,Vw14a
40.608000000000004,1.0153999999997365,-1.227299999999855,9.190200000000015,-0.10129999999999265,-0.18970000000001194,0.053600000000009466,52.295284,-2.119321,86.88,Vw14a
40.708000000000006,-2.694499999999703,0.8129999999999314,9.382700000000142,0.002199999999995801,-0.35759999999998954,0.18680000000000907,52.295284,-2.119321,86.87,Vw14a
40.80800000000001,1.484300000000069,-0.15120000000012904,11.372099999999909,-0.05689999999998591,-0.2108999999999979,0.3146999999999775,52.295284,-2.119321,86.92,Vw14a
40.90800000000001,2.4548999999996806,-1.9673000000001117,10.106699999999845,0.14129999999999526,-0.18120000000001238,-0.0020000000000062385,52.295284,-2.119321,86.91,Vw14a
41.008,-2.0367,-3.5381,7.9277,0.0745,-0.3556,-0.0898,52.295284,-2.119321,86.93,Vw14a
41.108000000000004,-0.973099999999628,-5.481299999999508,8.227100000000101,-0.006700000000000448,-0.08589999999997969,0.5429999999999795,52.295284,-2.119321,86.92,Vw14a
41.208000000000006,4.261999999999648,1.4406999999998398,9.659800000000065,-0.013000000000004994,0.1999999999999689,0.2549999999999471,52.295284,-2.119321,86.89,Vw14a
41.30800000000001,-0.6868000000000305,-0.8141999999997844,10.562400000000093,-0.08330000000000211,-0.23780000000001597,-0.48979999999997115,52.295284,-2.119321,86.89999999999999,Vw14a
41.40800000000001,-1.0981435643562685,2.180753465346423,11.833944554455345,-0.11198712871286286,-0.46018415841584376,-0.08061485148506833,52.295284,-2.119321,86.80029702970297,Vw14a
41.508,0.3175,1.2361,10.9884,-0.0407,-0.4786,0.5979,52.295284,-2.119321,86.83,Vw14a
41.608000000000004,1.9267999999995833,-0.5657999999998147,7.813900000000342,0.0774000000000223,-0.41839999999994393,0.49579999999995034,52.295284,-2.119321,86.80999999999999,Vw14a
41.708000000000006,-3.812484158415518,1.9735247524750437,12.535120792079029,0.3877702970297009,0.3621108910891056,-0.20067821782180265,52.295284,-2.119321,86.68999000000001,Vw14a
41.80800000000001,2.9490999999994028,-2.283999999999737,8.807199999999998,0.3447999999999838,0.2932000000000244,-0.6284999999999799,52.295284,-2.119321,86.68999000000001,Vw14a
41.90800000000001,-5.459999999999671,1.4245999999999632,8.777800000000218,0.11670000000000748,0.6361000000000163,-0.3452999999999968,52.295284,-2.119321,86.71999999999998,Vw14a
42.008,-0.8297,0.907,11.8561,0.222,0.8652,-0.3001,52.295284,-2.119321,86.55,Vw14a
42.108000000000004,-7.707063366336161,3.9367049504948093,11.69929207920796,0.18899702970295545,0.7286871287128617,-0.8074762376237283,52.295284,-2.119321,86.50909900990099,Vw14a
42.208000000000006,2.1766000000000387,-1.0828000000002538,12.518499999999767,-0.12129999999999903,0.5273999999999768,-0.09509999999997955,52.295284,-2.119321,86.42,Vw14a
42.30800000000001,2.7181999999999604,-4.655299999999689,9.251200000000068,-0.10770000000000735,0.20019999999997434,0.19279999999999303,52.295284,-2.119321,86.36999999999999,Vw14a
42.40800000000001,2.160499999999914,-0.26660000000009076,10.195799999999878,-0.2110999999999987,-0.1607000000000039,0.09480000000000427,52.295284,-2.119321,86.23,Vw14a
42.508,0.9532,-1.5442,8.4693,-0.1929,-0.2154,0.155,52.295284,-2.119321,86.17,Vw14a
42.608000000000004,-4.2307999999997605,6.347499999999562,10.730100000000036,-0.14379999999999374,-0.49059999999999804,0.47049999999999953,52.295284,-2.119321,86.05999999999999,Vw14a
42.708000000000006,-0.8569000000001736,0.18200000000017322,11.21959999999992,-0.05570000000000412,-0.4631000000000035,0.4641999999999822,52.295284,-2.119321,85.91,Vw14a
42.80800000000001,-3.3013999999997163,2.6197999999995956,10.096799999999893,-0.11370000000000693,-0.5121999999999983,0.2137000000000053,52.295284,-2.119321,85.94999999999999,Vw14a
42.90800000000001,0.6901999999999003,-3.076799999999627,8.58830000000013,-0.21130000000000382,-0.4886999999999965,0.2885000000000104,52.295284,-2.119321,85.83999999999999,Vw14a
43.008,-0.6639732673265637,2.0650891089106347,10.37446534653454,-0.2641792079207906,-0.4403356435643566,0.4325405940594009,52.295284,-2.119321,85.55,Vw14a
43.108000000000004,2.868699999999698,-3.295999999999601,8.021000000000125,-0.23209999999998782,-0.44389999999999313,0.3265999999999925,52.295284,-2.119321,85.55,Vw14a
43.208000000000006,-1.3808999999998302,2.32339999999973,9.776399999999988,-0.06049999999999442,-0.3471999999999946,0.22089999999999813,52.295284,-2.119321,85.55999999999999,Vw14a
43.30800000000001,1.0105999999997197,-1.4781999999997668,9.600400000000025,0.018000000000002143,-0.27129999999999443,0.19449999999998596,52.295284,-2.119321,85.43,Vw14a
43.40800000000001,-2.932099999999808,1.8029999999998376,9.961800000000013,0.04820000000000025,-0.19289999999999766,-0.0032999999999986937,52.295284,-2.119321,85.34999999999998,Vw14a
43.508,-0.2653810000000618,-0.43296699999988175,10.121308999999945,0.051713000000000064,-0.15808199999998943,0.0152570000000017,52.295284,-2.119321,85.14970000000001,Vw14a
43.608000000000004,-1.5304839999999047,2.023995999999993,8.981387000000037,0.05244899999999737,0.0629520000000069,0.05000899999999719,52.295284,-2.119321,85.11829999999999,Vw14a
43.708000000000006,0.4704306930693994,1.8661465346534225,9.7382871287129,-0.0013019801980159841,0.20625841584158205,-0.010065346534660954,52.295284,-2.119321,84.94881188118812,Vw14a
43.80800000000001,2.4034999999998394,0.9707999999995889,10.31699999999983,0.07850000000001423,0.1621000000000003,-0.16660000000000086,52.295284,-2.119321,84.83,Vw14a
43.90800000000001,0.1380999999999219,-4.815499999999711,7.92110000000032,0.2786999999999921,0.1663000000000219,-0.17860000000001872,52.295284,-2.119321,84.73,Vw14a
44.008,-0.9613,-0.7466,12.425999999999998,0.1681,0.4744,-0.442,52.295284,-2.119321,84.65,Vw14a
44.108000000000004,-3.2875999999999443,0.8236000000001847,8.379800000000216,0.08240000000000505,0.35830000000000156,-0.513499999999978,52.295284,-2.119321,84.43,Vw14a
44.208000000000006,-2.485684158415717,3.3562366336631695,11.376342574257329,0.15289900990099106,0.3792999999999981,-0.20679999999999857,52.295284,-2.119321,84.40920792079207,Vw14a
44.30800000000001,0.1159000000001169,-0.7601000000000228,9.360600000000113,0.17279999999998924,0.3393000000000006,-0.17680000000001247,52.295284,-2.119321,84.32999999999998,Vw14a
44.40800000000001,1.7466227722772516,-1.0906099009902492,10.92218811881169,0.022213861386131687,0.34795940594059244,-0.35039009900989854,52.295284,-2.119321,84.10960396039603,Vw14a
44.508,1.9489,-2.3616,9.301,-0.0364,0.3339,-0.3294,52.295284,-2.119321,84.07,Vw14a
44.608000000000004,-0.5749000000000137,1.9376999999999485,9.7012999999999,-0.0335999999999949,0.36839999999999623,-0.16720000000000618,52.295284,-2.119321,83.91999999999999,Vw14a
44.708000000000006,-0.7688999999998148,1.2121999999998876,8.29110000000016,0.03819999999999842,0.31489999999998747,-0.2543999999999976,52.295284,-2.119321,83.81999999999998,Vw14a
44.80800000000001,1.8377999999999572,-0.36800000000000105,10.546799999999946,0.016000000000008126,0.13860000000000083,-0.2200999999999988,52.295284,-2.119321,83.64,Vw14a
44.90800000000001,1.2424361904761956,-0.3689933333331746,9.817087619047722,0.1285609523809448,0.1491228571428444,-0.20126095238092825,52.295284,-2.119321,83.55771428571425,Vw14a
45.008,1.2860552380952393,0.9716733333333651,10.685849523809544,0.06465619047618897,0.04140857142856888,0.00264380952381435,52.295284,-2.119321,83.32914285714284,Vw14a
45.108000000000004,-0.23424536082477943,0.9666113402061841,9.026348453608206,0.0334979381443292,-0.04741958762886805,-0.0031546391752580744,52.295284,-2.119321,83.03298969072165,Vw14a
45.208000000000006,0.7841881188117802,0.07538019801983777,9.845921782178216,0.038512871287125425,-0.07723960396039814,0.0926653465346533,52.295284,-2.119321,82.95960396039604,Vw14a
45.30800000000001,-1.326999999999923,0.8233999999998934,9.808099999999945,-0.030199999999999644,-0.12119999999999768,0.08920000000000437,52.295284,-2.119321,82.92,Vw14a
45.40800000000001,-0.24886930693065368,-0.6484009900988515,9.044421782178343,-0.02505643564356266,-0.08854455445544135,0.1492089108910786,52.295284,-2.119321,82.8990099009901,Vw14a
45.508,0.0842,0.6915,10.1066,-0.0107,-0.053,0.0601,52.295284,-2.119321,82.8,Vw14a
45.608000000000004,0.4422999999998832,-0.3439999999998621,10.766199999999886,0.10909999999999768,-0.043000000000002224,0.02980000000000013,52.295284,-2.119321,82.91,Vw14a
45.708000000000006,-1.2023999999999373,1.5964000000000411,9.156000000000052,0.07639999999999117,-0.07429999999999885,0.031599999999999524,52.295284,-2.119321,82.89,Vw14a
45.80800000000001,-0.31980000000002556,2.174699999999995,9.882700000000117,-0.047800000000006594,-0.0581000000000037,0.024900000000004426,52.295284,-2.119321,82.88,Vw14a
45.90800000000001,-0.6668376237622596,2.08345049504922,11.503475247524511,-0.13920594059405475,-0.11090792079209467,0.08654950495049445,52.295284,-2.119321,82.81069306930694,Vw14a
46.008,0.3194,-0.3315,9.471,-0.0998,-0.2417,0.0815,52.295284,-2.119321,82.88,Vw14a
46.108000000000004,-0.7511999999999759,2.644099999999595,10.600399999999857,-0.16140000000000526,-0.18019999999999387,0.15090000000000228,52.295284,-2.119321,82.8,Vw14a
46.208000000000006,-0.41572376237623676,-2.9405554455442897,8.627451485148649,-0.23487623762376225,-0.09492574257425802,0.18259900990098962,52.295284,-2.119321,82.74772277227721,Vw14a
46.30800000000001,-0.3980999999999623,2.603899999999889,11.432599999999955,-0.23249999999999874,-0.10749999999999411,0.17250000000000595,52.295284,-2.119321,82.52,Vw14a
46.40800000000001,0.11676138613848813,1.0684356435644964,10.784607920792132,-0.2157930693069448,-0.028169306930723437,0.25430198019800565,52.295284,-2.119321,82.5709900990099,Vw14a
46.508,-0.9471,2.252,11.2254,-0.3351,-0.2851,0.1345,52.295284,-2.119321,82.67,Vw14a
46.608000000000004,0.3526000000000197,-3.6258999999996036,7.93650000000013,-0.31719999999997933,-0.2559000000000045,0.22940000000000613,52.295284,-2.119321,82.61999999999999,Vw14a
46.708000000000006,0.6301465346534842,1.8702801980196502,9.758729702970284,-0.029975247524753793,-0.3185960396039594,0.3135683168316768,52.295284,-2.119321,82.33930693069307,Vw14a
46.80800000000001,1.024799999999782,-1.301699999999747,9.481700000000169,-0.05750000000001018,-0.29820000000000435,0.18040000000000514,52.295284,-2.119321,82.27,Vw14a
46.90800000000001,-2.0417999999997605,2.2599999999996623,11.857699999999827,-0.20079999999999576,-0.35919999999998764,0.2525000000000035,52.295284,-2.119321,82.22,Vw14a
47.008,1.290133999999975,-2.3945019999997603,9.483780000000085,-0.13927299999998938,-0.18617999999999799,0.29781899999998435,52.295284,-2.119321,82.22749999999999,Vw14a
47.108000000000004,0.7778940000000434,2.5339839999997573,11.251830999999942,0.08068699999999755,-0.14456699999999986,-0.027657000000003127,52.295284,-2.119321,81.9799,Vw14a
47.208000000000006,1.6594829999999108,-2.4897549999998723,10.061196999999973,0.030075000000000834,-0.1391359999999897,-0.091646999999995,52.295284,-2.119321,81.96719989999998,Vw14a
47.30800000000001,-0.16854799999987946,0.1461889999998951,9.493405999999986,0.04666899999999646,0.07430099999999613,0.0112339999999934,52.295284,-2.119321,81.69189010000002,Vw14a
47.40800000000001,2.259161386138111,-1.961048514850987,9.181733663366389,-0.026198019801986085,-0.004713861386137596,-0.12374158415841278,52.295284,-2.119321,81.87950495049503,Vw14a
47.508,-1.9947,2.2541,9.6351,-0.076,0.0039,-0.0979,52.295284,-2.119321,81.83,Vw14a
47.608000000000004,1.029399999999999,-1.2043999999999182,9.531900000000041,-0.026300000000001777,0.01200000000001655,0.046799999999995935,52.295284,-2.119321,81.43999,Vw14a
47.708000000000006,1.0126000000000648,-0.055399999999985246,10.11690000000002,-0.051299999999998104,0.2448999999999933,-0.010400000000016335,52.295284,-2.119321,81.28,Vw14a
47.80800000000001,1.8897267326731415,0.1653990099010633,10.412254455445506,-0.024752475247524046,0.15040099009900512,-0.23609306930692156,52.295284,-2.119321,81.32980198019801,Vw14a
47.90800000000001,-0.737600000000023,1.695299999999889,9.607699999999966,-0.01000000000000096,0.05050000000000697,-0.04539999999998819,52.295284,-2.119321,81.30999999999999,Vw14a
48.008,-1.0611,0.1319,9.1265,-0.0235,0.1485,0.1208,52.295284,-2.119321,81.09,Vw14a
48.108000000000004,-0.546100000000027,0.0921000000000544,9.768800000000056,-0.0282999999999993,-0.0831999999999949,-0.056499999999997275,52.295284,-2.119321,80.99,Vw14a
48.208000000000006,-0.9264999999998704,0.8578000000000333,10.550000000000004,-0.018500000000006577,-0.011500000000000909,-0.018099999999995803,52.295284,-2.119321,80.9,Vw14a
48.30800000000001,0.8963999999999361,1.3258000000001087,10.601799999999997,-0.11110000000000066,-0.02430000000000493,0.041000000000006004,52.295284,-2.119321,80.85,Vw14a
48.40800000000001,-0.0013999999998971348,2.8543999999997536,10.543699999999923,-0.1202999999999908,-0.09370000000000832,0.12690000000000262,52.295284,-2.119321,80.75999,Vw14a
48.508,1.4463,-0.6114,9.4746,0.0092,-0.2106,0.1635,52.295284,-2.119321,80.7,Vw14a
48.608000000000004,-0.5307089108909954,0.8348851485148466,8.70100198019805,-0.06766930693068814,-0.045365346534657604,0.09033663366335838,52.295284,-2.119321,80.62950495049505,Vw14a
48.708000000000006,1.4283999999998538,0.7334000000000143,9.341199999999926,0.035400000000006565,-0.13190000000000493,-0.07599999999998353,52.295284,-2.119321,80.58,Vw14a
48.80800000000001,-0.6275405940595995,0.9340930693069496,8.292685148514753,0.1277762376237711,-0.20160297029703628,0.15588118811883378,52.295284,-2.119321,80.52059405940594,Vw14a
48.90800000000001,1.725899999999871,0.9360999999999972,10.455200000000023,0.1189999999999892,-0.06749999999999703,0.14889999999999176,52.295284,-2.119321,80.37999999999998,Vw14a
49.008,-0.0892,0.8958,10.7849,-0.033,-0.0257,0.0329,52.29685,-2.117764,80.25,Vw14a
49.108000000000004,-0.4344841584158458,1.7139881188118855,10.079843564356416,-0.02492673267326793,0.08467326732672632,-0.030961386138613677,52.29685,-2.117764,80.21940594059406,Vw14a
49.208000000000006,-0.5228999999998862,1.8027999999999278,9.664199999999989,-0.03759999999999875,-0.0480000000000004,-0.027099999999989143,52.29685,-2.117764,80.16,Vw14a
49.30800000000001,1.0778999999999377,0.7884000000000051,9.52530000000001,-0.020000000000005805,-0.05369999999999207,0.12569999999998838,52.29685,-2.117764,80.11,Vw14a
49.40800000000001,0.19859999999997124,0.8609999999999185,9.667899999999902,-0.10169999999999993,0.057900000000003525,-0.03810000000000897,52.29685,-2.117764,80.12,Vw14a
49.508,-0.2061,-0.2858,8.2957,-0.1008,0.1075,-0.1643,52.29685,-2.117764,80.1,Vw14a
49.608000000000004,-0.5546336633663741,0.059121782178277724,10.388867326732687,0.0004108910891113549,0.05795643564356989,-0.02996039603960329,52.29685,-2.117764,79.92831673267327,Vw14a
49.708000000000006,-1.3379999999999765,1.3113000000000714,10.685599999999955,0.05149999999999654,0.17359999999999268,-0.016000000000007168,52.29685,-2.117764,79.75999,Vw14a
49.80800000000001,-1.006000000000001,2.3168999999998854,10.035399999999973,0.0028999999999976336,0.07030000000000923,-0.11689999999999895,52.29685,-2.117764,79.77,Vw14a
49.90800000000001,-1.0186999999997728,0.7053999999999641,9.668299999999917,-0.03039999999998503,0.20009999999999936,-0.10200000000000256,52.29685,-2.117764,79.79,Vw14a
50.008,2.1786,0.1995,8.4932,0.1803,0.1913,-0.1381,52.29685,-2.117764,79.82,Vw14a
50.108000000000004,-1.9617999999998432,-0.38010000000000205,9.558800000000081,0.12440000000001356,0.20839999999999312,-0.09670000000000799,52.29685,-2.117764,79.75,Vw14a
50.208000000000006,0.20679900990092168,-0.38856336633653543,10.694320792079214,0.31155346534652584,0.1123306930693066,-0.20897821782178685,52.29685,-2.117764,79.73960396039604,Vw14a
50.30800000000001,-1.223299999999964,1.6650999999999745,10.836399999999996,0.12690000000000248,0.10540000000001358,-0.3067999999999869,52.29685,-2.117764,79.7,Vw14a
50.40800000000001,-0.718661999999958,1.2973269999998673,10.766534999999841,0.16106899999999488,0.29321899999998247,-0.12439099999999752,52.29685,-2.117764,79.68070000000002,Vw14a
50.508,-0.3689830000000028,0.17041199999990106,9.435535999999964,0.1188630000000022,0.14603999999999734,-0.10417900000000228,52.29685,-2.117764,79.75110000000001,Vw14a
50.608000000000004,-0.43483267326736563,-1.8823475247524502,8.640054455445464,0.1649217821782189,0.09052673267326698,-0.150318811881182,52.29685,-2.117764,79.86019801980198,Vw14a
50.708000000000006,-1.2480999999998623,-1.3571000000000226,6.945500000000268,0.18710000000000468,0.08320000000000506,-0.022200000000009504,52.29685,-2.117764,79.87999999999998,Vw14a
50.80800000000001,0.6520558823528549,-1.6454647058822254,10.687284313725513,0.2524696078431381,0.15286764705881953,-0.15571274509804456,52.29685,-2.117764,79.7586175490196,Vw14a
50.90800000000001,-1.1423558823531104,1.0080647058826024,11.175715686274556,0.2694303921568644,0.06963235294116864,-0.2669872549019713,52.29685,-2.117764,79.62137245098039,Vw14a
51.008,-0.3615,1.7519999999999998,10.4774,0.1696,0.1357,-0.1211,52.29685,-2.117764,79.59,Vw14a
51.108000000000004,-0.1812999999998705,0.7972999999999382,10.000199999999944,0.1520999999999884,0.2314999999999831,-0.0033000000000059353,52.29685,-2.117764,79.63,Vw14a
51.208000000000006,1.59529999999987,-0.0666950000000095,9.232855000000047,-0.010006000000002886,-0.005247000000005461,-0.08470599999999383,52.29685,-2.117764,79.56949999999999,Vw14a
51.30800000000001,-1.089395999999913,-0.27528300000005357,10.187415999999995,-0.06946699999999743,-0.11694199999999103,0.04354100000000068,52.29685,-2.117764,79.5187,Vw14a
51.40800000000001,0.6770475247522867,-1.3333722772272605,10.05121881188108,-0.01592079207919871,0.06702673267326764,0.05672178217820863,52.29685,-2.117764,79.391188019802,Vw14a
51.508,-0.9182,2.5794,9.1431,0.062,0.0697,-0.0211,52.29685,-2.117764,79.50999,Vw14a
51.608000000000004,0.4038247524752266,0.6374693069307743,10.933691089108887,0.06891485148514812,-0.05823960396039862,-0.09277128712870365,52.29685,-2.117764,79.45,Vw14a
51.708000000000006,-0.03370000000000037,2.334399999999623,10.422799999999903,0.06039999999999077,-0.11219999999999927,0.1000999999999992,52.29685,-2.117764,79.45000000000002,Vw14a
51.80800000000001,-0.0362227722772154,-2.8789188118809994,9.073147524752496,-0.06830198019801981,-0.1022673267326736,0.08759009900989377,52.29685,-2.117764,79.56128702970298,Vw14a
51.90800000000001,0.22150000000005715,1.0691999999997635,9.52790000000008,-0.0684999999999885,-0.10900000000000525,-0.06339999999997908,52.29685,-2.117764,79.68999000000001,Vw14a
52.008,0.9961445544553414,-2.1924495049503356,10.627946534653404,0.09248514851485477,-0.18137524752474948,0.22623069306929894,52.29685,-2.117764,79.76088118811882,Vw14a
52.108000000000004,-1.1793999999999334,1.1325999999999266,9.372600000000167,0.16099999999999817,-0.1188999999999991,0.05929999999999011,52.29685,-2.117764,79.85,Vw14a
52.208000000000006,-0.24963564356434415,0.12191386138620135,11.680226732673228,0.13360297029702015,-0.10686534653465618,-0.0766851485148428,52.29685,-2.117764,79.93,Vw14a
52.30800000000001,0.006800000000006707,1.433299999999852,10.852899999999917,-0.06609999999999312,-0.16339999999998892,0.10480000000000537,52.29685,-2.117764,79.93000000000002,Vw14a
52.40800000000001,0.10119999999999771,-0.6522000000000011,9.67439999999994,0.030799999999996868,-0.007600000000004278,0.18039999999998463,52.29685,-2.117764,80.12,Vw14a
52.508,0.069,-0.6677,8.82,-0.0133,-0.0678,-0.0361,52.29685,-2.117764,80.2,Vw14a
52.608000000000004,-0.20659999999997586,-0.22710000000003522,10.556799999999999,0.0847999999999956,0.0006999999999988631,-0.02870000000000309,52.29685,-2.117764,80.35000000000001,Vw14a
52.708000000000006,0.13339999999998328,-0.7228999999999544,10.525400000000019,0.022899999999998772,-0.01530000000000221,-0.07219999999999512,52.29685,-2.117764,80.55000000000001,Vw14a
52.80800000000001,-0.09438613861383788,-0.09101881188120543,10.78345346534647,0.005639603960395272,-0.046557425742576444,-0.0023900990098928107,52.29685,-2.117764,80.70079207920793,Vw14a
52.90800000000001,0.3969999999999326,-0.45290000000000646,9.42880000000002,-0.010400000000002074,-0.09229999999999562,0.16859999999999215,52.29685,-2.117764,80.78000000000002,Vw14a
53.008,-0.5465960784313925,-0.5359784313725171,9.71430588235297,-0.03973333333333539,-0.031647058823531055,0.05806078431372104,52.29685,-2.117764,80.9522549019608,Vw14a
53.108000000000004,-0.9662039215686373,0.13617843137256502,10.344894117647074,-0.0830666666666677,-0.0663529411764714,-0.03586078431372772,52.29685,-2.117764,81.17774509803922,Vw14a
53.208000000000006,-1.3423940594059205,1.980015841584102,9.926127722772248,-0.09928613861385559,0.06232574257425133,0.05183861386138154,52.29685,-2.117764,81.32168316831684,Vw14a
53.30800000000001,-0.9218000000000852,0.8015999999998834,9.328900000000067,0.022099999999999547,-0.06509999999999459,-0.04429999999999819,52.29685,-2.117764,81.49000000000001,Vw14a
53.40800000000001,-2.1223999999999057,-0.8384999999998862,10.260599999999911,0.015700000000000575,0.01109999999999993,-0.018799999999990116,52.29685,-2.117764,81.61000000000001,Vw14a
53.508,-0.7944,0.7635,9.013,0.0238,0.0101,0.1203,52.29685,-2.117764,81.74,Vw14a
53.608000000000004,-1.696099999999865,0.659500000000029,9.794899999999975,-0.027400000000002884,-0.03839999999999279,0.12049999999999696,52.29685,-2.117764,81.92000000000002,Vw14a
53.708000000000006,0.2053000000000418,1.0667000000000022,9.455000000000148,-0.06799999999999887,0.06309999999999251,0.0777999999999893,52.29685,-2.117764,82.10000000000001,Vw14a
53.80800000000001,0.7606366336632373,1.0701495049503629,11.47186633663351,-0.050740594059398965,-0.04103267326732546,-0.07007920792078672,52.29685,-2.117764,82.26216831683169,Vw14a
53.90800000000001,-1.9356999999998539,-1.6948999999997305,8.278500000000218,0.09520000000000309,-0.014299999999997861,0.04200000000000359,52.29685,-2.117764,82.48000000000002,Vw14a
54.008,0.1195,2.0983,11.3498,0.1385,0.0158,0.0925,52.29685,-2.117764,82.66,Vw14a
54.108000000000004,0.4728999999999489,0.5022999999999802,9.097700000000014,0.12040000000000298,0.027700000000004128,-0.1364000000000068,52.29685,-2.117764,82.86000000000001,Vw14a
54.208000000000006,-0.24550000000001163,0.22379999999996578,9.290999999999888,0.1624000000000001,0.08579999999999713,-0.23199999999997686,52.29685,-2.117764,83.04000000000002,Vw14a
54.30800000000001,-0.40920000000011386,-0.25789999999983576,7.722600000000183,0.16399999999999415,0.04540000000001227,0.09240000000000043,52.29685,-2.117764,83.24,Vw14a
54.40800000000001,-2.0116999999998115,2.0540999999998624,10.293699999999907,0.08329999999998751,0.21809999999998056,0.0984999999999842,52.29685,-2.117764,83.33,Vw14a
54.508,0.6382,0.1165,8.9851,-0.0925,-0.0554,-0.1239,52.29685,-2.117764,83.37,Vw14a
54.608000000000004,-1.510611881188169,1.362638613861415,9.99222871287131,-0.02952970297029557,-0.15787524752475487,-0.03231584158415629,52.29685,-2.117764,83.44920792079209,Vw14a
54.708000000000006,1.8972999999999298,0.2820999999999934,10.999299999999955,-0.04899999999999834,0.07710000000000078,0.13349999999998774,52.29685,-2.117764,83.53,Vw14a
54.80800000000001,0.9178247524752323,0.19351287128714456,10.384406930693043,-0.025831683168316983,0.08563663366335503,-0.038113861386141076,52.29685,-2.117764,83.52970297029702,Vw14a
54.90800000000001,0.6002999999998896,0.5248000000001026,9.85509999999989,-0.028999999999990606,-0.1506999999999978,-0.08949999999998298,52.29685,-2.117764,83.49999999999999,Vw14a
55.008,-0.921860396039533,1.9494118811880932,8.33856930693074,0.10054752475247548,-0.12114653465347035,0.14732673267326604,52.29685,-2.117764,83.40049504950495,Vw14a
55.108000000000004,0.5621000000000502,1.4106000000000103,9.295500000000056,0.10529999999999667,-0.22579999999998976,0.11999999999999084,52.29685,-2.117764,83.44999999999999,Vw14a
55.208000000000006,1.268299999999994,1.5530999999998063,10.074399999999885,0.05839999999998667,-0.0817000000000067,-0.008999999999991903,52.29685,-2.117764,83.28,Vw14a
55.30800000000001,1.1743009900989525,-1.1317871287128032,8.487023762376333,-0.1267475247524726,-0.17493762376237593,0.104871287128718,52.29685,-2.117764,83.36811881188119,Vw14a
55.40800000000001,-0.025599999999944167,0.2894999999999923,10.469399999999972,-0.07149999999999282,-0.1686999999999944,0.21199999999999475,52.29685,-2.117764,83.18,Vw14a
55.508,0.7602,0.1814,10.0667,0.0295,-0.0903,0.1383,52.29685,-2.117764,83.18,Vw14a
55.608000000000004,2.411167326732511,0.005045544554531246,11.03112574257415,-0.11843366336633775,0.10970099009900514,-0.255137623762375,52.29685,-2.117764,83.11009900990099,Vw14a
55.708000000000006,-0.9820999999998046,1.5895999999999306,8.773699999999966,-0.141799999999983,0.009799999999994372,-0.2288999999999728,52.29685,-2.117764,83.12,Vw14a
55.80800000000001,1.7673000000000167,0.6153000000000615,8.300900000000176,0.09759999999999096,-0.06940000000000754,0.15410000000000446,52.29685,-2.117764,83.18999000000001,Vw14a
55.90800000000001,2.002699999999891,1.481299999999995,10.769799999999988,-0.02970000000000322,-0.17539999999999525,0.21699999999997577,52.29685,-2.117764,83.23000000000002,Vw14a
56.008,0.4745,1.4108,10.5944,-0.075,-0.1085,-0.1239,52.29685,-2.117764,83.42,Vw14a
56.108000000000004,-0.02000000000001148,-1.429038613861262,9.587711881188119,0.04260297029702541,-0.15529900990098724,-0.04769900990097861,52.29685,-2.117764,83.70069306930694,Vw14a
56.208000000000006,-0.2599999999999632,1.167099999999894,9.588899999999956,-0.04710000000000312,-0.09520000000000302,0.1924,52.29685,-2.117764,83.77000000000001,Vw14a
56.30800000000001,0.25799999999996365,-0.32369999999991567,8.971300000000173,-0.09089999999999997,-0.1376000000000022,0.19239999999997975,52.29685,-2.117764,83.92000000000002,Vw14a
56.40800000000001,-0.2538999999999172,0.8630000000000103,11.426099999999892,-0.09059999999999614,-0.16840000000000344,-0.09239999999999636,52.29685,-2.117764,84.13000000000002,Vw14a
56.508,0.9119,1.0083,9.8911,-0.0364,-0.2168,-0.0413,52.29685,-2.117764,84.45,Vw14a
56.608000000000004,-0.16459999999985087,3.328399999999753,9.857099999999926,-0.09770000000000634,0.07019999999999306,0.1391999999999938,52.29685,-2.117764,84.73000000000002,Vw14a
56.708000000000006,1.9343999999998287,-0.14799999999987853,8.81370000000017,-0.1868999999999972,-0.027400000000010097,0.05210000000000626,52.29685,-2.117764,84.93999000000004,Vw14a
56.80800000000001,-0.47429999999992417,1.5613999999998953,11.179599999999917,-0.14729999999999463,-0.16949999999999385,0.1402000000000092,52.29685,-2.117764,85.27000000000001,Vw14a
56.90800000000001,0.5931000000000745,0.08960000000008916,9.993900000000007,-0.07189999999999341,-0.08269999999999933,0.2697999999999792,52.29685,-2.117764,85.43999000000001,Vw14a
57.008,1.6415,1.3444,10.0914,0.0208,-0.0734,-0.0221,52.29685,-2.117764,85.45,Vw14a
57.108000000000004,2.333283168316716,-2.490729702970136,9.082176237623823,-0.05225445544554386,-0.21322376237622145,-0.14146930693068432,52.29685,-2.117764,85.22049504950495,Vw14a
57.208000000000006,-0.08839999999996291,0.8762999999999894,10.35979999999998,-0.037699999999996646,0.12439999999999789,0.0416000000000023,52.29685,-2.117764,85.27,Vw14a
57.30800000000001,0.4336999999999593,0.7283999999999494,10.087100000000005,0.00950000000000997,0.0947999999999953,0.07399999999999056,52.29685,-2.117764,85.22999999999999,Vw14a
57.40800000000001,-0.13889999999991573,0.01640000000005978,10.171099999999957,0.14980000000000074,0.02869999999999669,-0.0589000000000059,52.29685,-2.117764,85.08999999999999,Vw14a
57.508,1.047,0.8577,9.5802,0.1602,-0.0179,-0.1419,52.29685,-2.117764,84.97,Vw14a
57.608000000000004,-0.4865643564356792,0.6391851485148464,10.096239603960408,0.07821980198019611,0.11368415841584467,-0.005860396039600813,52.29685,-2.117764,84.92049504950495,Vw14a
57.708000000000006,-0.7050999999997645,-1.163699999999774,8.824400000000205,0.08739999999998453,0.05380000000000297,0.04449999999998446,52.29685,-2.117764,84.83,Vw14a
57.80800000000001,2.5511475247523587,1.9518742574255865,11.624692079207746,-0.12983663366337417,0.09337326732672394,-0.17054851485147818,52.29685,-2.117764,84.80940594059406,Vw14a
57.90800000000001,0.11589999999996155,-1.310699999999734,7.97390000000026,-0.29349999999998994,-0.08930000000000257,-0.025399999999978433,52.29685,-2.117764,84.75,Vw14a
58.008,-0.4253,2.4334,11.6278,-0.1518,-0.1254,0.2781,52.29845,-2.11605,84.71,Vw14a
58.108000000000004,-0.3707000000000621,0.653300000000062,9.531900000000093,0.08420000000000255,-0.11789999999999469,0.1499999999999811,52.29845,-2.11605,84.39,Vw14a
58.208000000000006,-1.209144554455316,1.500418811881107,10.798126732673213,0.12032772277227975,-0.042984158415837206,-0.113462376237625,52.29845,-2.11605,84.30851485148514,Vw14a
58.30800000000001,1.496399999999924,-0.19769999999991417,9.650799999999954,0.1730999999999861,0.04860000000000081,-0.1396999999999914,52.29845,-2.11605,84.15999999999998,Vw14a
58.40800000000001,0.4251821782176833,0.9837485148513143,9.022580198019948,-0.021468316831694614,0.05978811881187987,-0.019311881188114225,52.29845,-2.11605,83.95940594059405,Vw14a
58.508,-0.7466,-0.4614,10.2706,-0.1183,0.0486,0.0195,52.29845,-2.11605,83.9,Vw14a
58.608000000000004,0.10199999999991893,0.06340000000007577,10.689199999999952,-0.029499999999990336,-0.11779999999999523,0.052799999999994136,52.29845,-2.11605,83.89,Vw14a
58.708000000000006,-1.0388999999999942,1.1298000000000608,10.012300000000103,0.10650000000000477,-0.05059999999999116,-0.029700000000002374,52.29845,-2.11605,83.80999999999999,Vw14a
58.80800000000001,-0.9590999999998538,1.9848999999996966,11.458499999999843,0.17370000000000158,0.07380000000001583,-0.06310000000001417,52.29845,-2.11605,83.68999000000001,Vw14a
58.90800000000001,1.0974999999998205,-2.288099999999652,9.221200000000097,0.1958999999999919,0.29639999999999894,-0.26259999999999606,52.29845,-2.11605,83.73,Vw14a
59.008,-1.4018188118811805,2.5455683168316012,10.58259306930689,0.08152871287128105,0.27832673267325214,-0.20513960396038475,52.29845,-2.11605,83.80009900990099,Vw14a
59.108000000000004,-1.243699999999889,0.8324000000000197,9.711899999999936,-0.04559999999999347,-0.03900000000000031,0.03090000000000122,52.29845,-2.11605,83.81000000000002,Vw14a
59.208000000000006,0.3174000000000102,1.1081999999998935,8.822299999999982,0.046300000000009334,-0.04339999999998826,0.04809999999998672,52.29845,-2.11605,83.95,Vw14a
59.30800000000001,0.43756899999989635,-0.3588209999999165,8.600930000000103,0.17545199999999592,0.12172600000000737,-0.13694000000000067,52.29845,-2.11605,83.9918,Vw14a
59.40800000000001,-1.664626732673037,1.3336752475245381,10.69352673267316,0.09059999999998936,0.27097920792077057,-0.15128811881188695,52.29845,-2.11605,84.17168316831685,Vw14a
59.508,0.2827,-0.4788,9.7762,0.0006,0.0889,-0.2001,52.29845,-2.11605,84.34,Vw14a
59.608000000000004,-0.682399999999976,1.6953999999999763,9.52010000000004,-0.18569999999999603,-0.05880000000000125,0.02020000000001855,52.29845,-2.11605,84.50000000000001,Vw14a
59.708000000000006,-0.34559999999994295,1.3617999999998114,10.107599999999891,-0.13000000000000336,-0.07640000000000441,0.28129999999998373,52.29845,-2.11605,84.71000000000001,Vw14a
59.80800000000001,0.44438811881185625,-1.2535079207920252,8.595340594059408,-0.177939603960401,-0.1368485148514801,0.05524158415841747,52.29845,-2.11605,84.90148514851487,Vw14a
59.90800000000001,-0.07680000000008058,-0.12430000000005895,8.629400000000027,-0.28189999999999615,-0.0317000000000021,0.08940000000001748,52.29845,-2.11605,85.05000000000001,Vw14a
60.008,-1.2109,-0.9539,9.0119,-0.2283,-0.0613,0.3354,52.29845,-2.11605,85.27,Vw14a
60.108000000000004,-1.6956000000000107,3.1059999999998693,11.096899999999817,-0.03789999999999557,-0.381800000000003,0.20729999999999793,52.29845,-2.11605,85.43000000000002,Vw14a
60.208000000000006,-1.8448000000000662,1.2622000000000166,8.51170000000004,0.02450000000000052,-0.42469999999998803,0.17810000000000056,52.29845,-2.11605,85.70000000000002,Vw14a
60.30800000000001,-2.775999999999791,1.4980999999998215,9.093900000000096,0.031800000000002944,-0.2561999999999872,0.18609999999998947,52.29845,-2.11605,85.91,Vw14a
60.40800000000001,0.1630999999999038,-1.012999999999986,10.453899999999832,0.07319999999998511,-0.0768999999999924,0.03809999999999807,52.29845,-2.11605,85.93,Vw14a
60.508,-1.1909,-0.8154,8.0906,-0.1363,0.03,0.011,52.29845,-2.11605,86.03,Vw14a
60.608000000000004,-0.5469000000000046,-1.2798999999998837,9.249600000000102,-0.19239999999999177,-0.12950000000000117,0.1625999999999958,52.29845,-2.11605,86.21000000000001,Vw14a
60.708000000000006,-0.6110999999999496,0.358699999999755,10.707399999999865,-0.07679999999998811,-0.14589999999999587,0.10349999999998942,52.29845,-2.11605,86.37,Vw14a
60.80800000000001,0.09809999999993324,-3.08949999999972,8.810300000000092,0.09029999999999982,-0.08759999999998752,-0.04530000000000409,52.29845,-2.11605,86.42000000000002,Vw14a
60.90800000000001,-0.8415999999999065,0.852699999999976,10.10930000000005,0.0876999999999976,0.08799999999999975,-0.10279999999999385,52.29845,-2.11605,86.59,Vw14a
61.008,0.4743,0.5147,10.8354,0.0539,0.0844,-0.0163,52.29845,-2.11605,86.67,Vw14a
61.108000000000004,-0.8817999999999154,0.5723999999999126,9.990899999999993,0.05059999999999719,0.17709999999999054,-0.08810000000000687,52.29845,-2.11605,86.82,Vw14a
61.208000000000006,0.2955179999999958,-0.6404119999999752,9.869731999999944,0.01125699999999932,0.04519399999999997,-0.1822869999999928,52.29845,-2.11605,86.9108,Vw14a
61.30800000000001,0.21526900000003416,-0.13521400000004064,8.69889700000002,-0.002797999999999507,0.046350000000008454,-0.03147299999999504,52.29845,-2.11605,86.9911,Vw14a
61.40800000000001,0.8990108910889187,-0.9702930693069554,9.100694059405896,0.00702772277227401,0.2181871287128546,0.06765445544551446,52.29845,-2.11605,87.1021782178218,Vw14a
61.508,-0.7099,-1.1796,8.7201,-0.0202,0.0769,-0.1869,52.29845,-2.11605,87.32,Vw14a
61.608000000000004,-0.8178683168317021,2.0907762376236287,9.563384158415873,0.0223742574257458,0.1050415841584103,-0.20942178217821314,52.29845,-2.11605,87.54128712871288,Vw14a
61.708000000000006,-1.214699999999916,-0.7015999999999398,10.211799999999835,0.08980000000000729,-0.01080000000000175,-0.11159999999999212,52.29845,-2.11605,87.67000000000002,Vw14a
61.80800000000001,-0.03220000000001527,0.14579999999994325,7.874700000000131,0.192400000000002,-0.035399999999988135,-0.0007000000000082897,52.29845,-2.11605,87.82000000000001,Vw14a
61.90800000000001,-0.26193861386158634,-0.6399247524751888,9.703390099009914,0.21903564356433913,0.1294485148514798,-0.11614950495049445,52.29845,-2.11605,88.02168306930695,Vw14a
62.008,-1.9558,-0.1424,9.8124,0.0726,0.0843,-0.1111,52.29845,-2.11605,88.18999000000001,Vw14a
62.108000000000004,-0.37865544554451025,0.15968316831680432,10.172587128712753,0.21244851485148727,0.04714455445544863,-0.11701881188118916,52.29845,-2.11605,88.32079207920792,Vw14a
62.208000000000006,0.5457999999998779,-0.4119999999998956,7.691300000000219,0.25729999999999875,0.11160000000000823,-0.1389000000000008,52.29845,-2.11605,88.4,Vw14a
62.30800000000001,-1.1331168316830684,1.0099881188117281,10.73193267326724,0.2396653465346509,0.22716534653465809,-0.1501821782178217,52.29845,-2.11605,88.40089108910892,Vw14a
62.40800000000001,0.9551999999997891,-2.191199999999761,8.915200000000064,0.1861999999999925,0.32369999999999005,-0.1484000000000005,52.29845,-2.11605,88.49000000000001,Vw14a
62.508,-2.0136,1.1698,9.8225,0.0808,0.1836,-0.1553,52.29845,-2.11605,88.6,Vw14a
62.608000000000004,0.8468999999999169,-0.12899999999996842,10.441700000000088,-0.01349999999999799,0.04640000000000097,-0.15629999999999036,52.29845,-2.11605,88.5,Vw14a
62.708000000000006,-0.3214999999999268,0.3153999999998894,11.675299999999828,0.014800000000003099,0.06010000000001009,-0.020599999999996683,52.29845,-2.11605,88.55000000000001,Vw14a
62.80800000000001,0.7086999999999659,-1.241699999999892,9.262000000000047,0.05839999999999883,0.20209999999999878,0.026099999999989975,52.29845,-2.11605,88.65,Vw14a
62.90800000000001,0.22860099009896467,0.2790920792080642,9.90100990099016,0.041865346534651904,0.18477326732673102,-0.1149891089109044,52.29845,-2.11605,88.58069306930692,Vw14a
63.008,0.0245,-2.4856,8.6126,-0.0572,0.0689,-0.1434,52.29845,-2.11605,88.63,Vw14a
63.108000000000004,-0.7026000000000469,-1.2857999999998055,10.533499999999998,-0.001900000000009603,-0.0244999999999999,-0.010099999999980127,52.29845,-2.11605,88.54,Vw14a
63.208000000000006,-1.3606633663366592,1.4186960396039328,10.508208910891073,-0.1360792079207939,-0.02419801980198545,0.2660742574257391,52.29845,-2.11605,88.55920792079208,Vw14a
63.30800000000001,-1.8969999999999032,0.8382999999999811,10.139100000000099,-0.17399999999998886,-0.13400000000000922,0.19349999999998604,52.29845,-2.11605,88.47999999999999,Vw14a
63.40800000000001,-0.5329999999998285,0.5704999999998981,11.530000000000037,-0.017299999999983814,-0.26349999999999996,-0.002799999999992349,52.29845,-2.11605,88.37,Vw14a
63.508,1.8381643564355634,-0.8279366336632618,12.057057425742556,0.2079198019801967,-0.2600722772277107,0.10375346534653443,52.29845,-2.11605,88.27831683168316,Vw14a
63.608000000000004,0.16459999999992764,1.358399999999846,11.66279999999976,0.1798999999999805,-0.007299999999983956,0.0990999999999784,52.29845,-2.11605,88.11,Vw14a
63.708000000000006,-0.8536000000000257,-0.8108999999999436,8.250900000000136,-0.09490000000000277,0.2184999999999881,-0.20490000000000005,52.29845,-2.11605,88.1,Vw14a
63.80800000000001,-1.2137980198020142,-0.01743465346527162,10.182385148515035,-0.1340089108910928,0.050777227722756474,-0.20579108910891097,52.29845,-2.11605,88.04059405940595,Vw14a
63.90800000000001,0.5063762376239669,0.6018495049505675,11.432142574257572,-0.25653267326734125,0.0978158415841642,0.13138811881192117,52.29845,-2.11605,87.97138613861385,Vw14a
64.008,-0.2085,-1.7666,7.944,-0.3198,-0.2018,0.1661,52.29845,-2.11605,87.86,Vw14a
64.108,0.2078,-1.8056,8.7117,-0.5014,-0.3601,0.5251,52.29845,-2.11605,87.91,Vw14a
64.208,-1.6075,-3.585,8.7691,-0.256,-0.3451,0.3118,52.29845,-2.11605,87.86,Vw14a
64.30799999999999,-0.7732000000001186,1.2725999999993096,8.602100000000023,-0.11560000000001994,-0.3478999999999996,-0.05479999999994789,52.29845,-2.11605,87.84,Vw14a
64.408,-2.8534792079208686,2.8698485148514794,8.616812871287168,-0.10110990099010193,-0.39107029702969903,0.32338613861387233,52.29845,-2.11605,87.82079207920792,Vw14a
64.508,-4.4514,2.7447,9.4481,-0.1621,-0.3081,0.552,52.29845,-2.11605,87.9,Vw14a
64.608,1.2748376237629166,-0.5734188118815009,10.848496039604093,0.011464356435659934,-0.3526544554455488,0.16883168316828073,52.29845,-2.11605,87.94950495049505,Vw14a
64.708,-2.4058,0.923,10.6215,0.0295,-0.485,-0.19,52.29845,-2.11605,87.93999000000001,Vw14a
64.80799999999999,-1.8174000000000836,-2.232399999999552,8.484200000000303,-0.13889999999997607,-0.16610000000004532,0.37889999999991913,52.29845,-2.11605,87.75000000000003,Vw14a
64.908,-2.3379,0.3665,10.8066,-0.1656,-0.0588,0.4807,52.29845,-2.11605,87.78,Vw14a
65.008,0.4398,0.4545,9.8673,-0.1499,-0.2047,-0.0941,52.29845,-2.11605,87.68999000000001,Vw14a
65.108,2.9813,-2.8525,10.2913,-0.1063,-0.1019,-0.2068,52.29845,-2.11605,87.67,Vw14a
65.208,0.9126,3.6241,14.5921,0.3738,0.3848,-0.0307,52.29845,-2.11605,87.57,Vw14a
65.30799999999999,2.9769999999997063,-0.9147999999993552,10.915300000000522,-0.04099999999994103,0.5304999999999793,-0.31209999999995997,52.29845,-2.11605,87.35000000000002,Vw14a
65.408,0.08512254901971264,-1.3199225490196496,8.450862745098059,-0.04311078431372507,0.38436960784312907,-0.4926107843137061,52.29845,-2.11605,87.16823529411764,Vw14a
65.508,2.2973774509802873,-2.2021774509803502,8.837137254901943,-0.034189215686274935,0.21133039215687094,-0.08368921568629384,52.29845,-2.11605,86.99176470588236,Vw14a
65.608,0.4188435643563421,0.6754069306930847,9.086356435643593,-0.07167722772276883,0.18250198019801264,0.03638019801979519,52.29845,-2.11605,86.76861386138613,Vw14a
65.708,-1.5368,0.9961,9.682,0.0006,0.0327,-0.1056,52.29845,-2.11605,86.63,Vw14a
65.80799999999999,0.023099999999778076,1.2143999999999688,10.754899999999846,0.05399999999999241,-0.1811999999999696,-0.06340000000000601,52.29845,-2.11605,86.45000000000003,Vw14a
65.908,-0.9799,1.7405,8.3206,-0.0275,-0.1932,0.1939,52.29845,-2.11605,86.32,Vw14a
66.008,1.844679207920895,-2.2013316831684078,8.648341584158516,-0.07950495049504193,-0.22666930693069431,0.2739267326732718,52.29845,-2.11605,86.17900990099011,Vw14a
66.108,0.7526,-1.2345,7.5825,-0.16,-0.2136,0.2266,52.29845,-2.11605,86.08,Vw14a
66.208,-0.1765,-0.7955,10.0917,-0.1415,-0.1351,0.2028,52.29845,-2.11605,86.11,Vw14a
66.30799999999999,-1.1188999999998661,0.3940999999998308,11.477499999999802,-0.05760000000001192,-0.1693999999999951,-0.008199999999970037,52.29845,-2.11605,86.03000000000002,Vw14a
66.408,1.4145,-0.2993,8.4128,-0.1515,-0.006,-0.1208,52.29845,-2.11605,85.97,Vw14a
66.508,-0.7375,2.349,11.0044,-0.0407,-0.1141,0.1625,52.29845,-2.11605,85.97,Vw14a
66.608,1.5876,-0.6201,10.8468,0.1119,-0.1298,0.2014,52.29845,-2.11605,85.93,Vw14a
66.708,-1.1965,0.074,8.937000000000001,-0.0272,-0.1832,0.0746,52.29845,-2.11605,85.92,Vw14a
66.80799999999999,0.5658999999997496,-0.0674999999999799,11.367399999999655,-0.0524999999999964,-0.13800000000000642,0.11359999999999446,52.29845,-2.11605,85.98999999999998,Vw14a
66.908,1.3542138613860362,-1.6189415841583037,8.882118811881204,-0.0863336633663368,0.10985445544554147,0.2173396039603857,52.29846556435644,-2.116031831683168,85.95900990099008,Vw14a
67.008,-0.7844,0.7269,9.224,-0.0897,0.0453,0.0013,52.300022,-2.114215,85.86,Vw14a
67.108,-1.0739,0.0911,9.2057,-0.0583,-0.0787,-0.1411,52.300022,-2.114215,85.88,Vw14a
67.208,-0.4945,0.0917,10.393,-0.0784,-0.0021,0.0336,52.300022,-2.114215,85.8,Vw14a
67.30799999999999,0.13429999999991066,-0.16069999999996415,9.628200000000108,-0.001000000000011006,0.016299999999997386,0.17689999999997963,52.300022,-2.114215,85.65000000000003,Vw14a
67.408,-1.0225980198020008,-0.10154257425741782,9.456917821782238,0.03500990099010097,-0.013630693069307556,-0.014509900990103842,52.300022,-2.114215,85.56940584158414,Vw14a
67.508,-1.4524,0.0642,10.6687,0.076,-0.0267,-0.1155,52.300022,-2.114215,85.50999,Vw14a
67.608,0.49424059405941856,-0.35702772277224437,9.88114257425745,0.08732970297029431,0.007838613861388715,-0.023106930693064555,52.300022,-2.114215,85.37851485148514,Vw14a
67.708,0.7583,0.3302,10.3854,0.0303,0.0617,0.0762,52.300022,-2.114215,85.23,Vw14a
67.80799999999999,-0.6966999999997934,0.2330000000000138,8.940900000000205,0.07129999999999417,-0.128199999999973,-0.031099999999984737,52.300022,-2.114215,85.17000000000002,Vw14a
67.908,0.2448,1.622,9.1573,0.0876,-0.2201,0.1656,52.300022,-2.114215,85.05,Vw14a
68.008,-0.0255,-0.1452,10.0951,0.0651,-0.0091,0.2281,52.300022,-2.114215,84.86,Vw14a
68.108,1.1269,-0.91,10.8217,-0.0429,0.0049,-0.0777,52.300022,-2.114215,84.67,Vw14a
68.208,0.1644,1.6619,9.9869,-0.0581,-0.1393,-0.08,52.300022,-2.114215,84.59,Vw14a
68.30799999999999,1.1410000000000688,1.2769000000002197,9.625048514851455,0.007365346534648136,-0.0726722772277268,0.1232069306930815,52.300022,-2.114215,84.47039594059406,Vw14a
68.408,0.411,-1.0531,9.9499,0.0639,-0.0299,-0.0061,52.300022,-2.114215,84.50999,Vw14a
68.508,1.5350594059405402,-0.19042673267330867,9.938414851485149,0.058949504950495286,-0.13623663366336125,0.0371673267326712,52.300022,-2.114215,84.57930683168317,Vw14a
68.608,-0.8802,0.3916,8.1181,0.1032,-0.1173,0.0902,52.300022,-2.114215,84.43999000000001,Vw14a
68.708,-0.8309,0.4991,8.9885,0.0703,-0.0514,-0.0013,52.300022,-2.114215,84.41,Vw14a
68.80799999999999,1.4453999999996763,-0.7323999999998251,9.779099999999888,0.01910000000000727,0.09939999999997856,-0.11159999999998434,52.300022,-2.114215,84.30000000000001,Vw14a
68.908,-0.1861,1.5993,10.3327,0.0677,0.1691,-0.0261,52.300022,-2.114215,84.13,Vw14a
69.008,-0.4077,0.3525,10.4023,0.1138,0.0611,0.0006,52.300022,-2.114215,84.14,Vw14a
69.108,1.5925,1.5148,11.8157,0.0574,0.0407,-0.0452,52.300022,-2.114215,83.98,Vw14a
69.208,0.3992475247524555,-1.5192603960394737,9.910117821782158,0.0337455445544538,0.15004851485148585,-0.10958910891088965,52.300022,-2.114215,84.03663366336633,Vw14a
69.30799999999999,-0.02599999999993957,1.2846999999996016,9.501900000000058,-0.0016999999999949625,0.16489999999999788,-0.07850000000000443,52.300022,-2.114215,83.70000000000005,Vw14a
69.408,1.3385475247524357,-2.088354455445386,9.680847524752554,0.13891584158416087,0.03768118811880653,-0.01900693069306886,52.300022,-2.114215,83.46910891089108,Vw14a
69.508,0.5133,1.2262,11.3456,0.1905,-0.0742,-0.0097,52.300022,-2.114215,83.38,Vw14a
69.608,-0.515,1.5676,9.3052,0.1603,-0.1295,0.0232,52.300022,-2.114215,83.31,Vw14a
69.708,-0.39464356435640846,1.3243990099008471,10.143113861386103,0.1232465346534623,0.048730693069312644,0.02733762376237177,52.300022,-2.114215,83.00890099009901,Vw14a
69.80799999999999,0.19099999999991685,-1.7556999999995622,9.404500000000105,0.05790000000000928,0.17179999999998252,-0.06889999999998633,52.300022,-2.114215,82.90000000000002,Vw14a
69.908,-0.9536,1.3902,10.095,0.0938,0.0155,-0.2121,52.300022,-2.114215,82.85,Vw14a
70.008,-1.7412,0.6106,9.9903,0.0958,-0.1446,0.1088,52.300022,-2.114215,82.68,Vw14a
70.108,-0.2656,-1.2047,9.9178,0.0735,-0.1285,0.2295,52.300022,-2.114215,82.37,Vw14a
70.208,-0.8463,0.2852,10.3067,0.0208,0.0292,0.1181,52.300022,-2.114215,82.4,Vw14a
70.30799999999999,-0.6637000000000259,-0.33829999999991134,9.10280000000017,0.037299999999997654,0.06479999999999493,-0.00019999999998319973,52.300022,-2.114215,82.64999999999998,Vw14a
70.408,-0.9123,0.8944,10.3545,0.0843,-0.155,-0.0493,52.300022,-2.114215,82.39,Vw14a
70.508,2.1855110000003273,-1.199442000000284,10.792229000000129,0.0981900000000076,-0.1568440000000249,0.08177600000000201,52.300022,-2.114215,82.4396901,Vw14a
70.608,-1.2475079207919788,1.7785069306929853,9.428223762376234,0.0178960396039599,0.10678019801980523,0.0579574257425664,52.300022,-2.114215,82.41039603960395,Vw14a
70.708,0.8517,0.0192,9.3606,0.0075,0.1748,-0.1063,52.300022,-2.114215,82.45,Vw14a
70.80799999999999,0.1652405940592387,-2.103412871287365,9.758699009900951,0.0037792079207913326,0.08588514851486011,0.015602970297024019,52.300022,-2.114215,82.51058415841584,Vw14a
70.908,1.9393,0.4053,10.1786,0.0117,-0.0056,0.0759,52.300022,-2.114215,82.57,Vw14a
71.008,0.1055,-0.1425,9.3059,-0.0451,0.1359,-0.0313,52.300022,-2.114215,82.57,Vw14a
71.108,1.1652,-0.4952,10.0084,-0.0398,0.109,-0.2358,52.300022,-2.114215,82.65,Vw14a
71.208,1.7491,0.1251,10.9049,-0.0326,0.1634,-0.1216,52.300022,-2.114215,82.77,Vw14a
71.30799999999999,1.088500000000094,1.7305999999997719,9.856900000000149,0.008699999999994129,0.1318000000000045,0.04919999999997575,52.300022,-2.114215,82.84999999999998,Vw14a
71.408,0.6903,-0.9066,9.9619,-0.0027,-0.1818,-0.0027,52.300022,-2.114215,83.11,Vw14a
71.508,1.7677,-1.5303,11.3049,0.0524,-0.2541,0.016,52.300022,-2.114215,83.13,Vw14a
71.608,0.4219,0.5137,9.5803,-0.0742,0.0556,0.0549,52.300022,-2.114215,83.24,Vw14a
71.708,1.6356,0.3284,11.0309,-0.1749,0.2113,0.0318,52.300022,-2.114215,83.37,Vw14a
71.80799999999999,0.9218000000001013,0.989199999999906,9.862400000000164,-0.18149999999999905,-0.050199999999962885,-0.11439999999997924,52.300022,-2.114215,83.41999999999999,Vw14a
71.908,0.35891500000005544,3.436793999999811,9.94856100000003,-0.06278799999999667,-0.23473699999999736,0.31512099999999726,52.300022,-2.114215,83.54979999999999,Vw14a
72.008,1.5230742574257947,-0.548528712871334,10.553543564356389,0.006980198019808766,-0.17804356435644464,0.2541722772277569,52.300022,-2.114215,83.52960396039605,Vw14a
72.108,0.9705,-0.0514,11.0479,-0.065,-0.0824,-0.1086,52.300022,-2.114215,83.49,Vw14a
72.208,0.2638,-0.1771,9.8282,-0.1094,-0.0047,-0.0549,52.300022,-2.114215,83.50999,Vw14a
72.30799999999999,0.23750000000000374,0.1975999999999468,10.335199999999928,-0.13589999999999622,0.07309999999998895,0.1725999999999677,52.300022,-2.114215,83.62999999999998,Vw14a
72.408,0.8952,-2.2294,10.1509,-0.0329,-0.0833,0.046,52.300022,-2.114215,83.59,Vw14a
72.508,-0.2224,0.3757,9.6522,0.0578,-0.1954,0.0342,52.300022,-2.114215,83.54,Vw14a
72.608,0.8354,-1.9592,10.3111,-0.0001,-0.2168,0.1263,52.300022,-2.114215,83.53,Vw14a
72.708,0.4152679999998756,0.5011590000000002,10.758941999999962,-0.10878200000000085,0.0017750000000041036,0.08348299999999617,52.300022,-2.114215,83.5187,Vw14a
72.80799999999999,-2.185227722772524,0.4983287128713689,9.95318217821771,-0.1265752475247546,0.08706237623763638,0.003137623762371169,52.300022,-2.114215,83.38950495049505,Vw14a
72.908,0.432,-0.3688,11.1314,-0.1041,-0.0467,0.0569,52.300022,-2.114215,83.34,Vw14a
73.008,0.8757,-1.3031,10.5872,0.0086,-0.1014,0.1163,52.300022,-2.114215,83.42,Vw14a
73.108,-0.5597,0.6529,10.6737,0.2656,-0.2668,0.0426,52.300022,-2.114215,83.42,Vw14a
73.208,0.0505050000000216,-0.7892909999999947,11.424825999999928,0.14555899999999278,-0.1083229999999865,0.01542299999999495,52.300022,-2.114215,83.5008,Vw14a
73.30799999999999,0.48690495049523325,-0.6649663366338003,9.931197029702888,-0.0070356435643560014,0.17658415841584077,-0.09131287128712766,52.300022,-2.114215,83.58138613861385,Vw14a
73.408,-1.4626,0.7884,10.7909,-0.0106,0.185,-0.1026,52.300022,-2.114215,83.72,Vw14a
73.508,1.3091306930695186,-1.0851435643564964,10.005952475247554,-0.06538217821783138,0.0023742574257447024,0.11870396039604805,52.300022,-2.114215,83.85217821782176,Vw14a
73.608,-0.9378,-0.4395,9.7012,0.0364,-0.0202,0.0291,52.300022,-2.114215,84.07,Vw14a
73.708,-1.0558,-0.6041,10.1819,0.038,-0.1513,-0.0175,52.300022,-2.114215,84.18,Vw14a
73.80799999999999,0.20089999999982155,-0.3211000000000402,9.921300000000038,0.11499999999998908,-0.025400000000017908,0.15689999999997523,52.300022,-2.114215,84.25998999999999,Vw14a
73.908,-1.5163277227721952,0.8271178217821231,10.162290099009889,-0.10014851485147484,-0.011835643564357085,0.11165247524752692,52.300022,-2.114215,84.4679206930693,Vw14a
74.008,-0.12932871287122558,0.05979999999983125,8.408976237623579,0.057505940594044264,0.06235544554457655,-0.07083564356434857,52.300022,-2.114215,84.70237613861384,Vw14a
74.108,-0.7822,1.8498,10.3566,0.2181,-0.1721,-0.1544,52.300022,-2.114215,84.93999000000001,Vw14a
74.208,1.8437,-0.327,11.576,0.2423,-0.081,0.0041,52.300022,-2.114215,85.11,Vw14a
74.30799999999999,-1.5726999999995146,2.3308999999996223,10.883900000000098,0.23340000000000127,0.19809999999996036,-0.07909999999998818,52.300022,-2.114215,85.29999999999997,Vw14a
74.408,0.2524,-1.5223,10.3722,0.0834,0.3112,-0.2124,52.300022,-2.114215,85.4,Vw14a
74.508,0.6701445544555036,0.42315940594048695,10.896734653465412,-0.025260396039609046,0.17514356435643524,-0.18194356435645126,52.300022,-2.114215,85.57188108910889,Vw14a
74.608,0.0546,1.5591,10.2102,0.0287,0.1795,-0.0163,52.300022,-2.114215,85.75999,Vw14a
74.708,0.419,1.229,10.9219,0.0708,-0.0076,-0.0149,52.300022,-2.114215,85.92,Vw14a
74.80799999999999,0.2744000000000205,-1.6974999999995837,10.672500000000035,0.04990000000000297,0.27429999999995996,-0.14889999999998096,52.300022,-2.114215,86.10999999999997,Vw14a
74.908,-0.4404,0.5978,9.5929,-0.0032,0.2337,-0.1491,52.300022,-2.114215,86.18999000000001,Vw14a
75.008,-1.2261,2.1391,9.3148,0.0088,0.2704,-0.0687,52.300022,-2.114215,86.16,Vw14a
75.108,0.9501990099009011,0.8856396039604837,10.662732673267234,0.15460990099009525,-0.18960990099010003,-0.04197623762375079,52.300022,-2.114215,86.25009891089108,Vw14a
75.208,-0.9099,2.7196,8.726,0.0756,-0.2106,0.2004,52.300022,-2.114215,86.25999,Vw14a
75.30799999999999,0.2166999999998399,0.011200000000385124,8.16580000000008,0.010400000000009249,0.033799999999965274,0.1630000000000053,52.300022,-2.114215,86.24,Vw14a
75.408,0.8322,-1.7518,9.3127,-0.2296,0.0448,-0.0194,52.300022,-2.114215,86.25,Vw14a
75.508,0.5015396039607096,-1.3489425742577514,8.015493069306876,-0.27568811881191524,-0.10111386138611962,0.0761762376237428,52.300022,-2.114215,86.19950495049505,Vw14a
75.608,-2.8245,2.1068,8.5948,0.0855,-0.3025,0.2838,52.300022,-2.114215,86.15,Vw14a
75.708,0.6324,-0.2785,10.4118,0.1721,-0.2232,0.1666,52.300022,-2.114215,86.16,Vw14a
75.80799999999999,-1.215899999999737,0.9912999999998195,9.824400000000084,-0.04789999999996872,-0.202200000000003,-0.022299999999973175,52.300022,-2.114215,86.06000000000002,Vw14a
75.908,-1.4995,0.1778,8.8428,-0.0702,0.0476,0.0948,52.300022,-2.114215,86.15,Vw14a
76.008,-0.6653069306931286,-0.5374653465347414,10.067971287128863,-0.03448415841585116,0.02467722772278286,-0.015908910891086196,52.30158,-2.1123220000000003,86.3391089108911,Vw14a
76.108,-0.036,0.396,8.4851,0.0671,-0.0876,-0.0468,52.30158,-2.1123220000000003,86.25,Vw14a
76.208,-1.1197,-0.1859,9.1114,0.1906,-0.0534,-0.1561,52.30158,-2.1123220000000003,86.54,Vw14a
76.30799999999999,-0.8966000000000317,0.8712999999998499,10.335499999999826,0.06330000000001809,-0.016200000000005287,-0.07210000000001193,52.30158,-2.1123220000000003,86.79999999999995,Vw14a
76.408,-0.778,2.4983,10.2816,0.1012,0.1384,-0.0338,52.30158,-2.1123220000000003,87.02,Vw14a
76.508,-0.5864,0.3373,8.3961,0.0067,0.2194,-0.0888,52.30158,-2.1123220000000003,87.21,Vw14a
76.608,1.7939,-0.9963,10.8031,-0.0175,0.1617,-0.2068,52.30158,-2.1123220000000003,87.39,Vw14a
76.708,-0.4902,-1.6432,7.7247,0.0798,0.0496,-0.1039,52.30158,-2.1123220000000003,87.56,Vw14a
76.808,0.2496792079207762,1.679239603960338,10.317685148514853,0.04280792079207973,0.018411881188119827,-0.0004544554455462501,52.30158,-2.1123220000000003,87.78198019801981,Vw14a
76.908,-0.0824,0.4632,10.3362,0.0536,0.0396,-0.0359,52.30158,-2.1123220000000003,87.98,Vw14a
77.008,-0.2137,0.9759,9.7932,0.0468,0.0657,-0.0321,52.30158,-2.1123220000000003,88.18,Vw14a
77.108,0.1359,1.6071,10.5485,-0.1081,0.0528,-0.0268,52.30158,-2.1123220000000003,88.46,Vw14a
77.208,1.387222772277182,0.2535465346535668,10.729976237623784,-0.14995940594059387,0.06488217821780823,0.060334653465345764,52.30158,-2.1123220000000003,88.63128702970297,Vw14a
77.308,0.3995,2.4382,11.1876,-0.1459,-0.2269,0.0438,52.30158,-2.1123220000000003,88.75999,Vw14a
77.408,0.5487,1.8406,8.5456,0.0465,-0.076,0.2013,52.30158,-2.1123220000000003,88.7,Vw14a
77.508,1.1291,1.273,9.6603,-0.0219,0.0626,0.1182,52.30158,-2.1123220000000003,88.72,Vw14a
77.608,0.32837200000000516,0.9186739999999757,7.791098000000091,-0.22521399999999572,0.03497999999999894,-0.13691599999999476,52.30158,-2.1123220000000003,88.7500999,Vw14a
77.708,0.4394480000000232,0.4024899999999127,9.655816000000017,-0.1348969999999878,0.012434999999996412,-0.027502999999990167,52.30158,-2.1123220000000003,88.7583901,Vw14a
77.808,0.9083147058822536,-1.4146578431371353,10.015757843137218,0.12261862745097954,-0.06397156862745415,0.17989019607843038,52.30158,-2.1123220000000003,88.59970588235294,Vw14a
77.908,-1.1902147058822536,1.1095578431371356,9.221542156862782,0.10448137254902047,-0.13112843137254585,0.15890980392156961,52.30158,-2.1123220000000003,88.57029411764705,Vw14a
78.008,0.7515,-0.0523,8.6256,-0.046,-0.3971,-0.0114,52.30158,-2.1123220000000003,88.37,Vw14a
78.108,2.1276,-0.5334,11.1244,-0.0661,-0.2256,0.2163,52.30158,-2.1123220000000003,88.23,Vw14a
78.208,0.0686,0.0495,9.9936,0.0061,0.0168,0.068,52.30158,-2.1123220000000003,88.11,Vw14a
78.308,2.4864,-0.1839,12.0976,-0.1106,0.0204,-0.1477,52.30158,-2.1123220000000003,87.99,Vw14a
78.408,0.07214752475251757,2.8064534653464874,10.104199009901018,-0.1859069306930622,0.06215643564356032,-0.056588118811873,52.30158,-2.1123220000000003,87.81910891089107,Vw14a
78.508,0.9569,1.8218,10.6941,-0.0366,-0.0222,0.1146,52.30158,-2.1123220000000003,87.73,Vw14a
78.608,1.4627,0.276,10.9025,0.0413,-0.1025,0.055,52.30158,-2.1123220000000003,87.59,Vw14a
78.708,-0.3095,-1.6697,8.0238,0.1731,-0.1226,-0.0922,52.30158,-2.1123220000000003,87.49,Vw14a
78.808,1.5235,-1.0206,11.1289,0.1584,-0.1357,-0.0276,52.30158,-2.1123220000000003,87.48,Vw14a
78.908,-1.1312,0.604,9.4978,-0.0377,-0.0245,0.1365,52.30158,-2.1123220000000003,87.43999000000001,Vw14a
79.008,-1.2574,0.8651,8.3322,-0.0904,0.0233,-0.0265,52.30158,-2.1123220000000003,87.29,Vw14a
79.108,-0.0155,0.4798,9.8578,-0.2563,0.2263,-0.0794,52.30158,-2.1123220000000003,87.3,Vw14a
79.208,-1.372,-0.7719,8.4355,-0.1841,0.1278,-0.0285,52.30158,-2.1123220000000003,87.28,Vw14a
79.308,-0.6561336633663822,-0.16234950495055794,9.413180198019703,0.03906732673267167,0.06445544554455185,0.06897623762375843,52.30158,-2.1123220000000003,87.22950495049506,Vw14a
79.408,-1.6095,-1.4773,7.3112,0.0058,0.01,-0.0134,52.30158,-2.1123220000000003,87.18,Vw14a
79.508,-0.000601980198145162,-0.8924009900990382,8.908637623762196,0.12197623762376072,-0.032585148514839374,-0.07456534653466983,52.30158,-2.1123220000000003,87.18909900990101,Vw14a
79.608,1.3292,-0.5925,10.8124,0.1396,-0.1611,0.0989,52.30158,-2.1123220000000003,87.1,Vw14a
79.708,-1.1255356435642754,0.8066118811879962,9.52648514851484,0.08504158415841324,-0.08558514851484955,0.02464455445543786,52.30158,-2.1123220000000003,87.14029702970298,Vw14a
79.808,0.6209,-1.8322,9.275,0.0292,-0.0441,-0.1409,52.30158,-2.1123220000000003,87.17,Vw14a
79.908,0.5224539999999375,0.4377440000000452,9.894373999999956,-0.02439200000000137,0.26833099999999543,-0.0983489999999993,52.30158,-2.1123220000000003,87.2405,Vw14a
80.008,-0.7885881188119774,1.3858722772277854,9.016872277227572,-0.052306930693078665,0.17196435643564767,-0.08324653465346679,52.30158,-2.1123220000000003,87.29039603960396,Vw14a
80.108,0.2326,0.7231,10.6241,0.047,0.1284,-0.0679,52.30158,-2.1123220000000003,87.33,Vw14a
80.208,-0.4616,2.0986,10.6273,0.1798,0.2261,-0.039,52.30158,-2.1123220000000003,87.37,Vw14a
80.308,0.1259,-1.0126,8.5172,0.1685,-0.0021,-0.0831,52.30158,-2.1123220000000003,87.38,Vw14a
80.408,0.649,0.9145,10.0431,0.065,0.083,-0.0624,52.30158,-2.1123220000000003,87.45,Vw14a
80.508,-0.8093,-0.3257,8.5494,-0.0422,0.0099,-0.0262,52.30158,-2.1123220000000003,87.42,Vw14a
80.608,0.4281,0.1278,9.1304,-0.0793,0.0003,-0.0189,52.30158,-2.1123220000000003,87.41,Vw14a
80.708,-0.2449,0.1605,10.5169,-0.1871,0.0484,0.027,52.30158,-2.1123220000000003,87.59,Vw14a
80.808,0.7499752475247886,1.0227999999999924,11.672140594059355,-0.15563762376237117,0.038754455445550076,0.02383564356435565,52.30158,-2.1123220000000003,87.55940594059406,Vw14a
80.908,1.5075,0.8628,10.5962,-0.0494,0.1542,0.0074,52.30158,-2.1123220000000003,87.5,Vw14a
81.008,-1.3230910891090664,2.275016831683371,9.507429702970196,-0.06552772277228545,0.03835940594061885,0.025214851485136122,52.30158,-2.1123220000000003,87.48930693069308,Vw14a
81.108,0.3278,0.1267,10.5904,0.0217,-0.2257,0.1567,52.30158,-2.1123220000000003,87.42,Vw14a
81.208,-1.6526425742572968,3.1313158415839553,9.046235643564385,0.016406930693071198,-0.26581782178218205,0.16431782178218063,52.30158,-2.1123220000000003,87.44048514851487,Vw14a
81.308,1.1231,-1.2471,9.6798,0.0571,-0.3476,0.2161,52.30158,-2.1123220000000003,87.49,Vw14a
81.408,0.1657,-2.2009,10.6921,-0.0559999999999999,-0.3458,0.1912,52.30158,-2.1123220000000003,87.58,Vw14a
81.508,0.2498,-2.2101,9.4843,-0.037,-0.2043,0.1028,52.30158,-2.1123220000000003,87.72,Vw14a
81.608,0.3907831683167718,-2.0126099009898737,9.411877227722837,-0.037985148514851894,0.0859495049504972,0.11858019801978514,52.30158,-2.1123220000000003,87.78168316831685,Vw14a
81.708,-0.8609,2.6964,10.7796,-0.0465,0.1309,-0.2334,52.30158,-2.1123220000000003,87.95,Vw14a
81.808,0.3634,-0.8239,9.4919,0.163,0.181,-0.1628,52.30158,-2.1123220000000003,88.05,Vw14a
81.908,0.3985,1.9244,11.5712,0.2189999999999999,0.2617,-0.0345,52.30158,-2.1123220000000003,88.13,Vw14a
82.008,-0.2798,-0.1967,10.1153,0.0888,0.19,-0.1968,52.30158,-2.1123220000000003,88.46,Vw14a
82.108,-0.5684198019801159,-0.048214851485147155,10.22308712871293,-0.007892079207932714,0.0463445544554515,-0.1749613861386041,52.30158,-2.1123220000000003,88.67277227722774,Vw14a
82.208,1.1496,-0.0197,11.4718,-0.2571,0.1708,0.0289,52.30158,-2.1123220000000003,88.95,Vw14a
82.308,-0.012328712871219814,0.1674930693068699,8.151736633663532,-0.24115049504949848,0.17153069306930183,0.08567029702969949,52.30158,-2.1123220000000003,89.0820693069307,Vw14a
82.408,1.3948,-1.1032,11.5954,-0.1062,0.0646,0.0127,52.30158,-2.1123220000000003,89.29,Vw14a
82.508,-0.7028,0.2344,10.1775,0.0178,0.0289,-0.0416,52.30158,-2.1123220000000003,89.54,Vw14a
82.608,-1.6213,1.4323,7.8044,0.2606,-0.0756,0.0863,52.30158,-2.1123220000000003,89.75999,Vw14a
82.708,0.5505118811880636,1.506172277227729,10.611681188118668,0.33307821782176766,-0.24348019801980467,0.001254455445548522,52.30158,-2.1123220000000003,89.89247524752477,Vw14a
82.808,-0.6383,1.6434,7.5098,0.0209,-0.3015,0.0867,52.30158,-2.1123220000000003,90.14,Vw14a
82.908,0.3609,1.3187,9.4836,0.0149,-0.0027,0.1078,52.30158,-2.1123220000000003,90.43,Vw14a
83.008,-0.3412,-0.2576,11.9061,-0.1841,-0.1619,-0.013,52.30158,-2.1123220000000003,90.6,Vw14a
83.108,0.276,-0.5516,9.5287,-0.1893,0.0604,0.0755,52.30158,-2.1123220000000003,90.78,Vw14a
83.208,1.8543259999999335,0.2213970000000272,10.803637999999964,-0.05892899999999685,0.012695999999998106,-0.0920159999999982,52.30158,-2.1123220000000003,90.93130000000001,Vw14a
83.308,0.46514851485155234,0.773223762376132,10.04625049504951,0.00873960396040197,-0.02981881188120017,-0.05210297029702063,52.30158,-2.1123220000000003,91.06297029702972,Vw14a
83.408,1.87,-1.4344,10.1613,0.1327,-0.2817,0.1376,52.30158,-2.1123220000000003,91.36,Vw14a
83.508,2.329233663366511,0.08968910891082048,11.00646732673274,0.11017326732675743,-0.27959207920794815,0.18836138613863024,52.30158,-2.1123220000000003,91.41128712871286,Vw14a
83.608,0.4826,0.8386,10.3032,-0.1525,0.0112,0.0145,52.30158,-2.1123220000000003,91.54,Vw14a
83.708,1.9171693069305764,-0.8649603960394399,11.674105940593973,-0.22360000000000604,0.02502079207920709,-0.10029207920791053,52.30158,-2.1123220000000003,91.67089099009901,Vw14a
83.808,-0.5959,2.669,9.8247,-0.3536,0.0071,0.1205,52.30158,-2.1123220000000003,91.75999,Vw14a
83.908,1.4633079207919808,0.13711881188130937,6.728561386138763,-0.18676831683169112,0.1317534653465287,0.2532722772277164,52.30158,-2.1123220000000003,91.80950485148514,Vw14a
84.008,1.3362,3.0045,13.4973,0.3961,-0.042,-0.2682,52.30158,-2.1123220000000003,91.72,Vw14a
84.108,0.6381,-0.1085,9.9511,0.3779999999999999,0.1419,-0.2431,52.30158,-2.1123220000000003,91.81,Vw14a
84.208,-2.0014,0.1436,7.6141,0.2427,0.0006,-0.0725,52.30158,-2.1123220000000003,91.77,Vw14a
84.308,2.0569950495048537,0.0008297029703574488,9.219968316831633,0.18319405940592573,0.09467227722772552,-0.08050198019801504,52.30158,-2.1123220000000003,91.77099009900991,Vw14a
84.408,0.0265,1.2638,8.1868,-0.1274,0.1519,0.0193,52.30158,-2.1123220000000003,91.87,Vw14a
84.508,3.7213,-1.2133,11.3053,-0.2199,0.2719,-0.0985,52.30158,-2.1123220000000003,91.81,Vw14a
84.608,2.2263980198018247,0.1683504950495688,11.04916633663357,-0.15466336633662917,0.42323564356435084,-0.255523762376233,52.30158,-2.1123220000000003,91.74970297029702,Vw14a
84.708,-1.0238,1.5034,9.0958,-0.061,0.3068,-0.1579,52.30158,-2.1123220000000003,91.72,Vw14a
84.808,0.1254,2.6023,10.4914,0.0444,0.1623,-0.0091,52.30158,-2.1123220000000003,91.75999,Vw14a
84.908,-0.9285,2.5072,7.9733,0.0999,0.1397,-0.0373,52.30158,-2.1123220000000003,91.68999,Vw14a
85.008,1.9429,-1.3685,9.9943,0.1371,-0.39,0.0943,52.30325,-2.110388,91.8,Vw14a
85.108,-3.3415,1.1672,7.1032,0.2424,-0.4433,0.266,52.30325,-2.110388,91.75,Vw14a
85.208,1.3529,1.2967,10.9531,0.1615,-0.6354,0.2453,52.30325,-2.110388,91.74,Vw14a
85.308,-2.0337,5.584,8.5776,0.0268,-0.2337,0.0819999999999999,52.30325,-2.110388,91.93999,Vw14a
85.408,1.6955,-3.6378,10.4618,-0.1671,0.0737,0.0186,52.30325,-2.110388,92.11,Vw14a
85.508,1.7693,-1.8867,11.3454,-0.2079,0.3164,-0.1384,52.30325,-2.110388,92.14,Vw14a
85.608,-4.285101980197747,4.207468316831421,9.228342574257534,-0.20208613861385272,0.5144693069307116,-0.25666534653466766,52.30325,-2.110388,92.240890990099,Vw14a
85.708,1.4247,-1.2657,11.4726,-0.0207,0.9014,-0.5532,52.30325,-2.110388,92.32999,Vw14a
85.808,-3.9867,6.2954,9.3683,0.0807,0.7725,-0.5476,52.30325,-2.110388,92.35,Vw14a
85.908,1.1811,-2.6254,8.2468,0.0969,0.6211,-0.4149,52.30325,-2.110388,92.41,Vw14a
86.008,-4.4505,5.0288,7.747000000000001,0.152,0.515,-0.3348,52.30325,-2.110388,92.39,Vw14a
86.108,2.1684,-3.7605,9.0838,0.2529,0.0209,-0.0815,52.30325,-2.110388,92.27,Vw14a
86.208,3.0851,-2.3346,11.6454,0.2333,-0.1838,0.074,52.30325,-2.110388,92.23,Vw14a
86.308,1.1472,-3.3247,9.8382,0.2158,-0.4153,0.2269,52.30325,-2.110388,92.07999,Vw14a
86.408,-2.0601,3.2029,10.759,0.1933,-0.3895,0.2248,52.30325,-2.110388,92.07999,Vw14a
86.508,0.0836,1.5137,8.6245,-0.0497,-0.598,0.3382,52.30325,-2.110388,91.93999,Vw14a
86.608,2.505,-2.8791,10.8396,-0.0666,-0.7309,0.4873,52.30325,-2.110388,91.89,Vw14a
86.708,-4.1817,4.8929,8.0965,0.0019,-0.662,0.432,52.30325,-2.110388,91.78,Vw14a
86.808,2.966,-3.8281,9.4007,-0.1156,-0.59,0.284,52.30325,-2.110388,91.59,Vw14a
86.908,-2.8735910891086727,4.034570297029273,8.039283168316922,-0.10136930693069196,-0.09337029702968704,0.0323910891089075,52.30325,-2.110388,91.42940594059407,Vw14a
87.008,2.0973,-4.9484,9.9276,-0.0783,0.2396,-0.0385,52.30325,-2.110388,91.37,Vw14a
87.108,-2.6468970297029313,4.604628712871242,10.784846534653395,-0.06509702970296789,0.6353900990099038,-0.5800930693069306,52.30325,-2.110388,91.24910891089108,Vw14a
87.208,-1.8266,3.6475,9.3095,-0.0148,0.6944,-0.5794,52.30325,-2.110388,91.16,Vw14a
87.308,-2.7763643564353973,4.010875247524442,9.621591089108875,0.020980198019804757,0.6173425742574254,-0.2719217821782189,52.30325,-2.110388,90.92841584158415,Vw14a
87.408,2.3772,-2.4716,8.8607,0.079,0.6116,-0.2941,52.30325,-2.110388,90.77,Vw14a
87.508,1.2567,2.2756,11.62,0.0189,0.6677,-0.4873,52.30325,-2.110388,90.75,Vw14a
87.608,-2.36,4.6812,8.4209,0.0972,0.4734,-0.4525,52.30325,-2.110388,90.68,Vw14a
87.708,-0.3705,1.5317,10.6747,0.1441,0.2756,-0.0087,52.30325,-2.110388,90.62,Vw14a
87.808,-4.2908,2.462,7.4865,0.0803,0.1056,0.0059,52.30325,-2.110388,90.52,Vw14a
87.908,1.4878,-2.8552,10.9201,0.2415,-0.2186,0.0883,52.30325,-2.110388,90.4,Vw14a
88.008,0.4841,-0.5533,10.6656,0.2004,-0.3021,0.1159,52.30325,-2.110388,90.47,Vw14a
88.108,2.8889,-3.0834,10.3024,0.084,-0.4899,0.3155,52.30325,-2.110388,90.65,Vw14a
88.208,-2.6449,1.72,8.5048,0.12,-0.5048,0.29,52.30325,-2.110388,90.64,Vw14a
88.308,-2.0923,1.7063,10.3172,0.0806,-0.4713,0.2565,52.30325,-2.110388,90.6,Vw14a
88.408,-3.2127,4.2832,8.3412,0.1282,-0.3434,0.2048,52.30325,-2.110388,90.68,Vw14a
88.508,-0.0819,0.0584,10.6277,0.0799,-0.2446,0.1461,52.30325,-2.110388,90.91,Vw14a
88.608,3.4644,-4.0402,10.2342,0.054,0.1977,-0.1557,52.30325,-2.110388,91.14,Vw14a
88.708,0.2719,0.1459,10.1525,-0.0153,0.3452,-0.2287,52.30325,-2.110388,91.24,Vw14a
88.808,0.9258805825242726,-3.1788572815534026,10.568228155339806,0.06877766990291273,0.28801553398058244,-0.2971466019417477,52.30325,-2.110388,91.53126213592233,Vw14a
88.908,1.705591999999998,-0.9487570000000067,9.787725000000002,0.34386999999999923,-0.08782899999999888,-0.15370000000000042,52.30325,-2.110388,91.64670000000001,Vw14a
89.008,-0.5678,-1.942,7.3808,0.0953,0.6401,-0.1954,52.30325,-2.110388,91.85,Vw14a
89.108,-3.818493069307237,0.48334653465369404,7.592978217821803,-0.26677920792082616,0.39376336633661047,-0.2888653465346623,52.30325,-2.110388,92.1272277227723,Vw14a
89.208,0.867597029702798,-3.6907564356434572,10.829769306930507,-0.0835722772277194,0.6224415841583993,-0.15733267326733014,52.30325,-2.110388,92.28079207920793,Vw14a
89.308,-2.8427,-1.3864,6.7867,-0.0108,0.2666,-0.2306,52.30325,-2.110388,92.36,Vw14a
89.408,-0.7458,-3.4855,9.4796,0.4167,-0.0148,-0.0469,52.30325,-2.110388,92.43999,Vw14a
89.508,2.6406,0.5909,11.7768,0.2616,-0.1815,0.2374,52.30325,-2.110388,92.6,Vw14a
89.608,-1.4636,1.4169999999999998,8.9905,0.0439,-0.2425,0.0421,52.30325,-2.110388,92.93,Vw14a
89.708,0.6374059405939317,-1.2315415841582715,9.83030099009899,0.02360594059405804,-0.10763960396039715,0.005270297029700975,52.30325,-2.110388,93.18158415841586,Vw14a
89.808,-2.112,1.8743,9.4004,-0.0058,-0.1316,-0.0377,52.30325,-2.110388,93.34,Vw14a
89.908,0.4549,0.2819,9.9131,-0.0507,0.004,0.0851,52.30325,-2.110388,93.6,Vw14a
90.008,-1.3677,0.2197,8.633,-0.2376,0.005,0.0232,52.30325,-2.110388,93.85,Vw14a
90.108,0.8847,-2.7424,9.4942,-0.2403,-0.0009,-0.0266,52.30325,-2.110388,94.1,Vw14a
90.208,1.2773,-0.7806,11.1384,-0.2032,0.2423,-0.0941,52.30325,-2.110388,94.37,Vw14a
90.308,-0.5519,-1.3283,9.8246,-0.1481,0.276,-0.0476,52.30325,-2.110388,94.62,Vw14a
90.408,-0.1701,-3.6252,9.9092,0.1016,0.1838,-0.0996,52.30325,-2.110388,94.93,Vw14a
90.508,-2.0692425742577023,0.18656138613873396,9.514842574257363,0.052454455445555354,0.08270891089111543,-0.07317425742575412,52.30325,-2.110388,95.14227722772276,Vw14a
90.608,0.8665,-1.0873,10.1891,-0.0621,-0.1964,0.0494,52.30325,-2.110388,95.37,Vw14a
90.708,-1.083,1.245,10.0708,0.0589,-0.2328,0.1992,52.30325,-2.110388,95.56,Vw14a
90.808,-0.0155,0.2547,8.4465,-0.0426,-0.3606,0.2451,52.30325,-2.110388,95.89,Vw14a
90.908,-1.094667326732676,0.544024752475283,9.637057425742556,-0.05904752475247069,-0.41057722772275496,0.1281960396039556,52.30325,-2.110388,95.98158415841586,Vw14a
91.008,-1.1514,1.2865,9.2428,0.0362,-0.0483,0.0278,52.30325,-2.110388,96.14,Vw14a
91.108,1.2657,-1.6105,10.4629,-0.0712,0.0669,-0.0012,52.30325,-2.110388,96.14,Vw14a
91.208,-0.8737851485148008,0.6928108910890645,9.829723762376256,-0.0013366336633702214,0.2123712871287118,0.009038613861384461,52.30325,-2.110388,96.25069306930693,Vw14a
91.308,0.2177,-0.2661,10.2421,-0.085,0.1895,-0.0271,52.30325,-2.110388,96.32,Vw14a
91.408,0.7204,0.1214,11.0413,0.0758,0.2035,-0.1924,52.30325,-2.110388,96.32,Vw14a
91.508,0.0673,-1.4147,8.3967,0.1926,0.0937,-0.1488,52.30325,-2.110388,96.32999,Vw14a
91.608,-0.10964059405937063,1.0794564356435483,11.485117821782124,0.25010693069306644,0.10696138613861751,-0.10533168316832033,52.30325,-2.110388,96.38019801980198,Vw14a
91.708,0.6263,0.7451,10.3369,0.1908,0.1831,-0.1785,52.30325,-2.110388,96.4,Vw14a
91.808,-0.3821,3.1019,11.4231,0.1876,0.2022,-0.089,52.30325,-2.110388,96.43999,Vw14a
91.908,1.6564,1.1208,11.5872,-0.1541,0.0308,-0.0881,52.30325,-2.110388,96.41,Vw14a
92.008,1.5952,-0.8062,8.8821,-0.1745,0.0257,-0.0392,52.30325,-2.110388,96.39,Vw14a
92.108,0.4025,-0.8396,10.9482,-0.0559999999999999,-0.1205,0.1877,52.30325,-2.110388,96.42,Vw14a
92.208,1.796,-0.9727,10.2121,0.0392,-0.1712,0.2079,52.30325,-2.110388,96.46,Vw14a
92.308,-0.8384,0.0577,7.7586,0.2511,-0.2701,-0.0276,52.30325,-2.110388,96.54,Vw14a
92.408,2.3202,-1.8902,9.3835,0.2112,-0.3064,-0.0409999999999999,52.30325,-2.110388,96.4,Vw14a
92.508,-0.843689108911009,0.04920297029706173,8.274055445544427,0.06431683168316815,-0.05101287128712482,0.06101485148514461,52.30325,-2.110388,96.43049504950496,Vw14a
92.608,0.4074,-0.2905,9.6396,0.066,-0.0923,0.1025,52.30325,-2.110388,96.48,Vw14a
92.708,-0.3444069306930721,-0.057676237623718624,9.099294059406022,0.02609009900989816,0.12102574257425754,-0.060204950495056024,52.30325,-2.110388,96.58990089108912,Vw14a
92.808,-0.4051,0.8847,10.8487,-0.0349,0.1236,-0.2007,52.30325,-2.110388,96.57999,Vw14a
92.908,0.9624,-1.5188,9.825,0.0736,0.2007,-0.1107,52.30325,-2.110388,96.54,Vw14a
93.008,-0.4967,1.0512,10.0605,0.0699,0.1541,-0.1218,52.30325,-2.110388,96.49,Vw14a
93.108,0.7031910891088329,1.2340960396040057,10.24319405940591,0.10268415841584343,0.2840792079207891,-0.09845544554455567,52.30325,-2.110388,96.54871287128712,Vw14a
93.208,-0.9277,2.1837,9.5926,0.1411,0.222,-0.124,52.30325,-2.110388,96.42,Vw14a
93.308,-1.216,0.9413,9.4995,-0.0156,-0.2453,0.0079,52.30325,-2.110388,96.4,Vw14a
93.408,1.0489,1.0889,11.1372,-0.0679,-0.0158,0.0908,52.30325,-2.110388,96.34,Vw14a
93.508,0.48,0.9893,10.3934,-0.0099,0.2078,-0.0722,52.30325,-2.110388,96.18999,Vw14a
93.608,-0.4765,1.3307,8.8724,-0.0094,0.2672,-0.2627,52.30325,-2.110388,96.16,Vw14a
93.708,1.3971,0.0624,9.9676,0.0367,0.0828,-0.1169,52.30325,-2.110388,96.03,Vw14a
93.808,-1.1579990099008413,2.4470752475246123,9.134551485148611,0.04073465346535005,0.012731683168307894,0.12804455445544527,52.30325,-2.110388,95.85851485148514,Vw14a
93.908,1.9521,-0.4854,11.1497,0.1142,-0.1741,0.1225,52.30325,-2.110388,95.71,Vw14a
94.008,1.4335,0.1985,8.3085,0.1378,-0.0952,0.0878,52.30499,-2.1084080000000003,95.47,Vw14a
94.108,0.02482376237619803,1.5859752475246687,9.496533663366293,0.0669693069307001,-0.16444653465345554,-0.141831683168306,52.30499,-2.1084080000000003,95.42871287128713,Vw14a
94.208,-0.8028,-0.1665,8.5599,0.2139,0.0409,0.085,52.30499,-2.1084080000000003,95.3,Vw14a
94.308,-0.7287,0.7652,10.1882,0.1248,-0.0549,-0.0456,52.30499,-2.1084080000000003,95.06,Vw14a
94.408,-0.2859,0.0538,10.1584,-0.063,0.0818,-0.1105,52.30499,-2.1084080000000003,94.81,Vw14a
94.508,0.2668,0.5956,8.9678,-0.1168,0.0055,0.0022,52.30499,-2.1084080000000003,95.0,Vw14a
94.608,-0.2914,0.9444,10.2352,-0.0955,0.1867,0.1065,52.30499,-2.1084080000000003,94.67,Vw14a
94.708,1.323262376237582,2.3036623762375585,10.818185148514836,-0.16809306930693066,-0.012746534653463705,-0.05419801980197833,52.30499,-2.1084080000000003,94.44831683168316,Vw14a
94.808,0.4195,0.8999,10.4667,-0.1674,0.0226,-0.0139999999999999,52.30499,-2.1084080000000003,94.28,Vw14a
94.908,1.719,-0.7446,10.442,-0.0062,-0.0752,0.1731,52.30499,-2.1084080000000003,94.14,Vw14a
95.008,-1.0571,1.1840000000000002,9.439,0.1073,0.0198,0.0617,52.30499,-2.1084080000000003,94.07999,Vw14a
95.108,1.1419,1.3934,11.4679,0.1788,-0.1138,-0.0274,52.30499,-2.1084080000000003,93.9,Vw14a
95.208,-0.6011,0.4131,7.4296,0.2734,-0.0918,0.049,52.30499,-2.1084080000000003,93.78,Vw14a
95.308,0.4385,-1.1827,9.1394,0.2083,0.0229,0.0185,52.30499,-2.1084080000000003,93.6,Vw14a
95.408,1.1172693069307111,1.4771980198020132,11.063345544554444,-0.010000000000004306,-0.0020940594059405656,-0.13205445544553812,52.30499,-2.1084080000000003,93.46871287128712,Vw14a
95.508,1.4942,2.167,10.8379,-0.1,-0.0015,0.0025,52.30499,-2.1084080000000003,93.34,Vw14a
95.608,0.0357,2.0756,9.5961,-0.0497,0.0148,0.179,52.30499,-2.1084080000000003,93.23,Vw14a
95.708,-0.4301,0.0276,8.061,-0.0815,0.1315,0.0239,52.30499,-2.1084080000000003,93.0,Vw14a
95.808,2.0341,0.6037,9.6848,-0.3157,-0.0595,0.0786,52.30499,-2.1084080000000003,92.89,Vw14a
95.908,3.0062,0.1597,8.365,-0.2646,-0.2036,0.0464,52.30499,-2.1084080000000003,92.75,Vw14a
96.008,-2.2467,3.3688,10.9877,-0.2116,-0.2126,0.2742,52.30499,-2.1084080000000003,92.61,Vw14a
96.108,0.79725099999988,-0.2428309999997639,9.355530000000137,-0.15801899999999527,-0.06209100000000189,0.19971499999998607,52.30499,-2.1084080000000003,92.45929999999998,Vw14a
96.208,-1.6369158415840384,4.522900990098674,12.125625742574096,-0.06043069306930476,-0.0992762376237553,-0.08608712871287216,52.30499,-2.1084080000000003,92.38851485148514,Vw14a
96.308,0.9515,-2.707,8.6682,-0.0135,0.0531,-0.1048,52.30499,-2.1084080000000003,92.24,Vw14a
96.408,-0.1945108910890267,-2.644280198019854,8.988475247524677,0.07664158415841507,0.17671980198021006,-0.13673267326733166,52.30499,-2.1084080000000003,92.09831683168315,Vw14a
96.508,1.5244,-3.7323,7.416,0.0608,0.4287,-0.24,52.30499,-2.1084080000000003,91.93,Vw14a
96.608,1.1087,0.9543,10.0363,0.0547,0.3806,-0.2709,52.30499,-2.1084080000000003,91.81,Vw14a
96.708,-1.997403960395879,2.1818999999999433,10.154279207920816,0.08354653465346788,0.3425920792079152,-0.19939504950494955,52.30499,-2.1084080000000003,91.70801970297028,Vw14a
96.808,1.4622,0.9619,10.6822,0.1382,0.2218,-0.1789,52.30499,-2.1084080000000003,91.50999,Vw14a
96.908,-0.2182,1.6504,9.409,0.0932,0.1138,-0.0996,52.30499,-2.1084080000000003,91.4,Vw14a
97.008,0.8013,-0.0489,10.0174,0.0814,0.063,-0.045,52.30499,-2.1084080000000003,91.31,Vw14a
97.108,-0.5975,0.0285,9.1236,0.0587,0.159,-0.0245,52.30499,-2.1084080000000003,91.3,Vw14a
97.208,1.5222,-0.38,9.7607,0.0762,-0.1034,-0.0404,52.30499,-2.1084080000000003,91.12,Vw14a
97.308,-0.0492,1.1376,10.6763,0.0658,-0.0073,0.0025,52.30499,-2.1084080000000003,91.05,Vw14a
97.408,0.7377019801979605,-0.04899207920781121,11.094685148514792,0.18261881188118534,-0.11108613861385558,0.013809900990099535,52.30499,-2.1084080000000003,91.11930693069307,Vw14a
97.508,-0.5021,2.2418,9.8632,0.1245,0.0103,0.0248,52.30499,-2.1084080000000003,91.05,Vw14a
97.608,0.6657,1.7939,9.7432,0.1083,-0.225,-0.0447,52.30499,-2.1084080000000003,90.89,Vw14a
97.708,-1.5826,1.9719,9.9183,0.0205,-0.3235,-0.0356,52.30499,-2.1084080000000003,91.06,Vw14a
97.808,-2.822992156862804,0.3033705882352151,8.581535294117584,-0.17822549019608783,-0.07800980392155701,0.2626352941176612,52.30499,-2.1084080000000003,91.11882352941177,Vw14a
97.908,1.864,-0.3326,10.6718,-0.2618,0.0723,0.196,52.30499,-2.1084080000000003,91.17,Vw14a
98.008,-0.6502990099010043,1.926825742574309,10.025886138613677,-0.18825247524752048,0.08351485148515214,-0.156969306930699,52.30499,-2.1084080000000003,91.38039603960395,Vw14a
98.108,-0.5002,1.3794,11.9745,-0.2335,0.045,-0.0939,52.30499,-2.1084080000000003,91.42,Vw14a
98.208,-0.9894,2.086,8.9166,-0.1963,0.0789,-0.0343,52.30499,-2.1084080000000003,91.53,Vw14a
98.308,0.8449,-3.3458,8.9217,0.0181,0.1782,-0.0256,52.30499,-2.1084080000000003,91.7,Vw14a
98.408,-0.493,0.5314,8.5438,-0.0069,0.3039,-0.1872,52.30499,-2.1084080000000003,91.9,Vw14a
98.508,1.9008613861384993,-3.448104950494858,10.405384158415751,0.07309999999999617,0.34142475247524573,-0.3629425742574174,52.30499,-2.1084080000000003,92.08811881188119,Vw14a
98.608,-1.8664,5.3475,10.504,0.1059,0.5334,-0.3833,52.30499,-2.1084080000000003,92.37,Vw14a
98.708,0.29,-2.1973,8.6067,0.0599,0.2993,-0.2114,52.30499,-2.1084080000000003,92.43,Vw14a
98.808,-1.6914,1.5241,10.3837,0.0972,0.322,-0.1529,52.30499,-2.1084080000000003,92.66,Vw14a
98.908,1.2024,-1.2759,10.7165,-0.031,0.1844,-0.1014,52.30499,-2.1084080000000003,92.86,Vw14a
99.008,-1.1641623762375666,1.701895049504997,9.918091089109025,0.05585643564355817,0.07195841584158925,-0.059961386138621765,52.30499,-2.1084080000000003,93.16138613861385,Vw14a
99.108,-1.7704,1.2114,8.7072,0.1215,0.0178,0.0239,52.30499,-2.1084080000000003,93.3,Vw14a
99.208,-1.6073,2.2456,9.6834,0.0975,-0.1896,-0.0046,52.30499,-2.1084080000000003,93.47,Vw14a
99.308,-1.1677,-1.4474,7.6886,0.2276,-0.1218,0.1546,52.30499,-2.1084080000000003,93.75999,Vw14a
99.408,1.5663287128711891,-1.2805217821781576,11.566902970296875,0.19880990099009094,-0.13520198019803226,0.1007910891089123,52.30499,-2.1084080000000003,94.09227722772279,Vw14a
99.508,-0.4808,-0.0227,8.3272,0.0298,-0.3954,0.1299,52.30499,-2.1084080000000003,94.32,Vw14a
99.608,2.929,-1.1506,11.3494,0.0215,-0.3607,0.2177,52.30499,-2.1084080000000003,94.46,Vw14a
99.708,-2.0899,1.8612,9.6653,-0.0651,-0.2048,0.2593,52.30499,-2.1084080000000003,94.73,Vw14a
99.808,1.9319,-0.4209,9.6884,-0.1025,-0.2073,0.0866,52.30499,-2.1084080000000003,94.96,Vw14a
99.908,-1.6515,4.8743,9.8363,-0.2356,-0.2162,0.0631,52.30499,-2.1084080000000003,95.18,Vw14a
100.008,2.9893,-2.1321,10.9998,-0.0694,0.0642,0.1236,52.30499,-2.1084080000000003,95.42,Vw14a
100.108,1.9136,0.9326,11.1683,-0.1503,0.4356,-0.1841,52.30499,-2.1084080000000003,95.62,Vw14a
100.208,4.7663,-0.085,10.6117,-0.1329,0.4063,-0.373,52.30499,-2.1084080000000003,95.9,Vw14a
100.308,0.653,0.8108,10.9748,-0.1344,0.5379,-0.2788,52.30499,-2.1084080000000003,96.05,Vw14a
100.408,-3.151930693069183,-0.22669801980191465,8.346206930693166,-0.11427524752474517,0.375318811881182,-0.21929306930692874,52.30499,-2.1084080000000003,96.3121782178218,Vw14a
100.508,-0.555,1.1435,10.3469,0.0382,0.2472,-0.1786,52.30499,-2.1084080000000003,96.53,Vw14a
100.608,-3.1695,0.005,9.1488,0.0036,0.1006,-0.0487,52.30499,-2.1084080000000003,96.74,Vw14a
100.708,1.4868683168315484,-0.2595851485149429,10.346699009900913,-0.032156435643568335,-0.0387772277227666,0.0637475247524764,52.30499,-2.1084080000000003,96.96138613861386,Vw14a
100.808,-1.4163,-2.2281,8.6666,-0.1178,0.0835,0.0885,52.30499,-2.1084080000000003,97.1,Vw14a
100.908,3.1754,-1.386,11.9562,0.1673,-0.6026,0.1691,52.30499,-2.1084080000000003,97.06,Vw14a
101.008,2.9079,-3.0407,11.8045,0.2568,-0.7133,0.3698,52.30499,-2.1084080000000003,97.07999,Vw14a
101.108,-3.9901,3.8741,9.9287,0.1502,-0.4675,0.351,52.30499,-2.1084080000000003,97.14,Vw14a
101.208,-0.5216,-0.7705,9.0837,0.1719,-0.2934,0.027,52.30499,-2.1084080000000003,97.13,Vw14a
101.308,-5.1618,2.503,9.6227,-0.0689,0.2273,-0.1984,52.30499,-2.1084080000000003,97.29,Vw14a
101.408,1.1855891089109303,-1.7107910891088975,8.513907920792127,-0.08198613861386085,0.17476237623760638,-0.03569009900989472,52.30499,-2.1084080000000003,97.34970297029702,Vw14a
101.508,2.0045,-1.4299,9.5047,-0.0706,-0.1889999999999999,0.0953,52.30499,-2.1084080000000003,97.32,Vw14a
101.608,-0.0803,0.372,10.6385,-0.1781,-0.1257,0.1216,52.30499,-2.1084080000000003,97.22,Vw14a
101.708,-1.0936,-0.8717,8.9803,-0.1329,-0.2089,0.2019,52.30499,-2.1084080000000003,97.24,Vw14a
101.808,-2.7877950495048984,2.0032762376237176,9.088987128712906,-0.10757128712870699,-0.07458118811879648,0.06508217821781787,52.30499,-2.1084080000000003,97.30148514851486,Vw14a
101.908,-1.6973,1.0609,9.8177,0.0153,0.2473,-0.0167,52.30499,-2.1084080000000003,97.45,Vw14a
102.008,4.150620792078929,-0.511476237623687,11.065026732673209,-0.04737326732672966,0.44918118811880225,-0.3206603960395894,52.30499,-2.1084080000000003,97.46980198019801,Vw14a
102.108,-2.1566749999997614,-0.38887700000001924,9.371520000000126,-0.2020019999999999,0.4623549999999916,-0.2838389999999915,52.30499,-2.1084080000000003,97.54929999999999,Vw14a
102.208,2.7065623762375313,-0.7863683168317006,11.930404950494925,-0.20209405940594008,0.2892930693069293,-0.10835049504949962,52.30499,-2.1084080000000003,97.480099009901,Vw14a
102.308,0.7128,-1.1632,9.2309,-0.1915,0.2586,0.0066,52.30499,-2.1084080000000003,97.49,Vw14a
102.408,3.3438,-2.3248,9.4311,0.0017,0.0196,-0.0091,52.30499,-2.1084080000000003,97.4,Vw14a
102.508,-4.432,-0.4194,10.7901,-0.0651,-0.0483,-0.0105,52.30499,-2.1084080000000003,97.48,Vw14a
102.608,-0.2116,-1.2465,10.5071,-0.1255,-0.3018,0.1914,52.30499,-2.1084080000000003,97.39,Vw14a
102.708,3.173344554455289,-2.9691792079206802,9.729879207920817,-0.09923564356435381,-0.445965346534657,0.24094851485149002,52.30499,-2.1084080000000003,97.36950495049506,Vw14a
102.808,-0.1922,-0.5571,10.2778,-0.0428,-0.5225,0.3458,52.30499,-2.1084080000000003,97.32,Vw14a
102.908,1.9431,-3.1768,10.4017,0.0265,-0.5135,0.2689999999999999,52.30499,-2.1084080000000003,97.32,Vw14a
103.008,-4.0368,-0.1123,9.496,-0.0397,-0.2944,0.2374,52.306816,-2.106496,97.29,Vw14a
103.108,1.2352,-3.6171,10.5561,0.0399,-0.0283,0.096,52.306816,-2.106496,97.17,Vw14a
103.208,-2.1122460000000665,-0.027146000000046175,9.644308999999968,-0.0428610000000031,0.19099900000000516,-0.19779299999999764,52.306816,-2.106496,97.1492999,Vw14a
103.308,-3.483937623762239,-0.9873198019801283,8.990687128712914,-0.10780693069306695,0.2993128712871264,-0.1470079207920764,52.306816,-2.106496,97.07959405940593,Vw14a
103.408,-0.6077,0.4707,9.8694,-0.0585,0.2506,-0.0878,52.306816,-2.106496,97.04,Vw14a
103.508,-3.322,-1.7017,8.304,-0.0394,0.1639999999999999,-0.0485,52.306816,-2.106496,96.89,Vw14a
103.608,-1.3033,-0.9333,11.3269,-0.0199,-0.1689999999999999,0.0411,52.306816,-2.106496,96.89,Vw14a
103.708,-1.0262,-1.7045,9.092,0.0403,-0.1378,0.0184,52.306816,-2.106496,96.79,Vw14a
103.808,-2.5773,-0.3862,10.4669,0.0887,-0.0504,0.0267,52.306816,-2.106496,96.68,Vw14a
103.908,0.8802,-1.2378,9.9359,0.0414,0.0325,-0.0023,52.306816,-2.106496,96.63,Vw14a
104.008,-1.9115,1.8028,9.5836,0.0726,0.2572,-0.2039,52.306816,-2.106496,96.66,Vw14a
104.108,0.26642079207941305,-0.5569029702972523,9.813897029702993,-0.013835643564364578,0.20710099009900518,-0.1707316831683137,52.306816,-2.106496,96.5609900990099,Vw14a
104.208,-0.7819579999999197,-0.9580510000000044,8.718793000000103,0.08314999999999695,0.0013970000000056136,0.06556100000000029,52.306816,-2.106496,96.5306,Vw14a
104.308,0.8953779999999048,-1.0486569999999829,10.849901999999872,0.016878999999990717,0.12111600000000589,0.06910299999998794,52.306816,-2.106496,96.5896,Vw14a
104.408,-1.0687450000000545,-0.6777869999999057,8.255465000000088,-0.17372900000000202,0.24010699999999346,-0.17791999999999916,52.306816,-2.106496,96.5505,Vw14a
104.508,-2.190799000000289,1.2926280000001946,10.117147000000148,-0.2159250000000026,0.09985400000002201,-0.15642900000003443,52.306816,-2.106496,96.60099999999998,Vw14a
104.608,0.8221999999998246,-0.7374099999998726,8.56180400000007,-0.18806599999999693,-0.13487600000001196,0.20781700000000394,52.306816,-2.106496,96.7001,Vw14a
104.708,-2.7396564356434165,1.8642871287128207,9.971368316831745,-0.12516831683168256,-0.37852277227722086,0.2873217821782114,52.306816,-2.106496,96.71009900990099,Vw14a
104.808,0.4447,0.773,11.2982,-0.1119999999999999,-0.2308,0.1495,52.306816,-2.106496,96.72,Vw14a
104.908,0.4933,-3.2329,8.5294,-0.0944,-0.3846,0.1706,52.306816,-2.106496,96.79,Vw14a
105.008,2.285415384615296,-3.0015538461538576,9.776996153846092,-0.02766923076923407,-0.3497923076923094,0.220311538461536,52.306816,-2.106496,96.86692307692307,Vw14a
105.108,-2.4844,0.8864,9.1657,0.1852,-0.2231,0.1692,52.306816,-2.106496,97.02,Vw14a
105.208,-2.963,3.7172,11.6652,0.2,-0.1063,-0.0381,52.306816,-2.106496,97.15,Vw14a
105.308,-2.9783829999998868,2.4331949999998717,10.316323999999977,-0.005884000000001855,0.025453000000006054,-0.14856599999999306,52.306816,-2.106496,97.1991,Vw14a
105.408,-0.648368999999945,-0.2082310000000353,9.812708999999995,-0.04327799999999708,0.14910199999999812,-0.006032999999997341,52.306816,-2.106496,97.111,Vw14a
105.508,0.5096900990099322,-0.9551801980197889,9.706504950495033,0.018524752475245404,0.11056336633662553,0.047956435643584566,52.306816,-2.106496,97.21009900990099,Vw14a
105.608,0.1787,-1.0932,9.887,0.0409999999999999,0.1969,-0.1664,52.306816,-2.106496,97.22,Vw14a
105.708,1.6633,-1.0892,10.9127,-0.0446,0.3064,-0.1762,52.306816,-2.106496,97.21,Vw14a
105.808,-1.5022809999999038,0.01488300000004437,10.261473000000024,-0.04648000000000232,0.27890399999998405,-0.09131099999999667,52.306816,-2.106496,97.2705,Vw14a
105.908,0.4663499999999841,0.9178323529411473,10.731110784313714,-0.09336764705882053,-0.04708039215686123,-0.022440196078428246,52.306816,-2.106496,97.31833333333331,Vw14a
106.008,0.1313500000000159,0.3010676470588528,10.442189215686287,-0.030132352941179455,-0.015119607843138767,0.04354019607842825,52.306816,-2.106496,97.15166666666669,Vw14a
106.108,0.9241,-1.0015,9.7296,0.0646,0.2482,-0.0636,52.306816,-2.106496,97.31,Vw14a
106.208,-2.3341,1.8152,10.6927,-0.024,0.0634,-0.1227,52.306816,-2.106496,97.28,Vw14a
106.308,-0.3041,-1.3407,8.4052,-0.1057,-0.2714,0.2081,52.306816,-2.106496,96.93,Vw14a
106.408,2.9975650000000504,-1.9140420000000762,9.300686999999972,-0.21385700000000357,-0.21315100000000495,0.3810679999999942,52.306816,-2.106496,96.821,Vw14a
106.508,4.020453000000402,-3.500444000000202,8.682331000000032,-0.2887430000000005,-0.3177619999999947,0.25859000000000476,52.306816,-2.106496,96.91800000000002,Vw14a
106.608,-0.23736435643571996,-1.32764554455427,8.384730693069432,-0.2815594059405867,-0.37392871287128965,0.20730990099009525,52.306816,-2.106496,96.71940594059406,Vw14a
106.708,-1.8338,2.5478,10.9878,-0.1275,-0.4268,0.1283,52.306816,-2.106496,96.66,Vw14a
106.808,-0.25308415841589177,-1.1459772277227065,9.237609900990133,-0.07483663366335934,-0.2652821782178174,0.1902475247524702,52.306816,-2.106496,96.53841584158415,Vw14a
106.908,-1.3015,0.2263,9.9586,0.0715,-0.1735,0.085,52.306816,-2.106496,96.38,Vw14a
107.008,2.7738,-1.7484,10.9362,0.0232,-0.366,0.0631,52.306816,-2.106496,96.29,Vw14a
107.108,0.2865,-0.1253,8.6377,-0.0783,-0.1505,0.2586,52.306816,-2.106496,96.11,Vw14a
107.208,0.3552659999999937,0.9582559999999806,11.187271999999961,-0.16845100000000024,-0.029391000000001364,0.21486199999998903,52.306816,-2.106496,95.93799009999998,Vw14a
107.308,0.22344455445544673,0.5577227722772742,10.362420792079254,-0.17388712871287312,-0.05869702970297268,-0.01686435643564483,52.306816,-2.106496,95.73821782178216,Vw14a
107.408,0.2479,1.53,11.3145,-0.2126,-0.1084,-0.0433,52.306816,-2.106496,95.56,Vw14a
107.508,-1.4912128712872916,-0.6614732673267989,7.366075247524652,-0.39448613861386717,0.028638613861392374,0.12448118811880546,52.306816,-2.106496,95.23871287128713,Vw14a
107.608,0.2375,0.0412,8.4336,-0.3331,-0.0375,0.1926,52.306816,-2.106496,95.11,Vw14a
107.708,1.6117,-1.4448,9.1002,-0.1503,-0.2008,0.2473,52.306816,-2.106496,94.9,Vw14a
107.808,-0.7431,1.3738,9.2674,-0.0627,-0.261,0.2589,52.306816,-2.106496,94.50999,Vw14a
107.908,0.4309,0.8583,9.6881,0.044,0.0184,0.0338,52.306816,-2.106496,94.23,Vw14a
108.008,0.32460396039592265,-0.1001168316833303,9.92673663366344,-0.03560990099009892,0.04035049504951013,0.01771485148514366,52.306816,-2.106496,93.7536534653466,Vw14a
108.108,1.565,1.6182,9.1504,-0.0366,-0.0146,0.0692,52.306816,-2.106496,93.12,Vw14a
108.208,0.2798,1.19,10.6192,-0.1544,0.131,-0.1357,52.306816,-2.106496,92.72,Vw14a
108.308,-0.7071,0.8297,9.0629,-0.156,0.0555,-0.1407,52.306816,-2.106496,92.2,Vw14a
108.408,-1.6109,2.091,9.2221,0.0808,-0.0947,0.2627,52.306816,-2.106496,91.57,Vw14a
108.508,2.303364356435712,-0.32618811881189164,9.835652475247539,0.06739405940594537,-0.08003267326733114,0.22647425742578148,52.306816,-2.106496,91.00385148514857,Vw14a
108.608,1.5798,-0.215,9.6809,0.0168,-0.0333,-0.1861,52.306816,-2.106496,90.39,Vw14a
108.708,0.1135,0.5652,10.377,0.0098,-0.0324,-0.123,52.306816,-2.106496,89.82999000000001,Vw14a
108.808,-0.5083,2.4786,8.482999999999999,0.2527,-0.3004,0.2689999999999999,52.306816,-2.106496,89.21,Vw14a
108.908,0.8263,-0.1258,10.6523,0.1694,-0.1168,0.1585,52.306816,-2.106496,88.61,Vw14a
109.008,1.1982,-0.7071,8.9903,-0.0234,0.0325,-0.1013,52.306816,-2.106496,88.03,Vw14a
109.108,1.1673,-1.4243,8.6337,-0.1127,0.0004,0.0906,52.306816,-2.106496,87.65,Vw14a
109.208,1.601,-1.2024,8.1203,-0.1968,-0.0557,0.1119999999999999,52.306816,-2.106496,87.09,Vw14a
109.308,-1.5469,-0.2761,8.9404,-0.3059,0.0593,0.0248,52.306816,-2.106496,86.8,Vw14a
109.408,1.2656,1.9667,12.3158,-0.2637,-0.0731,0.0603,52.306816,-2.106496,86.57,Vw14a
109.508,-1.7012277227725146,1.3807960396039416,7.459446534653191,-0.176335643564374,-0.12745049504948655,0.20023960396040885,52.306816,-2.106496,86.28772277227725,Vw14a
109.608,0.816,1.5804,10.3741,0.0101,-0.3225,0.0642,52.306816,-2.106496,86.06,Vw14a
109.708,2.5699,-1.3416,10.5808,0.0304,-0.4434,0.0795,52.306816,-2.106496,85.61,Vw14a
109.808,0.4517,0.0644,10.2377,0.1014,-0.1396,0.2596,52.306816,-2.106496,85.43999000000001,Vw14a
109.908,1.1007,1.1332,10.3696,0.0583,-0.0766,0.2051,52.306816,-2.106496,85.14,Vw14a
110.008,-0.5562,1.1152,8.4284,0.1259,-0.1547,-0.0418,52.306816,-2.106496,85.02,Vw14a
110.108,3.0081,-0.3931,11.6189,0.024,0.0666,-0.0696,52.306816,-2.106496,84.71,Vw14a
110.208,-0.8854643564354574,1.8960089108909797,9.937018811881268,-0.14322772277226922,0.06026336633663396,-0.09662970297029573,52.306816,-2.106496,84.52188118811881,Vw14a
110.308,-0.1949,-0.9242,9.3293,-0.0825,0.0112,0.0689,52.306816,-2.106496,84.27,Vw14a
110.408,-0.2334,1.7101,9.8113,-0.0763,-0.1803,0.1517,52.306816,-2.106496,84.0,Vw14a
110.508,-0.3914,1.899,9.9023,0.0274,-0.1004,0.1624,52.306816,-2.106496,83.73,Vw14a
110.608,-0.0388,-1.3095,7.4958,-0.1048,-0.0364,-0.0064,52.306816,-2.106496,83.50999,Vw14a
110.708,-1.0442980198019032,2.1362584158414624,10.551440594059324,-0.03225841584159186,0.005584158415838725,0.11486237623762219,52.306816,-2.106496,83.35841584158415,Vw14a
110.808,0.6159,-0.4879,8.8055,-0.1981,-0.0559999999999999,0.0811,52.306816,-2.106496,83.2,Vw14a
110.908,1.0683752475247308,1.9604168316830515,10.333321782178144,-0.02602079207921615,0.003603960396036762,-0.023850495049499945,52.306816,-2.106496,82.8831683168317,Vw14a
111.008,1.1957,0.0468,9.9603,0.0447,-0.1353,0.0705,52.306816,-2.106496,82.78,Vw14a
111.108,0.9155669999999723,0.6519029999999865,10.477576999999863,-0.04452000000000831,-0.09205899999999304,0.05767799999999941,52.306816,-2.106496,82.6186,Vw14a
111.208,0.33568118811875464,0.3705376237623555,7.694948514851585,-0.2144267326732656,0.048871287128704845,0.04480396039603591,52.306816,-2.106496,82.47881188118812,Vw14a
111.308,-0.8962,-0.0757,9.8298,-0.1771,-0.124,-0.0348,52.306816,-2.106496,82.36,Vw14a
111.408,-0.006865000000042042,1.7367589999999804,11.032790999999936,-0.030224999999997306,-0.2610959999999887,0.11880199999999813,52.306816,-2.106496,82.1891901,Vw14a
111.508,-0.8812000000001244,1.3219594059406397,9.667351485148592,0.025400000000012257,-0.02445742574256146,0.07798910891090438,52.306816,-2.106496,82.10821782178219,Vw14a
111.608,0.4388,0.8379,8.8425,-0.1046,-0.1602,-0.0631,52.306816,-2.106496,81.93,Vw14a
111.708,1.0859149999999884,-0.19876000000003263,10.96366999999993,-0.08802400000000339,-0.04965100000000352,0.09334700000000255,52.306816,-2.106496,81.7988999,Vw14a
111.808,0.8299257425742097,-0.8727128712870565,9.473392079207956,-0.1588663366336594,-0.12336435643564052,0.14729801980197924,52.306816,-2.106496,81.68820782178217,Vw14a
111.908,-0.1675,0.636,10.2326,-0.0755,-0.0598,0.1271,52.306816,-2.106496,81.50999,Vw14a
112.008,-0.3989999999999999,-0.2716,9.6362,-0.0772,-0.1207,0.0019,52.308468,-2.104914,81.39,Vw14a
112.108,-0.0356,1.8787,9.4587,-0.1602,-0.1127,0.1802,52.308468,-2.104914,81.28,Vw14a
112.208,0.9846,0.1976,10.0024,-0.1839,0.057,0.2257,52.308468,-2.104914,81.18,Vw14a
112.308,-0.09,1.5658,11.5952,-0.2095,-0.0551,-0.0025,52.308468,-2.104914,81.18999000000001,Vw14a
112.408,-0.2061,0.8266,10.1474,-0.19,-0.0929,-0.0041,52.308468,-2.104914,81.15,Vw14a
112.508,-1.4350108910890502,2.1419465346534023,9.11749900990104,-0.06217821782178831,-0.24319702970296309,0.27887029702968946,52.308468,-2.104914,81.15,Vw14a
112.608,1.1227,-0.9811,9.1358,-0.0649,-0.089,0.2591,52.308468,-2.104914,81.0,Vw14a
112.708,0.3598,-0.7869,8.302,-0.1647,-0.0788,0.0585,52.308468,-2.104914,81.02,Vw14a
112.808,-0.4228,-1.7441,9.0336,-0.1391,-0.1048,0.0604,52.308468,-2.104914,81.11,Vw14a
112.908,-2.0251,-1.0003,8.8248,0.1921,0.0003,0.0954,52.308468,-2.104914,81.24,Vw14a
113.008,-1.4109,-2.4803,7.81,0.2971,-0.1499,-0.0693,52.308468,-2.104914,81.29,Vw14a
113.108,-1.7219,0.3685,9.0409,0.3939999999999999,0.0375,-0.0249,52.308468,-2.104914,81.39,Vw14a
113.208,0.48044950495034716,1.5905326732674403,10.798005940593983,0.24948712871285778,0.14871188118812118,-0.09176138613862761,52.308468,-2.104914,81.57108910891088,Vw14a
113.308,-2.7046,4.0338,9.1686,-0.0418,0.1999,-0.3879,52.308468,-2.104914,81.68,Vw14a
113.408,0.38728910891085083,-1.9696841584156777,8.315126732673402,-0.03645643564356463,0.19013960396038332,-0.15422970297028044,52.308468,-2.104914,81.84128712871288,Vw14a
113.508,-0.4538,1.4519,11.1278,-0.0421,-0.0759,0.1928,52.308468,-2.104914,81.97,Vw14a
113.608,0.30390396039595735,0.3096633663367239,9.047239603960415,-0.017501980198018855,0.014135643564356985,0.11517227722770924,52.308468,-2.104914,82.17108910891089,Vw14a
113.708,-1.4157,2.196,9.4412,0.0023,0.0277,-0.1676,52.308468,-2.104914,82.28,Vw14a
113.808,0.3775969999999676,-0.8590259999998944,9.707042999999908,-0.02305700000001042,0.14950499999999423,-0.08724699999999781,52.308468,-2.104914,82.4918,Vw14a
113.908,-0.27628118811876534,1.2952485148514312,7.84200693069322,-0.23726534653465664,0.03226435643564866,-0.04148910891088673,52.308468,-2.104914,82.67128712871288,Vw14a
114.008,0.6956,0.1701,10.9927,-0.3038,0.1387,0.0496,52.308468,-2.104914,82.8,Vw14a
114.108,2.6951,-0.192,11.0875,-0.0339,0.0432,0.1015,52.308468,-2.104914,82.98,Vw14a
114.208,0.736,0.4555,9.7856,-0.0072,-0.2529,0.1129,52.308468,-2.104914,83.18999000000001,Vw14a
114.308,1.8501,-1.3233,10.3402,0.0167,-0.1747,0.1881,52.308468,-2.104914,83.35,Vw14a
114.408,0.2175,0.5014,10.6207,-0.0325,-0.1353,0.122,52.308468,-2.104914,83.54,Vw14a
114.508,-0.08185643564385606,0.2898475247524861,8.399236633663188,-0.050527722772277905,-0.03126633663368254,-0.05847029702970043,52.308468,-2.104914,83.74108910891087,Vw14a
114.608,3.0125,0.1746,10.3029,-0.0433,0.1721,-0.0855,52.308468,-2.104914,83.85,Vw14a
114.708,-0.8618,1.7543,10.4294,0.0635,0.2488,-0.2529,52.308468,-2.104914,83.98,Vw14a
114.808,0.4794,0.352,8.0662,0.3171,-0.0204,-0.0747,52.308468,-2.104914,84.25,Vw14a
114.908,0.6173,-0.421,8.9799,0.3423,0.0375,0.0211,52.308468,-2.104914,84.47,Vw14a
115.008,0.8566,1.3056,10.2939,0.1145,-0.0451,-0.1106,52.308468,-2.104914,84.58,Vw14a
115.108,0.6055,-0.2981,10.5343,-0.0299,0.0391,-0.1213,52.308468,-2.104914,84.78,Vw14a
115.208,1.1244297029702401,0.584707920792123,11.03672574257419,-0.20361485148514347,0.20591782178218063,0.059576237623755766,52.308468,-2.104914,84.97178217821782,Vw14a
115.308,-0.1026,1.5255,9.6093,-0.0951,0.2577,-0.0828,52.308468,-2.104914,85.15,Vw14a
115.408,2.4766,1.5228,11.9552,-0.0341,0.2833,-0.2266,52.308468,-2.104914,85.34,Vw14a
115.508,-1.9118,1.9064,10.0756,0.1165,0.2062,-0.2432,52.308468,-2.104914,85.53,Vw14a
115.608,-0.982277227722685,-0.9804366336632708,8.064433663366419,0.26673267326732497,-0.10423366336634445,0.04138712871287505,52.308468,-2.104914,85.64227722772279,Vw14a
115.708,0.84,1.0159,9.7878,0.23,-0.2676,0.1201,52.308468,-2.104914,85.87,Vw14a
115.808,-1.7651,-0.4925,7.9047,0.1457,-0.2335,-0.0449,52.308468,-2.104914,86.04,Vw14a
115.908,-0.2967,0.7158,10.2196,0.0898,-0.0716,-0.0357,52.308468,-2.104914,86.27,Vw14a
116.008,-2.0864,1.3158,9.3386,-0.1825,0.2305,-0.0784,52.308468,-2.104914,86.43,Vw14a
116.108,-1.9152,0.0008,8.3928,-0.2124,0.3228,-0.1638,52.308468,-2.104914,86.67,Vw14a
116.208,1.9089326732671956,-0.4667782178217867,11.170229702970094,-0.14816831683167744,0.23195346534653305,-0.1109881188118802,52.308468,-2.104914,86.83059405940594,Vw14a
116.308,-0.9178,-0.5646,6.7832,-0.025,0.1973,-0.0898,52.308468,-2.104914,86.89,Vw14a
116.408,1.9421,0.0187,10.6752,0.1973,-0.1185,0.0065,52.308468,-2.104914,87.04,Vw14a
116.508,1.6078,0.6402,11.5118,0.1699,-0.1899,0.0187,52.308468,-2.104914,87.15,Vw14a
116.608,0.8101,-0.2955,10.0185,0.1561,-0.2822,0.1341,52.308468,-2.104914,87.25999,Vw14a
116.708,1.6753,-0.4248,11.3825,-0.0404,-0.2852,0.2028,52.308468,-2.104914,87.22,Vw14a
116.808,-1.715,0.5062,10.1193,-0.0722,-0.0067,0.0397,52.308468,-2.104914,87.22,Vw14a
116.908,-1.4784,1.1179,8.937999999999999,-0.0148,0.1439,-0.0246,52.308468,-2.104914,87.29,Vw14a
117.008,-1.5166,0.8615,9.2118,-0.1023,0.3113,-0.0583,52.308468,-2.104914,87.46,Vw14a
117.108,-0.6639990099008926,-0.8767069306931042,9.50892475247529,-0.0045702970297009145,0.28205346534653347,-0.1868673267326688,52.308468,-2.104914,87.49049504950494,Vw14a
117.208,1.3761,-1.6074,10.4014,0.0384,0.2574,-0.0936,52.308468,-2.104914,87.54,Vw14a
117.308,-0.5941,1.0532,8.5332,0.0943,0.1618,-0.0068,52.308468,-2.104914,87.62,Vw14a
117.408,2.97639504950478,-1.0919485148513823,9.533100990098962,0.10390396039603914,-0.24879405940592098,0.07082376237623392,52.308468,-2.104914,87.71900990099009,Vw14a
117.508,0.5654,2.9698,11.1962,0.1359,-0.2583,0.1223,52.308468,-2.104914,87.75,Vw14a
117.608,0.7397564356435808,-1.0782198019805795,10.692041584158368,0.11560297029702779,-0.20265643564355912,0.09665643564356194,52.308468,-2.104914,87.75,Vw14a
117.708,0.513,-0.2432,10.1046,0.0627,-0.0144,0.0898,52.308468,-2.104914,87.87,Vw14a
117.808,-1.3094693069305237,0.9454158415840623,9.36818514851492,-0.04234455445544719,0.17206534653465905,-0.2082871287128717,52.308468,-2.104914,87.98019801980199,Vw14a
117.908,2.2336,-1.063,10.8067,-0.0768,0.2886,-0.217,52.308468,-2.104914,88.0,Vw14a
118.008,-1.8098,-0.0433,9.4997,-0.0447,0.2387,-0.0214,52.308468,-2.104914,88.2,Vw14a
118.108,-0.4636,0.0404,9.8227,-0.0552,0.0635,-0.002,52.308468,-2.104914,88.25,Vw14a
118.208,3.6725,-1.4231,10.0679,-0.0034,-0.0832,0.0674,52.308468,-2.104914,88.39,Vw14a
118.308,0.7272,0.2677,8.6964,0.0118,-0.3344,0.1689999999999999,52.308468,-2.104914,88.59,Vw14a
118.408,3.7593,-1.4431,10.3185,-0.0268,-0.4088,0.2609,52.308468,-2.104914,88.68,Vw14a
118.508,-0.21383600000021913,2.873150000000493,11.738591000000175,-0.13785499999999667,-0.3248370000000081,0.21879700000000848,52.308468,-2.104914,88.79239999999999,Vw14a
118.608,2.0863735294117043,-2.3022529411763424,9.903800980392239,-0.17304901960784336,-0.2354019607842948,0.12805686274509168,52.308468,-2.104914,89.03176470588237,Vw14a
118.708,0.803726470588296,0.40245294117634245,11.643899019607762,-0.17795098039215662,0.1644019607842948,-0.006256862745091685,52.308468,-2.104914,89.20823529411763,Vw14a
118.808,-1.9765,1.8004,9.7717,-0.099,0.2486,-0.1518,52.308468,-2.104914,89.31,Vw14a
118.908,0.0138,-0.9048,7.8103,-0.0185,0.1452,-0.1092,52.308468,-2.104914,89.46,Vw14a
119.008,-1.4247,0.4723,8.4065,0.1287,0.1082,-0.0671,52.308468,-2.104914,89.61,Vw14a
119.108,0.3452,-1.5318,8.5757,0.2358,-0.0121,-0.0007,52.308468,-2.104914,89.84,Vw14a
119.208,2.4284749999997377,-0.5018960000000787,12.162628999999763,0.27804299999999543,-0.24117099999999939,0.02083400000000204,52.308468,-2.104914,89.97160000000001,Vw14a
119.308,-3.0554554455443026,-2.1446247524751514,7.179075247524957,0.18177326732672536,-0.22625346534652438,0.06463366336634062,52.308468,-2.104914,90.13178217821783,Vw14a
119.408,2.209,-0.1371,11.4566,0.0291,-0.0116,0.148,52.308468,-2.104914,90.31,Vw14a
119.508,1.5721683168317138,0.5680485148514514,11.254817821782188,-0.24842475247523427,0.08790495049504475,-0.14744554455444134,52.308468,-2.104914,90.48821782178217,Vw14a
119.608,2.7946831683168267,-1.0503811881187353,11.664047524752489,-0.3101445544554386,0.22765148514852993,-0.185315841584158,52.308468,-2.104914,90.60138613861386,Vw14a
119.708,2.693,0.5515,11.9488,-0.1646,0.5428,-0.1769,52.308468,-2.104914,90.74,Vw14a
119.808,-2.980483168316562,4.017772277227507,8.903553465346656,-0.06476831683166961,0.4928386138613739,-0.28096138613861127,52.308468,-2.104914,90.88198009900991,Vw14a
119.908,2.6512,-0.495,11.4089,0.2184,0.2367,-0.2271,52.308468,-2.104914,91.07999,Vw14a
120.008,-2.8784,5.5105,10.0748,0.2053,0.0912,-0.0616,52.308468,-2.104914,91.31,Vw14a
120.108,3.9905,-4.4031,9.5728,0.1268,-0.2979,0.1795,52.308468,-2.104914,91.38,Vw14a
120.208,1.810369000000081,0.2152749999998531,11.071546999999992,0.16325699999999746,-0.4941210000000076,0.20886200000000593,52.308468,-2.104914,91.52120000000001,Vw14a
120.308,3.5059489999999323,-2.8471039999998125,10.907416000000046,0.1102870000000038,-0.6534249999999943,0.3341730000000018,52.308468,-2.104914,91.64200000000001,Vw14a
120.408,2.0658485148512504,1.0290435643566047,11.793694059405722,0.18554752475246256,-0.5352722772277141,0.3693712871287046,52.308468,-2.104914,91.84188118811882,Vw14a
120.508,-2.8393,4.5634,7.2031,-0.0797,-0.3525,0.1965,52.308468,-2.104914,92.03,Vw14a
120.608,0.7531,0.0439,12.5088,-0.2587,-0.0811,0.115,52.308468,-2.104914,92.00999,Vw14a
120.708,-4.0369,3.4356,7.4241,-0.4628,0.2528,-0.1746,52.308468,-2.104914,92.13,Vw14a
120.808,0.4632,-0.4165,8.3644,-0.414,0.4891,-0.1702,52.308468,-2.104914,92.25,Vw14a
120.908,-2.9463509999997335,2.3646949999997218,8.400949000000129,-0.15332099999999824,0.5113229999999996,-0.1637750000000027,52.30848585,-2.10489755,92.17190000000001,Vw14a
121.008,2.6689673267327936,-3.4848544554457486,11.10346732673272,-0.1149930693069383,0.5001564356435978,-0.21997227722772963,52.310253,-2.103269,92.36039603960396,Vw14a
121.108,1.3957,-1.3203,10.6002,-0.0343,0.1458,-0.1472,52.310253,-2.103269,92.4,Vw14a
121.208,-4.0531,4.7154,8.6932,-0.1351,0.0136,0.0432,52.310253,-2.103269,92.42,Vw14a
121.308,2.8537,-0.489,10.56,0.0871,-0.4894,0.2618,52.310253,-2.103269,92.39,Vw14a
121.408,-3.464,3.739,7.2937,0.2159,-0.46,0.2302,52.310253,-2.103269,92.2,Vw14a
121.508,1.570913000000569,-0.8887430000004386,10.563500000000321,0.35172800000002413,-0.6168840000000095,0.29639300000000945,52.310253,-2.103269,92.29050000000001,Vw14a
121.608,-4.387604999999761,3.6895999999997557,7.204097000000127,0.09690299999999906,-0.5143159999999904,0.19635699999999837,52.310253,-2.103269,92.3398999,Vw14a
121.708,0.5437297029704424,-1.344204950495163,9.834981188118892,0.0762841584158364,-0.3133445544554244,0.16076633663365578,52.310253,-2.103269,92.33008910891088,Vw14a
121.808,3.6767,-3.7847,11.5931,-0.0353,0.1422,-0.0026,52.310253,-2.103269,92.34,Vw14a
121.908,2.2205613861386837,-1.3038089108912079,10.641911881188165,-0.00817128712871417,0.3579425742574154,-0.19200594059405032,52.310253,-2.103269,92.33008910891088,Vw14a
122.008,2.7647559999999727,-4.058523999999864,11.157099999999975,-0.27906099999998674,0.5073129999999928,-0.42892599999998854,52.310253,-2.103269,92.3794999,Vw14a
122.108,-4.4532,5.1592,7.3322,-0.3705,0.7484,-0.428,52.310253,-2.103269,92.35,Vw14a
122.208,1.8879,0.8779,12.0606,-0.31,0.5761,-0.2718,52.310253,-2.103269,92.46,Vw14a
122.308,-4.2189,2.1812,7.737999999999999,-0.1267,0.5378,-0.2298,52.310253,-2.103269,92.54,Vw14a
122.408,0.8431,-2.4809,9.5094,0.0862,0.4016,-0.2923,52.310253,-2.103269,92.57,Vw14a
122.508,-2.8636,3.9097,9.0403,0.0597,0.2339999999999999,-0.2157,52.310253,-2.103269,92.55,Vw14a
122.608,1.6879,-2.6456,11.0314,0.0838,-0.0981,0.0476,52.310253,-2.103269,92.57,Vw14a
122.708,2.0088900990098857,-2.2255009900990297,10.613380198019822,0.068057425742575,-0.23730792079207258,0.1236396039603924,52.310253,-2.103269,92.61950495049506,Vw14a
122.808,2.556,-2.4504,12.0809,0.1251,-0.4041,0.207,52.310253,-2.103269,92.67,Vw14a
122.908,1.4273,-0.1847,10.2108,0.1688,-0.5326,0.3112,52.310253,-2.103269,92.65,Vw14a
123.008,-3.8392,3.7317,6.8039,0.2849,-0.6235,0.3935,52.310253,-2.103269,92.72,Vw14a
123.108,0.0146,1.5622,11.1583,0.1705,-0.478,0.3018,52.310253,-2.103269,92.75999,Vw14a
123.208,-1.403310891088892,4.550405940593696,9.305302970297083,-0.10594059405940288,-0.5988386138613743,0.28956732673267355,52.310253,-2.103269,92.78039603960396,Vw14a
123.308,3.2656,-3.269,10.4356,-0.04,-0.3427,0.2963,52.310253,-2.103269,92.82,Vw14a
123.408,-0.6345,1.3571,9.0808,-0.0329,-0.2719,0.1058,52.310253,-2.103269,92.85,Vw14a
123.508,3.5341,-3.2261,11.0545,-0.0073,-0.0927,0.0947,52.310253,-2.103269,92.86,Vw14a
123.608,-0.3261,4.0164,10.3793,-0.236,0.0476,-0.0938,52.310253,-2.103269,92.89,Vw14a
123.708,1.7014,-1.6346,10.8968,-0.2489,0.0836,-0.088,52.310253,-2.103269,92.92,Vw14a
123.808,-2.6994,2.9553,7.9462,-0.1856,0.2369,-0.1733,52.310253,-2.103269,92.95,Vw14a
123.908,2.2636,-2.4716,11.4919,-0.0859,0.3432,-0.1164,52.310253,-2.103269,93.06,Vw14a
124.008,1.8226,-1.8297,8.6651,-0.0333,0.5352,-0.2278,52.310253,-2.103269,93.18,Vw14a
124.108,2.374059405940463,-1.0429881188117462,13.264975247524573,-0.2855910891089065,0.2896217821782227,-0.24983168316831364,52.310253,-2.103269,93.19137613861386,Vw14a
124.208,-0.37,1.7782,9.5125,-0.1947,0.3918,-0.183,52.310253,-2.103269,93.32999,Vw14a
124.308,2.4313461538464143,-0.27612692307711395,10.986250000000137,-0.2595076923076983,0.3158384615384545,-0.195596153846155,52.310253,-2.103269,93.43575923076924,Vw14a
124.408,0.1254,2.2111,9.3752,0.012,0.2013,-0.0935,52.310253,-2.103269,93.55,Vw14a
124.508,-0.1073,0.5192,8.2798,0.1179,0.153,-0.0837,52.310253,-2.103269,93.64,Vw14a
124.608,1.5737,1.3397,10.1743,0.1065,0.0867,-0.2064,52.310253,-2.103269,93.74,Vw14a
124.708,0.1634,1.1113,10.7009,-0.037,0.2616,-0.0824,52.310253,-2.103269,93.84,Vw14a
124.808,-1.4173,3.0479,10.1379,-0.0823,0.2262,-0.1387,52.310253,-2.103269,93.92,Vw14a
124.908,1.6344,0.9875,10.3695,-0.068,0.2374,-0.0084,52.310253,-2.103269,94.04,Vw14a
125.008,-1.2163,0.4906,8.9985,-0.087,0.262,-0.0336,52.310253,-2.103269,94.15,Vw14a
125.108,-0.2593762376239469,3.998455445544493,11.590020792079073,-0.23704356435643728,0.19118712871286597,-0.050114851485147154,52.310253,-2.103269,94.25079198019802,Vw14a
125.208,-4.117,2.714,8.7721,-0.2714,0.0799,-0.0216,52.310253,-2.103269,94.32999,Vw14a
125.308,0.2528841584159678,1.3273999999997188,10.726200990099018,-0.0886207920792061,-0.19944356435644062,0.21564752475247595,52.310253,-2.103269,94.42118811881188,Vw14a
125.408,2.8913,-4.5526,10.8763,-0.0507,-0.3038,0.2304,52.310253,-2.103269,94.54,Vw14a
125.508,3.5265,-0.4444,10.619000000000002,-0.0708,-0.3788,0.1937,52.310253,-2.103269,94.61,Vw14a
125.608,0.9620564356433929,-1.8469049504948343,8.712561386138631,-0.03464653465346461,-0.37709603960396276,0.21379900990099346,52.310253,-2.103269,94.74069306930693,Vw14a
125.708,-2.6223,2.6526,9.0687,-0.0193,-0.4267,0.2837,52.310253,-2.103269,94.81,Vw14a
125.808,-0.0351,-3.0933,7.9913,-0.1016,-0.4362,0.2578,52.310253,-2.103269,94.84,Vw14a
125.908,-1.9774,2.2149,11.1092,0.1324,-0.2297,0.1265,52.310253,-2.103269,94.99,Vw14a
126.008,1.4805,-0.3301,10.5527,0.0736,-0.2084,0.0813,52.310253,-2.103269,95.07,Vw14a
126.108,-0.3837219999999266,3.2833789999996803,10.810661999999871,0.005861999999997884,-0.11021599999999766,0.0007290000000035224,52.310253,-2.103269,95.171,Vw14a
126.208,1.1127939999999714,-3.223125999999815,8.190365000000126,-0.0367749999999966,-0.06094199999999363,0.07189099999999528,52.310253,-2.103269,95.2707,Vw14a
126.308,0.5122128712871474,0.6509584158414222,10.802787128712692,0.03583465346535053,0.07492970297030387,-0.02895247524752921,52.310253,-2.103269,95.34,Vw14a
126.408,0.9035,-2.7332,7.0715,0.1193,0.2179,-0.1242,52.310253,-2.103269,95.34,Vw14a
126.508,1.2258811881189533,0.9894584158412121,10.941255445544492,0.3207346534653547,0.2940485148514743,-0.2976346534653462,52.310253,-2.103269,95.46128712871285,Vw14a
126.608,-0.276,4.9353,11.6068,0.2342,0.4089,-0.3011,52.310253,-2.103269,95.59,Vw14a
126.708,-1.4482,-0.0861,10.3582,0.1607,0.3689,-0.2273,52.310253,-2.103269,95.61,Vw14a
126.808,-2.053588118811659,2.5166999999997195,10.085525742574271,0.0773207920792085,0.35014653465345935,-0.15920495049504857,52.310253,-2.103269,95.67099009900991,Vw14a
126.908,2.5876,-3.3433,10.3481,0.0894,0.2248,-0.1397,52.310253,-2.103269,95.77,Vw14a
127.008,-0.8131,0.4081,8.3871,0.2276,0.1367,-0.1644,52.310253,-2.103269,95.97,Vw14a
127.108,2.0855,-0.3898,12.055,0.1562,0.0165,-0.0889,52.310253,-2.103269,95.99,Vw14a
127.208,-0.5842,2.1535,10.4096,0.2741,0.045,-0.0457,52.310253,-2.103269,96.07,Vw14a
127.308,1.2064,-0.4266,11.9463,0.1906,-0.0156,0.052,52.310253,-2.103269,96.24,Vw14a
127.408,-3.725046534653203,5.281247524752156,9.47857128712875,0.1567673267326645,-0.18006732673269032,0.15966732673268075,52.310253,-2.103269,96.24118811881188,Vw14a
127.508,1.7603,-1.394,10.2557,-0.0265,-0.5368,0.3164,52.310253,-2.103269,96.36,Vw14a
127.608,-2.1345,3.2814,10.3672,-0.051,-0.5524,0.2611,52.310253,-2.103269,96.53,Vw14a
127.708,1.7524306930691207,-0.5587980198017966,9.724229702970328,-0.05050495049504953,-0.35735049504951427,0.24110000000000095,52.310253,-2.103269,96.58940594059406,Vw14a
127.808,0.6335,-0.469,8.8833,-0.0594,-0.1829,0.192,52.310253,-2.103269,96.63,Vw14a
127.908,0.0237,-1.3768,10.0332,0.0238,-0.1088,0.0234,52.310253,-2.103269,96.73,Vw14a
128.008,1.0727,0.1905,10.0328,0.0409999999999999,0.0584,-0.0246,52.310253,-2.103269,96.85,Vw14a
128.108,0.1451,-0.688,9.5866,0.0205,0.1409,0.0078,52.310253,-2.103269,96.87,Vw14a
128.20800000000003,1.7088999999989862,-0.6404999999997039,9.645799999999532,-0.08570000000000795,0.10300000000002722,-0.17439999999999475,52.310253,-2.103269,96.96000000000002,Vw14a
128.30800000000002,-1.858399999999457,0.4011999999996967,7.999000000000568,-0.11369999999997593,0.19880000000001327,-0.1558999999999701,52.310253,-2.103269,97.04000000000005,Vw14a
128.40800000000002,0.02013861386132222,-0.6345287128711877,9.97486237623761,-0.03016930693069436,0.24421980198019427,-0.05173960396039623,52.310253,-2.103269,97.17108910891089,Vw14a
128.508,-1.3159999999999998,1.4426,9.6711,-0.0571,0.1662,-0.0557,52.310253,-2.103269,97.28,Vw14a
128.608,0.9498,0.5284,11.4758,-0.2002,0.0386,-0.0837,52.310253,-2.103269,97.29,Vw14a
128.70800000000003,-1.4101079999995414,0.40471100000060223,8.249930000000939,-0.18730999999998038,0.06454700000006475,-0.09044499999998154,52.310253,-2.103269,97.46090000000002,Vw14a
128.80800000000002,-0.04669207920798694,2.194667326732573,11.041285148514739,-0.12843960396038073,0.25682475247523173,-0.03667128712875176,52.310253,-2.103269,97.55079207920794,Vw14a
128.90800000000002,-0.2458999999995207,1.8913999999994404,10.699799999999954,-0.0824000000000332,0.20929999999997034,-0.15379999999998226,52.310253,-2.103269,97.63000000000001,Vw14a
129.008,1.4405,-0.0775,10.5399,-0.1992,0.1049,-0.0914,52.310253,-2.103269,97.7,Vw14a
129.108,-0.9636,-1.0388,7.6514,-0.3261,0.0661,0.0545,52.310253,-2.103269,97.99,Vw14a
129.20800000000003,-1.883857425741404,0.6776663366325067,10.535903960395801,-0.18959702970294032,-0.19590594059404298,0.09842673267327154,52.310253,-2.103269,98.04049504950497,Vw14a
129.30800000000002,1.6403999999992351,-2.805699999998989,9.816300000000236,-0.09930000000000103,-0.1465000000000134,0.11109999999998085,52.310253,-2.103269,98.09000000000005,Vw14a
129.40800000000002,-0.9777769999997757,0.6831719999998467,10.64453700000002,-0.10307100000000083,-0.19198599999999413,0.04438599999999993,52.310253,-2.103269,98.2407,Vw14a
129.508,3.540843564356066,-2.404043564356178,11.041237623762362,-0.11874752475246925,-0.06975643564355458,0.041405940594051775,52.310253,-2.103269,98.31158415841585,Vw14a
129.608,-4.1848,2.9816,10.745,0.0065,0.1346,-0.118,52.310253,-2.103269,98.47,Vw14a
129.70800000000003,-0.9686000000003493,2.216900000000555,8.691000000000829,0.026000000000120167,0.35300000000002263,-0.2557999999999998,52.310253,-2.103269,98.59000000000005,Vw14a
129.80800000000002,-2.1976999999991587,4.169699999999575,11.602700000000315,0.4487999999999861,0.43269999999996983,-0.2549999999999821,52.310253,-2.103269,98.74000000000004,Vw14a
129.90800000000002,0.7624999999997449,2.6747999999987675,12.706999999998702,0.399899999999882,0.3266999999999386,-0.19199999999997588,52.310253,-2.1032689999999996,98.88,Vw14a
130.008,-0.1347,-1.661,8.1411,-0.0151,0.1106,-0.1071,52.312218,-2.101562,98.9,Vw14a
130.108,0.5878,1.8211,10.9715,0.0207,0.0812,-0.0776,52.312218,-2.101562,99.09,Vw14a
130.20800000000003,0.2259859999997601,0.8367870000000129,9.632856000000102,0.037383000000006085,0.03348399999997619,-0.05989899999998334,52.312218,-2.101562,99.13100000000003,Vw14a
130.30800000000002,-0.4894227722772683,0.8580702970291375,9.924077227722396,0.05655148514854977,-0.03881881188123523,-0.008547524752417057,52.312218,-2.101562,99.22960386138612,Vw14a
130.40800000000002,-0.6117000000005016,-0.8448999999993025,8.791799999999798,0.16170000000000484,-0.18070000000004033,0.1667000000000106,52.312218,-2.101562,99.18999,Vw14a
130.508,-2.376650495049922,1.6089613861391934,8.076849504950324,0.17872970297030105,-0.3225811881188454,0.20402673267327615,52.312218,-2.101562,99.18999,Vw14a
130.608,1.5773,-1.9107,9.4937,0.0944,-0.4054,0.1968,52.312218,-2.101562,99.31,Vw14a
130.70800000000003,0.6007000000003204,-0.5437000000005009,10.710400000000025,0.022500000000011795,-0.38319999999999343,0.23920000000000258,52.312218,-2.101562,99.28000000000002,Vw14a
130.80800000000002,1.7279999999989935,-2.306199999999,10.79909999999968,0.06400000000000577,-0.36019999999998126,0.2482999999999908,52.312218,-2.101562,99.31000000000002,Vw14a
130.90800000000002,-1.8144999999995328,1.2132999999993308,9.671099999999702,0.08430000000001094,-0.2941999999999614,0.21599999999999286,52.312218,-2.101562,99.36000000000004,Vw14a
131.008,-0.1704,-1.141,8.6275,0.1228,-0.1583,0.1909,52.312218,-2.101562,99.5,Vw14a
131.108,-0.1352,1.0737,8.6163,0.1177,-0.1279,0.0882,52.312218,-2.101562,99.48,Vw14a
131.20800000000003,0.6414999999992297,2.4342999999994324,9.957699999999502,0.1460999999999966,0.12180000000002696,-0.12880000000002104,52.312218,-2.101562,99.55000000000001,Vw14a
131.30800000000002,-2.0408247524752214,0.46742178217854397,8.234073267327286,0.13386831683167216,0.21492772277225158,-0.20175148514850327,52.312218,-2.101562,99.6115841584159,Vw14a
131.40800000000002,-1.9632999999992367,1.4495999999992775,9.90139999999969,0.10070000000000599,0.1377000000000282,-0.16689999999997254,52.312218,-2.101562,99.77000000000002,Vw14a
131.508,0.7227,-1.0929,8.808,0.1218,0.2369,-0.0703,52.312218,-2.101562,99.85,Vw14a
131.608,2.2441,0.2922,11.1237,0.0742,0.0135,-0.1098,52.312218,-2.101562,99.88,Vw14a
131.70800000000003,-1.0322000000002511,-0.9188999999991877,8.663399999999914,0.05099999999997544,0.22759999999998462,-0.13839999999999145,52.312218,-2.101562,99.99000000000004,Vw14a
131.80800000000002,-1.9158999999992186,1.9391999999990595,8.365700000000329,-0.03539999999997354,0.17349999999996882,-0.10830000000000235,52.312218,-2.101562,100.12000000000003,Vw14a
131.90800000000002,0.8336999999996809,-1.3702999999998469,9.520300000000233,0.05769999999999989,0.06380000000000641,-0.11659999999998828,52.312218,-2.101562,100.20000000000002,Vw14a
132.008,-0.2888742574260078,-0.8310920792077934,10.339111881188312,0.05730396039603951,0.0863742574257479,-0.07541188118810907,52.312218,-2.101562,100.26930693069308,Vw14a
132.108,0.7909316831682414,0.6080287128712586,9.552847524752451,-0.03553366336633967,0.08623762376237737,-0.040958415841586354,52.312218,-2.101562,100.32069306930693,Vw14a
132.20800000000003,-0.7858999999993369,0.010900000000047635,9.047600000000836,-0.09890000000002686,0.11000000000000805,-0.08679999999999626,52.312218,-2.101562,100.39000000000004,Vw14a
132.30800000000002,1.5474000000001373,0.17849999999968483,11.993799999999293,-0.19340000000000865,0.13829999999999104,-0.07360000000000315,52.312218,-2.101562,100.53000000000006,Vw14a
132.40800000000002,2.0303999999996067,-0.9303999999993492,9.505300000000599,-0.2238999999999736,0.1068000000000249,-0.0847000000000359,52.312218,-2.101562,100.71000000000001,Vw14a
132.508,0.6462,1.3595,11.6094,-0.131,0.1944,-0.211,52.312218,-2.101562,100.78,Vw14a
132.608,-1.5059,1.6864,8.8553,-0.084,0.1841,-0.181,52.312218,-2.101562,100.71,Vw14a
132.70800000000003,-2.7095538461542934,1.5102461538460885,9.071934615384697,-0.07149999999999535,0.26294615384618314,-0.16503846153845558,52.312218,-2.101562,100.94076923076932,Vw14a
132.80800000000002,0.20930000000017526,0.006399999999205216,9.539900000000195,-0.04989999999999295,0.2593999999999636,-0.11410000000002768,52.312218,-2.101562,101.02000000000002,Vw14a
132.90800000000002,0.8259000000001744,-2.789999999999961,10.230300000000224,-0.025100000000003467,0.13120000000000617,-0.2114999999999786,52.312218,-2.101562,101.10000000000004,Vw14a
133.008,1.4396,-2.6528,11.0148,-0.0373,0.1529,-0.1362,52.312218,-2.101562,101.23,Vw14a
133.108,-1.3917584158414977,0.29043861386137343,9.108821782178229,-0.043685148514853805,0.06414554455445709,-0.01180396039603771,52.312218,-2.101562,101.32178217821783,Vw14a
133.20800000000003,0.4123999999992472,0.024299999999612666,9.360999999999953,-0.09219999999998113,0.09869999999997996,0.027799999999976437,52.312218,-2.101562,101.50000000000001,Vw14a
133.30800000000002,-2.2361999999991875,-1.3385000000001261,9.195300000000403,-0.02579999999996931,0.028200000000035023,-0.05509999999999839,52.312218,-2.101562,101.55000000000001,Vw14a
133.40800000000002,0.5787534653464612,-1.7838851485148801,10.574424752475133,0.08214554455446045,0.15068019801980428,-0.05118910891089917,52.312218,-2.101562,101.58069306930693,Vw14a
133.508,-0.9559,-2.3824,8.1769,0.1867,0.1987,-0.2201,52.312218,-2.101562,101.65,Vw14a
133.608,1.4124,-1.2503,9.2288,0.1163,0.1291,-0.176,52.312218,-2.101562,101.78,Vw14a
133.70800000000003,-1.1490999999989318,2.0960999999990233,8.64650000000065,-0.10080000000000383,-0.04470000000000199,0.0309000000000251,52.312218,-2.101562,101.82999999999997,Vw14a
133.80800000000002,2.6091999999990403,-1.3398000000001535,10.932599999999391,-0.11430000000001345,-0.05169999999998963,0.11919999999999159,52.312218,-2.101562,101.74000000000001,Vw14a
133.90800000000002,-0.7672999999994774,-1.879999999999765,8.791300000000538,-0.161600000000005,-0.015200000000004377,0.08959999999996973,52.312218,-2.101562,101.76999999999998,Vw14a
134.008,1.0713,-1.0532,10.6855,-0.1792,-0.0306,-0.0169,52.312218,-2.101562,101.73,Vw14a
134.108,-2.3384603960395016,0.4411019801980772,8.707962376237704,-0.12409900990098723,-0.023779207920795808,0.06599009900989808,52.312218,-2.101562,101.61069306930693,Vw14a
134.20800000000003,-0.19450000000038725,1.6412999999996454,10.414199999999475,-0.06400000000000765,-0.10169999999997467,0.005000000000014921,52.312218,-2.101562,101.67999999999999,Vw14a
134.30800000000002,-1.5569999999986537,0.3937999999994003,8.57250000000047,-0.09090000000000423,-0.012599999999991502,0.057499999999990566,52.312218,-2.101562,101.64000000000001,Vw14a
134.40800000000002,3.17959999999884,-1.7162000000000108,10.227799999999437,-0.10580000000001578,0.017300000000058578,0.024299999999939575,52.312218,-2.101562,101.67,Vw14a
134.508,-0.9027,-1.7545,8.2475,-0.1613,0.2234,-0.1883,52.312218,-2.101562,101.68,Vw14a
134.608,3.052,-2.2801,11.3009,-0.1877,0.3368,-0.1408,52.312218,-2.101562,101.77,Vw14a
134.70800000000003,-2.9597999999983946,-0.14000000000032503,10.557299999999824,-0.05369999999998115,0.38480000000003667,-0.14400000000004248,52.312218,-2.101562,101.84,Vw14a
134.80800000000002,2.688399999998064,-1.2835999999992775,9.940800000000005,0.012600000000004177,0.5138999999999955,-0.2935000000000268,52.312218,-2.101562,101.84000000000005,Vw14a
134.90800000000002,-4.124399999997788,1.2583999999993436,9.960899999999963,0.027300000000002902,0.4978999999999951,-0.38779999999995374,52.312218,-2.101562,101.97,Vw14a
135.008,3.6558,-1.0513,9.8284,0.0375,0.4808,-0.2252,52.312218,-2.101562,101.95,Vw14a
135.108,-0.9598,1.6011,10.209,0.0858,0.5299,-0.2855,52.312218,-2.101562,102.11,Vw14a
135.20800000000003,4.412899999997828,-1.4568999999990904,10.772899999999712,0.011799999999993606,0.434999999999961,-0.4036999999999697,52.312218,-2.101562,102.19000000000001,Vw14a
135.30800000000002,-3.2267999999992267,1.7439999999996947,9.759499999999957,-0.010700000000016627,0.29759999999996384,-0.29709999999992803,52.312218,-2.101562,102.23999999999998,Vw14a
135.40800000000002,-0.5065000000012609,0.6697999999999751,9.612099999999735,-0.06919999999997958,0.17039999999997102,-0.04389999999999796,52.312218,-2.101562,102.20000000000005,Vw14a
135.508,-4.855247524752267,0.5830900990099,8.726714851485324,0.000574257425736232,0.06524356435641529,-0.03486237623761449,52.312218,-2.101562,102.329900990099,Vw14a
135.608,-0.51,0.5621,12.4082,-0.132,-0.3604,0.1589,52.312218,-2.101562,102.32,Vw14a
135.70800000000003,2.7057831683161204,-0.4634762376230111,11.068237623762853,0.046094059405990206,-0.3424445544554138,0.15882079207918867,52.312218,-2.101562,102.25950495049504,Vw14a
135.80800000000002,0.5641000000006002,1.7988999999991302,12.501999999998866,0.1954999999999868,-0.24690000000002546,0.10090000000000707,52.312218,-2.101562,102.21,Vw14a
135.90800000000002,2.6120709999997933,-1.2075179999998866,8.54552999999999,0.14960800000000052,-0.33451399999999476,0.12585500000000172,52.312218,-2.101562,102.2195,Vw14a
136.008,-1.5964459999998954,1.09440499999989,8.366088000000028,0.16082500000000252,-0.227022,0.1606889999999985,52.312218,-2.101562,102.1695,Vw14a
136.108,0.5247772277226646,-1.1174841584156272,8.94547722772285,0.21056732673266257,-0.22862079207920513,0.12948613861385938,52.312218,-2.101562,102.11891089108912,Vw14a
136.20800000000003,-1.7274999999988738,3.3640999999992376,10.573199999999769,-0.012699999999990592,-0.170699999999995,0.08809999999998777,52.312218,-2.101562,102.01,Vw14a
136.30800000000002,2.2350999999987384,0.6814999999998992,9.763400000000475,0.02040000000002584,-0.15309999999994622,0.04510000000001435,52.312218,-2.101562,102.0,Vw14a
136.40800000000002,-2.2039999999988784,0.3266999999998582,11.431399999999185,0.11130000000001562,0.036200000000002105,0.09559999999994964,52.312218,-2.101562,102.00000000000003,Vw14a
136.508,1.743,-0.1721,8.562999999999999,0.1663,0.0436,-0.0816,52.312218,-2.101562,102.09,Vw14a
136.608,0.188,-0.6661,8.2148,0.3147,0.12,-0.1591,52.312218,-2.101562,102.14,Vw14a
136.70800000000003,0.23759999999952777,2.628499999999997,12.287200000000029,0.35670000000000646,0.0968000000000279,-0.15520000000001755,52.312218,-2.101562,102.06000000000003,Vw14a
136.80800000000002,-1.4238999999993895,2.6188999999991527,12.385099999999149,0.37940000000002116,0.1949999999999979,-0.2169000000000263,52.312218,-2.101562,102.14,Vw14a
136.90800000000002,0.7236999999997366,-0.3627999999996574,9.393800000000072,0.45379999999992543,0.18759999999997698,-0.30939999999995627,52.312218,-2.101562,102.15000000000002,Vw14a
137.008,-0.2031,0.8427,9.6457,0.1915,0.1066,-0.1555,52.312218,-2.101562,102.22,Vw14a
137.108,1.4482,0.4486,11.2191,0.1895,-0.0213,-0.0534,52.312218,-2.101562,102.21,Vw14a
137.20800000000003,0.21330000000005256,0.8129999999997728,9.9914,0.018200000000006624,0.024299999999955007,-0.045899999999995146,52.312218,-2.101562,102.25999999999998,Vw14a
137.30800000000002,0.3982999999998497,0.013799999999909362,9.991799999999683,0.041500000000028424,-0.1339999999999729,-0.028799999999981753,52.312218,-2.101562,102.15999999999998,Vw14a
137.40800000000002,-0.13040000000004492,-0.30510000000035686,8.879399999999844,0.1414999999999945,-0.038600000000018904,0.03539999999997417,52.312218,-2.101562,102.1,Vw14a
137.508,-0.2885,-1.5607,8.3289,0.1222,-0.1051,-0.0555,52.312218,-2.101562,102.11,Vw14a
137.608,-0.17361188118805954,2.4350980198019645,10.627454455445555,0.24658514851484614,0.16652772277227593,-0.16481386138613963,52.312218,-2.101562,101.95811881188118,Vw14a
137.70800000000003,1.0651999999997088,2.104899999999904,10.852900000000396,0.13510000000002534,0.1392999999999926,-0.18619999999994688,52.312218,-2.101562,101.76999999999995,Vw14a
137.80800000000002,0.0407000000002677,1.7654999999996572,12.248799999999333,0.22429999999995492,0.11319999999999747,0.0006999999999652687,52.312218,-2.101562,101.62,Vw14a
137.90800000000002,0.9825999999995847,0.5595999999991701,9.907499999999427,0.06569999999996634,0.10429999999998184,-0.12150000000000602,52.312218,-2.101562,101.59999999999994,Vw14a
138.008,-0.4787,-2.3603,7.8885,-0.0527,0.0404,-0.1427,52.312218,-2.101562,101.42,Vw14a
138.108,0.9431,-1.5607,9.3421,0.0023,0.1726,-0.0312,52.312218,-2.101562,101.23,Vw14a
138.20800000000003,-1.3819999999998422,0.4310999999999363,9.841100000000269,-0.013499999999973625,0.14959999999996662,-0.08240000000000822,52.312218,-2.101562,100.99999999999994,Vw14a
138.30800000000002,-0.8270999999999276,0.20700000000039534,10.78340000000014,0.07929999999997517,0.03209999999999288,-0.11129999999995328,52.312218,-2.101562,100.81999999999995,Vw14a
138.40800000000002,-0.573093069306922,1.5689623762375513,11.256255445544472,-0.007648514851487294,0.00627128712870795,0.05156930693069388,52.312218,-2.101562,100.64841584158415,Vw14a
138.508,-0.3924,0.0552,9.5618,-0.0525,-0.0966,0.0685,52.312218,-2.101562,100.49,Vw14a
138.608,0.6704019801979548,-1.9328762376236677,8.611213861386185,-0.12010297029702588,-0.13477821782178398,0.08203564356435422,52.312218,-2.101562,100.34633663366334,Vw14a
138.70800000000003,-0.6893999999999376,0.04949999999965102,9.572600000000403,-0.04039999999997491,-0.1725999999999615,0.03560000000000666,52.312218,-2.101562,99.97999999999998,Vw14a
138.80800000000002,-0.4759138613862653,-1.1498277227717368,10.96170693069254,0.047294059405950356,-0.03832574257425164,0.05805247524749993,52.312218,-2.101562,99.859900990099,Vw14a
138.90800000000002,-0.8573000000000078,0.47739999999973576,9.362400000000257,0.07669999999999065,-0.02089999999999957,-0.01670000000000591,52.312218,-2.1015619999999995,99.84999999999995,Vw14a
139.008,-0.8851,-0.4523,10.2663,0.0438,-0.0194,-0.0375,52.314243,-2.0999380000000003,99.7,Vw14a
139.108,-1.2439,-0.6148,8.695,-0.0319,0.0017,0.0415,52.314243,-2.0999380000000003,99.36,Vw14a
139.20800000000003,-0.3689999999998379,0.10410000000003623,11.144199999999648,-0.0712000000000191,0.061299999999987684,0.07009999999998125,52.314243,-2.0999380000000003,99.09999999999994,Vw14a
139.30800000000002,0.17453960395969342,0.23409108910903678,9.934105940594531,-0.13822277227724508,0.018716831683178836,0.005952475247563021,52.314243,-2.0999380000000003,98.91920792079206,Vw14a
139.40800000000002,-1.9414999999994924,0.6131999999995986,11.354699999999903,-0.1905000000000078,0.05039999999994401,0.12119999999998105,52.314243,-2.0999380000000003,98.83999999999996,Vw14a
139.508,-0.1557,-0.7989,11.0164,-0.2179,-0.1466,0.0545,52.314243,-2.0999380000000003,98.67,Vw14a
139.608,-0.327,-2.3049,7.5789,-0.2403,-0.1151,0.1173,52.314243,-2.0999380000000003,98.43999,Vw14a
139.70800000000003,1.55599999999964,0.5537999999994884,10.32699999999946,-0.0812999999999953,-0.15430000000000185,0.05640000000003271,52.314243,-2.0999380000000003,98.22999999999998,Vw14a
139.80800000000002,0.28869999999967316,-1.2460999999992002,8.429900000000613,-0.06480000000002914,-0.16080000000001257,0.17149999999997398,52.314243,-2.0999380000000003,98.14,Vw14a
139.90800000000002,-0.8521336633663478,1.541653465346545,10.562372277227702,-0.16736138613861895,-0.20582178217822367,0.0821316831683232,52.314243,-2.0999380000000003,98.14772277227722,Vw14a
140.008,-1.0855,1.757,10.1396,-0.2735,-0.3279999999999999,0.2153,52.314243,-2.0999380000000003,97.92,Vw14a
140.108,-0.8696,1.0074,9.9019,-0.0903,-0.3533,0.2479,52.314243,-2.0999380000000003,97.93,Vw14a
140.20800000000003,1.1816257425738432,-2.6548554455432583,9.407958415842005,-0.06663861386132765,-0.22590297029697998,0.23285148514843024,52.314243,-2.0999380000000003,97.819900990099,Vw14a
140.30800000000002,-0.06579999999955091,1.2495999999991754,10.673799999999456,0.10949999999998017,-0.07619999999997185,-0.02200000000000597,52.314243,-2.0999380000000003,97.80999999999999,Vw14a
140.40800000000002,1.4745257425741427,-1.5878821782176553,8.79711287128721,0.04027722772277169,0.022219801980199547,-0.04344257425742881,52.314243,-2.0999380000000003,97.75969306930693,Vw14a
140.508,-0.9229,1.8939,10.4984,0.0279999999999999,0.0542,-0.1077,52.314243,-2.0999380000000003,97.73,Vw14a
140.608,0.765,-0.6202,8.0693,0.1752,0.1222,-0.092,52.314243,-2.0999380000000003,97.74,Vw14a
140.70800000000003,-2.4152999999989926,1.413499999999005,11.230399999999706,0.23409999999997683,0.2690000000000021,-0.1831000000000261,52.314243,-2.0999380000000003,97.75,Vw14a
140.80800000000002,1.1282999999996104,-2.0868999999994333,10.199799999999687,0.15259999999994384,0.2768000000000139,-0.2748999999999558,52.314243,-2.0999380000000003,97.74000000000001,Vw14a
140.90800000000002,-0.24289999999985887,-0.09280000000040987,9.100400000000468,-0.04510000000000448,0.3258999999999598,-0.1194999999999948,52.314243,-2.0999380000000003,97.79,Vw14a
141.008,0.2396059405940159,-1.5138683168316514,10.703216831683056,-0.061849504950500546,0.18549999999999905,-0.10089108910890845,52.314243,-2.0999380000000003,97.81108910891089,Vw14a
141.108,-0.6698,-0.8507,8.3549,-0.1768,0.1655,-0.05,52.314243,-2.0999380000000003,97.92,Vw14a
141.20800000000003,-1.1247396039600885,-0.05772079207955063,9.481324752474581,-0.14329603960396692,-0.054973267326735104,0.05657722772279134,52.314243,-2.0999380000000003,97.94167326732678,Vw14a
141.30800000000002,-0.19870000000050494,-1.0897999999996582,7.473800000000766,-0.162899999999971,-0.06230000000005548,0.11430000000000713,52.314243,-2.0999380000000003,98.11000000000004,Vw14a
141.40800000000002,-1.9753999999993017,0.11369999999986954,10.17180000000024,-0.06089999999999108,-0.25750000000000456,0.13940000000000505,52.314243,-2.0999380000000003,98.27000000000002,Vw14a
141.508,0.4816,-0.3453,11.0236,-0.0295,-0.2736,0.1572,52.314243,-2.0999380000000003,98.37,Vw14a
141.608,-1.2694366336632534,1.3857603960394957,9.749898019802044,0.021207920792084507,-0.2941920792079126,0.29826435643563765,52.314243,-2.0999380000000003,98.49148514851485,Vw14a
141.70800000000003,1.0868999999997861,-0.878200000000442,11.099699999999464,0.13199999999999856,-0.12339999999994998,0.17469999999988986,52.314243,-2.0999380000000003,98.64000000000003,Vw14a
141.80800000000002,0.3342000000003491,-2.433099999999179,9.211000000000443,0.12689999999998905,0.052600000000035105,-0.212799999999991,52.314243,-2.0999380000000003,98.73000000000006,Vw14a
141.90800000000002,1.5625999999997668,0.4565999999997786,10.765799999999697,0.08829999999997676,0.1760999999999884,-0.1811999999999474,52.314243,-2.0999380000000003,98.93000000000004,Vw14a
142.008,0.7421,-0.3224,9.696,0.0065,0.1353,0.0039,52.314243,-2.0999380000000003,99.02,Vw14a
142.108,-0.3477,0.7716,9.7313,-0.0633,0.1117,-0.0245,52.314243,-2.0999380000000003,99.14,Vw14a
142.20800000000003,-0.7665999999998357,-0.4727999999997083,9.450000000000308,-0.03540000000001833,-0.07949999999995797,-0.05030000000000594,52.314243,-2.0999380000000003,99.25999000000006,Vw14a
142.30800000000002,-0.18889999999966114,0.5536000000001315,10.537700000000145,-0.09990000000001163,0.06839999999995124,-0.07119999999995626,52.314243,-2.0999380000000003,99.43999000000001,Vw14a
142.40800000000002,1.003400000000113,1.0162999999993314,11.051899999999437,-0.1407999999999866,-0.1032000000000231,0.08270000000001565,52.314243,-2.0999380000000003,99.47000000000003,Vw14a
142.508,1.4007,-1.3358,9.0734,-0.0936,-0.1845,0.1378,52.314243,-2.0999380000000003,99.55,Vw14a
142.608,0.6406,-0.0567,10.3794,-0.0476,-0.0347,0.0215,52.314243,-2.0999380000000003,99.50999,Vw14a
142.70800000000003,-0.6661000000000662,-0.5253999999995921,8.930700000000042,-0.0282999999999749,-0.0943999999999888,-0.06429999999995549,52.314243,-2.0999380000000003,99.59,Vw14a
142.80800000000002,-0.8987999999997796,0.909900000000171,9.079400000000382,0.06000000000000901,-0.05500000000000577,0.09230000000000453,52.314243,-2.0999380000000003,99.57999000000001,Vw14a
142.90800000000002,-0.12983861386138154,1.4881653465345706,10.391831683168228,0.09099603960395845,-0.0745297029702943,0.10772673267326555,52.314243,-2.0999380000000003,99.64970297029703,Vw14a
143.008,-0.0337,-0.2453,8.545,0.0506,-0.0175,0.0704,52.314243,-2.0999380000000003,99.62,Vw14a
143.108,0.682,1.388,11.0107,0.0582,0.033,0.0624,52.314243,-2.0999380000000003,99.61,Vw14a
143.20800000000003,0.287099999999782,0.33540000000047654,9.45710000000022,0.017900000000006366,0.1400999999999979,-0.01790000000002021,52.314243,-2.0999380000000003,99.56,Vw14a
143.30800000000002,-0.4800999999994954,2.0121999999998117,10.232200000000129,0.04029999999997539,0.1326999999999625,-0.08899999999998959,52.314243,-2.0999380000000003,99.54999999999994,Vw14a
143.40800000000002,1.295399999999531,1.3496999999997932,10.679299999999817,-0.046299999999996816,0.0007000000000037801,-0.05239999999996962,52.314243,-2.0999380000000003,99.35999999999999,Vw14a
143.508,-0.3555,0.6225,10.0383,-0.0351,0.0139999999999999,0.0545,52.314243,-2.0999380000000003,99.31,Vw14a
143.608,0.5964,2.1409,10.399,-0.073,0.0467,-0.0559999999999999,52.314243,-2.0999380000000003,99.15,Vw14a
143.70800000000003,-0.3842999999996726,0.7158000000002742,9.51980000000017,-0.13989999999995525,-0.011300000000001505,0.006000000000008697,52.314243,-2.0999380000000003,99.03999999999995,Vw14a
143.80800000000002,0.7674999999992885,1.6807999999996375,10.119899999999557,0.017499999999968145,-0.016600000000025778,0.03659999999999851,52.314243,-2.0999380000000003,98.85999999999996,Vw14a
143.90800000000002,-1.7357673267332645,0.40525544554425297,8.561880198019434,-0.09457920792081857,-0.10729306930695214,0.03135247524752351,52.314243,-2.0999380000000003,98.70158415841581,Vw14a
144.008,0.8819,-2.5378,8.1627,0.0472,-0.1494,0.1903,52.314243,-2.0999380000000003,98.56,Vw14a
144.108,-0.2165,1.8088,11.9094,-0.0813,-0.1668,0.1502,52.314243,-2.0999380000000003,98.37,Vw14a
144.20800000000003,0.6808257425740624,-0.5882554455439786,9.220819801980983,-0.2592603960395794,-0.11999504950493041,0.08657524752476825,52.314243,-2.0999380000000003,98.19811871287122,Vw14a
144.30800000000002,0.0934000000002783,1.1461999999995938,11.58279999999945,-0.18530000000002092,-0.05949999999999793,0.13409999999996705,52.314243,-2.0999380000000003,98.00998999999993,Vw14a
144.40800000000002,1.0453801980197186,-0.2537257425741824,9.673007920792118,-0.25727524752474806,-0.05406732673268172,0.02001386138614203,52.314243,-2.0999380000000003,97.74811881188118,Vw14a
144.508,-0.6966,1.3137,10.4938,-0.1648,-0.2308,0.0914,52.314243,-2.0999380000000003,97.56,Vw14a
144.608,0.2967,-1.7476,9.1601,-0.1394,-0.1228,0.2007,52.314243,-2.0999380000000003,97.42,Vw14a
144.70800000000003,-0.3138119999996147,-1.158741000000414,9.250375999999623,-0.05499500000001646,-0.19574699999997164,0.04155400000001177,52.314243,-2.0999380000000003,97.34749999999991,Vw14a
144.80800000000002,0.8248772277224893,-2.3840752475245424,8.138097029703262,-0.10160693069298984,-0.10891188118803952,0.0755594059405595,52.314243,-2.0999380000000003,97.09801980198013,Vw14a
144.90800000000002,-0.027399999999913428,-1.751599999999134,9.017800000000863,0.13770000000002794,0.12989999999998553,-0.028500000000018077,52.314243,-2.0999380000000003,96.89999999999995,Vw14a
145.008,0.2772,1.2955,12.054,0.236,0.079,-0.0921,52.314243,-2.0999380000000003,96.68999,Vw14a
145.108,0.6726,-2.5704,9.3964,0.2333,0.0532,-0.166,52.314243,-2.0999380000000003,96.52,Vw14a
145.20800000000003,0.1509000000002267,0.4998999999993584,11.437699999999442,0.1873999999999475,0.28569999999996304,-0.14719999999999825,52.314243,-2.0999380000000003,96.27999999999997,Vw14a
145.30800000000002,0.9484999999995652,-1.7575999999995777,9.47349999999978,0.0025999999999821227,0.15570000000000417,-0.14099999999998003,52.314243,-2.0999380000000003,96.18998999999997,Vw14a
145.40800000000002,-0.5811999999994585,-0.2713000000007777,8.697399999999575,-0.060300000000023855,0.17029999999995574,-0.0707999999999572,52.314243,-2.0999380000000003,96.10999999999993,Vw14a
145.508,1.2897584158415096,-2.93629702970276,7.245490099010034,-0.14340396039603961,0.015390099009897594,0.07862574257425897,52.314243,-2.0999380000000003,95.85752475247523,Vw14a
145.608,-0.2644,1.464,10.0145,-0.1438,-0.0556,0.1112,52.314243,-2.0999380000000003,95.61,Vw14a
145.70800000000003,-0.04678399999994294,0.5926810000003752,10.778159999999868,-0.06403900000000794,0.05382499999995428,-0.018074000000035714,52.314243,-2.0999380000000003,95.38939989999999,Vw14a
145.80800000000002,0.1289792079209873,1.6874297029695642,10.380733663366092,-0.08786336633663909,-0.08233366336633775,-0.12131188118801627,52.314243,-2.0999380000000003,95.32919801980195,Vw14a
145.90800000000002,0.7168999999997206,-0.5195999999993756,9.644100000000108,-0.104199999999994,-0.0857000000000187,0.18750000000001688,52.314243,-2.0999380000000003,95.24999999999994,Vw14a
146.008,-0.2658,1.6772,10.0265,-0.0831,-0.1515,0.2469,52.314243,-2.0999380000000003,95.04,Vw14a
146.108,-0.0527,2.7733,11.0672,-0.1062,-0.3126,0.0707,52.314243,-2.0999380000000003,94.81,Vw14a
146.20800000000003,-1.03120000000006,0.5968000000005573,10.240599999999983,-0.1132000000000366,-0.3513999999999504,0.12880000000002095,52.314243,-2.0999380000000003,94.63999999999996,Vw14a
146.30800000000002,-1.2236712871281377,2.48974752475087,10.164742574256861,-0.24000891089106616,-0.17790396039601317,0.2017643564356424,52.314243,-2.0999380000000003,94.48772267326724,Vw14a
146.40800000000002,0.5092000000002055,-2.3454999999990584,8.469000000000436,-0.17089999999996763,-0.09830000000002101,0.19819999999997145,52.314243,-2.0999380000000003,94.25998999999996,Vw14a
146.508,1.2087647058822766,0.9154499999999155,9.972871568627378,-0.057277450980387785,-0.1706411764705842,0.09898137254902047,52.314243,-2.0999380000000003,94.10882352941177,Vw14a
146.608,-0.40476470588227653,-0.8695499999999154,8.430028431372623,0.03497745098038779,-0.08475882352941584,0.11711862745097953,52.314243,-2.0999380000000003,93.99117647058823,Vw14a
146.70800000000003,-0.8932000000002884,1.8991999999995097,10.027299999999498,0.09840000000001746,-0.15399999999998484,-0.006599999999972841,52.314243,-2.0999380000000003,93.85999999999996,Vw14a
146.80800000000002,-1.8922752475245657,0.18667722772261544,8.281947524752736,0.15861386138611916,-0.1019455445544802,0.08753762376236088,52.314243,-2.0999380000000003,93.72960386138612,Vw14a
146.90800000000002,-1.3297999999991519,-0.28559999999981805,9.066700000000685,0.09999999999997036,-0.17649999999996052,0.041299999999991475,52.314243,-2.0999380000000003,93.68999,Vw14a
147.008,1.6543,0.3547,11.4723,-0.0043,-0.0376,0.0113,52.314243,-2.0999380000000003,93.71,Vw14a
147.108,-1.753,0.2258,9.2057,0.0027,0.1487,-0.1556,52.314243,-2.0999380000000003,93.65,Vw14a
147.20800000000003,1.8425999999998752,-0.8015999999998169,11.468699999999865,-0.09519999999999705,0.14370000000003583,-0.12120000000000133,52.314243,-2.0999380000000003,93.61999999999999,Vw14a
147.30800000000002,1.4036999999998665,-0.15739999999987384,10.993000000000121,-0.08480000000002012,0.26980000000003934,-0.1259000000000164,52.314243,-2.0999380000000003,93.55999999999999,Vw14a
147.40800000000002,0.9341000000000912,0.28650000000009823,11.419399999999564,-0.1556000000000312,0.4081999999999173,-0.1834999999999759,52.314243,-2.0999380000000003,93.52000000000002,Vw14a
147.508,1.2548,0.6323,9.8884,-0.2655,0.1171,-0.0987,52.314243,-2.0999380000000003,93.61,Vw14a
147.608,1.9247849999999285,0.042714000000021804,11.41875099999993,-0.17527899999999458,0.1881579999999998,-0.031367000000003704,52.314243,-2.0999380000000003,93.67,Vw14a
147.70800000000003,0.4246960396028512,0.49794554455473256,9.936562376237221,-0.06404851485147679,0.18135940594050637,-0.10536138613854949,52.314243,-2.0999380000000003,93.66940594059405,Vw14a
147.80800000000002,-2.9156999999991906,1.3324999999998903,8.722800000000476,-0.038899999999963616,-0.08270000000000176,0.08849999999999696,52.314243,-2.0999380000000003,93.61000000000003,Vw14a
147.90800000000002,-0.06770000000044447,0.9464999999998868,10.397699999999626,0.08910000000002327,-0.08890000000005412,0.0777999999999996,52.314243,-2.099938,93.70000000000005,Vw14a
148.008,-1.6315613861389835,0.5479851485147573,9.076709900989787,0.17098118811883123,-0.2792960396040054,0.07641386138613829,52.31619052475247,-2.0985211683168314,93.85841584158419,Vw14a
148.108,1.9654,-2.7681,10.2461,0.1663,-0.2072,0.1931,52.31621,-2.098507,93.93,Vw14a
148.20800000000003,-1.4108629999989213,0.8792759999982833,8.266228000000417,-0.181139999999998,-0.4503689999999724,0.2402130000000237,52.31621,-2.098507,93.94059010000001,Vw14a
148.30800000000002,1.775261386137779,-4.183457425740978,9.53883762376345,-0.17620693069310273,-0.3664584158415296,0.31022475247522846,52.31621,-2.098507,94.00128712871292,Vw14a
148.40800000000002,-0.7385999999996472,0.6207999999995709,12.772599999999189,-0.27690000000000564,-0.20229999999997994,0.25269999999996845,52.31621,-2.098507,94.13000000000004,Vw14a
148.508,0.5029,-0.889,9.9138,-0.2968,-0.1317,0.1417,52.31621,-2.098507,94.29,Vw14a
148.608,0.9023,0.6998,12.1046,-0.226,-0.0249,0.047,52.31621,-2.098507,94.39,Vw14a
148.70800000000003,0.7756000000002805,-2.1584999999998398,8.081400000000368,-0.2607999999999636,-0.11880000000000936,0.1060000000000553,52.31621,-2.098507,94.49000000000004,Vw14a
148.80800000000002,1.7627999999997777,-1.594899999999365,9.37390000000034,-0.13289999999995533,-0.15170000000001624,0.3005999999999792,52.31621,-2.098507,94.62000000000005,Vw14a
148.90800000000002,0.9713929999999169,0.6102269999999678,10.536062999999919,0.023889000000005746,-0.2089790000000033,0.22467499999998294,52.31621,-2.098507,94.7601901,Vw14a
149.008,-0.7137445544553577,-0.038156435643505786,8.920165346534802,0.14120396039603772,-0.2761148514851481,-0.1229168316831617,52.31621,-2.098507,94.78188118811882,Vw14a
149.108,1.1218,1.1862,12.0367,0.1016,-0.2676,0.0154,52.31621,-2.098507,94.97,Vw14a
149.20800000000003,-2.0888999999993785,1.14609999999968,7.81880000000066,-0.022799999999987323,-0.12699999999993578,0.23239999999997796,52.31621,-2.098507,95.14000000000006,Vw14a
149.30800000000002,0.09919999999976699,0.020700000000632497,10.140099999999585,0.021799999999922492,0.09900000000000746,0.15489999999988138,52.31621,-2.098507,95.32999000000001,Vw14a
149.40800000000002,-0.720599999999927,2.2460999999990667,8.67860000000024,-0.2509000000000018,0.1251999999999936,-0.26249999999994106,52.31621,-2.098507,95.38000000000001,Vw14a
149.508,-0.4634,-1.0379,9.5202,-0.2571,0.1026,-0.0551,52.31621,-2.098507,95.43999,Vw14a
149.608,0.6156,0.0657,11.088,-0.0753,0.1529,0.1358,52.31621,-2.098507,95.39,Vw14a
149.70800000000003,-0.7474999999990534,1.7388999999990251,9.322300000000293,-0.07719999999998192,-0.04250000000002879,0.028000000000007574,52.31621,-2.098507,95.41000000000003,Vw14a
149.80800000000002,2.5833999999991115,-1.6904999999995898,10.354299999999572,-0.013599999999995623,-0.14380000000004967,0.05500000000003004,52.31621,-2.098507,95.48999999999997,Vw14a
149.90800000000002,-0.5427000000002442,-0.24769999999972414,8.846300000000099,0.0018000000000021315,-0.3185000000000411,0.16070000000004508,52.31621,-2.098507,95.38999999999996,Vw14a
150.008,-1.402,0.7229,9.1979,0.0093,-0.4629999999999999,0.3193,52.31621,-2.098507,95.23,Vw14a
150.108,-1.1976,1.2395,8.9696,0.1423,-0.3836,0.2795,52.31621,-2.098507,95.24,Vw14a
150.20800000000003,-2.067299999998488,0.5423999999991733,8.43760000000057,0.010099999999948985,-0.2225999999999727,-0.024299999999995433,52.31621,-2.098507,95.26999999999998,Vw14a
150.30800000000002,3.1519306930677304,-2.2926584158401018,10.39985148514772,-0.16803366336635103,-0.12373069306917844,-0.008190099009894019,52.31621,-2.098507,95.23910891089105,Vw14a
150.40800000000002,-1.594999999998837,2.171499999999022,8.005000000000615,-0.21139999999999176,0.2632000000000566,0.01279999999993819,52.31621,-2.098507,95.15,Vw14a
150.508,2.4640178217822135,-1.2118237623761254,10.158462376237688,-0.18117029702969564,0.45974356435643204,-0.20335742574257837,52.31621,-2.098507,95.13910891089108,Vw14a
150.608,3.2058,1.1358,11.5047,-0.0282,0.3841,-0.2891,52.31621,-2.098507,95.05,Vw14a
150.70800000000003,1.8326574257428585,-1.1475396039600418,9.574526732673633,-0.0005138613861025479,0.26563267326725476,-0.18924653465341376,52.31621,-2.098507,95.15069306930695,Vw14a
150.80800000000002,2.6883999999991066,-0.08149999999942238,10.677199999999656,0.10810000000000515,0.04889999999994378,-0.03390000000002868,52.31621,-2.098507,95.22000000000003,Vw14a
150.90800000000002,-0.45479999999888937,1.950799999999609,9.471000000000336,0.12620000000000567,-0.14890000000004877,-0.13479999999990194,52.31621,-2.098507,95.34000000000002,Vw14a
151.008,3.4529,0.5754,10.6506,0.1461,-0.3205,0.2102,52.31621,-2.098507,95.38,Vw14a
151.108,-0.36,0.2399,9.7171,0.0207,-0.2692,-0.0357,52.31621,-2.098507,95.49,Vw14a
151.20800000000003,-1.7541999999997893,1.5154000000000472,9.423600000000317,-0.04710000000000313,-0.1094999999999337,-0.017099999999995723,52.31621,-2.098507,95.54,Vw14a
151.30800000000002,-1.0340970297034284,1.6665386138609724,10.514040594059027,-0.058600000000019824,0.1226366336634074,-0.0029089108911126487,52.31621,-2.098507,95.55960396039603,Vw14a
151.40800000000002,-2.413799999998664,0.42039999999928934,9.378100000000108,-0.11860000000002012,0.24629999999999472,-0.07380000000004161,52.31621,-2.098507,95.52,Vw14a
151.508,2.2873,-2.08,9.7569,-0.1894,0.2277,-0.2202,52.31621,-2.098507,95.53,Vw14a
151.608,-2.3673,-0.0798,8.701,-0.2158,0.2843,-0.1487,52.31621,-2.098507,95.57,Vw14a
151.70800000000003,1.7856000000003012,1.1792000000003566,10.811300000000308,-0.08899999999995518,0.027599999999975252,-0.021600000000031323,52.31621,-2.098507,95.57999000000002,Vw14a
151.80800000000002,2.8050574257415963,2.4039504950489357,11.843649504948973,0.06721584158416227,-0.060660396039672375,-0.12842673267319185,52.31621,-2.098507,95.69028712871288,Vw14a
151.90800000000002,-0.13919999999896976,0.6889999999991808,7.258600000000647,0.07880000000002942,-0.2667000000000574,0.09890000000001169,52.31621,-2.098507,95.72,Vw14a
152.008,3.4856,-2.1935,9.5328,0.1823,-0.4687,0.14,52.31621,-2.098507,95.73,Vw14a
152.108,4.2026,-3.551,10.2661,0.157,-0.4061,0.2733,52.31621,-2.098507,95.67,Vw14a
152.20800000000003,3.4221999999987216,-2.0926999999991645,10.406099999999546,0.03450000000000495,-0.149099999999863,0.09879999999994205,52.31621,-2.098507,95.60999999999999,Vw14a
152.30800000000002,-1.0769000000005855,0.8467000000002821,8.80499999999962,0.05189999999993972,0.3329000000000128,-0.10510000000003965,52.31621,-2.098507,95.57999,Vw14a
152.40800000000002,-3.1373999999994764,1.839299999999929,7.467200000000657,-0.16020000000000606,0.37800000000001743,-0.24459999999999543,52.31621,-2.098507,95.55999999999999,Vw14a
152.508,-1.313073999999996,1.6042380000000547,9.738403999999912,-0.18035999999999544,0.4382279999999958,-0.22631099999998894,52.31621,-2.098507,95.48779999999998,Vw14a
152.608,-1.1969396039602318,2.699521782178088,7.953400990099136,-0.08491584158414701,0.34937920792078003,-0.0015079207920878565,52.31621,-2.098507,95.26940594059405,Vw14a
152.70800000000003,2.2390999999989956,-0.01829999999969731,10.583499999999093,0.153499999999993,0.09729999999991511,-0.18230000000000604,52.31621,-2.098507,95.20999999999995,Vw14a
152.80800000000002,-1.2957999999997258,1.0467000000000435,7.387400000000166,0.12890000000007254,-0.20139999999999053,-0.20359999999986164,52.31621,-2.098507,95.06999999999995,Vw14a
152.90800000000002,-0.33099999999913166,1.1998999999997897,7.967400000001108,0.3841999999999993,-0.1681000000000033,0.28319999999993384,52.31621,-2.098507,94.91999999999994,Vw14a
153.008,2.7242,0.4599,11.8674,0.3819,-0.1797,0.0504,52.31621,-2.098507,94.73,Vw14a
153.108,-2.768504950494799,2.059260396039476,10.260123762376338,0.36833366336633205,0.24835544554456476,-0.21308118811881704,52.31621,-2.098507,94.61881188118812,Vw14a
153.20800000000003,2.4710000000003474,-0.6147000000008364,12.352499999999269,0.27169999999989725,0.4639000000000864,-0.32120000000004084,52.31621,-2.098507,94.49999999999993,Vw14a
153.30800000000002,3.69239999999976,-3.5570999999995188,9.780900000000308,-0.08989999999999124,0.7679999999999841,-0.4649999999999878,52.31621,-2.098507,94.22999999999995,Vw14a
153.40800000000002,2.847449504950295,-1.8640306930689066,10.861494059406196,-0.05910792079207193,0.7120594059405808,-0.422128712871277,52.31621,-2.098507,94.05178217821778,Vw14a
153.508,3.1942,-2.2451,10.9706,0.0431,0.2965,-0.1894,52.31621,-2.098507,93.91,Vw14a
153.60800000000003,-3.562340594057176,3.794039603958996,9.480400000000694,0.07864059405945378,0.1381584158414599,-0.05381782178213232,52.31621,-2.098507,93.9786138613861,Vw14a
153.70800000000003,3.153599999998396,-0.4219999999997918,11.570399999999255,0.22269999999999895,-0.23600000000001986,0.08440000000000969,52.31621,-2.098507,93.83999999999999,Vw14a
153.80800000000002,-2.4896999999996754,0.31050000000027006,8.954399999999987,0.2189999999999626,-0.3058999999999709,0.11849999999999918,52.31621,-2.098507,93.76999999999995,Vw14a
153.90800000000002,-1.3477999999996806,1.2606999999999553,8.911599999999975,0.08780000000001766,-0.20359999999997005,0.11559999999998898,52.31621,-2.098507,93.59999999999998,Vw14a
154.008,-0.24963861386145714,1.0938267326732138,8.819173267326697,0.1467970297029583,-0.0972950495049409,0.07564554455444801,52.31621,-2.098507,93.52950495049505,Vw14a
154.10800000000003,-1.733499999999355,-0.023500000000064858,8.076500000000836,-0.10349999999999579,0.10320000000000369,-0.07979999999998673,52.31621,-2.098507,93.48,Vw14a
154.20800000000003,0.5363999999997462,-0.25169999999950754,11.0226999999998,-0.08869999999998504,0.11620000000000913,-0.03310000000000666,52.31621,-2.098507,93.45999999999997,Vw14a
154.30800000000002,-0.34874400000004097,1.4677820000001378,10.311456999999503,-0.03583299999997471,0.14603599999993525,-0.05676500000001533,52.31621,-2.098507,93.35909999999997,Vw14a
154.40800000000002,-0.45657699999992596,1.8740149999999622,8.839457000000085,0.04118400000000524,-0.04912600000000351,-0.10106899999999164,52.31621,-2.098507,93.2691,Vw14a
154.508,1.0244821782176499,1.1169237623763026,10.521291089108784,0.14840792079207876,-0.12390396039605349,0.07177722772277935,52.31621,-2.098507,93.17990099009901,Vw14a
154.60800000000003,-2.5672999999988533,2.4792999999994234,7.860400000000542,0.13920000000001354,-0.41429999999998685,0.21949999999998954,52.31621,-2.098507,93.16999999999999,Vw14a
154.70800000000003,1.4666999999988024,0.45160000000031664,9.76559999999979,0.18689999999995677,-0.36809999999993387,0.18269999999996936,52.31621,-2.098507,93.10999999999999,Vw14a
154.80800000000002,-2.746299999999159,1.5656999999995924,9.026200000000234,0.03479999999997726,-0.1353999999999585,0.07489999999997976,52.31621,-2.098507,93.03999999999998,Vw14a
154.90800000000002,0.21280000000090907,0.13099999999951703,9.850800000000289,-0.045200000000027114,0.010600000000095923,0.0036999999999708395,52.31621,-2.098507,92.96,Vw14a
155.008,3.4113,-1.5683,10.8701,-0.1406,0.3481,-0.0989,52.31621,-2.098507,92.96,Vw14a
155.10800000000003,-1.0864469999985218,0.6604829999991282,8.466999000000714,-0.0739319999999678,0.4590469999999417,-0.16793500000004438,52.31621,-2.098507,92.91029990000001,Vw14a
155.20800000000003,3.288176999999128,-1.916778999999394,10.58518399999966,0.020747999999961693,0.2839249999999476,-0.2980459999999317,52.31621,-2.098507,92.94009009999999,Vw14a
155.30800000000002,0.7068540000004865,-0.12753300000048243,9.579439000000185,-0.09247099999997266,0.12613899999993863,-0.09276099999993608,52.31621,-2.098507,92.95090000000003,Vw14a
155.40800000000002,2.1440435643563234,-1.5683742574257051,10.125431683168259,-0.010148514851483945,-0.059446534653471786,0.09954455445544719,52.31621,-2.098507,93.03970287128713,Vw14a
155.508,-0.2016,-0.7858,8.8986,0.015,-0.1941,0.134,52.31621,-2.098507,93.00999,Vw14a
155.60800000000003,-2.501899999999173,0.718699999999589,9.264800000000436,0.00929999999999767,-0.33969999999999234,0.1567000000000036,52.31621,-2.098507,93.16000000000004,Vw14a
155.70800000000003,0.4073999999997692,-0.7274999999994396,10.801199999999243,0.001099999999996419,-0.31279999999993063,0.1692999999999976,52.31621,-2.098507,93.29000000000002,Vw14a
155.80800000000002,-0.40459999999964186,1.2444999999997512,8.13860000000055,-0.011500000000001023,-0.06869999999998633,0.16079999999997494,52.31621,-2.098507,93.35000000000001,Vw14a
155.90800000000002,0.8554999999997763,0.36939999999986084,10.071199999999568,-0.015100000000031633,-0.020599999999981838,0.07259999999997578,52.31621,-2.098507,93.40000000000003,Vw14a
156.008,0.0683,-0.1203,8.5503,-0.1264,0.0433,-0.0126,52.31621,-2.098507,93.48,Vw14a
156.10800000000003,-0.5460999999997862,0.2570999999997598,8.857800000000626,-0.19229999999995906,0.07539999999996409,0.06619999999998752,52.31621,-2.098507,93.61000000000003,Vw14a
156.20800000000003,0.20629999999974308,-0.5880000000002261,11.061799999999097,-0.048299999999969166,-0.050900000000010825,0.022299999999980134,52.31621,-2.098507,93.70000000000003,Vw14a
156.30800000000002,-0.6932742574258944,-1.3507376237615507,7.9547366336645196,0.06107425742580813,-0.08917326732675171,-0.04696237623762583,52.31621,-2.098507,93.78930693069306,Vw14a
156.40800000000002,-1.150699999999162,1.1354999999996842,11.428400000000105,0.2585000000000002,-0.14649999999999047,-0.0531999999999859,52.31621,-2.098507,93.71999999999997,Vw14a
156.508,1.7977158415848553,0.02421287128686611,11.798201980198106,0.2589950495049506,-0.11303465346533861,-0.003596039603948671,52.31621,-2.098507,93.60118811881185,Vw14a
156.60800000000003,-1.6932999999991898,1.3160999999990417,9.409300000000488,0.017799999999968452,0.06040000000001618,-0.007500000000036408,52.31621,-2.098507,93.67999999999996,Vw14a
156.70800000000003,1.1573000000002054,-2.0554999999996886,11.128499999999793,-0.09319999999999089,0.1173000000001279,-0.1355999999999873,52.31621,-2.098507,93.54999999999997,Vw14a
156.80800000000002,1.8801999999998602,-0.959700000000002,10.394900000000096,-0.06109999999999827,0.5672999999999178,-0.0909000000000536,52.31621,-2.098507,93.46999999999994,Vw14a
156.90800000000002,1.3880999999996715,-0.9667000000002661,10.731599999999517,-0.055000000000013045,0.27799999999990277,-0.27949999999991526,52.31621,-2.0985069999999997,93.27000000000002,Vw14a
157.008,0.2327,-1.903,9.0331,-0.1009,-0.0641,0.0187,52.318127,-2.097114,93.39,Vw14a
157.10800000000003,-2.051799999999244,2.255799999999323,10.983799999999572,-0.15210000000001156,-0.13950000000003254,0.2546999999999946,52.318127,-2.097114,93.22999999999996,Vw14a
157.20800000000003,0.5620019801973524,-0.09149603960364149,9.5000534653467,-0.1915544554455198,-0.25275940594059276,0.23516138613858933,52.318127,-2.097114,93.07919801980195,Vw14a
157.30800000000002,-1.4477999999993831,0.8688999999994188,9.995399999999746,-0.11699999999999282,-0.24869999999999085,0.16129999999997943,52.318127,-2.097114,93.0,Vw14a
157.40800000000002,0.7225000000002059,-1.175999999999444,9.103400000000493,-0.09209999999998929,-0.2164999999999912,0.0888999999999982,52.318127,-2.097114,92.97999999999999,Vw14a
157.508,1.426565346534592,0.7500871287128215,10.802589108910816,-0.05587029702970809,-0.18408910891088243,0.08280000000000097,52.318127,-2.097114,92.94891089108911,Vw14a
157.60800000000003,0.1431000000000616,-0.2911999999995509,9.211500000000571,-0.16289999999997468,-0.0030000000000318322,0.10279999999998639,52.318127,-2.097114,92.84000000000006,Vw14a
157.70800000000003,0.35980000000018875,1.2889999999995385,11.222699999999884,-0.07379999999997894,-0.11499999999999404,0.05490000000000415,52.318127,-2.097114,93.03,Vw14a
157.80800000000002,1.023899999999678,-0.3344999999992831,10.81639999999957,0.00029999999998729546,-0.09400000000003098,0.0695000000000102,52.318127,-2.097114,93.00999,Vw14a
157.90800000000002,-0.10859999999940118,2.187899999999281,9.30179999999991,-0.044400000000008585,-0.2030000000000091,0.10539999999998433,52.318127,-2.097114,93.01999999999998,Vw14a
158.008,1.9983306930698048,-0.3412089108916869,8.982790099009826,-0.07459801980198733,-0.23498019801980954,0.050251485148501814,52.318127,-2.097114,92.95069306930692,Vw14a
158.10800000000003,-0.9985729999998694,1.7265219999995551,9.101168000000103,-0.051455999999995214,-0.22328699999994636,0.15783499999997455,52.318127,-2.097114,92.83169010000005,Vw14a
158.20800000000003,-0.6061819999998797,0.408896000000226,9.412893000000265,-0.036887999999989624,-0.06277099999997243,0.08092799999996103,52.318127,-2.097114,92.99929999999998,Vw14a
158.30800000000002,-0.24883663366339412,1.0763485148513074,10.189930693068833,-0.006678217821804699,0.020387128712907387,-0.03560792079209607,52.318127,-2.097114,92.92871287128709,Vw14a
158.40800000000002,-0.3324999999995929,0.5411999999994253,8.763000000000236,-0.07449999999997496,0.1291000000000252,-0.08639999999999404,52.318127,-2.097114,92.79999999999997,Vw14a
158.508,1.1,-1.481,9.5943,0.0136,0.2178,-0.0654,52.318127,-2.097114,92.71,Vw14a
158.60800000000003,-0.21469999999972433,1.0922999999998315,8.147400000000328,0.024100000000028477,0.14379999999993648,-0.11839999999995672,52.318127,-2.097114,92.63999999999997,Vw14a
158.70800000000003,0.755200000000348,0.49949999999986466,9.305300000000516,0.12430000000000835,-0.07970000000001903,0.033900000000016424,52.318127,-2.097114,92.52999999999999,Vw14a
158.80800000000002,1.9796999999990483,0.023400000000790268,11.117999999999668,0.153699999999946,-0.14670000000006617,0.09170000000003588,52.318127,-2.097114,92.47,Vw14a
158.90800000000002,-1.3684999999990843,2.8038999999986984,9.94969999999982,-0.03629999999994352,-0.379499999999928,0.2178999999999852,52.318127,-2.097114,92.44999999999999,Vw14a
159.008,1.8536,-1.7764,9.3215,0.1624,-0.1261,0.1658,52.318127,-2.097114,92.41,Vw14a
159.10800000000003,-1.1640683168314563,-1.3356851485139745,9.777599009901133,0.052466336633658926,0.13737821782179463,-0.30028712871282437,52.318127,-2.097114,92.38970297029702,Vw14a
159.20800000000003,-0.4809000000000581,1.3057999999998617,10.20749999999994,0.0390999999999998,0.17520000000003594,-0.15899999999996606,52.318127,-2.097114,92.36000000000003,Vw14a
159.30800000000002,-0.6854000000001889,0.8190000000007045,9.992700000000125,0.038400000000023846,0.3017000000000255,-0.03960000000004212,52.318127,-2.097114,92.47000000000004,Vw14a
159.40800000000002,-1.3497999999987251,3.297399999998534,10.436399999999532,0.12230000000000293,0.39129999999998183,-0.18780000000002686,52.318127,-2.097114,92.62000000000003,Vw14a
159.508,3.1363,-1.8598,8.7878,0.1326,0.3274,-0.2823,52.318127,-2.097114,92.7,Vw14a
159.60800000000003,0.38384752475353273,1.6186465346525802,9.712088118812227,0.07339009900995047,0.27939306930691055,-0.18369108910889068,52.318127,-2.097114,92.63089108910894,Vw14a
159.70800000000003,3.5685999999987694,-1.0466999999989888,10.750899999999973,0.22239999999998875,0.21869999999993,-0.12280000000001658,52.318127,-2.097114,92.72000000000004,Vw14a
159.80800000000002,-0.6792792079195297,2.4450267326722455,10.66789009901015,0.1838613861386358,-0.026706930693122667,-0.17750891089098977,52.318127,-2.097114,92.86138613861391,Vw14a
159.90800000000002,3.1227999999988043,-0.6322999999988881,11.416899999999783,0.250000000000004,-0.18740000000001333,0.12160000000001486,52.318127,-2.097114,93.00000000000003,Vw14a
160.008,-1.083,3.2798,10.6516,0.2641,-0.2343,0.1739,52.318127,-2.097114,93.1,Vw14a
160.10800000000003,-1.7944999999995244,-1.5053999999987615,7.180300000000909,0.18329999999998747,-0.33679999999999305,0.14169999999999364,52.318127,-2.097114,93.08999999999999,Vw14a
160.20800000000003,-0.12140000000017657,2.852699999999213,10.379499999999087,0.13929999999991743,-0.3123999999999679,0.11930000000000375,52.318127,-2.097114,93.04999999999998,Vw14a
160.30800000000002,-0.7426999999989604,0.08319999999965476,7.168500000001018,-0.15120000000001338,-0.19949999999998594,0.13249999999999362,52.318127,-2.097114,93.02000000000001,Vw14a
160.40800000000002,2.9151999999991163,-1.131499999999855,10.749699999999011,-0.19830000000004536,-0.14999999999994665,0.10999999999998528,52.318127,-2.097114,93.06999999999996,Vw14a
160.508,-0.14371599999990392,-0.6238079999999866,7.342551000000175,-0.35567499999999697,0.03639000000000285,0.05810799999999714,52.318127,-2.097114,92.95879999999998,Vw14a
160.60800000000003,1.8026439999992632,-0.33708399999965694,10.947866000000218,-0.29331299999998384,0.09578300000003269,-0.0005430000000014299,52.318127,-2.097114,92.83829999999995,Vw14a
160.70800000000003,-0.35429900989977803,0.6680297029697602,11.594258415841463,-0.2438801980197615,0.19464257425747697,-0.006111881188162373,52.318127,-2.097114,92.66930693069305,Vw14a
160.80800000000002,3.2957999999989815,-0.9489999999992647,11.230100000000109,-0.12189999999995468,0.34889999999997134,-0.13730000000002718,52.318127,-2.097114,92.59999999999997,Vw14a
160.90800000000002,-0.2869000000004049,1.6379999999998551,11.60929999999935,0.03750000000004636,0.24809999999993435,-0.2328999999999378,52.318127,-2.097114,92.48999999999997,Vw14a
161.008,-1.7115,1.1289,9.3217,0.2006,0.0171,-0.0141,52.318127,-2.097114,92.38,Vw14a
161.10800000000003,-0.5407999999996264,1.4543999999995538,10.255499999999698,0.18169999999998365,-0.0230000000000685,0.025300000000017427,52.318127,-2.097114,92.14999999999998,Vw14a
161.20800000000003,0.7815831683175285,-0.12107029703041923,9.21699009901028,0.12375247524748996,-0.2627346534653842,0.08700198019805307,52.318127,-2.097114,92.05841584158411,Vw14a
161.30800000000002,2.8798999999989396,-2.2780999999989207,10.355999999999831,0.01900000000000324,-0.3762000000000233,0.1872000000000383,52.318127,-2.097114,91.89999999999998,Vw14a
161.40800000000002,-0.8514000000000531,1.5185999999998874,9.759299999999778,0.030399999999996447,-0.4582999999999937,0.3219999999999824,52.318127,-2.097114,91.77999999999997,Vw14a
161.508,-1.0382,1.1224,8.9785,0.0179,-0.4362,0.26,52.318127,-2.097114,91.7,Vw14a
161.60800000000003,-2.086399999998466,1.1867999999985828,8.631500000000159,0.07619999999993321,-0.42380000000004936,0.16140000000000593,52.318127,-2.097114,91.50998999999997,Vw14a
161.70800000000003,3.310799999999507,-3.7995999999985703,9.187600000000808,-0.15880000000003813,-0.5974999999999244,0.1823000000000139,52.318127,-2.097114,91.38999999999999,Vw14a
161.80800000000002,1.5763000000010141,1.2306999999982753,12.033799999999255,-0.292999999999996,-0.3314999999999573,0.23119999999998184,52.318127,-2.097114,91.31999999999996,Vw14a
161.90800000000002,5.046931683168022,-4.698758415841211,9.453323762376309,-0.2778980198019748,-0.1807118811881098,0.16645247524751736,52.318127,-2.097114,91.21980198019801,Vw14a
162.008,-1.0999,3.0954,10.9557,-0.1677,0.0081,0.0117,52.318127,-2.097114,91.2,Vw14a
162.10800000000003,-2.229099999999905,0.8743000000011232,8.948700000000322,-0.12090000000001619,0.1701000000000436,0.04029999999992097,52.318127,-2.097114,91.17000000000002,Vw14a
162.20800000000003,-1.8820891089103593,4.712885148512401,10.02437821782033,-0.17892277227728162,0.32177821782177485,-0.2355356435643742,52.318127,-2.097114,91.21009900990099,Vw14a
162.30800000000002,-0.28099999999866937,-2.6685999999997363,5.652200000001663,-0.3411999999999578,0.29960000000004905,-0.289099999999985,52.318127,-2.097114,91.22,Vw14a
162.40800000000002,4.400899999998964,-1.7405999999999784,11.504699999999136,-0.1926999999999539,0.4722000000000398,-0.23609999999998482,52.318127,-2.097114,91.20000000000002,Vw14a
162.508,0.7574,-1.6648,8.4658,-0.0305,0.6123,-0.1827,52.318127,-2.097114,91.25,Vw14a
162.60800000000003,3.6720999999981143,-1.2385999999983894,11.467999999999128,-0.024500000000012564,0.5330999999999797,-0.3808000000000139,52.318127,-2.097114,91.40000000000003,Vw14a
162.70800000000003,-2.962399999998767,4.427999999998892,8.397500000001099,-0.06869999999993168,0.4615999999999753,-0.4295999999999331,52.318127,-2.097114,91.49000000000005,Vw14a
162.80800000000002,1.376999999998967,0.5309000000007019,12.260499999999475,0.17170000000000826,0.3746999999999733,-0.1941999999999685,52.318127,-2.097114,91.67000000000004,Vw14a
162.90800000000002,-2.256599999998572,3.0005999999983763,10.4101999999996,0.2008000000000049,0.2807999999999321,-0.0834000000000099,52.318127,-2.097114,91.80000000000003,Vw14a
163.008,2.7689,-2.7126,9.0033,0.218,0.0419,-0.1182,52.318127,-2.097114,91.9,Vw14a
163.10800000000003,-2.793899999998348,1.0703999999984908,9.453400000000215,0.07180000000002493,-0.10690000000001568,-0.07939999999990202,52.318127,-2.097114,91.96000000000001,Vw14a
163.20800000000003,2.922527722771,-4.120057425740371,10.208505940594195,0.15851485148514569,-0.16162475247525168,0.2611168316831423,52.318127,-2.097114,92.00217821782185,Vw14a
163.30800000000002,-0.9246999999988148,2.5141999999989966,10.619100000000241,0.1500000000000081,-0.17410000000004494,0.18279999999996316,52.318127,-2.097114,92.22000000000007,Vw14a
163.40800000000002,3.2451999999985364,-1.0176999999988623,11.467299999999458,0.17849999999999552,-0.33220000000003264,0.05320000000002767,52.318127,-2.097114,92.45000000000006,Vw14a
163.508,-1.8447970297029281,2.9192287128711616,9.575807920792046,0.163624752475251,-0.44569603960395987,0.15121188118812653,52.318127,-2.097114,92.65188118811882,Vw14a
163.60800000000003,-0.9644999999985279,0.29209999999932706,8.866600000000437,0.23609999999996675,-0.43530000000004987,0.31239999999998447,52.318127,-2.097114,92.84000000000002,Vw14a
163.70800000000003,4.214999999999852,-2.0755999999997514,10.405600000000135,0.11910000000001593,-0.6105999999999587,0.25769999999998666,52.318127,-2.097114,92.91000000000004,Vw14a
163.80800000000002,3.681703960395349,-1.207239603960331,10.855764356434968,0.17470000000000332,-0.4662801980197847,0.2110574257425662,52.318127,-2.097114,93.06198009900997,Vw14a
163.90800000000002,1.6020999999993857,-1.0111999999989227,8.822200000000493,0.18469999999997166,-0.4142999999999503,0.1867999999999645,52.318127,-2.097114,93.25999000000004,Vw14a
164.008,-0.5595,2.7792,10.5519,0.085,-0.2394,0.0619,52.318127,-2.097114,93.42,Vw14a
164.10800000000003,4.7510059405931395,-3.77607722772139,10.488682178217566,0.11312871287126815,-0.15393564356428455,0.10296336633656603,52.318127,-2.097114,93.57099009900993,Vw14a
164.20800000000003,1.9816000000002998,0.3861999999989159,9.716899999999889,0.055999999999982814,0.06250000000006688,-0.10070000000004087,52.318127,-2.097114,93.67000000000009,Vw14a
164.30800000000002,3.036499999997981,-3.4280999999977313,9.322400000000021,-0.004100000000000626,0.29780000000001505,-0.24450000000000602,52.318127,-2.097114,93.95000000000005,Vw14a
164.40800000000002,-4.067599999999256,4.554099999998052,9.398900000000037,-0.006299999999939626,0.3508000000000606,-0.265699999999982,52.318127,-2.097114,94.10000000000004,Vw14a
164.508,-1.5018168316832876,-2.172495049504674,9.532575247524782,0.2029970297029655,0.5622207920792094,-0.20481881188119683,52.318127,-2.097114,94.27138613861386,Vw14a
164.60800000000003,-3.993499999997659,3.607999999998125,10.180100000000092,0.10269999999995816,0.5942999999999918,-0.386700000000027,52.318127,-2.097114,94.41000000000004,Vw14a
164.70800000000003,4.24389999999851,-2.989499999998897,10.506399999999832,-0.04449999999996976,0.5652000000000408,-0.48189999999997635,52.318127,-2.097114,94.57999000000005,Vw14a
164.80800000000002,-0.9988999999986165,0.8911999999983803,9.91629999999976,0.06190000000001253,0.7084999999999934,-0.39870000000000416,52.318127,-2.097114,94.75999000000003,Vw14a
164.90800000000002,3.8688999999981055,-4.807499999998178,9.075100000000528,0.10600000000001782,0.6850999999999967,-0.4133000000000024,52.318127,-2.097114,94.85000000000005,Vw14a
165.008,-2.7961,1.6057,10.9327,0.1687,0.6733,-0.4217,52.318127,-2.097114,95.06,Vw14a
165.10800000000003,-1.8630079207927701,2.35116138613929,11.475286138612972,0.19703465346539087,0.7593376237623974,-0.4395940594059603,52.318127,-2.097114,95.21207920792085,Vw14a
165.20800000000003,-3.943799999997296,4.387299999996941,8.793900000000377,0.33049999999992963,0.8230999999999425,-0.4990000000000598,52.318127,-2.097114,95.42000000000003,Vw14a
165.30800000000002,5.570299999997806,-6.374399999997293,10.119799999999957,0.08279999999999371,0.6208999999999881,-0.7093999999999382,52.318127,-2.097114,95.54000000000006,Vw14a
165.40800000000002,-2.1481999999977215,3.147299999997711,9.970600000000246,0.060700000000016456,0.5791999999999418,-0.4916999999998844,52.318127,-2.097114,95.73000000000002,Vw14a
165.508,5.8694,-4.9058,10.8367,0.1186,0.374,-0.0849,52.318127,-2.097114,95.77,Vw14a
165.60800000000003,-4.3904326732661625,5.434020792077784,10.99847029702909,0.10679009900988407,0.051636633663281216,-0.028485148514804503,52.318127,-2.097114,95.8814851485149,Vw14a
165.70800000000003,-0.8836999999989408,1.1460999999992147,9.155500000000444,0.05580000000002362,-0.20470000000007063,0.11300000000002257,52.318127,-2.097114,96.03000000000002,Vw14a
165.80800000000002,2.843199999997594,-1.6166999999981193,10.718099999999843,0.138899999999965,-0.45320000000004707,0.1924000000000658,52.318127,-2.097114,96.09000000000006,Vw14a
165.90800000000002,-5.62233398058374,5.000290291263086,10.168197087378562,0.015793203883477477,-0.618733980582548,0.4239533980582857,52.318127,-2.097114,96.28417475728159,Vw14a
166.008,5.9971,-4.7115,9.4583,-0.0402,-0.7601,0.4668,52.320057,-2.095543,96.35,Vw14a
166.10800000000003,4.805958415840494,-3.6853742574240282,9.117367326733238,-0.04829801980198677,-0.7607059405940961,0.572030693069288,52.320057,-2.095543,96.51088118811884,Vw14a
166.20800000000003,1.5217999999981993,1.4772000000012628,10.814099999999781,-0.06809999999998817,-0.8712999999999737,0.5151000000000214,52.320057,-2.095543,96.60000000000002,Vw14a
166.30800000000002,-4.720896039602971,5.855104950494352,10.061839603960589,-0.026784158415837738,-0.7789831683168145,0.588811881188086,52.320057,-2.095543,96.71059405940595,Vw14a
166.40800000000002,-1.7405000000003603,3.7555999999995824,10.64579999999967,-0.015200000000016622,-0.7272999999999562,0.4899999999999581,52.320057,-2.095543,96.77000000000002,Vw14a
166.508,-2.927487128712545,2.231107920791746,9.49934257425743,-0.07291683168316744,-0.5742920792079169,0.3434485148514825,52.320057,-2.095543,96.879900990099,Vw14a
166.60800000000003,3.8937999999989934,-4.738099999998407,9.573600000000514,-0.05459999999995467,-0.4934999999999025,0.2882999999999709,52.320057,-2.095543,96.87,Vw14a
166.70800000000003,0.406776237624439,0.7724881188105194,11.34394356435589,0.1032297029702947,-0.15429504950496362,0.1853207920791555,52.320057,-2.095543,96.86069306930695,Vw14a
166.80800000000002,2.4443999999981885,-3.3286999999979128,9.698300000000303,0.0961999999999729,-0.1937999999999629,0.0273999999999867,52.320057,-2.095543,96.93000000000002,Vw14a
166.90800000000002,-3.928699999998917,4.015799999999022,10.76469999999981,0.0009000000000066791,-0.06320000000000771,-0.01939999999998684,52.320057,-2.095543,96.99999999999999,Vw14a
167.008,-0.1174,0.5765,10.0978,0.0244,-0.0903,0.0269,52.320057,-2.095543,96.97,Vw14a
167.10800000000003,-1.1974999999991938,3.582499999997934,9.88739999999953,0.057899999999992936,0.06720000000002423,0.047699999999974936,52.320057,-2.095543,96.99000000000002,Vw14a
167.20800000000003,1.5925229999993988,-3.589175999999168,8.244323999999631,0.03243699999997131,0.15028299999995623,-0.04238900000009275,52.320057,-2.095543,97.0898999,Vw14a
167.30800000000002,-0.1516891089093832,-1.161249504952137,7.163937623762912,-0.0541841584158809,0.01855742574252968,-0.31686831683162897,52.320057,-2.095543,97.08018811881189,Vw14a
167.40800000000002,4.389399999997515,-6.10619999999706,8.777700000000696,-0.172599999999903,-0.11569999999983228,-0.15369999999998066,52.320057,-2.095543,97.1,Vw14a
167.508,-4.3542,4.2362,11.2284,0.1687,0.4744,-0.0856,52.320057,-2.095543,97.07999,Vw14a
167.60800000000003,2.8930999999979012,-1.5626999999984672,10.35589999999959,-0.14589999999999423,0.4944000000000029,-0.5279999999999887,52.320057,-2.095543,97.23,Vw14a
167.70800000000003,-4.490599999998257,3.82989999999804,8.909100000000235,-0.12559999999997043,0.5045000000000534,-0.4879999999999337,52.320057,-2.095543,97.22,Vw14a
167.80800000000002,1.6421999999987869,-3.065899999998097,9.734899999999916,-0.021600000000004123,0.6922999999999722,-0.2548000000000254,52.320057,-2.095543,97.23,Vw14a
167.90800000000002,-2.6262999999981744,3.6299999999978296,9.444100000000327,-0.03609999999999969,0.5941999999999739,-0.344000000000005,52.320057,-2.095543,97.25000000000001,Vw14a
168.008,3.7978,-4.0055,10.5912,-0.035,0.5024,-0.3617,52.320057,-2.095543,97.28,Vw14a
168.10800000000003,1.2235000000004754,1.3259999999988454,10.922799999999667,0.07479999999996581,0.4773999999999476,-0.269399999999979,52.320057,-2.095543,97.28000000000002,Vw14a
168.20800000000003,2.8959999999988133,-2.7355999999991067,9.746100000000038,-0.04549999999996203,0.293099999999958,-0.19559999999998018,52.320057,-2.095543,97.31000000000002,Vw14a
168.30800000000002,-1.2809999999998352,0.40659999999952073,9.87969999999989,0.08809999999998658,0.14520000000002603,-0.12589999999998738,52.320057,-2.095543,97.37000000000003,Vw14a
168.40800000000002,-0.7015000000004585,-1.279699999998842,9.49499999999999,0.04090000000002149,0.236800000000006,-0.08150000000004701,52.320057,-2.095543,97.46000000000001,Vw14a
168.508,-2.3146,2.7943,9.4612,0.1165,0.2579,-0.2469,52.320057,-2.095543,97.53,Vw14a
168.60800000000003,2.311199999999242,-0.5235000000001017,11.091599999999737,-0.0712999999999722,0.07070000000001649,-0.11279999999997006,52.320057,-2.095543,97.57999000000001,Vw14a
168.70800000000003,-0.35569999999898505,-0.8814000000011353,10.168299999999409,0.02649999999999292,0.12869999999994045,-0.007499999999927922,52.320057,-2.095543,97.63,Vw14a
168.80800000000002,3.2153999999987364,-4.876099999998492,8.089100000000533,0.0015999999999695889,-0.08090000000007024,0.24610000000000185,52.320057,-2.095543,97.65000000000003,Vw14a
168.90800000000002,-1.2292000000001047,0.4290000000004903,9.9623000000003,-0.10539999999999172,-0.3279999999999917,0.25249999999997996,52.320057,-2.095543,97.74000000000001,Vw14a
169.008,-1.6112207920792916,2.125706930693015,10.98106237623752,-0.07581782178217447,-0.30009603960396375,0.18262772277227687,52.320057,-2.095543,97.80118811881188,Vw14a
169.10800000000003,-3.363299999998885,0.9963999999997737,8.807300000000243,0.002399999999976154,-0.36970000000001313,0.1754000000000244,52.320057,-2.095543,97.92000000000003,Vw14a
169.20800000000003,0.5597000000011362,0.2004999999995677,9.665700000000005,-0.08149999999999145,-0.41590000000006205,0.2612000000000171,52.320057,-2.095543,98.00000000000003,Vw14a
169.30800000000002,4.557499999999994,-1.3206000000002365,9.686899999999902,-0.05139999999997229,-0.6342999999999684,0.32140000000006064,52.320057,-2.095543,98.07998999999998,Vw14a
169.40800000000002,4.534099999998974,-2.1527999999993277,9.342599999999996,0.04610000000000532,-0.5232000000000157,0.5345999999999341,52.320057,-2.095543,98.00999,Vw14a
169.508,0.9261,0.2123,9.3297,0.0648,-0.5783,0.3028,52.320057,-2.095543,98.0,Vw14a
169.60800000000003,-3.2275999999992213,1.3179999999997007,8.825300000000434,0.12680000000001634,-0.41979999999999,0.2318000000000044,52.320057,-2.095543,97.96,Vw14a
169.70800000000003,-0.4879000000003852,0.26469999999927374,10.348399999999122,0.1842999999999453,-0.38469999999993615,0.24719999999996944,52.320057,-2.095543,97.95999999999998,Vw14a
169.80800000000002,-1.8430999999995277,-2.290499999998755,7.262100000001519,-0.008099999999945567,-0.16009999999998495,0.13970000000001687,52.320057,-2.095543,97.89999999999999,Vw14a
169.90800000000002,-0.20358712871289897,2.011791089108739,12.51788811881172,0.17950099009900033,-0.1066623762376188,0.1963722772277126,52.320057,-2.095543,97.85940594059406,Vw14a
170.008,-0.7823,-1.5791,9.1367,-0.0204,-0.0029,-0.0164,52.320057,-2.095543,97.8,Vw14a
170.10800000000003,-0.3426999999999146,-1.1214000000000175,7.777200000000675,-0.12989999999997495,-0.15009999999997498,-0.1587999999999272,52.320057,-2.095543,97.71999999999997,Vw14a
170.20800000000003,-0.032086999999567274,-1.1711099999996146,10.125511999999924,-0.04240199999999009,-0.06192299999996751,0.09607400000004236,52.320057,-2.095543,97.6195999,Vw14a
170.30800000000002,1.2358429999993288,-0.03203900000027493,9.895781999999892,-0.01189999999996703,0.03542700000002067,0.21922299999990186,52.320057,-2.095543,97.58099010000002,Vw14a
170.40800000000002,-0.7797584158415853,-0.8697861386139197,9.56521782178212,0.0867029702970278,0.0969445544554429,-0.0772455445544638,52.320057,-2.095543,97.68158415841586,Vw14a
170.508,-0.8056,-2.0884,8.367,0.047,0.0414,-0.2518,52.320057,-2.095543,97.84,Vw14a
170.60800000000003,-2.390399999998857,-0.05979999999971632,9.278100000000585,0.1472999999999812,0.18730000000005012,-0.015000000000024272,52.320057,-2.095543,97.90000000000003,Vw14a
170.70800000000003,1.6319999999981287,0.9383000000008771,11.331399999999926,0.08120000000002335,0.3637000000001024,-0.1004000000001241,52.320057,-2.095543,98.0,Vw14a
170.80800000000002,-4.951699999997604,4.02419999999771,11.066399999999508,0.1634000000000237,0.7238999999999967,-0.5369999999999963,52.320057,-2.095543,97.98000000000002,Vw14a
170.90800000000002,3.4762999999993744,-4.036099999999308,9.337900000000612,0.24680000000002547,0.7120000000000217,-0.5238999999999819,52.320057,-2.095543,98.03000000000004,Vw14a
171.008,1.2741,-1.6030000000000002,11.4936,0.3364,0.7883,-0.4604,52.320057,-2.095543,98.16,Vw14a
171.10800000000003,5.145799999997465,-7.858199999997846,8.254100000000262,0.31119999999993947,0.4496999999999658,-0.5216999999999717,52.320057,-2.095543,98.21000000000004,Vw14a
171.20800000000003,-3.7763782178238907,-0.2798831683150409,9.180238613861606,0.09822970297024672,0.3293039603960112,-0.4219970297029467,52.320057,-2.095543,98.33871287128716,Vw14a
171.30800000000002,-3.0288519999998007,3.6625430000009214,14.01525500000115,-0.3768230000001127,0.0829759999999416,0.19982900000014786,52.320057,-2.095543,98.3598,Vw14a
171.40800000000002,-5.207499999999323,2.317900000000074,8.953100000000374,-0.24269999999994532,-0.19030000000015945,0.46209999999999374,52.320057,-2.095543,98.39000000000003,Vw14a
171.508,-2.8256,2.5795,10.2709,-0.0503,-0.7513,0.44,52.320057,-2.095543,98.48,Vw14a
171.60800000000003,5.693116504851469,-7.712746601938534,9.791491262135962,-0.04525533980582707,-0.992325242718464,0.46561262135925685,52.320057,-2.095543,98.50989300970873,Vw14a
171.70800000000003,-3.065233009710405,1.9925932038853444,9.910617475728179,-0.05078932038835057,-1.044849514563117,0.5668747572815727,52.320057,-2.095543,98.50019398058252,Vw14a
171.80800000000002,6.275899999997844,-4.946799999997964,11.084799999999854,0.013699999999942526,-0.8037999999998826,0.5025999999999601,52.320057,-2.095543,98.48999999999997,Vw14a
171.90800000000002,-1.1834128712868976,2.0949297029700644,10.592880198019866,-0.1871752475247557,-0.3914148514851309,0.3612504950494942,52.320057,-2.095543,98.36960386138614,Vw14a
172.008,3.6453,-2.7621,11.9409,-0.2547,-0.0229,0.1363,52.320057,-2.095543,98.32999,Vw14a
172.10800000000003,0.11073663366215555,0.5517940594053029,11.63891584158261,-0.36673960396040733,0.2586435643564238,-0.15731980198017542,52.320057,-2.095543,98.25909900990096,Vw14a
172.20800000000003,-3.535599999998602,-1.368799999999063,6.980500000001382,-0.4006999999999426,0.2229999999999964,-0.08929999999996216,52.320057,-2.095543,98.16999999999999,Vw14a
172.30800000000002,1.300387128711742,1.8691514851476432,11.742432673265595,-0.20091782178218215,0.2092217821781787,0.042182178217811235,52.320057,-2.095543,98.09861386138608,Vw14a
172.40800000000002,-2.1008999999994757,-0.7556999999993151,6.525700000001132,-0.21269999999993405,0.09139999999994174,0.010400000000043059,52.320057,-2.095543,97.95999999999997,Vw14a
172.508,-0.2553,1.6542,10.5092,0.0193,-0.1136,0.1619,52.320057,-2.095543,97.85,Vw14a
172.60800000000003,-2.6186999999999343,-0.6949999999994331,7.102900000000667,0.14880000000002805,-0.250199999999992,0.17279999999996454,52.320057,-2.095543,97.90999999999997,Vw14a
172.70800000000003,-2.3877999999986548,1.2995999999995964,9.451200000000695,0.2475000000000104,-0.2220999999999823,0.047999999999982695,52.320057,-2.095543,97.81999999999996,Vw14a
172.80800000000002,2.3453999999984654,-0.12039999999940097,11.897699999999267,0.28409999999992097,-0.159899999999943,-0.012900000000040643,52.320057,-2.095543,97.70999999999998,Vw14a
172.90800000000002,-3.0548999999985247,1.9871999999989227,9.313500000000403,0.0059999999999868405,0.040600000000056015,-0.15589999999997758,52.320057,-2.095543,97.65000000000003,Vw14a
173.008,2.1361,-1.8032,10.7353,-0.0403,0.2377,-0.077,52.320057,-2.095543,97.75,Vw14a
173.10800000000003,1.2538000000004657,-1.814400000000323,10.416099999999854,-0.08349999999999227,0.40750000000001,-0.1862000000000364,52.320057,-2.095543,97.7,Vw14a
173.20800000000003,2.892399999999453,-2.951499999999564,9.90220000000012,-0.05629999999995748,0.44289999999993085,-0.31419999999995646,52.320057,-2.095543,97.72000000000001,Vw14a
173.30800000000002,0.9682999999993652,-1.4187999999988494,10.320400000000342,0.09330000000004834,0.19959999999999667,-0.16099999999996675,52.320057,-2.095543,97.75998999999999,Vw14a
173.40800000000002,-1.2651999999992238,2.629999999999698,11.52709999999992,0.26339999999999225,0.18789999999992135,-0.04400000000003806,52.320057,-2.095543,97.70000000000005,Vw14a
173.508,1.4664,1.5675,11.2479,0.2361,-0.0889,-0.1779,52.320057,-2.095543,97.87,Vw14a
173.60800000000003,-0.02647128712906599,-0.3401237623766886,9.429880198019372,0.1252089108910629,-0.1326623762376341,-0.09374158415839595,52.320057,-2.095543,97.89970297029704,Vw14a
173.70800000000003,-0.30550000000002747,-0.9601999999999115,10.105699999999972,-0.041499999999963136,0.10269999999999924,-0.0620000000000021,52.320057,-2.095543,97.92999999999999,Vw14a
173.80800000000002,-0.4021999999999573,-0.6482999999997869,10.002600000000122,0.08819999999999449,0.0999999999999919,-0.06939999999999046,52.320057,-2.095543,97.85999999999999,Vw14a
173.90800000000002,-0.25199999999983835,0.1015000000000056,10.4341999999996,0.06879999999999972,0.0715000000000121,-0.03580000000001032,52.320057,-2.095543,97.79000000000002,Vw14a
174.008,0.3168,0.1212,9.0228,0.0678,0.1141,-0.0721,52.320057,-2.095543,97.82999,Vw14a
174.10800000000003,-0.16419999999993717,-0.3484000000000322,10.265699999999814,-0.006599999999972119,-0.06329999999996526,-0.02580000000000523,52.320057,-2.095543,97.83999999999999,Vw14a
174.20800000000003,0.05689999999998911,-0.4615999999996699,9.610700000000167,0.09149999999996843,0.05890000000000793,-0.04420000000000867,52.320057,-2.095543,97.78999999999998,Vw14a
174.30800000000002,0.018599999999948585,0.699899999999635,10.196200000000333,-0.01959999999999241,0.08680000000001183,-0.07470000000003456,52.320057,-2.095543,97.67,Vw14a
174.40800000000002,-0.162300000000077,-0.5840999999995352,11.373899999999923,0.007100000000033055,0.1284000000000044,-0.19629999999996314,52.320057,-2.095543,97.64999999999999,Vw14a
174.508,-0.4332,1.051,11.0989,0.1234,0.1439,-0.0666,52.320057,-2.095543,97.62,Vw14a
174.60800000000003,-1.5238999999994978,-0.27800000000005426,8.702600000000421,0.061999999999980106,0.023499999999964244,0.024099999999988263,52.320057,-2.095543,97.6,Vw14a
174.70800000000003,0.24329999999988902,-0.46889999999996035,10.184199999999903,-0.007999999999987153,-0.10229999999994956,-0.017199999999997443,52.320057,-2.095543,97.61999999999996,Vw14a
174.80800000000002,-0.14710000000038256,-0.32939999999960967,9.839800000000023,0.037199999999999886,0.07520000000004792,-0.008200000000020947,52.320057,-2.095543,97.49,Vw14a
174.90800000000002,-1.4930999999996235,1.0440999999993348,9.920699999999613,0.03680000000002035,0.24379999999995416,-0.08190000000000626,52.320057,-2.0955429999999997,97.49999999999993,Vw14a
175.008,-0.19621485148521986,-1.2401722772275665,8.58662574257434,0.10764356435643538,0.08467722772277456,-0.10351584158415754,52.321938,-2.09385,97.239900990099,Vw14a
175.10800000000003,-1.6876999999993478,2.0225999999993,10.269199999999321,0.10200000000000742,0.1323999999999528,-0.0850999999999677,52.321938,-2.09385,97.22999999999996,Vw14a
175.20800000000003,0.606499999999737,-0.4408000000000751,7.882800000000516,0.12809999999997526,-0.03359999999999579,0.028499999999985023,52.321938,-2.09385,97.07998999999997,Vw14a
175.30800000000002,-0.3190000000001942,-0.7048000000000663,9.699799999999778,0.04109999999997304,-0.01879999999994749,-0.024200000000039502,52.321938,-2.09385,96.97999999999998,Vw14a
175.40800000000002,-0.9821594059405312,-0.9091574257424473,8.936315841584197,-0.05296930693069388,0.16408712871287123,-0.16166930693069245,52.321938,-2.09385,96.88801970297028,Vw14a
175.508,0.3319,1.7451,9.7379,-0.0699,0.1628,-0.1486,52.321938,-2.09385,96.68999,Vw14a
175.60800000000003,0.1231999999994006,0.11600000000048914,10.005199999999824,-0.08679999999997375,0.062199999999942475,0.1439000000000047,52.321938,-2.09385,96.53999999999999,Vw14a
175.70800000000003,-1.985799999999793,1.8373999999995854,9.388700000000238,0.005599999999994003,-0.14020000000004193,0.16039999999992358,52.321938,-2.09385,96.47999999999995,Vw14a
175.80800000000002,-1.2574999999989516,0.3785999999994479,10.224600000000043,-0.015499999999984623,-0.28779999999996747,-0.10839999999996938,52.321938,-2.09385,96.28999999999996,Vw14a
175.90800000000002,2.4312999999995477,-1.5638999999993217,10.376299999999977,0.038599999999961915,-0.17329999999996226,-0.0006999999999501199,52.321938,-2.09385,96.12999999999995,Vw14a
176.008,0.8414,0.8228,10.2978,-0.0954,-0.0405,0.1748,52.321938,-2.09385,95.97,Vw14a
176.10800000000003,0.27110000000061474,-1.1585000000000543,9.717899999999991,0.01130000000000648,-0.09930000000004184,0.07930000000000517,52.321938,-2.09385,95.78999999999995,Vw14a
176.20800000000003,2.433899999999054,-1.348800000000297,9.688100000000048,0.03409999999996127,-0.24650000000000907,0.09750000000001792,52.321938,-2.09385,95.58999999999996,Vw14a
176.30800000000002,-0.8822570000007008,-2.374174999999676,9.858118000000161,-0.10085600000000185,-0.2772129999999708,0.15950799999998705,52.321938,-2.09385,95.44749999999992,Vw14a
176.40800000000002,-2.973373267326669,-1.4084445544554787,10.355570297029754,-0.10612277227722638,-0.18869702970296695,0.12040990099009763,52.321938,-2.09385,95.19871287128713,Vw14a
176.508,-1.6407,-2.1029,11.4126,-0.0784,-0.1184,0.0914,52.321938,-2.09385,95.07,Vw14a
176.60800000000003,0.11969999999991983,-1.5912000000004978,10.922499999999477,-0.005300000000004036,-0.2509999999999949,0.12640000000002585,52.321938,-2.09385,94.77999999999993,Vw14a
176.70800000000003,-0.16240000000011678,-3.3424999999993728,9.085899999999953,-0.019500000000022197,-0.23309999999992534,0.2172999999999491,52.321938,-2.09385,94.53999999999994,Vw14a
176.80800000000002,-0.5732999999993368,-1.1356000000001771,8.915400000000215,-0.09760000000000589,0.029599999999999543,0.038199999999951106,52.321938,-2.09385,94.27999999999999,Vw14a
176.90800000000002,1.7281569999999573,-1.74058599999994,9.660487999999992,-0.11756799999999742,0.028268000000001195,-0.13258300000000234,52.321938,-2.09385,94.21579999999997,Vw14a
177.008,0.858287000000027,-0.5306940000000923,9.520639,-0.0640099999999957,0.05427199999999745,-0.178952999999993,52.321938,-2.09385,93.79769999999999,Vw14a
177.10800000000003,1.3984479999995694,-2.3950939999991383,9.506294999999724,0.023900999999993382,0.0015789999999860005,-0.035417999999990624,52.321938,-2.09385,93.56799999999993,Vw14a
177.20800000000003,0.11395199999992524,0.15469699999950443,8.696506000000413,0.003600999999980081,-0.03968699999998626,-0.006831999999977786,52.321938,-2.09385,93.36779999999993,Vw14a
177.30800000000002,-0.10331999999982593,-1.3268950000002042,9.919974999999845,-0.055856000000005145,0.0006389999999815043,0.05957700000000913,52.321938,-2.09385,93.14819999999995,Vw14a
177.40800000000002,0.4127257425742255,-1.935483168316809,9.455436633663382,-0.07129009900990095,-0.05406930693068909,0.08573168316831076,52.321938,-2.09385,92.96663366336632,Vw14a
177.508,-0.2547,-1.4638,9.7791,-0.0703,0.0289999999999999,-0.0411,52.321938,-2.09385,92.63,Vw14a
177.60800000000003,0.18209999999973076,-0.49169999999992536,8.759100000000439,-0.15169999999999723,0.01259999999996274,-0.13539999999992605,52.321938,-2.09385,92.39999999999995,Vw14a
177.70800000000003,-0.7653000000000866,-0.22900000000024315,10.305899999999424,-0.14190000000000086,-0.11849999999998385,0.12479999999999147,52.321938,-2.09385,92.17999999999995,Vw14a
177.80800000000002,-1.0700999999998093,-1.0849000000000604,8.283500000000272,-0.14489999999997333,-0.0616999999999791,0.09479999999999363,52.321938,-2.09385,91.97999999999993,Vw14a
177.90800000000002,-0.3996158415841307,-1.287334653465308,9.226961386138587,-0.052422772277229746,0.010333663366332967,0.07145049504949945,52.321938,-2.09385,91.73762376237622,Vw14a
178.008,0.1788,-0.4808,8.6631,-0.0947,-0.0663,-0.0435,52.321938,-2.09385,91.5,Vw14a
178.10800000000003,1.014799999999697,0.5276999999994089,9.617099999999715,-0.012199999999994658,-0.08949999999998164,0.060500000000026345,52.321938,-2.09385,91.31999999999992,Vw14a
178.20800000000003,-0.05080000000022075,-1.5519999999998477,8.612100000000092,0.00660000000005528,-0.02490000000005167,0.15319999999992595,52.321938,-2.09385,91.05999999999993,Vw14a
178.30800000000002,-0.8274999999998198,-1.0171999999998504,8.934400000000537,0.20109999999998174,-0.20669999999999314,-0.1072999999999796,52.321938,-2.09385,90.81999999999994,Vw14a
178.40800000000002,-0.19370000000016044,-0.4909999999997281,10.821299999999727,0.13679999999997622,-0.18259999999998355,-0.035499999999947844,52.321938,-2.09385,90.60999999999991,Vw14a
178.508,-0.7582,0.4656,9.861,0.0531,-0.1247,0.148,52.321938,-2.09385,90.32,Vw14a
178.60800000000003,0.8524999999999529,-2.692999999999181,8.62000000000083,-0.06100000000004496,-0.16459999999998154,0.14429999999996088,52.321938,-2.09385,90.15999999999993,Vw14a
178.70800000000003,0.6862999999993198,0.1877999999996603,11.544899999998748,-0.21920000000002612,-0.09969999999996393,0.006600000000008612,52.321938,-2.09385,89.92999999999992,Vw14a
178.80800000000002,-1.7068999999998071,-1.00739999999908,7.141500000001144,-0.311099999999979,0.027199999999980927,0.03690000000002257,52.321938,-2.09385,89.64999999999996,Vw14a
178.90800000000002,-1.027699999999797,2.2301999999989723,11.16579999999929,-0.23729999999997461,-0.03989999999998195,0.11629999999996637,52.321938,-2.09385,89.51999999999994,Vw14a
179.008,-0.3138,-1.3856,8.6652,-0.1479,0.0236,-0.002,52.321938,-2.09385,89.32,Vw14a
179.10800000000003,0.2804999999999276,0.3875999999998789,10.388700000000252,-0.04649999999999886,0.02760000000000452,-0.012099999999976466,52.321938,-2.09385,88.94999999999993,Vw14a
179.20800000000003,0.025600000000343816,-0.03859999999989722,11.274999999999421,-0.04250000000004066,0.043500000000009933,0.07069999999998906,52.321938,-2.09385,88.70999999999997,Vw14a
179.30800000000002,1.210910891088701,0.320133663366361,9.25321485148498,-0.1842366336633709,0.07805049504950332,0.03269108910891391,52.321938,-2.09385,88.61841584158411,Vw14a
179.40800000000002,-0.017999999999888727,0.39349999999992824,8.744700000000563,-0.19789999999992428,0.0730999999999662,0.04179999999996657,52.321938,-2.09385,88.45999999999995,Vw14a
179.508,0.3735,0.1409,10.7284,0.0685,-0.0458,-0.0758,52.321938,-2.09385,88.32,Vw14a
179.60800000000003,1.6293199999991361,-1.5960809999992611,8.125642000000314,0.11693000000003757,-0.09102199999996748,-0.12753699999996798,52.321938,-2.09385,88.27849999999995,Vw14a
179.70800000000003,-0.9221663366329815,0.5837198019795379,9.056568316831555,0.22849504950494037,0.00621485148516229,-0.031866336633652285,52.321938,-2.09385,88.12821782178212,Vw14a
179.80800000000002,1.1311999999994669,-1.4042999999988695,8.673400000000045,0.1979999999999549,0.04770000000006781,0.0014999999999295427,52.321938,-2.09385,87.94999999999997,Vw14a
179.90800000000002,-0.7442999999994638,2.5734999999992496,8.828900000000974,0.039299999999928545,0.2863000000000027,-0.24639999999999593,52.321938,-2.09385,87.84,Vw14a
180.008,1.1224509999999963,-0.05353400000006153,12.196351999999896,-0.21028900000000333,0.2951839999999975,-0.22908899999998497,52.321938,-2.09385,87.8296,Vw14a
180.10800000000003,1.0621534653469946,-1.3021910891085122,10.063441584158756,-0.2781445544554338,0.2437019801980066,0.07891386138613907,52.321938,-2.09385,87.78950495049504,Vw14a
180.20800000000003,2.447499999999936,-0.10130000000081615,11.087599999999878,-0.2425999999999389,0.20389999999992298,0.08029999999997511,52.321938,-2.09385,87.73999999999997,Vw14a
180.30800000000002,2.2232425742573727,-2.97288415841652,10.654233663366234,-0.027550495049454143,-0.06709009900996507,-0.007224752475268201,52.321938,-2.09385,87.64099009900988,Vw14a
180.40800000000002,-0.4502180000006364,3.87612800000164,10.072630999999863,0.1830940000000497,-0.008617999999985415,-0.008793000000000165,52.321938,-2.09385,87.64,Vw14a
180.508,2.7134,0.5886,12.6086,0.3167,-0.2665,0.0105,52.321938,-2.09385,87.63,Vw14a
180.60800000000003,-1.0823999999994522,2.624599999999316,8.829800000000041,0.37939999999995044,-0.28030000000003163,0.08430000000001449,52.321938,-2.09385,87.67,Vw14a
180.70800000000003,0.8452999999998472,0.21810000000042065,8.974400000000118,0.2048999999999554,-0.3916999999999416,0.13529999999998732,52.321938,-2.09385,87.68,Vw14a
180.80800000000002,0.30750000000025574,1.6981999999991215,9.395900000000141,0.04799999999999395,-0.18630000000004607,0.0907000000000112,52.321938,-2.09385,87.70000000000003,Vw14a
180.90800000000002,1.2074000000002687,-1.3921000000002504,9.89420000000003,0.026700000000013838,-0.3483999999998948,0.130099999999969,52.321938,-2.09385,87.82000000000001,Vw14a
181.008,2.146425000000015,-2.2374999999998675,10.010598000000048,0.07664200000000841,0.01741899999999719,0.021576999999997473,52.321938,-2.09385,87.8914,Vw14a
181.10800000000003,2.424678999999294,0.4530079999992654,10.96427399999913,0.24931500000000714,-0.03948499999997954,-0.031470000000042235,52.321938,-2.09385,88.02859999999995,Vw14a
181.20800000000003,0.313199999999648,-1.6881821782162971,8.389208910891798,0.27007524752473505,0.02169207920793049,-0.1574009900990166,52.321938,-2.09385,87.890099009901,Vw14a
181.30800000000002,-0.7467999999995116,2.9035999999995563,10.520099999999982,0.21759999999991167,0.05089999999999882,-0.1774999999999789,52.321938,-2.09385,87.89999999999972,Vw14a
181.40800000000002,0.9536059405940551,1.3354178217820654,10.437451485148417,-0.09037128712871464,0.04541089108910227,-0.10246039603959659,52.321938,-2.09385,86.9015841584158,Vw14a
181.508,0.8642,-1.0228,8.3926,-0.1275,-0.0935,0.0515,52.321938,-2.09385,86.06,Vw14a
181.60800000000003,2.4079999999996358,0.21879999999994942,10.700199999999434,-0.19890000000003194,0.017599999999973172,0.04479999999998508,52.321938,-2.09385,84.93998999999972,Vw14a
181.70800000000003,1.1274000000001598,0.04090000000064608,8.709300000000496,-0.31129999999993907,-0.07680000000001622,-0.007699999999954071,52.321938,-2.09385,83.95999999999968,Vw14a
181.80800000000002,1.689599999999701,2.3140999999989655,10.453699999999827,-0.09689999999999366,-0.13389999999999275,0.15390000000000575,52.321938,-2.09385,82.83999999999976,Vw14a
181.90800000000002,0.6370000000006097,-1.3254999999990693,9.849300000000703,-0.07460000000008223,-0.10839999999999744,0.1740999999999684,52.321938,-2.09385,81.97999999999989,Vw14a
182.008,2.7823,1.9488,12.3248,-0.3639,-0.0994,0.0629,52.321938,-2.09385,81.56,Vw14a
182.10800000000003,0.3647297029706201,2.1394316831682314,9.789695049506083,-0.3587287128711818,-0.11577425742578488,0.18097425742572182,52.321938,-2.09385,81.32801980198013,Vw14a
182.20800000000003,1.337699999999934,1.8825999999994847,13.199199999999157,-0.041599999999959614,-0.24319999999998496,0.11839999999996079,52.321938,-2.09385,81.12999999999992,Vw14a
182.30800000000002,1.105900000000611,0.06900000000040664,10.239100000000644,0.10050000000007263,-0.19030000000001693,-0.01959999999996308,52.321938,-2.09385,80.85999999999993,Vw14a
182.40800000000002,3.255399999999989,1.4996999999992235,12.500599999999473,0.3560000000000147,-0.24990000000003382,0.11030000000002221,52.321938,-2.09385,80.62999999999992,Vw14a
182.508,3.177605940593864,-1.182042574257317,10.62923267326716,0.40630891089108484,-0.3658287128712782,0.1860544554455367,52.321938,-2.09385,80.38821782178216,Vw14a
182.60800000000003,-0.9117999999990598,1.093699999999388,7.142500000000664,0.31719999999996334,-0.17869999999994232,0.021499999999985503,52.321938,-2.09385,80.20999999999994,Vw14a
182.70800000000003,2.3963999999989487,-1.0597999999997767,9.48029999999939,0.1881999999999411,0.024200000000007646,-0.029500000000026942,52.321938,-2.09385,80.00998999999992,Vw14a
182.80800000000002,-1.3019999999989975,-0.27359999999970525,7.333600000001395,-0.019000000000027797,0.05110000000000037,-0.12429999999996214,52.321938,-2.09385,79.68998999999995,Vw14a
182.90800000000002,2.2242000000000863,0.7635000000000526,12.242600000000381,-0.11680000000008854,0.052400000000044904,0.00890000000000313,52.321938,-2.09385,79.47999999999995,Vw14a
183.008,2.519473267326706,0.9505623762376417,13.553038613861299,-0.4239554455445485,0.20823762376237356,0.019006930693065513,52.321938,-2.09385,79.29712861386137,Vw14a
183.10800000000003,1.966799999999991,1.3267999999990516,11.74689999999966,-0.2994999999999132,0.15199999999992367,-0.06029999999994145,52.321938,-2.09385,79.00998999999999,Vw14a
183.20800000000003,1.934399999999053,-2.009799999999271,10.553399999998959,0.005700000000066337,-0.11659999999997453,0.14569999999998853,52.321938,-2.09385,78.94999999999992,Vw14a
183.30800000000002,-1.3964999999989969,0.5545999999993788,6.891500000001016,0.23909999999996046,-0.02700000000001225,0.10539999999990006,52.321938,-2.09385,78.66999999999993,Vw14a
183.40800000000002,2.1332999999997213,-1.630899999998892,10.467800000000018,0.09989999999997161,-0.07010000000000013,-0.246199999999943,52.321938,-2.09385,78.39999999999995,Vw14a
183.508,1.1630752475247599,2.1854346534651383,10.520778217821734,0.0002980198019768398,-0.07181188118812461,-0.044918811881175295,52.321938,-2.09385,78.21831683168315,Vw14a
183.60800000000003,1.3205999999994735,-2.161099999998834,9.498600000000145,-0.06990000000000643,-0.1929999999999968,0.22319999999999648,52.321938,-2.09385,78.04999999999991,Vw14a
183.70800000000003,-0.5320999999996276,1.9401999999992017,10.009099999999636,-0.09250000000001293,-0.1818000000000166,0.21079999999995924,52.321938,-2.09385,77.73999999999992,Vw14a
183.80800000000002,0.7781999999997742,-0.8685999999989485,8.724900000000371,-0.13799999999999346,-0.24019999999994462,0.06740000000003292,52.321938,-2.09385,77.47999999999993,Vw14a
183.90800000000002,-0.016199999999618436,2.8309999999990874,10.034200000000192,-0.11499999999996507,-0.04540000000005372,0.18319999999999584,52.321938,-2.0938499999999998,77.24999999999996,Vw14a
184.008,1.3263,-0.3819,10.7104,0.0079,-0.2344,0.1686,52.32343,-2.092148,77.08,Vw14a
184.10800000000003,0.35119999999997253,1.330499999999339,10.234399999999573,-0.009799999999972771,-0.24999999999996722,0.06770000000000984,52.32343,-2.092148,76.90999999999994,Vw14a
184.20800000000003,0.25450000000006795,-0.9955999999999927,8.726900000000018,0.08600000000000053,-0.13469999999999546,0.10229999999997873,52.32343,-2.092148,76.68998999999997,Vw14a
184.30800000000002,0.510049504951121,-0.9673366336632812,8.795037623762637,0.08648514851480452,-0.12066435643570216,0.028447524752483466,52.32343,-2.092148,76.52910881188116,Vw14a
184.40800000000002,2.3949999999994493,-0.7109999999993721,9.578800000000076,-0.05499999999998065,-0.2970999999999303,0.05320000000000645,52.32343,-2.092148,76.43998999999995,Vw14a
184.508,0.4575,1.4980000000000002,9.8492,0.0131,-0.052,0.0759,52.32343,-2.092148,76.24,Vw14a
184.60800000000003,-0.8182069999996743,-0.425006999999661,10.032486000000464,-0.020411000000013668,-0.017436000000061052,-0.05399199999998643,52.32343,-2.092148,76.21919999999997,Vw14a
184.70800000000003,0.1424415841581217,0.5704881188114291,11.397599999999352,-0.06262376237628822,-0.19814257425739062,-0.012177227722725033,52.32343,-2.092148,76.14,Vw14a
184.80800000000002,-0.7433999999997762,-0.7906999999989577,9.447600000000483,-0.21499999999996197,-0.0924000000000129,0.13009999999999383,52.32343,-2.092148,76.14000000000001,Vw14a
184.90800000000002,0.04390000000010982,2.8764999999986083,11.147599999999361,-0.08119999999998383,-0.1378000000000002,0.10839999999996233,52.32343,-2.092148,76.18000000000002,Vw14a
185.008,0.4303,-2.0198,8.8957,-0.0243,-0.1385,-0.0241,52.32343,-2.092148,76.21,Vw14a
185.10800000000003,1.1887999999998353,-1.0521000000007847,10.372499999999153,0.013300000000036487,-0.01950000000002687,0.010900000000022995,52.32343,-2.092148,76.3,Vw14a
185.20800000000003,0.6049366336630355,-3.7398059405925324,7.450454455446529,0.14256039603967569,-0.11249405940592049,0.08773861386127783,52.32343,-2.092148,76.30079207920794,Vw14a
185.30800000000002,-0.39139999999987,0.8595999999999663,10.415900000000478,0.358599999999989,-0.0518999999999998,-0.23839999999997685,52.32343,-2.092148,76.38000000000004,Vw14a
185.40800000000002,0.0659999999998436,0.7408000000008349,12.097799999999495,0.31999999999996953,-0.051199999999960215,-0.15699999999996958,52.32343,-2.092148,76.52000000000005,Vw14a
185.508,-0.4843,3.6782,10.3225,0.2128,0.0888,-0.05,52.32343,-2.092148,76.74,Vw14a
185.60800000000003,1.3366999999995874,-1.645099999999585,10.151499999999968,0.22510000000000108,-0.044199999999931044,-0.03370000000001826,52.32343,-2.092148,76.93000000000005,Vw14a
185.70800000000003,-0.09834356435636071,-0.17654356435567004,10.045195049505098,0.22800792079204957,0.19521188118809266,-0.0986069306931127,52.32343,-2.092148,77.06168316831689,Vw14a
185.80800000000002,0.1273000000001883,2.129099999999426,10.494700000000027,0.13879999999993647,0.1163999999999275,-0.2292999999999275,52.32343,-2.092148,77.23000000000005,Vw14a
185.90800000000002,0.7897999999997121,0.1090999999998592,10.586899999999847,-0.08469999999998787,-0.13869999999994678,0.025800000000036096,52.32343,-2.092148,77.3600000000001,Vw14a
186.008,-0.2231,-0.3863,10.0463,-0.042,0.0485,0.1528,52.32343,-2.092148,77.7,Vw14a
186.10800000000003,2.1777999999992685,-0.7480999999997918,10.463699999999498,-0.01870000000001826,-0.09340000000001639,-0.06459999999999191,52.32343,-2.092148,77.92000000000007,Vw14a
186.20800000000003,-0.3580469999996158,-0.03935200000054044,8.74315000000089,-0.08029899999993345,-0.15138200000002933,-0.034218999999927474,52.32343,-2.092148,78.15150000000006,Vw14a
186.30800000000002,0.782092999999881,-1.6194629999990493,11.386854999999851,0.11973900000006393,-0.23897300000000898,0.18136599999998898,52.32343,-2.092148,78.30209990000007,Vw14a
186.40800000000002,0.42655247524753215,1.2145990099008905,10.896618811880995,0.3122049504950519,-0.2642544554455362,0.14836435643564386,52.32343,-2.092148,78.51286138613862,Vw14a
186.508,0.5818,-0.8655,6.8685,0.3627,-0.0897,0.1548,52.32343,-2.092148,78.8,Vw14a
186.60800000000003,0.7703999999995911,0.5627000000001441,10.619199999998825,0.11309999999990002,0.025900000000010737,-0.01940000000006069,52.32343,-2.092148,79.00999000000007,Vw14a
186.70800000000003,-0.6304049504942759,1.062414851485076,6.574336633664782,-0.23627722772280804,0.06130297029696338,-0.22921089108905615,52.32343,-2.092148,79.28178217821788,Vw14a
186.80800000000002,1.6990999999998695,0.8438999999987551,10.83799999999968,-0.34399999999992903,-0.13840000000002847,-0.07029999999980745,52.32343,-2.092148,79.46000000000004,Vw14a
186.90800000000002,1.2397999999994938,-3.5362999999978895,9.71540000000031,-0.09440000000000298,-0.23859999999997442,0.6071999999999581,52.32343,-2.092148,79.61000000000007,Vw14a
187.008,-0.5416,3.891,10.804,-0.1049,-0.1486,0.4599,52.32343,-2.092148,79.87,Vw14a
187.10800000000003,0.6202999999995087,-0.3545999999988249,8.27360000000046,-0.15730000000001107,-0.3890999999999875,-0.14549999999992255,52.32343,-2.092148,80.10000000000004,Vw14a
187.20800000000003,-1.1081999999990761,3.779899999998052,9.891999999999973,-0.196299999999968,-0.34509999999995494,0.12700000000011188,52.32343,-2.092148,80.25999000000009,Vw14a
187.30800000000002,2.142199999999143,-3.074599999998718,9.798700000000002,-0.08370000000001063,-0.18660000000003907,0.5206999999997926,52.32343,-2.092148,80.56000000000004,Vw14a
187.40800000000002,-0.8728999999992402,1.4362999999992243,9.802000000000191,-0.12109999999994771,-0.32409999999997346,-0.20949999999998797,52.32343,-2.092148,80.70000000000009,Vw14a
187.508,1.8005,-1.2929,10.478,0.0629,-0.2308,-0.1672,52.32343,-2.092148,80.99,Vw14a
187.60800000000003,-0.586378217821373,1.5838158415835146,8.13310297029767,0.11498514851481768,-0.07302376237626498,0.32533564356431777,52.32343,-2.092148,81.18297029702981,Vw14a
187.70800000000003,0.6457999999999976,-0.3545999999996811,10.063399999999804,0.013499999999987139,-0.15539999999998438,0.20889999999992973,52.32343,-2.092148,81.48000000000002,Vw14a
187.80800000000002,0.6250960396035584,0.7560297029702914,9.38340000000008,-0.03161485148515897,-0.09913069306924475,-0.03596633663366557,52.32343,-2.092148,81.53257425742584,Vw14a
187.90800000000002,-0.585299999999215,0.7389999999999827,9.623400000000252,-0.06310000000001335,0.08780000000001284,-0.04260000000000591,52.32343,-2.092148,81.79000000000009,Vw14a
188.008,2.1315534653464514,0.6768811881188052,10.505062376237642,-0.109148514851483,0.1322396039603948,-0.06353960396039766,52.32343,-2.092148,82.0819801980198,Vw14a
188.10800000000003,0.38689999999970137,0.5349999999997982,10.891299999999664,-0.06399999999999664,0.10619999999995054,-0.09749999999995482,52.32343,-2.092148,82.28000000000006,Vw14a
188.20800000000003,-0.6638999999999383,-0.1751999999999121,9.707499999999579,-0.05220000000002348,-0.06779999999996325,0.06150000000000438,52.32343,-2.092148,82.47000000000006,Vw14a
188.30800000000002,-0.44669999999995896,0.1340999999999692,8.224800000000393,-0.1347999999999371,0.06149999999998491,0.07689999999995294,52.32343,-2.092148,82.68000000000006,Vw14a
188.40800000000002,-0.30239999999989764,0.025700000000480783,9.606400000000312,0.0865000000000221,0.008400000000017905,-0.08869999999999398,52.32343,-2.092148,82.90000000000006,Vw14a
188.508,0.0578,1.7173,10.7009,0.1643,0.0714,-0.0675,52.32343,-2.092148,83.09,Vw14a
188.60800000000003,-2.230499999999649,0.21139999999987616,8.086600000000582,0.2321999999999779,-0.053899999999965524,0.13339999999998048,52.32343,-2.092148,83.30000000000007,Vw14a
188.70800000000003,-0.9952564356431843,-0.24992574257525113,10.10743069306917,0.1546792079207748,0.06756336633667893,0.06205049504939373,52.32343,-2.092148,83.53168316831689,Vw14a
188.80800000000002,0.14909999999991394,-3.242499999998757,9.700500000000256,0.1026000000000198,0.20389999999996364,-0.2728999999999682,52.32343,-2.092148,83.70000000000003,Vw14a
188.90800000000002,-0.15369999999994985,1.1312000000006042,10.603000000000561,0.1723000000000707,0.07600000000004414,-0.16110000000003175,52.32343,-2.092148,83.81000000000004,Vw14a
189.008,0.0228,3.2566,12.5753,0.421,0.2313,-0.2728,52.32343,-2.092148,83.95,Vw14a
189.10800000000003,-1.2128999999992818,1.4050999999986429,9.355099999999874,0.4427999999999576,0.38510000000000416,-0.26480000000006604,52.32343,-2.092148,84.18999000000004,Vw14a
189.20800000000003,1.3144000000001352,-3.369700000000169,8.910100000000057,0.29349999999995324,0.3998000000000146,-0.4972000000000049,52.32343,-2.092148,84.29000000000003,Vw14a
189.30800000000002,1.7718801980193595,-3.9079831683151376,9.117156435643938,0.13167722772280804,0.4498990099009635,-0.512434653465278,52.32343,-2.092148,84.37079207920794,Vw14a
189.40800000000002,0.4398999999996691,1.1937000000003015,10.242799999999555,0.23939999999997022,0.369799999999994,-0.30589999999998274,52.32343,-2.092148,84.45000000000003,Vw14a
189.508,-0.7244,2.2544,8.6713,0.1346,0.3488,-0.2452,52.32343,-2.092148,84.57,Vw14a
189.60800000000003,-1.384599999999535,2.6405999999997047,10.690399999999778,0.05459999999998556,0.39449999999996666,-0.24189999999996586,52.32343,-2.092148,84.46999999999998,Vw14a
189.70800000000003,0.23734215686281945,1.565680392155307,9.892041176469824,0.004785294117663151,0.2795009803921967,-0.12352156862746827,52.32343,-2.092148,84.41127450980396,Vw14a
189.80800000000002,0.46155784313730797,-3.1262803921579745,7.586158823528866,0.053314705882364435,0.3995990196078716,-0.17567843137256137,52.32343,-2.092148,84.53872549019611,Vw14a
189.90800000000002,1.1278999999992976,-0.7845999999998053,11.304999999998785,-0.06330000000007441,0.3779999999999633,-0.28559999999992075,52.32343,-2.092148,84.43998999999994,Vw14a
190.008,-1.3432,-0.0997,7.0304,-0.3251,0.2493,-0.0066,52.32343,-2.092148,84.17,Vw14a
190.10800000000003,0.07070000000035635,4.433699999998141,11.122599999999785,-0.4360999999999569,0.014199999999953247,0.06440000000003021,52.32343,-2.092148,83.98000000000003,Vw14a
190.20800000000003,1.3244999999998828,-2.106299999998449,10.366700000000453,-0.2844999999999822,-0.15030000000001495,0.1707000000000098,52.32343,-2.092148,84.07999999999994,Vw14a
190.30800000000002,0.9123000000001722,3.351899999998241,11.961399999999621,-0.22199999999994893,-0.20290000000008615,0.20520000000000824,52.32343,-2.092148,83.89999999999995,Vw14a
190.40800000000002,1.5075445544554238,-2.764846534653419,10.62122772277216,-0.04242178217820979,-0.5040980198019854,0.23349702970296837,52.32343,-2.092148,83.71762376237622,Vw14a
190.508,1.052,-1.7895,8.174,0.1254,-0.6139,0.1932,52.32343,-2.092148,83.48,Vw14a
190.60800000000003,2.883899999999148,-3.2705999999982582,10.798699999999712,0.10319999999995146,-0.4509999999999361,0.3320999999999874,52.32343,-2.092148,83.46999999999994,Vw14a
190.70800000000003,-0.09170891089130193,2.7701386138605337,9.778020792078651,-0.06652970297031793,-0.22770099009898337,0.2870544554455032,52.32343,-2.092148,83.29,Vw14a
190.80800000000002,-0.7325999999996894,0.2040000000005501,8.100100000001017,-0.1295000000000238,-0.14779999999997864,0.16249999999994055,52.32343,-2.092148,83.28999999999999,Vw14a
190.90800000000002,0.3602999999995072,2.139499999999588,11.678499999998882,-0.21320000000000106,-0.07269999999997348,-0.046699999999992525,52.32343,-2.092148,83.25998999999995,Vw14a
191.008,-1.3736,0.6893,7.7455,-0.2169,0.0206,-0.0204,52.32343,-2.092148,83.04,Vw14a
191.10800000000003,-0.07769999999992884,-0.20239999999982092,8.837099999999992,0.0835999999999938,0.06819999999998771,0.14689999999996803,52.32343,-2.092148,83.27999999999997,Vw14a
191.20800000000003,0.1727000000001085,0.42769999999992775,8.813299999999867,0.06180000000002469,0.024999999999987314,0.034399999999978295,52.32343,-2.092148,83.18999000000002,Vw14a
191.30800000000002,0.5411960396036481,0.1834425742576762,8.36534851485196,0.14707623762373834,-0.016848514851407065,-0.04066831683166552,52.32343,-2.092148,83.23108910891094,Vw14a
191.40800000000002,-0.3991999999994707,0.9376999999994324,9.790199999999897,0.0747000000000323,0.21829999999996982,0.01249999999992266,52.32343,-2.092148,83.34,Vw14a
191.508,1.4415277227722634,-1.0056564356434037,9.452374257425843,0.18739504950495142,0.1127504950495028,-0.2566237623762363,52.32343,-2.092148,83.34079207920793,Vw14a
191.60800000000003,1.1542999999998351,2.348699999998965,11.559799999999255,0.20689999999999106,0.06780000000001483,-0.22899999999996032,52.32343,-2.092148,83.42000000000003,Vw14a
191.70800000000003,0.5736000000000213,-1.2938999999999072,8.938500000000136,0.175499999999959,0.12000000000001759,-0.08970000000001752,52.32343,-2.092148,83.53,Vw14a
191.80800000000002,0.6499940594060168,-0.9721405940594604,9.43374950495115,0.03134554455441047,0.18070594059403966,-0.15026633663364897,52.32343,-2.092148,83.54079207920795,Vw14a
191.90800000000002,0.8793999999997884,-1.1361999999999093,11.408699999999536,-0.10409999999998834,0.12129999999994193,-0.10689999999996784,52.32343,-2.092148,83.62000000000002,Vw14a
192.008,0.15871584158423596,-0.7980069306929655,9.794141584158428,-0.06357524752475284,-0.08115049504950567,0.006626732673274631,52.32343,-2.092148,83.65128712871288,Vw14a
192.10800000000003,1.7802999999993316,1.3712999999993933,10.068299999999226,-0.07110000000005473,-0.09619999999998308,0.15929999999997613,52.32343,-2.092148,83.78000000000002,Vw14a
192.20800000000003,-0.5711999999996991,-0.7632999999993404,7.341400000001224,-0.26369999999998084,-0.036700000000014756,0.07530000000001962,52.32343,-2.092148,83.82000000000001,Vw14a
192.30800000000002,0.4876999999996143,1.5572999999997723,11.647999999999232,-0.19639999999996302,-0.08860000000002975,0.14430000000001833,52.32343,-2.092148,83.87000000000003,Vw14a
192.40800000000002,-0.8694999999995388,0.7566000000003807,8.946400000000457,-0.06629999999997341,-0.19330000000001418,0.20879999999998936,52.32343,-2.092148,83.96000000000002,Vw14a
192.508,0.746053465346577,2.058415841584043,10.535931683168302,0.02605247524752357,-0.242006930693066,0.17120297029702733,52.32343,-2.092148,84.06079207920793,Vw14a
192.60800000000003,1.6313999999998514,-0.3499999999997486,10.23910000000005,0.0013000000000061391,-0.1726999999999433,0.1214999999999607,52.32343,-2.092148,84.14,Vw14a
192.70800000000003,1.1083999999997465,0.5343000000002066,10.413999999999811,0.02290000000000054,0.026799999999973314,-0.01679999999999403,52.32343,-2.092148,84.16000000000003,Vw14a
192.80800000000002,0.21629999999971297,1.2613999999997647,9.750099999999799,0.02479999999999446,-0.06710000000003163,0.004200000000041666,52.32343,-2.092148,84.25999000000002,Vw14a
192.90800000000002,-0.7935999999994738,0.43339999999965,9.04190000000033,0.005300000000026843,-0.17839999999994882,0.1507999999999694,52.32343,-2.0921479999999995,84.29000000000002,Vw14a
193.008,1.0380554455445494,-0.7885801980198157,10.193826732673259,0.09810297029702637,0.002381188118823751,0.040704950495032304,52.324783,-2.090019,84.36039603960396,Vw14a
193.10800000000003,0.9336000000002955,-1.0766000000004055,9.996500000000085,0.028399999999974564,0.25050000000001,-0.3188000000000163,52.324783,-2.090019,84.40000000000003,Vw14a
193.20800000000003,1.973599999999553,-2.503099999998571,10.298700000000458,-0.06109999999995387,0.28569999999995077,-0.3761999999999132,52.324783,-2.090019,84.47999999999998,Vw14a
193.30800000000002,0.4007999999999937,2.525599999998971,11.908599999999325,0.10119999999999434,0.11250000000000182,-0.07099999999999403,52.324783,-2.090019,84.38999999999999,Vw14a
193.40800000000002,0.3786999999998894,-1.0950999999993414,9.531600000000445,0.08129999999999983,0.1189000000000038,-0.05000000000000147,52.324783,-2.090019,84.32999999999994,Vw14a
193.508,0.01029306930701103,1.1866811881187531,11.082803960396042,0.08049999999999903,0.13255247524752692,-0.055236633663366994,52.324783,-2.090019,84.12970297029702,Vw14a
193.60800000000003,1.6895999999995865,-0.04520000000009505,11.133199999999306,0.060499999999969974,0.1777999999999933,-0.06890000000000372,52.324783,-2.090019,84.09999999999995,Vw14a
193.70800000000003,0.23514455445510163,-0.3796554455446334,8.689239603959818,-0.04514356435646061,0.15413663366336075,-0.08196930693069616,52.324783,-2.090019,83.96138613861382,Vw14a
193.80800000000002,0.05359999999998389,-1.5606999999993934,8.800800000000391,-0.08919999999993054,0.18319999999995382,-0.05170000000000455,52.324783,-2.090019,83.77999999999993,Vw14a
193.90800000000002,-0.003099999999697735,0.5739000000000577,10.178500000000097,0.15519999999997816,0.020700000000008014,-0.0676999999999747,52.324783,-2.090019,83.54999999999987,Vw14a
194.008,1.0604,0.7772,10.5247,0.0783,0.0489,0.0213,52.324783,-2.090019,83.11,Vw14a
194.10800000000003,1.030100000000028,1.9004999999997119,10.998599999999731,0.1263999999999589,0.09599999999998148,0.003999999999999688,52.324783,-2.090019,83.13999999999994,Vw14a
194.20800000000003,1.1288999999999598,0.8862999999989487,10.055399999999763,-0.0182000000000251,0.03079999999997587,0.0029000000000137557,52.324783,-2.090019,82.93,Vw14a
194.30800000000002,0.9871999999996742,-2.8125999999989415,9.21510000000003,-0.10649999999993526,-0.05410000000002211,0.05129999999998992,52.324783,-2.090019,82.94999999999996,Vw14a
194.40800000000002,-0.14345940594057568,0.8720534653465215,9.336145544554538,0.11942277227722974,-0.13055643564356176,0.01571980198019572,52.324783,-2.090019,82.79960386138613,Vw14a
194.508,0.2406,0.5974,11.0907,0.1617,-0.0762,-0.0323,52.324783,-2.090019,82.75999,Vw14a
194.60800000000003,-0.23010000000006722,-0.9085999999993938,8.547900000000038,0.1791999999999542,0.0654000000000287,-0.05400000000000838,52.324783,-2.090019,82.61,Vw14a
194.70800000000003,-0.4665999999997553,1.2240999999999178,8.681500000000447,0.01809999999999244,0.16639999999996768,-0.08350000000000828,52.324783,-2.090019,82.61999999999996,Vw14a
194.80800000000002,0.3942999999999206,0.9350999999999923,10.25369999999993,-0.008500000000002268,0.052699999999981706,-0.112599999999952,52.324783,-2.090019,82.45999999999998,Vw14a
194.90800000000002,0.1134379999999794,0.9005219999999639,9.997286999999943,-0.016278999999999415,-0.012340000000006474,0.05531000000000343,52.324783,-2.090019,82.3998,Vw14a
195.008,-0.3129740000000216,0.14189299999991156,8.826393999999993,-0.003744999999997318,-0.14457899999999796,0.12523599999999824,52.324783,-2.090019,82.37989999999999,Vw14a
195.10800000000003,-0.7553199999999807,-1.6296449999986415,8.707552000000678,0.050838999999988,-0.10195799999996868,0.08752099999994417,52.324783,-2.090019,82.36939999999998,Vw14a
195.20800000000003,-0.6918159999997977,2.413316999999944,10.716652999999809,0.015391000000009678,-0.00748599999995963,-0.07836499999998886,52.324783,-2.090019,82.30949989999999,Vw14a
195.30800000000002,-0.07955799999967222,2.247936000000041,10.16072500000043,0.04391199999999051,0.1131430000000146,-0.044990999999993106,52.324783,-2.090019,82.26099010000003,Vw14a
195.40800000000002,0.9075821782178355,2.3620712871286735,11.424507920791957,0.016715841584164712,0.15723663366336746,-0.024902970297032586,52.324783,-2.090019,82.36118811881188,Vw14a
195.508,1.1958,1.5392,8.8553,0.1483,0.1809,-0.0852,52.324783,-2.090019,82.48,Vw14a
195.60800000000003,0.123499999999956,-0.6298000000000384,8.923699999999899,0.14770000000000755,0.061399999999942875,-0.23919999999997013,52.324783,-2.090019,82.55000000000001,Vw14a
195.70800000000003,-0.03130000000067472,-0.7648999999991074,8.565900000000264,0.17429999999995685,-0.13959999999995024,-0.1340999999999473,52.324783,-2.090019,82.60000000000001,Vw14a
195.80800000000002,-2.3479386138602716,2.3098900990087583,9.491830693069536,0.02465841584160602,0.03451683168319544,0.04798811881183099,52.324783,-2.090019,82.67029702970298,Vw14a
195.90800000000002,1.0081999999995261,-1.1310999999989835,10.1848999999999,0.09049999999999037,0.11620000000006528,-0.10320000000003257,52.324783,-2.090019,82.70000000000005,Vw14a
196.008,-0.6591,2.4452,9.8289,0.0566,0.3459,-0.2178,52.324783,-2.090019,82.87,Vw14a
196.10800000000003,-1.12719999999971,3.0587999999998727,8.922600000000424,0.011800000000033905,0.3642999999999473,-0.21389999999999976,52.324783,-2.090019,82.9,Vw14a
196.20800000000003,-0.13081485148560393,2.6016663366332073,10.387491089108385,0.1299039603960397,0.17889603960390382,-0.2120792079207615,52.324783,-2.090019,82.88168316831688,Vw14a
196.30800000000002,-1.502299999999787,1.2282999999998878,8.806599999999865,0.13030000000005942,0.008499999999995206,-0.1199999999999586,52.324783,-2.090019,83.05000000000004,Vw14a
196.40800000000002,-0.7484752475246945,0.8262643564355884,8.346298019802017,0.33672079207920513,-0.005959405940583341,0.023003960396033883,52.324783,-2.090019,83.19088118811882,Vw14a
196.508,0.4639999999999999,-0.3273,9.0861,0.2788,0.2181,-0.0966,52.324783,-2.090019,83.28,Vw14a
196.60800000000003,-1.535899999999882,3.405999999999745,8.624400000000056,-0.09150000000001265,0.21960000000002514,-0.2856999999999718,52.324783,-2.090019,83.40000000000009,Vw14a
196.70800000000003,-1.1143722772273865,2.5148128712870594,8.821515841584116,-0.1351435643564205,0.30586039603955945,-0.18571584158409918,52.324783,-2.090019,83.68138613861392,Vw14a
196.80800000000002,-0.10160000000026498,2.306100000000254,8.693100000000335,-0.0894999999999953,0.17189999999994085,-0.007300000000019184,52.324783,-2.090019,83.82000000000005,Vw14a
196.90800000000002,-1.0338999999994054,3.2005999999990644,9.874100000000741,-0.07299999999990513,-0.03620000000008851,-0.07479999999991577,52.324783,-2.090019,84.03000000000004,Vw14a
197.008,1.0584,-0.0923,12.4786,0.2608,-0.3476,0.2216,52.324783,-2.090019,84.17,Vw14a
197.10800000000003,0.3192000000000548,-1.9939999999994604,9.112800000000389,0.34849999999991343,-0.41719999999987784,0.17429999999996268,52.324783,-2.090019,84.43000000000005,Vw14a
197.20800000000003,0.5118999999999769,-0.09570000000037898,10.482400000000226,0.0439999999999443,0.012700000000069244,0.042999999999958856,52.324783,-2.090019,84.59000000000006,Vw14a
197.30800000000002,0.4081900990091336,-1.3877643564347126,11.233648514850282,-0.1519000000000631,0.25394554455445695,-0.10018613861385761,52.324783,-2.090019,84.81079207920794,Vw14a
197.40800000000002,-1.9027999999993495,1.4157999999995132,7.6085000000009915,-0.34189999999996606,0.2584999999999552,-0.08879999999994426,52.324783,-2.090019,84.89000000000004,Vw14a
197.508,0.35812277227720346,-0.27438811881185626,11.05317821782175,-0.22149009900988995,0.10130990099009331,0.10492376237623534,52.324783,-2.090019,85.02039603960395,Vw14a
197.60800000000003,-0.14960000000046994,0.24680000000022698,10.370999999999537,0.009500000000012,-0.01769999999998975,0.05729999999997436,52.324783,-2.090019,85.06000000000006,Vw14a
197.70800000000003,-1.7609514851476664,1.027475247524423,8.756728712871292,0.050220792079172086,0.017730693069297986,-0.03160495049503639,52.324783,-2.090019,85.2614752475248,Vw14a
197.80800000000002,0.7938999999994193,0.03500000000023923,8.76959999999973,-0.057700000000033655,-0.009200000000007817,0.007900000000017195,52.324783,-2.090019,85.41000000000004,Vw14a
197.90800000000002,-1.2494999999996323,0.8767000000003569,7.818200000001138,-0.1761000000000229,-0.03670000000000117,0.0684000000000185,52.324783,-2.090019,85.57000000000002,Vw14a
198.008,0.0442,2.1321,11.8198,-0.2567,-0.0408,0.1335,52.324783,-2.090019,85.66,Vw14a
198.10800000000003,0.808100000000034,0.36659999999931486,9.434700000000014,-0.1381000000000005,0.14549999999994,0.17599999999998447,52.324783,-2.090019,85.92000000000002,Vw14a
198.20800000000003,0.9274999999996968,-2.043899999999527,9.48520000000023,-0.1398999999999452,-0.06550000000000537,0.12139999999991961,52.324783,-2.090019,85.99000000000004,Vw14a
198.30800000000002,-0.10653168316758736,-0.398282178217881,10.301981188119498,0.051888118811914,-0.0858227722772816,-0.15765940594056282,52.324783,-2.090019,86.13188118811887,Vw14a
198.40800000000002,2.090299999999373,-0.5764999999992263,12.370099999998837,0.1507000000000085,-0.24809999999992638,-0.0635999999999158,52.324783,-2.090019,86.32000000000008,Vw14a
198.508,-0.1159999999999999,2.1459,8.2768,0.1806,0.0109,0.2327,52.324783,-2.090019,86.64,Vw14a
198.60800000000003,0.8584990099011495,1.9214693069297126,12.047426732671934,0.08131287128705277,0.1506831683168411,0.055895049504864,52.324783,-2.090019,86.78237623762384,Vw14a
198.70800000000003,1.3383999999993608,-1.0315999999989829,8.030100000000509,-0.1473999999999674,0.17900000000000751,-0.20459999999996242,52.324783,-2.090019,87.02000000000005,Vw14a
198.80800000000002,-0.9106000000000635,2.54709999999949,9.82219999999944,-0.03269999999993056,0.20549999999999527,-0.0724000000000185,52.324783,-2.090019,87.24000000000001,Vw14a
198.90800000000002,-1.1340999999994805,0.7539999999991819,7.847100000000658,0.21160000000000737,0.18889999999996818,-0.13750000000003998,52.324783,-2.090019,87.29000000000005,Vw14a
199.008,0.6937217821786499,-2.124514851485829,10.161753465347083,0.23744158415842195,0.07691980198017156,-0.27809405940597387,52.324783,-2.090019,87.4583168316832,Vw14a
199.10800000000003,0.9427000000001229,0.40480000000047467,10.063800000000764,0.26320000000000765,-0.02719999999998138,-0.1303999999999789,52.324783,-2.090019,87.72000000000004,Vw14a
199.20800000000003,1.3752999999991868,2.0748999999997655,12.753199999998717,0.29019999999992313,0.03830000000004722,-0.05620000000000633,52.324783,-2.090019,87.89000000000006,Vw14a
199.30800000000002,-1.4853930693076067,1.2504445544552507,8.242110891088043,0.019704950494985607,0.20443861386142542,-0.07847722772277754,52.324783,-2.090019,88.07811881188123,Vw14a
199.40800000000002,1.1214000000003046,2.7054999999989398,11.602999999999417,0.03419999999995384,0.2708000000000073,-0.15590000000003612,52.324783,-2.090019,88.32000000000001,Vw14a
199.508,2.160343564356331,-0.9755415841583648,9.566385148514804,-0.12564356435643106,0.2963138613861387,-0.2802445544554386,52.324783,-2.090019,88.39178217821784,Vw14a
199.60800000000003,-0.025299999999561226,0.09029999999948526,8.584900000000898,-0.029999999999941393,0.29769999999995167,-0.1346999999999973,52.324783,-2.090019,88.57000000000006,Vw14a
199.70800000000003,1.5184999999995659,-1.720799999999135,11.748499999999146,0.1762000000000159,0.12749999999993494,-0.1252000000000253,52.324783,-2.090019,88.84000000000002,Vw14a
199.80800000000002,-0.00909999999996348,1.323000000000006,8.744400000000308,0.23220000000003305,-0.10139999999992808,-0.21419999999994793,52.324783,-2.090019,88.90000000000006,Vw14a
199.90800000000002,0.11940000000016249,1.3432999999998465,9.827200000000545,0.34849999999998327,0.15169999999999795,-0.03099999999999288,52.324783,-2.090019,89.07999000000004,Vw14a
200.008,0.6910831683169667,0.8032009900988821,11.748982178218276,0.2896881188118673,0.14447227722772107,-0.0059504950494990265,52.324783,-2.090019,89.18890089108915,Vw14a
200.10800000000003,-1.8090949999985797,2.9358319999993494,8.86773100000038,-0.0652460000000115,0.29733000000000437,-0.2838299999999677,52.324783,-2.090019,89.26159010000005,Vw14a
200.20800000000003,2.418919801980205,0.9892514851482045,10.00538415841604,-0.09879900990096682,0.3078564356434865,-0.18577029702963557,52.324783,-2.090019,89.42178217821788,Vw14a
200.30800000000002,2.4408999999991643,0.05439999999990815,10.60379999999966,-0.028699999999969607,0.0735000000000029,0.01719999999999471,52.324783,-2.090019,89.60000000000002,Vw14a
200.40800000000002,-0.49989207920861567,-0.2687683168317596,9.408552475247241,0.0782306930693322,0.0836980198019826,-0.0014138613861430158,52.324783,-2.090019,89.67920792079211,Vw14a
200.508,-1.2512,-1.5526,10.2387,0.0056,-0.1814,-0.062,52.324783,-2.090019,89.92,Vw14a
200.60800000000003,-0.30939999999980106,2.1282999999995016,10.643599999999708,-0.03369999999998724,-0.021500000000006934,0.20129999999997367,52.324783,-2.090019,89.98000000000003,Vw14a
200.70800000000003,0.39059999999992984,0.37449999999987177,9.616400000000173,0.011199999999971894,-0.045899999999969486,0.10859999999996317,52.324783,-2.090019,90.10000000000002,Vw14a
200.80800000000002,0.14115940594042667,-0.05405742574197514,10.210143564356148,-0.08676138613861589,0.061808910891135896,-0.019732673267327815,52.324783,-2.090019,90.19098019801983,Vw14a
200.90800000000002,-0.36290000000021,1.7502000000002118,9.344500000000295,-0.09290000000001589,0.2026999999998711,-0.022999999999967,52.324783,-2.090019,90.29000000000005,Vw14a
201.008,-1.1018,2.4957,10.3837,-0.1488,-0.2508,0.0931,52.324783,-2.090019,90.43999,Vw14a
201.10800000000003,-0.2167000000001462,-3.534999999997891,8.778000000000208,-0.18619999999998238,-0.23230000000002804,0.31239999999993956,52.324783,-2.090019,90.60000000000002,Vw14a
201.20800000000003,-0.7310999999997565,3.8854999999982285,9.515399999999715,-0.12420000000001945,-0.33089999999997816,0.09980000000002259,52.324783,-2.090019,90.68999,Vw14a
201.30800000000002,0.1254999999997049,-2.346599999998859,8.512600000000633,-0.19259999999997438,-0.25389999999998086,0.17930000000001017,52.324783,-2.090019,90.70000000000002,Vw14a
201.40800000000002,-0.9127999999995118,1.6678999999991497,10.73739999999938,-0.10250000000001139,-0.1865999999999317,0.21509999999996648,52.324783,-2.090019,90.75000000000003,Vw14a
201.508,0.8046,-1.3235,8.5534,-0.1426,0.0536,0.0971,52.324783,-2.090019,90.82999,Vw14a
201.60800000000003,-0.01960000000031619,0.08870000000060496,12.494599999999522,-0.07069999999997882,0.21669999999996775,-0.1021000000000116,52.324783,-2.090019,90.84000000000002,Vw14a
201.70800000000003,-1.132099999999974,2.217199999999997,10.81559999999992,0.003800000000054115,0.10319999999997186,-0.14289999999995925,52.324783,-2.090019,90.91000000000001,Vw14a
201.80800000000002,-1.0401999999995355,2.2055999999996465,10.533100000000333,0.19419999999999388,0.004200000000027876,0.000499999999987483,52.324783,-2.090019,90.98000000000002,Vw14a
201.90800000000002,0.5552772277226655,0.9625415841583614,11.65878514851468,0.17342475247525052,0.09988316831682491,-0.04333564356435756,52.32479777227722,-2.089997,91.03881188118812,Vw14a
202.008,-1.6769999999999998,-0.1733,8.0573,0.2359,-0.0418,-0.0669,52.326275,-2.087797,90.92,Vw14a
202.10800000000003,-0.7417000000003708,1.118700000000639,10.268899999999515,0.10319999999996851,0.12710000000005103,-0.06050000000004642,52.326275,-2.087797,90.90999999999998,Vw14a
202.20800000000003,-2.0237079207917543,3.320142574256617,8.586686138614144,-0.007419801980228562,0.30567326732675837,-0.2223366336633709,52.326275,-2.087797,90.83811881188113,Vw14a
202.30800000000002,-1.0444999999994835,0.8843999999990373,9.435300000000545,-0.09940000000000594,0.38299999999997025,-0.23599999999995844,52.326275,-2.087797,90.65000000000002,Vw14a
202.40800000000002,0.7304168316830535,-2.431860396039427,11.323580198019751,-0.12156336633664067,0.2778801980197928,-0.0912306930693066,52.326275,-2.087797,90.68909900990099,Vw14a
202.508,-1.6679,1.2621,10.2816,-0.2679,0.0859,-0.0843,52.326275,-2.087797,90.6,Vw14a
202.60800000000003,-0.7044188118816205,-3.9548039603937952,8.094713861387273,0.09938613861387753,-0.06737821782169845,0.29355841584155956,52.326275,-2.087797,90.46960396039603,Vw14a
202.70800000000003,-2.0062999999997433,2.8047999999983313,11.50609999999865,0.14799999999988397,0.18479999999988675,0.2193999999999059,52.326275,-2.087797,90.42999999999998,Vw14a
202.80800000000002,-1.1037000000003985,-3.0663999999983744,6.757400000001405,-0.2602000000000149,-0.21359999999994067,-0.11179999999993963,52.326275,-2.087797,90.31999999999998,Vw14a
202.90800000000002,-2.461208823529255,2.5548578431370554,11.642704901960741,-0.3095647058823397,-0.008817647058833148,0.0996313725490253,52.326275,-2.087797,90.24882352941177,Vw14a
203.008,0.6579088235301418,-1.4193578431381857,10.80319509803902,-0.04603529411758539,-0.20058235294122137,0.2127686274510069,52.326275,-2.087797,90.1311764705882,Vw14a
203.10800000000003,-2.553150000000783,2.1417280000008683,10.189612999999854,-0.11240300000001666,-0.2516040000000118,0.1583609999999866,52.326275,-2.087797,90.1399,Vw14a
203.20800000000003,0.5923970297030732,-1.5191376237624838,10.421315841583658,-0.04945049504948006,-0.43638316831680124,0.15656039603963917,52.326275,-2.087797,90.21920792079206,Vw14a
203.30800000000002,0.9020999999987176,-1.8428999999983615,8.912900000000226,0.025499999999998378,-0.3447000000000106,0.2626000000000098,52.326275,-2.087797,90.14000000000003,Vw14a
203.40800000000002,-3.6101999999981667,3.922199999998074,9.704000000000274,0.01979999999998215,-0.38209999999997846,0.2970999999999524,52.326275,-2.087797,90.23000000000002,Vw14a
203.508,2.8404,-2.855,10.6673,-0.043,-0.3064,0.1298,52.326275,-2.087797,90.29,Vw14a
203.60800000000003,-1.2243999999997803,-0.5243000000002466,8.390300000000737,-0.22069999999999315,0.21209999999997353,0.061799999999976346,52.326275,-2.087797,90.17,Vw14a
203.70800000000003,-0.4799049504957337,-1.3567019801971398,10.957000000000003,-0.19589009900987078,0.11922574257423504,-0.02188712871291403,52.326275,-2.087797,90.15,Vw14a
203.80800000000002,-2.5403999999993605,1.2931000000003974,10.966999999999983,-0.1049000000000298,0.05179999999997945,-0.15059999999992646,52.326275,-2.087797,90.15,Vw14a
203.90800000000002,-0.2903000000001558,2.6917999999990556,10.906399999999342,-0.20979999999999488,-0.02050000000000164,0.1082000000000043,52.326275,-2.087797,90.14000000000004,Vw14a
204.008,-0.836118811881203,-0.602029702970311,8.629435643564415,-0.19152178217821553,-0.025670297029700438,0.12251386138613533,52.326275,-2.087797,90.27009900990099,Vw14a
204.10800000000003,-1.1479999999999637,-0.8949999999998415,9.852999999999929,-0.14369999999994132,0.027300000000005004,0.05389999999998792,52.326275,-2.087797,90.27999999999997,Vw14a
204.20800000000003,-1.0205000000000213,-0.33700000000010766,9.600399999999832,0.06270000000000833,0.04489999999998971,0.011399999999969476,52.326275,-2.087797,90.18000000000004,Vw14a
204.30800000000002,-1.0953000000000355,-0.7156999999996191,9.005700000000274,0.091999999999977,0.008699999999990876,-0.09599999999998338,52.326275,-2.087797,90.25998999999999,Vw14a
204.40800000000002,-1.2205000000000688,0.6247000000000664,9.974699999999924,0.011100000000002387,-0.02340000000002146,-0.03749999999993468,52.326275,-2.087797,90.21,Vw14a
204.508,-1.4626,0.8583,9.7079,0.0195,-0.0989,0.1923,52.326275,-2.087797,90.22,Vw14a
204.60800000000003,0.011099999999528853,0.5995999999998728,9.419099999999952,0.026999999999977774,-0.004200000000053035,0.10279999999996252,52.326275,-2.087797,90.3,Vw14a
204.70800000000003,-1.6465999999992813,0.15179999999976426,9.248699999999708,-0.05119999999994023,-0.19079999999997,-0.02909999999998613,52.326275,-2.087797,90.32000000000001,Vw14a
204.80800000000002,0.8821999999991743,-0.6775999999996561,8.22540000000046,0.15910000000003696,-0.08519999999997453,0.019699999999948637,52.326275,-2.087797,90.35000000000004,Vw14a
204.90800000000002,-2.004550495049557,0.5619039603962396,9.845116831683262,0.2859108910890994,0.004900000000006698,-0.16036534653465906,52.326275,-2.087797,90.52089108910891,Vw14a
205.008,-3.0896,4.7423,11.8068,0.087,0.1449,-0.2769,52.326275,-2.087797,90.61,Vw14a
205.10800000000003,-2.631199999999303,4.385599999998411,11.053700000000093,0.2018000000000146,0.2921999999999769,-0.2409000000000021,52.326275,-2.087797,90.64000000000001,Vw14a
205.20800000000003,-0.18484554455384597,-1.1674217821787929,11.351888118810828,0.2524772277227649,0.21458514851494728,-0.24812277227722515,52.326275,-2.087797,90.69950495049504,Vw14a
205.30800000000002,1.650599999999597,-2.899599999999359,8.180700000000673,0.23019999999998286,0.5031000000000234,-0.24040000000001605,52.326275,-2.087797,90.65000000000003,Vw14a
205.40800000000002,0.2324000000004906,-0.6452000000007004,10.55219999999973,0.16989999999996094,0.5854000000000368,-0.2968000000000397,52.326275,-2.087797,90.76999999999998,Vw14a
205.508,1.8845742574254711,-3.00380693069268,9.608704950495031,0.03312871287128344,0.7119198019801904,-0.4355207920792099,52.326275,-2.087797,90.7109900990099,Vw14a
205.60800000000003,-3.787999999998994,5.1354999999979905,9.209200000000083,-0.043999999999994745,0.5538999999998917,-0.47759999999990016,52.326275,-2.087797,90.81000000000004,Vw14a
205.70800000000003,-0.29999900990153133,-1.817669306929065,9.49834059405927,-0.024789108910860842,0.17716039603961925,-0.12898712871284762,52.326275,-2.087797,90.96,Vw14a
205.80800000000002,-1.9298999999986477,3.0853999999984967,9.092400000000527,0.06630000000000955,0.22319999999999152,-0.05770000000006585,52.326275,-2.087797,90.96000000000002,Vw14a
205.90800000000002,2.828099999999456,-2.204399999998975,10.951200000000027,0.09990000000000546,0.19329999999994815,-0.28939999999996513,52.326275,-2.087797,91.06000000000002,Vw14a
206.008,0.9135,1.402,11.048,0.1191,0.0109,-0.1668,52.326275,-2.087797,91.11,Vw14a
206.10800000000003,2.2063980198006155,-1.2394574257417728,10.617455445543929,0.05170099009901325,-0.20034851485153657,0.213575247524745,52.326275,-2.087797,91.16108910891093,Vw14a
206.20800000000003,-1.903799999999709,1.1748000000000698,8.733000000000793,0.06180000000000643,-0.3551999999999247,0.19109999999999075,52.326275,-2.087797,91.27000000000001,Vw14a
206.30800000000002,-0.8821534653462443,1.3995801980192102,11.47121089108829,0.08441188118812584,-0.09272772277227151,0.1564554455444733,52.326275,-2.087797,91.32069306930694,Vw14a
206.40800000000002,-0.007500000000062442,-0.38239999999947666,9.00230000000076,0.10560000000003038,-0.0754999999999851,-0.0879999999999832,52.326275,-2.087797,91.39000000000001,Vw14a
206.508,-0.2272,1.4591,11.6787,0.2125,-0.0231,-0.0289,52.326275,-2.087797,91.43,Vw14a
206.60800000000003,1.9653999999995522,0.6267000000000721,11.974599999999674,0.38859999999994455,-0.05010000000000904,0.05939999999994765,52.326275,-2.087797,91.48000000000003,Vw14a
206.70800000000003,0.39000000000049645,0.8802999999988412,10.821799999999667,0.1934999999999749,-0.0818999999999315,-0.1248000000000015,52.326275,-2.087797,91.58999999999997,Vw14a
206.80800000000002,2.0818019801967744,-3.1025415841566506,9.67468316831714,0.1064267326732815,0.15809207920796703,-0.1304178217821921,52.326275,-2.087797,91.48019801980199,Vw14a
206.90800000000002,-1.667999999999844,2.2132999999999585,10.603000000000149,0.1490999999999965,0.29729999999999807,-0.17219999999999697,52.326275,-2.087797,91.5,Vw14a
207.008,-1.1192,2.0684,11.1278,0.1368,0.2904,-0.1616,52.326275,-2.087797,91.48,Vw14a
207.10800000000003,-1.0752999999990638,1.5695999999998542,11.166300000000485,0.07759999999987681,0.18840000000003854,-0.14129999999996523,52.326275,-2.087797,91.32998999999995,Vw14a
207.20800000000003,2.1708799999995203,1.0436279999993958,12.81951099999876,-0.35103699999998456,0.32173599999997127,-0.019626999999980944,52.326275,-2.087797,91.19759999999992,Vw14a
207.30800000000002,0.7568340000004462,-0.7605370000001693,9.141879000000461,-0.3030079999999278,0.2344229999999414,0.036553999999982,52.326275,-2.087797,90.95859999999995,Vw14a
207.40800000000002,2.080966999999924,-1.2624089999999675,10.515622999999952,-0.0859379999999997,0.05654499999999056,-0.017369999999999372,52.326275,-2.087797,90.81709999999998,Vw14a
207.508,0.4999159999998865,-0.5603819999998085,9.5286010000001,-0.07979299999999996,-0.13889000000000903,-0.0016549999999862534,52.326275,-2.087797,90.5292,Vw14a
207.60800000000003,-1.8074514851479322,3.3355960396030904,11.564556435643775,-0.07970693069308947,-0.32537524752473174,0.2812316831683578,52.326275,-2.087797,90.44732673267318,Vw14a
207.70800000000003,-0.052599999999991646,0.7151999999998778,12.200199999999795,-0.14040000000002834,-0.26289999999992075,0.40439999999988785,52.326275,-2.087797,90.17999999999996,Vw14a
207.80800000000002,-0.024013861386155678,0.27170495049444865,11.447644554454357,-0.23907227722772187,0.010976237623685214,0.012666336633625722,52.326275,-2.087797,90.04613861386126,Vw14a
207.90800000000002,-0.07539999999981577,-1.5378000000003063,8.17210000000004,-0.23629999999995782,-0.2214000000000502,-0.10069999999986591,52.326275,-2.087797,89.65999999999997,Vw14a
208.008,0.5728,-2.6153,8.3123,-0.0879,-0.3979999999999999,0.3711,52.326275,-2.087797,89.55,Vw14a
208.10800000000003,-0.671500000000422,-2.1575999999982605,9.627700000000656,-0.1282000000000157,-0.3510000000000421,0.421299999999972,52.326275,-2.087797,89.41999999999993,Vw14a
208.20800000000003,-2.1140099999990825,3.8405859999979612,11.876024999998881,-0.18375500000003175,-0.49482699999990115,0.3238330000000044,52.326275,-2.087797,89.14829999999995,Vw14a
208.30800000000002,0.6094613861383502,-2.170146534651494,8.56689108910973,-0.2778128712871125,-0.20358613861396388,0.3354069306930164,52.326275,-2.087797,88.9786138613861,Vw14a
208.40800000000002,-0.18439999999909887,3.765199999997402,11.03599999999917,-0.22909999999998581,-0.512199999999984,0.17610000000004095,52.326275,-2.087797,88.83999999999996,Vw14a
208.508,2.911470297029497,-5.215311881187787,8.157200990099065,-0.17752772277226683,-0.45225148514849406,0.317817821782174,52.326275,-2.087797,88.66891089108911,Vw14a
208.60800000000003,-1.3914999999995328,1.7134999999983445,9.317299999999804,0.03969999999999375,-0.017399999999964385,0.2295999999998997,52.326275,-2.087797,88.55999999999992,Vw14a
208.70800000000003,0.2518999999993364,-4.1112999999979305,8.630300000000673,0.017699999999967214,0.10789999999994775,-0.12329999999999154,52.326275,-2.087797,88.25998999999992,Vw14a
208.80800000000002,-2.039219801979515,3.052459405939082,10.963448514851079,-0.09534455445540718,-0.07337722772274828,-0.09142970297021832,52.326275,-2.087797,87.9785148514851,Vw14a
208.90800000000002,0.018799999999867072,-1.5015999999989995,9.738300000000624,0.020200000000001363,-0.0010999999999631656,0.14559999999998632,52.326275,-2.087797,87.82999999999993,Vw14a
209.008,-0.4489,2.0191,11.9344,0.025,0.1285,0.0975,52.326275,-2.087797,87.57,Vw14a
209.10800000000003,0.08923600000001783,-2.030162999999713,7.903735000000969,0.09219600000000319,0.1359640000000221,-0.1780080000000435,52.326275,-2.087797,87.27739999999991,Vw14a
209.20800000000003,0.13273267326700905,-1.1926435643570181,10.767199009900295,0.10218217821783779,0.20164059405940396,-0.30482277227713883,52.326275,-2.087797,87.01722772277218,Vw14a
209.30800000000002,-0.824000000000173,-2.9469999999989236,8.677100000000223,0.15039999999999792,0.19570000000000234,-0.03710000000002385,52.326275,-2.087797,86.73999999999994,Vw14a
209.40800000000002,-1.4325999999999248,0.8400000000001008,9.466300000000349,0.14310000000000053,0.2038999999999957,-0.12100000000000233,52.326275,-2.087797,86.51999999999992,Vw14a
209.508,-1.1611359999999538,1.1906769999999975,10.67450499999998,0.14401299999999573,0.18893200000000016,-0.12843299999999677,52.326275,-2.087797,86.2795,Vw14a
209.60800000000003,-0.2221267326735272,1.1351475247523506,10.24736732673261,0.056227722772278145,0.1918049504950397,-0.062009900990086055,52.326275,-2.087797,86.22752475247518,Vw14a
209.70800000000003,-1.0047999999995612,0.7598999999991035,10.05409999999965,0.05899999999997879,0.1623000000000218,-0.023000000000018415,52.326275,-2.087797,85.97999999999998,Vw14a
209.80800000000002,0.538899999999062,-2.3942999999982755,8.8240000000006,-0.015600000000020604,0.2390000000000102,-0.08780000000000839,52.326275,-2.087797,85.88999999999997,Vw14a
209.90800000000002,-2.761299999999396,3.6734999999990534,10.93779999999935,-0.08810000000002216,0.2748999999999427,-0.117299999999979,52.326275,-2.087797,85.78999999999998,Vw14a
210.008,-0.6361,0.3415,8.6517,-0.1661,0.0734,-0.0434,52.326275,-2.087797,85.67,Vw14a
210.10800000000003,-0.5991693069306844,1.6813019801983367,10.223878217822154,-0.22857524752476724,-0.15679801980203462,-0.003003960396030049,52.326275,-2.087797,85.53138613861383,Vw14a
210.20800000000003,1.101299999999382,-1.1090999999991347,10.462500000000153,-0.17500000000000093,-0.1675000000000193,0.29639999999998173,52.326275,-2.087797,85.40000000000002,Vw14a
210.30800000000002,-1.0292188118804682,1.8711633663355134,10.974321782177498,-0.17875742574258943,-0.23497623762377154,0.23214851485146681,52.326275,-2.087797,85.43909900990097,Vw14a
210.40800000000002,1.1389000000000082,-1.502499999999645,8.806500000000261,-0.22449999999993928,-0.26259999999999134,0.17699999999999758,52.326275,-2.087797,85.34999999999998,Vw14a
210.508,1.168,-0.2534,9.7247,-0.0108,-0.2321,0.1685,52.326275,-2.087797,85.32,Vw14a
210.60800000000003,0.6567569999994731,-3.083731999999256,10.283752999999493,0.09506600000000884,-0.16273099999997442,0.06430299999997682,52.326275,-2.087797,85.34939999999997,Vw14a
210.70800000000003,-0.9207440000003007,-0.8206809999983832,8.784654000000344,0.12122899999999431,-0.08498399999994626,-0.00486300000000542,52.326275,-2.087797,85.2899,Vw14a
210.80800000000002,-1.809856435643357,3.9534376237610758,9.80744653465339,0.10236930693062897,0.07621584158419878,-0.021807920792106035,52.326275,-2.087797,85.28059405940596,Vw14a
210.90800000000002,-1.1854999999998912,0.03720000000014426,9.5820999999998,-0.0906999999999989,0.19780000000002748,-0.10260000000000626,52.326275,-2.0877969999999997,85.34000000000002,Vw14a
211.008,-0.7944247524751912,0.5213079207919912,8.905075247524847,-0.08581188118811361,0.2915841584158324,-0.12474356435643728,52.327934,-2.086125,85.41019801980198,Vw14a
211.10800000000003,0.3830999999996374,-1.3178999999991097,10.86259999999981,0.023000000000004975,0.10000000000000717,-0.15909999999998456,52.327934,-2.086125,85.43,Vw14a
211.20800000000003,-0.8926999999999055,1.815099999999671,10.195499999999676,0.04050000000000765,0.12519999999998746,-0.10479999999997985,52.327934,-2.086125,85.45000000000002,Vw14a
211.30800000000002,-0.5597999999997623,0.6577000000001341,9.056900000000258,0.06739999999997727,0.08110000000000347,-0.033899999999967116,52.327934,-2.086125,85.50999000000003,Vw14a
211.40800000000002,0.27669999999967954,1.1294999999997561,9.964299999999987,-0.012599999999986643,0.09329999999997103,0.08179999999996425,52.327934,-2.086125,85.59000000000002,Vw14a
211.508,-0.8508,0.2715,9.9222,0.0344,-0.0086,-0.044,52.327934,-2.086125,85.63,Vw14a
211.60800000000003,-0.48588999999927146,0.8804329999999712,10.091620000000498,-0.08008700000005277,0.07938599999994965,-0.09975899999994212,52.327934,-2.086125,85.83909999999997,Vw14a
211.70800000000003,1.6667669999994537,0.7615789999989019,11.53077399999841,-0.23823100000003428,-0.07129400000002639,0.0734540000000284,52.327934,-2.086125,85.75070000000002,Vw14a
211.80800000000002,0.05254950495091508,-2.4665475247511153,6.845307920793717,-0.33767029702961565,-0.15076039603963254,0.1583831683168444,52.327934,-2.086125,85.81970297029702,Vw14a
211.90800000000002,1.3174999999994002,1.628699999999158,11.7760999999989,-0.07469999999998547,-0.23679999999995993,0.19670000000000176,52.327934,-2.086125,85.79000000000003,Vw14a
212.008,-0.7746702970297196,-1.2611217821780132,7.979584158416013,-0.026007920792088336,-0.10026237623763841,0.2021930693069278,52.327934,-2.086125,85.89148514851486,Vw14a
212.10800000000003,-1.1216999999994224,3.016699999999079,11.567999999999392,-0.2167999999999711,-0.406499999999994,0.141500000000014,52.327934,-2.086125,86.04000000000002,Vw14a
212.20800000000003,0.9106999999994455,-0.22379999999891168,9.4305000000005,-0.11509999999997399,-0.3853999999999528,0.19080000000003536,52.327934,-2.086125,86.10000000000008,Vw14a
212.30800000000002,-0.9999299999993218,3.5047789999979453,11.157538999999543,-0.02417999999998945,-0.22074399999999816,0.31299799999996697,52.327934,-2.086125,86.38879999999996,Vw14a
212.40800000000002,1.041615841584183,-2.647102970296944,9.783993069306923,0.007101980198017898,-0.21840693069308464,0.21320396039603673,52.327934,-2.086125,86.27099009900991,Vw14a
212.508,1.5532,-0.8574,9.6533,-0.0327,-0.5391,0.1536,52.327934,-2.086125,86.37,Vw14a
212.60800000000003,1.8906257425743371,-0.28839009900976653,10.570626732673485,-0.0030960396039533995,-0.43820891089106523,0.4639960396040338,52.327934,-2.086125,86.49871287128715,Vw14a
212.70800000000003,0.5717396039601914,-0.17376336633651954,9.535218811880744,0.10721188118810925,-0.02282475247527491,0.16030495049493013,52.327934,-2.086125,86.45792079207914,Vw14a
212.80800000000002,-0.04430000000007665,0.16990000000031025,8.197100000000544,0.07840000000006216,-0.1053000000000051,-0.1991999999999391,52.327934,-2.086125,86.24999999999997,Vw14a
212.90800000000002,-0.31399999999968636,1.2615000000002174,10.107700000000595,0.29710000000000897,-0.12319999999993918,0.015100000000063722,52.327934,-2.086125,86.12999999999995,Vw14a
213.008,0.7895,2.026,12.2005,0.3287,0.0908,0.2393,52.327934,-2.086125,85.99,Vw14a
213.10800000000003,-1.103043564356168,2.827816831682684,11.513646534653072,0.2597475247524403,0.26552376237622183,-0.22630396039607295,52.327934,-2.086125,85.88811881188113,Vw14a
213.20800000000003,-0.2973999999999447,1.3694999999995803,10.328299999999587,0.1544999999999735,0.21789999999994236,-0.3266999999999192,52.327934,-2.086125,85.69999999999996,Vw14a
213.30800000000002,-0.10318019801974487,-0.09167920792076482,8.892827722772411,0.06259801980199341,0.019170297029771716,-0.04424554455442043,52.327934,-2.086125,85.56960396039602,Vw14a
213.40800000000002,0.06880000000021873,-0.009600000000185025,9.295600000000771,0.10240000000003122,0.22619999999990567,0.06119999999996305,52.327934,-2.086125,85.52999999999996,Vw14a
213.508,0.8384,-0.6606,12.0079,0.2122,-0.1057,-0.0688,52.327934,-2.086125,85.39,Vw14a
213.60800000000003,-0.5076999999996621,-0.5606999999994471,7.537800000001148,0.3257999999999764,-0.18639999999993168,-0.04589999999997604,52.327934,-2.086125,85.48999999999997,Vw14a
213.70800000000003,0.68119999999984,1.384799999999368,11.57979999999918,0.24269999999995898,0.0540000000000291,0.038399999999949634,52.327934,-2.086125,85.39999999999998,Vw14a
213.80800000000002,0.11819999999992914,-0.8389999999994765,8.691200000000485,0.09840000000000328,0.15639999999998208,-0.1388000000000168,52.327934,-2.086125,85.27999999999997,Vw14a
213.90800000000002,-0.12973113207547715,1.0004537735849812,10.364224528301794,0.1110292452830248,0.09169433962263086,-0.19516132075470666,52.327934,-2.086125,85.15877358490565,Vw14a
214.008,-0.24284433962264634,2.5658311320755387,8.446677358490483,0.23395377358491096,-0.12887169811321703,0.018706603773594094,52.327934,-2.086125,85.0361320754717,Vw14a
214.10800000000003,1.9711999999992864,1.609600000000225,11.956299999998755,0.27730000000000116,0.03610000000006449,0.23809999999989456,52.327934,-2.086125,84.90999999999995,Vw14a
214.20800000000003,-0.5397000000006966,2.402100000000001,7.577000000000971,0.28139999999998405,0.2629999999999972,-0.13290000000006588,52.327934,-2.086125,84.7499999999999,Vw14a
214.30800000000002,-2.9908881188124607,2.4053673267326743,10.99056435643645,0.22526138613860058,0.25299999999999767,-0.3647811881188667,52.327934,-2.086125,84.4232673267326,Vw14a
214.40800000000002,1.4610999999995467,-0.9208999999998692,9.092199999999464,-0.0016000000000514463,0.045600000000043696,-0.1628999999999282,52.327934,-2.086125,84.28999999999995,Vw14a
214.508,-0.07921485148496155,-0.4518871287128081,7.254100000000135,-0.18350891089110205,0.1959653465346447,0.08734653465346652,52.327934,-2.086125,84.09811881188118,Vw14a
214.60800000000003,3.8292999999987773,0.8693999999994643,10.084099999999156,-0.4543999999999889,0.012499999999960978,0.11200000000000039,52.327934,-2.086125,83.90999999999991,Vw14a
214.70800000000003,-0.4729000000007466,-1.0151999999991437,7.116500000000837,-0.4153999999999047,-0.12480000000000775,0.11370000000001461,52.327934,-2.086125,83.6099999999999,Vw14a
214.80800000000002,-3.0997999999994663,1.9976999999996192,10.059400000000144,-0.0801000000000002,-0.15209999999997442,0.1650999999999644,52.327934,-2.086125,83.25998999999993,Vw14a
214.90800000000002,-1.2210871287124272,0.6579970297026536,10.56811287128725,-0.08079306930693085,-0.06209999999997873,0.039852475247495134,52.327934,-2.086125,82.99267316831677,Vw14a
215.008,-3.262193000000491,1.8921980000002976,11.03424300000011,-0.15821800000001845,-0.35305200000006953,0.3022370000000628,52.327934,-2.086125,82.89099999999998,Vw14a
215.10800000000003,2.8848465346526266,-1.4444811881179314,9.410823762376502,-0.06400495049509285,-0.1877227722772783,0.44856138613849306,52.327934,-2.086125,82.6471287128712,Vw14a
215.20800000000003,0.3595000000002878,1.2073999999987415,10.203199999999457,-0.19450000000003334,-0.3399999999999686,0.08469999999998223,52.327934,-2.086125,82.35999999999989,Vw14a
215.30800000000002,1.3721999999989454,-3.2208999999982213,8.29130000000086,-0.31179999999998576,-0.22939999999999772,0.022200000000094134,52.327934,-2.086125,81.96999999999994,Vw14a
215.40800000000002,-2.3388999999993967,3.0373999999992436,11.313799999999372,-0.26169999999998206,-0.22140000000001306,0.353400000000002,52.327934,-2.086125,81.77999999999996,Vw14a
215.508,-0.2159,0.3762,9.0989,-0.1986,-0.2673,0.3605,52.327934,-2.086125,81.64,Vw14a
215.60800000000003,-1.9604782178207654,3.5192396039587104,11.523445544553773,-0.04829801980198345,-0.2079277227722582,-0.04297029702970198,52.327934,-2.086125,81.43929702970296,Vw14a
215.70800000000003,1.1016999999997126,-1.5567999999992141,9.468000000000055,-0.05810000000000161,-0.1507000000000014,-0.0399999999999272,52.327934,-2.086125,81.36999999999995,Vw14a
215.80800000000002,0.10869801980224246,1.138323762374847,9.645262376237088,-0.06373663366336756,-0.15449504950491713,0.21368910891089407,52.327934,-2.086125,81.15910891089105,Vw14a
215.90800000000002,0.8984999999995791,-3.0492999999985937,8.031500000000852,-0.0673999999999788,-0.05399999999999642,0.22259999999991387,52.327934,-2.086125,81.06999999999994,Vw14a
216.008,-0.5822,1.8985,11.0343,0.0072,-0.0414,-0.0804,52.327934,-2.086125,80.86,Vw14a
216.10800000000003,1.04379999999982,-0.7585999999995494,7.8444000000009595,0.045800000000066336,-0.2192999999999575,0.08979999999999634,52.327934,-2.086125,80.75998999999999,Vw14a
216.20800000000003,0.4099000000001042,0.8268000000000073,11.219499999999693,0.2791999999999949,-0.0698000000000016,0.07689999999997263,52.327934,-2.086125,80.73000000000002,Vw14a
216.30800000000002,0.7764999999998277,0.8524000000000883,10.136700000000141,0.2612999999999529,-0.07539999999999036,-0.019400000000011967,52.327934,-2.086125,80.79999999999995,Vw14a
216.40800000000002,0.17020000000025035,1.1629000000000453,10.638199999999784,0.09560000000000808,-0.04149999999996743,-0.06149999999999241,52.327934,-2.086125,80.62999999999998,Vw14a
216.508,1.0511,1.3219999999999998,9.8841,0.124,0.0731,-0.0348,52.327934,-2.086125,80.58,Vw14a
216.60800000000003,0.28910000000012426,-0.4653999999997414,9.499699999999962,0.1266999999999955,0.044799999999995434,-0.002399999999991014,52.327934,-2.086125,80.65000000000002,Vw14a
216.70800000000003,0.7120405940590818,0.4299940594057644,9.361951485148525,0.10989306930689394,0.030432673267377624,0.028340594059387363,52.327934,-2.086125,80.72,Vw14a
216.80800000000002,-0.2638999999999508,-0.1005999999994338,9.397100000000627,-0.0007999999999871959,0.18369999999991465,-0.027599999999965378,52.327934,-2.086125,80.72000000000003,Vw14a
216.90800000000002,-0.08584356435640475,1.8630623762375829,11.556920792079092,0.04189999999999091,-0.11267821782177778,0.09338613861386323,52.327934,-2.086125,80.80128712871287,Vw14a
217.008,0.5598,1.0093,9.129,-0.1481,-0.0205,0.132,52.327934,-2.086125,80.93,Vw14a
217.10800000000003,0.8119999999995842,1.3832999999994486,10.594399999999833,0.03140000000003829,-0.049899999999951025,-0.06159999999999851,52.327934,-2.086125,81.13000000000001,Vw14a
217.20800000000003,-0.611452475246693,-0.515152475246806,10.010172277227712,0.1658108910891425,0.11907623762370846,-0.05777029702974847,52.327934,-2.086125,81.17108910891093,Vw14a
217.30800000000002,1.893299999999533,1.649600000000248,9.977400000000436,0.2668999999999803,-0.043299999999980444,-0.1947999999999841,52.327934,-2.086125,81.28000000000004,Vw14a
217.40800000000002,0.27779801980203234,2.470392079207716,11.47881584158405,0.19866732673267548,0.026039603960401968,-0.13880099009900704,52.327934,-2.086125,81.4221782178218,Vw14a
217.508,1.3676,-1.8104,9.2104,0.2454,0.15,-0.0789,52.327934,-2.086125,81.64,Vw14a
217.60800000000003,-0.41504400000014113,2.1675059999993285,8.959454000000106,-0.058853999999981844,-0.037459999999992014,-0.13252399999990436,52.327934,-2.086125,81.82150000000004,Vw14a
217.70800000000003,-0.8254759999996767,0.17855100000034088,9.28585500000047,-0.0031009999999435022,-0.01290699999997363,0.1523650000000055,52.327934,-2.086125,81.97240000000008,Vw14a
217.80800000000002,0.16094000000078268,1.1744619999993757,10.672184999999505,0.16411799999996762,0.06608400000001596,0.16559599999989766,52.327934,-2.086125,82.2097999,Vw14a
217.90800000000002,2.485375247524629,-0.6872336633662737,9.185296039603958,0.06609009900989711,0.11555940594060152,-0.14155544554455377,52.327934,-2.086125,82.19068306930694,Vw14a
218.008,-0.0971,0.6294,9.1449,-0.0149,0.2715,-0.1271,52.327934,-2.086125,82.25999,Vw14a
218.10800000000003,2.2449999999993286,-0.03379999999984777,9.573999999999776,-0.13489999999997127,0.02279999999998221,-0.08049999999997201,52.327934,-2.086125,82.21999999999998,Vw14a
218.20800000000003,-0.11719999999996941,0.5018000000001079,8.787100000000272,-0.0338000000000106,-0.039799999999993695,0.017999999999992806,52.327934,-2.086125,82.14999999999998,Vw14a
218.30800000000002,-0.009600000000098537,0.8812999999997787,9.744599999999725,-0.07109999999998831,-0.017600000000015038,-0.007300000000006736,52.327934,-2.086125,82.02999999999997,Vw14a
218.40800000000002,-0.35629999999997225,0.10279999999987222,8.778500000000568,-0.029999999999952988,-0.07049999999997729,-0.03099999999997067,52.327934,-2.086125,81.95,Vw14a
218.508,-0.2586,-0.3468,10.7764,0.1354,0.0094,0.0722,52.327934,-2.086125,81.97,Vw14a
218.60800000000003,0.5841000000002626,1.3728999999994487,11.299299999998881,0.20540000000004263,0.026800000000033963,-0.002000000000055536,52.327934,-2.086125,82.11000000000001,Vw14a
218.70800000000003,1.508399999999962,-0.5669999999994565,7.360900000000581,0.3553999999999968,0.14630000000000565,-0.19739999999997176,52.327934,-2.086125,82.17000000000002,Vw14a
218.80800000000002,1.3749999999996136,1.3454999999995783,9.403499999999575,0.34399999999992603,0.16609999999998912,-0.098100000000037,52.327934,-2.086125,82.24000000000005,Vw14a
218.90800000000002,0.01599999999980513,-0.1377999999995692,7.907900000000582,0.08389999999999431,0.12780000000002192,-0.22829999999998427,52.327934,-2.086125,82.42000000000006,Vw14a
219.008,-0.6696435643565977,1.377942574257784,9.957404950495533,0.06389999999999528,0.20492871287130535,-0.17295346534652156,52.327934,-2.086125,82.61801980198025,Vw14a
219.10800000000003,0.1335000000006262,1.9557999999994944,10.439699999999833,-0.008300000000048546,0.028800000000038267,-0.04970000000000336,52.327934,-2.086125,82.78000000000004,Vw14a
219.20800000000003,2.308357999999789,0.227209000001091,9.869487000000307,-0.17719399999999316,0.1613309999999744,-0.061102999999990124,52.327934,-2.086125,82.92330000000011,Vw14a
219.30800000000002,1.6400277227709334,3.4640128712867537,10.776573267326654,-0.157279207920808,0.08368514851480119,-0.029330693069228257,52.327934,-2.086125,83.25069306930695,Vw14a
219.40800000000002,-2.4071999999990057,2.335300000000006,10.533900000000111,-0.20519999999997443,-0.06779999999994836,0.2075999999999958,52.327934,-2.086125,83.32000000000004,Vw14a
219.508,1.0913,2.3558,10.9289,-0.1153,0.1139,0.1928,52.327934,-2.086125,83.48,Vw14a
219.60800000000003,1.0587999999995161,-0.9943999999991064,6.677300000001112,-0.07829999999993735,-0.14039999999994143,-0.17150000000001092,52.327934,-2.086125,83.68000000000005,Vw14a
219.70800000000003,-0.6437999999996724,2.149499999999212,10.589499999999083,0.1421000000000175,0.0656999999999697,-0.20989999999992903,52.327934,-2.086125,83.85000000000002,Vw14a
219.80800000000002,0.5089999999996195,-0.6236999999994759,7.364200000000767,0.2036000000000122,-0.040899999999989625,0.0397999999999875,52.327934,-2.086125,83.93999000000002,Vw14a
219.90800000000002,-0.8296999999992632,1.2205999999995503,10.061099999999998,0.24649999999999087,-0.004399999999986727,-0.004200000000037886,52.327934,-2.0861249999999996,84.00999000000006,Vw14a
220.008,1.7623,-0.3611,10.053,0.2144,0.0423,-0.1375,52.329685,-2.085045,84.22,Vw14a
220.10800000000003,-0.43059999999937226,1.1822999999996937,9.052200000000346,0.12499999999997706,0.29779999999999884,-0.13320000000000073,52.329685,-2.085045,84.32000000000002,Vw14a
220.20800000000003,1.7162529999986815,0.12433700000029052,10.242278999999357,0.04319099999993652,0.29388500000000617,-0.13602400000001078,52.329685,-2.085045,84.43100000000004,Vw14a
220.30800000000002,-2.1990336633660124,0.9968415841586662,8.34326237623808,-0.14546435643563244,0.3103792079207316,-0.16652277227717535,52.329685,-2.085045,84.53,Vw14a
220.40800000000002,-1.2224000000000677,1.7510000000000856,9.719500000000052,-0.11189999999997204,0.12830000000000583,-0.008799999999973539,52.329685,-2.085045,84.53000000000003,Vw14a
220.508,-1.461,2.0529,9.8987,-0.0135,0.1488,0.0843,52.329685,-2.085045,84.65,Vw14a
220.60800000000003,-1.9458999999990443,2.7329999999990133,10.531599999999623,-0.13389999999999536,-0.1792000000000058,0.13009999999999503,52.329685,-2.085045,84.70000000000002,Vw14a
220.70800000000003,1.4167999999990988,-0.7393999999991375,9.204700000000255,-0.11760000000001591,-0.19960000000001307,0.1126000000000419,52.329685,-2.085045,84.73999999999998,Vw14a
220.80800000000002,-1.7542999999991806,2.2948999999992568,10.09899999999961,-0.17359999999998774,-0.24559999999996016,0.25999999999999607,52.329685,-2.085045,84.66999999999996,Vw14a
220.90800000000002,1.1284999999998337,-0.321099999999592,8.72370000000029,-0.13039999999999188,-0.10539999999995898,0.24619999999992573,52.329685,-2.085045,84.52,Vw14a
221.008,0.5435,1.1145,9.7462,-0.1019,0.0389,-0.0151,52.329685,-2.085045,84.52,Vw14a
221.10800000000003,0.03549999999984982,-0.8158999999997258,7.06650000000052,-0.04089999999992588,-0.010699999999983828,-0.0608999999999742,52.329685,-2.085045,84.40999999999994,Vw14a
221.20800000000003,-0.4928999999993675,0.1486000000003752,8.898500000001066,0.21990000000003618,0.04619999999997874,0.02989999999999764,52.329685,-2.085045,84.22,Vw14a
221.30800000000002,1.7323999999994346,1.4686999999995312,12.650099999998549,0.347099999999996,-0.02859999999998741,0.02159999999999568,52.329685,-2.085045,84.2,Vw14a
221.40800000000002,-0.25639999999944896,-0.18059999999908988,7.5430000000011,0.33299999999994956,0.015699999999970342,0.0064000000000029285,52.329685,-2.085045,84.18999,Vw14a
221.508,1.6427445544553483,2.9620970297028384,11.34409999999985,0.1560475247524678,-0.08641782178217255,0.016336633663365078,52.329685,-2.085045,84.14990099009901,Vw14a
221.60800000000003,-0.39280000000013265,0.2118000000001761,8.234100000000593,0.0008000000000262333,0.031800000000004124,-0.010000000000039165,52.329685,-2.085045,84.14000000000001,Vw14a
221.70800000000003,-0.8594999999998316,0.8313999999995291,10.321499999999546,0.09309999999996539,0.04630000000004365,-0.14779999999994525,52.329685,-2.085045,84.21000000000001,Vw14a
221.80800000000002,-0.26710000000011064,-0.8256999999989975,8.720000000000232,-0.02869999999999225,0.1998999999999884,0.04479999999996285,52.329685,-2.085045,84.27000000000002,Vw14a
221.90800000000002,-0.6312643564355425,2.6340960396038056,9.532311881188164,-0.000917821782174476,0.16122376237624586,-0.08716237623763601,52.329685,-2.085045,84.36069306930693,Vw14a
222.008,1.4823,-0.5963,10.4835,0.0773,0.3336,-0.3434,52.329685,-2.085045,84.43,Vw14a
222.10800000000003,-2.7679999999992733,2.809999999999639,9.983700000000454,0.09940000000002522,0.39110000000000256,-0.33809999999996704,52.329685,-2.085045,84.55000000000003,Vw14a
222.20800000000003,-0.21160000000128426,1.5403000000005014,11.580399999999296,0.18810000000001725,0.3999999999999935,-0.2221000000000125,52.329685,-2.085045,84.63000000000004,Vw14a
222.30800000000002,-4.7301999999983515,3.3040999999984577,9.106499999999565,0.24880000000001992,0.3771999999998888,-0.26609999999996414,52.329685,-2.085045,84.77000000000005,Vw14a
222.40800000000002,1.069299999998547,-2.121999999998944,7.577300000000159,0.3189000000000192,-0.014000000000003083,-0.13999999999997728,52.329685,-2.085045,84.98000000000002,Vw14a
222.508,-4.0424,1.5932,8.1371,0.3864,-0.0252,-0.06,52.329685,-2.085045,85.05,Vw14a
222.60800000000003,0.045700000000382955,-2.619499999999088,7.4151000000010185,0.10699999999996404,-0.30779999999998137,0.16830000000000525,52.329685,-2.085045,85.18999000000004,Vw14a
222.70800000000003,1.393099999999636,0.5897999999997683,11.000799999999511,-0.019500000000010887,-0.24209999999998516,0.1867999999999929,52.329685,-2.085045,85.27,Vw14a
222.80800000000002,0.1126000000003006,-0.22529999999988093,9.283900000000619,-0.05780000000001597,-0.189899999999979,0.1617999999999915,52.329685,-2.085045,85.25999000000004,Vw14a
222.90800000000002,1.1701999999986938,0.1936000000007995,11.465499999999526,-0.11400000000004869,-0.11599999999995396,0.1318999999999566,52.329685,-2.085045,85.42000000000004,Vw14a
223.008,-3.4251,3.0066,9.7967,-0.2853,0.0456,-0.0207,52.329685,-2.085045,85.55,Vw14a
223.10800000000003,0.41271188118751156,1.2687900990106478,11.972843564356504,-0.29688910891079445,0.0922099009901591,-0.05589702970294032,52.329685,-2.085045,85.61198019801986,Vw14a
223.20800000000003,-1.416099999999447,3.517799999998099,12.177199999998388,-0.005799999999969482,0.27319999999999456,0.03439999999993328,52.329685,-2.085045,85.81000000000003,Vw14a
223.30800000000002,0.47896534653363293,-3.0363910891067056,6.612553465348057,0.101368316831712,0.25579504950500015,-0.19945049504955312,52.329685,-2.085045,85.93257415841593,Vw14a
223.40800000000002,-2.5944999999985763,3.6044999999984317,11.197899999999294,0.18820000000002213,0.4053000000000362,-0.34449999999999165,52.329685,-2.085045,86.18999000000007,Vw14a
223.508,2.31736138613839,-1.8074108910888718,8.7526128712872,0.26439900990098575,0.5314603960396047,-0.31536831683168304,52.329685,-2.085045,86.39257425742575,Vw14a
223.60800000000003,-2.3564999999999072,3.1514999999990327,10.23389999999924,0.17430000000002158,0.5474999999999269,-0.31219999999995224,52.329685,-2.085045,86.65000000000006,Vw14a
223.70800000000003,-2.029500000000128,-0.25159999999943883,7.5607000000008755,0.25019999999999887,0.29029999999998835,-0.14419999999999322,52.329685,-2.085045,86.85000000000007,Vw14a
223.80800000000002,-2.479699999999372,1.7227999999993593,10.641199999999559,0.24629999999996083,0.24929999999994124,-0.12039999999997855,52.329685,-2.085045,87.09000000000007,Vw14a
223.90800000000002,-0.265099009900859,-0.5078871287128645,9.116608910891149,0.1103841584158439,0.043871287128709385,-0.044699999999995216,52.329685,-2.085045,87.32168316831684,Vw14a
224.008,2.475,-0.3666,10.3475,0.1588,-0.0289999999999999,0.0553,52.329685,-2.085045,87.49,Vw14a
224.10800000000003,2.0175000000001,-0.844300000000089,8.81270000000028,-0.031400000000005,-0.0722000000000484,0.15610000000001398,52.329685,-2.085045,87.68000000000009,Vw14a
224.20800000000003,2.368699999997884,-1.157199999998565,9.798000000000377,-0.04900000000001316,-0.242500000000088,0.2053000000000726,52.329685,-2.085045,87.97000000000008,Vw14a
224.30800000000002,-5.076899999998468,3.8922999999988983,11.12379999999997,-0.09530000000002029,-0.552200000000001,0.4607000000000004,52.329685,-2.085045,88.25999000000004,Vw14a
224.40800000000002,0.31429999999855285,0.015900000000614565,11.024399999999321,-0.16669999999998053,-0.555800000000008,0.46199999999998403,52.329685,-2.085045,88.43000000000006,Vw14a
224.508,-4.7775,2.1782,8.6399,-0.0982,-0.584,0.4057,52.329685,-2.085045,88.65,Vw14a
224.60800000000003,2.155699999999282,-3.0077000000000287,9.843899999999225,0.057099999999936236,-0.36049999999999505,0.4509999999999649,52.329685,-2.085045,88.86000000000006,Vw14a
224.70800000000003,-0.3139119999989662,-3.111142000000091,7.17092500000081,-0.1669780000000658,-0.34305599999999187,0.32729799999995673,52.329685,-2.085045,89.0733000000001,Vw14a
224.80800000000002,2.7150306930676873,-3.330441584156684,9.597681188119429,-0.3619574257425463,-0.31655247524744684,0.1987772277227848,52.329685,-2.085045,89.40178207920799,Vw14a
224.90800000000002,-2.161899999999303,1.885399999999005,11.455799999998973,-0.2776999999999783,-0.08179999999998139,0.2364999999999718,52.329685,-2.085045,89.57999000000007,Vw14a
225.008,0.2914,-1.6154,7.8405,-0.2014,-0.0163,0.1373,52.329685,-2.085045,89.75999,Vw14a
225.10800000000003,-1.9336999999988225,3.3783999999986034,11.540199999999153,-0.06929999999997152,0.10559999999999446,-0.15589999999999138,52.329685,-2.085045,90.04000000000009,Vw14a
225.20800000000003,2.2091000000000394,-1.5362000000000946,8.5606000000003,0.03090000000001782,0.08610000000009674,-0.1255000000000053,52.329685,-2.085045,90.32999000000005,Vw14a
225.30800000000002,2.3486999999997265,-1.8686999999999137,9.613299999999661,0.09360000000000944,0.4264999999999932,-0.14420000000002903,52.329685,-2.085045,90.52000000000004,Vw14a
225.40800000000002,1.3866999999997531,-1.5650999999994388,8.420200000000387,0.12680000000001332,0.4025999999999451,-0.24629999999999452,52.329685,-2.085045,90.67000000000006,Vw14a
225.508,0.5181,0.4092,9.7796,0.1737,0.2094,-0.2271,52.329685,-2.085045,90.89,Vw14a
225.60800000000003,-2.0221999999990623,1.3531999999994024,10.612400000000088,0.11700000000001462,0.31519999999994147,-0.1809999999999533,52.329685,-2.085045,91.11000000000008,Vw14a
225.70800000000003,1.2775999999992231,-0.7490999999996412,10.924499999999629,0.16880000000000783,0.10929999999996333,-0.01670000000000307,52.329685,-2.085045,91.42000000000006,Vw14a
225.80800000000002,-1.4103128712865314,0.48025049504882594,9.616238613860952,0.19632079207921524,-0.019013861386158997,-0.028214851485175572,52.329685,-2.085045,91.60376237623774,Vw14a
225.90800000000002,0.38839999999988617,-1.5647000000000912,8.310100000000453,0.21839999999999948,-0.080399999999994,-0.10969999999997448,52.329685,-2.085045,91.98000000000006,Vw14a
226.008,-0.0122,-1.886,9.9027,0.2165,-0.0593,-0.0199,52.329685,-2.085045,92.16,Vw14a
226.10800000000003,1.057499999998842,-5.3816999999980375,6.27300000000153,-0.13360000000006975,0.08060000000000205,0.01520000000002683,52.329685,-2.085045,92.43999000000005,Vw14a
226.20800000000003,-3.0173999999990095,1.5231999999987589,11.657599999998766,-0.378999999999989,0.08779999999993793,0.10959999999999628,52.329685,-2.085045,92.66000000000005,Vw14a
226.30800000000002,0.46749999999918224,-2.8442999999987375,7.3128000000011255,-0.3402999999999986,-0.13060000000002478,0.09650000000001048,52.329685,-2.085045,92.85000000000007,Vw14a
226.40800000000002,-2.314600990098692,1.5441772277227295,11.249567326732748,-0.33306732673266165,-0.21729405940594249,0.13375346534653826,52.329685,-2.085045,93.11277227722773,Vw14a
226.508,4.3253,0.6519,12.8263,-0.0898,-0.2567,0.2091,52.329685,-2.085045,93.39,Vw14a
226.60800000000003,-2.7935900990082967,1.8567188118807736,8.387908910892026,0.22501881188116882,-0.6026316831682249,0.16142970297029471,52.329685,-2.085045,93.65237623762384,Vw14a
226.70800000000003,2.0374000000000496,0.6085999999995466,11.208799999999739,0.1668999999999714,-0.3258000000000324,0.15439999999999068,52.329685,-2.085045,93.89000000000004,Vw14a
226.80800000000002,2.2161138613863285,-0.9729435643565102,10.29125643564324,0.06580099009896012,-0.43572079207910897,0.12296039603963917,52.329685,-2.085045,94.04207920792086,Vw14a
226.90800000000002,2.7874999999993455,-1.1972999999998626,9.316900000000327,-0.08409999999997322,-0.13779999999993503,0.22899999999995543,52.329685,-2.085045,94.25000000000006,Vw14a
227.008,0.4846,-0.7136,10.4694,0.0101,0.0908,0.0726,52.329685,-2.085045,94.43,Vw14a
227.10800000000003,-1.1108999999993885,-0.2659000000000115,10.033300000000771,-0.0657000000000699,0.4919999999998623,-0.04240000000005498,52.329685,-2.085045,94.63000000000004,Vw14a
227.20800000000003,1.0163569999999187,-0.3375060000010477,12.671967999998502,-0.30802899999996103,0.010176999999922753,-0.23137199999991592,52.329685,-2.085045,94.77220000000007,Vw14a
227.30800000000002,0.7427939999989547,-3.40929199999844,8.232176000000607,-0.19195299999999516,-0.22010800000001016,0.023687000000157825,52.329685,-2.085045,94.99160000000005,Vw14a
227.40800000000002,-2.36869108910878,1.2369079207919007,10.038724752475186,-0.17616732673266738,-0.25273267326733695,0.4967366336633622,52.329685,-2.085045,95.15188118811882,Vw14a
227.508,0.3722,-2.4923,8.7712,-0.0529,-0.466,0.4104,52.329685,-2.085045,95.34,Vw14a
227.60800000000003,-4.661999999998747,1.4693999999997938,9.118100000000496,0.0647000000000207,-0.46079999999995047,0.25559999999997535,52.329685,-2.085045,95.52000000000005,Vw14a
227.70800000000003,-0.2522970297019276,0.743855445544383,10.860575247525164,0.1375712871287301,-0.28654257425738455,0.16896633663364288,52.329685,-2.085045,95.71801980198025,Vw14a
227.80800000000002,-4.123699999998348,1.9557999999992373,8.918300000000352,0.1055999999999797,-0.06649999999997819,0.003399999999998794,52.329685,-2.085045,96.00000000000003,Vw14a
227.90800000000002,1.6574841584159699,-0.7126247524753022,10.144188118811885,0.03371485148514285,0.01157821782179212,-0.0023801980198095395,52.329685,-2.085045,96.12069297029704,Vw14a
228.008,4.3359,-1.8551,10.223,-0.0848,0.2194,-0.1604,52.329685,-2.085045,96.18999,Vw14a
228.10800000000003,2.006899999999849,-2.1943999999992427,9.42340000000045,-0.0986000000000129,0.3905999999999748,-0.19210000000001298,52.329685,-2.085045,96.22000000000006,Vw14a
228.20800000000003,1.47539999999902,0.47030000000037314,11.005699999999557,-0.14399999999998675,0.3018999999999939,-0.23779999999997042,52.329685,-2.085045,96.40000000000005,Vw14a
228.30800000000002,-1.9730999999991083,1.7830999999999058,9.44940000000039,-0.09739999999997066,0.28040000000003523,-0.13370000000000865,52.329685,-2.085045,96.53000000000004,Vw14a
228.40800000000002,1.1644999999988732,1.451999999999716,10.817599999999363,0.00579999999998684,0.4043999999999589,-0.16410000000002056,52.329685,-2.085045,96.68000000000002,Vw14a
228.508,-2.8005,0.4527,8.5709,-0.0405,0.2598,-0.2365,52.329685,-2.085045,96.74,Vw14a
228.60800000000003,0.6005999999999925,-1.3096999999991767,9.64790000000032,0.07290000000003496,0.20409999999994735,-0.09469999999996044,52.329685,-2.085045,96.77000000000001,Vw14a
228.70800000000003,0.5741000000003341,1.5872999999994672,10.77519999999996,0.1958999999999612,0.018799999999899276,0.04450000000003623,52.329685,-2.085045,96.80000000000001,Vw14a
228.80800000000002,1.7495000000000274,-0.2871999999996859,10.638800000000098,0.059400000000001785,-0.3355999999999814,0.17200000000001972,52.329685,-2.085045,96.87,Vw14a
228.90800000000002,1.8228069999998928,0.8044489999999872,10.969571999999948,0.06468199999999558,-0.26863599999998955,0.23907999999999216,52.32970591,-2.08503998,96.87929999999999,Vw14a
229.008,-0.35511782178208645,0.5431009900990152,9.91135742574264,-0.027626732673274153,-0.05242574257424798,0.07852475247524669,52.331776,-2.084543,96.80990099009901,Vw14a
229.10800000000003,1.5630999999996618,0.6532000000001091,11.28709999999957,-0.17029999999997805,0.14499999999997995,0.060999999999964555,52.331776,-2.084543,96.79999999999997,Vw14a
229.20800000000003,0.37360000000000676,1.0370000000000619,9.775599999999722,-0.09309999999998028,0.07449999999998112,-0.06369999999997028,52.331776,-2.084543,96.71999999999998,Vw14a
229.30800000000002,0.39740000000033593,1.2548999999997545,8.793100000000555,-0.02369999999997513,0.008099999999970697,0.040900000000007077,52.331776,-2.084543,96.68998999999997,Vw14a
229.40800000000002,1.5793999999996167,0.3918999999999123,10.740099999999467,0.06380000000003536,-0.09500000000003553,0.06579999999998579,52.331776,-2.084543,96.60999999999997,Vw14a
229.508,0.2308,0.0834,8.8634,0.1882,-0.22,0.0158,52.331776,-2.084543,96.52,Vw14a
229.60800000000003,-2.520999999999179,1.0382999999994131,9.226499999999849,0.16189999999999088,-0.019499999999980616,0.1049999999999627,52.331776,-2.084543,96.33999999999996,Vw14a
229.70800000000003,0.3675999999988482,-1.0267999999993285,8.696100000000106,0.12989999999998716,0.04870000000007063,-0.026200000000042065,52.331776,-2.084543,96.19999999999997,Vw14a
229.80800000000002,-3.68499999999891,1.3355999999998935,9.068900000000601,0.08479999999999069,0.2972000000000305,-0.17420000000000865,52.331776,-2.084543,96.10999999999997,Vw14a
229.90800000000002,0.15034653465437176,0.961144554455357,11.185632673267826,0.05202772277226949,0.4044277227723026,-0.2046950495049577,52.331776,-2.084543,96.02089108910889,Vw14a
230.008,-3.4988,-0.2742,9.5195,-0.0304,0.3673,-0.2002,52.331776,-2.084543,95.87,Vw14a
230.10800000000003,0.7531000000005964,-0.7893999999998768,11.159799999999782,-0.08570000000002122,0.43409999999990506,-0.16739999999998145,52.331776,-2.084543,95.74999999999994,Vw14a
230.20800000000003,2.8137198019796408,-0.3567990099008772,10.400370297029818,-0.15901386138611914,0.10099504950486732,-0.10076435643557598,52.331776,-2.084543,95.56940584158413,Vw14a
230.30800000000002,1.1357000000004671,-0.01670000000044295,10.747399999999676,-0.10039999999999372,-0.14950000000001523,0.10280000000002956,52.331776,-2.084543,95.50998999999996,Vw14a
230.40800000000002,2.7797999999980587,-1.5751999999992343,9.606699999999808,-0.07829999999992236,-0.20310000000002434,0.2068000000000114,52.331776,-2.084543,95.34999999999991,Vw14a
230.508,-3.9206633663363397,1.080635643564305,8.951928712871352,0.19138316831682825,-0.28901287128713404,0.2447574257425664,52.331776,-2.084543,95.0580198019802,Vw14a
230.60800000000003,2.2229999999988634,0.004200000000036437,10.274799999999672,0.11969999999999159,-0.400299999999927,0.08050000000001262,52.331776,-2.084543,94.86000000000001,Vw14a
230.70800000000003,-1.7773999999996666,0.13240000000006708,9.11690000000006,0.09009999999996487,-0.1433999999999969,0.12489999999999622,52.331776,-2.084543,94.90999999999994,Vw14a
230.80800000000002,-0.6036000000005802,0.36840000000008294,9.327500000000109,-0.03349999999999747,-0.13249999999993084,0.11159999999996911,52.331776,-2.084543,94.68998999999995,Vw14a
230.90800000000002,-2.6449999999991682,0.6601999999999362,9.709300000000017,-0.02459999999998823,0.11090000000001068,0.002899999999982516,52.331776,-2.084543,94.55999999999999,Vw14a
231.008,0.24052376237617892,0.4473861386139068,9.766053465346532,0.014827722772269708,0.14890198019802364,-0.05823168316831784,52.331776,-2.084543,94.48900990099008,Vw14a
231.10800000000003,-0.9871000000001717,1.3959999999996788,9.701399999999582,-0.1423999999999926,0.22909999999997266,-0.08140000000001447,52.331776,-2.084543,94.38999999999997,Vw14a
231.20800000000003,-1.5675237623756406,0.2741138613860295,8.259865346535085,-0.11564950495046349,0.13460693069309276,-0.13094752475244695,52.331776,-2.084543,94.30831683168311,Vw14a
231.30800000000002,0.23009999999964834,-0.05450000000032625,9.556399999999792,-0.02059999999998957,0.2052999999999664,-0.045699999999996216,52.331776,-2.084543,94.13999999999993,Vw14a
231.40800000000002,-1.0071999999996528,-1.2023999999996364,8.828000000000564,0.016100000000019328,0.08699999999999525,-0.032400000000004064,52.331776,-2.084543,93.90000000000005,Vw14a
231.508,0.2146,0.0767,10.8177,0.0841,0.0703,-0.0467,52.331776,-2.084543,94.05,Vw14a
231.60800000000003,-0.3072920792082858,0.9304722772277152,11.3643356435638,0.12945841584156284,0.11499405940595035,-0.05021188118813581,52.331776,-2.084543,93.86752475247518,Vw14a
231.70800000000003,-1.4064999999998211,0.9076999999998916,9.687900000000177,0.06530000000000094,0.14440000000001874,-0.10139999999998281,52.331776,-2.084543,93.62,Vw14a
231.80800000000002,-0.776999999999413,0.526599999999936,10.304199999999849,0.06859999999996191,0.2102999999999671,-0.0409000000000102,52.331776,-2.084543,93.61999999999999,Vw14a
231.90800000000002,1.2881999999995286,0.3015999999997873,9.775000000000674,-0.06540000000003049,0.09459999999998313,-0.0767999999999935,52.331776,-2.084543,93.56999999999994,Vw14a
232.008,-0.3368811881187314,-0.44513663366339473,12.101752475247437,-0.17172673267326793,0.03651683168317175,-0.05259702970296263,52.331776,-2.084543,93.35950495049505,Vw14a
232.10800000000003,1.3449999999995093,-1.0388000000004505,10.266999999999495,-0.18440000000000775,0.10819999999996434,0.10770000000000798,52.331776,-2.084543,93.31,Vw14a
232.20800000000003,-0.3818999999988822,-2.6238999999999675,8.49390000000016,-0.21160000000001894,-0.017300000000060482,0.1358000000000169,52.331776,-2.084543,93.32,Vw14a
232.30800000000002,3.551199999998504,-2.5090999999992043,9.053600000000106,-0.2781999999999623,-0.23010000000005756,0.19530000000001502,52.331776,-2.084543,93.29999999999994,Vw14a
232.40800000000002,-1.712900000000035,0.2905000000004282,9.43050000000024,-0.1455999999999664,-0.43260000000000043,0.24810000000006074,52.331776,-2.084543,93.12000000000002,Vw14a
232.508,-1.8355,1.7972,10.2736,-0.0273,-0.4342,0.4619,52.331776,-2.084543,93.18,Vw14a
232.60800000000003,-2.189399999999976,0.8204000000002091,8.835600000000396,0.040499999999995144,-0.4594999999999876,0.2721999999999538,52.331776,-2.084543,92.91999999999997,Vw14a
232.70800000000003,-2.1052999999982203,1.555799999999164,10.227799999999949,0.02339999999999423,-0.41579999999994105,0.10970000000002704,52.331776,-2.084543,92.81000000000002,Vw14a
232.80800000000002,4.156499999998053,-1.3854999999993656,10.047599999999752,0.003099999999979394,-0.20829999999990276,0.20479999999995155,52.331776,-2.084543,92.86,Vw14a
232.90800000000002,-2.6920999999989874,0.8466999999996528,9.177800000000133,-0.0694000000000006,0.13390000000003988,0.034299999999966004,52.331776,-2.084543,92.88,Vw14a
233.008,0.8697,-0.3748,9.6491,-0.0715,0.2742,-0.0853,52.331776,-2.084543,92.89,Vw14a
233.10800000000003,-2.2362999999990176,-1.8226999999994926,6.99410000000073,-0.2891999999999925,0.22159999999998894,-0.16839999999998634,52.331776,-2.084543,92.82999,Vw14a
233.20800000000003,1.1828990099009271,-0.048480198019575524,9.554784158416538,-0.2612257425741985,0.18062475247516535,-0.11852772277220178,52.331776,-2.084543,92.849900990099,Vw14a
233.30800000000002,0.9928000000003033,0.6334999999998552,11.65319999999973,-0.08379999999997884,-0.06690000000003944,0.1087000000000042,52.331776,-2.084543,92.84000000000002,Vw14a
233.40800000000002,2.0274549999998945,0.14318100000006803,10.715724000000009,-0.00929499999999611,-0.20377199999999746,0.12279099999999754,52.331776,-2.084543,92.87020000000001,Vw14a
233.508,-0.12492673267321817,1.5099396039602655,10.878883168316795,0.06963465346534288,-0.15043663366336124,0.0724,52.331776,-2.084543,92.88980198019802,Vw14a
233.60800000000003,0.9023999999995101,-1.2160999999997941,10.127199999999538,-0.0068999999999905725,-0.0441,0.07240000000000704,52.331776,-2.084543,92.87000000000002,Vw14a
233.70800000000003,-0.8211643564360512,-0.49204059405923484,8.502744554455061,0.02626831683169101,-0.0441,0.0971524752475306,52.331776,-2.084543,92.90960396039604,Vw14a
233.80800000000002,-0.5732000000001689,0.42559999999976683,9.879499999999654,-0.07130000000001734,0.06470000000001497,-0.06990000000000028,52.331776,-2.084543,92.89000000000001,Vw14a
233.90800000000002,-1.167199999999515,-0.39469999999972294,8.662000000000575,-0.13229999999998704,0.1173999999999715,-0.07089999999997652,52.331776,-2.084543,92.93999000000001,Vw14a
234.008,0.5393,0.5801,10.6814,-0.0867,0.0171,0.0117,52.331776,-2.084543,92.99,Vw14a
234.10800000000003,-1.090877227722911,-0.08889009900947231,8.004695049505864,-0.019491089108927197,0.10279900990088381,0.021707920792056228,52.331776,-2.084543,92.96039603960396,Vw14a
234.20800000000003,-1.5085999999997723,1.2020999999997217,10.75419999999995,-0.06859999999998422,-0.2172999999999983,-0.04749999999998738,52.331776,-2.084543,93.0,Vw14a
234.30800000000002,-0.7075000000010295,0.2232000000002374,10.573899999999936,-0.013099999999948955,-0.21129999999998741,-0.0030999999999588167,52.331776,-2.084543,93.00000000000004,Vw14a
234.40800000000002,-4.329799999998328,1.0584999999996807,10.35190000000032,0.16649999999999449,-0.16709999999995345,0.1417999999999848,52.331776,-2.084543,93.13000000000002,Vw14a
234.508,1.5529,-0.0649,11.4765,0.1471,-0.0033,0.0883,52.331776,-2.084543,93.24,Vw14a
234.60800000000003,3.956899999998296,-1.1692999999994202,9.540700000000236,0.09120000000000315,0.31849999999998985,-0.23919999999999333,52.331776,-2.084543,93.39000000000003,Vw14a
234.70800000000003,-2.0377999999985854,0.8704999999997433,10.37490000000006,0.10229999999995075,0.28280000000003175,-0.21579999999998242,52.331776,-2.084543,93.49000000000001,Vw14a
234.80800000000002,2.939299999998716,-0.03309999999974386,10.588399999999913,-0.07100000000002109,0.3944999999999611,-0.15400000000000294,52.331776,-2.084543,93.53000000000003,Vw14a
234.90800000000002,-1.57749999999894,0.868099999999619,10.280100000000044,-0.145199999999942,0.2575999999999423,-0.1643999999999783,52.331776,-2.084543,93.65000000000003,Vw14a
235.008,2.1515099009909804,-0.4725930693072474,10.436238613861422,0.05885940594064229,0.05472871287123918,-0.08816237623760576,52.331776,-2.084543,93.7391089108911,Vw14a
235.10800000000003,-0.2510821782174891,-0.3013326732677263,10.43102970297004,0.060355445544566254,0.095712871287076,-0.0018019801980464312,52.331776,-2.084543,93.8498018811881,Vw14a
235.20800000000003,0.7506999999993121,-1.5045999999989987,9.654000000000416,0.09590000000000165,-0.06299999999996277,-0.08199999999995404,52.331776,-2.084543,93.82999000000002,Vw14a
235.30800000000002,-1.6697999999990871,2.017799999999717,11.11579999999952,0.1016999999999136,0.0679999999999728,0.0793999999999774,52.331776,-2.084543,93.93000000000004,Vw14a
235.40800000000002,1.5420999999987623,1.0221000000000051,9.43110000000038,-0.20230000000003345,-0.027699999999984452,-9.999999998576073e-05,52.331776,-2.084543,94.00999,Vw14a
235.508,-2.8123,1.0398,10.7689,-0.32,0.027,0.05,52.331776,-2.084543,94.00999,Vw14a
235.60800000000003,1.8136999999994903,-3.028899999999733,8.526600000000412,-0.17050000000001006,-0.04740000000005013,0.18849999999999287,52.331776,-2.084543,94.11000000000001,Vw14a
235.70800000000003,0.019700000000937745,-2.088700000000434,9.979699999999571,-0.20589999999999162,-0.22380000000006273,0.1634000000000509,52.331776,-2.084543,94.17000000000003,Vw14a
235.80800000000002,3.3190999999997857,-3.616599999999543,8.47540000000048,-0.17640000000000705,-0.44450000000002343,0.3425000000000111,52.331776,-2.084543,94.27000000000001,Vw14a
235.90800000000002,2.5516009999998994,-2.0493260000001166,10.12114599999988,-0.201828000000004,-0.5229649999999849,0.3801279999999958,52.331776,-2.084543,94.3004,Vw14a
236.008,0.5017693069307374,-4.396765346534457,7.7127623762378725,-0.2850257425742633,-0.2145178217821874,0.29186633663365413,52.331776,-2.084543,94.34059405940594,Vw14a
236.10800000000003,1.4286999999995638,-0.29330000000055034,12.928999999998432,-0.4075999999999468,-0.406299999999879,0.09850000000011393,52.331776,-2.084543,94.39999999999999,Vw14a
236.20800000000003,-0.12514752475361246,-2.1623425742558364,7.5076049504964475,-0.222933663366361,0.01318514851478126,0.49629900990102327,52.331776,-2.084543,94.35930693069305,Vw14a
236.30800000000002,-3.5498999999984227,2.6233999999983943,11.718099999999257,-0.29629999999995077,-0.19830000000008638,0.5961999999998502,52.331776,-2.084543,94.29,Vw14a
236.40800000000002,1.9997999999996845,-3.0272999999997974,9.106800000000252,-0.1230999999999927,-0.5021999999999759,0.06919999999999508,52.331776,-2.084543,94.27999999999999,Vw14a
236.508,0.8898,-2.3144,9.9922,-0.0974,-0.4173,0.0519,52.331776,-2.084543,94.21,Vw14a
236.60800000000003,0.7982079207914752,-2.203201980197558,10.170853465346719,-0.08674950495050666,-0.058062376237619194,0.24408019801975817,52.331776,-2.084543,94.21059405940595,Vw14a
236.70800000000003,-1.0209999999999064,-0.8134000000002076,10.726199999999448,-0.12170000000002419,-0.044300000000003864,0.11209999999998736,52.331776,-2.084543,94.26999999999997,Vw14a
236.80800000000002,-0.6923000000003755,-1.5439999999993221,8.781600000000592,-0.20679999999997817,-0.05790000000004645,0.06760000000004676,52.331776,-2.084543,94.14999999999996,Vw14a
236.90800000000002,-1.9820227722771417,0.7840128712869685,10.832000990098939,-0.12993960396039242,-0.21912475247524477,0.22957821782177779,52.331776,-2.084543,93.98900990099008,Vw14a
237.008,-0.1843,-2.5647,9.3121,-0.0539,-0.1616,0.1374,52.331776,-2.084543,93.89,Vw14a
237.10800000000003,0.6175999999995511,-1.1808000000001857,10.266899999999461,-0.141599999999995,0.06799999999997738,0.0005999999999856455,52.331776,-2.084543,93.86999999999998,Vw14a
237.20800000000003,-0.9495752475248679,-1.8053445544547098,8.402665346535034,-0.12198217821774815,-0.012213861386185562,-0.04754851485142367,52.331776,-2.084543,93.74831673267322,Vw14a
237.30800000000002,-1.2970999999994228,0.410199999999915,9.549200000000607,0.09980000000001199,-0.15360000000001428,0.13759999999998795,52.331776,-2.084543,93.57998999999994,Vw14a
237.40800000000002,0.7333999999995774,0.11120000000029848,11.680599999999489,0.14199999999996862,-0.20389999999994196,0.09519999999995757,52.331776,-2.084543,93.39000000000001,Vw14a
237.508,-0.7538,1.1614,9.883,0.0316,0.0003,-0.0541,52.331776,-2.084543,93.42,Vw14a
237.60800000000003,-0.6668999999994863,-1.627099999999401,9.870500000000208,-0.026900000000009295,0.08009999999998604,-0.043199999999971296,52.331776,-2.084543,93.29999999999998,Vw14a
237.70800000000003,1.1405999999999878,0.4804999999994343,10.602099999999817,-0.05959999999999056,0.03099999999997027,0.05779999999997672,52.331776,-2.084543,93.22999999999995,Vw14a
237.80800000000002,1.097899999999681,-1.5096999999999359,9.958999999999728,-0.026399999999981924,-0.07359999999993656,-0.024099999999998664,52.331776,-2.084543,93.03999999999999,Vw14a
237.90800000000002,-0.025100000000049028,-1.2838999999993617,9.000000000000512,0.037200000000013014,0.14960000000001514,-0.019400000000003498,52.331776,-2.084543,92.96999999999997,Vw14a
238.008,-0.1976,0.9624,10.7994,0.083,0.2028,-0.0317,52.333843,-2.084629,92.85,Vw14a
238.10800000000003,1.057499999999467,0.050100000000118855,10.356899999999749,-0.13480000000000208,0.05870000000002891,0.014799999999975331,52.333843,-2.084629,92.78999999999996,Vw14a
238.20800000000003,-0.8182999999996805,0.46829999999945676,9.473500000000243,-0.14210000000001208,0.1603999999999197,-0.0720000000000071,52.333843,-2.084629,92.63999999999997,Vw14a
238.30800000000002,0.3058999999998672,-1.4431000000002818,10.32869999999954,-0.18459999999998597,-0.12209999999999338,-0.0969999999999458,52.333843,-2.084629,92.52999999999996,Vw14a
238.40800000000002,-0.16129999999949468,-2.43440000000009,8.712900000000653,-0.13529999999998937,-0.09880000000004703,0.09340000000003015,52.333843,-2.084629,92.37999999999998,Vw14a
238.508,1.6166,-2.7502,11.0149,-0.0979,-0.2643,0.1995,52.333843,-2.084629,92.32,Vw14a
238.60800000000003,-0.053000000000112006,-1.7511999999992793,9.187900000000006,0.0019000000000223964,-0.35309999999994107,0.15129999999998514,52.333843,-2.084629,92.27999999999999,Vw14a
238.70800000000003,-0.4470999999996046,0.7844999999995249,9.209000000000414,0.08070000000001355,-0.14559999999997203,0.09909999999998598,52.333843,-2.084629,92.20999999999994,Vw14a
238.80800000000002,0.9440999999998221,-0.8870999999997113,10.666899999999497,0.12840000000001175,-0.04720000000003382,0.04979999999998485,52.333843,-2.084629,91.99999999999996,Vw14a
238.90800000000002,0.31810000000044153,0.12869999999969994,8.900100000000677,0.16980000000000067,-0.16619999999997295,-0.0034999999999755574,52.333843,-2.084629,91.85999999999996,Vw14a
239.008,1.8717,-0.9271,11.2836,0.1721,-0.0711,0.0825,52.333843,-2.084629,91.72,Vw14a
239.10800000000003,-0.47379999999938094,0.21280000000009502,9.040600000000532,-0.022900000000026434,0.11110000000002322,-0.06520000000000317,52.333843,-2.084629,91.75998999999999,Vw14a
239.20800000000003,1.7043000000000428,0.5471999999996011,10.918099999999653,-0.11590000000000024,0.1927999999999697,-0.07640000000000666,52.333843,-2.084629,91.69999999999993,Vw14a
239.30800000000002,1.8377574257420515,-0.8354287128710557,9.70103762376218,-0.11525544554450648,0.08642277227720191,-0.09859504950491713,52.333843,-2.084629,91.46891089108907,Vw14a
239.40800000000002,0.2635000000001117,-0.13829999999975465,9.104800000000296,0.029200000000005798,0.008699999999999573,0.001899999999971692,52.333843,-2.084629,91.36,Vw14a
239.508,0.6564,0.725,10.1478,0.0496,0.0072,-0.0977,52.333843,-2.084629,91.34,Vw14a
239.60800000000003,1.7661000000000597,0.5855999999995244,9.93769999999983,-0.023399999999985308,0.05019999999998252,-0.05999999999997749,52.333843,-2.084629,91.22999999999996,Vw14a
239.70800000000003,1.9758999999993496,-1.0876999999997374,9.345299999999842,0.028300000000001903,-0.011300000000021173,0.019199999999993347,52.333843,-2.084629,91.08999999999997,Vw14a
239.80800000000002,-0.31229999999979247,-0.1644999999995312,8.789600000000302,0.03499999999999096,-0.08580000000001461,-0.004200000000001205,52.333843,-2.084629,90.98999999999998,Vw14a
239.90800000000002,0.41615544554458106,1.4560574257425147,9.846291089108927,0.0031435643564339385,-0.13554752475246973,-0.007649504950491459,52.333843,-2.084629,90.95881188118811,Vw14a
240.008,0.9717,0.2118,10.1754,-0.0325,-0.0203,0.0674,52.333843,-2.084629,90.84,Vw14a
240.10800000000003,0.8285000000001305,0.1875999999998398,9.537000000000033,-0.041199999999969476,-0.0328000000000411,-0.039599999999976924,52.333843,-2.084629,90.87,Vw14a
240.20800000000003,1.287600000000344,-0.3759999999998956,9.64670000000015,0.06620000000000267,-0.17739999999998007,0.04160000000002271,52.333843,-2.084629,90.84999999999998,Vw14a
240.30800000000002,2.4976999999996043,-0.008599999999839977,10.180399999999915,0.07559999999996406,-0.10729999999998419,0.12149999999995857,52.333843,-2.084629,90.78999999999998,Vw14a
240.40800000000002,1.102810891089032,0.55594158415845,9.861510891089011,-0.050868316831689235,-0.05178316831682969,-0.02331980198020051,52.333843,-2.084629,90.67831673267327,Vw14a
240.508,-0.5061,1.2701,7.8226,-0.1777,-0.0101,-0.0753,52.333843,-2.084629,90.50999,Vw14a
240.60800000000003,1.2560999999999487,1.295999999999847,11.641499999999473,-0.10129999999998694,0.04380000000001105,0.07130000000000615,52.333843,-2.084629,90.50998999999999,Vw14a
240.70800000000003,1.088850495049872,0.7551772277225058,9.800861386138545,-0.05528514851483439,0.08057326732667533,0.08969108910881099,52.333843,-2.084629,90.44970297029703,Vw14a
240.80800000000002,2.1938999999990902,-0.047099999999666305,9.58699999999975,-0.0038000000000102886,-0.09209999999994907,-0.21119999999998007,52.333843,-2.084629,90.41999999999993,Vw14a
240.90800000000002,-1.008199999999768,1.1269999999999307,8.706400000000105,-0.03999999999999455,0.08709999999999392,-0.14109999999994316,52.333843,-2.084629,90.18998999999998,Vw14a
241.008,-0.1917,0.8832,9.0755,-0.0208,0.0657,0.0589,52.333843,-2.084629,90.15,Vw14a
241.10800000000003,-0.3818999999997724,0.9539999999994808,8.700400000000112,0.02620000000001887,0.08709999999995961,-0.008900000000015574,52.333843,-2.084629,89.93998999999995,Vw14a
241.20800000000003,0.41880000000012985,-0.8725999999994434,9.094399999999938,0.09260000000002058,-0.05500000000000807,-0.06369999999999203,52.333843,-2.084629,89.72999999999996,Vw14a
241.30800000000002,0.8756999999994906,1.0858000000000125,8.878400000000195,0.1649999999999627,-0.08339999999999312,-0.035599999999985275,52.333843,-2.084629,89.59999999999984,Vw14a
241.40800000000002,-0.88660198019796,1.126894059405931,9.563700990099036,0.03491386138613772,-0.05870693069306599,0.015597029702969802,52.333843,-2.084629,89.03930693069307,Vw14a
241.508,0.3632,0.9263,10.1338,0.0163,0.0106,0.0053,52.333843,-2.084629,88.97,Vw14a
241.60800000000003,0.5099999999999166,0.3581999999999525,9.495500000000053,-0.0694000000000164,0.10999999999996998,0.0039999999999938895,52.333843,-2.084629,88.51999999999983,Vw14a
241.70800000000003,0.2165999999996973,0.1910000000004836,9.682300000000115,-0.12709999999997393,0.004399999999971692,-0.017499999999958448,52.333843,-2.084629,87.93998999999982,Vw14a
241.80800000000002,-0.8482999999994034,1.8924999999999543,10.086099999999801,-0.03539999999998587,-0.09520000000002354,0.1286999999999969,52.333843,-2.084629,87.27999999999982,Vw14a
241.90800000000002,1.2510999999998287,1.73139999999979,9.384399999999525,0.01429999999997867,-0.17799999999999588,0.11780000000000153,52.333843,-2.084629,86.61999999999989,Vw14a
242.008,0.6691277227723501,0.9944999999999765,7.7530980198020805,-0.061388118811887826,-0.162986138613858,0.12294752475247452,52.333843,-2.084629,86.19574257425741,Vw14a
242.10800000000003,2.191899999999451,0.5045000000001827,9.852900000000187,-0.2001999999999719,-0.0915999999999703,0.10769999999997953,52.333843,-2.084629,85.76999999999991,Vw14a
242.20800000000003,0.26080000000008163,1.1475999999999438,10.50719999999992,-0.1014000000000018,0.012899999999973795,0.03569999999998309,52.333843,-2.084629,85.44999999999986,Vw14a
242.30800000000002,0.5481999999998809,0.9496000000000515,10.223000000000265,-0.1076999999999384,-0.07929999999998799,-0.023799999999965283,52.333843,-2.084629,84.92999999999995,Vw14a
242.40800000000002,0.12898431372541075,1.1308745098039559,11.152411764706057,0.10906470588239404,-0.037045098039207684,0.09835686274512118,52.333843,-2.084629,84.75352941176467,Vw14a
242.508,1.9654,0.2396,10.3976,0.1122,-0.1203,0.1014,52.333843,-2.084629,84.63,Vw14a
242.60800000000003,0.0354000000003729,1.0300000000002174,10.16010000000044,0.11039999999995051,0.0620999999999987,0.002899999999999005,52.333843,-2.084629,84.54999999999997,Vw14a
242.70800000000003,1.3473999999996464,1.7947999999996822,11.707799999999636,-0.06370000000007418,0.057499999999977666,-0.0005999999999783248,52.333843,-2.084629,84.42999999999996,Vw14a
242.80800000000002,0.13154653465397492,0.6715475247519257,10.408771287127657,-0.3219128712871225,-0.019903960396026453,0.07628811881192728,52.333843,-2.084629,84.26900990099006,Vw14a
242.90800000000002,1.6661999999995685,-0.9836999999989581,7.22590000000154,-0.30319999999993663,0.01969999999993372,0.21509999999997587,52.333843,-2.084629,84.16999999999996,Vw14a
243.008,0.1484,2.6823,12.6446,-0.0801,-0.2135,0.1301,52.333843,-2.084629,84.03,Vw14a
243.10800000000003,-1.920646534652265,0.5293247524758161,8.546614851486055,0.10597029702975512,-0.2026544554455829,0.09345643564358283,52.333843,-2.084629,83.91920792079206,Vw14a
243.20800000000003,1.694700000000234,2.2417999999999885,11.278099999999936,0.2629999999999555,-0.3180999999999839,0.14909999999996987,52.333843,-2.084629,83.83999999999997,Vw14a
243.30800000000002,2.5171999999995744,2.201899999999275,11.055999999999772,0.10639999999993864,-0.26149999999989776,0.04299999999999758,52.333843,-2.084629,83.72999999999996,Vw14a
243.40800000000002,1.0401613861386363,-0.30113465346523327,10.285055445544648,-0.10866237623763028,0.09547326732673686,0.034322772277226396,52.333843,-2.084629,83.57891089108911,Vw14a
243.508,1.5063,2.0654,12.2606,-0.2449,0.1828,0.0066,52.333843,-2.084629,83.47,Vw14a
243.60800000000003,0.9570000000006519,0.21280000000046262,9.404400000000143,-0.19569999999994972,0.24319999999994404,-0.021200000000017566,52.333843,-2.084629,83.46999999999998,Vw14a
243.70800000000003,3.2505999999993205,1.8404999999994307,9.905400000000078,-0.01869999999999426,0.04629999999999897,-0.08299999999999638,52.333843,-2.084629,83.43998999999998,Vw14a
243.80800000000002,0.8598356435635706,-0.13945841584148982,10.175149504950477,0.0025445544554868705,0.04129702970292371,-0.06894653465341709,52.333843,-2.084629,83.34920792079205,Vw14a
243.90800000000002,-1.5065999999984654,0.1446999999997075,10.120099999999995,0.12700000000000763,-0.0990000000000425,0.07640000000002585,52.333843,-2.084629,83.27000000000005,Vw14a
244.008,3.8924099009913755,-0.8844089108913324,10.101387128712867,0.15383168316832316,-0.24850495049508484,0.1673900990099225,52.333843,-2.084629,83.44821782178222,Vw14a
244.10800000000003,-0.07989999999964538,0.929099999999478,9.103700000000224,-0.01740000000001455,-0.23539999999994202,-0.0060999999999917865,52.333843,-2.084629,83.49000000000002,Vw14a
244.20800000000003,1.1677999999998965,-0.9077000000000809,9.893899999999881,-0.06859999999997299,-0.03139999999997851,0.02279999999999059,52.333843,-2.084629,83.57000000000001,Vw14a
244.30800000000002,0.8040999999999324,-1.1923999999998725,9.473899999999583,0.026400000000007473,0.04419999999998898,-0.010300000000026887,52.333843,-2.084629,83.61000000000003,Vw14a
244.40800000000002,0.5663000000000161,-0.743900000000332,8.005800000000303,0.05270000000004732,0.005400000000032344,-0.1049000000000113,52.333843,-2.084629,83.71000000000004,Vw14a
244.508,0.6231,-1.9118,9.0698,0.2192,0.1192,-0.1447,52.333843,-2.084629,83.85,Vw14a
244.60800000000003,-0.6578999999999132,1.4071999999997653,11.804099999999075,0.2585999999999475,0.08950000000003049,-0.16189999999996163,52.333843,-2.084629,84.10000000000004,Vw14a
244.70800000000003,-0.3511801980196618,0.5944752475249043,8.603218811881998,0.0749455445544304,0.19610099009902324,-0.029017821782202052,52.333843,-2.084629,84.24188118811887,Vw14a
244.80800000000002,0.07080000000083632,1.051999999999911,11.045099999999588,-0.0005000000000200961,0.2362000000000121,-0.10080000000000137,52.333843,-2.084629,84.43000000000008,Vw14a
244.90800000000002,2.9406168316829615,0.7179821782177078,9.587685148514739,-0.07269009900991145,0.277087128712865,-0.10542079207920706,52.333843,-2.084629,84.6720792079208,Vw14a
245.008,-1.3877,-1.6638,7.2362,-0.2917,0.1458,-0.0875,52.333843,-2.084629,84.88,Vw14a
245.10800000000003,3.104599999998987,-0.06400000000003525,10.21709999999958,-0.09259999999994731,-0.005700000000034504,0.0884000000000204,52.333843,-2.084629,85.17000000000009,Vw14a
245.20800000000003,-0.4596999999999773,-0.1879999999996101,8.735600000000133,0.09279999999994662,-0.1271000000000405,0.1601999999999828,52.333843,-2.084629,85.49000000000007,Vw14a
245.30800000000002,-0.3799000000001828,1.1838999999996704,9.203400000000302,-0.09499999999998286,-0.2695999999999845,0.09970000000002939,52.333843,-2.084629,85.73000000000006,Vw14a
245.40800000000002,-1.0088574257425371,0.02770396039599848,10.248894059405906,-0.03492673267326554,-0.21581089108910945,0.20136732673266977,52.333843,-2.084629,85.95168316831685,Vw14a
245.508,-0.2346,-0.8319,9.4883,0.0024,-0.2269,0.1281,52.333843,-2.084629,86.12,Vw14a
245.60800000000003,2.456399999999575,-1.013699999998989,9.76180000000056,0.02700000000003371,-0.18069999999993647,0.12429999999995389,52.333843,-2.084629,86.35000000000008,Vw14a
245.70800000000003,0.9616000000001806,2.5433999999984445,11.739799999998713,0.14559999999999904,0.042799999999972346,-0.037900000000028085,52.333843,-2.084629,86.64000000000006,Vw14a
245.80800000000002,1.5969999999987605,-2.9305999999990817,7.206000000000769,0.14220000000002908,-0.0545000000000436,-0.13669999999997853,52.333843,-2.084629,86.85000000000005,Vw14a
245.90800000000002,-2.763999999998599,0.30039999999992234,9.909799999999807,0.24449999999997665,-0.20789999999992917,-0.06119999999996916,52.333843,-2.084629,87.03000000000003,Vw14a
246.008,2.0704267326730563,0.0330683168316988,9.245749504950535,0.1619178217821721,0.04015346534654113,0.04465544554454706,52.333843,-2.084629,87.15188118811882,Vw14a
246.10800000000003,-2.3368999999990048,0.35989999999971667,10.070699999999784,0.03369999999999369,0.17550000000005106,-0.10980000000004789,52.333843,-2.084629,87.34000000000007,Vw14a
246.20800000000003,1.1638999999989061,-0.6368999999995433,9.305700000000233,0.011500000000008583,0.3552000000000189,-0.27829999999998234,52.333843,-2.084629,87.59000000000007,Vw14a
246.30800000000002,-2.602660396038158,0.9454386138610985,10.116074257425732,0.04128118811880793,0.41930297029697666,-0.21610891089106615,52.333843,-2.084629,87.82346534653476,Vw14a
246.40800000000002,1.7512999999994123,0.07929999999975529,10.083499999999587,0.029399999999949012,0.25959999999992545,-0.1469999999999964,52.333843,-2.084629,88.17000000000007,Vw14a
246.508,-0.28701881188114614,-0.7663594059405618,8.655248514851536,-0.14718613861385654,0.0010742574257477132,-0.1327336633663282,52.333843,-2.084629,88.43227722772279,Vw14a
246.60800000000003,0.5911000000002241,-0.09229999999999726,9.710099999999997,-0.045799999999989405,0.10849999999997198,0.04389999999999925,52.333843,-2.084629,88.66000000000004,Vw14a
246.70800000000003,1.3537584158409883,-0.07699207920772794,9.699497029702963,-0.008306930693049613,0.010293069306910539,0.03997524752470849,52.333843,-2.084629,88.8330594059407,Vw14a
246.80800000000002,-0.44039999999975094,0.503799999999553,9.679200000000103,0.050999999999997866,-0.0504000000000106,-0.09249999999995268,52.333843,-2.084629,89.14,Vw14a
246.90800000000002,0.4359999999993366,-1.068799999999641,10.03950000000009,0.043499999999965296,-0.08770000000005716,0.07400000000003507,52.333843,-2.084629,89.13000000000002,Vw14a
247.008,-1.8982,0.1945,10.355,-0.0786,-0.2888,0.1974,52.335815,-2.084824,89.25,Vw14a
247.10800000000003,0.8996999999997757,-1.386699999999465,7.880600000000404,-0.1298999999999903,-0.17899999999996422,0.16999999999996832,52.335815,-2.084824,89.46000000000001,Vw14a
247.20800000000003,0.11030000000010161,0.4959999999999707,9.302600000000249,-0.09579999999998297,-0.053099999999981044,0.0584999999999844,52.335815,-2.084824,89.50000000000007,Vw14a
247.30800000000002,0.4677999999996956,0.3928999999999416,10.178200000000192,-0.035899999999967645,0.013599999999957797,0.0035999999999981338,52.335815,-2.084824,89.74000000000005,Vw14a
247.40800000000002,-0.5705207920791033,0.19099900990099822,10.856364356435689,0.07601089108910512,-0.13446633663366847,-0.0026019801980183763,52.335815,-2.084824,89.92168316831685,Vw14a
247.508,1.6174,0.3609,11.8128,-0.0029,-0.2411,0.0272,52.335815,-2.084824,90.09,Vw14a
247.60800000000003,-0.5066336633657832,1.2650623762369917,8.669243564356563,-0.026541584158407263,-0.0463960396039503,0.2139405940593741,52.335815,-2.084824,90.200099009901,Vw14a
247.70800000000003,1.1600000000001884,-0.6386999999999398,9.053600000000058,-0.0007000000000173114,-0.015999999999997645,0.11799999999993334,52.335815,-2.084824,90.21000000000001,Vw14a
247.80800000000002,1.7943297029695475,-0.4231425742572445,9.257803960396,-0.06096930693069205,-0.007176237623741664,-0.11293663366332438,52.335815,-2.084824,90.27049504950496,Vw14a
247.90800000000002,-0.46270000000013917,0.1225999999999671,9.138200000000195,-0.057899999999975166,0.05519999999993213,0.013400000000012431,52.335815,-2.084824,90.32000000000001,Vw14a
248.008,-0.9345455445543935,0.022700990099080227,9.826283168316852,0.02895643564356606,-0.18035940594059005,0.05689702970297124,52.335815,-2.084824,90.39118801980199,Vw14a
248.10800000000003,0.36090000000007916,1.492799999999195,10.274599999999113,0.06460000000001408,-0.0962999999999851,0.07659999999999222,52.335815,-2.084824,90.50999000000004,Vw14a
248.20800000000003,0.6394999999997967,-1.3395999999996027,7.154200000000483,0.11409999999992569,-0.04389999999997804,0.04919999999999394,52.335815,-2.084824,90.63999999999997,Vw14a
248.30800000000002,-0.0806188118815872,0.07449801980298626,8.841607920792312,-0.14500000000000995,0.029470297029599045,0.03008712871293727,52.335815,-2.084824,90.54108910891094,Vw14a
248.40800000000002,-1.2825000000006084,3.1042999999993857,9.542400000000743,-0.17500000000001273,-0.2834999999999561,0.2288000000000283,52.335815,-2.084824,90.64999999999999,Vw14a
248.508,-3.423,0.9441,12.1571,-0.2198,-0.1292,0.3283,52.335815,-2.084824,90.59,Vw14a
248.60800000000003,2.2742999999999163,-1.0518999999997216,9.792699999999826,-0.2075000000000123,-0.35349999999999304,0.2406999999999766,52.335815,-2.084824,90.64000000000003,Vw14a
248.70800000000003,1.9895732673269841,-0.08986732673292454,9.189748514851557,-0.2487801980197482,-0.3291326732673179,0.15994653465349015,52.335815,-2.084824,90.75791089108904,Vw14a
248.80800000000002,2.746899999999147,-0.8465999999999198,9.404599999999895,-0.08679999999998823,-0.30239999999998446,0.2345999999999841,52.335815,-2.084824,90.54999999999998,Vw14a
248.90800000000002,-0.25529999999956515,-0.5641999999998781,9.038700000000214,-0.04540000000000071,-0.24770000000003514,0.17860000000002732,52.335815,-2.084824,90.50000000000001,Vw14a
249.008,1.2748,-0.1353,9.7892,-0.0479,-0.3713,0.2747,52.335815,-2.084824,90.53,Vw14a
249.10800000000003,3.2314999999992677,-1.2595999999998677,10.281999999999641,0.026599999999977916,-0.3173999999999666,0.25459999999993815,52.335815,-2.084824,90.53,Vw14a
249.20800000000003,0.6550000000007438,-0.7941000000000492,9.017500000000577,-0.05110000000000666,-0.19989999999995148,0.03699999999999331,52.335815,-2.084824,90.50998999999997,Vw14a
249.30800000000002,3.213928712870232,-0.9702019801981726,11.010283168316134,-0.07426435643564239,-0.02936336633658264,0.013212871287112538,52.335815,-2.084824,90.4,Vw14a
249.40800000000002,0.03680000000007235,-1.430399999999683,8.908600000000007,-0.07069999999999631,0.12429999999997804,-0.035499999999988825,52.335815,-2.084824,90.39999999999999,Vw14a
249.508,0.2913544554456047,-0.3154495049502315,8.93374851485149,-0.057729702970293964,0.04707227722770453,0.0038069306930786015,52.335815,-2.084824,90.33068316831681,Vw14a
249.60800000000003,0.32929702970310964,-1.359306930692525,10.43210198019793,0.04347623762375162,-0.014918811881172141,-0.004422772277248402,52.335815,-2.084824,90.19970297029703,Vw14a
249.70800000000003,0.748999999999329,0.280000000000304,10.162300000000124,0.011100000000005656,0.0332000000000548,-0.0667000000000158,52.335815,-2.084824,90.16999999999999,Vw14a
249.80800000000002,-1.6124999999993999,1.3495999999992832,10.602299999999587,0.031000000000036807,0.22600000000000264,-0.12230000000000874,52.335815,-2.084824,90.12999999999992,Vw14a
249.90800000000002,0.4992000000006932,-1.1719000000000594,9.155000000000369,0.16050000000000103,0.2352999999999663,-0.15299999999999217,52.335815,-2.084824,89.9,Vw14a
250.008,2.9383,-1.3816,10.4581,0.1641,0.1166,-0.1255,52.335815,-2.084824,89.89,Vw14a
250.10800000000003,-1.369718811880581,2.0915495049499255,11.326224752475103,0.18337128712865547,0.09342079207915881,-0.21141584158416224,52.335815,-2.084824,89.86782178217815,Vw14a
250.20800000000003,0.4584000000001228,0.37650000000033845,10.888699999999782,0.010499999999974677,-0.05449999999995251,-0.22299999999988632,52.335815,-2.084824,89.64999999999998,Vw14a
250.30800000000002,0.8906000000005618,1.5673999999993058,10.120099999999827,-0.07859999999999384,0.11259999999998552,0.17700000000001484,52.335815,-2.084824,89.56999999999992,Vw14a
250.40800000000002,2.8676999999997186,-0.8750999999994904,9.509600000000477,-0.0568999999999923,0.06159999999988782,0.22919999999993446,52.335815,-2.084824,89.31999999999998,Vw14a
250.508,1.8768,0.9177,11.1825,-0.0298,-0.3331,-0.0014,52.335815,-2.084824,89.25,Vw14a
250.60800000000003,2.9744999999986934,-1.002899999999321,10.436899999999444,0.06060000000001504,-0.4215999999999531,0.06680000000006375,52.335815,-2.084824,89.16999999999999,Vw14a
250.70800000000003,-1.6221999999986247,1.3860999999995045,8.480100000000347,0.11349999999997468,-0.2568000000000286,0.2910999999999653,52.335815,-2.084824,89.13999999999999,Vw14a
250.80800000000002,3.2169999999991394,-0.3579999999993876,9.696200000000548,0.024399999999956828,-0.3574999999999137,0.1688999999999476,52.335815,-2.084824,89.06999999999992,Vw14a
250.90800000000002,0.1880999999998275,1.7965999999996094,11.62999999999921,-0.12750000000001327,-0.0538999999999981,-0.015499999999996931,52.335815,-2.084824,88.79999999999995,Vw14a
251.008,-0.4188,0.4226,8.8459,-0.1742,-0.0472,-0.0047,52.335815,-2.084824,88.65,Vw14a
251.10800000000003,-0.466699999999147,1.5787999999994344,10.953199999999713,0.07010000000001904,-0.08040000000002342,0.10879999999996359,52.335815,-2.084824,88.58999999999997,Vw14a
251.20800000000003,2.492260396039201,-0.37532970296977003,9.94480099009879,0.13510891089104624,-0.16115940594056616,-0.017824752475241703,52.335815,-2.084824,88.48900990099006,Vw14a
251.30800000000002,1.278300000000752,1.2116999999995188,9.284900000000654,0.006000000000013358,-0.07709999999995777,-0.00029999999998439646,52.335815,-2.084824,88.38999999999997,Vw14a
251.40800000000002,3.92419999999951,-0.48159999999982805,11.58749999999947,0.05299999999995543,0.07150000000006809,0.05459999999993276,52.335815,-2.084824,88.28,Vw14a
251.508,2.2009,0.1233,9.7174,-0.1038,0.3111,-0.182,52.335815,-2.084824,88.29,Vw14a
251.60800000000003,-1.209699999999191,0.9246999999998741,8.901000000000444,-0.1459999999999903,0.3022999999999649,-0.1262000000000311,52.335815,-2.084824,88.12999999999998,Vw14a
251.70800000000003,1.6364999999994465,0.48189999999912403,10.464199999999536,-0.11189999999999568,0.17869999999993103,-0.23559999999998488,52.335815,-2.084824,88.08,Vw14a
251.80800000000002,-0.31139999999999507,-2.60019999999917,8.832900000000215,-0.09669999999992739,-0.06399999999997313,-0.18239999999987175,52.335815,-2.084824,88.09999999999997,Vw14a
251.90800000000002,-0.29397425742573846,0.3202950495056407,9.588147524752655,0.15874554455451584,0.030554455445566897,0.26888712871297793,52.335815,-2.084824,88.0207920792079,Vw14a
252.008,0.8183660000002648,-0.44972700000019045,8.741131999999796,0.18308000000000518,0.024173999999998252,0.05797599999994871,52.335815,-2.084824,88.02,Vw14a
252.10800000000003,1.0053250000000424,1.052148000000364,8.754676000000005,-0.21101700000009507,-0.04440800000001652,-0.20585700000006307,52.335815,-2.084824,88.0299,Vw14a
252.20800000000003,0.2229000000009821,-0.40940000000061877,10.41469999999944,-0.0979000000000425,0.0585999999998638,0.07100000000005885,52.335815,-2.084824,87.91999999999996,Vw14a
252.30800000000002,3.678399999998718,-2.586499999999708,8.447000000000306,-0.24739999999998627,-0.4205999999999455,0.2781000000000005,52.335815,-2.084824,87.79000000000002,Vw14a
252.40800000000002,-0.8031900000000797,-1.52324699999978,9.533851000000118,-0.19956500000000033,-0.23308600000001056,0.2801530000000012,52.335815,-2.084824,87.8497,Vw14a
252.508,-2.4484158415842194,2.9688514851484302,11.937116831683037,-0.20520198019801597,-0.4490504950495028,0.30618811881188596,52.335815,-2.084824,87.819900990099,Vw14a
252.60800000000003,-3.719999999998979,1.2040000000000783,9.208800000000146,-0.12539999999995022,-0.4040999999999435,0.4049999999999288,52.335815,-2.084824,87.80999999999996,Vw14a
252.70800000000003,-0.12659999999896976,1.4795999999994132,9.72300000000011,0.0497999999999959,-0.20519999999996275,0.15449999999994754,52.335815,-2.084824,87.64999999999996,Vw14a
252.80800000000002,3.4981999999989704,-0.5853999999997235,10.112899999999946,0.035399999999942984,-0.07409999999996784,-0.03010000000000169,52.335815,-2.084824,87.48,Vw14a
252.90800000000002,-0.06860396039594155,0.38892574257430923,9.946719801980295,-0.16340099009901088,0.0398356435643657,-0.035125742574253244,52.335815,-2.084824,87.47970297029703,Vw14a
253.008,1.981,1.4715,11.9987,-0.1835,0.2334,0.0523,52.335815,-2.084824,87.45,Vw14a
253.10800000000003,-0.9676999999995761,2.021400000000075,10.459399999999436,-0.1289999999999844,0.20180000000001566,-0.15670000000000087,52.335815,-2.084824,87.33,Vw14a
253.20800000000003,0.5235999999997508,2.2850999999997184,8.472200000000548,-0.07409999999992016,0.2568999999999499,-0.15969999999999687,52.335815,-2.084824,87.31999999999998,Vw14a
253.30800000000002,-0.35289999999960153,1.2938999999992065,10.397799999999137,0.2068000000000113,0.08060000000000055,-0.14869999999998829,52.335815,-2.084824,87.27999999999999,Vw14a
253.40800000000002,1.0490000000000388,-1.4980999999992477,7.358200000000884,0.2465000000000176,0.08249999999999076,-0.10749999999999162,52.335815,-2.084824,87.25,Vw14a
253.508,1.1847,1.1486,10.4686,0.3084,0.05,-0.078,52.335815,-2.084824,87.25,Vw14a
253.60800000000003,0.2651999999997907,-1.6343999999989303,7.6610000000007075,0.2675999999999628,0.05210000000001165,-0.02580000000001455,52.335815,-2.084824,87.16000000000001,Vw14a
253.70800000000003,-0.4710999999995853,2.1296999999998487,10.151600000000307,0.1366999999999304,0.09310000000002486,-0.07699999999998947,52.335815,-2.084824,87.18999,Vw14a
253.80800000000002,0.9610613861382009,1.5979405940592646,11.214494059405688,-0.10603861386139739,0.17909702970295027,-0.04111089108913584,52.335815,-2.084824,87.13980198019802,Vw14a
253.90800000000002,-0.28279999999937566,1.1719999999998016,10.453900000000273,-0.13990000000000513,0.11879999999999794,-0.1221999999999936,52.335815,-2.084824,87.12000000000002,Vw14a
254.008,1.872486138613768,0.4738237623762014,11.37440792079195,-0.15785742574257453,0.11202772277227928,-0.09865940594058813,52.335815,-2.084824,87.189099009901,Vw14a
254.10800000000003,-0.07889999999925604,-0.28379999999928845,8.6752000000009,-0.163600000000037,0.15479999999993982,0.025399999999986128,52.335815,-2.084824,87.09999999999998,Vw14a
254.20800000000003,2.538699999999767,2.219699999999492,11.843300000000005,-0.2937999999998834,-0.05690000000003646,-0.023399999999965355,52.335815,-2.084824,87.07000000000001,Vw14a
254.30800000000002,1.7186999999988233,0.4321000000000913,11.860299999998599,0.11650000000010359,-0.18520000000006265,0.0985000000000176,52.335815,-2.084824,87.11,Vw14a
254.40800000000002,-2.3545742574256225,0.7378910891088525,7.001776237623863,0.4761267326732617,-0.3984801980197784,0.15829108910890366,52.335815,-2.084824,87.10029702970297,Vw14a
254.508,0.158,-0.483,9.1194,0.3588,0.0935,0.0074,52.335815,-2.084824,87.13,Vw14a
254.60800000000003,0.3286811881187847,-1.096805940593741,6.721271287129871,0.1894920792078973,-0.012272277227735134,-0.25297029702966545,52.335815,-2.084824,87.02990099009901,Vw14a
254.70800000000003,0.24679999999920027,-0.13740000000075925,10.208399999999106,0.11869999999998126,-0.049499999999881084,-0.139999999999916,52.335815,-2.084824,87.02000000000002,Vw14a
254.80800000000002,-2.5669999999998123,-2.808799999999086,7.062600000001215,0.052799999999949186,0.36889999999998513,0.15559999999993693,52.335815,-2.084824,87.13000000000004,Vw14a
254.90800000000002,-1.8399257425739113,0.386827722772329,11.324581188118954,-0.12915049504952864,0.3171544554455448,-0.06573564356436426,52.335815,-2.084824,87.28,Vw14a
255.008,5.3975,1.4696,14.2827,-0.6242,0.3226,-0.2293,52.335815,-2.084824,87.28,Vw14a
255.10800000000003,0.7197000000005351,0.0783000000000964,7.463800000000842,-0.3466999999998297,-0.1209999999998702,-0.11619999999992514,52.335815,-2.084824,87.46000000000005,Vw14a
255.20800000000003,2.6024999999995657,0.4175000000001535,10.425000000000388,0.25249999999996303,0.3356999999998866,0.14719999999994018,52.335815,-2.084824,87.64000000000001,Vw14a
255.30800000000002,1.064306930692246,0.9677039603965512,11.75139603960317,0.12349108910890062,-0.05984257425744044,-0.062467326732718674,52.335815,-2.084824,87.68059405940596,Vw14a
255.40800000000002,-1.4149999999991565,2.50809999999844,9.37100000000033,0.09259999999998364,-0.10409999999999256,-0.19919999999990112,52.335815,-2.084824,87.74000000000001,Vw14a
255.508,1.498867326732556,-2.8932920792077637,10.538516831683237,0.03313366336632483,-0.07812178217821746,0.1446158415841556,52.335815,-2.084824,87.80158415841585,Vw14a
255.60800000000003,-0.9543999999987034,0.39749999999970864,11.990199999999316,-0.21349999999998154,-0.07029999999997988,0.08619999999993985,52.335815,-2.084824,87.96000000000002,Vw14a
255.70800000000003,3.488681188116381,-0.5774455445531287,9.617471287129002,-0.1469752475246786,0.0015415841584736718,-0.12497524752480811,52.335815,-2.084824,88.06207920792086,Vw14a
255.80800000000002,-3.8331999999983166,3.4179999999989152,10.484599999999391,0.07549999999999395,0.17570000000004585,-0.29249999999991316,52.335815,-2.084824,88.26999999999998,Vw14a
255.90800000000002,2.0905999999985494,-0.39899999999933755,8.338600000000195,0.05419999999996401,0.33700000000002367,0.012999999999924454,52.335815,-2.084824,88.24000000000008,Vw14a
256.008,-3.0123,1.9315,9.0238,-0.0724,0.4203,-0.2528,52.33785,-2.084614,88.54,Vw14a
256.108,3.767799009902593,-3.7173118811894543,8.406473267326586,-0.07537029702970367,0.4468346534653528,-0.41596831683172175,52.33785,-2.084614,88.67861386138618,Vw14a
256.20799999999997,2.7940366336632776,0.012771287129243036,11.873517821782867,0.19347722772275627,0.5133653465347087,-0.17131089108910866,52.33785,-2.084614,88.88207920792074,Vw14a
256.308,3.1677,-2.2301,8.9553,0.2612,0.2799,-0.1724,52.33785,-2.084614,89.09,Vw14a
256.408,0.7175,0.7709,11.8652,0.2193,0.133,-0.2366,52.33785,-2.084614,89.3,Vw14a
256.508,-1.6822,0.691,8.7619,0.2911,0.1802,-0.1599,52.33785,-2.084614,89.49,Vw14a
256.608,-1.4856,4.1426,12.1741,0.3201,0.2309,-0.1251,52.33785,-2.084614,89.78,Vw14a
256.70799999999997,-0.20459900990193325,-0.20593861386123397,7.9171534653462645,0.25269999999999054,-0.03830297029703436,-0.13054059405943808,52.33785,-2.084614,90.04198019801976,Vw14a
256.808,3.7855,-0.8498,9.0625,0.2927,-0.0186,0.0054,52.33785,-2.084614,90.24,Vw14a
256.908,1.0371,0.1513,8.187999999999999,0.0487,-0.3959,0.2739,52.33785,-2.084614,90.41,Vw14a
257.008,1.6596297029718232,-1.2516524752483769,10.911500000000208,-0.08423564356435087,-0.5865891089109103,0.2248633663365636,52.33785,-2.084614,90.7423762376237,Vw14a
257.108,-4.7974,2.3531,10.0315,-0.1078,-0.5055,0.5212,52.33785,-2.084614,90.98,Vw14a
257.20799999999997,4.286523762377587,-1.8544366336642093,9.602237623762251,0.13875643564356066,-0.4224940594059407,0.48106435643573187,52.33785,-2.084614,91.1024752475247,Vw14a
257.308,-1.4211,1.7119,10.126,0.1544,-0.4219,0.1075,52.33785,-2.084614,91.35,Vw14a
257.408,3.9625,1.8031,10.4328,0.0637,-0.4335,-0.0705,52.33785,-2.084614,91.6,Vw14a
257.508,2.9396742574263626,0.5781287128715866,10.644504950495397,-0.008905940594059265,0.0882613861385864,0.15862178217824094,52.33785,-2.084614,91.81168316831679,Vw14a
257.608,0.3171,-0.6890000000000001,9.175,-0.0095,0.2044,0.0608,52.33785,-2.084614,91.98,Vw14a
257.70799999999997,2.2111999999989234,-1.8337999999993495,11.161099999998871,0.02419999999998084,-0.025899999999869083,-0.11419999999990052,52.33785,-2.084614,92.12999999999991,Vw14a
257.808,3.4566,0.5097,11.6513,0.1069,-0.2769,0.0471,52.33785,-2.084614,92.25999,Vw14a
257.908,-2.2424,-0.1279,8.571,0.2173,-0.6639,0.3737,52.33785,-2.084614,92.39,Vw14a
258.008,4.6336,0.5111,10.2559,0.1573,-0.457,0.3823,52.33785,-2.084614,92.57,Vw14a
258.108,-0.7382,0.4711,8.3099,0.226,-0.304,0.0296,52.33785,-2.084614,92.75999,Vw14a
258.20799999999997,2.7641750000003396,0.5413420000002425,10.707613000000187,0.07243299999997772,-0.3354100000000117,0.057666999999964975,52.33785,-2.084614,93.02119999999996,Vw14a
258.308,1.356207999999993,-0.4617210000000601,9.943354999999846,0.16379700000002337,-0.28653200000000856,0.20353599999998517,52.33785,-2.084614,93.14109999999998,Vw14a
258.408,1.3571435643554544,-0.20358910891079776,10.598862376237513,0.06266831683162234,-0.2503485148514934,0.26457623762369853,52.33785,-2.084614,93.2515841584159,Vw14a
258.508,-1.5985,0.0775,10.2651,-0.1205,-0.2752,0.0722,52.33785,-2.084614,93.41,Vw14a
258.608,0.741,1.7378,10.74,-0.1086,-0.2468,0.0803,52.33785,-2.084614,93.57999,Vw14a
258.70799999999997,-1.013299999999003,1.9901999999998565,9.945800000000451,-0.13859999999998296,-0.029400000000123577,0.13509999999996886,52.33785,-2.084614,93.73999999999991,Vw14a
258.808,-0.2633990099012391,-0.10445346534583932,9.059265346534948,-0.05681782178220528,0.08832277227718864,0.013218811881228573,52.33785,-2.084614,94.0370297029702,Vw14a
258.908,2.043,0.0076,10.2052,0.0466,0.089,0.01,52.33785,-2.084614,94.18,Vw14a
259.008,-1.543911881188745,-2.433597029703658,9.190715841583689,0.09238712871285032,-0.0374762376237724,-0.028043564356432252,52.33785,-2.084614,94.35277227722766,Vw14a
259.108,1.1049,0.4767,11.1723,0.1811,0.0049,-0.0424,52.33785,-2.084614,94.63,Vw14a
259.20799999999997,-1.1576999999987139,0.307900000000096,9.548800000000924,0.17020000000000618,0.015399999999994031,-0.05269999999999414,52.33785,-2.084614,94.76999999999991,Vw14a
259.308,-0.3465,2.2418,12.8266,0.3494,0.0674,-0.1861,52.33785,-2.084614,94.85,Vw14a
259.408,1.767361386139113,-1.3145366336642068,8.517095049503933,0.3954396039604069,0.1812613861386408,-0.19015940594059502,52.33785,-2.084614,95.06782178217826,Vw14a
259.508,2.3075396039604072,-1.9212732673267097,9.666344554455659,0.24866435643564913,0.23484059405939317,-0.2815980198019968,52.33785,-2.084614,95.28168316831679,Vw14a
259.608,2.2615,-2.0186,8.7608,0.2251,0.2889,-0.2114,52.33785,-2.084614,95.45,Vw14a
259.70799999999997,-0.18439999999861012,-0.03300000000112879,10.139199999999217,0.12010000000005969,0.17360000000006554,-0.16680000000002537,52.33785,-2.084614,95.65999999999988,Vw14a
259.808,0.12792871287161972,-0.6329861386140249,8.88954950495051,0.05234158415844086,0.2471396039603904,-0.20136633663365944,52.33785,-2.084614,95.78198019801975,Vw14a
259.908,-1.2792,0.0584,8.8245,-0.0535,0.2711,-0.218,52.33785,-2.084614,95.98,Vw14a
260.008,1.7331529411761686,-0.008756862745091305,11.139499999999767,-0.1450686274509712,0.24511960784313988,-0.11505882352942211,52.33785,-2.084614,96.30352941176467,Vw14a
260.108,-1.3556,1.0401,9.67,-0.1016,0.2506,-0.1097,52.33785,-2.084614,96.36,Vw14a
260.20799999999997,2.216899999997969,-1.258899999998693,9.325800000000195,-0.05810000000002472,0.2973999999999734,-0.20999999999994298,52.33785,-2.084614,96.48999999999992,Vw14a
260.308,-0.07970396039621916,-0.6902851485147454,9.349463366336664,-0.09225148514853491,0.16982475247526113,-0.23248910891095043,52.33785,-2.084614,96.74297029702963,Vw14a
260.408,0.6799,-1.1388,9.2158,-0.0074,0.1123,0.0186,52.33785,-2.084614,97.04,Vw14a
260.508,0.7779,-0.1936,10.8816,0.066,-0.0016,-0.0212,52.33785,-2.084614,97.27,Vw14a
260.608,-0.7453229999999645,0.19786400000010104,9.930705000000085,0.07459000000000722,0.02637399999997963,-0.16487699999999822,52.33785,-2.084614,97.17139999999996,Vw14a
260.70799999999997,-0.8614891089117093,-0.2556821782172478,9.573403960396073,0.04448613861384753,0.1139910891088851,-0.172216831683175,52.33785,-2.084614,97.31297029702964,Vw14a
260.808,2.5996,-2.6839,9.4338,0.1031,0.2231,-0.1439,52.33785,-2.084614,97.61,Vw14a
260.908,0.9635,-0.3234,9.543,0.2057,0.2752,-0.1634,52.33785,-2.084614,97.73,Vw14a
261.008,1.5026,-1.5074,8.9554,0.1554,0.1338,-0.0723,52.33785,-2.084614,97.88,Vw14a
261.108,0.4951,-0.1758,10.1121,0.0456,-0.0377,-0.0149,52.33785,-2.084614,97.89,Vw14a
261.20799999999997,0.16620000000018698,0.8673999999994069,9.960400000000087,0.016700000000016427,-0.1338999999999453,0.03019999999997437,52.33785,-2.084614,98.09999999999988,Vw14a
261.308,0.1032,-3.901,8.8204,-0.1734,-0.1273,-0.0048,52.33785,-2.084614,98.27,Vw14a
261.408,0.5949,-0.8641,11.3654,-0.1352,0.0724,0.1174,52.33785,-2.084614,98.3,Vw14a
261.508,-2.8701,0.9927,9.8626,-0.1649,0.0881,0.1775,52.33785,-2.084614,98.50999,Vw14a
261.608,5.4943,-3.4539,10.0986,0.035,-0.214,0.0942,52.33785,-2.084614,98.63,Vw14a
261.70799999999997,2.428200000001743,-0.2502000000018212,11.512599999999196,0.14149999999993945,-0.3460999999999249,0.298299999999884,52.33785,-2.084614,98.77999999999992,Vw14a
261.808,7.6444,-4.5499,9.2446,-0.0743,-0.6774,0.4437,52.33785,-2.084614,99.0,Vw14a
261.908,-5.5527,3.1163,10.2666,-0.0076,-0.8371,0.4749,52.33785,-2.084614,99.18,Vw14a
262.008,-1.499,0.8517,9.1663,-0.1983,-0.8186,0.5163,52.33785,-2.084614,99.31,Vw14a
262.108,5.888999999999999,-4.7612,8.9021,-0.1214,-0.7356,0.4771,52.33785,-2.084614,99.43999,Vw14a
262.20799999999997,0.842900000002869,-0.8594000000022177,8.207700000000395,-0.16669999999997423,-0.5066000000001303,0.22500000000014336,52.33785,-2.084614,99.6199999999999,Vw14a
262.308,4.5292,-2.7589,10.5455,-0.148,-0.1494,0.1886,52.33785,-2.084614,99.79,Vw14a
262.408,-2.1462,2.5228,11.8037,-0.2372,0.0049,-0.0319,52.33785,-2.084614,99.88,Vw14a
262.508,2.3971,-0.1069,10.7312,-0.2249,0.1685,-0.027,52.33785,-2.084614,99.93,Vw14a
262.608,-1.9003,-1.4024,9.5246,-0.0642,0.3252,-0.0676,52.33785,-2.084614,99.93999,Vw14a
262.70799999999997,-1.0421000000004876,1.4206999999983951,11.638999999998799,0.03099999999994589,0.30670000000001046,-0.09559999999998409,52.33785,-2.084614,100.14999999999989,Vw14a
262.808,-1.7113,-0.2049,9.6853,-0.0186,0.1981,-0.1142,52.33785,-2.084614,100.41,Vw14a
262.908,-0.5444,-0.9754,9.2255,0.0781,0.1939999999999999,-0.1629,52.33785,-2.084614,100.47,Vw14a
263.008,2.9221,-3.7795,9.3408,0.2499,0.0745,-0.0167,52.33785,-2.084614,100.58,Vw14a
263.108,1.4901485148511624,-2.2901089108911434,8.831461386138496,0.24248415841589632,0.035613861386213926,-0.05749405940596201,52.33785,-2.084614,100.72128712871285,Vw14a
263.20799999999997,2.854999999999224,-2.06100000000013,9.327599999999718,0.010900000000131638,-0.2829999999998189,0.0330999999999485,52.33785,-2.084614,100.84999999999992,Vw14a
263.308,-1.1855,-0.0999,9.3027,0.1713,-0.178,0.1799,52.33785,-2.084614,101.01,Vw14a
263.408,1.7049,0.931,10.2124,0.1368,-0.2426,0.1357,52.33785,-2.084614,101.19,Vw14a
263.508,-1.3471,-1.4898,9.5143,0.0511,-0.3272,0.1189,52.33785,-2.084614,101.32,Vw14a
263.608,2.3382455445548587,-2.188087128713465,8.57507623762328,-0.16008712871285502,-0.33709999999997403,0.16657524752474598,52.33785,-2.084614,101.33118811881185,Vw14a
263.70799999999997,0.6328000000009697,0.32319999999857263,10.612699999998842,-0.22879999999996095,-0.44709999999993744,0.19409999999998434,52.33785,-2.084614,101.44999999999993,Vw14a
263.808,2.0604,-2.8919,9.0805,-0.1676,-0.1542,0.2189999999999999,52.33785,-2.084614,101.59,Vw14a
263.908,-1.2888,0.6953,11.5159,-0.148,-0.1419,0.0994,52.33785,-2.084614,101.65,Vw14a
264.008,-1.4297,1.9558,10.4031,-0.0023,-0.0214,-0.0296,52.33785,-2.084614,101.74,Vw14a
264.108,-2.1026,0.6831,9.7108,0.0446,0.2507,-0.148,52.33785,-2.084614,101.95,Vw14a
264.20799999999997,-0.9785160000009785,-0.7171229999996079,9.596040999999602,0.04691200000004985,0.22863299999995387,-0.22545500000000346,52.33785,-2.084614,102.00059999999999,Vw14a
264.308,3.0515030000006385,-2.334158000000206,11.224427000000444,-0.15894700000001988,0.41905600000002197,-0.21093500000000384,52.33785,-2.084614,102.06149999999997,Vw14a
264.408,0.34544607843157793,-1.4583323529411611,9.357821568628161,-0.07352549019604639,0.32430294117642794,-0.19524215686276622,52.33785,-2.084614,102.21029411764707,Vw14a
264.508,0.9700539215684221,-1.411567647058839,11.51997843137184,0.02392549019604638,0.19459705882357206,-0.2594578431372338,52.33785,-2.084614,102.23970588235292,Vw14a
264.608,-2.3831,-0.8452,9.2735,-0.0491,0.2305,-0.1478,52.33785,-2.084614,102.3,Vw14a
264.70799999999997,1.1078999999980157,0.4081999999992878,10.340299999999393,0.027799999999956297,0.15760000000004143,-0.023100000000070883,52.33785,-2.084614,102.32999999999998,Vw14a
264.808,-1.7474168316839718,1.3540049504956333,9.627749504950371,0.053598019801968426,0.11530198019802448,-0.03165742574254926,52.33785,-2.084614,102.34930693069307,Vw14a
264.908,1.6509,-1.1155,10.1527,0.1034,0.0955,-0.1374,52.33785,-2.084614,102.28,Vw14a
265.008,0.7046,0.7864,11.0222,0.1577,-0.0217,-0.0773,52.3401,-2.083874,102.3,Vw14a
265.108,-1.4233851485153104,-0.49161683168298825,9.873859405940657,0.14359207920792333,0.0777495049504726,-0.08721782178216361,52.3401,-2.083874,102.32079207920789,Vw14a
265.20799999999997,0.5180999999988964,-1.253299999999567,9.609800000000149,0.13280000000000614,0.172699999999946,-0.14899999999996488,52.3401,-2.083874,102.39999999999996,Vw14a
265.308,1.3676,-2.0164,10.2448,0.1156,0.236,-0.1665,52.3401,-2.083874,102.57,Vw14a
265.408,1.7709,-1.1582,9.9971,0.139,0.1754,-0.1419,52.3401,-2.083874,102.48,Vw14a
265.508,0.8774,-0.6678,8.8812,-0.1634,0.1278,0.0005,52.3401,-2.083874,102.53,Vw14a
265.608,-1.7863,-0.4124,10.2391,-0.1616,0.047,0.1611,52.3401,-2.083874,102.61,Vw14a
265.70799999999997,5.025899999996128,-3.9074999999980133,9.287300000000542,-0.10860000000003012,-0.412199999999739,0.3642999999998845,52.3401,-2.083874,102.85999999999986,Vw14a
265.808,-3.3784,1.3348,10.7133,-0.1229,-0.5738,0.3455,52.3401,-2.083874,102.98,Vw14a
265.908,-0.9777356435647726,-0.13851287128612302,8.141205940594926,-0.13401089108913253,-0.5227633663366258,0.347759405940586,52.3401,-2.083874,103.19118811881192,Vw14a
266.008,-2.2313,2.8902,10.7518,-0.2051,-0.4991,0.3237,52.3401,-2.083874,103.31,Vw14a
266.108,0.6368158415834346,-1.377593069306782,8.423594059405458,-0.19589603960394394,-0.35468514851485183,0.23202970297031997,52.3401,-2.083874,103.4792079207921,Vw14a
266.20799999999997,3.6983999999982595,-2.006899999999642,10.46299999999884,-0.26549999999996043,-0.35320000000000085,0.1350000000000552,52.3401,-2.083874,103.40000000000005,Vw14a
266.308,1.2916,-1.6268,9.5112,-0.1104,-0.0783,0.1127,52.3401,-2.083874,103.37,Vw14a
266.408,2.0721980198002403,-1.7250346534643781,10.707284158415696,-0.12414059405939401,-0.167190099009811,0.11676930693060239,52.3401,-2.083874,103.46039603960396,Vw14a
266.508,-3.168,1.1915,10.2657,-0.0882,0.1038,-0.1563,52.3401,-2.083874,103.5,Vw14a
266.608,1.0053,-0.3755,10.8201,-0.1282,0.3127,-0.1104,52.3401,-2.083874,103.53,Vw14a
266.70799999999997,-1.5440999999985507,-0.6302999999998551,10.015500000000458,0.003999999999924869,0.25780000000003117,-0.05350000000003234,52.3401,-2.083874,103.50000000000001,Vw14a
266.808,-0.7983,-0.9255,10.3342,-0.1482,0.1973,-0.0976,52.3401,-2.083874,103.51,Vw14a
266.908,-0.0993,-1.0077,8.5637,-0.0947,-0.0781,-0.0648,52.3401,-2.083874,103.53,Vw14a
267.008,1.1092,-0.1021,10.6024,-0.115,0.1027,-0.0106,52.3401,-2.083874,103.55,Vw14a
267.108,0.2929,-0.0938,9.4537,-0.0539,0.0338,-0.059,52.3401,-2.083874,103.54,Vw14a
267.20799999999997,0.5683465346537503,-2.0161435643571983,10.938140594059606,-0.025492079207935163,0.16670000000003074,-0.05398217821780329,52.3401,-2.083874,103.55029702970296,Vw14a
267.308,-0.637,1.2095,10.0922,0.0353,0.0367,-0.1322,52.3401,-2.083874,103.58,Vw14a
267.408,-0.7025534653461379,-0.09677920792157504,9.343995049504864,0.12117227722769197,-0.1025267326733313,-0.0030128712871025755,52.3401,-2.083874,103.61,Vw14a
267.508,0.4921,-2.4547,9.0835,0.0284,-0.2952,0.0757,52.3401,-2.083874,103.61,Vw14a
267.608,-0.0073,-2.9623,9.1208,0.0403,0.2851,0.0097,52.3401,-2.083874,103.59,Vw14a
267.70799999999997,-0.8294732673271564,-1.0206049504948602,9.315731683168508,0.05199900990101376,0.19009207920798007,-0.15311584158422423,52.3401,-2.083874,103.43930693069308,Vw14a
267.808,0.9632,-1.8211,8.5089,-0.0481,-0.0607,0.1253,52.3401,-2.083874,103.37,Vw14a
267.908,-0.6872,-1.0647,10.2586,0.0111,0.0145,0.1372,52.3401,-2.083874,103.35,Vw14a
268.008,-1.3231,0.1037,10.3145,-0.0529,-0.144,0.0779,52.3401,-2.083874,103.12,Vw14a
268.108,0.2446,-0.47,9.4889,0.0384,-0.163,0.0447,52.3401,-2.083874,103.04,Vw14a
268.20799999999997,-0.14769999999977698,-2.6471999999987625,8.526100000000547,0.11069999999995891,-0.06590000000005519,0.0863999999999763,52.3401,-2.083874,102.90000000000009,Vw14a
268.308,-0.125511764705751,0.02322156862792796,9.84060588235327,0.003493137254925527,-0.03384313725490329,-0.03195686274509905,52.3401,-2.083874,102.83843137254905,Vw14a
268.408,-0.686688235294249,-2.014621568627928,8.43119411764673,-0.09719313725492552,-0.028156862745096708,-0.027643137254900953,52.3401,-2.083874,102.68156862745096,Vw14a
268.508,-0.1218,-0.3899,10.4695,-0.0062,-0.0542,0.1254,52.3401,-2.083874,102.6,Vw14a
268.608,1.2637,-0.4442,9.6372,-0.0583,0.15,-0.0446,52.3401,-2.083874,102.39,Vw14a
268.70799999999997,2.544299999999272,-0.510999999999962,11.399999999998998,-0.06349999999999704,0.1032000000000266,-0.19039999999991714,52.3401,-2.083874,102.34000000000003,Vw14a
268.808,-0.0269,-1.1571,9.2173,-0.0331,0.1043,-0.0226,52.3401,-2.083874,102.31,Vw14a
268.908,-1.513480392156451,1.4978813725487263,11.962407843136683,0.1571656862744758,0.17869901960781023,0.11069901960774117,52.3401,-2.083874,102.18882352941172,Vw14a
269.008,-0.26151960784354866,0.6060186274512736,10.223192156863316,0.05373431372552419,0.07860098039218978,-0.1993990196077412,52.3401,-2.083874,102.07117647058827,Vw14a
269.108,-0.6734,-1.457,9.894,-0.0146,-0.034,-0.3075,52.3401,-2.083874,101.9,Vw14a
269.20799999999997,0.670499999999236,-1.8480999999997778,9.570300000000184,0.04589999999996562,0.04109999999995731,0.09129999999977328,52.3401,-2.083874,101.78000000000007,Vw14a
269.308,-1.5695,-1.2833,9.3144,0.0402,-0.1361,0.1468,52.3401,-2.083874,101.59,Vw14a
269.408,0.9178,-1.6936,9.4285,-0.0289,-0.0957,-0.063,52.3401,-2.083874,101.49,Vw14a
269.508,0.9382,-0.9911,9.8844,-0.0347,-0.2436,-0.0691,52.3401,-2.083874,101.51,Vw14a
269.608,0.7084,-2.3763,11.21,-0.0795,-0.0734,0.2377,52.3401,-2.083874,101.44,Vw14a
269.70799999999997,0.20060000000028866,-0.36600000000114274,11.903599999999606,-0.037700000000023756,0.1987999999998452,0.18430000000003036,52.3401,-2.083874,101.28000000000009,Vw14a
269.808,3.3408,-2.4135,9.1671,-0.1509,0.1117,-0.1117,52.3401,-2.083874,101.1,Vw14a
269.908,2.247,0.5971,10.7451,-0.2922,-0.0892,0.1953,52.3401,-2.083874,100.9,Vw14a
270.008,3.6616,-2.3673,9.0815,-0.1761,-0.1224,0.3056,52.3401,-2.083874,100.88,Vw14a
270.108,-4.588032000001988,1.8242650000010519,8.312207999999611,-0.13742300000001345,-0.4928439999999617,0.13217299999997498,52.3401,-2.083874,100.72940000000001,Vw14a
270.20799999999997,3.778449504952269,-2.6003326732683614,9.958974257425917,-0.0791158415841864,-0.655858415841578,0.2415673267325984,52.3401,-2.083874,100.66742574257432,Vw14a
270.308,-3.7266,1.7764,9.2264,0.0393,-0.6817,0.5583,52.3401,-2.083874,100.41,Vw14a
270.408,5.2318,-3.8484,9.9805,0.0162,-0.6522,0.4613,52.3401,-2.083874,100.4,Vw14a
270.508,0.9202,-0.5549,9.3566,0.0512,-0.4616,0.0997,52.3401,-2.083874,100.47,Vw14a
270.608,5.312819000001337,-3.5414210000010997,10.421430999999968,0.03170500000001387,-0.22634800000009211,0.08848700000004692,52.3401,-2.083874,100.18870000000003,Vw14a
270.70799999999997,-0.405461386137726,1.1518821782172879,10.541214851485432,-0.027399999999995272,0.1678861386137908,-0.11215247524749278,52.3401,-2.083874,100.05930693069308,Vw14a
270.808,-4.1616,3.4101,9.3427,-0.0474,0.4665,-0.2474,52.3401,-2.083874,99.99,Vw14a
270.908,3.3465,-2.1302,9.3875,-0.0239,0.5803,-0.3826,52.3401,-2.083874,99.79,Vw14a
271.008,-0.6064,0.2329,9.2282,-0.0282,0.5158,-0.3203,52.3401,-2.083874,99.61,Vw14a
271.108,3.6268,-1.9475,10.3319,0.0056,0.33,-0.1076,52.3401,-2.083874,99.48,Vw14a
271.20799999999997,-0.28513762376302537,1.615338613861806,10.458801980197892,0.07162871287126517,0.10952475247531548,-0.12871188118816343,52.3401,-2.083874,99.28891089108915,Vw14a
271.308,2.4611,-0.1608,10.999,0.1645,-0.178,0.0601,52.3401,-2.083874,99.18,Vw14a
271.408,1.3584,-0.2043,10.4403,0.1293,-0.3046,0.1397,52.3401,-2.083874,98.99,Vw14a
271.508,-2.3174,0.265,7.8505,0.099,-0.172,0.1747,52.3401,-2.083874,98.84,Vw14a
271.608,0.5555,-0.5185,10.3524,0.1015,-0.1402,0.1036,52.3401,-2.083874,98.67,Vw14a
271.70799999999997,-1.5858999999987828,2.9883999999980064,10.168300000000105,0.17189999999995997,0.34049999999972674,-0.28479999999977923,52.3401,-2.083874,98.47000000000011,Vw14a
271.808,-1.6221,5.9865,11.2055,0.2046,0.469,-0.4093,52.3401,-2.083874,98.32999,Vw14a
271.908,-2.8316465346519895,1.8163623762365166,9.919226732673032,0.05077623762377819,0.6429376237623443,-0.5050742574257351,52.3401,-2.083874,98.18771287128705,Vw14a
272.008,1.6137,-1.5174,9.2119,0.0984,0.5467,-0.4825,52.3401,-2.083874,97.96,Vw14a
272.108,3.8959742574273104,-2.0136653465358716,10.03288514851466,0.17712574257426628,0.2794881188119382,-0.07353168316833734,52.3401,-2.083874,97.88841584158419,Vw14a
272.20799999999997,-2.7365999999962307,3.139799999997071,10.84139999999954,0.13970000000002125,0.038300000000137085,0.013299999999950643,52.3401,-2.083874,97.73000000000009,Vw14a
272.308,3.0786,-2.1718,11.2549,0.2759,-0.156,0.1161,52.3401,-2.083874,97.62,Vw14a
272.408,-3.1210000000000004,2.5919,9.2864,0.2284,-0.4619,0.1377,52.3401,-2.083874,97.47,Vw14a
272.508,-2.3764,1.1991,7.7764,0.1169999999999999,-0.5556,0.2334,52.3401,-2.083874,97.43999,Vw14a
272.608,3.8478,-1.6942,11.6216,-0.0597,-0.4039,0.2353,52.3401,-2.083874,97.18999,Vw14a
272.70799999999997,0.495918811882301,-2.1145960396038204,8.261104950496165,-0.23999702970291042,-0.1328108910891989,0.1086663366337054,52.3401,-2.083874,96.93257415841593,Vw14a
272.808,2.991476237624796,-1.1908613861394113,12.245384158415971,-0.31629405940599037,0.08765841584155913,-0.01702277227719882,52.3401,-2.083874,96.75800990099015,Vw14a
272.908,-1.3809,2.1830000000000003,11.6938,-0.1057,0.1935,-0.1393,52.3401,-2.083874,96.56,Vw14a
273.008,2.5714762376224503,-1.3764059405928775,11.098057425742773,-0.12134356435643044,0.24607425742572514,-0.24256732673263898,52.3401,-2.083874,96.569900990099,Vw14a
273.108,-3.2200603960401795,2.087062376238055,10.654942574257955,0.10106237623761756,0.419172277227714,-0.3148801980198261,52.3401,-2.083874,96.39811881188123,Vw14a
273.20799999999997,-0.7861000000013831,0.2633000000010368,8.41920000000127,0.1272999999999851,0.4563999999999788,-0.212900000000058,52.3401,-2.083874,96.21000000000011,Vw14a
273.308,-3.3234,2.3678,10.1871,0.1465,0.2855,-0.2236,52.3401,-2.083874,96.03,Vw14a
273.408,-2.0608178217805286,-1.2971940594064915,8.343989108911773,0.12733168316831459,-0.10006732673272531,0.009619801980235205,52.3401,-2.083874,95.9470297029702,Vw14a
273.508,2.9074,-2.9566,11.0029,0.1205,-0.2568,0.1216,52.3401,-2.083874,95.65,Vw14a
273.608,-1.5874514851495771,-0.3368970297023508,8.975078217821304,0.1984207920792263,-0.37105742574260125,0.11268910891088899,52.3401,-2.083874,95.59059405940593,Vw14a
273.70799999999997,2.2834999999977517,-2.4751999999987575,11.053199999998796,0.1128000000000496,-0.4177999999999738,0.1207999999999953,52.3401,-2.083874,95.47000000000007,Vw14a
273.808,1.4721,-1.2179,9.7798,0.1588,-0.0316,0.0562,52.3401,-2.083874,95.23,Vw14a
273.908,1.6052,-0.9945,12.7506,-0.0175,0.0769,-0.021,52.3401,-2.083874,95.17,Vw14a
274.008,3.3072,0.8319,11.5878,-0.1488,0.5226,-0.1151,52.342144,-2.082743,94.98,Vw14a
274.108,-2.3278,1.9442,9.8246,-0.1488,0.3717,-0.2719,52.342144,-2.082743,94.95,Vw14a
274.20799999999997,4.3595999999962,-5.393699999995828,9.158100000000378,-0.018600000000074002,0.5077999999999226,-0.22590000000002614,52.342144,-2.082743,94.65000000000018,Vw14a
274.308,1.1255854368924376,-0.40960582524259487,10.024560194174281,0.023133009708708602,0.09646407767004853,-0.11484563106803128,52.342144,-2.082743,94.47854359223305,Vw14a
274.408,4.35412912621329,-0.9301883495145142,12.030579611650298,0.1464339805825127,-0.5171281553397483,0.1805912621358946,52.342144,-2.082743,94.33290281553398,Vw14a
274.508,3.124323762376803,-2.083221782177719,10.357252475248274,0.1480267326732677,-0.5512316831683073,0.3659079207920009,52.342144,-2.082743,94.24267297029706,Vw14a
274.608,-3.5272,0.8074,7.8106,0.3166,-0.4841,0.1025,52.342144,-2.082743,94.15,Vw14a
274.70799999999997,4.72289999999531,-1.5897999999986379,10.614799999998407,0.15410000000009236,-0.08820000000022504,-0.06289999999990596,52.342144,-2.082743,94.02000000000007,Vw14a
274.808,-2.0976,0.6629999999999999,9.3388,0.1175,0.3063,-0.2231,52.342144,-2.082743,93.79,Vw14a
274.908,-4.2531,3.7906,9.5645,-0.0074,0.4684,-0.3239,52.342144,-2.082743,93.71,Vw14a
275.008,-1.9324,1.9003,10.1003,0.0087,0.6235,-0.2754,52.342144,-2.082743,93.52,Vw14a
275.108,-2.5787,0.5418,7.5674,0.0619,0.5039,-0.301,52.342144,-2.082743,93.25999,Vw14a
275.20799999999997,2.629999999997039,-2.130699999998481,10.603699999998273,0.048100000000007845,0.1355000000002094,-0.2120000000000506,52.342144,-2.082743,93.27,Vw14a
275.308,-2.4049,0.1154,8.2886,0.1693,-0.0265,-0.0145,52.342144,-2.082743,93.24,Vw14a
275.408,1.2346,-1.3996,10.4254,0.2147,-0.2635,0.2112,52.342144,-2.082743,93.18999,Vw14a
275.508,1.0227326732677537,0.14559108910897492,11.853379207921224,0.13238811881189327,-0.24385049504955103,0.08420000000003074,52.342144,-2.082743,93.21039603960395,Vw14a
275.608,-0.784,-0.1253,10.0313,0.0812,-0.0489,-0.0458,52.342144,-2.082743,93.25,Vw14a
275.70799999999997,2.359399999998213,-0.5663999999997493,11.004999999999447,-0.013199999999946338,0.11599999999990615,-0.04330000000000142,52.342144,-2.082743,93.17000000000004,Vw14a
275.808,0.965,-0.2665,9.8324,-0.0695,0.3583,-0.2475,52.342144,-2.082743,93.27,Vw14a
275.908,3.4626,-1.3879,11.0407,-0.0974,0.4212,-0.2911,52.342144,-2.082743,93.25,Vw14a
276.008,1.2664,-1.3011,9.0945,-0.1357,0.2293,-0.0297,52.342144,-2.082743,93.35,Vw14a
276.108,-4.164455445546526,1.2541297029709464,10.391537623762243,-0.028943564356455887,0.018019801980287374,0.09598217821778202,52.342144,-2.082743,93.29069306930693,Vw14a
276.20799999999997,4.179999999995257,-1.4928999999984383,10.95529999999968,0.05669999999995131,-0.3599999999997851,0.2641999999999044,52.342144,-2.082743,93.35999999999996,Vw14a
276.308,-2.8645,3.5403,10.6961,-0.1,-0.5045,0.2558,52.342144,-2.082743,93.41,Vw14a
276.408,2.4893,-2.9272,8.0256,-0.2782,-0.627,0.3689,52.342144,-2.082743,93.53,Vw14a
276.508,2.2581,-3.7707,9.2963,-0.1154,-0.6454,0.419,52.342144,-2.082743,93.68,Vw14a
276.608,1.6483,-0.3998,8.9317,-0.0917,0.0125,0.1692,52.342144,-2.082743,93.61,Vw14a
276.70799999999997,3.3312999999990436,0.6844999999993837,10.44379999999914,0.01469999999993954,0.19289999999989743,-0.21219999999978315,52.342144,-2.082743,93.79999999999988,Vw14a
276.808,-1.1565,2.5972,9.5169,-0.004,0.3489,-0.1913,52.342144,-2.082743,94.00999,Vw14a
276.908,2.4665,1.0706,10.4431,-0.0537,0.2057,-0.1225,52.342144,-2.082743,94.02,Vw14a
277.008,-0.3792,1.8806,10.5812,0.015,0.1797,-0.054,52.342144,-2.082743,94.18,Vw14a
277.108,1.0798,1.3106,9.1244,0.114,-0.1491,-0.0438,52.342144,-2.082743,94.23,Vw14a
277.20799999999997,0.9264970297034147,-0.13868415841606177,10.680072277228073,0.12095049504950849,-0.21713069306936766,0.015998019801982608,52.342144,-2.082743,94.50108910891086,Vw14a
277.308,-0.9538,0.7929,9.2073,0.106,0.0398,0.0058,52.342144,-2.082743,94.61,Vw14a
277.408,-0.4914,0.3571,10.1351,0.0798,0.1345,-0.1821,52.342144,-2.082743,94.9,Vw14a
277.508,2.4601533980569985,-2.835521359221944,9.230245631068344,0.02077087378643285,0.30401456310672403,-0.23947864077667463,52.342144,-2.082743,94.69610679611658,Vw14a
277.608,-0.30022959183741627,-0.7810673469382614,10.294943877551281,0.004647959183670038,0.276337755102033,-0.2290255102040787,52.342144,-2.082743,94.74938765306123,Vw14a
277.70799999999997,3.38756633663447,-3.1536049504956383,11.12729801980229,-0.03466633663367362,0.3120732673267806,-0.13912376237624416,52.342144,-2.082743,94.81871277227725,Vw14a
277.808,-0.0258,-0.6641,9.8171,0.0087,0.1094,-0.1115,52.342144,-2.082743,94.68999,Vw14a
277.908,-1.3687118811885044,0.4498623762374133,9.724893069306306,-0.037978217821761535,-0.19654356435646697,0.1370079207920961,52.342144,-2.082743,94.66891089108907,Vw14a
278.008,-2.5299,-0.1839,7.8442,0.0242,-0.2909,0.1878,52.342144,-2.082743,94.56,Vw14a
278.108,-3.2741,1.0204,9.0913,0.1169999999999999,-0.5102,0.2581,52.342144,-2.082743,94.5,Vw14a
278.20799999999997,3.320899999996251,-2.380199999998067,11.460499999998653,0.12349999999999631,-0.37250000000007827,0.32559999999996164,52.342144,-2.082743,94.27000000000012,Vw14a
278.308,-3.5677,4.4987,11.4113,0.1776,-0.0393,-0.1966,52.342144,-2.082743,94.07,Vw14a
278.408,4.3464,-3.8707,9.6686,0.173,0.3578,-0.3033,52.342144,-2.082743,93.87,Vw14a
278.508,3.0592,-2.4318,10.3151,-0.0066,0.6133,-0.4708,52.342144,-2.082743,93.72,Vw14a
278.608,3.085566000000085,-2.6947889999999797,9.661147999999962,0.02219399999998616,0.657827000000039,-0.36153100000005983,52.342144,-2.082743,93.61800000000005,Vw14a
278.70799999999997,2.6558396039620495,-2.738361386139664,9.82525841584156,0.08113366336633347,0.49092871287131723,-0.10773069306929439,52.342144,-2.082743,93.41891089108914,Vw14a
278.808,-4.3402,1.7055,9.9211,0.0945,0.3638,-0.1608,52.342144,-2.082743,93.31,Vw14a
278.908,-0.03709200000035251,-1.1499579999996854,9.372562000000144,0.030702000000019845,-0.11629299999998657,-0.20372099999992485,52.342144,-2.082743,93.11819989999995,Vw14a
279.008,-1.0817970297032964,-0.22577326732624875,9.792054455445836,0.08896831683171465,-0.07494752475250012,0.0226376237623588,52.342144,-2.082743,92.939099009901,Vw14a
279.108,0.2985,-2.2731,8.5575,-0.0442,0.0303,0.0964,52.342144,-2.082743,92.85,Vw14a
279.20799999999997,-2.587552475248204,0.33227821782189143,10.155166336633725,-0.07131782178216362,0.08709801980199443,-0.10650792079211921,52.342144,-2.082743,92.73970297029703,Vw14a
279.308,0.2872,-0.1299,9.8918,-0.1331,0.0269,0.0627,52.342144,-2.082743,92.71,Vw14a
279.408,-3.2112,2.73,10.5403,-0.0442,0.0743,0.1597,52.342144,-2.082743,92.71,Vw14a
279.508,4.153701980199727,-2.15483267326835,10.22386336633688,-0.008556435643572478,-0.3444841584158041,0.11743861386138758,52.342144,-2.082743,92.74980198019803,Vw14a
279.608,-3.0661,2.1719,9.1802,0.0258,-0.5029,0.1113,52.342144,-2.082743,92.73,Vw14a
279.70799999999997,1.1038999999976293,-2.218799999997504,9.067200000000064,-0.03269999999996674,-0.3714000000000748,0.26069999999991506,52.342144,-2.082743,92.67000000000003,Vw14a
279.808,1.7143,-0.5724,10.4026,-0.0349,-0.1769,0.1437,52.342144,-2.082743,92.81,Vw14a
279.908,1.7608,-0.8325,9.4787,-0.0864,-0.1119999999999999,0.0789,52.342144,-2.082743,92.73,Vw14a
280.008,0.9781752475250273,0.9821168316831892,11.484473267327115,-0.10430594059402382,-0.01828910891086298,0.01240396039605133,52.342144,-2.082743,92.62970297029703,Vw14a
280.108,-0.1843,0.8938,9.8718,-0.2549,-0.1372,-0.0372,52.342144,-2.082743,92.6,Vw14a
280.20799999999997,-1.355699999999334,2.5247999999990727,10.55759999999961,-0.13440000000006846,-0.22499999999995007,0.3641999999997719,52.342144,-2.082743,92.52000000000004,Vw14a
280.308,2.5001,-0.9227,9.8527,-0.0504,-0.3006,0.2259,52.342144,-2.082743,92.62,Vw14a
280.408,1.1949180000000665,1.4054370000001792,10.248009000000819,0.10584299999998163,-0.08305600000003152,0.12036800000001213,52.342144,-2.082743,92.48989999999999,Vw14a
280.508,1.3742821782183046,1.92477326732718,12.677046534654105,0.04838811881193584,-0.17526831683174066,0.15557920792082094,52.342144,-2.082743,92.47960386138615,Vw14a
280.608,-0.6675,0.0321,9.9717,-0.1828,0.0679,0.0335,52.342144,-2.082743,92.43999,Vw14a
280.70799999999997,-3.894999999998165,0.8024999999995621,8.725100000000708,-0.11020000000004128,0.4124999999998041,-0.21169999999986064,52.342144,-2.082743,92.28000000000009,Vw14a
280.808,2.2389,-1.3979,8.6887,-0.1455,0.1532,-0.1712,52.342144,-2.082743,92.3,Vw14a
280.908,-1.054,0.8416,10.1572,-0.0115,0.1045,0.1444,52.342144,-2.082743,92.24,Vw14a
281.008,-2.001549019607748,2.1052274509802653,9.900827450980417,-0.006500000000000502,-0.25334313725486607,0.15518431372548913,52.342144,-2.082743,92.21058823529411,Vw14a
281.108,-0.7613,1.3528,9.8774,0.0054,-0.3285,0.0449,52.342144,-2.082743,92.23,Vw14a
281.20799999999997,-1.4234346534662345,0.5802970297031547,9.555262376237492,0.042323762376244155,-0.3021643564356704,0.10593663366336546,52.342144,-2.082743,92.23118811881186,Vw14a
281.308,2.3331,-0.2,10.1115,0.0147,-0.1886,0.1096,52.342144,-2.082743,92.35,Vw14a
281.408,-1.3469,0.5354,9.7341,-0.0427,0.0092,-0.0174,52.342144,-2.082743,92.39,Vw14a
281.508,2.1517,-0.628,10.8946,0.0032,-0.0866,-0.0594,52.342144,-2.082743,92.37,Vw14a
281.608,2.9869,0.0984,9.3097,-0.0681,0.2106,0.0063,52.342144,-2.082743,92.45,Vw14a
281.70799999999997,-0.1633999999982092,-0.9381999999994106,8.929400000000216,-0.012400000000031663,0.3620999999999139,-0.06869999999995736,52.342144,-2.082743,92.59999999999991,Vw14a
281.808,2.1542,0.1744,11.6344,0.1206,0.2653,-0.4858,52.342144,-2.082743,92.84,Vw14a
281.908,-0.1977,2.5647,10.7818,0.1391,0.0582,-0.3117,52.342144,-2.082743,92.97,Vw14a
282.008,4.03,-2.6864,11.6636,0.217,-0.2623,0.3939999999999999,52.342144,-2.082743,93.00999,Vw14a
282.108,-0.7444554455456833,1.4907287128722748,11.811520792079243,0.1484851485148353,-0.5072504950495629,0.24855445544551016,52.342144,-2.082743,93.21792069306936,Vw14a
282.20799999999997,-1.8786999999993763,2.858499999999238,10.029100000001023,-0.18169999999981085,-0.21640000000016846,0.02540000000012732,52.342144,-2.082743,93.22,Vw14a
282.308,0.2817,2.1011,11.3026,-0.0961,-0.2886,0.0597,52.342144,-2.082743,93.29,Vw14a
282.408,-2.4326,2.1209,8.0039,-0.225,0.3059,0.0742,52.342144,-2.082743,93.24,Vw14a
282.508,0.4959,-1.9409,7.4154,-0.1778,0.0925,0.0023,52.342144,-2.082743,93.16,Vw14a
282.608,-2.8205,3.0715,8.423,-0.18,0.4554,-0.3001,52.342144,-2.082743,93.0,Vw14a
282.70799999999997,1.9777999999972726,-1.191099999997577,10.728999999998688,-0.14400000000002044,0.5237999999999612,-0.2517000000000275,52.342144,-2.082743,92.90000000000006,Vw14a
282.808,2.675,-0.1879,11.7674,-0.0949,0.4145,-0.2712,52.342144,-2.082743,92.93999,Vw14a
282.908,-2.9498386138613677,3.8485267326729757,9.934040594059551,0.1355217821782584,0.38923366336624476,-0.1465792079207781,52.34216204950495,-2.0827270297029696,92.73762376237616,Vw14a
283.008,-2.8937,2.9712,10.3681,0.2577,0.1126,-0.1045,52.343967,-2.08113,92.5,Vw14a
283.108,-4.1921,0.512,6.6379,0.3795,-0.5701,0.0653,52.343967,-2.08113,92.24,Vw14a
283.20799999999997,2.5530999999961663,-3.2650999999978527,9.720899999998249,0.36340000000000916,-0.6688999999999439,0.42749999999979404,52.343967,-2.08113,92.00999000000013,Vw14a
283.308,-4.317111881189976,1.0112643564362898,7.978511881187671,0.24200198019805993,-0.5868990099009737,0.3640435643564842,52.343967,-2.08113,92.0491089108911,Vw14a
283.408,3.5417,-1.7223,9.8697,0.0722,-0.6568,0.1584,52.343967,-2.08113,91.96,Vw14a
283.508,2.1391,-0.933,11.0124,-0.0016,-0.5696,0.3083,52.343967,-2.08113,91.57,Vw14a
283.608,5.880982178219184,-5.438953465348027,10.654991089109062,-0.0634108910890992,-0.46937029702981004,0.4191049504951652,52.343967,-2.08113,91.46871287128715,Vw14a
283.70799999999997,0.11920000000327491,0.875699999996411,10.014100000000363,-0.10449999999997664,-0.016400000000257542,-0.0703999999997218,52.343967,-2.08113,91.34000000000007,Vw14a
283.808,-4.550200990099357,3.4129544554456896,8.613341584158047,-0.10265643564356776,0.19030594059401199,-0.23831386138613356,52.343967,-2.08113,91.12772277227728,Vw14a
283.908,-3.0803,2.7984,10.1775,-0.0883,0.3909,-0.2597,52.343967,-2.08113,90.9,Vw14a
284.008,3.529,-3.0085,8.9825,-0.0334,0.4991,-0.2822,52.343967,-2.08113,90.66,Vw14a
284.108,3.7976,-3.6563,10.4223,0.0779,0.7927,-0.5578,52.343967,-2.08113,90.64,Vw14a
284.20799999999997,-4.935499999995037,6.925999999993984,10.434499999999993,0.12249999999997464,0.940499999999916,-0.666999999999938,52.343967,-2.08113,90.54000000000006,Vw14a
284.308,3.6778,0.3127,10.9166,0.0853,1.0064,-0.6058,52.343967,-2.08113,90.5,Vw14a
284.408,-5.750714851487379,6.1160663366350345,9.173530693068894,0.13846831683169575,0.807489108910844,-0.6724336633663525,52.343967,-2.08113,90.48019801980197,Vw14a
284.508,3.3255,-4.0356,7.8923,0.1847,0.4705,-0.2756,52.343967,-2.08113,90.47,Vw14a
284.608,-4.307821782180411,4.5509148514878754,9.41116732673252,0.10425742574257527,0.2470475247526065,-0.18902772277236876,52.343967,-2.08113,90.509198019802,Vw14a
284.70799999999997,4.969999999994726,-6.987599999993442,10.057899999999632,0.10000000000000242,-0.30819999999968434,0.1981999999997799,52.343967,-2.08113,90.43000000000005,Vw14a
284.808,2.741630693071221,-4.273782178220086,10.401462376237648,0.05306732673270004,-0.6638970297029065,0.4131188118811617,52.343967,-2.08113,90.37128712871285,Vw14a
284.908,-5.3553,5.308,10.2977,-0.0602,-0.9336,0.525,52.343967,-2.08113,90.5,Vw14a
285.008,-3.610691089109441,6.684075247526084,10.89608514851543,-0.08600396039599224,-1.0710623762375988,0.6615594059405643,52.343967,-2.08113,90.57118801980195,Vw14a
285.108,-1.3698,1.0516,8.4446,-0.2864,-1.1773,0.7875,52.343967,-2.08113,90.68999,Vw14a
285.20799999999997,6.148756435644636,-9.813791089110792,8.024224752475016,-0.3318039603960868,-1.051732673267411,0.7404841584158917,52.343967,-2.08113,90.80059405940592,Vw14a
285.308,1.6144,-1.8529,9.0067,-0.1322,-0.695,0.5289,52.343967,-2.08113,90.86,Vw14a
285.408,6.5872,-6.4583,9.6415,-0.0344,-0.4582,0.3414,52.343967,-2.08113,91.02,Vw14a
285.508,-0.8736,3.8822,11.0491,-0.0458,0.3496,-0.2707,52.343967,-2.08113,91.11,Vw14a
285.608,5.55809300000237,-5.493364000002947,10.559652000000153,-0.11389100000003051,0.30201699999988074,-0.5153410000000014,52.343967,-2.08113,91.30189999999995,Vw14a
285.70799999999997,-4.473055445545449,6.970653465347791,9.904300000000168,0.016059405940585563,0.8103009900989697,-0.5090168316831797,52.343967,-2.08113,91.49138613861382,Vw14a
285.808,-0.6886,1.656,9.1943,0.052,0.9804,-0.4607,52.343967,-2.08113,91.63,Vw14a
285.908,-4.031000000000001,5.6995,9.7011,0.0009,0.828,-0.5109,52.343967,-2.08113,91.82,Vw14a
286.008,2.6433,-5.3389,10.1226,0.0737,0.5931,-0.445,52.343967,-2.08113,91.98,Vw14a
286.108,3.3042,-2.2157,12.5324,0.2134,0.105,-0.1113,52.343967,-2.08113,92.14,Vw14a
286.20799999999997,-1.7678732673281372,6.4387782178235815,9.661013861385415,0.25145940594056904,-0.24096732673258187,0.1040128712870574,52.343967,-2.08113,92.47118811881185,Vw14a
286.308,4.1748,-1.1734,12.7224,0.3574,-0.6277,0.4053,52.343967,-2.08113,92.59,Vw14a
286.408,-2.8795979999996044,6.1565219999977945,8.35022100000012,0.12474099999998156,-0.9570589999999657,0.368116000000017,52.343967,-2.08113,92.79200000000007,Vw14a
286.508,-1.7081871287124746,-0.41655049505063596,8.704599009901088,0.0699039603960277,-0.8502257425743467,0.41864158415842906,52.343967,-2.08113,92.99138613861382,Vw14a
286.608,-3.3869,4.3684,8.2945,0.1203,-0.4728,0.3628,52.343967,-2.08113,93.13,Vw14a
286.70799999999997,2.473499999996669,-2.083399999996333,10.520199999998736,0.07550000000002546,-0.48589999999999256,0.22940000000007582,52.343967,-2.08113,93.40999999999984,Vw14a
286.808,5.4127,-3.5741,12.2224,-0.1876,0.0176,-0.1214,52.343967,-2.08113,93.50999,Vw14a
286.908,-3.0779,5.4983,8.8756,-0.1574,0.4329,-0.215,52.343967,-2.08113,93.77,Vw14a
287.008,-0.3805,2.0846,9.9663,-0.0216,0.5869,-0.4426,52.343967,-2.08113,93.97,Vw14a
287.108,-3.1596,6.3569,9.3931,0.0,0.9462,-0.4539999999999999,52.343967,-2.08113,94.16,Vw14a
287.20799999999997,4.234492000001208,-5.728035000001888,9.132410000000235,8.099999998612906e-05,0.8961940000000311,-0.6549130000000258,52.343967,-2.08113,94.47059999999999,Vw14a
287.308,-0.7141190000014351,2.021438000001817,8.187872999999424,0.058078999999988834,0.7666310000000063,-0.5461570000000266,52.343967,-2.08113,94.53259999999995,Vw14a
287.408,5.3147326732650795,-5.6169495049478435,10.63078118811882,0.10532970297029137,0.7387940594059006,-0.4319980198019469,52.343967,-2.08113,94.79059405940596,Vw14a
287.508,-1.452,2.3681,10.6589,0.0883,0.6182,-0.3318,52.343967,-2.08113,94.85,Vw14a
287.608,5.245,-6.0262,10.4554,0.1561,0.2001,-0.0522,52.343967,-2.08113,95.0,Vw14a
287.70799999999997,-2.5015999999955962,5.753099999993302,10.750899999999831,0.0648000000000519,0.06790000000007518,-0.02720000000001421,52.343967,-2.08113,95.13999999999992,Vw14a
287.808,-1.7969,2.8288,8.0414,0.1346,-0.6507,0.2941,52.343967,-2.08113,95.39,Vw14a
287.908,4.132297029702101,-9.320926732671548,9.405489108910608,-0.11633168316833117,-0.7674366336633809,0.5967247524751853,52.343967,-2.08113,95.60108910891093,Vw14a
288.008,1.5119999999999998,-4.1436,8.5544,-0.1595,-0.8111,0.4092,52.343967,-2.08113,95.71,Vw14a
288.108,1.1379,-4.7007,11.5936,-0.2761,-1.1393,0.4589,52.343967,-2.08113,96.0,Vw14a
288.20799999999997,-6.379299009902448,7.532069306932218,11.079368316831856,-0.21626237623765301,-0.9531603960396333,0.8141831683168699,52.343967,-2.08113,96.06336633663359,Vw14a
288.308,-0.2092,1.079,10.3562,-0.0925,-0.8292,0.6525,52.343967,-2.08113,96.4,Vw14a
288.408,-4.6858,5.7863,10.4024,-0.0009,-0.3422,0.0435,52.343967,-2.08113,96.43999,Vw14a
288.508,2.4557,-4.5917,8.5256,-0.0287,-0.0332,-0.0835,52.343967,-2.08113,96.7,Vw14a
288.608,-3.3730425742588808,5.327068316834303,10.009557425742873,0.0395683168316721,0.2453762376237204,-0.27888910891090557,52.343967,-2.08113,96.84108910891086,Vw14a
288.70799999999997,2.7826999999965003,-5.7560999999937,8.74530000000072,0.08639999999997339,0.422999999999899,-0.21780000000003472,52.343967,-2.08113,96.94999999999995,Vw14a
288.808,0.4177,0.4914,9.8412,0.1378,0.5471,-0.4028,52.343967,-2.08113,96.81,Vw14a
288.908,0.0787,0.2335,10.4422,0.0911,0.4933,-0.4621,52.343967,-2.08113,96.84,Vw14a
289.008,-3.2359,5.2835,10.6777,0.0775,0.6092,-0.4245,52.343967,-2.08113,96.86,Vw14a
289.108,2.5985,-2.1889,9.4918,0.1292,0.6953,-0.3631,52.343967,-2.08113,96.64,Vw14a
289.20799999999997,2.286600000000177,-3.3069999999993644,8.887300000000343,0.13269999999999801,0.5818000000000645,-0.4771999999999351,52.343967,-2.08113,96.64,Vw14a
289.308,2.4311,-5.6275,8.1636,0.1823,0.5572,-0.3776,52.343967,-2.08113,96.53,Vw14a
289.408,-0.5754435643573536,0.8316396039618053,10.246939603960612,0.09437722772273499,0.5023673267326656,-0.4203237623762052,52.343967,-2.08113,96.40663366336622,Vw14a
289.508,-3.3398,5.0756,10.9009,-0.0179,0.4791,-0.3227,52.343967,-2.08113,96.07,Vw14a
289.608,-1.8802,2.7687,11.1689,0.0979,0.1237,0.0671,52.343967,-2.08113,96.12,Vw14a
289.70799999999997,-2.702099999999533,2.7702999999999993,9.807600000000775,-0.08669999999989507,-0.26579999999977855,0.09029999999998682,52.343967,-2.08113,95.88000000000014,Vw14a
289.808,1.9085,-5.5813,7.6136,-0.2041,-0.4258,0.0999,52.343967,-2.08113,95.89,Vw14a
289.908,-0.3573,0.7728,9.1951,-0.2775,-0.5164,0.6527,52.343967,-2.08113,95.74,Vw14a
290.008,3.004,-7.5526,7.6779,-0.3225,-0.6575,0.7318,52.343967,-2.08113,95.53,Vw14a
290.108,-4.2214,6.218999999999999,10.8949,-0.2603,-0.7476,0.6077,52.343967,-2.08113,95.55,Vw14a
290.20799999999997,1.4673841584175487,-3.2466603960420843,8.805500990098823,-0.2981257425743183,-0.9703772277228035,0.5371128712870812,52.343967,-2.08113,95.35059405940592,Vw14a
290.308,-5.7542,7.2473,9.5956,-0.0407,-0.8381,0.7384,52.343967,-2.08113,95.41,Vw14a
290.408,1.7718267326711465,-2.7102009900962005,10.71324554455437,0.06899207920793714,-0.8258910891087445,0.5604792079206253,52.343967,-2.08113,95.2314851485149,Vw14a
290.508,-4.6155,5.7497,10.4578,0.1182,-0.325,0.0584,52.343967,-2.08113,95.38,Vw14a
290.608,2.4769,-2.1765,10.2824,0.1434,-0.1869,-0.0365,52.343967,-2.08113,95.21,Vw14a
290.70799999999997,-0.32639999999840663,-3.518999999999237,8.18860000000119,0.17439999999998237,0.04979999999986548,-0.07249999999997953,52.343967,-2.08113,95.31999999999994,Vw14a
290.808,3.4593,-2.5349,10.5885,0.26,0.2037,-0.1493,52.343967,-2.08113,95.29,Vw14a
290.908,0.3719,-1.6969999999999998,11.509,0.1109,0.3116,-0.2553,52.343967,-2.08113,95.31,Vw14a
291.008,2.9852,-2.5706,9.8966,0.035,0.4098,-0.3825,52.343967,-2.08113,95.37,Vw14a
291.108,0.481074257426249,-0.5329643564366608,9.510905940593787,-0.029378217821801604,0.4618257425742734,-0.24442871287127463,52.343967,-2.08113,95.29158415841582,Vw14a
291.20799999999997,-1.6614999999987816,3.7705999999975535,10.661499999999346,0.05279999999995329,0.3944000000000383,-0.29729999999997,52.343967,-2.08113,95.44999999999992,Vw14a
291.308,-1.7331,0.4235,10.2231,0.1964,0.437,-0.2403,52.343967,-2.08113,95.37,Vw14a
291.408,0.2018,3.8894,12.0378,0.1814,0.3755,-0.2895,52.343967,-2.08113,95.65,Vw14a
291.508,3.0561,-1.9073,9.347,-0.1494,0.2059,-0.0735,52.343967,-2.08113,95.59,Vw14a
291.608,-0.0405,0.7266,11.5788,-0.2525,0.2273,0.0475,52.343967,-2.08113,95.75999,Vw14a
291.70799999999997,2.2920999999986744,-4.094899999997259,9.217800000001343,-0.40729999999991195,-0.058199999999837715,0.03890000000000489,52.343967,-2.08113,95.88999999999993,Vw14a
291.808,-1.440233663367714,-1.3149653465340965,7.271755445543965,-0.2566732673267617,-0.1717217821781534,0.1439227722771681,52.343967,-2.08113,96.21049495049503,Vw14a
291.908,4.3864,-3.6715,9.7673,-0.134,-0.4439,0.3962,52.343967,-2.08113,96.25999,Vw14a
292.008,-2.7592,1.4489,10.0296,-0.1311,-0.5392,0.375,52.345615,-2.078832,96.38,Vw14a
292.108,1.0276,0.1418,11.6419,0.1025,-0.5645,0.2275,52.345615,-2.078832,96.56,Vw14a
292.20799999999997,2.71352700000062,-4.608729000000769,8.356772999999437,0.0707419999999799,-0.5641050000000596,0.33699100000006943,52.345615,-2.078832,96.66249999999994,Vw14a
292.308,0.1641950495044306,-1.4504495049498651,10.678141584158707,0.15399702970297272,-0.31613861386140885,0.04853564356436742,52.345615,-2.078832,96.90920782178219,Vw14a
292.408,2.3637,-4.1154,9.4423,0.1437,-0.22,0.0021,52.345615,-2.078832,96.82999,Vw14a
292.508,-1.2937,2.6817,9.2313,0.1184,0.1024,-0.0032,52.345615,-2.078832,96.91,Vw14a
292.608,0.6614,-0.8639,10.2055,0.0589,0.1169,-0.1133,52.345615,-2.078832,96.92,Vw14a
292.70799999999997,-1.55549999999874,3.0084999999977993,10.10110000000006,0.0908999999999818,0.150299999999981,-0.15539999999997609,52.345615,-2.078832,96.96999999999997,Vw14a
292.808,2.0751,-1.5652,9.831,0.1086,0.2442,-0.1382,52.345615,-2.078832,96.98,Vw14a
292.908,-1.3456,2.9424,10.3811,0.0684,0.3757,-0.2416,52.345615,-2.078832,96.98,Vw14a
293.008,2.2227,-2.4745,10.4736,-0.0479,0.3789,-0.3128,52.345615,-2.078832,96.86,Vw14a
293.108,1.0046,2.4974,8.9399,-0.1133,0.2847,-0.2733,52.345615,-2.078832,96.86,Vw14a
293.20799999999997,1.3949306930698784,-0.2343415841584834,11.364404950495484,-0.15524356435643696,0.2320554455445768,0.02346534653465192,52.345615,-2.078832,96.85950495049507,Vw14a
293.308,-1.022,0.0515,9.5249,-0.1496,0.1376,0.03,52.345615,-2.078832,96.81,Vw14a
293.408,-3.2894257425747933,1.8710049504954795,8.217771287128405,0.1904000000000804,0.07859009900988705,0.02574257425742474,52.345615,-2.078832,96.97831683168322,Vw14a
293.508,-2.2016,3.0805,8.5687,0.1671,0.0277,0.0141,52.345615,-2.078832,96.93999,Vw14a
293.608,-2.6758,-0.2176,6.6858,0.3586,-0.4339,-0.009,52.345615,-2.078832,96.95,Vw14a
293.70799999999997,0.2934310000000709,-2.0756960000006184,10.976923999999894,0.3003400000000301,-0.36151300000000924,0.1819060000000094,52.345615,-2.078832,96.95239989999995,Vw14a
293.808,0.02397184465961344,0.48288543689334423,11.426977669902625,0.1743611650485731,-0.3211718446602423,0.14269805825243198,52.345615,-2.078832,97.19037844660193,Vw14a
293.908,2.471156310679382,-0.10857087378635222,12.63474466019406,0.050477669902924266,-0.1183563106796307,0.12250388349514753,52.345615,-2.078832,97.22922310679611,Vw14a
294.008,0.106,1.1306,8.9268,-0.2554,0.0265,0.1138,52.345615,-2.078832,97.43999,Vw14a
294.108,-1.3987,-0.9405,8.2718,-0.1908,0.0841,0.1292,52.345615,-2.078832,97.46,Vw14a
294.20799999999997,-0.3640000000005881,-0.648400000000166,8.78319999999971,-0.2741999999999526,0.13189999999997282,-0.055899999999894784,52.345615,-2.078832,97.47,Vw14a
294.308,-1.5853,0.4327,9.2821,-0.1986,0.1547,-0.0659,52.345615,-2.078832,97.39,Vw14a
294.408,0.8255,-1.4856,10.9282,-0.0225,0.1017,-0.0833,52.345615,-2.078832,97.4,Vw14a
294.508,-1.4933,-0.3753,8.582,0.0248,0.1068,-0.0912,52.345615,-2.078832,97.29,Vw14a
294.608,1.8143,-2.0267,10.6391,0.0999,0.1866,-0.0829,52.345615,-2.078832,97.45,Vw14a
294.70799999999997,0.5804000000007015,1.5605999999979607,10.113600000000298,0.0068000000000529165,0.03960000000008357,-0.04030000000002422,52.345615,-2.078832,97.23000000000013,Vw14a
294.808,1.6272,-2.3522,11.5392,0.2277,-0.1946,0.0987,52.345615,-2.078832,97.31,Vw14a
294.908,2.3435106796117537,-1.7835592233008892,12.800656310679793,0.3358553398058408,-0.2571242718446692,0.11986504854369236,52.345615,-2.078832,97.14495145631065,Vw14a
295.008,-1.7747,2.7475,6.8185,0.2086,-0.5063,0.0661,52.345615,-2.078832,97.22,Vw14a
295.108,0.3905,-2.2741,12.1573,0.0712,-0.1223,0.0882,52.345615,-2.078832,97.32,Vw14a
295.20799999999997,-1.0339999999991905,0.9222999999981831,8.55210000000205,-0.13919999999988036,0.01239999999992343,0.013900000000042226,52.345615,-2.078832,97.34999999999998,Vw14a
295.308,2.4069,-0.0782,12.5468,-0.191,0.0672,-0.0557,52.345615,-2.078832,97.37,Vw14a
295.408,-1.7946629999999526,0.37599400000028993,7.5924610000000845,-0.18125600000002492,0.26328700000001276,-0.006124000000030464,52.345615,-2.078832,97.28190000000006,Vw14a
295.508,-1.6525799999999957,1.2617659999996378,7.837842000000195,-0.2563849999999932,0.3025489999999773,-0.09849199999997871,52.345615,-2.078832,97.46780000000005,Vw14a
295.608,-1.6609158415843828,2.7460178217825844,7.060295049504239,-0.2839792079208068,0.39483663366340566,-0.18694752475247176,52.345615,-2.078832,97.25019801980197,Vw14a
295.70799999999997,-0.712500000000539,1.0278000000009768,10.06979999999829,-0.2219000000000353,0.22850000000009457,-0.2016999999999916,52.345615,-2.078832,97.26999999999998,Vw14a
295.808,1.0422,-4.1537,10.5512,-0.0103,0.158,0.1455,52.345615,-2.078832,97.15,Vw14a
295.908,-0.8424534653452348,2.120372277225746,10.413538613861691,0.027158415841596062,-0.11551386138626193,0.1649970297030134,52.345615,-2.078832,97.14742574257417,Vw14a
296.008,3.0722,-3.8324,11.3274,0.063,-0.4869,0.2947,52.345615,-2.078832,96.89,Vw14a
296.108,1.1989,1.074,8.5773,0.0966,-0.6698,0.241,52.345615,-2.078832,96.9,Vw14a
296.20799999999997,2.856099999999058,-4.587199999996782,10.587999999998857,0.13539999999997793,-0.6221000000000271,0.369399999999927,52.345615,-2.078832,96.68999000000011,Vw14a
296.308,-1.5091,1.9993,8.8122,0.2631,-0.5172,0.2462,52.345615,-2.078832,96.56,Vw14a
296.408,-0.4287792079214688,4.0588178217819495,10.200714851484236,0.21677623762371176,-0.23689405940587732,0.12727821782171503,52.345615,-2.078832,96.44841584158411,Vw14a
296.508,-2.4667,3.3706,7.4522,0.0644,-0.0463,-0.0749,52.345615,-2.078832,96.29,Vw14a
296.608,-1.1102,1.5521,9.077,-0.0108,0.0669,-0.0998,52.345615,-2.078832,96.0,Vw14a
296.70799999999997,2.98789999999767,-5.0059999999962725,12.287099999998176,-0.15799999999991635,0.36569999999983016,-0.28319999999989576,52.345615,-2.078832,95.82000000000009,Vw14a
296.808,-3.454537623763586,2.723337623763808,9.005938613860785,-0.06146633663366416,0.47945544554452246,-0.23902871287128175,52.345615,-2.078832,95.67722772277234,Vw14a
296.908,1.6617,-3.3329,11.5498,-0.0581,0.615,-0.2619,52.345615,-2.078832,95.4,Vw14a
297.008,-1.118,4.0523,10.9431,0.034,0.5732,-0.3637,52.345615,-2.078832,95.41,Vw14a
297.108,1.3171049504953591,0.05034752475134423,9.406925742573758,0.053732673267295236,0.38940000000000946,-0.4233198019802354,52.345615,-2.078832,95.23039603960396,Vw14a
297.20799999999997,0.007600000000744567,4.83509999999728,11.5194999999988,0.18699999999992425,0.34940000000002275,-0.2653000000000898,52.345615,-2.078832,95.26999999999997,Vw14a
297.308,0.9857,-2.9989,9.4489,0.0679,0.5956,-0.3449,52.345615,-2.078832,94.81,Vw14a
297.408,0.0416,5.1371,11.1991,-0.0096,0.5803,-0.4506,52.345615,-2.078832,94.62,Vw14a
297.508,1.3568,-3.0877,9.9077,-0.1072,0.3669,-0.1698,52.345615,-2.078832,94.59,Vw14a
297.608,-1.058,5.1908,9.2289,-0.0887,0.3568,-0.0346,52.345615,-2.078832,94.6,Vw14a
297.70799999999997,1.6688999999984502,1.1252000000023115,10.503199999999275,-0.009200000000045186,0.14410000000012094,-0.05729999999998709,52.345615,-2.078832,94.65999999999997,Vw14a
297.808,-2.1991,5.8629,10.0349,0.0555,0.0363,-0.0366,52.345615,-2.078832,94.47,Vw14a
297.908,0.9529,-0.211,8.8179,-0.1281,-0.2333,0.203,52.345615,-2.078832,94.49,Vw14a
298.008,-0.5515,-0.9651,9.6995,-0.1117,-0.2449,0.1893,52.345615,-2.078832,94.38,Vw14a
298.108,0.0745,-0.6341,10.7143,-0.0632,-0.2066,0.1944,52.345615,-2.078832,94.54,Vw14a
298.20799999999997,-1.1667999999992944,3.5773999999976063,9.145900000000891,0.06109999999992935,-0.35459999999991587,0.34649999999991354,52.345615,-2.078832,94.46000000000004,Vw14a
298.308,-3.5946,9.8594,9.0835,-0.2779,-1.0704,0.5729,52.345615,-2.078832,94.39,Vw14a
298.408,-0.8101,1.1698,10.1215,-0.3687,-0.6516,0.4624,52.345615,-2.078832,94.62,Vw14a
298.508,-3.974842574258368,6.58236336633918,9.529027722772312,-0.15890495049504227,-0.22050792079210502,0.24942178217823618,52.345615,-2.078832,94.62118811881186,Vw14a
298.608,0.0109,-4.1913,9.3818,-0.1894,-0.1113,0.1716,52.345615,-2.078832,94.74,Vw14a
298.70799999999997,-2.8538999999983714,3.3491999999957134,7.465800000001089,-0.2634999999999579,0.25229999999979336,-0.14589999999981954,52.345615,-2.078832,94.63000000000005,Vw14a
298.808,1.061,0.1552,10.876,-0.4316,0.3215,-0.1716,52.345615,-2.078832,94.75999,Vw14a
298.908,0.403814851484196,1.5903910891096111,10.963451485148012,-0.08007623762371842,0.3326287128712747,0.002570297029685381,52.345615,-2.078832,94.82999,Vw14a
299.008,-2.4647,3.6995,9.4486,0.0523,0.2955,-0.0504,52.345615,-2.078832,94.82999,Vw14a
299.108,-0.236,2.1272,9.4327,0.0148,-0.0367,-0.076,52.345615,-2.078832,94.81,Vw14a
299.20799999999997,-0.27279999999997906,3.6053999999991593,9.389300000000025,-0.028299999999975504,-0.11659999999995457,-0.032600000000024665,52.345615,-2.078832,94.72000000000006,Vw14a
299.308,0.0905,-1.7249,6.6531,-0.2159,-0.5595,0.4497,52.345615,-2.078832,94.8,Vw14a
299.408,-4.104147524751756,3.753052475246012,9.684745544554218,-0.24534455445543374,-0.4581594059405528,0.4646405940593143,52.345615,-2.078832,94.62059405940596,Vw14a
299.508,-1.9389,-0.8017,8.9693,-0.2098,-0.3341,0.1887,52.345615,-2.078832,94.68,Vw14a
299.608,0.7064,-2.0903,10.8029,-0.0001,-0.1576,0.2439,52.345615,-2.078832,94.67,Vw14a
299.70799999999997,2.6777999999988795,-0.1147000000011229,10.427000000000213,0.07339999999995823,-0.17039999999999272,0.22160000000001268,52.345615,-2.078832,94.67,Vw14a
299.808,-1.0632,-2.7445,8.5378,-0.1835,-0.3924,0.1629,52.345615,-2.078832,94.77,Vw14a
299.908,0.4702,-5.7199,8.3925,-0.2116,-0.4708,0.1712,52.345615,-2.078832,94.71,Vw14a
300.008,-2.546539603960454,2.591065346534349,9.988608910891191,-0.10776534653465429,-0.13499801980201098,0.22540396039607968,52.345615,-2.078832,94.7,Vw14a
300.108,-2.3005,3.8776,9.5595,-0.1043,-0.0048,0.0558,52.345615,-2.078832,94.7,Vw14a
300.20799999999997,-1.4189000000005012,2.7762000000006255,11.032599999999164,-0.10180000000000142,0.05969999999996334,-0.003199999999966459,52.345615,-2.078832,94.85999999999991,Vw14a
300.308,-1.1968089108912425,-0.3442059405940191,8.443945544554275,-0.1429801980198521,0.04405247524752115,0.03976435643566095,52.345615,-2.078832,94.88178217821778,Vw14a
300.408,-0.5477,-0.5148,9.2085,0.069,0.0593,-0.0338,52.345615,-2.078832,95.06,Vw14a
300.508,-0.1168,0.754,10.3733,0.0421,0.0556,0.0045,52.345615,-2.078832,95.21,Vw14a
300.608,0.1825,-0.4301,10.4243,-0.0635,0.1759,0.0845,52.345615,-2.078832,95.27,Vw14a
300.70799999999997,-1.1786764705880985,-1.8886294117645597,9.306260784313837,-0.1017352941176432,-0.004492156862726998,0.17626470588234372,52.345615,-2.078832,95.45627450980389,Vw14a
300.808,1.9631,-3.0402,10.6852,-0.0835,-0.4984,0.2887,52.345615,-2.078832,95.66,Vw14a
300.908,0.13366633663177951,-2.14695544554099,8.639871287129077,-0.10054752475246355,-0.671406930693209,0.36138811881195715,52.34562916831683,-2.0788051386138604,95.98099000000003,Vw14a
301.008,-5.5397,8.5875,9.737,-0.0653,-1.0921,0.5902,52.347046,-2.076119,96.07999,Vw14a
301.108,-0.6614356435630697,-2.495340594062277,8.648234653465188,-0.0282445544554894,-0.8212950495050593,0.5901841584159223,52.347046,-2.076119,96.33028712871285,Vw14a
301.20799999999997,-6.104999999996906,9.650599999993098,9.321699999999616,0.15729999999989452,-0.3608000000002618,0.24860000000019417,52.347046,-2.076119,96.35999999999999,Vw14a
301.308,1.3045,1.2093,11.3545,0.2425,0.1329,-0.0595,52.347046,-2.076119,96.56,Vw14a
301.408,-7.079354455442777,8.664957425738994,8.037280198020762,0.0009960396040067526,0.7841831683169275,-0.4885554455446128,52.347046,-2.076119,96.83266336633672,Vw14a
301.508,1.2552,-2.1193,10.9253,0.1406,1.0725,-0.6641,52.347046,-2.076119,97.1,Vw14a
301.608,4.4918,-7.574,9.806,0.1395,1.6685,-0.9376,52.347046,-2.076119,97.2,Vw14a
301.70799999999997,0.052900000002523484,-4.341100000001838,9.300900000000288,0.19079999999997083,1.4848000000001043,-0.906000000000018,52.347046,-2.076119,97.26999999999995,Vw14a
301.808,3.529,-7.8959,13.3655,0.2954,0.6908,-0.4579999999999999,52.347046,-2.076119,97.57999,Vw14a
301.908,-5.3011,6.8778,8.7866,0.2623,0.1772,-0.3135,52.347046,-2.076119,97.74,Vw14a
302.008,3.84168900000186,-3.908113000001217,13.174919000001395,0.33013600000003496,-0.6739300000000183,0.2646559999999581,52.347046,-2.076119,98.02019999999999,Vw14a
302.108,-3.87407899999994,1.1738829999992009,7.396176999999747,0.187731999999941,-0.5981379999999898,0.435797000000063,52.347046,-2.076119,98.04199999999996,Vw14a
302.20799999999997,-4.104634000000591,4.545173000000543,8.456604000000391,0.437815000000014,-0.6390170000000592,0.16736000000002005,52.347046,-2.076119,98.24199989999995,Vw14a
302.308,-1.701760999998859,2.3319809999991428,6.841608999999809,0.3764460000000805,-0.3861330000001647,0.08244200000004097,52.347046,-2.076119,98.44209009999994,Vw14a
302.408,-6.468599999997353,5.916457999998126,7.7118390000018975,0.033863999999979036,0.31763000000013614,-0.0935290000000636,52.347046,-2.076119,98.65070000000003,Vw14a
302.508,1.3849140000022964,0.38010599999782735,13.352391000001333,-0.03148099999994316,0.7318599999998721,-0.28794399999991777,52.347046,-2.076119,98.72209999999995,Vw14a
302.608,-8.05718514851675,9.289501980200388,7.836816831682944,-0.2645217821782811,1.2626237623762346,-0.6293198019801881,52.347046,-2.076119,98.93009891089109,Vw14a
302.70799999999997,-0.025700000004565737,-0.7302999999943047,8.788499999999459,0.003299999999847758,1.2749999999999928,-0.6712999999999761,52.347046,-2.076119,98.93999,Vw14a
302.808,2.1641,-2.9369,9.8492,0.2102,0.8915,-0.4741,52.347046,-2.076119,99.21,Vw14a
302.908,0.5033,-4.2961,6.4475,0.2769999999999999,0.0843,-0.1318,52.347046,-2.076119,99.29,Vw14a
303.008,-0.109,-1.8827,8.6956,-0.0455,-0.0439,0.0876,52.347046,-2.076119,99.45,Vw14a
303.108,-5.756750000000489,5.78491499999941,10.084950999999982,0.10121499999994371,0.02073399999992696,0.216297000000056,52.347046,-2.076119,99.42249999999994,Vw14a
303.20799999999997,-3.650420000000771,8.22321700000162,10.152718000000156,0.3364320000000923,0.32851800000005926,-0.023867999999945856,52.347046,-2.076119,99.66920000000002,Vw14a
303.308,-0.44090800000032143,1.4541320000011342,9.497862000000074,-0.04662999999999697,0.08021300000006029,-0.2441570000000989,52.347046,-2.076119,99.59049999999999,Vw14a
303.408,0.8992237623753983,-3.3319613861375497,9.180810891089227,-0.05880990099007609,-0.17871188118821218,0.17889009901000028,52.347046,-2.076119,99.63970297029702,Vw14a
303.508,-1.6284,-0.1281,9.5319,0.0102,-0.4599,0.4779,52.347046,-2.076119,99.61,Vw14a
303.608,2.0971,-3.1586,9.5086,-0.0336,-0.6716,0.4741,52.347046,-2.076119,99.8,Vw14a
303.70799999999997,-6.179999999995295,3.499799999996216,9.639199999999926,0.06539999999994373,-0.5601000000000634,0.29950000000009924,52.347046,-2.076119,99.81999999999998,Vw14a
303.808,2.6715,-0.0029,12.5533,0.2635,-0.7887,0.3015,52.347046,-2.076119,99.93999,Vw14a
303.908,-4.7688,6.528,8.8332,0.0246,-0.0038,0.154,52.347046,-2.076119,99.82,Vw14a
304.008,-3.4462,6.0212,9.1723,-0.0208,0.2363,-0.2279,52.347046,-2.076119,99.91,Vw14a
304.108,-7.3774,6.6404,8.6468,0.0413,0.6792,-0.6109,52.347046,-2.076119,99.84,Vw14a
304.20799999999997,-4.1789217821799145,2.9310346534674543,10.81874455445584,0.16280297029702018,0.911159405940562,-0.5942237623762536,52.347046,-2.076119,99.89881188118815,Vw14a
304.308,2.9989,-5.9855,9.1532,0.2031,1.0471,-0.5266,52.347046,-2.076119,99.78,Vw14a
304.408,-0.9852821782158321,3.7064564356406806,9.559418811881567,0.12975841584157613,0.9244722772276555,-0.5778168316831589,52.347046,-2.076119,99.72881188118808,Vw14a
304.508,5.0065,-4.9779,10.7013,0.1056,0.7217,-0.5495,52.347046,-2.076119,99.61,Vw14a
304.608,-3.8638148514869517,5.540449504952771,10.844017821781977,0.11850099009898388,0.5296940594060874,-0.2328346534654308,52.347046,-2.076119,99.69930693069308,Vw14a
304.70799999999997,3.7646999999956643,-4.084599999994528,11.695799999999515,0.2285999999999374,-0.09089999999964726,0.1236999999997973,52.347046,-2.076119,99.63000000000004,Vw14a
304.808,-3.0069673267333714,8.75462178218081,10.623763366337373,0.12993465346538116,-0.30133069306923294,0.24511980198017863,52.347046,-2.076119,99.66891089108914,Vw14a
304.908,-0.0537,-2.2032,7.4901,-0.0166,-0.6144,0.3271,52.347046,-2.076119,99.56,Vw14a
305.008,1.8062670000000915,-0.687940999999395,10.430943000000124,-0.07637600000002684,-0.5118099999999783,0.4226900000000026,52.347046,-2.076119,99.3494,Vw14a
305.108,1.403628712871835,-3.183408910891403,9.922050495049467,0.034632673267333054,-0.600751485148542,0.41127326732674513,52.347046,-2.076119,99.28910891089112,Vw14a
305.20799999999997,-0.9134999999986828,-1.8543000000007555,10.087099999999905,0.007900000000015197,-0.4859000000000653,0.3586000000000299,52.347046,-2.076119,99.20000000000006,Vw14a
305.308,-5.1770000000000005,4.6779,9.5433,-0.0453,-0.3658,0.2403,52.347046,-2.076119,99.18,Vw14a
305.408,1.8236643564344037,-4.322652475245531,9.858187128712837,-0.034106930693052935,-0.24191980198011898,0.18746633663357923,52.347046,-2.076119,99.13881188118808,Vw14a
305.508,-1.9099,1.6821,9.7569,0.0152,-0.0039,-0.0659,52.347046,-2.076119,99.02,Vw14a
305.608,2.8243,-3.2971,10.0215,-0.0289999999999999,0.2896,-0.0952,52.347046,-2.076119,99.05,Vw14a
305.70799999999997,-1.230299999997695,1.6603999999971824,9.54690000000027,0.01569999999997459,0.5655999999998431,-0.26339999999990443,52.347046,-2.076119,98.82999000000012,Vw14a
305.808,2.2443,-3.9127,11.0105,-0.0195,0.61,-0.3075,52.347046,-2.076119,98.87,Vw14a
305.908,-2.3115514851484003,0.8542188118813913,9.23072574257499,-0.10474158415840062,0.5568445544553574,-0.31419504950494703,52.347046,-2.076119,98.72930693069306,Vw14a
306.008,-1.9667,1.4661,11.4333,-0.0589,0.2913,-0.3037,52.347046,-2.076119,98.66,Vw14a
306.108,1.9045,-2.576,10.9705,0.0037,-0.0118,0.2251,52.347046,-2.076119,98.6,Vw14a
306.20799999999997,-1.6989999999979521,0.08389999999848774,9.767900000000683,0.11329999999993769,-0.36869999999979713,0.10630000000006753,52.347046,-2.076119,98.59,Vw14a
306.308,1.3130000000000002,-0.695,10.1811,0.0487,-0.3813,0.0215,52.347046,-2.076119,98.47,Vw14a
306.408,-0.1334,0.7304,10.6907,0.1445,-0.3061,0.2738,52.347046,-2.076119,98.53,Vw14a
306.508,1.6069,1.5167,13.4178,0.2945,0.2765,0.0451,52.347046,-2.076119,98.4,Vw14a
306.608,5.8467,-6.1123,10.3668,0.12,0.9487,-0.7627,52.347046,-2.076119,98.37,Vw14a
306.70799999999997,-3.220599999994846,1.0181999999959466,7.629300000001556,-0.1498999999998466,0.8545000000000536,-0.4827000000001592,52.347046,-2.076119,98.34000000000002,Vw14a
306.808,3.9625,-4.0557,11.4724,0.1173,0.3397,-0.1127,52.347046,-2.076119,98.34,Vw14a
306.908,-1.7032,3.6285,10.9123,0.1413,0.1753,-0.1062,52.347046,-2.076119,98.18,Vw14a
307.008,-2.2266,2.9598,8.492,0.1361,0.0111,-0.0573,52.347046,-2.076119,98.36,Vw14a
307.108,-3.4534138613863226,3.5683534653476565,9.819158415842185,0.2994772277228012,-0.19325346534650029,0.1889574257425989,52.347046,-2.076119,98.13178217821778,Vw14a
307.208,-2.6748,-1.1763,7.275,0.1772,-0.3386,0.0847,52.347046,-2.076119,98.31,Vw14a
307.308,1.9284821782189712,-1.1846910891094453,11.310863366336932,0.1805128712871284,-0.35573465346539773,0.14342673267327377,52.347046,-2.076119,98.01821782178222,Vw14a
307.408,-2.9333,1.0762,10.0472,0.1818,-0.1392,0.1161,52.347046,-2.076119,97.84,Vw14a
307.508,1.4721,0.9782,12.0734,0.1571,-0.2294,0.0588,52.347046,-2.076119,97.79,Vw14a
307.608,-0.9937,3.4048,10.9056,-0.1,-0.092,-0.0244,52.347046,-2.076119,97.82,Vw14a
307.708,4.2363,-0.6074,11.0707,-0.2094,0.204,-0.1719,52.347046,-2.076119,97.71,Vw14a
307.808,-0.07958910890973073,3.4794217821775484,11.112316831683898,-0.07072079207920506,0.621396039603899,-0.3402366336633584,52.347046,-2.076119,97.67653455445553,Vw14a
307.908,-4.9885,6.3116,8.024,-0.0828,0.8809999999999999,-0.3739,52.347046,-2.076119,97.32999,Vw14a
308.008,1.5190316831693678,0.038043564355493824,11.138107920792535,-0.07747029702969185,0.11344950495053642,-0.06608514851494167,52.347046,-2.076119,97.03910891089112,Vw14a
308.108,-2.9278,4.0224,9.2089,-0.1245,-0.0616,0.3154,52.347046,-2.076119,96.95,Vw14a
308.208,-1.5924762376245618,3.6778346534654607,11.558083168315806,-0.08068712871287086,-0.3803227722772617,0.2904712871287119,52.347046,-2.076119,96.97801980198014,Vw14a
308.308,-4.0001,4.0213,8.4664,-0.0794,-0.4826,0.2876,52.347046,-2.076119,96.78,Vw14a
308.408,-2.53,1.3218,9.6899,0.2022,-0.5226,0.3939999999999999,52.347046,-2.076119,96.47,Vw14a
308.508,2.2324,-3.2035,9.3173,0.1175,-0.3601,0.2424,52.347046,-2.076119,96.41,Vw14a
308.608,-4.342461386139974,2.8859465346542796,10.09033465346484,0.06992673267332815,0.08752574257417173,-0.1703722772277447,52.347046,-2.076119,96.16960396039605,Vw14a
308.708,1.4114,-0.5594,12.2338,-0.1874,0.4501,-0.0776,52.347046,-2.076119,96.13,Vw14a
308.808,-1.5398,1.641,11.7982,-0.0583,0.1688,-0.0018,52.347046,-2.076119,95.9,Vw14a
308.908,1.1441,-0.9225,10.5636,-0.0268,0.312,-0.1922,52.347046,-2.076119,96.07,Vw14a
309.008,-2.4727,-0.387,7.8784,-0.209,0.3746,-0.0873,52.347046,-2.076119,95.84,Vw14a
309.108,-3.404900990099875,1.7925603960396617,8.406014851484846,-0.1761128712871946,0.1788782178218607,0.10661683168319865,52.347046,-2.076119,95.62960396039604,Vw14a
309.208,0.255,1.5486,9.6875,0.1026,-0.1533,-0.0217,52.347046,-2.076119,95.59,Vw14a
309.308,-0.1405,-0.3867,10.2253,0.0219,0.0886,-0.143,52.347046,-2.076119,95.56,Vw14a
309.408,-2.3080000000000003,0.6715,11.1689,0.1478,0.1253,-0.0454,52.347046,-2.076119,95.64,Vw14a
309.508,0.2182,0.5159,7.869,0.2113,0.2404,-0.0428,52.347046,-2.076119,95.46,Vw14a
309.608,-0.9459,2.0962,10.4182,0.1443,0.2315,-0.0519,52.347046,-2.076119,95.41,Vw14a
309.708,0.1981,2.8607,11.2149,0.0639,0.0213,-0.2009,52.347046,-2.076119,95.32,Vw14a
309.808,-1.523648514852432,3.887918811882086,11.870752475248075,0.10776930693072216,0.3768564356435985,-0.08621485148511034,52.347046,-2.076119,95.50810891089114,Vw14a
309.908,2.4815,0.0898,9.546,-0.0153,0.2325,-0.2477,52.347046,-2.076119,95.32,Vw14a
310.008,-2.5984,2.5839,9.2673,-0.1079,0.2391,-0.2102,52.348835,-2.074244,95.11,Vw14a
310.108,-0.716,1.9148,12.5305,-0.0917,0.1822,-0.0878,52.348835,-2.074244,94.97,Vw14a
310.208,-2.1882,3.54,8.9158,-0.0018,0.1983,-0.1075,52.348835,-2.074244,95.07,Vw14a
310.308,0.574,1.349,10.2555,0.0516,-0.0664,-0.0998,52.348835,-2.074244,94.95,Vw14a
310.408,0.5409,1.2812,10.7101,0.1169,-0.0108,-0.0073,52.348835,-2.074244,94.79,Vw14a
310.508,1.9371495049507659,0.29269999999986523,11.265833663366607,0.21139009900990832,-0.28356534653466614,0.17647227722773998,52.348835,-2.074244,94.58900990099012,Vw14a
310.608,0.7921,0.8627,10.1292,0.1804,-0.2301,0.1037,52.348835,-2.074244,94.49,Vw14a
310.708,-2.9165,2.7085,9.4072,0.1348,-0.4338,0.1723,52.348835,-2.074244,94.43999,Vw14a
310.808,3.0585,-0.8269,10.1921,0.0339,-0.2831,0.2048,52.348835,-2.074244,94.16,Vw14a
310.908,-1.8015000000011487,1.786466336634281,9.403189108910706,0.10904851485150291,0.04511782178225576,0.032423762376196874,52.348835,-2.074244,94.04118811881186,Vw14a
311.008,0.8653316831683563,0.6627306930692424,10.911869306930653,0.14271683168325303,0.11794158415842194,-0.02915346534653093,52.348835,-2.074244,93.9091089108911,Vw14a
311.108,0.6985,0.9358,11.0788,-0.2156,0.0921,-0.0445,52.348835,-2.074244,93.82,Vw14a
311.208,1.7529554455448038,0.09451287128692976,10.98939405940592,-0.07500594059402618,0.07051584158415332,-0.02737128712870882,52.348835,-2.074244,93.84970297029703,Vw14a
311.308,0.6605,0.5429999999999999,11.0395,-0.1447,0.273,-0.1026,52.348835,-2.074244,93.68999,Vw14a
311.408,-1.2936,1.1418,9.5656,-0.0371,0.2141,-0.0234,52.348835,-2.074244,93.75999,Vw14a
311.508,-0.6926099009902985,-1.0245366336626467,9.197382178217945,-0.0873970297029536,0.022317821782241898,-0.026370297029701985,52.348835,-2.074244,93.68079198019805,Vw14a
311.608,-1.6324,0.8375,10.2232,0.0233,0.1218,-0.0178,52.348835,-2.074244,93.82,Vw14a
311.708,0.4318,-1.2241,9.1338,0.0346,-0.0626,0.0429,52.348835,-2.074244,93.73,Vw14a
311.808,-1.5274,0.4787,10.9712,-0.0421,-0.1652,0.0635,52.348835,-2.074244,93.66,Vw14a
311.908,2.667431683167697,-1.2705732673271037,10.160461386138357,-0.10609009900989402,-0.30079603960395696,0.1994841584158643,52.348835,-2.074244,93.82,Vw14a
312.008,0.8006,-2.3879,9.3866,-0.0851,-0.2904,0.2679,52.348835,-2.074244,93.82,Vw14a
312.108,3.0162039603965476,-1.548463366337015,10.237762376237866,-0.005204950495049388,-0.3776049504950612,0.08582574257424973,52.348835,-2.074244,93.93,Vw14a
312.208,0.8666,0.0652,9.214,-0.0057,-0.3281,0.1184,52.348835,-2.074244,93.93,Vw14a
312.308,-1.3761,-0.1624,8.097000000000001,0.0289,-0.291,0.2157,52.348835,-2.074244,93.98,Vw14a
312.408,-1.1041,-0.7632,9.8731,-0.0651,-0.1658,0.1019,52.348835,-2.074244,94.0,Vw14a
312.508,-1.9859,-0.2649,9.7969,-0.0404,0.0437,-0.136,52.348835,-2.074244,94.22,Vw14a
312.608,1.9609,-1.8234,9.9143,0.1273,0.0552,-0.0473,52.348835,-2.074244,94.32999,Vw14a
312.708,-2.809,2.2268,9.7254,0.0202,0.1404,-0.1634,52.348835,-2.074244,94.18999,Vw14a
312.808,4.0494,-1.2149,9.5809,0.0289999999999999,0.6043,-0.3171,52.348835,-2.074244,94.47,Vw14a
312.908,-1.1202,1.6287,10.1643,0.0653,0.2972,-0.3458,52.348835,-2.074244,94.52,Vw14a
313.008,-0.0795,0.5472,7.9906,0.1508,0.3991,-0.0817,52.348835,-2.074244,94.57999,Vw14a
313.108,-2.9630049504959315,1.2388247524761145,10.60415940594097,0.13814851485146984,0.1555871287128716,-0.2294772277227799,52.348835,-2.074244,94.63108910891086,Vw14a
313.208,0.7665,-2.4287,9.0101,0.203,0.1543,-0.1972,52.348835,-2.074244,94.74,Vw14a
313.308,0.2074,-0.1631,10.6815,0.2191,0.1076,-0.2087,52.348835,-2.074244,94.81,Vw14a
313.408,0.24897299999955402,-0.5810049999994726,8.040374000000117,-0.05439100000002608,0.061309000000000294,-0.11769600000001305,52.348835,-2.074244,94.74040000000001,Vw14a
313.508,-1.068565346535165,0.9900168316834633,8.412083168316409,-0.1321475247524883,0.06229504950494825,-0.15583267326735198,52.348835,-2.074244,94.77811881188123,Vw14a
313.608,1.0949,-0.2583,10.2004,-0.0769,0.0718,-0.0491,52.348835,-2.074244,94.59,Vw14a
313.708,-0.8023,0.471,8.5341,-0.0201,0.1784,-0.0629,52.348835,-2.074244,94.48,Vw14a
