time_since_start_s,accel_x,accel_y,accel_z,gyro_x,gyro_y,gyro_z,latitude,longitude,vehicle_speed,trip_id
0.012,-0.0265,-0.1984,9.7334,-0.018,-0.0225,0.0159,52.59628299999999,-1.608857,0.0,Vw15
0.112,-0.23913267326732673,-0.06917128712871287,9.8259099009901,-0.013987128712871286,-0.02217029702970297,0.015945544554455446,52.59628299999999,-1.608857,0.0,Vw15
0.21200000000000002,-0.0024000000000000453,-0.3062999999999999,9.8669,-0.0026999999999999975,-0.02919999999999999,-0.009499999999999996,52.59628299999999,-1.608857,0.0,Vw15
0.31200000000000006,-0.16579999999999975,0.0141000000000001,9.773,0.005900000000000001,0.002100000000000011,0.0039999999999999845,52.59628299999999,-1.608857,0.0,Vw15
0.41200000000000003,0.26469504950495065,0.19667425742574268,9.90418811881188,0.007682178217821784,0.022298019801980207,-0.02372277227722774,52.59628299999999,-1.608857,0.0,Vw15
0.512,-0.070566,0.06913500000000002,9.834493,0.003574,0.036251,-0.019611999999999997,52.59628299999999,-1.608857,0.0,Vw15
0.6120000000000001,0.14850297029702947,0.26529405940594003,9.824174257425742,-0.008799999999999988,0.05112673267326732,-0.011054455445544571,52.59628299999999,-1.608857,0.0,Vw15
0.7120000000000001,-0.06119999999999974,-0.26529999999999954,9.8516,0.0012000000000000034,0.043799999999999985,-0.026499999999999996,52.59628299999999,-1.608857,0.0,Vw15
0.812,0.16447326732673268,0.13314059405940584,9.845360396039604,0.004061386138613861,0.03414950495049505,-0.022523762376237624,52.59628299999999,-1.608857,0.0,Vw15
0.912,-0.0182,-0.2528,9.9314,-0.0098,0.0291,-0.0049,52.59628299999999,-1.608857,0.0,Vw15
1.012,-0.0176,0.1351,9.7174,-0.0012,-0.0062,-0.0124,52.59628299999999,-1.608857,0.0,Vw15
1.112,0.1863,0.0984,9.9335,-0.0102,-0.0025,0.0215,52.59628299999999,-1.608857,0.0,Vw15
1.2120000000000002,0.06949999999999987,0.19539999999999977,9.8319,0.003000000000000003,-0.018000000000000016,0.007099999999999999,52.59628299999999,-1.608857,0.0,Vw15
1.312,0.0049,0.0984,9.8024,0.0043,-0.0261,0.0062,52.59628299999999,-1.608857,0.0,Vw15
1.4120000000000001,0.006700000000000451,-0.2969999999999991,9.8772,0.002699999999999999,-0.00520000000000002,0.012099999999999967,52.59628299999999,-1.608857,0.0,Vw15
1.512,0.21,0.1068,9.988,0.0021,-0.0141,-0.0025,52.59628299999999,-1.608857,0.0,Vw15
1.612,-0.2443,-0.1354,9.7946,-0.003,0.0185,0.0044,52.59628299999999,-1.608857,0.0,Vw15
1.7120000000000002,-0.11299999999999999,0.13299999999999967,9.7487,-0.0049999999999999845,0.025499999999999984,0.0006999999999999589,52.59628299999999,-1.608857,0.0,Vw15
1.812,-0.1079,-0.0135,9.8904,0.002,0.0186,-0.0178,52.59628299999999,-1.608857,0.0,Vw15
1.9120000000000001,0.04249999999999963,-0.17009999999999964,9.8094,0.001000000000000013,0.02069999999999996,-0.011700000000000018,52.59628299999999,-1.608857,0.0,Vw15
2.012,-0.1269,-0.0106,9.8319,0.0069,0.0042,-0.0198,52.59628299999999,-1.608857,0.0,Vw15
2.112,0.027000000000000253,-0.262084158415842,9.876682178217822,-0.008337623762376234,0.01397722772277229,0.004414851485148513,52.59628299999999,-1.608857,0.0,Vw15
2.212,-0.203,0.1095,9.7149,-0.0121,0.0017,0.0059,52.59628299999999,-1.608857,0.0,Vw15
2.3120000000000003,0.03419999999999905,-0.26509999999999884,9.8454,-0.0029000000000000067,-0.01829999999999999,0.01130000000000001,52.59628299999999,-1.608857,0.0,Vw15
2.4120000000000004,-0.17552799999999943,-0.007121999999999574,9.763660999999999,-0.004409000000000003,-0.0156,0.013524999999999975,52.59628299999999,-1.608857,0.0,Vw15
2.512,-0.0019485148514849454,0.11697722772277255,9.877473267326733,-0.005262376237623766,-0.01543366336633665,0.006108910891089107,52.59628299999999,-1.608857,0.0,Vw15
2.612,-0.1868,-0.1253,9.7648,-0.0015,0.0012,0.0069999999999999,52.59628299999999,-1.608857,0.0,Vw15
2.712,0.2243,-0.0054,9.8555,-0.0017,0.0194,-0.0093,52.59628299999999,-1.608857,0.0,Vw15
2.8120000000000003,-0.29339999999999683,-0.13049999999999906,9.679900000000002,0.01349999999999999,0.02380000000000001,-0.013999999999999957,52.59628299999999,-1.608857,0.0,Vw15
2.9120000000000004,0.42489999999999756,0.0833999999999999,9.9971,0.010999999999999899,0.02500000000000014,-0.02699999999999991,52.59628299999999,-1.608857,0.0,Vw15
3.012,-0.11147100000000053,0.06198099999999991,9.804752,-0.011511000000000009,0.055576000000000035,-0.006753999999999983,52.59628299999999,-1.608857,0.0,Vw15
3.112,0.352295049504951,0.13870594059405947,9.85911188118812,-0.0027306930693069276,0.023328712871287148,-0.021984158415841584,52.59628299999999,-1.608857,0.0,Vw15
3.212,-0.0882,0.0793,9.8303,-0.0058,0.0062,-0.0204,52.59628299999999,-1.608857,0.0,Vw15
3.3120000000000003,-0.13469999999999982,-0.4121999999999982,9.8723,0.004200000000000006,0.006199999999999866,0.005800000000000015,52.59628299999999,-1.608857,0.0,Vw15
3.4120000000000004,-0.0974000000000003,-0.0028000000000015725,9.8541,0.005599999999999957,-0.023800000000000012,0.009300000000000041,52.59628299999999,-1.608857,0.0,Vw15
3.512,-0.1655,-0.3569,9.8404,-0.0042,-0.0264,0.0186,52.59628299999999,-1.608857,0.0,Vw15
3.612,0.0655,0.176,9.8298,-0.0209,-0.0402,0.0286,52.59628299999999,-1.608857,0.0,Vw15
3.712,-0.0892,-0.3525,9.8777,-0.0019,-0.0443,0.0042,52.59628299999999,-1.608857,0.0,Vw15
3.8120000000000003,0.014646534653464894,0.23563267326732576,9.79828811881188,0.00013564356435648097,-0.017020792079207894,0.017328712871287073,52.59628299999999,-1.608857,0.0,Vw15
3.9120000000000004,-0.12069999999999959,-0.06110000000000127,9.8771,0.013699999999999986,-0.009099999999999872,0.00019999999999995737,52.59628299999999,-1.608857,0.0,Vw15
4.012,-0.0278,-0.3471,9.8275,0.0107,0.0199,-0.0094,52.59628299999999,-1.608857,0.0,Vw15
4.112,0.2582,0.0912,9.9,-0.0024,0.0312,-0.0063,52.59628299999999,-1.608857,0.0,Vw15
4.212,-0.1304,0.0081,9.7794,-0.0019,0.016,-0.0162,52.59628299999999,-1.608857,0.0,Vw15
4.311999999999999,0.20879999999999702,0.10729999999999912,9.900699999999999,-0.002499999999999995,0.021999999999999947,-0.009500000000000059,52.59628299999999,-1.608857,0.0,Vw15
4.412,-0.11003366336633578,-0.10171287128712805,9.871475247524753,-0.0062613861386138486,0.01557029702970296,-0.009964356435643553,52.59628299999999,-1.608857,0.0,Vw15
4.512,0.1466,0.0969999999999999,9.859,-0.0024,0.0126,-0.0064,52.59628299999999,-1.608857,0.0,Vw15
4.612,-0.1018,-0.0403,9.8625,-0.0106,0.0007,0.0066,52.59628299999999,-1.608857,0.0,Vw15
4.712,-0.0497,-0.0588,9.7754,-0.0001,-0.013,-0.0056,52.59628299999999,-1.608857,0.0,Vw15
4.812,0.20045742574257328,0.023855445544554137,9.925184158415842,-0.0026445544554455263,-0.027480198019801904,0.0021089108910891117,52.59628299999999,-1.608857,0.0,Vw15
4.912,-0.0938,-0.0706,9.8336,0.0029,-0.0055,0.003,52.59628299999999,-1.608857,0.0,Vw15
5.012,-0.1216,0.0216,9.8649,-0.0029,0.0017,-0.0027,52.59628299999999,-1.608857,0.0,Vw15
5.112,0.13731999999999914,-0.2157379999999993,9.868922999999999,-0.0024769999999999927,0.037047999999999984,0.013889999999999899,52.59628299999999,-1.608857,0.0,Vw15
5.212,-0.12381000000000231,-0.00171799999999999,9.774219999999998,-0.0002139999999999923,0.031701000000000104,-0.01670700000000005,52.59628299999999,-1.608857,0.0,Vw15
5.312,0.28637499999999844,-0.0027129999999997343,9.972968,-0.0015159999999999718,0.011987999999999997,-0.007518000000000006,52.59628299999999,-1.608857,0.0,Vw15
5.412,-0.16792871287128594,0.07390198019801937,9.851649504950496,0.006810891089108914,0.010716831683168289,-0.009306930693069308,52.59628299999999,-1.608857,0.0,Vw15
5.512,0.1892,-0.0559,9.9166,0.0079,0.0024,-0.01,52.59628299999999,-1.608857,0.0,Vw15
5.612,-0.1829,0.0493,9.835,0.011,0.0099,0.0003,52.59628299999999,-1.608857,0.0,Vw15
5.712,0.0685,-0.1079,9.8245,0.0067,0.0011,-0.006,52.59628299999999,-1.608857,0.0,Vw15
5.812,0.0604,0.0755,9.9566,0.002,-0.0048,-0.0057,52.59628299999999,-1.608857,0.0,Vw15
5.912,-0.2195,-0.0916,9.6736,-0.009,-0.0108,-0.0095,52.59628299999999,-1.608857,0.0,Vw15
6.012,-0.1295,0.0427,9.7619,-0.0125,-0.0073,-0.002,52.59628299999999,-1.608857,0.0,Vw15
6.112,-0.1488,-0.2315,9.8435,-0.0017,0.0092,-0.0039,52.59628299999999,-1.608857,0.0,Vw15
6.212,0.1215,-0.0188,9.8415,0.0104,0.0353,-0.0165,52.59628299999999,-1.608857,0.0,Vw15
6.312,-0.191,-0.1361,9.787,0.0106,0.0405,-0.0238,52.59628299999999,-1.608857,0.0,Vw15
6.412,0.216,-0.0209,9.88,0.0065,0.0328,-0.023,52.59628299999999,-1.608857,0.0,Vw15
6.512,-0.0262,0.149,9.931,-0.009,0.0377,-0.0101,52.59628299999999,-1.608857,0.0,Vw15
6.612,0.4071,0.0768,9.9452,0.0109,0.0157,-0.0114,52.59628299999999,-1.608857,0.0,Vw15
6.712,-0.088,0.1444,9.7863,0.0043,0.0107,-0.0115,52.59628299999999,-1.608857,0.0,Vw15
6.812,-0.18431584158415792,-0.4262267326732659,9.90308811881188,0.006429702970296973,-0.00917326732673273,0.015798019801980197,52.59628299999999,-1.608857,0.0,Vw15
6.912,-0.0359,0.0211,9.8619,-0.0106,-0.0265,0.0156,52.59628299999999,-1.608857,0.0,Vw15
7.012,-0.0842,-0.3326,9.8369,-0.0073,-0.024,0.0306,52.59628299999999,-1.608857,0.0,Vw15
7.112,-0.0999,0.1627,9.8706,0.0012,-0.0358,0.0177,52.59628299999999,-1.608857,0.0,Vw15
7.212,-0.026642574257425885,-0.34268316831683504,9.890887128712873,0.011634653465346572,-0.04869702970297047,0.010572277227722788,52.59628299999999,-1.608857,0.0,Vw15
7.312,-0.0009,0.259,9.8296,0.0051,-0.0184,0.0078,52.59628299999999,-1.608857,0.0,Vw15
7.412,0.0901801980198011,0.09282376237623767,9.749969306930694,0.004937623762376217,-0.008028712871287072,0.0030376237623762166,52.59628299999999,-1.608857,0.0,Vw15
7.512,-0.1718,0.1052,9.8269,-0.0013,0.0091,-0.0032,52.59628299999999,-1.608857,0.0,Vw15
7.612,-0.0536,-0.0351,9.8927,-0.0036,0.0253,-0.0104,52.59628299999999,-1.608857,0.0,Vw15
7.712,0.034817821782179265,-0.1082316831683177,9.764116831683168,0.007800990099009956,-0.006127722772277268,-0.012460396039604037,52.59628299999999,-1.608857,0.0,Vw15
7.812,-0.1534,0.0486,9.8558,-0.0021,0.0011,0.0015,52.59628299999999,-1.608857,0.0,Vw15
7.912,0.03356435643564336,-0.2870702970297017,9.832331683168317,-0.006947524752475132,0.005095049504950461,0.007290099009900987,52.59628299999999,-1.608857,0.0,Vw15
8.012,-0.03,0.0959,9.8155,-0.0017,-0.0054,0.0063,52.59628299999999,-1.608857,0.0,Vw15
8.112,0.0857,0.0848,9.8651,0.0018,-0.0145,0.0093,52.59628299999999,-1.608857,0.0,Vw15
8.212000000000002,-0.16669999999999402,-0.0388999999999971,9.756300000000001,0.00039999999999996804,-0.018700000000000102,-0.0005000000000000409,52.59628299999999,-1.608857,0.0,Vw15
8.312000000000001,0.169799999999996,0.12419999999999642,9.904599999999999,-0.0014000000000000735,-0.024399999999999693,-0.002799999999999991,52.59628299999999,-1.608857,0.0,Vw15
8.412,-0.049997999999996684,-0.07367199999999775,9.806701,-0.005390999999999866,-0.006929999999999669,-0.0024240000000001517,52.59628299999999,-1.608857,0.0,Vw15
8.512,0.21425445544554061,0.10533564356435406,9.885847524752474,0.0054,0.019965346534653667,-0.014688118811881173,52.59628299999999,-1.608857,0.0,Vw15
8.612,-0.1103,-0.0911,9.8706,0.0054,0.0365,-0.0135,52.59628299999999,-1.608857,0.0,Vw15
8.712000000000002,-0.16720000000000007,-0.10940000000000008,9.8108,-0.0012000000000000394,0.039299999999999724,-0.01710000000000002,52.59628299999999,-1.608857,0.0,Vw15
8.812000000000001,-0.1725475247524752,-0.11194059405940368,9.796639603960395,-0.003520792079208067,0.023925742574257457,-0.01807227722772262,52.59628299999999,-1.608857,0.0,Vw15
8.912,-0.1673,0.074,9.7606,-0.0156,0.0265,-0.0053,52.59628299999999,-1.608857,0.0,Vw15
9.012,0.2858,0.1324,9.9145,-0.0093,0.0056,-0.0062,52.59628299999999,-1.608857,0.0,Vw15
9.112,-0.2464,-0.0931,9.8382,0.0052,0.0025,0.0021,52.59628299999999,-1.608857,0.0,Vw15
9.212000000000002,0.13529999999999634,-0.02129999999999923,9.8596,0.004799999999999818,-0.0015000000000003819,-0.0018999999999999059,52.59628299999999,-1.608857,0.0,Vw15
9.312000000000001,-0.07090000000000021,0.021999999999998812,9.894799999999996,-0.005400000000000139,-0.0229999999999998,0.0034000000000001616,52.59628299999999,-1.608857,0.0,Vw15
9.412,-0.0829,-0.0448,9.7369,-0.0132,-0.0116,0.0125,52.59628299999999,-1.608857,0.0,Vw15
9.512,-0.0481,-0.043,9.8558,0.0024,-0.0023,-0.0079,52.59628299999999,-1.608857,0.0,Vw15
9.612000000000002,-0.16489999999999183,-0.14749999999999416,9.733400000000003,0.0019000000000001457,0.020900000000000522,-0.0022000000000001723,52.59628299999999,-1.608857,0.0,Vw15
9.712000000000002,0.2937999999999941,0.18019999999999148,9.962599999999998,0.010100000000000066,0.050399999999999986,-0.011900000000000207,52.59628299999999,-1.608857,0.0,Vw15
9.812000000000001,-0.03830000000000095,-0.2995999999999942,9.8183,0.013799999999999594,0.049800000000000004,-0.023499999999999847,52.59628299999999,-1.608857,0.0,Vw15
9.912,-0.0917,0.0245,9.8199,-0.0091,0.05,-0.0149,52.59628299999999,-1.608857,0.0,Vw15
10.012,-0.0441,-0.3163,9.8705,-0.003,0.0232,-0.0074,52.59628299999999,-1.608857,0.0,Vw15
10.112000000000002,-0.04162178217821477,0.1353871287128714,9.806052475247526,0.0031970297029701705,0.00232376237623753,-0.02007623762376198,52.59628299999999,-1.608857,0.0,Vw15
10.212000000000002,0.2061999999999944,0.1440999999999998,9.881299999999998,-0.007100000000000052,-0.005300000000000202,0.012300000000000182,52.59628299999999,-1.608857,0.0,Vw15
10.312000000000001,-0.10919999999999407,0.13240000000000063,9.753600000000004,-0.009999999999999955,-0.01670000000000029,0.022599999999999884,52.59628299999999,-1.608857,0.0,Vw15
10.412,0.2248,0.1678,9.9074,-0.0075,-0.0332,0.0161,52.59628299999999,-1.608857,0.0,Vw15
10.512,-0.122,-0.1589,9.8262,-0.005,-0.016,0.0234,52.59628299999999,-1.608857,0.0,Vw15
10.612000000000002,0.21420594059405548,0.07119504950494865,9.906081188118812,0.00038316831683166244,-0.019048514851485208,0.003266336633663325,52.59628299999999,-1.608857,0.0,Vw15
10.712000000000002,-0.10519999999999828,-0.07929999999999991,9.8442,-0.0012999999999999876,-0.02389999999999929,-9.999999999989698e-05,52.59628299999999,-1.608857,0.0,Vw15
10.812000000000001,-0.008499999999996628,-0.07489999999999736,9.8455,-0.0005999999999998151,0.01620000000000006,0.005699999999999688,52.59628299999999,-1.608857,0.0,Vw15
10.912,0.17752277227722546,0.0687603960396004,9.84289306930693,0.009765346534653545,0.019633663366336675,-0.011692079207920782,52.59628299999999,-1.608857,0.0,Vw15
11.012,-0.0102,-0.2252,9.7622,0.0163,0.023,-0.0109,52.59628299999999,-1.608857,0.0,Vw15
11.112000000000002,0.24709999999999543,0.1156999999999969,9.943999999999999,0.004599999999999895,0.025899999999999684,-0.014400000000000138,52.59628299999999,-1.608857,0.0,Vw15
11.212000000000002,-0.008699999999997656,-0.05849999999999671,9.8488,-0.0013000000000001775,0.008100000000000142,-0.022199999999999442,52.59628299999999,-1.608857,0.0,Vw15
11.312000000000001,0.12319999999999842,0.12719999999999754,9.806600000000001,-0.011299999999999947,0.016099999999999635,0.00929999999999995,52.59628299999999,-1.608857,0.0,Vw15
11.412,0.034,-0.0123,9.8948,-0.0084,-0.0044,0.0066,52.59628299999999,-1.608857,0.0,Vw15
11.512,0.0642,0.1515,9.828,0.0001,0.003,0.0123,52.59628299999999,-1.608857,0.0,Vw15
11.612000000000002,0.12311584158415596,0.08754059405940291,9.928600990099008,-0.009887128712871148,-0.017331683168316993,0.0089445544554456,52.59628299999999,-1.608857,0.0,Vw15
11.712000000000002,-0.07529999999999716,-0.15839999999999563,9.788700000000002,0.0013999999999998827,-0.0304999999999997,0.013399999999999829,52.59628299999999,-1.608857,0.0,Vw15
11.812000000000001,0.0844999999999976,0.08779999999999573,9.904999999999998,-0.005199999999999893,-0.013699999999999862,0.0036999999999999095,52.59628299999999,-1.608857,0.0,Vw15
11.912,-0.0505,-0.1529,9.8246,0.0008,-0.0059,-0.0014,52.59628299999999,-1.608857,0.0,Vw15
12.012,0.1391,0.0486,9.8469,0.0141,0.0157,-0.0154,52.59628299999999,-1.608857,0.0,Vw15
12.112000000000002,0.01610000000000208,0.11559999999999869,9.8536,0.005999999999999824,0.038599999999999794,-0.007599999999999956,52.59628299999999,-1.608857,0.0,Vw15
12.212000000000002,0.13319999999999796,0.041900000000002977,9.8604,-0.0039000000000000644,0.026799999999999973,-0.005099999999999993,52.59628299999999,-1.608857,0.0,Vw15
12.312000000000001,0.016412871287126665,0.20326633663365798,9.881041584158414,-0.007394059405940465,0.02513663366336614,-0.004684158415841565,52.59628299999999,-1.608857,0.0,Vw15
12.412,-0.1523,-0.2401,9.7652,0.0032,0.0088,-0.0031,52.59628299999999,-1.608857,0.0,Vw15
12.512,-0.0081,0.1893,9.7753,0.0127,-0.0244,-0.0087,52.59628299999999,-1.608857,0.0,Vw15
12.612000000000002,-0.09179999999999779,-0.3011999999999929,9.8728,0.006299999999999788,-0.03709999999999982,0.004000000000000236,52.59628299999999,-1.608857,0.0,Vw15
12.712000000000002,0.032999999999997844,0.09839999999999895,9.8434,-0.005600000000000106,-0.026900000000000007,0.01729999999999998,52.59628299999999,-1.608857,0.0,Vw15
12.812000000000001,-0.08376999999999556,0.04110300000000208,9.818976999999999,-0.011547000000000057,-0.02734900000000006,0.016192000000000113,52.59628299999999,-1.608857,0.0,Vw15
12.912,0.27224158415841176,0.20531188118811347,9.82731584158416,-0.016047524752475062,-0.03220396039603961,0.02517920792079193,52.59628299999999,-1.608857,0.0,Vw15
13.012,-0.0636,-0.2335,9.8989,-0.0008,-0.0326,0.0131,52.59628299999999,-1.608857,0.0,Vw15
13.112000000000002,-0.19549999999999007,-0.07969999999999546,9.763100000000001,-0.002100000000000009,-0.020899999999999197,0.00739999999999988,52.59628299999999,-1.608857,0.0,Vw15
13.212000000000002,0.3544429999999951,0.1721089999999983,9.861729,-0.002636000000000044,0.023907000000000133,0.0006499999999999387,52.59628299999999,-1.608857,0.0,Vw15
13.312000000000001,-0.03417029702969917,0.03429603960396027,9.786991089108913,-0.0061603960396039124,0.0344554455445544,-0.00444455445544572,52.59628299999999,-1.608857,0.0,Vw15
13.412,0.2788,0.0239,9.9461,-0.0022,0.03,-0.0189,52.59628299999999,-1.608857,0.0,Vw15
13.512,-0.2064,-0.1348,9.8086,0.0029,0.0237,-0.0135,52.59628299999999,-1.608857,0.0,Vw15
13.612000000000002,0.06829999999999543,-0.03100000000000251,9.8342,0.00919999999999979,-0.0009999999999998402,-0.021199999999999605,52.59628299999999,-1.608857,0.0,Vw15
13.712000000000002,-0.18909999999999777,-0.17249999999999738,9.866999999999999,-0.002600000000000062,0.007999999999999903,0.0010000000000001013,52.59628299999999,-1.608857,0.0,Vw15
13.812000000000001,-0.06379999999999501,-0.026099999999998267,9.796500000000002,-0.006100000000000011,0.0024999999999995187,0.0066999999999998935,52.59628299999999,-1.608857,0.0,Vw15
13.912,0.2166,0.0715,9.8783,-0.0067,-0.0246,0.0007,52.59628299999999,-1.608857,0.0,Vw15
14.012,-0.0896,-0.1107,9.7745,-0.0093,-0.0148,0.0105,52.59628299999999,-1.608857,0.0,Vw15
14.112000000000002,0.20306831683168042,0.04013465346534805,9.937173267326731,-0.0021178217821782395,-0.01824653465346516,-0.0009881188118811735,52.59628299999999,-1.608857,0.0,Vw15
14.212000000000002,-0.02009999999999683,0.1635999999999982,9.7845,-0.0039000000000000657,-0.0028999999999993887,0.00020000000000004086,52.59628299999999,-1.608857,0.0,Vw15
14.312000000000001,0.1583999999999981,0.06230000000000007,9.766600000000004,-0.007599999999999763,0.03149999999999985,0.00249999999999974,52.59628299999999,-1.608857,0.0,Vw15
14.412,0.050973999999998985,0.06315299999999639,9.916318999999998,0.0056430000000000525,0.022914000000000018,-0.012093000000000114,52.59628299999999,-1.608857,0.0,Vw15
14.512,-0.031320792079208556,-0.22522178217821373,9.780021782178219,0.009820792079207826,0.024257425742574206,-0.021216831683168215,52.59628299999999,-1.608857,0.0,Vw15
14.612000000000002,-0.08339999999999935,0.11259999999999362,9.8222,0.0018999999999999699,0.01999999999999957,-0.012900000000000016,52.59628299999999,-1.608857,0.0,Vw15
14.712000000000002,-0.04630000000000059,-0.24649999999999397,9.8665,0.0001999999999999426,-0.004199999999999879,-0.013799999999999703,52.59628299999999,-1.608857,0.0,Vw15
14.812000000000001,-0.07728217821781946,0.0902613861386149,9.852976237623762,-0.0029584158415841082,0.002473267326732641,0.0028148514851486545,52.59628299999999,-1.608857,0.0,Vw15
14.912,0.1145,0.1764,9.8206,0.0012,-0.0002,0.0143,52.59628299999999,-1.608857,0.0,Vw15
15.012,0.2364,0.099,9.8383,-0.0017,-0.0114,0.01,52.59628299999999,-1.608857,0.0,Vw15
15.112000000000002,-0.03430000000000099,0.10759999999999262,9.887599999999999,-0.013800000000000017,-0.02730000000000021,0.023399999999999845,52.59628299999999,-1.608857,0.0,Vw15
15.212000000000002,-0.09019999999999927,-0.30829999999999214,9.7991,-0.01479999999999973,-0.03899999999999963,0.01469999999999977,52.59628299999999,-1.608857,0.0,Vw15
15.312000000000001,-0.04993000000000114,0.12673899999999516,9.835313999999999,0.0003750000000000919,-0.01822299999999978,0.0018179999999998996,52.59628299999999,-1.608857,0.0,Vw15
15.412,-0.1411465346534643,-0.26192970297029283,9.807281188118813,0.007826732673267358,-0.00032277227722726494,-0.006370297029703056,52.59628299999999,-1.608857,0.0,Vw15
15.512,-0.0558,0.0851,9.8354,0.0105,0.0374,-0.0134,52.59628299999999,-1.608857,0.0,Vw15
15.612000000000002,-0.015300000000000454,-0.3959999999999893,9.880599999999998,-0.0005000000000001545,0.04319999999999992,-0.013899999999999977,52.59628299999999,-1.608857,0.0,Vw15
15.712000000000002,-0.040899999999994115,0.20749999999999877,9.763000000000002,-0.009199999999999818,0.03859999999999987,-0.012600000000000054,52.59628299999999,-1.608857,0.0,Vw15
15.812000000000001,0.2903999999999944,0.13799999999999932,9.897299999999998,0.0010999999999999498,0.030999999999999875,-0.015599999999999859,52.59628299999999,-1.608857,0.0,Vw15
15.912,-0.022012871287127152,0.1005544554455462,9.826755445544554,-0.0016504950495048903,0.023859405940593766,-0.0077831683168316625,52.59628299999999,-1.608857,0.0,Vw15
16.012,0.1067,0.236,9.8623,0.0033,-0.0002,-0.0061,52.59628299999999,-1.608857,0.0,Vw15
16.112000000000002,-0.09149999999998852,-0.21379999999998767,9.8601,-0.008700000000000043,-0.007800000000000497,0.013300000000000237,52.59628299999999,-1.608857,0.0,Vw15
16.212,0.2316,0.1328,9.8782,-0.0099,-0.0218,0.02,52.59628299999999,-1.608857,0.0,Vw15
16.312,-0.08,-0.2152,9.9145,0.001,-0.0374,0.0068,52.59628299999999,-1.608857,0.0,Vw15
16.412000000000003,-0.10020000000000004,0.03949999999999337,9.745000000000001,-0.00019999999999976552,-0.022999999999999646,0.01349999999999978,52.59628299999999,-1.608857,0.0,Vw15
16.512,-0.1014,-0.1473,9.7834,0.0064,-0.013,0.0073,52.59628299999999,-1.608857,0.0,Vw15
16.612000000000002,-0.08870792079207553,-0.04899900990098813,9.867351485148514,0.0016732673267326403,0.009637623762376531,-0.0013613861386138138,52.59628299999999,-1.608857,0.0,Vw15
16.712,0.2105,0.1111,9.8025,-0.001,0.0334,0.0025,52.59628299999999,-1.608857,0.0,Vw15
16.812,-0.2122,-0.1003,9.7004,0.0094,0.034,-0.0248,52.59628299999999,-1.608857,0.0,Vw15
16.912000000000003,0.37779999999998354,0.13429999999999817,9.962999999999994,0.009599999999999616,0.0340999999999996,-0.024899999999999242,52.59628299999999,-1.608857,0.0,Vw15
17.012,-0.0864,0.0825,9.8106,-0.0012,0.0229,-0.0036,52.59628299999999,-1.608857,0.0,Vw15
17.112000000000002,0.2319990099009864,0.16608910891089032,9.849855445544554,-0.0021257425742573343,0.00038316831683153933,-0.009140594059405744,52.59628299999999,-1.608857,0.0,Vw15
17.212,-0.0681,0.105,9.8354,0.0053,-0.0113,0.0068,52.59628299999999,-1.608857,0.0,Vw15
17.312,-0.0404,-0.2953,9.8675,0.0068,-0.0141,0.0122,52.59628299999999,-1.608857,0.0,Vw15
17.412000000000003,0.02349999999999082,0.06319999999999495,9.901599999999993,-0.002800000000000444,-0.044599999999999654,0.015100000000000485,52.59628299999999,-1.608857,0.0,Vw15
17.512,-0.2349,-0.0788,9.7018,-0.0153,-0.0349,0.0287,52.59628299999999,-1.608857,0.0,Vw15
17.612000000000002,0.43939999999998003,0.2320999999999937,9.958599999999995,-0.01689999999999943,-0.0320999999999996,0.02579999999999937,52.59628299999999,-1.608857,0.0,Vw15
17.712,-0.1234,0.0545,9.8304,-0.0009,-0.021,0.008,52.59628299999999,-1.608857,0.0,Vw15
17.812,-0.1191,-0.0728,9.7796,0.0089,0.0313,0.0011,52.59628299999999,-1.608857,0.0,Vw15
17.912000000000003,0.23549999999999247,0.15259999999998364,9.951499999999996,0.01609999999999921,0.0264999999999999,-0.020599999999999948,52.59628299999999,-1.608857,0.0,Vw15
18.012,0.0236,-0.3081,9.8614,-0.0062,0.0237,-0.0191,52.59628299999999,-1.608857,0.0,Vw15
18.112000000000002,0.22001683168316474,0.16260198019801794,9.84508712871287,-0.0054534653465345955,0.02176138613861369,-0.016542574257425797,52.59628299999999,-1.608857,0.0,Vw15
18.212,-0.0683,0.0128,9.7238,-0.0008,0.0079,-0.0208,52.59628299999999,-1.608857,0.0,Vw15
18.312,0.23874257425742135,0.12409207920791954,9.926334653465346,-0.0014495049504949873,0.020373267326732517,-0.002225742574257334,52.59628299999999,-1.608857,0.0,Vw15
18.412000000000003,-0.11699999999999007,0.02330000000000428,9.8298,0.0035999999999997163,0.007699999999999846,0.00520000000000019,52.59628299999999,-1.608857,0.0,Vw15
18.512,0.15327899999999564,0.14006199999999705,9.823932000000001,-0.004445000000000175,0.003163999999999715,0.010611000000000134,52.59628299999999,-1.608857,0.0,Vw15
18.612000000000002,-0.20487227722772236,-0.09984950495049326,9.826560396039604,-0.01860297029702946,-0.02029504950495061,0.02142970297029682,52.59628299999999,-1.608857,0.0,Vw15
18.712,-0.1721,0.0452,9.7726,0.0011,-0.0298,0.0044,52.59628299999999,-1.608857,0.0,Vw15
18.812,0.1965,0.1822,9.9241,0.0022,-0.0132,-0.0067,52.59628299999999,-1.608857,0.0,Vw15
18.912000000000003,0.023906930693069317,-0.15064554455445392,9.800078217821783,0.004263366336633741,0.0004128712871288518,-0.0031059405940596593,52.59628299999999,-1.608857,0.0,Vw15
19.012,0.0246,-0.0252,9.9279,0.0106,0.0117,-0.0237,52.59628299999999,-1.608857,0.0,Vw15
19.112000000000002,-0.0770999999999964,-0.19089999999999085,9.871299999999998,-0.003999999999999873,0.04259999999999995,-0.008700000000000355,52.59628299999999,-1.608857,0.0,Vw15
19.212000000000003,0.02440000000000273,0.06630000000000674,9.827600000000002,-0.00039999999999992895,0.04129999999999971,-0.018700000000000386,52.59628299999999,-1.608857,0.0,Vw15
19.312,0.1012,0.2562,9.8649,0.0016,0.033,-0.0295,52.59628299999999,-1.608857,0.0,Vw15
19.412000000000003,0.09144950495049621,0.1468683168316839,9.77773465346535,-0.00962673267326736,0.014750495049504642,-0.002480198019801956,52.59628299999999,-1.608857,0.0,Vw15
19.512,0.1864,0.2037,9.9912,-0.0123,-0.0102,-0.0005,52.59628299999999,-1.608857,0.0,Vw15
19.612000000000002,-0.08709999999999463,-0.3415999999999789,9.746100000000002,0.000499999999999961,-0.010599999999999997,0.007900000000000388,52.59628299999999,-1.608857,0.0,Vw15
19.712000000000003,0.06399999999999795,0.25279999999997854,9.807400000000003,-0.0005999999999999466,-0.010500000000000655,0.01879999999999987,52.59628299999999,-1.608857,0.0,Vw15
19.812,0.0062,-0.3515,9.9295,0.0009,-0.0289,0.0151,52.59628299999999,-1.608857,0.0,Vw15
19.912000000000003,-0.10770000000000157,0.0742999999999867,9.787300000000002,-0.0009999999999998758,-0.04280000000000022,0.020999999999999845,52.59628299999999,-1.608857,0.0,Vw15
20.012,-0.152,-0.3005,9.8585,0.0025,-0.049,0.0166,52.59628299999999,-1.608857,0.0,Vw15
20.112000000000002,-0.10246039603959863,0.0828376237623764,9.776039603960399,0.01342277227722775,-0.00481287128712836,0.0008564356435644259,52.59628299999999,-1.608857,0.0,Vw15
20.212000000000003,0.33149999999998997,0.09660000000000016,9.949999999999994,0.01569999999999919,0.023900000000000414,0.006499999999999549,52.59628299999999,-1.608857,0.0,Vw15
20.312,0.0481,0.1009,9.8233,-0.0071,0.0355,-0.0062,52.59628299999999,-1.608857,0.0,Vw15
20.412000000000003,0.2564980198019766,0.06755643564356283,9.868529702970298,-0.012575247524752569,0.0326475247524753,-0.002755445544554524,52.59628299999999,-1.608857,0.0,Vw15
20.512,-0.0337,-0.0568,9.9315,-0.0201,0.0374,-0.0083,52.59628299999999,-1.608857,0.0,Vw15
20.612000000000002,0.3033999999999824,0.07679999999999575,9.994399999999994,0.005299999999999903,0.008699999999999906,-0.013699999999999702,52.59628299999999,-1.608857,0.0,Vw15
20.712000000000003,-0.18510594059405278,-0.04221584158416182,9.818158415841586,0.0025712871287127347,0.006062376237623584,-0.0052079207920782975,52.59628299999999,-1.608857,0.0,Vw15
20.812,-0.0457,-0.1138,9.844,-0.0003,0.0023,0.0139999999999999,52.59628299999999,-1.608857,0.0,Vw15
20.912000000000003,0.15656633663366074,0.02516435643564278,9.93937920792079,-0.008815841584158437,-0.01584653465346516,-0.0011188118811878956,52.59628299999999,-1.608857,0.0,Vw15
21.012,-0.0568,-0.0384,9.8173,-0.0104,-0.0005,0.017,52.59628299999999,-1.608857,0.0,Vw15
21.112000000000002,0.23959999999999243,0.09199999999999971,9.922099999999999,0.005899999999999573,-0.00450000000000119,-0.006799999999999652,52.59628299999999,-1.608857,0.0,Vw15
21.212000000000003,0.026000000000013523,0.08380000000000458,9.852700000000006,-0.006099999999999546,-0.037999999999997,0.00299999999999935,52.59628299999999,-1.608857,0.0,Vw15
21.312,0.4067,0.2126,10.0002,0.0067,0.0463,-0.0153,52.59628299999999,-1.608857,0.0,Vw15
21.412000000000003,-0.19529999999999895,0.006099999999999507,9.7759,-0.010399999999999918,-0.00839999999999801,0.007799999999998913,52.59628299999999,-1.608857,0.0,Vw15
21.512,-0.1657,-0.0078,9.7735,-0.0081,0.0476,-0.0228,52.59628299999999,-1.608857,0.0,Vw15
21.612000000000002,0.37119999999998676,0.22639999999999427,9.941599999999996,0.015199999999999655,0.03279999999999962,-0.009000000000000773,52.59628299999999,-1.608857,0.0,Vw15
21.712000000000003,-0.00019999999998969358,0.06560000000000447,9.8633,0.005499999999999346,0.02210000000000096,-0.030799999999999404,52.59628299999999,-1.608857,0.0,Vw15
21.812,0.2899,0.1913,9.8447,-0.0129,0.0491,-0.0139999999999999,52.59628299999999,-1.608857,0.0,Vw15
21.912000000000003,-0.1484999999999838,-0.17629999999998688,9.925,-0.004899999999999805,0.010500000000000306,0.0025999999999991403,52.59628299999999,-1.608857,0.0,Vw15
22.012,0.3068,0.193,9.9375,0.0006,0.0191,-0.0216,52.59628299999999,-1.608857,0.0,Vw15
22.112000000000002,-0.2604999999999974,-0.10860000000000022,9.845899999999999,0.0012999999999995593,-0.014099999999998718,0.011599999999999739,52.59628299999999,-1.608857,0.0,Vw15
22.212000000000003,-0.1875999999999975,-0.11479999999999764,9.799100000000001,-0.01109999999999982,0.021999999999997844,0.004300000000000192,52.59628299999999,-1.608857,0.0,Vw15
22.312,-0.1171,-0.0483,9.8388,-0.006,-0.0386,0.0097,52.59628299999999,-1.608857,0.0,Vw15
22.412000000000003,-0.03349999999999686,-0.09489999999999221,9.889999999999995,0.0019000000000002344,-0.0037000000000002842,0.012099999999999573,52.59628299999999,-1.608857,0.0,Vw15
22.512,0.0549,0.1243,9.7567,0.0085,-0.0117,0.0001,52.59628299999999,-1.608857,0.0,Vw15
22.612000000000002,-0.1665999999999871,-0.16609999999998845,9.725700000000007,-0.0046999999999994945,-0.027699999999997848,0.007199999999999748,52.59628299999999,-1.608857,0.0,Vw15
22.712000000000003,0.18889207920790035,0.15366633663365323,9.90663762376237,0.00925049504950424,0.031709900990096684,0.0002891089108915123,52.59628299999999,-1.608857,0.0,Vw15
22.812,-0.2419,-0.0597,9.7804,-0.0057,-0.0173,0.0092,52.59628299999999,-1.608857,0.0,Vw15
22.912000000000003,-0.15423762376237543,-0.06525841584158375,9.827757425742575,-0.005368316831683006,0.027887128712871273,-0.011938613861386064,52.59628299999999,-1.608857,0.0,Vw15
23.012,-0.088,-0.0311,9.8435,0.0078,0.0266,-0.0058,52.59628299999999,-1.608857,0.0,Vw15
23.112000000000002,-0.0472999999999967,-0.1492999999999902,9.8205,0.00019999999999995737,0.002800000000000682,-0.01490000000000005,52.59628299999999,-1.608857,0.0,Vw15
23.212000000000003,0.045599999999991515,0.12669999999998882,9.812099999999996,-0.0010000000000003446,0.021999999999999468,-0.016299999999999096,52.59628299999999,-1.608857,0.0,Vw15
23.312,-0.1932,-0.1878,9.7346,-0.0107,0.0071,0.0091,52.59628299999999,-1.608857,0.0,Vw15
23.412000000000003,0.1880999999999928,0.15989999999999926,9.897399999999998,0.007499999999999594,0.008699999999999257,-0.017899999999998976,52.59628299999999,-1.608857,0.0,Vw15
23.512,-0.011016831683166492,0.13972475247524768,9.851966336633664,-0.003789108910891076,-0.011803960396039363,0.010594059405940586,52.59628299999999,-1.608857,0.0,Vw15
23.612000000000002,0.13729999999999462,0.1522000000000007,9.8586,-0.0026999999999998687,0.007799999999997964,0.009999999999999716,52.59628299999999,-1.608857,0.0,Vw15
23.712000000000003,-0.01400000000000086,0.1717999999999868,9.8442,0.0009999999999999677,-0.049499999999998955,0.0020000000000006675,52.59628299999999,-1.608857,0.0,Vw15
23.812,-0.03917128712871087,-0.19320396039603532,9.847289108910893,0.0002663366336635711,-0.020410891089109047,0.02032673267326699,52.59628299999999,-1.608857,0.0,Vw15
23.912000000000003,0.12369999999998711,0.15639999999998722,9.856199999999996,0.01689999999999894,-0.03150000000000015,-0.006999999999998942,52.59628299999999,-1.608857,0.0,Vw15
24.012,-0.2314732673267276,-0.19644950495049054,9.765887128712874,-0.012504950495049388,-0.03504059405940513,0.019524752475247306,52.59628299999999,-1.608857,0.0,Vw15
24.112000000000002,0.18119999999999403,0.16859999999999842,9.924599999999996,-0.002999999999999755,0.030899999999998474,0.0020000000000000035,52.59628299999999,-1.608857,0.0,Vw15
24.212000000000003,0.012900000000003466,0.12410000000000007,9.820900000000002,0.003900000000000068,-0.012099999999998287,0.002099999999999167,52.59628299999999,-1.608857,0.0,Vw15
24.312,0.10760693069306698,0.12671980198019878,9.88188415841584,0.00574653465346528,0.035590099009900976,-0.020957425742574084,52.59628299999999,-1.608857,0.0,Vw15
24.412000000000003,-0.0816999999999959,0.1886999999999824,9.800300000000004,0.0003999999999997129,0.03459999999999932,-0.006700000000000061,52.59628299999999,-1.608857,0.0,Vw15
24.512,0.032030999999999435,-0.29739099999999513,9.905216999999999,-0.0075189999999999025,0.015740000000000167,-0.008578000000000214,52.59628299999999,-1.608857,0.0,Vw15
24.612000000000002,-0.014090099009900608,0.09615148514851074,9.856825742574257,0.00040297029702958355,0.02945148514851467,-0.02577425742574205,52.59628299999999,-1.608857,0.0,Vw15
24.712000000000003,0.016900000000000966,-0.2386999999999884,9.799400000000002,-0.009299999999999413,0.01459999999999989,0.016799999999998084,52.59628299999999,-1.608857,0.0,Vw15
24.812,0.0441,0.0875,9.8398,0.0072,0.0115,-0.0371,52.59628299999999,-1.608857,0.0,Vw15
24.912000000000003,-0.03579999999999342,0.0696000000000032,9.913799999999997,-0.012399999999999613,-0.0006000000000004342,0.00849999999999994,52.59628299999999,-1.608857,0.0,Vw15
25.012,0.14607199999999826,0.15895699999999982,9.835420000000001,-0.0016820000000000992,-0.01296500000000032,0.006737999999999925,52.59628299999999,-1.608857,0.0,Vw15
25.112000000000002,0.004228712871286549,0.14044455445544018,9.848107920792081,-0.009644554455445353,-0.038888118811880805,0.0007920792079210285,52.59628299999999,-1.608857,0.0,Vw15
25.212000000000003,-0.04289999999999518,-0.2950999999999858,9.9289,0.005900000000000288,-0.007700000000000473,0.019999999999999088,52.59628299999999,-1.608857,0.0,Vw15
25.312,0.0928,0.1033,9.9258,0.0139999999999999,-0.021,-0.0057,52.59628299999999,-1.608857,0.0,Vw15
25.412000000000003,-0.1096999999999966,-0.2922999999999871,9.748200000000004,-0.01579999999999946,-0.039999999999997475,0.020599999999999542,52.59628299999999,-1.608857,0.0,Vw15
25.512,-0.014314851485147918,0.06292475247524264,9.823303960396041,-0.0006108910891088012,0.030006930693068822,0.007699999999999876,52.59628299999999,-1.608857,0.0,Vw15
25.612000000000002,0.0342000000000086,-0.33459999999998247,9.863700000000003,0.008300000000000213,-0.009299999999998287,-0.002300000000001151,52.59628299999999,-1.608857,0.0,Vw15
25.712000000000003,0.27609999999998897,0.1599000000000019,9.975199999999992,0.014299999999998998,0.03890000000000002,-0.03469999999999864,52.59628299999999,-1.608857,0.0,Vw15
25.812,-0.0352,0.2135,9.7671,-0.0139,0.0395,0.0036,52.59628299999999,-1.608857,0.0,Vw15
25.912000000000003,-0.00909999999999736,-0.3380999999999837,9.901,-0.009599999999999402,0.019300000000000567,-0.013900000000000579,52.59628299999999,-1.608857,0.0,Vw15
26.012,0.0652,0.1206,9.9091,0.0072,0.0352,-0.0302,52.59628299999999,-1.608857,0.0,Vw15
26.112000000000002,-0.06559999999999894,-0.320699999999986,9.780000000000001,-0.0017999999999999503,0.019799999999999846,0.006999999999998853,52.59628299999999,-1.608857,0.0,Vw15
26.212000000000003,-0.03550000000000219,0.07249999999998619,9.825999999999999,-0.0004000000000005258,0.01539999999999877,-0.02249999999999839,52.59628299999999,-1.608857,0.0,Vw15
26.312,-0.0973,-0.3161,9.7889,-0.0152,-0.0192,0.0228,52.59628299999999,-1.608857,0.0,Vw15
26.412000000000003,-0.10763465346534201,0.07213267326732813,9.85428712871287,4.257425742567187e-05,0.012563366336632879,-0.001891089108910757,52.59628299999999,-1.608857,0.0,Vw15
26.512,0.2589,0.1854,9.893,-0.0057,-0.0511,0.009,52.59628299999999,-1.608857,0.0,Vw15
26.612000000000002,-0.06529999999998724,0.19370000000000007,9.74210000000001,0.010299999999999665,-0.013800000000000614,0.019899999999999418,52.59628299999999,-1.608857,0.0,Vw15
26.712000000000003,0.29359999999998554,0.1949999999999802,9.975599999999993,0.0008999999999995442,-0.031100000000000412,0.0035000000000008076,52.59628299999999,-1.608857,0.0,Vw15
26.812,-0.1085980198019786,-0.35295742574256866,9.794164356435644,-0.011649504950494863,-0.04211980198019743,0.025757425742573958,52.59628299999999,-1.608857,0.0,Vw15
26.912000000000003,0.021599999999997798,0.10130000000000129,9.830600000000002,0.003399999999999993,0.005899999999998995,0.0015000000000002203,52.59628299999999,-1.608857,0.0,Vw15
27.012,-0.0404,0.1378,9.8989,0.0032,-0.0224,0.0077,52.59628299999999,-1.608857,0.0,Vw15
27.112000000000002,-0.133127722772278,-0.10788019801980282,9.827343564356436,0.005622772277227628,0.04126237623762347,-0.020569306930692786,52.59628299999999,-1.608857,0.0,Vw15
27.212000000000003,-0.19589999999999916,-0.17589999999999742,9.821699999999998,-0.002100000000000206,0.01750000000000072,0.002499999999999357,52.59628299999999,-1.608857,0.0,Vw15
27.312,-0.1723,-0.1032,9.7863,-0.0079,0.0377,-0.0156,52.59628299999999,-1.608857,0.0,Vw15
27.412000000000003,0.4106999999999787,0.22269999999999127,9.954099999999995,0.018799999999999314,0.033699999999999494,-0.03459999999999906,52.59628299999999,-1.608857,0.0,Vw15
27.512,-0.18013762376237172,-0.018636633663363673,9.822224752475247,-0.00033366336633667507,0.019624752475247677,-0.00845841584158423,52.59628299999999,-1.608857,0.0,Vw15
27.612000000000002,0.18609999999998875,0.19769999999998533,9.864699999999997,-0.003700000000000068,0.03209999999999873,-0.014299999999999214,52.59628299999999,-1.608857,0.0,Vw15
27.712000000000003,-0.13019999999999643,-0.21449999999998842,9.828100000000001,-0.0055999999999997545,-0.0036999999999994923,0.007799999999999669,52.59628299999999,-1.608857,0.0,Vw15
27.812,-0.0298,0.1116,9.8628,0.0013,0.0106,-0.0015,52.59628299999999,-1.608857,0.0,Vw15
27.912000000000003,0.03899999999999814,0.2327999999999985,9.861399999999998,-0.005999999999999858,-0.03939999999999904,0.017399999999999933,52.59628299999999,-1.608857,0.0,Vw15
28.012,-0.0134,0.1908,9.8113,-0.002,-0.0124,0.0155,52.59628299999999,-1.608857,0.0,Vw15
28.112000000000002,-0.12730000000000033,0.002899999999989324,9.862,-0.006500000000000003,-0.03829999999999966,0.024999999999999672,52.59628299999999,-1.608857,0.0,Vw15
28.212000000000003,-0.1347089108910806,-0.29017524752473145,9.863166336633663,-0.006523762376237262,-0.02851287128712735,0.015673267326732073,52.59628299999999,-1.608857,0.0,Vw15
28.312,0.0444,0.1523,9.8698,0.0011,0.0002,0.003,52.59628299999999,-1.608857,0.0,Vw15
28.412000000000003,-0.2043999999999872,-0.2275999999999883,9.771600000000005,-0.0018999999999995702,-0.0509999999999971,0.012799999999998845,52.59628299999999,-1.608857,0.0,Vw15
28.512,0.1558,0.1011,9.9335,0.0102,0.0305,-0.0197,52.59628299999999,-1.608857,0.0,Vw15
28.612000000000002,-0.012200000000009845,0.030499999999988255,9.847699999999996,0.00030000000000015274,-0.0060999999999974954,-0.0039000000000009166,52.59628299999999,-1.608857,0.0,Vw15
28.712000000000003,-0.28929999999999284,-0.30009999999999143,9.7636,0.004599999999999993,0.06439999999999885,-0.029699999999999862,52.59628299999999,-1.608857,0.0,Vw15
28.812,-0.0881,-0.059,9.7842,0.0044,0.032,-0.0258,52.59628299999999,-1.608857,0.0,Vw15
28.912000000000003,-0.0939999999999959,0.010400000000005126,9.8752,-0.0011999999999999715,0.04320000000000067,-0.028199999999999604,52.59628299999999,-1.608857,0.0,Vw15
29.012,0.0214,0.1547,9.8541,-0.0004,0.0619,-0.0171,52.59628299999999,-1.608857,0.0,Vw15
29.112000000000002,-0.22979999999998735,-0.38469999999998217,9.822600000000003,0.0009999999999999822,0.0002000000000020961,-0.018900000000000392,52.59628299999999,-1.608857,0.0,Vw15
29.212000000000003,0.1267999999999844,0.11659999999998494,9.899799999999997,0.0004999999999997371,0.05919999999999696,-0.029899999999998275,52.59628299999999,-1.608857,0.0,Vw15
29.312,-0.3121,-0.3072,9.797,-0.0069,-0.0263,0.0186,52.59628299999999,-1.608857,0.0,Vw15
29.412000000000003,0.28039999999998944,0.16880000000000406,9.917899999999994,0.0053999999999999,0.012599999999998281,-0.02099999999999852,52.59628299999999,-1.608857,0.0,Vw15
29.512,-0.010543999999995946,0.28034899999999874,9.783379000000002,0.002557999999999949,-0.0351359999999998,0.0202179999999999,52.59628299999999,-1.608857,0.0,Vw15
29.612000000000002,0.3191960396039573,0.17666336633663413,9.870493069306931,-0.001585148514851467,-0.019176237623762717,0.012196039603960514,52.59628299999999,-1.608857,0.0,Vw15
29.712000000000003,0.06879999999998691,0.21299999999997968,9.879799999999996,-0.0001000000000001208,-0.04679999999999948,0.021800000000000392,52.59628299999999,-1.608857,0.0,Vw15
29.812,-0.2997,-0.3589,9.7915,-0.0035,-0.0321,0.0328,52.59628299999999,-1.608857,0.0,Vw15
29.912000000000003,0.34899801980197154,0.3146435643564304,9.919080198019799,-0.008798019801980196,-0.03731188118811895,0.02221584158415856,52.59628299999999,-1.608857,0.0,Vw15
30.012,-0.3512,-0.111,9.7971,-0.0086,-0.0485,0.0338,52.59628299999999,-1.608857,0.0,Vw15
30.112000000000002,0.3478999999999819,0.35759999999998454,9.929199999999994,-0.006400000000000356,-0.0045000000000014,0.007500000000000937,52.59628299999999,-1.608857,0.0,Vw15
30.212000000000003,-0.16129999999998068,-0.07739999999998502,9.795000000000005,-0.016399999999999068,-0.04389999999999766,0.03389999999999809,52.59628299999999,-1.608857,0.0,Vw15
30.312,0.3826,0.344,9.9227,0.0099,0.022,-0.0199,52.59628299999999,-1.608857,0.0,Vw15
30.412000000000003,-0.10570000000000536,-0.17750000000000196,9.844899999999999,-0.006199999999999723,-0.02379999999999674,0.015299999999998521,52.59628299999999,-1.608857,0.0,Vw15
30.512,-0.2565,-0.2327,9.7892,0.0016,0.068,-0.0263,52.59628299999999,-1.608857,0.0,Vw15
30.612000000000002,-0.137000000000005,-0.2851999999999968,9.882599999999995,0.00149999999999962,0.008200000000001526,-0.0025000000000007035,52.59628299999999,-1.608857,0.0,Vw15
30.712000000000003,-0.280499999999975,-0.19439999999998053,9.739500000000005,-0.009199999999999446,0.05110000000000015,-0.02230000000000001,52.59628299999999,-1.608857,0.0,Vw15
30.812,0.4247,0.3531,9.8821,0.0064,0.0553,-0.0226,52.59628299999999,-1.608857,0.0,Vw15
30.912000000000003,-0.1341999999999894,-0.4268999999999729,9.860899999999999,0.006599999999999361,0.020300000000000845,-0.01720000000000012,52.59628299999999,-1.608857,0.0,Vw15
31.012,0.1644,0.3361,9.8199,-0.0114,0.0441,-0.0206,52.59628299999999,-1.608857,0.0,Vw15
31.112000000000002,-0.17889999999999126,-0.15439999999998613,9.870099999999999,-0.015099999999999104,-0.009999999999998881,0.008499999999999024,52.59628299999999,-1.608857,0.0,Vw15
31.212000000000003,0.06581485148515476,0.23118118811880514,9.814194059405942,0.009806930693068866,0.02073564356435423,-0.018297029702968384,52.59628299999999,-1.608857,0.0,Vw15
31.312,0.1973,0.0893,9.8436,0.0005,-0.0257,0.022,52.59628299999999,-1.608857,0.0,Vw15
31.412000000000003,-0.15609999999998514,0.22089999999999338,9.676000000000009,-0.005499999999999832,-0.005900000000000824,0.006100000000000309,52.59628299999999,-1.608857,0.0,Vw15
31.512,0.2617,0.0344,9.9306,-0.0008,-0.0291,0.0148,52.59628299999999,-1.608857,0.0,Vw15
31.612000000000002,-0.2569179999999948,-0.06581900000000002,9.832544000000002,-0.0087589999999997,-0.012351999999999816,0.018484999999999734,52.59628299999999,-1.608857,0.0,Vw15
31.712000000000003,0.15559702970296316,-0.06658316831682638,9.886278217821781,0.01500594059405896,0.0021772277227716944,-0.002882178217822172,52.59628299999999,-1.608857,0.0,Vw15
31.812,0.0053,0.0451,9.8741,0.0056,-0.0101,-0.0111,52.59628299999999,-1.608857,0.0,Vw15
31.912000000000003,-0.07440594059405621,-0.035329702970295716,9.775888118811883,0.000823762376237653,0.020225742574257334,0.002205940594059167,52.59628299999999,-1.608857,0.0,Vw15
32.012,0.185,0.0717,9.8847,0.0032,0.0128,-0.0172,52.59628299999999,-1.608857,0.0,Vw15
32.112,-0.2397,0.0193,9.774,-0.0081,0.0155,-0.0018,52.59628299999999,-1.608857,0.0,Vw15
32.212,0.19837227722771023,0.18284752475246352,9.932585148514844,0.008517821782178303,0.03069504950494808,-0.011366336633663206,52.59628299999999,-1.608857,0.0,Vw15
32.312000000000005,-0.06439999999997349,-0.062399999999983524,9.80110000000001,0.010299999999998729,-0.01979999999999718,-0.007999999999999502,52.59628299999999,-1.608857,0.0,Vw15
32.412,0.3087,0.1694,9.9498,-0.0076,0.0199,-0.001,52.59628299999999,-1.608857,0.0,Vw15
32.512,-0.0871,-0.0925,9.7811,-0.0084,-0.0183,0.0191,52.59628299999999,-1.608857,0.0,Vw15
32.612,-0.06746435643564198,0.0482485148514915,9.889494059405935,0.009847524752474529,-0.012879207920792923,-0.00499207920791887,52.59628299999999,-1.608857,0.0,Vw15
32.712,-0.0339,0.1831,9.7889,-0.0054,-0.0308,0.0358,52.59628299999999,-1.608857,0.0,Vw15
32.812000000000005,-0.3091999999999759,-0.13819999999997687,9.766200000000005,-0.007499999999999388,-0.02119999999999472,0.017799999999997086,52.59628299999999,-1.608857,0.0,Vw15
32.912,0.0296,0.187,9.8484,0.0011,0.0531,-0.0232,52.59628299999999,-1.608857,0.0,Vw15
33.012,-0.12913800000001013,-0.0625160000000086,9.798066999999998,0.00033600000000014554,0.014475999999999373,-0.01189199999999979,52.59628299999999,-1.608857,0.0,Vw15
33.112,0.3085217821781986,0.30938613861384856,9.864115841584159,-0.0060049504950495285,0.041438613861384435,-0.020638613861384436,52.59628299999999,-1.608857,0.0,Vw15
33.212,-0.0993,0.038,9.8657,-0.0065,0.0053,0.0155,52.59628299999999,-1.608857,0.0,Vw15
33.312000000000005,-0.10620000000000294,-0.3512999999999906,9.845500000000003,0.011099999999998842,0.006899999999997001,-0.020899999999996893,52.59628299999999,-1.608857,0.0,Vw15
33.412,-0.1477,-0.2195,9.9022,-0.0052,-0.0353,0.0228,52.59628299999999,-1.608857,0.0,Vw15
33.512,-0.1267,-0.0009,9.7871,0.0004,-0.0035,0.0093,52.59628299999999,-1.608857,0.0,Vw15
33.612,0.2737,0.1581,9.8622,-0.0019,-0.0431,0.0156,52.59628299999999,-1.608857,0.0,Vw15
33.712,-0.0506,0.0627,9.7579,-0.0074,-0.0155,0.0141,52.59628299999999,-1.608857,0.0,Vw15
33.812000000000005,0.19654752475246112,0.12113861386137581,9.874911881188117,0.006634653465346222,0.0015495049504933728,0.0031,52.59628299999999,-1.608857,0.0,Vw15
33.912,-0.0987,-0.095,9.8461,0.0001,-0.0335,0.0031,52.59628299999999,-1.608857,0.0,Vw15
34.012,0.04179108910891393,-0.20858019801980573,9.877867326732673,0.004555445544554791,0.0014544554455446603,-0.01296534653465401,52.59628299999999,-1.608857,0.0,Vw15
34.112,-0.0891,-0.0466,9.8846,-0.0099,-0.0031,0.0105,52.59628299999999,-1.608857,0.0,Vw15
34.212,-0.1674,-0.0363,9.7453,-0.0058,-0.0071,0.0063,52.59628299999999,-1.608857,0.0,Vw15
34.312000000000005,0.16229999999997952,0.07899999999998984,9.866099999999992,-0.0022000000000004976,-0.015599999999999573,0.004899999999999978,52.59628299999999,-1.608857,0.0,Vw15
34.412,-0.1261,-0.064,9.7686,-0.0092,-0.0096,0.0046,52.59628299999999,-1.608857,0.0,Vw15
34.512,0.1969999999999999,0.0591,9.9309,0.0101,0.0133,-0.0229,52.59628299999999,-1.608857,0.0,Vw15
34.612,-0.0468,0.1132,9.8228,-0.0027,-0.0264,0.0045,52.59628299999999,-1.608857,0.0,Vw15
34.712,0.0858,0.1122,9.7631,-0.0087,0.0225,-0.0107,52.59628299999999,-1.608857,0.0,Vw15
34.812000000000005,0.2008554455445418,0.14004059405938318,9.995474257425734,0.02841980198019668,0.02193960396039575,-0.018196039603960858,52.59628299999999,-1.608857,0.0,Vw15
34.912,-0.0636,-0.3359,9.7929,0.0004,0.0159,-0.0278,52.59628299999999,-1.608857,0.0,Vw15
35.012,0.1363,0.0879,9.8872,-0.0066,0.045,0.0024,52.59628299999999,-1.608857,0.0,Vw15
35.112,-0.1322,-0.1409,9.78,-0.0075,-0.0089,-0.0074,52.59628299999999,-1.608857,0.0,Vw15
35.212,0.1844,0.0579999999999999,9.9215,0.0034,0.0227,-0.0013,52.59628299999999,-1.608857,0.0,Vw15
35.312000000000005,0.0036000000000073755,0.1968999999999974,9.826499999999994,-0.0020999999999996447,-0.01809999999999891,0.016099999999998352,52.59628299999999,-1.608857,0.0,Vw15
35.412,0.1074,0.1607,9.7617,0.0029,-0.0027,-0.0071,52.59628299999999,-1.608857,0.0,Vw15
35.512,0.1576,0.1515,9.9479,-0.0172,-0.0368,0.0276,52.59628299999999,-1.608857,0.0,Vw15
35.612,-0.06476336633663113,-0.3323960396039382,9.76800198019802,-0.005105940594059434,-0.038339603960395284,0.013056435643564152,52.59628299999999,-1.608857,0.0,Vw15
35.712,-0.0111,0.138,9.7982,-0.0057,-0.0223,0.0087,52.59628299999999,-1.608857,0.0,Vw15
35.812000000000005,-0.008321782178222232,-0.31796039603958465,9.930575247524745,0.003353465346534909,-0.04059207920791836,0.023242574257424032,52.59628299999999,-1.608857,0.0,Vw15
35.912,-0.1005,0.086,9.7781,0.0087,0.0102,-0.0125,52.59628299999999,-1.608857,0.0,Vw15
36.012,-0.113,-0.2263,9.8362,0.0025,-0.0133,0.0143,52.59628299999999,-1.608857,0.0,Vw15
36.112,0.0041,0.0781,9.7821,-0.0104,0.0153,-0.0164,52.59628299999999,-1.608857,0.0,Vw15
36.212,0.3117,0.0382,9.9403,0.0147,0.0154,-0.0052,52.59628299999999,-1.608857,0.0,Vw15
36.312000000000005,-0.03129999999998018,0.08739999999999368,9.808900000000003,-0.0015000000000003695,0.020299999999999225,-0.010899999999999695,52.59628299999999,-1.608857,0.0,Vw15
36.412,0.2477,-0.0017,9.8546,-0.0067,0.0094,-0.0066,52.59628299999999,-1.608857,0.0,Vw15
36.512,-0.0655,0.0103,9.9208,-0.0125,-0.003,0.005,52.59628299999999,-1.608857,0.0,Vw15
36.612,-0.0863,-0.1882,9.7337,-0.0024,0.0139,0.0066,52.59628299999999,-1.608857,0.0,Vw15
36.712,-0.0309,-0.1827,9.7952,-0.0071,-0.0287,0.0091,52.59628299999999,-1.608857,0.0,Vw15
36.812000000000005,-0.11529999999996914,-0.03129999999998587,9.839400000000005,0.005399999999998678,-0.009400000000000987,0.006600000000001073,52.59628299999999,-1.608857,0.0,Vw15
36.912,0.319,0.1676,9.9232,-0.0132,-0.0233,0.0217,52.59628299999999,-1.608857,0.0,Vw15
37.012,-0.11416900000000826,-0.019680000000004135,9.858460000000001,-0.0023590000000000932,-0.0240120000000002,0.013178000000000276,52.59628299999999,-1.608857,0.0,Vw15
37.112,0.2426247524752349,0.15844257425741604,9.83521188118812,0.001638613861385849,-0.01539108910891132,0.0012683168316839617,52.59628299999999,-1.608857,0.0,Vw15
37.212,-0.0249,-0.0473,9.8864,-0.0045,-0.0245,0.0181,52.59628299999999,-1.608857,0.0,Vw15
37.312000000000005,0.40359999999996216,0.17089999999998035,9.957399999999991,0.01619999999999825,0.024099999999996995,-0.01999999999999769,52.59628299999999,-1.608857,0.0,Vw15
37.412,-0.1296,-0.1056,9.8388,-0.0084,-0.0182,0.0125,52.59628299999999,-1.608857,0.0,Vw15
37.512,-0.1501,-0.2023,9.8323,-0.0099,0.0519,-0.0144,52.59628299999999,-1.608857,0.0,Vw15
37.612,-0.17975940594059248,-0.16738514851485234,9.87734257425742,0.01683366336633585,0.015870297029703773,-0.011600990099009905,52.59628299999999,-1.608857,0.0,Vw15
37.712,-0.1457,-0.1859,9.7916,0.0002,0.0329,-0.0117,52.59628299999999,-1.608857,0.0,Vw15
37.812000000000005,0.2741237623762243,0.14220495049502993,9.863757425742575,-0.005248514851484902,0.011914851485148108,-0.012122772277227354,52.59628299999999,-1.608857,0.0,Vw15
37.912,-0.0035,-0.2673,9.8895,-0.0001,0.0034,-0.0044,52.59628299999999,-1.608857,0.0,Vw15
38.012,-0.1554554455445578,0.07226138613861999,9.767164356435641,-0.0037287128712872944,0.01908811881188168,-0.01173366336633702,52.59628299999999,-1.608857,0.0,Vw15
38.112,-0.011,-0.1916,9.9136,0.0034,-0.0021,0.0049,52.59628299999999,-1.608857,0.0,Vw15
38.212,0.0535,0.1645,9.7746,-0.0051,0.0037,-0.0059,52.59628299999999,-1.608857,0.0,Vw15
38.312000000000005,0.06570000000000299,0.013799999999985652,9.889999999999999,-0.012199999999999198,-0.017699999999999032,0.020399999999998336,52.59628299999999,-1.608857,0.0,Vw15
38.412000000000006,0.10704117647058603,-0.18348235294116388,9.856216666666665,-0.0009401960784310851,-0.004220588235294216,-0.0027303921568624105,52.59628299999999,-1.608857,0.0,Vw15
38.512,0.06115882352941071,0.07828235294118252,9.817883333333333,0.005040196078431511,-0.006279411764705929,0.004230392156862904,52.59628299999999,-1.608857,0.0,Vw15
38.612,-0.0746,-0.0579999999999999,9.7962,-0.0065,-0.0054,0.0044,52.59628299999999,-1.608857,0.0,Vw15
38.712,0.051,0.0434,9.8586,0.012,0.013,-0.0113,52.59628299999999,-1.608857,0.0,Vw15
38.812000000000005,-0.002899999999993143,-0.1484000000000021,9.8317,-0.001999999999999588,-0.007899999999997293,0.00499999999999892,52.59628299999999,-1.608857,0.0,Vw15
38.912000000000006,0.0935999999999834,-0.17789999999998776,9.837199999999998,0.003800000000000327,0.030200000000000497,-0.010200000000000917,52.59628299999999,-1.608857,0.0,Vw15
39.012,-0.1399,-0.0056,9.8176,0.0084,0.0372,-0.0231,52.59628299999999,-1.608857,0.0,Vw15
39.112,-0.08227524752474576,-0.18376138613860002,9.837642574257424,0.0020445544554457545,0.012813861386137736,-0.003810891089108491,52.59628299999999,-1.608857,0.0,Vw15
39.212,0.0602,0.1101,9.8119,0.0065,-0.0058,0.0051,52.59628299999999,-1.608857,0.0,Vw15
39.312000000000005,-0.1843999999999746,-0.19489999999997387,9.783800000000005,-0.009999999999999447,-0.015899999999997475,0.007999999999998536,52.59628299999999,-1.608857,0.0,Vw15
39.412000000000006,0.16855643564355985,0.1690693069306933,9.868163366336637,-0.002195049504949993,0.019015841584157058,-0.012303960396039143,52.59628299999999,-1.608857,0.0,Vw15
39.512,0.0742,0.176,9.9045,0.0083,-0.0094,-0.0027,52.59628299999999,-1.608857,0.0,Vw15
39.612,0.1122,0.1932,9.8182,0.0035,0.0328,-0.03,52.59628299999999,-1.608857,0.0,Vw15
39.712,0.1487299999999925,0.07101699999998484,9.854300000000002,0.0033099999999995715,0.03214799999999928,-0.011875999999999887,52.59628299999999,-1.608857,0.0,Vw15
39.812000000000005,-0.0060257425742542,-0.2408118811881031,9.903863366336635,-0.005644554455445758,0.017304950495050486,-0.009397029702969803,52.59628299999999,-1.608857,0.0,Vw15
39.912000000000006,0.06139999999998916,0.08799999999997919,9.910199999999994,-0.010099999999999318,0.03779999999999754,0.0009000000000005187,52.59628299999999,-1.608857,0.0,Vw15
40.012,-0.0912,-0.2047,9.8388,-0.0005,0.0031,0.0082,52.59628299999999,-1.608857,0.0,Vw15
40.112,-0.1073,0.0292,9.8175,-0.0056,0.0166,-0.0061,52.59628299999999,-1.608857,0.0,Vw15
40.212,-0.0099,-0.1992,9.9201,-0.0082,-0.0231,0.0188,52.59628299999999,-1.608857,0.0,Vw15
40.312000000000005,-0.13683762376235345,0.06309603960396325,9.685892079207932,-0.011437623762376418,-0.010228712871288223,-0.0030960396039589415,52.59628299999999,-1.608857,0.0,Vw15
40.412000000000006,0.3393999999999677,0.1226999999999936,9.945099999999991,-0.015199999999998529,-0.03309999999999876,0.027299999999998523,52.59628299999999,-1.608857,0.0,Vw15
40.512,-0.10663700000000742,0.03419199999999843,9.812861999999999,0.0053609999999998615,-0.015831000000000157,0.00659000000000025,52.59628299999999,-1.608857,0.0,Vw15
40.612,0.2138267326732552,0.10168415841583679,9.868148514851482,0.011126732673266039,-0.009082178217822168,-0.004063366336632548,52.59628299999999,-1.608857,0.0,Vw15
40.712,-0.0435,0.0001,9.833,-0.0162,-0.0173,0.0196,52.59628299999999,-1.608857,0.0,Vw15
40.812000000000005,0.24708000000000085,0.12433700000000017,9.861921,0.005133000000000157,0.0064839999999989715,-0.014973999999999401,52.59628299999999,-1.608857,0.0,Vw15
40.912000000000006,0.26423069306930375,0.12840198019802174,9.854287128712873,0.008371287128712733,-0.014331683168314112,-0.0026871287128721823,52.59628299999999,-1.608857,0.0,Vw15
41.012,0.1973,0.1686,9.873,0.0055,0.0425,-0.0214,52.59628299999999,-1.608857,0.0,Vw15
41.112,0.0618,0.1223,9.8232,0.0082,0.0204,-0.0148,52.59628299999999,-1.608857,0.0,Vw15
41.212,0.024,-0.297,9.9245,-0.0084,0.0238,-0.0118,52.59628299999999,-1.608857,0.0,Vw15
41.312000000000005,0.09097425742573433,0.07916732673265733,9.916965346534647,-0.017588118811880174,0.06582574257425468,-0.009335643564356129,52.59628299999999,-1.608857,0.0,Vw15
41.412000000000006,-0.08159999999999774,-0.25409999999997807,9.813500000000001,0.003599999999999403,0.008400000000000959,-0.0029000000000004474,52.59628299999999,-1.608857,0.0,Vw15
41.512,-0.0498,0.0546,9.8261,-0.0048,0.0219,-0.0092,52.59628299999999,-1.608857,0.0,Vw15
41.612,-0.0803,-0.1984,9.9249,-0.0051,-0.0194,0.0112,52.59628299999999,-1.608857,0.0,Vw15
41.712,-0.0828,0.0955,9.7295,-0.0068,0.0128,-0.0066,52.59628299999999,-1.608857,0.0,Vw15
41.812000000000005,0.3167099999999781,0.06247799999999704,9.955863999999995,-0.012674999999999405,-0.02711500000000007,0.014023999999999162,52.59628299999999,-1.608857,0.0,Vw15
41.912000000000006,-0.13565499999999026,0.0024570000000074125,9.843655000000002,-0.0002759999999998857,-0.0283479999999988,-0.0033959999999999806,52.59628299999999,-1.608857,0.0,Vw15
42.012,0.06622376237623896,0.15359108910891786,9.868351485148516,0.001990099009901245,-0.003553465346534297,-0.002852475247525095,52.59628299999999,-1.608857,0.0,Vw15
42.112,0.0086,-0.1473,9.8135,-0.009,-0.0189,0.0119,52.59628299999999,-1.608857,0.0,Vw15
42.212,-0.1549,-0.0684,9.8294,0.0006,0.0171,-0.0207,52.59628299999999,-1.608857,0.0,Vw15
42.312000000000005,0.010599999999988539,-0.18359999999998636,9.90769999999999,0.008899999999999013,0.0001000000000026148,0.005499999999998366,52.59628299999999,-1.608857,0.0,Vw15
42.412000000000006,-0.15069999999996908,0.008599999999983565,9.757100000000005,-0.004999999999999304,0.03689999999999687,-0.017499999999999623,52.59628299999999,-1.608857,0.0,Vw15
42.512,0.2846,-0.2227,9.833,0.0048,-0.0071,-0.0122,52.59628299999999,-1.608857,0.0,Vw15
42.612,-0.1607,0.0082,9.7878,-0.0086,0.0158,-0.004,52.59628299999999,-1.608857,0.0,Vw15
42.712,0.2727,0.1301,9.897,0.0107,-0.0202,-0.0006,52.59628299999999,-1.608857,0.0,Vw15
42.812000000000005,0.04140000000001079,-0.23899999999997407,9.768200000000009,-0.013899999999998965,-0.022599999999996633,0.014699999999997817,52.59628299999999,-1.608857,0.0,Vw15
42.912000000000006,0.19032079207920133,0.12250891089109059,9.903730693069303,0.0005237623762377375,0.02394554455445375,-0.015564356435642914,52.59628299999999,-1.608857,0.0,Vw15
43.012,0.0524,0.1534,9.8468,0.0029,-0.0115,-0.002,52.59628299999999,-1.608857,0.0,Vw15
43.112,0.1343,0.2407,9.7961,-0.0086,0.0323,-0.0247,52.59628299999999,-1.608857,0.0,Vw15
43.212,0.1098,-0.004,9.8554,0.0046,0.013,-0.0041,52.59628299999999,-1.608857,0.0,Vw15
43.312000000000005,0.008500000000005246,-0.22749999999997986,9.9252,-0.006999999999999606,0.01520000000000086,-0.013599999999999411,52.59628299999999,-1.608857,0.0,Vw15
43.412000000000006,0.08068811881187683,0.05133168316830789,9.923119801980192,-0.0028871287128712252,0.026918811881186774,-0.005354455445544337,52.59628299999999,-1.608857,0.0,Vw15
43.512,-0.0105,-0.1355,9.8251,-0.0016,-0.0012,-0.0008,52.59628299999999,-1.608857,0.0,Vw15
43.612,0.2091,0.0433,9.9216,0.0073,0.0119,-0.0133,52.59628299999999,-1.608857,0.0,Vw15
43.712,0.0641,0.0378,9.8885,0.0078,0.0062,-0.0073,52.59628299999999,-1.608857,0.0,Vw15
43.812000000000005,-0.1294999999999729,-0.014299999999990315,9.827300000000006,0.002000000000000789,0.03219999999999935,-0.015299999999999949,52.59628299999999,-1.608857,0.0,Vw15
43.912000000000006,0.2521999999999734,0.1219999999999933,9.929599999999992,0.013099999999998729,0.02300000000000019,-0.01459999999999998,52.59628299999999,-1.608857,0.0,Vw15
44.012,-0.122,0.0276,9.8121,-0.0048,0.0257,-0.0143,52.59628299999999,-1.608857,0.0,Vw15
44.112,0.233,0.2885,9.9045,0.0095,0.0517,-0.0217,52.59628299999999,-1.608857,0.0,Vw15
44.212,-0.11221089108909366,-0.14405841584156528,9.823081188118813,0.0034851485148509357,-0.005951485148513185,-0.01560495049504905,52.59628299999999,-1.608857,0.0,Vw15
44.312000000000005,0.20669999999998645,0.2500999999999702,9.831200000000004,-0.007999999999999936,0.028899999999997428,-0.006099999999997947,52.59628299999999,-1.608857,0.0,Vw15
44.412000000000006,0.01686633663365842,-0.1658910891089123,9.881052475247522,-0.006959405940593387,-0.006975247524752835,0.022217821782176867,52.59628299999999,-1.608857,0.0,Vw15
44.512,-0.0865,-0.195,9.8463,0.0071,-0.0145,-0.006,52.59628299999999,-1.608857,0.0,Vw15
44.612,0.049,-0.2623,9.9114,-0.0019,-0.0217,0.025,52.59628299999999,-1.608857,0.0,Vw15
44.712,-0.2948,-0.0139999999999999,9.7382,-0.0091,-0.0072,0.0169,52.59628299999999,-1.608857,0.0,Vw15
44.812000000000005,0.3811999999999567,0.15589999999998552,9.907599999999992,-0.00989999999999934,-0.03659999999999919,0.014900000000000595,52.59628299999999,-1.608857,0.0,Vw15
44.912000000000006,-0.2159861386138331,-0.04265247524750922,9.792794059405946,-0.0007099009900990573,-0.025195049504949992,0.023006930693068382,52.59628299999999,-1.608857,0.0,Vw15
45.012,0.3754,0.2821,9.8922,-0.0017,-0.0147,0.0037,52.59628299999999,-1.608857,0.0,Vw15
45.112,0.02215300000000787,-0.05718799999998185,9.856729999999999,-0.010633999999999685,-0.042998999999996665,0.018195999999998554,52.59628299999999,-1.608857,0.0,Vw15
45.212,0.1839524752475159,0.3147207920791817,9.81146039603961,-0.004069306930692923,0.025949504950492894,-0.011697029702969326,52.59628299999999,-1.608857,0.0,Vw15
45.312000000000005,-0.000799999999998299,-0.23319999999997476,9.937499999999991,-0.0009999999999994976,-0.01909999999999611,0.008599999999997079,52.59628299999999,-1.608857,0.0,Vw15
45.412000000000006,0.023514851485151457,0.12034653465347514,9.806929702970296,0.005890099009900464,0.03479306930692922,-0.03174653465346365,52.59628299999999,-1.608857,0.0,Vw15
45.512,0.085,0.325,9.7899,-0.0051,0.0041,0.0036,52.59628299999999,-1.608857,0.0,Vw15
45.612,-0.0657,-0.0456,9.7359,-0.0179,0.0525,-0.0113,52.59628299999999,-1.608857,0.0,Vw15
45.712,0.203,0.3265,9.9539,0.0195,0.0456,-0.0319,52.59628299999999,-1.608857,0.0,Vw15
45.812000000000005,-0.05789108910891694,-0.021618811881196187,9.874593069306927,0.006628712871286829,0.018768316831682542,-0.011701980198019334,52.59628299999999,-1.608857,0.0,Vw15
45.912000000000006,-0.12180000000001344,-0.10760000000000643,9.855599999999997,0.008199999999999028,0.03849999999999654,-0.011199999999999752,52.59628299999999,-1.608857,0.0,Vw15
46.012,-0.3108,-0.198,9.7954,-0.0055,-0.0102,-0.0077,52.59628299999999,-1.608857,0.0,Vw15
46.112,0.4712,0.2208,9.9499,0.011,0.0432,-0.0242,52.59628299999999,-1.608857,0.0,Vw15
46.212,0.0162,0.0284,9.8281,0.0002,-0.0217,0.0128,52.59628299999999,-1.608857,0.0,Vw15
46.312000000000005,0.23169999999998706,0.2960999999999723,9.860199999999999,-0.00789999999999988,0.02189999999999504,-0.008399999999998055,52.59628299999999,-1.608857,0.0,Vw15
46.412000000000006,0.047917999999983425,-0.09038400000000421,9.84168,-0.006082999999999443,-0.046811999999998154,0.018578999999999426,52.59628299999999,-1.608857,0.0,Vw15
46.512,-0.2930455445544642,-0.17849801980197882,9.859916831683169,0.005521782178217771,-0.008631683168316293,0.006679207920791895,52.59628299999999,-1.608857,0.0,Vw15
46.612,0.0824,-0.2383,9.9016,0.0077,-0.0318,0.0146,52.59628299999999,-1.608857,0.0,Vw15
46.712,-0.1768,-0.0829,9.7969,-0.0062,-0.0171,0.0092,52.59628299999999,-1.608857,0.0,Vw15
46.812000000000005,0.3252999999999677,0.16449999999998613,9.916199999999998,-0.015399999999998488,-0.025699999999999952,0.019300000000000237,52.59628299999999,-1.608857,0.0,Vw15
46.912000000000006,-0.12849999999998224,-0.03089999999997973,9.890899999999991,0.005899999999999751,-0.024999999999999703,0.022599999999998222,52.59628299999999,-1.608857,0.0,Vw15
47.012,0.1214,0.2544,9.7759,0.0024,-0.0208,-0.0024,52.59628299999999,-1.608857,0.0,Vw15
47.112,0.0816,-0.143,9.8832,-0.0051,-0.0217,0.0273,52.59628299999999,-1.608857,0.0,Vw15
47.212,-0.0371,0.2696,9.7395,-0.0107,0.0068,0.0059,52.59628299999999,-1.608857,0.0,Vw15
47.312000000000005,0.1285999999999862,-0.180999999999993,9.931999999999992,0.011799999999999715,-0.018599999999997213,-0.01040000000000022,52.59628299999999,-1.608857,0.0,Vw15
47.412000000000006,-0.06540000000000247,-0.08270000000000229,9.805799999999996,0.007799999999999176,0.020599999999999098,-0.013499999999998813,52.59628299999999,-1.608857,0.0,Vw15
47.512,-0.1001,-0.115,9.7633,-0.0038,0.0079,0.0032,52.59628299999999,-1.608857,0.0,Vw15
47.612,0.1389,-0.1509,9.8758,0.002,0.0138,-0.0264,52.59628299999999,-1.608857,0.0,Vw15
47.712,0.1244,0.2496,9.9419,0.0058,0.0084,-0.0132,52.59628299999999,-1.608857,0.0,Vw15
47.812000000000005,0.2111999999999897,-0.022200000000001323,9.959299999999988,0.009999999999998573,0.051699999999999115,-0.020999999999999405,52.59628299999999,-1.608857,0.0,Vw15
47.912000000000006,0.0642386138613691,-0.042530693069316165,9.77634653465347,-0.009800990099009428,0.03922574257425707,-0.012730693069307077,52.59628299999999,-1.608857,0.0,Vw15
48.012,-0.2919,-0.2356,9.871,0.0001,0.0318,-0.0158,52.59628299999999,-1.608857,0.0,Vw15
48.112,0.2481,0.221,9.8718,0.0079,0.0553,-0.0207,52.59628299999999,-1.608857,0.0,Vw15
48.212,-0.1415,-0.1658,9.9092,0.0031,0.0065,-0.0135,52.59628299999999,-1.608857,0.0,Vw15
48.312000000000005,0.26739999999998393,0.3653999999999589,9.880099999999997,0.008399999999999345,0.053599999999994895,-0.02829999999999764,52.59628299999999,-1.608857,0.0,Vw15
48.412000000000006,0.04090000000001022,-0.21309999999995416,9.825599999999998,-0.0007999999999997797,-0.01829999999999534,0.004899999999997968,52.59628299999999,-1.608857,0.0,Vw15
48.512,0.1847,0.4324,9.8108,0.0023,0.0473,-0.0237,52.59628299999999,-1.608857,0.0,Vw15
48.612,-0.01226600000001269,-0.29779399999999523,9.850032,0.0002509999999997667,-0.04042699999999679,0.013597999999999038,52.59628299999999,-1.608857,0.0,Vw15
48.712,-0.275222772277223,-0.2001376237623855,9.862645544554452,-0.004587128712871226,0.025353465346530605,-0.0060653465346518646,52.59628299999999,-1.608857,0.0,Vw15
48.812000000000005,-0.1774999999999882,-0.39389999999997066,9.817200000000001,-0.003299999999998998,-0.05929999999999649,0.027399999999998013,52.59628299999999,-1.608857,0.0,Vw15
48.912000000000006,-0.011399999999968928,0.01830000000001929,9.837200000000005,0.01079999999999836,-0.009900000000002709,-0.0005999999999977973,52.59628299999999,-1.608857,0.0,Vw15
49.012,0.4259,0.2898,9.9158,-0.0123,-0.048,0.0304,52.59628299999999,-1.608857,0.0,Vw15
49.112,-0.0133,0.1514,9.8321,0.0037,-0.034,0.0385,52.59628299999999,-1.608857,0.0,Vw15
49.212,0.2256,0.2626,9.8015,0.0,-0.049,0.0187,52.59628299999999,-1.608857,0.0,Vw15
49.312000000000005,-0.11579999999997156,-0.2885999999999646,9.946999999999997,0.0009000000000005542,-0.029599999999997927,0.023399999999998495,52.59628299999999,-1.608857,0.0,Vw15
49.412000000000006,0.2842999999999679,0.20979999999996649,9.923799999999996,0.00869999999999949,-0.0004000000000030144,0.0022000000000008684,52.59628299999999,-1.608857,0.0,Vw15
49.512,-0.1612910891089144,-0.2550049504950539,9.868930693069307,0.001436633663366716,-0.0415683168316851,0.013991089108911609,52.59628299999999,-1.608857,0.0,Vw15
49.612,-0.0104,-0.0655,9.872,-0.0149,0.0416,-0.0169,52.59628299999999,-1.608857,0.0,Vw15
49.712,-0.09107128712871465,-0.2235831683168225,9.887618811881184,0.014442574257424989,-0.00020396039603818775,0.008374257425741015,52.59628299999999,-1.608857,0.0,Vw15
49.812000000000005,-0.1281999999999866,-0.0318999999999798,9.819499999999998,-0.0013000000000002274,0.02940000000000031,-0.02419999999999808,52.59628299999999,-1.608857,0.0,Vw15
49.912000000000006,0.060399999999988366,0.2523999999999815,9.790299999999997,-0.004500000000000654,0.03379999999999835,0.0027999999999985007,52.59628299999999,-1.608857,0.0,Vw15
50.012,-0.1034,-0.0087,9.7328,-0.0137,0.0107,-0.0183,52.59628299999999,-1.608857,0.0,Vw15
50.112,0.362,0.0848,9.9757,0.0059,0.0368,-0.012,52.59628299999999,-1.608857,0.0,Vw15
50.212,-0.0954,-0.0133,9.8557,-0.0063,0.0071,0.0051,52.59628299999999,-1.608857,0.0,Vw15
50.312000000000005,0.14889999999998862,0.13039999999998078,9.8468,-0.003700000000000313,0.009599999999998159,-0.014899999999997677,52.59628299999999,-1.608857,0.0,Vw15
50.412000000000006,-0.011200000000019177,-0.13990000000000108,9.834499999999997,-0.008099999999999304,-0.01629999999999908,0.017799999999998938,52.59628299999999,-1.608857,0.0,Vw15
50.512,-0.2752683168316904,-0.15519504950495025,9.789616831683167,0.001587128712871317,-0.003866336633662516,0.0031069306930690587,52.59628299999999,-1.608857,0.0,Vw15
50.612,0.0379,-0.1647,9.8513,0.0003,-0.0405,0.0138,52.59628299999999,-1.608857,0.0,Vw15
50.712,-0.2605,-0.1697,9.7462,-0.0098,-0.0012,0.0193,52.59628299999999,-1.608857,0.0,Vw15
50.812000000000005,0.41729999999995515,0.19379999999997485,9.980499999999992,-0.01459999999999887,-0.034400000000000854,0.024700000000000562,52.59628299999999,-1.608857,0.0,Vw15
50.912000000000006,-0.21409999999995993,-0.15999999999996553,9.878399999999997,0.0013000000000002296,-0.04639999999999754,0.032599999999997534,52.59628299999999,-1.608857,0.0,Vw15
51.012,0.33996633663367365,0.31622475247525694,9.852867326732673,0.004332673267327121,-0.012492079207920115,-0.0013732673267334316,52.59628299999999,-1.608857,0.0,Vw15
51.112,-0.1034,-0.0913,9.8196,-0.0124,-0.0417,0.0313,52.59628299999999,-1.608857,0.0,Vw15
51.212,0.3855,0.3229,9.8673,0.0046,0.0248,-0.0171,52.59628299999999,-1.608857,0.0,Vw15
51.312000000000005,-0.09527227722772885,-0.2659257425742532,9.906634653465341,0.003300990099009906,-0.03423663366336125,0.012904950495047614,52.59628299999999,-1.608857,0.0,Vw15
51.412000000000006,-0.22249999999999548,-0.17850000000001245,9.780100000000003,0.0034000000000003125,0.07209999999999558,-0.026599999999999048,52.59628299999999,-1.608857,0.0,Vw15
51.512,-0.1587,-0.3539,9.8379,0.0078,0.0099,-0.0132,52.59628299999999,-1.608857,0.0,Vw15
51.612,-0.186363999999977,-0.12952199999997915,9.847501999999997,-0.0005430000000002047,0.05383199999999968,-0.03277199999999891,52.59628299999999,-1.608857,0.0,Vw15
51.712,0.2882259999999801,0.3006389999999845,9.769048000000002,-0.004729999999999667,0.04693399999999921,-0.010299000000000473,52.59628299999999,-1.608857,0.0,Vw15
51.812000000000005,-0.12339599999999236,-0.020757999999993136,9.823602000000001,0.002119999999999619,0.030600000000000474,-0.020152000000000246,52.59628299999999,-1.608857,0.0,Vw15
51.912000000000006,0.033712871287120645,0.1172980198019577,9.853963366336636,-0.005743564356435373,0.040206930693067904,-0.02492475247524573,52.59628299999999,-1.608857,0.0,Vw15
52.012,-0.135,-0.3529,9.9003,-0.0001,0.0109,0.0126,52.59628299999999,-1.608857,0.0,Vw15
52.112,-0.1157,0.1486,9.6965,-0.0149,0.0216,-0.0324,52.59628299999999,-1.608857,0.0,Vw15
52.212,-0.1391,-0.3519,9.8304,-0.0012,-0.0207,0.0266,52.59628299999999,-1.608857,0.0,Vw15
52.312000000000005,-0.059929999999990616,0.19021899999999772,9.771013000000005,-8.899999999994764e-05,0.013224999999996786,-0.009451999999999294,52.59628299999999,-1.608857,0.0,Vw15
52.412000000000006,0.13320199999999097,0.1423049999999986,9.889837999999994,0.0008059999999990764,-0.05310499999999765,0.005417000000001033,52.59628299999999,-1.608857,0.0,Vw15
52.512,-0.050906000000008625,0.11330599999999953,9.766443999999998,-0.018310000000000205,-0.004353999999999423,0.026770000000000297,52.59628299999999,-1.608857,0.0,Vw15
52.612,0.3193247524752222,0.13090297029701653,9.91866336633663,-0.009287128712870756,-0.029681188118812735,0.013838613861385848,52.59628299999999,-1.608857,0.0,Vw15
52.712,-0.2182,-0.1488,9.855,0.002,-0.0478,0.0077,52.59628299999999,-1.608857,0.0,Vw15
52.812000000000005,0.2111009900990147,0.13240495049504952,9.897537623762378,0.012216831683167919,0.015343564356433461,-0.00022871287128678767,52.59628299999999,-1.608857,0.0,Vw15
52.912000000000006,0.3111999999999872,0.13290000000000274,9.951299999999994,0.003899999999999559,-0.030299999999996732,0.0068999999999984655,52.59628299999999,-1.608857,0.0,Vw15
53.012,0.1316,0.1715,9.8698,-0.0023,0.0157,-0.0147,52.59628299999999,-1.608857,0.0,Vw15
53.112,-0.1574,-0.1075,9.8794,0.0033,0.0271,0.0009,52.59628299999999,-1.608857,0.0,Vw15
53.212,-0.108,-0.161,9.797,-0.0027,0.0259,-0.0212,52.59628299999999,-1.608857,0.0,Vw15
53.312000000000005,0.19088712871285735,0.16801584158414654,9.85957227722772,-0.0031198019801981143,0.022885148514851416,-0.010512871287128297,52.59628299999999,-1.608857,0.0,Vw15
53.412000000000006,-0.10039999999998243,-0.08039999999998687,9.816799999999999,-0.005100000000000279,0.021399999999999544,-0.0018000000000006617,52.59628299999999,-1.608857,0.0,Vw15
53.512,0.14685490196077844,0.10430588235293681,9.801701960784314,-0.009021568627450887,0.015027450980392308,-0.011113725490195856,52.59628299999999,-1.608857,0.0,Vw15
53.612,-0.06410495049503963,0.01779405940594104,9.879927722772278,-0.006605940594059434,-0.009647524752474528,0.004566336633663679,52.59628299999999,-1.608857,0.0,Vw15
53.712,0.1454,0.0272,9.9027,-0.0072,0.0056,0.0112,52.59628299999999,-1.608857,0.0,Vw15
53.812000000000005,0.027299999999986495,0.14779999999996585,9.92659999999999,-0.012899999999999332,-0.03509999999999803,0.008900000000001162,52.59628299999999,-1.608857,0.0,Vw15
53.912000000000006,-0.16023168316831363,-0.32347722772275117,9.773782178217822,-0.0037277227722778386,-0.007800990099010863,0.024986138613860842,52.59628299999999,-1.608857,0.0,Vw15
54.012,-0.0934,0.1188,9.772,-0.0165,-0.0279,0.0136,52.59628299999999,-1.608857,0.0,Vw15
54.112,-0.0923,-0.3689,9.919,0.0038,-0.046,0.02,52.59628299999999,-1.608857,0.0,Vw15
54.212,0.0067829999999932545,0.1265969999999781,9.820771,-0.0011929999999999667,0.014069999999997477,0.0013230000000010616,52.59628299999999,-1.608857,0.0,Vw15
54.312000000000005,-0.13177425742573431,-0.3243029702970068,9.837622772277227,-0.0003980198019797102,-0.03758613861385749,0.022928712871284875,52.59628299999999,-1.608857,0.0,Vw15
54.412000000000006,0.04080000000000809,0.15540000000000398,9.829900000000006,0.00979999999999961,0.04379999999999626,-0.024199999999998393,52.59628299999999,-1.608857,0.0,Vw15
54.512,0.1546,0.2112,9.898,0.0043,-0.0088,-0.0016,52.59628299999999,-1.608857,0.0,Vw15
54.612,0.1631,0.239,9.8344,-0.0075,0.0514,-0.0229,52.59628299999999,-1.608857,0.0,Vw15
54.712,0.0699,0.1488,9.8727,0.0119,0.0143,-0.0069999999999999,52.59628299999999,-1.608857,0.0,Vw15
54.812000000000005,-0.1287999999999897,-0.3676999999999631,9.905699999999996,-0.007099999999999764,0.027400000000001954,-0.030099999999999086,52.59628299999999,-1.608857,0.0,Vw15
54.912000000000006,0.012992079207913579,0.14151089108908313,9.857360396039605,-0.0037920792079207542,0.05412574257425516,-0.017257425742573575,52.59628299999999,-1.608857,0.0,Vw15
55.012,-0.1378,-0.3974,9.8534,-0.003,0.0067,-0.003,52.59628299999999,-1.608857,0.0,Vw15
55.112,-0.10145841584158916,0.13337128712868918,9.78392376237624,-0.0064435643564353775,0.040257425742571705,-0.02261881188118585,52.59628299999999,-1.608857,0.0,Vw15
55.212,-0.2073,-0.3695,9.8363,-0.0008,-0.0139999999999999,0.0255,52.59628299999999,-1.608857,0.0,Vw15
55.312000000000005,0.04260000000000576,0.15910000000000582,9.785400000000006,-0.003199999999999979,0.029599999999994877,-0.022399999999996718,52.59628299999999,-1.608857,0.0,Vw15
55.412000000000006,0.12370000000000336,0.24119999999999467,9.884999999999998,-0.0029000000000001134,-0.04249999999999621,0.023799999999999703,52.59628299999999,-1.608857,0.0,Vw15
55.512,0.1709,0.1662,9.8543,-0.0045,0.0109,0.0196,52.59628299999999,-1.608857,0.0,Vw15
55.612,0.0951,0.254,9.8541,-0.0061,-0.0527,0.006,52.59628299999999,-1.608857,0.0,Vw15
55.712,-0.1466,-0.4856,9.8569,0.0034,-0.039,0.0375,52.59628299999999,-1.608857,0.0,Vw15
55.812000000000005,0.2415801980197727,0.20053663366334068,9.928922772277224,-0.004087128712871704,-0.02790792079208116,-0.0005178217821763895,52.59628299999999,-1.608857,0.0,Vw15
55.912000000000006,-0.3703999999999599,-0.33579999999994914,9.831199999999997,-0.012799999999999695,-0.06869999999999361,0.037699999999997416,52.59628299999999,-1.608857,0.0,Vw15
56.012,0.1947,0.3802,9.7778,-0.0085,0.0211,0.0014,52.59628299999999,-1.608857,0.0,Vw15
56.112,-0.092,-0.3439,9.9095,-0.002,-0.0443,0.0179,52.59628299999999,-1.608857,0.0,Vw15
56.212,-0.3127,-0.1757,9.7931,0.0072,0.0537,-0.0321,52.59628299999999,-1.608857,0.0,Vw15
56.312000000000005,-0.15889999999999985,-0.4289999999999708,9.867299999999995,0.0013999999999993393,-0.010899999999993939,0.003099999999997399,52.59628299999999,-1.608857,0.0,Vw15
56.412000000000006,-0.15669999999996015,-0.017699999999974937,9.79410000000001,-0.00789999999999835,0.07439999999999736,-0.03349999999999986,52.59628299999999,-1.608857,0.0,Vw15
56.512,0.3941210000000106,0.3284990000000068,9.920214000000001,0.01493300000000038,0.037805999999999534,-0.03161999999999996,52.59628299999999,-1.608857,0.0,Vw15
56.612,-0.0660539999999855,0.03491800000001675,9.881404999999997,-0.0016130000000000619,0.05830700000000051,-0.03354599999999974,52.59628299999999,-1.608857,0.0,Vw15
56.712,0.2316653465346351,0.3760277227722429,9.822658415841584,-0.0028405940594056563,0.06836435643564101,-0.027983168316830644,52.59628299999999,-1.608857,0.0,Vw15
56.812000000000005,-0.1517999999999779,-0.34119999999995226,9.838499999999998,0.003099999999999993,0.014800000000003588,-0.006300000000002466,52.59628299999999,-1.608857,0.0,Vw15
56.912000000000006,0.15909999999997912,0.33029999999994547,9.813700000000006,0.002999999999999851,0.06529999999999479,-0.040999999999995464,52.59628299999999,-1.608857,0.0,Vw15
57.012,-0.1348,-0.437,9.8974,0.0009,-0.008,0.0214,52.59628299999999,-1.608857,0.0,Vw15
57.112,-0.1405,-0.0179,9.8208,-0.0053,0.0324,-0.0326,52.59628299999999,-1.608857,0.0,Vw15
57.212,-0.18777425742573622,-0.4540138613861138,9.813207920792083,-0.011410891089108005,-0.038863366336631094,0.02506633663366225,52.59628299999999,-1.608857,0.0,Vw15
57.312000000000005,-0.05519999999998064,0.06460000000001066,9.893999999999998,0.007499999999999346,0.014799999999994685,0.0017000000000008952,52.59628299999999,-1.608857,0.0,Vw15
57.412000000000006,0.21729999999998506,0.21459999999999957,9.869699999999993,-0.0016999999999993249,-0.05999999999999611,0.014300000000001223,52.59628299999999,-1.608857,0.0,Vw15
57.512,0.0069999999999999,0.2082,9.7621,0.0078,-0.0053,0.0315,52.59628299999999,-1.608857,0.0,Vw15
57.612,0.2502,0.1646,9.9054,-0.013,-0.0488,0.0332,52.59628299999999,-1.608857,0.0,Vw15
57.712,-0.2102425742574097,-0.36018415841581614,9.895761386138613,0.004770297029703306,-0.050144554455443364,0.025045544554454707,52.59628299999999,-1.608857,0.0,Vw15
57.812000000000005,0.12549999999997852,0.17139999999995925,9.891899999999994,0.011799999999998749,-0.004600000000003283,0.009600000000001122,52.59628299999999,-1.608857,0.0,Vw15
57.912000000000006,-0.1767999999999952,-0.40199999999997216,9.8228,-0.005799999999999566,-0.05079999999999461,0.025399999999997563,52.59628299999999,-1.608857,0.0,Vw15
58.012,-0.1091,-0.0098,9.8287,0.0003,0.025,-0.0089,52.59628299999999,-1.608857,0.0,Vw15
58.112,-0.139,-0.3005,9.8855,0.0056,-0.0172,0.0055,52.59628299999999,-1.608857,0.0,Vw15
58.212,-0.13006435643561756,0.06595940594059674,9.73791485148516,-0.0005950495049495147,0.04537128712871178,-0.02280990099009858,52.59628299999999,-1.608857,0.0,Vw15
58.312000000000005,0.41349999999996057,0.12189999999999988,9.979399999999986,0.019899999999997826,0.0225000000000011,-0.01380000000000064,52.59628299999999,-1.608857,0.0,Vw15
58.412000000000006,-0.14089999999997072,0.1203000000000078,9.77850000000001,-0.010699999999998934,0.03800000000000125,-0.022799999999999602,52.59628299999999,-1.608857,0.0,Vw15
58.512,0.2711,0.2301,9.9221,0.0043,0.0556,-0.0172,52.59628299999999,-1.608857,0.0,Vw15
58.612,-0.2095,-0.2659,9.8354,0.0047,-0.0024,-0.0153,52.59628299999999,-1.608857,0.0,Vw15
58.712,0.0073,0.074,9.9272,0.0071,0.0487,-0.0134,52.59628299999999,-1.608857,0.0,Vw15
58.812000000000005,0.11529999999999323,-0.031000000000005933,9.84640000000001,-0.009799999999998558,-0.01600000000000051,0.03189999999999827,52.59628299999999,-1.608857,0.0,Vw15
58.912000000000006,0.020000000000010155,-0.11449999999996725,9.988199999999988,0.0104999999999987,-0.023200000000000987,0.007600000000001449,52.59628299999999,-1.608857,0.0,Vw15
59.012,0.1629,0.3464,9.8122,-0.0078,-0.0371,0.0279999999999999,52.59628299999999,-1.608857,0.0,Vw15
59.112,0.21303267326731937,0.09749207920792877,9.921922772277224,0.011907920792078775,-0.02171188118811981,0.02029504950495,52.59628299999999,-1.608857,0.0,Vw15
59.212,0.0563,0.2667,9.8342,0.0027,-0.0429,0.0098,52.59628299999999,-1.608857,0.0,Vw15
59.312000000000005,-0.1842999999999863,-0.38949999999996693,9.846400000000001,-0.006899999999998981,-0.031999999999999675,0.038799999999998294,52.59628299999999,-1.608857,0.0,Vw15
59.412000000000006,0.004671287128704602,0.06860099009899795,9.87835544554455,0.007215841584158013,-0.02744653465346509,0.014905940594058956,52.59628299999999,-1.608857,0.0,Vw15
59.512,-0.1682,-0.1813,9.7639,-0.0012,-0.0221,0.0055,52.59628299999999,-1.608857,0.0,Vw15
59.612,-0.0531,-0.048,9.8876,-0.0055,0.0249,-0.023,52.59628299999999,-1.608857,0.0,Vw15
59.712,-0.1771,-0.4009,9.8387,-0.0134,-0.0286,0.0263,52.59628299999999,-1.608857,0.0,Vw15
59.812000000000005,0.06300000000000683,0.08690000000001204,9.910799999999995,0.0055999999999997154,0.05179999999999589,-0.03199999999999848,52.59628299999999,-1.608857,0.0,Vw15
59.912000000000006,0.15900000000000405,0.25630000000001085,9.827300000000001,0.0015999999999991403,-0.005999999999994614,-0.01060000000000184,52.59628299999999,-1.608857,0.0,Vw15
60.012,0.216,0.4097,9.8594,-0.0105,0.0698,-0.0365,52.59628299999999,-1.608857,0.0,Vw15
60.112,0.125,0.243,9.9003,0.0102,0.0363,-0.0193,52.59628299999999,-1.608857,0.0,Vw15
60.212,-0.1756,-0.6282,9.8064,-0.0003,0.0453,-0.0302,52.59628299999999,-1.608857,0.0,Vw15
60.312000000000005,0.07019999999997763,0.17529999999994753,9.894899999999998,0.012099999999999807,0.07659999999999535,-0.03459999999999857,52.59628299999999,-1.608857,0.0,Vw15
60.412000000000006,-0.24469999999999523,-0.5631999999999535,9.86449999999999,0.009399999999998807,0.011200000000002529,-0.014500000000000313,52.59628299999999,-1.608857,0.0,Vw15
60.512,-0.1776,0.0914,9.7289,-0.0074,0.0468,-0.0189,52.59628299999999,-1.608857,0.0,Vw15
60.612,-0.2789,-0.5442,9.8597,0.0,-0.0442,0.035,52.59628299999999,-1.608857,0.0,Vw15
60.712,0.0833,0.0468,9.7352,0.0034,0.0296,-0.0128,52.59628299999999,-1.608857,0.0,Vw15
60.812000000000005,0.2580999999999712,0.1130000000000124,9.700699999999992,0.019399999999998644,-0.044599999999997746,0.012999999999998934,52.59628299999999,-1.608857,0.0,Vw15
60.912000000000006,-0.14709999999998155,0.28749999999998277,9.600900000000028,0.00030000000000140683,-0.012900000000000704,-0.0019999999999994102,52.59628299999999,-1.608857,0.0,Vw15
61.012,0.1126,0.045,9.9986,0.0201,-0.0228,0.0063,52.59628299999999,-1.608857,0.0,Vw15
61.112,-0.1495,-0.1612,9.8475,-0.0069,-0.0257,0.0156,52.59628299999999,-1.608857,0.0,Vw15
61.212,-0.2466,0.0481,9.7983,0.0012,0.0019,0.0,52.59628299999999,-1.608857,0.0,Vw15
61.312000000000005,0.0609999999999998,-0.11660000000000284,9.848899999999981,0.001499999999998134,0.005999999999999878,-0.004000000000001234,52.59628299999999,-1.608857,0.0,Vw15
61.412000000000006,0.058441584158417,-0.15575445544554195,9.579559405940582,-0.024000990099007514,0.004532673267327846,-0.021328712871287743,52.59628299999999,-1.608857,0.0,Vw15
61.512,0.0826,-0.1012,9.3455,0.0259,0.0278,-0.0342,52.59628299999999,-1.608857,0.0,Vw15
61.612,0.1506,0.3114,10.4827,-0.0052,0.0207,0.0192,52.59628299999999,-1.608857,0.0,Vw15
61.712,-0.3691,0.0148,9.9238,-0.0064,0.0081,0.0106,52.59628299999999,-1.608857,0.0,Vw15
61.812000000000005,-0.17209999999998096,-0.4080999999999365,9.858099999999997,-0.008700000000000244,0.0027000000000011342,0.0009999999999988516,52.59628299999999,-1.608857,0.0,Vw15
61.912000000000006,0.09534455445545532,0.4723059405940393,9.813861386138615,-0.012090099009900943,0.018115841584156578,-0.014753465346533474,52.59628299999999,-1.608857,0.0,Vw15
62.012,0.2998,0.0529,9.83,-0.0111,-0.0203,0.0099,52.59628299999999,-1.608857,0.0,Vw15
62.112,-0.2106,-0.1115,9.7369,0.0069999999999999,-0.0006,0.0121,52.59628299999999,-1.608857,0.0,Vw15
62.212,-0.0197,0.0823,9.9446,0.0097,-0.0079,-0.0097,52.59628299999999,-1.608857,0.0,Vw15
62.312000000000005,0.0827999999999881,-0.14289999999998784,9.744900000000012,-0.0034999999999993747,-0.030199999999995498,0.004499999999999069,52.59628299999999,-1.608857,0.0,Vw15
62.412000000000006,-0.084600000000003,0.028099999999969993,9.910799999999993,0.005299999999999773,0.03319999999999713,-0.008599999999998878,52.59628299999999,-1.608857,0.0,Vw15
62.512,-0.1269,-0.3942,9.8132,0.0021,-0.0072,0.0072,52.59628299999999,-1.608857,0.0,Vw15
62.612,-0.2731,-0.0538,9.8005,0.0104,0.0406,-0.0286,52.59628299999999,-1.608857,0.0,Vw15
62.712,0.2652435643564153,0.13456732673266833,9.89403564356435,0.0015237623762372591,0.04418415841584103,-0.006994059405941522,52.59628299999999,-1.608857,0.0,Vw15
62.812000000000005,-0.16039999999999277,0.03130000000000581,9.787600000000005,-0.006099999999999844,0.03259999999999973,-0.02639999999999899,52.59628299999999,-1.608857,0.0,Vw15
62.912000000000006,-0.05880000000001186,0.11299999999995484,9.873100000000003,-0.0039000000000001846,0.028899999999999537,-0.01219999999999873,52.59628299999999,-1.608857,0.0,Vw15
63.012,-0.2257,-0.5225,9.8898,-0.0065,0.0224,0.0057,52.59628299999999,-1.608857,0.0,Vw15
63.112,0.016,0.1461,9.7961,-0.0029,0.031,-0.0292,52.59628299999999,-1.608857,0.0,Vw15
63.212,-0.0403,-0.1962,9.8956,-0.0049,-0.0027,0.0039,52.59628299999999,-1.608857,0.0,Vw15
63.312000000000005,-0.17879999999997992,0.35099999999997866,9.831199999999994,-0.007999999999999268,0.032099999999994064,-0.0024999999999981027,52.59628299999999,-1.608857,0.0,Vw15
63.412000000000006,0.10349999999999247,0.05070000000001937,9.730100000000006,0.0023000000000008526,-0.05139999999999445,0.024199999999997824,52.59628299999999,-1.608857,0.0,Vw15
63.512,-0.0023,0.3233,9.8138,0.0143,0.0267,-0.0064,52.59628299999999,-1.608857,0.0,Vw15
63.612,-0.1732,0.0946,9.8459,0.0163,-0.0286,0.0139999999999999,52.59628299999999,-1.608857,0.0,Vw15
63.712,0.0959,-0.1554,9.8768,-0.0083,-0.0178,0.0128,52.59628299999999,-1.608857,0.0,Vw15
63.812000000000005,0.12375049504943536,-0.2519722772278456,9.33448910891098,-0.014561386138605067,-0.1012960396039685,0.013088118811894046,52.59628299999999,-1.608857,0.0,Vw15
63.912000000000006,-1.3311999999998247,-2.8191999999996478,11.203399999999851,0.16929999999998752,-0.2708999999999942,0.28189999999999377,52.59628299999999,-1.608857,0.0,Vw15
64.012,1.0861613861385004,2.0597742574256075,9.127030693069337,-0.00412277227722544,-0.19147128712871897,0.1941950495049457,52.59628299999999,-1.608857,0.0,Vw15
64.11200000000001,-1.2876999999997676,-0.7627999999997276,9.760099999999928,0.04359999999998812,-0.31859999999995864,0.09369999999999662,52.59628299999999,-1.608857,0.0,Vw15
64.212,0.3485,1.1546,9.2656,-0.04,-0.0276,0.0699,52.59628299999999,-1.608857,0.0,Vw15
64.312,-0.9351,-1.1491,10.0875,0.0279999999999999,-0.2101,0.072,52.59628299999999,-1.608857,0.0,Vw15
64.412,0.2659,0.3764,9.8853,-0.0248,0.0207,-0.0215,52.59628299999999,-1.608857,0.0,Vw15
64.512,-0.8459059405940054,-1.0512158415840858,10.077038613861369,0.015914851485146195,-0.09965742574256545,0.08356138613860602,52.59628299999999,-1.608857,0.0,Vw15
64.61200000000001,0.2834999999999932,0.4672000000000007,9.740900000000002,-0.03259999999999448,0.0845999999999829,-0.08029999999998323,52.59628299999999,-1.608857,0.0,Vw15
64.712,0.2357,0.4723,9.7473,0.0062,-0.0357,0.0377,52.59628299999999,-1.608857,0.0,Vw15
64.812,0.3353,0.5703,9.6836,-0.0128,0.0897,-0.0521,52.59628299999999,-1.608857,0.0,Vw15
64.912,-0.1859,-0.0394,9.7823,-0.0068,-0.0016,-0.0004,52.59628299999999,-1.608857,0.0,Vw15
65.012,-0.3557752475247423,-0.42605841584157106,9.996546534653461,-0.013120792079208021,0.07126435643564148,-0.032248514851484424,52.59628299999999,-1.608857,0.0,Vw15
65.11200000000001,-0.1433000000000082,-0.15189999999999843,9.9212,-0.015199999999999162,0.027700000000000568,-0.017100000000001364,52.59628299999999,-1.608857,0.0,Vw15
65.212,-0.201,-0.1407,9.9159,-0.0093,0.0317,-0.0267,52.59628299999999,-1.608857,0.0,Vw15
65.312,0.145,0.1989999999999999,9.7215,-0.0122,0.0276,-0.0197,52.59628299999999,-1.608857,0.0,Vw15
65.412,-0.1182,0.1841,9.8172,-0.0162,0.03,-0.018,52.59628299999999,-1.608857,0.0,Vw15
65.512,0.23904554455442792,0.07964752475246065,9.793330693069308,-0.009175247524751878,0.01230792079208068,-0.023228712871286788,52.59628299999999,-1.608857,0.0,Vw15
65.61200000000001,-0.33639999999994974,-0.2255999999999741,9.836399999999989,0.0032999999999995026,0.0430999999999975,-0.016099999999999687,52.59628299999999,-1.608857,0.0,Vw15
65.712,0.0171,-0.0433,9.7607,-0.0002,0.0255,-0.0139,52.59628299999999,-1.608857,0.0,Vw15
65.812,0.0397,-0.0442,9.8784,0.0043,0.0287,-0.0289999999999999,52.59628299999999,-1.608857,0.0,Vw15
65.912,0.0808,0.2969,9.8639,0.0049,0.0541,-0.012,52.59628299999999,-1.608857,0.0,Vw15
66.012,-0.1898,-0.3191,9.8008,0.0004,0.0067,-0.0124,52.59628299999999,-1.608857,0.0,Vw15
66.11200000000001,-0.09210000000003321,0.35449999999991,9.76130000000001,0.006899999999998536,0.05369999999998976,-0.03759999999999271,52.59628299999999,-1.608857,0.0,Vw15
66.212,-0.3258,-0.2788,9.8245,-0.0034,-0.0183,0.0137,52.59628299999999,-1.608857,0.0,Vw15
66.312,0.21196336633666607,0.27015742574259066,9.884995049504955,0.0016821782178228929,0.03890594059406595,-0.02239405940594442,52.59628299999999,-1.608857,0.0,Vw15
66.412,-0.1317,0.0959,9.8545,-0.0101,-0.0305,0.0182,52.59628299999999,-1.608857,0.0,Vw15
66.512,0.3625,0.3438,9.8663,0.0036,0.0198,0.0003,52.59628299999999,-1.608857,0.0,Vw15
66.61200000000001,-0.11560000000002846,0.11069999999992208,9.911199999999988,-0.0030999999999993034,-0.05939999999999352,0.024899999999998507,52.59628299999999,-1.608857,0.0,Vw15
66.712,-0.3159,-0.4376,9.8313,0.0018,-0.0138,0.0144,52.59628299999999,-1.608857,0.0,Vw15
66.812,-0.2238,-0.0181,9.8277,-0.0083,-0.0553,0.0295,52.59628299999999,-1.608857,0.0,Vw15
66.912,-0.2662,-0.4191,9.8604,-0.0012,-0.0421,0.0297,52.59628299999999,-1.608857,0.0,Vw15
67.012,0.11139702970295018,0.3148871287128387,9.860143564356436,-0.0001742574257429295,-0.010766336633665597,0.009952475247525482,52.59628299999999,-1.608857,0.0,Vw15
67.11200000000001,-0.30889999999993295,-0.36639999999990425,9.85449999999999,-0.0075999999999995455,-0.05739999999998872,0.025199999999995865,52.59628299999999,-1.608857,0.0,Vw15
67.212,0.1631,0.3075,9.7845,-0.0044,0.022,-0.0039,52.59628299999999,-1.608857,0.0,Vw15
67.312,-0.04447623762378805,0.13350396039602355,9.891543564356443,0.011847524752476685,-0.03348910891089873,0.009404950495053228,52.59628299999999,-1.608857,0.0,Vw15
67.412,0.2279,0.3039,9.8259,-0.0034,0.0476,-0.0301,52.59628299999999,-1.608857,0.0,Vw15
67.512,-0.17376534653465042,0.09236435643562282,9.843807920792083,0.005500990099008949,0.018461386138614633,0.0029970297029688476,52.59628299999999,-1.608857,0.0,Vw15
67.61200000000001,-0.11029999999998877,-0.34119999999992934,9.924599999999984,-0.014399999999995793,0.0346000000000024,-0.027299999999997757,52.59628299999999,-1.608857,0.0,Vw15
67.712,-0.0313,0.1562,9.8163,0.0152,0.0515,-0.0115,52.59628299999999,-1.608857,0.0,Vw15
67.812,-0.2475,-0.0367,9.8377,-0.0004,0.0153,-0.0209,52.59628299999999,-1.608857,0.0,Vw15
67.912,0.1552,0.21,9.8353,-0.0004,0.0478,-0.0186,52.59628299999999,-1.608857,0.0,Vw15
68.012,-0.1198,-0.2977,9.8617,-0.0175,-0.0069999999999999,0.0148,52.59628299999999,-1.608857,0.0,Vw15
68.11200000000001,-0.16380000000001033,0.0465999999999433,9.845,0.00959999999999963,0.028499999999993093,-0.024999999999994617,52.59628299999999,-1.608857,0.0,Vw15
68.212,-0.2364,-0.3524,9.844,0.0069999999999999,-0.0201,0.0129,52.59628299999999,-1.608857,0.0,Vw15
68.312,-0.0517,0.0704,9.8124,-0.0089,0.0042,-0.0041,52.59628299999999,-1.608857,0.0,Vw15
68.412,0.0703,0.3162,9.8646,-0.0053,-0.0421,0.0306,52.59628299999999,-1.608857,0.0,Vw15
68.512,-0.1657,0.4454,9.7422,-0.0031,-0.0247,-0.0008,52.59628299999999,-1.608857,0.0,Vw15
68.61200000000001,0.05076237623761354,0.3346108910890731,9.825118811881188,-0.00912574257425707,-0.04596039603960377,0.025578217821782077,52.59628299999999,-1.608857,0.0,Vw15
68.712,-0.163,-0.4143,9.847,-0.0017,-0.042,0.0234,52.59628299999999,-1.608857,0.0,Vw15
68.812,-0.0595,0.1846,9.8616,-0.0058,-0.024,0.0023,52.59628299999999,-1.608857,0.0,Vw15
68.912,-0.1768,-0.3858,9.9159,-0.0035,-0.0467,0.0431,52.59628299999999,-1.608857,0.0,Vw15
69.012,-0.1896,0.1539,9.7293,0.011,0.0048,-0.0036,52.59628299999999,-1.608857,0.0,Vw15
69.11200000000001,-0.2698999999999618,-0.36899999999992045,9.851099999999997,0.009599999999998209,-0.02979999999999173,0.016499999999995654,52.59628299999999,-1.608857,0.0,Vw15
69.212,-0.0013,0.1907,9.8227,-0.003,0.0284,-0.0141,52.59628299999999,-1.608857,0.0,Vw15
69.312,0.2334,0.1887,9.8464,0.004,0.0057,-0.0016,52.59628299999999,-1.608857,0.0,Vw15
69.412,-0.2334,0.1251,9.7646,-0.0104,0.0405,-0.0184,52.59628299999999,-1.608857,0.0,Vw15
69.512,0.0897,0.1996,9.8739,0.0044,0.0353,-0.0159,52.59628299999999,-1.608857,0.0,Vw15
69.61200000000001,-0.13296336633662104,-0.023780198019799016,9.848916831683171,-0.0008148514851490643,0.009251485148515098,-0.010607920792078767,52.59628299999999,-1.608857,0.0,Vw15
69.712,0.1307,0.0382,9.9106,-0.0123,0.0144,-0.0014,52.59628299999999,-1.608857,0.0,Vw15
69.812,-0.2988,-0.1444,9.8688,-0.0136,-0.0028,0.0071,52.59628299999999,-1.608857,0.0,Vw15
69.912,-0.0688,-0.0138,9.7873,0.0055,-0.0026,-0.0062,52.59628299999999,-1.608857,0.0,Vw15
70.012,-0.083,0.0258,9.9039,0.0008,-0.0212,0.0171,52.59628299999999,-1.608857,0.0,Vw15
70.11200000000001,-0.3536999999999296,-0.2553999999999477,9.723200000000032,-0.010900000000000057,-0.02209999999999942,0.014899999999999617,52.59628299999999,-1.608857,0.0,Vw15
70.212,0.1415,0.1124,9.9443,-0.0113,-0.018,0.0122,52.59628299999999,-1.608857,0.0,Vw15
70.312,-0.10627227722774472,-0.11870297029706078,9.85289108910891,-0.0033386138613876602,-0.045317821782184645,0.012928712871289686,52.59628299999999,-1.608857,0.0,Vw15
70.412,0.1265,0.211,9.852,0.0128,0.0229,-0.0142,52.59628299999999,-1.608857,0.0,Vw15
70.512,-0.04419799999998967,0.12392000000000337,9.891230999999998,0.004209999999999578,-0.0255389999999969,0.006986999999998533,52.59628299999999,-1.608857,0.0,Vw15
70.61200000000001,0.17146336633662249,0.19422277227722307,9.845268316831685,-0.004583168316831124,0.03971287128712782,-0.02382376237623678,52.59628299999999,-1.608857,0.0,Vw15
70.712,-0.0622,0.0965,9.8921,0.0071,0.021,-0.0062,52.59628299999999,-1.608857,0.0,Vw15
70.812,-0.1753,-0.2622,9.82,-0.0003,0.027,-0.0221,52.59628299999999,-1.608857,0.0,Vw15
70.912,-0.04046336633664019,0.19475544554454755,9.76233267326733,-0.0014821782178216969,0.03522079207920658,-0.012199999999999522,52.59628299999999,-1.608857,0.0,Vw15
71.012,-0.1768,0.0503,9.8456,0.0003,0.0073,-0.0022,52.59628299999999,-1.608857,0.0,Vw15
71.11200000000001,-0.17539405940593722,0.16251881188116524,9.723121782178223,-0.006708910891088673,0.0336326732673245,-0.01753861386138441,52.59628299999999,-1.608857,0.0,Vw15
71.212,-0.1048,-0.3156,9.8453,0.0024,-0.0131,0.0186,52.59628299999999,-1.608857,0.0,Vw15
71.312,-0.1316,0.1233,9.8199,0.0095,0.0057,-0.0187,52.59628299999999,-1.608857,0.0,Vw15
71.412,0.1055,0.1044,9.891,-0.0085,-0.0228,0.0167,52.59628299999999,-1.608857,0.0,Vw15
71.512,0.021,0.2752,9.8005,-0.0027,-0.0001,0.0062,52.59628299999999,-1.608857,0.0,Vw15
71.61200000000001,0.03149999999998782,0.10559999999994442,9.839500000000006,0.0035999999999993745,-0.029299999999999316,0.00980000000000061,52.59628299999999,-1.608857,0.0,Vw15
71.712,-0.0542,-0.2855,9.8916,-0.0008,-0.0245,0.0141,52.59628299999999,-1.608857,0.0,Vw15
71.812,-0.1514,0.1335,9.7776,0.0099,0.0063,-0.0048,52.59628299999999,-1.608857,0.0,Vw15
71.912,0.11731287128715404,0.11082673267326519,9.909679207920805,-0.007228712871288746,-0.025779207920795105,0.0076752475247536525,52.59628299999999,-1.608857,0.0,Vw15
72.012,0.1217,0.165,9.8261,-0.0064,0.0319,-0.0064,52.59628299999999,-1.608857,0.0,Vw15
72.11200000000001,-0.09259999999999892,0.1017999999999472,9.873099999999997,0.01199999999999804,0.010200000000002842,-0.008900000000001762,52.59628299999999,-1.608857,0.0,Vw15
72.212,-0.085,-0.2698,9.848,-0.0018,0.0302,-0.0213,52.59628299999999,-1.608857,0.0,Vw15
72.312,-0.1762,0.0871,9.8118,-0.0047,0.0396,-0.0094,52.59628299999999,-1.608857,0.0,Vw15
72.412,-0.1867,-0.2485,9.8338,0.0009,-0.0037,-0.0117,52.59628299999999,-1.608857,0.0,Vw15
72.512,0.0087,0.0882,9.8593,0.003,0.0322,-0.0223,52.59628299999999,-1.608857,0.0,Vw15
72.61200000000001,-0.1487999999999792,-0.27309999999994483,9.873299999999992,0.00539999999999757,-0.00459999999999821,0.013699999999996462,52.59628299999999,-1.608857,0.0,Vw15
72.712,-0.0025,0.1151,9.8144,-0.0117,0.008,-0.0112,52.59628299999999,-1.608857,0.0,Vw15
72.812,0.027914851485180428,0.20585742574260388,9.844762376237629,-0.006079207920792275,-0.022576237623763543,0.026809900990101745,52.59628299999999,-1.608857,0.0,Vw15
72.912,-0.3106,-0.1084,9.801,-0.004,-0.0102,-0.0022,52.59628299999999,-1.608857,0.0,Vw15
73.012,-0.0071,-0.1312,9.8842,0.0054,-0.0351,0.0169,52.59628299999999,-1.608857,0.0,Vw15
73.11200000000001,-0.3351259999999687,-0.11832399999998755,9.739834000000009,-0.0008420000000006862,-0.028027000000000614,0.013971999999999766,52.59628299999999,-1.608857,0.0,Vw15
73.212,0.2995584158415543,0.13445940594058334,9.939710891089103,-0.014733663366335838,-0.04055346534653443,0.011299009900990573,52.59628299999999,-1.608857,0.0,Vw15
73.312,-0.3246,-0.0896,9.7908,0.0019,-0.0359,0.0212,52.59628299999999,-1.608857,0.0,Vw15
73.412,0.19,0.2782,9.8855,0.0044,-0.0062,-0.0121,52.59628299999999,-1.608857,0.0,Vw15
73.512,-0.0391,-0.0091,9.8197,-0.0139999999999999,-0.0391,0.0307,52.59628299999999,-1.608857,0.0,Vw15
73.61200000000001,0.2871779999999815,0.32168199999997626,9.828548000000005,-0.006131999999999672,0.029839999999997296,-0.02329399999999852,52.59628299999999,-1.608857,0.0,Vw15
73.712,-0.09377821782179452,-0.16561683168317032,9.930891089108904,0.0005960396039603771,-0.024756435643560323,0.006674257425740918,52.59628299999999,-1.608857,0.0,Vw15
73.812,-0.3516,-0.2073,9.79,0.0002,0.0596,-0.0259,52.59628299999999,-1.608857,0.0,Vw15
73.912,-0.2984,-0.2271,9.7926,0.0001,0.0061,-0.0117,52.59628299999999,-1.608857,0.0,Vw15
74.012,-0.23258910891086904,-0.15423564356433794,9.858360396039602,-0.014039603960395273,0.05015544554455472,-0.019505940594059433,52.59628299999999,-1.608857,0.0,Vw15
74.11200000000001,0.2284999999999282,0.23219999999996077,9.804399999999992,0.0019999999999996162,0.055699999999995364,-0.020100000000000028,52.59628299999999,-1.608857,0.0,Vw15
74.212,-0.2768,-0.0437,9.7606,-0.0007,0.0231,-0.0203,52.59628299999999,-1.608857,0.0,Vw15
74.312,0.3551,0.2741,9.9288,0.0103,0.0601,-0.0232,52.59628299999999,-1.608857,0.0,Vw15
74.412,-0.0541,-0.1766,9.899,-0.0102,-0.0022,0.0015,52.59628299999999,-1.608857,0.0,Vw15
74.512,0.33155643564353304,0.3541217821781892,9.942774257425738,-0.0007792079207919797,0.030934653465343354,-0.01700099009900799,52.59628299999999,-1.608857,0.0,Vw15
74.61200000000001,-0.3227999999999747,-0.2437000000000003,9.810200000000018,0.0013000000000013073,-0.03559999999999298,0.02289999999999612,52.59628299999999,-1.608857,0.0,Vw15
74.712,-0.1452,-0.2458,9.9388,0.0105,0.0138,-0.0044,52.59628299999999,-1.608857,0.0,Vw15
74.812,0.1798,0.3075,9.86,0.0024,-0.0586,0.0214,52.59628299999999,-1.608857,0.0,Vw15
74.912,-0.2516851485148921,-0.4096287128713546,9.772772277227714,-0.010273267326733868,-0.028699009900987282,0.020409900990098918,52.59628299999999,-1.608857,0.0,Vw15
75.012,0.3375,0.2526,9.9517,-0.0201,-0.0397,0.0269,52.59628299999999,-1.608857,0.0,Vw15
75.11200000000001,-0.24099999999992253,-0.11529999999994014,9.750100000000018,0.010600000000000512,-0.05049999999999112,0.01139999999999784,52.59628299999999,-1.608857,0.0,Vw15
75.212,0.3041,0.3059,9.8714,0.0142,0.012,-0.0038,52.59628299999999,-1.608857,0.0,Vw15
75.312,-0.12928300000001985,-0.031129000000028804,9.860408000000007,-0.007180999999999241,-0.04349200000000664,0.028661000000004117,52.59628299999999,-1.608857,0.0,Vw15
75.412,0.07906435643563765,0.27026732673266063,9.793820792079217,-0.014906930693067906,0.026512871287128294,-0.014539603960394795,52.59628299999999,-1.608857,0.0,Vw15
75.512,-0.0445,0.0069999999999999,9.9859,0.0144,0.0178,0.0115,52.59628299999999,-1.608857,0.0,Vw15
75.61200000000001,-0.05190000000002327,-0.40469999999994066,9.800099999999995,0.007200000000000272,0.02090000000000043,-0.031299999999997746,52.59628299999999,-1.608857,0.0,Vw15
75.712,-0.21103921568626047,0.005822549019594212,9.766367647058834,0.0088745098039205,0.023846078431372295,-0.015439215686273747,52.59628299999999,-1.608857,0.0,Vw15
75.812,0.08503921568626047,-0.2819225490195942,9.983132352941167,-0.013674509803920501,0.018453921568627706,0.0006392156862737447,52.59628299999999,-1.608857,0.0,Vw15
75.912,0.1633,0.1692,9.8694,-0.0038,0.0159,-0.0139,52.59628299999999,-1.608857,0.0,Vw15
76.012,-0.1207,0.0138,9.8522,-0.0049,0.003,0.0024,52.59628299999999,-1.608857,0.0,Vw15
76.11200000000001,-0.12089999999997976,0.057000000000000765,9.800600000000008,0.0035000000000001007,0.01079999999999601,0.001199999999999885,52.59628299999999,-1.608857,0.0,Vw15
76.212,0.019565346534650908,0.06242673267326793,9.861934653465346,0.004061386138613198,-0.01680099009900895,0.000526732673267933,52.59628299999999,-1.608857,0.0,Vw15
76.312,-0.0339,0.0751,9.8554,-0.0098,0.0031,0.0132,52.59628299999999,-1.608857,0.0,Vw15
76.412,0.027848514851489686,0.12050297029701344,9.86419900990099,-0.009709900990098578,-0.010559405940594822,0.008129702970297172,52.59628299999999,-1.608857,0.0,Vw15
76.512,0.1227,-0.2192,9.8441,-0.0007,-0.0265,0.0111,52.59628299999999,-1.608857,0.0,Vw15
76.61200000000001,0.0007000000000107291,0.3022999999999199,9.843900000000007,-0.01029999999999902,0.02509999999999534,-0.00829999999999524,52.59628299999999,-1.608857,0.0,Vw15
76.712,0.0762,-0.2613,9.8946,-0.0034,-0.0077,0.0252,52.59628299999999,-1.608857,0.0,Vw15
76.81200000000001,-0.259499999999955,-0.12069999999996622,9.799500000000016,0.0014000000000013923,0.02349999999999219,-0.028099999999995393,52.59628299999999,-1.608857,0.0,Vw15
76.912,0.055703960396046796,0.11501089108911088,9.911196039603961,0.01095643564356367,-0.030025742574253243,0.0038148514851476293,52.59628299999999,-1.608857,0.0,Vw15
77.012,0.2061,0.1561,9.9008,-0.0034,0.0574,-0.0147,52.59628299999999,-1.608857,0.0,Vw15
77.11200000000001,0.03429999999993872,0.1258999999999417,9.817599999999997,-0.0027999999999980246,0.014900000000004547,-0.013500000000001492,52.59628299999999,-1.608857,0.0,Vw15
77.212,-0.3969,-0.2845,9.7984,0.0111,0.0469,-0.024,52.59628299999999,-1.608857,0.0,Vw15
77.31200000000001,0.05919999999994438,-0.012100000000041765,9.760400000000017,0.002899999999999687,0.04519999999999909,-0.024499999999999317,52.59628299999999,-1.608857,0.0,Vw15
77.412,-0.3322,-0.306,9.8704,0.0007,0.0388,-0.0197,52.59628299999999,-1.608857,0.0,Vw15
77.512,0.2137,0.1689,9.9123,0.0086,0.0583,-0.0315,52.59628299999999,-1.608857,0.0,Vw15
77.61200000000001,-0.4167514851484854,-0.24740099009897834,9.842499009900989,0.003556435643564148,0.0029881188118849587,0.005886138613859406,52.59628299999999,-1.608857,0.0,Vw15
77.712,0.1981,0.4125,9.8124,-0.0008,0.0818,-0.0355,52.59628299999999,-1.608857,0.0,Vw15
77.81200000000001,0.14062475247524048,0.02309207920791597,9.813727722772281,0.0007386138613863233,-0.04127722772276834,0.025486138613858927,52.59628299999999,-1.608857,0.0,Vw15
77.912,-0.0069,-0.0777,9.9065,0.0046,0.0409999999999999,-0.0259,52.59628299999999,-1.608857,0.0,Vw15
78.012,-0.3599159999999818,-0.41327999999998066,9.857920999999997,0.009263999999999363,-0.054012999999997716,0.02486299999999889,52.59628299999999,-1.608857,0.0,Vw15
78.11200000000001,0.026250495049512847,-0.0009772277227511192,9.820777227722774,-0.004192079207920754,-0.0063237623762401295,0.0017722772277245532,52.59628299999999,-1.608857,0.0,Vw15
78.212,0.1913,0.4413,9.8585,-0.0034,-0.0587,0.039,52.59628299999999,-1.608857,0.0,Vw15
78.31200000000001,0.38909900990097046,0.09634653465347658,9.961938613861378,-0.0007306930693065992,-0.0286762376237637,0.024564356435643874,52.59628299999999,-1.608857,0.0,Vw15
78.412,-0.021,0.331,9.7658,0.0062,-0.0563,0.031,52.59628299999999,-1.608857,0.0,Vw15
78.512,-0.2265479999999871,-0.4765019999999681,9.899875999999997,0.008798999999999058,-0.04867199999999893,0.029199999999999532,52.59628299999999,-1.608857,0.0,Vw15
78.61200000000001,0.04163465346532613,0.19066534653462555,9.828866336633666,-0.010955445544553764,-0.02631386138613964,0.019500990099010865,52.59628299999999,-1.608857,0.0,Vw15
78.712,-0.3849,-0.3928,9.8955,0.0035,-0.0477,0.0396,52.59628299999999,-1.608857,0.0,Vw15
78.81200000000001,0.07779999999991212,0.12129999999993599,9.775299999999998,0.012599999999996064,-0.003000000000005173,-0.014599999999992952,52.59628299999999,-1.608857,0.0,Vw15
78.912,-0.5406,-0.3292,9.7597,-0.0151,-0.0394,0.035,52.59628299999999,-1.608857,0.0,Vw15
79.012,0.4237,0.181,9.9545,-0.0098,0.0331,-0.0116,52.59628299999999,-1.608857,0.0,Vw15
79.11200000000001,-0.0015999999999866056,0.26582772277228073,9.832449504950498,0.0019188118811886872,-0.029949504950490504,0.0006633663366320529,52.59628299999999,-1.608857,0.0,Vw15
79.212,0.2784,0.3386,9.8674,0.0138,0.0651,-0.033,52.59628299999999,-1.608857,0.0,Vw15
79.31200000000001,0.008699999999949068,-0.0036000000000459293,9.805200000000012,-0.01309999999999814,0.006200000000007105,-0.006400000000003936,52.59628299999999,-1.608857,0.0,Vw15
79.412,-0.3497,-0.3268,9.8957,0.0,0.0562,-0.0341,52.59628299999999,-1.608857,0.0,Vw15
79.512,0.1179,0.3725,9.8381,0.0019,0.0457,-0.0119,52.59628299999999,-1.608857,0.0,Vw15
79.61200000000001,0.07027029702970283,-0.07777425742572226,9.907865346534651,0.00015742574257453213,0.04652970297029765,-0.031743564356435376,52.59628299999999,-1.608857,0.0,Vw15
79.712,0.0673,0.3448,9.8444,0.0059,0.0595,-0.0261,52.59628299999999,-1.608857,0.0,Vw15
79.81200000000001,-0.043799999999977066,-0.3056999999999228,9.913700000000004,-0.0026999999999997018,-0.0067999999999896685,0.002299999999996433,52.59628299999999,-1.608857,0.0,Vw15
79.912,0.1176,0.2375,9.9328,-0.0006,0.0659,-0.0228,52.59628299999999,-1.608857,0.0,Vw15
80.012,-0.22521881188117626,-0.36384059405939034,9.784556435643568,0.006682178217821218,-0.0112504950495028,0.005582178217820262,52.59628299999999,-1.608857,0.0,Vw15
80.11200000000001,0.022899999999951497,-0.037900000000042594,9.8302,-0.005100000000001365,0.03369999999999025,-0.026199999999992667,52.59628299999999,-1.608857,0.0,Vw15
80.212,-0.3184,-0.3376,9.8245,-0.0147,-0.0349,0.0254,52.59628299999999,-1.608857,0.0,Vw15
80.31200000000001,0.12929306930692253,0.03999108910892281,9.883917821782173,0.004121782178217927,-0.001795049504952385,-0.012375247524750443,52.59628299999999,-1.608857,0.0,Vw15
80.412,-0.0414,0.2891,9.7457,0.0063,-0.0413,0.0301,52.59628299999999,-1.608857,0.0,Vw15
80.512,0.1295,0.1559,9.8156,0.0005,-0.0236,0.0134,52.59628299999999,-1.608857,0.0,Vw15
80.61200000000001,0.11615346534651243,0.2549693069306661,9.924611881188115,-0.009693069306930181,-0.050231683168316506,0.018877227722772647,52.59628299999999,-1.608857,0.0,Vw15
80.712,-0.3485,-0.3081,9.8158,0.001,-0.0434,0.0266,52.59628299999999,-1.608857,0.0,Vw15
80.81200000000001,0.17020693069304207,0.40615445544550366,9.800129702970295,-0.005884158415841508,-0.03676138613861511,0.012082178217823132,52.59628299999999,-1.608857,0.0,Vw15
80.912,-0.3991,-0.4484,9.7831,-0.0043,-0.0629,0.0403,52.59628299999999,-1.608857,0.0,Vw15
81.012,0.16,0.0887,9.9651,-0.0076,-0.0104,-0.0031,52.59628299999999,-1.608857,0.0,Vw15
81.11200000000001,-0.2287999999999394,-0.39169999999989197,9.951399999999966,-0.013699999999998437,-0.04929999999998701,0.04039999999999261,52.59628299999999,-1.608857,0.0,Vw15
81.212,0.1975,0.3684,9.7098,-0.0027,0.0421,-0.0116,52.59628299999999,-1.608857,0.0,Vw15
81.31200000000001,-0.1321000000000121,-0.06490000000004054,9.95689999999997,0.02039999999999812,-0.009699999999989392,-0.005800000000002785,52.59628299999999,-1.608857,0.0,Vw15
81.412,-0.21731485148515242,-0.3439524752475087,9.761505940594063,0.007149504950494329,0.06384158415841412,-0.025069306930692443,52.59628299999999,-1.608857,0.0,Vw15
81.512,-0.2988,-0.0092,9.8021,-0.0079,0.0279999999999999,-0.012,52.59628299999999,-1.608857,0.0,Vw15
81.61200000000001,-0.004600000000009322,-0.34319999999991524,9.913799999999975,-0.01589999999999777,0.020500000000002475,-0.018399999999999417,52.59628299999999,-1.608857,0.0,Vw15
81.712,-0.0702,0.2534,9.7423,-0.0002,0.0379,-0.0143,52.59628299999999,-1.608857,0.0,Vw15
81.81200000000001,-0.04059603960395761,-0.19838217821786436,9.79853762376238,-1.9801980197833283e-06,0.008890099009898254,-0.0076663366336627405,52.59628299999999,-1.608857,0.0,Vw15
81.912,0.1231,0.0831,9.7987,-0.0072,0.0138,-0.0079,52.59628299999999,-1.608857,0.0,Vw15
82.012,-0.06601386138614299,0.11612475247523951,9.872824752475243,-0.0040346534653462225,-0.015396039603959898,0.006668316831682538,52.59628299999999,-1.608857,0.0,Vw15
82.11200000000001,-0.15739999999995252,-0.051400000000000126,9.78530000000002,0.0024999999999997585,-0.0049999999999990625,-0.006499999999999275,52.59628299999999,-1.608857,0.0,Vw15
82.212,0.1767,-0.0523,9.9332,0.0008,0.0016,-0.0014,52.59628299999999,-1.608857,0.0,Vw15
82.31200000000001,-0.26969999999997624,-0.11059999999996871,9.758200000000016,-0.022999999999997356,-0.007699999999998295,0.01649999999999764,52.59628299999999,-1.608857,0.0,Vw15
82.412,-0.1025,0.1096,9.8749,-0.0044,0.0043,-0.0001,52.59628299999999,-1.608857,0.0,Vw15
82.512,-0.0892,-0.193,9.856,-0.0058,-0.0329,0.0073,52.59628299999999,-1.608857,0.0,Vw15
82.61200000000001,0.056047999999989606,0.24208899999998643,9.932696999999989,-0.01119599999999998,0.0019289999999986909,-0.0004039999999990529,52.59628299999999,-1.608857,0.0,Vw15
82.712,-0.15518415841583288,-0.03607722772277169,9.687305940594072,-0.010785148514851415,-0.024610891089107526,0.018683168316830166,52.59628299999999,-1.608857,0.0,Vw15
82.81200000000001,0.026399999999944947,-0.023800000000030044,9.927899999999976,-0.00929999999999872,0.004299999999996461,-0.012999999999998024,52.59628299999999,-1.608857,0.0,Vw15
82.912,-0.361,-0.2352,9.7686,-0.0003,-0.0206,0.0009,52.59628299999999,-1.608857,0.0,Vw15
83.012,0.2278,0.2291,9.9946,-0.0245,0.0181,-0.0082,52.59628299999999,-1.608857,0.0,Vw15
83.11200000000001,0.11929999999999212,-0.015399999999942076,9.77950000000001,0.0009000000000004831,-0.01829999999999349,0.013199999999992724,52.59628299999999,-1.608857,0.0,Vw15
83.212,0.0638,0.3922,9.837,0.0043,0.0275,-0.038,52.59628299999999,-1.608857,0.0,Vw15
83.31200000000001,-0.04350000000001635,-0.18730000000001637,9.77110000000003,-0.012299999999999573,0.0025000000000074607,0.012799999999992739,52.59628299999999,-1.608857,0.0,Vw15
83.412,-0.1586,-0.3026,9.9777,-0.0093,0.055,-0.0383,52.59628299999999,-1.608857,0.0,Vw15
83.512,-0.0896,-0.2683,9.8742,-0.0034,0.0002,-0.0159,52.59628299999999,-1.608857,0.0,Vw15
83.61200000000001,-0.22689999999992363,-0.21139999999991504,9.830000000000013,0.002900000000000611,0.08229999999999285,-0.0292000000000001,52.59628299999999,-1.608857,0.0,Vw15
83.712,0.3105,0.3865,9.9178,0.0072,0.032,-0.0299,52.59628299999999,-1.608857,0.0,Vw15
83.81200000000001,0.03640000000001428,-0.09649999999993177,9.923999999999984,0.000599999999999397,0.04330000000000419,-0.03259999999999863,52.59628299999999,-1.608857,0.0,Vw15
83.912,0.13367599999998925,0.37143999999996397,9.815264000000003,-0.003562999999999821,0.07180199999999662,-0.023007999999999553,52.59628299999999,-1.608857,0.0,Vw15
84.012,-0.0854801980197971,-0.36073267326729624,9.86015643564356,0.0001336633663367947,0.003123762376239651,-0.014007920792079723,52.59628299999999,-1.608857,0.0,Vw15
84.11200000000001,0.016499999999970087,0.27599999999990954,9.755800000000015,0.003499999999999233,0.04549999999999212,-0.024799999999994302,52.59628299999999,-1.608857,0.0,Vw15
84.212,-0.1939999999999999,-0.3609,9.8565,-0.0019,-0.0099,0.0153,52.59628299999999,-1.608857,0.0,Vw15
84.31200000000001,0.058485148514848546,0.18840693069306885,9.837031683168318,0.0006742574257419728,0.015192079207918839,-0.02182079207920611,52.59628299999999,-1.608857,0.0,Vw15
84.412,-0.003,0.1791,9.8702,-0.0119,-0.0256,0.0161,52.59628299999999,-1.608857,0.0,Vw15
84.512,0.0814,0.2271,9.8184,0.0145,0.0046,0.0001,52.59628299999999,-1.608857,0.0,Vw15
84.61200000000001,-0.06949999999999339,0.06179999999994785,9.85850000000001,0.018599999999995606,-0.04339999999999645,0.01789999999999869,52.59628299999999,-1.608857,0.0,Vw15
84.712,-0.0229,-0.3052,9.9274,-0.0123,-0.0184,0.0087,52.59628299999999,-1.608857,0.0,Vw15
84.81200000000001,0.06669999999999345,0.015699999999978967,9.864100000000015,-0.006199999999998323,-0.0233000000000007,0.018199999999997656,52.59628299999999,-1.608857,0.0,Vw15
84.912,0.0206,-0.1323,9.9595,0.0056,-0.0282,0.0017,52.59628299999999,-1.608857,0.0,Vw15
85.012,-0.23648415841582046,0.14528712871286165,9.686292079207938,0.003969306930693879,0.02226039603960329,-0.01481683168316744,52.59628299999999,-1.608857,0.0,Vw15
85.11200000000001,0.20509999999996822,-0.05599999999998064,10.035499999999983,0.020899999999997157,0.008300000000000227,0.0034999999999973143,52.59628299999999,-1.608857,0.0,Vw15
85.212,-0.0185,0.0795,9.912,0.0009,0.0099,-0.0154,52.59628299999999,-1.608857,0.0,Vw15
85.31200000000001,-0.04950000000000019,-0.07359999999999207,9.859399999999996,-0.017499999999998083,0.017699999999996503,0.020399999999997018,52.59628299999999,-1.608857,0.0,Vw15
85.412,-0.0508,-0.0178,9.8203,-0.004,-0.0069,-0.0006,52.59628299999999,-1.608857,0.0,Vw15
85.512,0.1977,-0.035,9.9653,0.006,-0.0002,-0.0023,52.59628299999999,-1.608857,0.0,Vw15
85.61200000000001,-0.052400000000014796,0.02659999999997388,9.83469999999999,0.006499999999998152,-0.01750000000000003,0.016099999999997526,52.59628299999999,-1.608857,0.0,Vw15
85.712,-0.1565,-0.1572,9.7598,-0.0065,-0.0177,-0.0013,52.59628299999999,-1.608857,0.0,Vw15
85.81200000000001,0.2822287128712777,0.10272871287126956,9.980073267326725,-0.015031683168316027,-0.027036633663366033,0.023804950495048573,52.59628299999999,-1.608857,0.0,Vw15
85.912,0.0851,-0.2644,9.8274,0.0018,-0.0207,0.0043,52.59628299999999,-1.608857,0.0,Vw15
86.012,0.0754,0.2403,9.874,0.0083,-0.0127,-0.0101,52.59628299999999,-1.608857,0.0,Vw15
86.11200000000001,0.0034999999999669597,-0.25679999999998354,9.792600000000014,-0.011099999999996817,-0.016899999999994968,0.0020999999999992327,52.59628299999999,-1.608857,0.0,Vw15
86.212,-0.2289999999999999,-0.1412,9.8958,0.0113,0.0185,-0.0033,52.59628299999999,-1.608857,0.0,Vw15
86.31200000000001,0.02599999999995744,-0.25229999999996955,9.95879999999996,0.011799999999997042,-0.03149999999999612,0.0011000000000013206,52.59628299999999,-1.608857,0.0,Vw15
86.412,-0.26404299999996883,-0.03817599999999167,9.675983000000016,-0.008905000000000508,-0.00488300000000185,0.010442000000000687,52.59628299999999,-1.608857,0.0,Vw15
86.512,0.37054356435641334,0.13051881188117864,9.99984455445544,-0.01911485148514763,-0.04265346534653395,0.024334653465345746,52.59628299999999,-1.608857,0.0,Vw15
86.61200000000001,-0.09509999999998618,-0.06759999999998183,9.884299999999996,-0.0005999999999983657,-0.027999999999995737,0.007799999999999971,52.59628299999999,-1.608857,0.0,Vw15
86.712,0.0022,0.0602,9.8584,0.0109,0.0013,0.0076,52.59628299999999,-1.608857,0.0,Vw15
86.81200000000001,-0.06176336633663827,-0.23207623762374838,9.877277227722766,-0.0038297029702962153,-0.019321782178217447,0.010341584158415084,52.59628299999999,-1.608857,0.0,Vw15
86.912,-0.1581,0.0603,9.775,0.0132,-0.0115,-0.0055,52.59628299999999,-1.608857,0.0,Vw15
87.012,-0.053,0.0997,9.8499,0.0058,-0.004,0.0075,52.59628299999999,-1.608857,0.0,Vw15
87.11200000000001,-0.03889999999997167,0.09089999999998846,9.814600000000013,0.00860000000000064,0.0170000000000003,-0.015399999999999973,52.59628299999999,-1.608857,0.0,Vw15
87.212,0.1604,0.0097,9.9061,0.0131,0.0191,-0.0152,52.59628299999999,-1.608857,0.0,Vw15
87.31200000000001,-0.0692999999999734,-0.1089999999999718,9.85430000000001,-0.00010000000000260059,0.01160000000000007,-0.009199999999998721,52.59628299999999,-1.608857,0.0,Vw15
87.412,0.1179,0.0894,9.911,-0.0184,0.0121,-0.0002,52.59628299999999,-1.608857,0.0,Vw15
87.512,-0.1987,-0.1108,9.8081,-0.018,-0.0025,0.0133,52.59628299999999,-1.608857,0.0,Vw15
87.61200000000001,-0.06350000000000647,-0.13349999999998116,9.843700000000007,0.009299999999999487,0.015199999999992284,-0.0004000000000011511,52.59628299999999,-1.608857,0.0,Vw15
87.712,-0.109,-0.0009,9.8946,0.0057,-0.0391,-0.0085,52.59628299999999,-1.608857,0.0,Vw15
87.81200000000001,-0.14739999999996597,-0.14699999999996563,9.759500000000022,-0.011899999999998878,-0.006199999999998905,0.012799999999999007,52.59628299999999,-1.608857,0.0,Vw15
87.912,0.0921,0.0948,9.9221,-0.004,0.0015,0.0058,52.59628299999999,-1.608857,0.0,Vw15
88.012,0.0876,-0.2422,9.9139,0.0005,-0.0317,0.0085,52.59628299999999,-1.608857,0.0,Vw15
88.11200000000001,0.2046999999999504,0.08089999999999425,9.93109999999999,0.013399999999999858,0.037299999999994275,-0.008300000000000115,52.59628299999999,-1.608857,0.0,Vw15
88.212,-0.1443,0.0405,9.8557,0.0124,-0.003,-0.0091,52.59628299999999,-1.608857,0.0,Vw15
88.31200000000001,-0.040511881188119825,-0.28783069306929177,9.809896039603963,0.004201980198018855,0.021325742574258028,-0.015288118811880653,52.59628299999999,-1.608857,0.0,Vw15
88.412,-0.0617,0.0291,9.8695,-0.0156,0.0339,-0.0041,52.59628299999999,-1.608857,0.0,Vw15
88.512,-0.10261782178217782,-0.35278316831680767,9.844785148514848,8.712871287122556e-05,0.011059405940594822,-0.01599504950495047,52.59628299999999,-1.608857,0.0,Vw15
88.61200000000001,-0.09439999999996958,0.14889999999998235,9.793300000000004,-0.0011999999999993745,0.026999999999994473,-0.01549999999999862,52.59628299999999,-1.608857,0.0,Vw15
88.712,0.1197,0.0247,9.8216,0.0032,-0.0119,-0.0058,52.59628299999999,-1.608857,0.0,Vw15
88.81200000000001,-0.20162772277226107,0.1524386138613782,9.721183168316843,-0.010690099009901421,0.010297029702968847,0.0023871287128721824,52.59628299999999,-1.608857,0.0,Vw15
88.912,0.1356,-0.0137,9.9495,-0.0197,-0.02,0.0211,52.59628299999999,-1.608857,0.0,Vw15
89.012,-0.2213,-0.0088,9.7824,-0.0042,-0.0177,-0.0098,52.59628299999999,-1.608857,0.0,Vw15
89.11200000000001,0.0209999999999934,-0.042799999999985586,9.83410000000001,0.0035000000000032583,0.009499999999999297,0.004999999999997158,52.59628299999999,-1.608857,0.0,Vw15
89.212,-0.02563100000000296,0.055227999999988876,9.907122999999991,0.02604399999999927,0.004704000000000487,-0.014794999999999977,52.59628299999999,-1.608857,0.0,Vw15
89.31200000000001,-0.08863960396039862,-0.17733762376236542,9.751339603960398,0.010356435643563193,0.01508316831683208,-0.01411683168316744,52.59628299999999,-1.608857,0.0,Vw15
89.412,-0.1426,0.0489,9.7853,-0.0139999999999999,0.0234,0.0042,52.59628299999999,-1.608857,0.0,Vw15
89.512,0.0501,-0.2503,9.8669,-0.0103,-0.0064,-0.0065,52.59628299999999,-1.608857,0.0,Vw15
89.61200000000001,0.12169999999996406,0.004200000000001464,9.96359999999998,0.008200000000000228,-0.005899999999999247,0.0029999999999993604,52.59628299999999,-1.608857,0.0,Vw15
89.712,-0.1312,0.0145,9.8321,0.0098,-0.0006,-0.0015,52.59628299999999,-1.608857,0.0,Vw15
89.81200000000001,-0.08500000000000486,-0.16259999999998356,9.801800000000004,-0.006600000000002814,-0.02219999999999983,0.0071000000000024585,52.59628299999999,-1.608857,0.0,Vw15
89.912,-0.1192,-0.0469,9.8272,-0.0264,-0.021,0.0244,52.59628299999999,-1.608857,0.0,Vw15
90.012,-0.18158811881186535,-0.209522772277213,9.804654455445545,-0.003432673267326411,-0.024314851485148108,0.013115841584158013,52.59628299999999,-1.608857,0.0,Vw15
90.11200000000001,0.1495999999999324,0.09819999999995614,9.800099999999988,0.00329999999999865,-0.015800000000000456,0.004700000000001066,52.59628299999999,-1.608857,0.0,Vw15
90.212,-0.3261,-0.2104,9.713,-0.0062,-0.019,0.0122,52.59628299999999,-1.608857,0.0,Vw15
90.31200000000001,0.26269999999993676,0.17669999999998723,9.952699999999966,0.007099999999997485,0.03109999999999474,-0.010799999999997784,52.59628299999999,-1.608857,0.0,Vw15
90.412,-0.1821,0.0868,9.7212,-0.0106,-0.0059,0.0048,52.59628299999999,-1.608857,0.0,Vw15
90.512,-0.02624851485147667,0.17042871287128727,9.728694059405951,-0.013307920792077333,0.038001980198019335,-0.01519306930693066,52.59628299999999,-1.608857,0.0,Vw15
90.61200000000001,0.1488999999999577,0.17329999999992138,9.958099999999973,0.02589999999999676,0.028199999999998563,-0.014499999999999787,52.59628299999999,-1.608857,0.0,Vw15
90.712,-0.1488,-0.3801,9.773,0.0031,0.0181,-0.013,52.59628299999999,-1.608857,0.0,Vw15
90.81200000000001,0.03919999999999005,0.19339999999992763,9.831799999999992,-0.0053000000000011935,0.03839999999999372,-0.014299999999996831,52.59628299999999,-1.608857,0.0,Vw15
90.912,-0.0308,-0.3158,9.7871,-0.0137,-0.0058,0.008,52.59628299999999,-1.608857,0.0,Vw15
91.012,-0.1876,-0.0857,9.8661,0.0086,0.022,-0.0072,52.59628299999999,-1.608857,0.0,Vw15
91.11200000000001,0.08169999999995771,-0.2240999999999664,9.95599999999996,0.01709999999999608,-0.002300000000000732,0.004499999999999756,52.59628299999999,-1.608857,0.0,Vw15
91.212,-0.20748799999997464,0.01041800000000243,9.682741000000016,-0.010226000000000122,-0.007560000000000751,0.003029000000001074,52.59628299999999,-1.608857,0.0,Vw15
91.31200000000001,0.32349900990096714,0.0617168316831684,9.992046534653458,-0.012697029702969804,-0.023319801980197636,0.02548712871287027,52.59628299999999,-1.608857,0.0,Vw15
91.412,-0.1566,0.0634,9.8267,-0.0024,-0.0153,0.0042,52.59628299999999,-1.608857,0.0,Vw15
91.512,0.1163,0.0435,9.829,0.0081,-0.0128,-0.001,52.59628299999999,-1.608857,0.0,Vw15
91.61200000000001,-0.029299999999974933,-0.044899999999992855,9.908800000000008,-0.006799999999997669,-0.019199999999994086,0.01789999999999663,52.59628299999999,-1.608857,0.0,Vw15
91.712,0.1471,0.0054,9.971,0.0096,0.0224,-0.0058,52.59628299999999,-1.608857,0.0,Vw15
91.81200000000001,-0.010000000000016471,0.001599999999978755,9.81809999999999,-0.0038999999999995167,0.0012000000000045188,-0.003700000000000952,52.59628299999999,-1.608857,0.0,Vw15
91.912,-0.1259,-0.1479,9.759,-0.0005,0.033,-0.0104,52.59628299999999,-1.608857,0.0,Vw15
92.012,-0.23,-0.1223,9.8227,0.0114,0.0203,-0.0183,52.59628299999999,-1.608857,0.0,Vw15
92.11200000000001,-0.055799999999968354,-0.11849999999998068,9.850999999999992,-0.009799999999999389,0.014600000000003027,-0.010600000000000184,52.59628299999999,-1.608857,0.0,Vw15
92.212,0.1669,0.0174,9.785,-0.0055,0.0359,-0.0119,52.59628299999999,-1.608857,0.0,Vw15
92.31200000000001,-0.3233762376237388,-0.1210207920791932,9.699207920792084,-0.009225742574256592,-0.009769306930691966,-0.005292079207921232,52.59628299999999,-1.608857,0.0,Vw15
92.412,0.1689999999999999,0.1869,9.81,0.0082,0.0133,-0.0145,52.59628299999999,-1.608857,0.0,Vw15
92.512,0.08216039603958847,-0.08453465346535052,9.959565346534644,-0.002329702970296693,-0.0001841584158424651,0.0021306930693070773,52.59628299999999,-1.608857,0.0,Vw15
92.61200000000001,-0.24179999999993962,-0.167999999999997,9.766100000000018,0.004699999999999469,-0.01860000000000202,0.005200000000000072,52.59628299999999,-1.608857,0.0,Vw15
92.712,0.17349108910888547,-0.14682376237623632,9.88617920792079,0.0009099009900985789,-0.032575247524751876,0.005875247524753314,52.59628299999999,-1.608857,0.0,Vw15
92.81200000000001,-0.35739999999993183,-0.11919999999997234,9.844100000000005,-0.008099999999999488,-0.020099999999998907,0.02339999999999598,52.59628299999999,-1.608857,0.0,Vw15
92.912,0.1222,0.0754,9.8772,-0.0045,-0.0124,-0.0049,52.59628299999999,-1.608857,0.0,Vw15
93.012,-0.020501980198018854,-0.1813168316831488,9.804103960396047,-0.006863366336633488,-0.02436138613861272,0.015085148514850936,52.59628299999999,-1.608857,0.0,Vw15
93.11200000000001,-0.0006999999999862154,0.2269999999999616,9.96449999999997,-0.003200000000001137,-0.0005000000000019469,0.0036000000000014493,52.59628299999999,-1.608857,0.0,Vw15
93.212,0.0963,-0.0425,9.769,-0.0112,-0.0142,0.0138,52.59628299999999,-1.608857,0.0,Vw15
93.31200000000001,0.12249999999994932,0.2601999999999413,9.944499999999968,-0.007100000000000603,0.004099999999997947,-0.00539999999999611,52.59628299999999,-1.608857,0.0,Vw15
93.412,-0.22830594059404843,-0.14888019801980285,9.717923762376246,-0.01118415841584103,-0.009853465346532997,0.021237623762374026,52.59628299999999,-1.608857,0.0,Vw15
93.512,0.0011,-0.1669,9.9103,0.0004,0.0248,-0.025,52.59628299999999,-1.608857,0.0,Vw15
93.61200000000001,0.06830000000002927,0.42669999999996716,9.875700000000004,-0.00439999999999956,-0.021699999999989884,0.00689999999999585,52.59628299999999,-1.608857,0.0,Vw15
93.712,0.2743,0.1955,9.9059,-0.0013,0.0495,-0.0223,52.59628299999999,-1.608857,0.0,Vw15
93.81200000000001,-0.04493069306932765,-0.03360198019802603,9.890368316831674,0.0007871287128717039,-0.017799009900986745,-0.0039574257425754895,52.59628299999999,-1.608857,0.0,Vw15
93.912,-0.478,-0.1638,9.6972,0.0095,0.0523,-0.0297,52.59628299999999,-1.608857,0.0,Vw15
94.012,0.0497,-0.125,9.9055,-0.0023,0.034,-0.0179,52.59628299999999,-1.608857,0.0,Vw15
94.11200000000001,-0.33684851485145617,-0.16335544554453843,9.758911881188128,-0.008308910891087717,0.040446534653465566,-0.018349504950495765,52.59628299999999,-1.608857,0.0,Vw15
94.212,0.2683,0.1711,9.9601,0.0208,0.0451,-0.0333,52.59628299999999,-1.608857,0.0,Vw15
94.31200000000001,-0.2706339999999755,-0.18462999999997215,9.809587000000002,0.001107000000000034,0.009566000000003218,-0.0050340000000011305,52.59628299999999,-1.608857,0.0,Vw15
94.412,0.22997128712870843,0.3813326732673015,9.838784158415844,0.0017425742574254679,0.07440990099009379,-0.027858415841582523,52.59628299999999,-1.608857,0.0,Vw15
94.512,0.1371,-0.1454,9.9172,-0.004,-0.0346,0.0063,52.59628299999999,-1.608857,0.0,Vw15
94.61200000000001,0.22209999999996316,0.428799999999893,9.82000000000001,0.005799999999998991,0.04039999999998634,-0.018099999999994305,52.59628299999999,-1.608857,0.0,Vw15
94.712,-0.037,-0.3243,9.8794,-0.0013,-0.0557,0.022,52.59628299999999,-1.608857,0.0,Vw15
94.81200000000001,-0.24799999999999509,-0.29300000000001053,9.889699999999987,0.006399999999997698,0.0012999999999916297,-0.0014999999999938752,52.59628299999999,-1.608857,0.0,Vw15
94.912,-0.2134,-0.3671,9.798,-0.0098,-0.0576,0.0416,52.59628299999999,-1.608857,0.0,Vw15
95.012,-0.3347,-0.2009,9.9108,0.0131,-0.0268,0.0209,52.59628299999999,-1.608857,0.0,Vw15
95.11200000000001,0.3271999999999312,0.40549999999995673,9.84299999999999,-0.002599999999999803,-0.05659999999999859,0.017100000000002506,52.59628299999999,-1.608857,0.0,Vw15
95.212,-0.15685940594063974,0.10084653465343663,9.76943564356435,-0.001213861386138483,-0.04669900990098917,0.03472376237623928,52.59628299999999,-1.608857,0.0,Vw15
95.31200000000001,0.3585693069306652,0.24740594059403456,9.969587128712861,-0.004540594059406135,-0.04305247524752596,0.012577227722773124,52.59628299999999,-1.608857,0.0,Vw15
95.412,-0.2245,-0.272,9.7883,-0.0086,-0.0683,0.0303,52.59628299999999,-1.608857,0.0,Vw15
95.512,0.2824772277227454,0.3006346534653175,9.869657425742574,0.006088118811881132,0.022294059405937695,-0.007726732673266019,52.59628299999999,-1.608857,0.0,Vw15
95.61200000000001,-0.2797999999999869,-0.3058999999999931,9.865399999999983,0.00490000000000043,-0.038299999999987684,0.01959999999999192,52.59628299999999,-1.608857,0.0,Vw15
95.712,-0.1906069306930789,-0.25858811881188354,9.7507693069307,0.00776336633663301,0.047235643564355174,-0.036243564356433465,52.59628299999999,-1.608857,0.0,Vw15
95.81200000000001,-0.3913000000000015,-0.307399999999992,9.857700000000003,-0.0059000000000001,0.02080000000000223,0.009399999999994359,52.59628299999999,-1.608857,0.0,Vw15
95.912,-0.4018,-0.2512,9.8772,-0.0066,0.0365,-0.0303,52.59628299999999,-1.608857,0.0,Vw15
96.012,-0.0185,-0.1475,9.9334,-0.0032,0.0226,-0.0218,52.59628299999999,-1.608857,0.0,Vw15
96.11200000000001,-0.09709999999998192,-0.21049999999993915,9.912799999999976,-0.00020000000000061107,0.03689999999999805,-0.011400000000001052,52.59628299999999,-1.608857,0.0,Vw15
96.212,0.0301,0.2177,9.7414,-0.0045,0.0232,-0.0188,52.59628299999999,-1.608857,0.0,Vw15
96.31200000000001,-0.04730000000000761,-0.19169999999994908,9.919999999999975,-0.006999999999999857,0.019100000000000315,0.0004999999999994976,52.59628299999999,-1.608857,0.0,Vw15
96.412,-0.09860297029702159,0.16084752475246447,9.749407920792084,-0.006569306930692445,0.020960396039602334,-0.003062376237624061,52.59628299999999,-1.608857,0.0,Vw15
96.512,0.0711,-0.0644,9.8502,0.0065,-0.013,-0.0093,52.59628299999999,-1.608857,0.0,Vw15
96.61200000000001,-0.08489999999997123,-0.0020000000000129033,9.755100000000038,-0.007899999999996476,0.0132,-0.0023000000000020036,52.59628299999999,-1.608857,0.0,Vw15
96.712,0.1175,-0.0928,10.0115,0.0169,0.0132,-0.0164,52.59628299999999,-1.608857,0.0,Vw15
96.81200000000001,-0.12529999999997654,0.18889999999996898,9.762000000000013,-0.016999999999997514,-0.007699999999993364,-0.0014000000000000284,52.59628299999999,-1.608857,0.0,Vw15
96.912,0.0397,-0.0294,9.8434,0.0005,0.039,-0.0016,52.59628299999999,-1.608857,0.0,Vw15
97.012,-0.1298,-0.0506,9.849,0.0086,0.0303,-0.0198,52.59628299999999,-1.608857,0.0,Vw15
97.11200000000001,-0.22789999999995916,-0.17109999999995645,9.802800000000007,-0.0026999999999994316,0.017100000000004008,0.0035999999999962624,52.59628299999999,-1.608857,0.0,Vw15
97.212,0.0594,0.1354,9.8561,0.0013,0.0453,-0.0227,52.59628299999999,-1.608857,0.0,Vw15
97.31200000000001,-0.06379999999998069,-0.13889999999995342,9.868899999999995,0.009499999999997143,-0.010299999999995464,-0.0037000000000000574,52.59628299999999,-1.608857,0.0,Vw15
97.412,0.06889009900989233,0.18427920792078623,9.832090099009902,-0.01029801980197971,0.020857425742572138,-0.004007920792078768,52.59628299999999,-1.608857,0.0,Vw15
97.512,-0.1121,0.0622,9.8311,-0.0001,-0.0234,0.0052,52.59628299999999,-1.608857,0.0,Vw15
97.61200000000001,0.19939999999996347,0.22179999999998534,9.867499999999994,-0.0047000000000014495,-0.0039000000000047035,0.0014000000000037374,52.59628299999999,-1.608857,0.0,Vw15
97.712,-0.0577,0.1186,9.8262,-0.0149,-0.037,0.0277,52.59628299999999,-1.608857,0.0,Vw15
97.81200000000001,-0.04209999999999801,-0.3934999999999274,9.877699999999994,0.004299999999999801,-0.010100000000002373,0.014600000000000384,52.59628299999999,-1.608857,0.0,Vw15
97.912,-0.0281,0.1174,9.8306,0.0029,-0.0268,0.0173,52.59628299999999,-1.608857,0.0,Vw15
98.012,-0.0743,-0.2782,9.799,-0.0062,-0.0288,0.0092,52.59628299999999,-1.608857,0.0,Vw15
98.11200000000001,-0.07949999999999285,-0.0032000000000315908,9.861199999999995,0.006199999999999403,0.01749999999999588,-0.010399999999998891,52.59628299999999,-1.608857,0.0,Vw15
98.212,-0.0292,-0.2255,9.8272,0.002,-0.0115,-0.0026,52.59628299999999,-1.608857,0.0,Vw15
98.31200000000001,-0.17539999999993744,0.04660000000001009,9.769000000000029,0.004600000000000859,0.04039999999999762,-0.01879999999999937,52.59628299999999,-1.608857,0.0,Vw15
98.412,0.2648970297030118,0.11759009900990769,9.97028712871289,0.010639603960396609,0.02366732673267169,-0.014344554455445125,52.59628299999999,-1.608857,0.0,Vw15
98.512,-0.1552,0.0484,9.7988,-0.0046,0.0198,-0.0163,52.59628299999999,-1.608857,0.0,Vw15
98.61200000000001,0.1841999999999502,0.1731999999999704,9.941799999999978,0.003200000000000412,0.04699999999999096,-0.009899999999998835,52.59628299999999,-1.608857,0.0,Vw15
98.712,-0.1661,-0.0351,9.7815,0.0061,-0.0166,-0.0017,52.59628299999999,-1.608857,0.0,Vw15
98.81200000000001,-0.1664999999999851,0.029299999999940273,9.833000000000007,0.002699999999999119,0.033399999999993886,-0.00679999999999693,52.59628299999999,-1.608857,0.0,Vw15
98.912,-0.0616,-0.391,9.8831,-0.0035,-0.0096,0.0148,52.59628299999999,-1.608857,0.0,Vw15
99.012,-0.1121,0.2122,9.7893,-0.0027,-0.0015,-0.0123,52.59628299999999,-1.608857,0.0,Vw15
99.11200000000001,0.3057999999999371,0.18659999999999113,9.885399999999983,-0.011799999999997868,-0.03190000000000016,0.03399999999999661,52.59628299999999,-1.608857,0.0,Vw15
99.212,-0.1368,0.1242,9.7546,0.0032,-0.033,0.0101,52.59628299999999,-1.608857,0.0,Vw15
99.31200000000001,0.20549999999994262,0.29179999999992356,9.883599999999994,0.0035999999999977686,-0.043499999999998575,0.006900000000001847,52.59628299999999,-1.608857,0.0,Vw15
99.412,-0.1982,-0.2459,9.8402,-0.0121,-0.0335,0.0199,52.59628299999999,-1.608857,0.0,Vw15
99.512,-0.038,0.0911,9.8485,0.0008,-0.0048,-0.0012,52.59628299999999,-1.608857,0.0,Vw15
99.61200000000001,-0.15399999999995806,0.019200000000011395,9.8594,0.00350000000000089,-0.028499999999992077,0.008099999999998334,52.59628299999999,-1.608857,0.0,Vw15
99.712,0.1355574257425621,0.09866435643564386,9.859225742574258,0.009709900990099057,0.026502970297028763,-0.0035920792079212325,52.59628299999999,-1.608857,0.0,Vw15
99.81200000000001,-0.11869999999999503,0.10509999999995195,9.871799999999999,0.010699999999997515,0.006800000000004435,-0.012800000000000703,52.59628299999999,-1.608857,0.0,Vw15
99.912,-0.08148599999998736,-0.22639899999998453,9.857986999999996,-0.006472999999999386,0.037123999999997215,-0.01754899999999927,52.59628299999999,-1.608857,0.0,Vw15
100.012,0.1727683168316615,0.08910891089108246,9.806546534653462,0.0058861386138603635,-0.01985841584158396,-0.0023544554455433796,52.59628299999999,-1.608857,0.0,Vw15
100.11200000000001,-0.28039999999991316,-0.04999999999997589,9.741200000000028,-0.015499999999998322,-0.01569999999999838,0.02219999999999689,52.59628299999999,-1.608857,0.0,Vw15
100.212,0.3305,0.1197,9.9401,-0.0037,-0.0043,0.0003,52.59628299999999,-1.608857,0.0,Vw15
100.31200000000001,-0.09779999999994377,0.04320000000001562,9.880300000000004,-0.0005999999999994599,-0.03209999999998877,-2.3021584638625282e-15,52.59628299999999,-1.608857,0.0,Vw15
100.412,0.2979,0.1531,9.9094,0.0032,0.0469,-0.0162,52.59628299999999,-1.608857,0.0,Vw15
100.512,-0.1869,0.0529,9.8014,-0.0002,-0.0018,-0.0011,52.59628299999999,-1.608857,0.0,Vw15
100.61200000000001,-0.0927999999999956,-0.3536999999999475,9.883699999999996,-0.011699999999998309,0.04100000000000058,-0.02369999999999791,52.59628299999999,-1.608857,0.0,Vw15
100.712,-0.0618,0.0158,9.8625,0.0002,0.0458,-0.009,52.59628299999999,-1.608857,0.0,Vw15
100.81200000000001,-0.11619999999997646,-0.3288999999999173,9.813500000000001,-7.389644451904411e-16,0.018500000000001817,-0.013500000000001278,52.59628299999999,-1.608857,0.0,Vw15
100.912,0.0494,0.2532,9.8247,-0.0052,0.0313,-0.0225,52.59628299999999,-1.608857,0.0,Vw15
101.012,-0.1102,-0.0768,9.9232,-0.009,0.012,0.003,52.59628299999999,-1.608857,0.0,Vw15
101.11200000000001,0.0596999999999817,0.1573999999999747,9.804700000000013,-0.0006000000000011652,0.013299999999996575,-0.014399999999997243,52.59628299999999,-1.608857,0.0,Vw15
101.212,-0.0691,-0.0207,9.8898,-0.0088,-0.0108,0.005,52.59628299999999,-1.608857,0.0,Vw15
101.31200000000001,0.028499999999987466,-0.18899999999996372,9.869100000000001,-0.0074999999999990335,-0.002000000000000952,0.006199999999999105,52.59628299999999,-1.608857,0.0,Vw15
101.412,-0.0597,0.0655,9.8832,-0.0007,-0.0087,-0.0001,52.59628299999999,-1.608857,0.0,Vw15
101.512,0.0178,-0.2423,9.8016,-0.0113,-0.0088,0.0138,52.59628299999999,-1.608857,0.0,Vw15
101.61200000000001,-0.1455999999999716,0.019199999999965862,9.828300000000002,0.004199999999999403,0.010099999999996091,-0.006499999999999715,52.59628299999999,-1.608857,0.0,Vw15
101.712,0.0543,-0.221,9.8355,0.0,-0.0174,-0.0045,52.59628299999999,-1.608857,0.0,Vw15
101.81200000000001,-0.15299999999995936,-0.0160999999999783,9.799600000000009,-0.005499999999998493,0.042699999999995214,-0.0023000000000007533,52.59628299999999,-1.608857,0.0,Vw15
101.912,0.133,0.1366,9.862,0.0051,0.009,-0.0076,52.59628299999999,-1.608857,0.0,Vw15
102.012,-0.2702,-0.0051,9.7692,-0.0103,0.0138,0.0013,52.59628299999999,-1.608857,0.0,Vw15
102.11200000000001,0.17769999999996833,0.19809999999995584,9.887399999999994,0.0005000000000000426,0.0457999999999919,-0.0221999999999972,52.59628299999999,-1.608857,0.0,Vw15
102.212,-0.0452,-0.1126,9.8522,0.0008,-0.0112,-0.0025,52.59628299999999,-1.608857,0.0,Vw15
102.31200000000001,0.2365702970296837,0.18970396039602766,9.86080297029703,-0.005046534653465091,0.02084554455445375,-0.014072277227721683,52.59628299999999,-1.608857,0.0,Vw15
102.412,-0.1664,-0.0599,9.8511,0.0003,-0.0146,0.0087,52.59628299999999,-1.608857,0.0,Vw15
102.512,-0.0497,-0.2224,9.8779,0.0058,-0.0087,-0.0101,52.59628299999999,-1.608857,0.0,Vw15
102.61200000000001,-0.17469999999999436,-0.028600000000022163,9.8084,-0.016599999999998206,-0.03199999999999756,0.013500000000000272,52.59628299999999,-1.608857,0.0,Vw15
102.712,-0.13043960396037185,-0.18021782178216492,9.813373267326737,-0.004134653465346701,-0.015108910891089629,0.01525841584158348,52.59628299999999,-1.608857,0.0,Vw15
102.81200000000001,0.37559999999991045,0.09799999999996231,9.90069999999999,-0.007599999999999512,-0.026000000000000443,0.0011000000000043638,52.59628299999999,-1.608857,0.0,Vw15
102.912,-0.24331188118809588,-0.16148217821780686,9.824571287128714,-0.004126732673266976,-0.02869207920791884,0.031082178217819785,52.59628299999999,-1.608857,0.0,Vw15
103.012,0.2355,0.1503,9.8717,0.0032,0.0121,-0.0107,52.59628299999999,-1.608857,0.0,Vw15
103.11200000000001,-0.1023000000000122,-0.08690000000001281,9.89599999999999,0.0174999999999974,-0.01779999999999265,0.006199999999995879,52.59628299999999,-1.608857,0.0,Vw15
103.212,-0.1881,-0.177,9.816,-0.0008,0.0339,-0.0228,52.59628299999999,-1.608857,0.0,Vw15
103.31200000000001,-0.17781683168316503,-0.025649504950501504,9.878194059405935,0.0024069306930683833,0.009721782178219361,0.0047316831683160265,52.59628299999999,-1.608857,0.0,Vw15
103.412,-0.1095,-0.1606,9.7576,-0.0169,0.0419,-0.0121,52.59628299999999,-1.608857,0.0,Vw15
103.512,0.098,0.1166,9.8726,0.0014,0.0414,-0.0068,52.59628299999999,-1.608857,0.0,Vw15
103.61200000000001,-0.11594199999998137,-0.1917369999999847,9.790470000000006,0.00013099999999966662,-0.010026999999998681,0.004725999999999159,52.59628299999999,-1.608857,0.0,Vw15
103.712,0.26279299999998496,0.11947499999999096,9.915609999999997,-0.006701000000000005,0.016623999999998237,-0.01224599999999881,52.59628299999999,-1.608857,0.0,Vw15
103.81200000000001,-0.05643663366337464,-0.07161287128713116,9.856646534653464,-0.006707920792078767,-0.020414851485147628,0.012744554455444802,52.59628299999999,-1.608857,0.0,Vw15
103.912,-0.2301,-0.1229,9.8013,0.0025,-0.0019,-0.0028,52.59628299999999,-1.608857,0.0,Vw15
104.012,-0.0747,-0.1039,9.8489,-0.0066,-0.0289,0.0207,52.59628299999999,-1.608857,0.0,Vw15
104.11200000000001,-0.2972999999999166,-0.14629999999996532,9.761400000000018,-0.009699999999999554,-0.018500000000001234,0.019199999999997802,52.59628299999999,-1.608857,0.0,Vw15
104.212,0.2802722772277049,0.09311980198018711,9.883048514851485,-0.006530693069306599,-0.02710693069306934,0.004074257425743408,52.59628299999999,-1.608857,0.0,Vw15
104.31200000000001,-0.09249999999994928,-0.13489999999996813,9.867899999999995,0.0004000000000024585,-0.02779999999999366,0.02149999999999606,52.59628299999999,-1.608857,0.0,Vw15
104.412,0.2644,0.0893,9.8326,0.0177,0.0168,-0.0062,52.59628299999999,-1.608857,0.0,Vw15
104.512,-0.0207,0.0842,9.8747,0.0038,-0.037,0.0006,52.59628299999999,-1.608857,0.0,Vw15
104.61200000000001,0.20049999999996806,0.2278999999999692,9.860599999999994,-0.01869999999999615,0.06329999999999085,-0.004500000000001179,52.59628299999999,-1.608857,0.0,Vw15
104.712,-0.0243,0.0113,9.8211,0.0084,-0.0011,-0.0128,52.59628299999999,-1.608857,0.0,Vw15
104.81200000000001,0.02769999999997334,-0.32139999999994207,9.8488,-0.007999999999999218,0.018900000000003126,-0.014799999999998394,52.59628299999999,-1.608857,0.0,Vw15
104.912,-0.1599,0.0863,9.8532,-0.0025,0.0409,-0.0035,52.59628299999999,-1.608857,0.0,Vw15
105.012,0.1063,-0.3171,9.8964,0.0008,-0.0084,-0.0145,52.59628299999999,-1.608857,0.0,Vw15
105.11200000000001,-0.21909999999998128,0.05319999999995529,9.76910000000001,-0.009699999999999901,0.016799999999995024,-0.0052999999999980675,52.59628299999999,-1.608857,0.0,Vw15
105.212,-0.0874,-0.2614,9.8457,-0.009,-0.0182,0.0083,52.59628299999999,-1.608857,0.0,Vw15
105.31200000000001,-0.05409999999996114,0.038500000000011296,9.779300000000017,0.006699999999998025,0.0018999999999970442,-0.00949999999999487,52.59628299999999,-1.608857,0.0,Vw15
105.412,0.2194,0.118,9.9052,-0.0072,-0.0189,0.0266,52.59628299999999,-1.608857,0.0,Vw15
105.512,-0.15911399999998366,0.04910900000000239,9.783956000000002,-0.005551999999999775,-0.008583999999999923,0.010912000000000057,52.59628299999999,-1.608857,0.0,Vw15
105.61200000000001,0.18457920792078528,0.09652277227721348,9.81003564356436,-0.0008643564356438723,-0.007064356435643774,0.01210198019801981,52.59628299999999,-1.608857,0.0,Vw15
105.712,0.0425,-0.2012,9.8836,-0.0073,-0.0135,0.0123,52.59628299999999,-1.608857,0.0,Vw15
105.81200000000001,-0.20519999999996477,0.025199999999964258,9.77940000000001,0.007999999999999483,0.016699999999996197,-0.011199999999998751,52.59628299999999,-1.608857,0.0,Vw15
105.912,0.03832699999999143,-0.2214839999999888,9.835853999999996,0.0043159999999995945,-0.009387999999998009,-0.0026520000000007345,52.59628299999999,-1.608857,0.0,Vw15
106.012,-0.1338653465346375,0.008729702970301477,9.783205940594067,-0.00385643564356367,0.031296039603959894,-0.01761683168316792,52.59628299999999,-1.608857,0.0,Vw15
106.11200000000001,0.19959999999994288,0.10169999999998812,9.923799999999977,0.010499999999997315,0.020899999999999672,-0.009300000000000468,52.59628299999999,-1.608857,0.0,Vw15
106.212,-0.2023,0.0181,9.7636,-0.0084,0.0186,-0.0126,52.59628299999999,-1.608857,0.0,Vw15
106.31200000000001,0.18609999999997295,0.14869999999995037,9.919599999999994,0.0037999999999994744,0.043299999999991796,-0.013999999999999402,52.59628299999999,-1.608857,0.0,Vw15
106.412,-0.0041,-0.2006,9.8666,0.0001,-0.0144,-0.0105,52.59628299999999,-1.608857,0.0,Vw15
106.512,0.1742386138613777,0.20956336633661196,9.84810396039604,0.004538613861385845,0.019832673267324973,-0.012371287128711777,52.59628299999999,-1.608857,0.0,Vw15
106.61200000000001,-0.001900000000016513,-0.2440999999999859,9.868499999999997,-0.0015999999999993606,-0.016899999999998676,0.010499999999996875,52.59628299999999,-1.608857,0.0,Vw15
106.712,-0.1181,-0.1449,9.8599,0.0029,-0.0076,-0.0115,52.59628299999999,-1.608857,0.0,Vw15
106.81200000000001,-0.008400000000026699,-0.2009999999999855,9.817000000000004,-0.017299999999996984,-0.005400000000000086,0.023199999999998965,52.59628299999999,-1.608857,0.0,Vw15
106.912,-0.18942599999997595,-0.09778099999998976,9.837256000000004,0.0036109999999995703,-0.006402000000001943,0.015845999999999257,52.59628299999999,-1.608857,0.0,Vw15
107.012,0.29782673267324256,0.11103861386138145,9.891114851485144,-0.005121782178217447,-0.04593069306930564,0.0009188118811896439,52.59628299999999,-1.608857,0.0,Vw15
107.11200000000001,-0.21949999999991923,0.014900000000016655,9.772600000000027,0.002699999999999162,-0.01900000000000189,0.03279999999999419,52.59628299999999,-1.608857,0.0,Vw15
107.212,0.3489,0.1321,9.9599,-0.0032,-0.0323,-0.0081,52.59628299999999,-1.608857,0.0,Vw15
107.31200000000001,-0.1467999999999529,-0.1838999999999415,9.869099999999998,0.00040000000000034105,-0.043599999999991944,0.030799999999994856,52.59628299999999,-1.608857,0.0,Vw15
107.412,0.1847,0.2279,9.8578,0.0028,0.0131,-0.0054,52.59628299999999,-1.608857,0.0,Vw15
107.512,-0.1297,-0.2325,9.8507,0.0022,-0.0147,0.015,52.59628299999999,-1.608857,0.0,Vw15
107.61200000000001,-0.01699999999996367,0.0505000000000167,9.845700000000008,-0.004599999999999627,0.036899999999988234,-0.02489999999999499,52.59628299999999,-1.608857,0.0,Vw15
107.712,0.23241188118810116,0.1661613861386108,9.892147524752469,-0.0020118811881188687,-0.044992079207920276,0.010188118811882087,52.59628299999999,-1.608857,0.0,Vw15
107.81200000000001,-0.1363999999999291,0.10230000000000239,9.766900000000032,-0.0032000000000002443,-0.03419999999999918,0.028999999999995967,52.59628299999999,-1.608857,0.0,Vw15
107.912,0.35226199999997515,0.11402099999997643,9.987079999999995,-0.0048819999999999125,-0.028741000000001165,0.0018290000000011067,52.59628299999999,-1.608857,0.0,Vw15
108.012,-0.15510399999999394,-0.3633739999999736,9.865070999999995,-0.002985999999999465,-0.05208999999999761,0.024363999999999362,52.59628299999999,-1.608857,0.0,Vw15
108.11200000000001,-0.0277158415841628,0.18859405940591664,9.74423762376238,0.008332673267326889,-0.0018683168316844519,0.010849504950494807,52.59628299999999,-1.608857,0.0,Vw15
108.212,-0.1193,-0.312,9.828,0.0116,-0.0287,0.0058,52.59628299999999,-1.608857,0.0,Vw15
108.31200000000001,-0.0495999999999588,0.09079999999999072,9.76840000000002,-0.004799999999999403,0.024499999999998977,-0.005499999999999332,52.59628299999999,-1.608857,0.0,Vw15
108.412,0.2403,0.0255,9.9037,-0.0006,0.0173,-0.0008,52.59628299999999,-1.608857,0.0,Vw15
108.512,-0.0745,0.0489,9.7608,0.0013,0.0092,-0.0217,52.59628299999999,-1.608857,0.0,Vw15
108.61200000000001,0.22929999999993708,0.03299999999998093,9.926299999999987,-0.002299999999998708,0.01640000000000016,-0.015099999999998278,52.59628299999999,-1.608857,0.0,Vw15
108.712,-0.20657326732672104,-0.09854158415840934,9.833971287128712,0.006610891089108485,0.017409900990098582,-0.0031554455445547205,52.59628299999999,-1.608857,0.0,Vw15
108.81200000000001,0.03609999999998411,0.03729999999999797,9.791100000000021,-0.002300000000002117,0.008399999999996816,-0.008699999999998266,52.59628299999999,-1.608857,0.0,Vw15
108.912,-0.0757,0.023,9.9435,-0.0172,-0.0139999999999999,0.0035,52.59628299999999,-1.608857,0.0,Vw15
109.012,-0.0126,-0.1911,9.8236,-0.0053,-0.002,0.0134,52.59628299999999,-1.608857,0.0,Vw15
109.11200000000001,0.0035999999999875797,0.10989999999994768,9.924399999999988,0.007699999999997385,-0.007500000000001151,-0.015199999999994203,52.59628299999999,-1.608857,0.0,Vw15
109.212,-0.0838,-0.2583,9.8362,-0.0107,-0.0156,0.0256,52.59628299999999,-1.608857,0.0,Vw15
109.31200000000001,-0.20919999999997058,-0.0466000000000393,9.804400000000017,0.007999999999998054,0.026599999999995638,-0.015899999999996348,52.59628299999999,-1.608857,0.0,Vw15
109.412,-0.0022,-0.3231,9.924,-0.0057,-0.0041,0.0098,52.59628299999999,-1.608857,0.0,Vw15
109.512,-0.1373,-0.0351,9.7779,-0.0091,0.0302,-0.005,52.59628299999999,-1.608857,0.0,Vw15
109.61200000000001,0.2924999999999226,0.1383999999999705,9.86299999999999,0.003899999999999282,0.02549999999999918,-0.015699999999997112,52.59628299999999,-1.608857,0.0,Vw15
109.712,-0.2437603960395899,-0.06480198019800833,9.806850495049504,-0.001143564356435852,0.01983069306930708,0.004047524752473562,52.59628299999999,-1.608857,0.0,Vw15
109.81200000000001,0.05019999999997539,0.17499999999996396,9.821900000000008,-0.005499999999999758,0.022899999999997058,-0.031199999999995523,52.59628299999999,-1.608857,0.0,Vw15
109.912,-0.123,-0.0786,9.8796,-0.0038,0.0022,0.0003,52.59628299999999,-1.608857,0.0,Vw15
110.012,-0.2318,-0.0397,9.7847,-0.0057,0.0195,-0.0051,52.59628299999999,-1.608857,0.0,Vw15
110.11200000000001,-0.0922000000000015,-0.19059999999998475,9.806699999999996,-0.009199999999998237,-0.03779999999999596,0.006100000000000114,52.59628299999999,-1.608857,0.0,Vw15
110.212,-0.1027,-0.0833,9.7801,0.0032,-0.0094,0.0069,52.59628299999999,-1.608857,0.0,Vw15
110.31200000000001,0.35079999999992983,0.05189999999998816,9.943299999999986,-0.014699999999997057,-0.0344999999999987,0.012300000000000904,52.59628299999999,-1.608857,0.0,Vw15
110.412,-0.13482178217820165,-0.02947821782177681,9.844565346534653,0.0058,-0.025327722772276882,0.018334653465345265,52.59628299999999,-1.608857,0.0,Vw15
110.512,0.203,0.0827,9.8111,0.0058,-0.0181,-0.0082,52.59628299999999,-1.608857,0.0,Vw15
110.61200000000001,-0.04929999999995795,-0.06639999999997476,9.930699999999998,-0.0006999999999985363,-0.012299999999996874,0.02209999999999487,52.59628299999999,-1.608857,0.0,Vw15
110.712,0.2466,0.1112,9.9196,0.0096,0.0097,-0.0139999999999999,52.59628299999999,-1.608857,0.0,Vw15
110.81200000000001,-0.020300990099018996,-0.1594544554455429,9.926111881188111,0.007161386138613677,-0.01798514851484854,0.0036970297029693257,52.59628299999999,-1.608857,0.0,Vw15
110.912,-0.2104,-0.1249,9.7873,0.0033,0.0435,-0.0166,52.59628299999999,-1.608857,0.0,Vw15
111.012,-0.11382800000000623,-0.16429499999999717,9.794027000000002,0.016317999999999146,0.00217100000000127,-0.006855000000000727,52.59628299999999,-1.608857,0.0,Vw15
111.11200000000001,-0.24091980198017707,-0.10243861386137676,9.826651485148515,-0.0017009900990099056,0.029098019801980568,-0.022010891089108007,52.59628299999999,-1.608857,0.0,Vw15
111.212,0.1971,0.0937,9.8518,-0.0018,0.0389,-0.0031,52.59628299999999,-1.608857,0.0,Vw15
111.31200000000001,-0.26689999999991404,-0.08419999999997219,9.756300000000023,-0.008999999999998294,-0.003499999999994614,-0.009400000000002346,52.59628299999999,-1.608857,0.0,Vw15
111.412,0.3382,0.1115,9.9133,0.003,0.0344,-0.0259,52.59628299999999,-1.608857,0.0,Vw15
111.512,-0.0297,0.0495,9.8736,-0.0068,-0.0032,0.0126,52.59628299999999,-1.608857,0.0,Vw15
111.61200000000001,0.31709999999993144,0.2053999999999674,9.920299999999983,-0.004899999999999588,0.009899999999994018,-0.010299999999995566,52.59628299999999,-1.608857,0.0,Vw15
111.712,-0.1652,-0.0241,9.8026,-0.002,-0.0322,0.0209,52.59628299999999,-1.608857,0.0,Vw15
111.81200000000001,-0.24210099009898742,-0.05184950495048237,9.842635643564357,0.0008,-0.003490099009903813,0.014980198019801884,52.59628299999999,-1.608857,0.0,Vw15
111.912,0.2278,0.2132,9.8662,0.0008,-0.0625,0.013,52.59628299999999,-1.608857,0.0,Vw15
112.012,-0.056358415841570586,-0.4039287128712576,9.863328712871288,-0.002764356435643394,-0.02378712871287314,0.020128712871286786,52.59628299999999,-1.608857,0.0,Vw15
112.11200000000001,0.029999999999986343,0.09279999999993523,9.877199999999997,-0.0010000000000003268,-0.027600000000004163,0.010600000000000427,52.59628299999999,-1.608857,0.0,Vw15
112.212,-0.0661,-0.363,9.8492,-0.0033,-0.0569,0.0136,52.59628299999999,-1.608857,0.0,Vw15
112.31200000000001,-0.1260000000000013,0.03559999999994233,9.780100000000017,0.0012999999999995168,0.028599999999992624,-0.008499999999995594,52.59628299999999,-1.608857,0.0,Vw15
112.412,-0.1351,-0.3702,9.909,-0.0021,-0.0233,0.0225,52.59628299999999,-1.608857,0.0,Vw15
112.512,-0.1659,0.1008,9.7609,-0.0055,0.0242,-0.0131,52.59628299999999,-1.608857,0.0,Vw15
112.61200000000001,0.22129999999996175,0.11059999999999467,9.879899999999987,0.0053999999999989915,0.019100000000000467,0.003599999999996476,52.59628299999999,-1.608857,0.0,Vw15
112.712,-0.0479,0.0731,9.7966,-0.0017,0.0224,-0.0212,52.59628299999999,-1.608857,0.0,Vw15
112.81200000000001,0.11409999999999179,-0.06508200000000475,9.905436,-0.0006979999999999903,0.016219999999999613,-0.013327999999999653,52.59628299999999,-1.608857,0.0,Vw15
112.912,-0.05473960396039862,-0.1616257425742542,9.897729702970292,-0.0004267326732669762,0.008169306930692444,-0.0061762376237622625,52.59628299999999,-1.608857,0.0,Vw15
113.012,-0.1087,-0.0942,9.7607,0.0069,-0.0049,-0.0038,52.59628299999999,-1.608857,0.0,Vw15
113.11200000000001,-0.21339999999998635,-0.1350999999999962,9.845099999999999,-0.00899999999999828,-0.008699999999998763,0.01339999999999882,52.59628299999999,-1.608857,0.0,Vw15
113.212,-0.1173,-0.1083,9.8382,0.0031,0.0,0.0051,52.59628299999999,-1.608857,0.0,Vw15
113.31200000000001,0.044899999999973,0.023599999999985816,9.826799999999995,0.011499999999995578,-0.008700000000000301,-0.0012999999999984784,52.59628299999999,-1.608857,0.0,Vw15
113.412,-0.14122079207919844,-0.07390495049504331,9.792307920792085,-0.01901782178217687,-0.010599009900989139,0.009108910891088194,52.59628299999999,-1.608857,0.0,Vw15
113.512,0.0567,0.0556,9.9131,0.0092,0.0095,-0.01,52.59628299999999,-1.608857,0.0,Vw15
113.61200000000001,-0.08121299999998943,0.1457789999999975,9.865515,0.00043299999999967627,0.0037810000000018406,-0.006837000000000178,52.59628299999999,-1.608857,0.0,Vw15
113.712,0.13278316831681963,0.09264059405939849,9.847294059405941,-0.006106930693068862,0.04132079207920707,-0.010556435643564626,52.59628299999999,-1.608857,0.0,Vw15
113.81200000000001,-0.11890000000001459,-0.06330000000001552,9.856699999999991,0.0031999999999978543,0.023399999999998027,-0.016199999999998434,52.59628299999999,-1.608857,0.0,Vw15
113.912,-0.2215,-0.1726,9.792,-0.0119,0.0095,-0.0052,52.59628299999999,-1.608857,0.0,Vw15
114.012,0.1356,0.0707,9.8463,-0.0025,0.0321,-0.01,52.59628299999999,-1.608857,0.0,Vw15
114.11200000000001,-0.20719999999995184,-0.13689999999997204,9.817200000000005,0.006699999999998224,0.0017000000000009805,-0.006800000000000796,52.59628299999999,-1.608857,0.0,Vw15
114.212,0.1317,0.0598,9.8593,-0.0058,0.0086,-0.0124,52.59628299999999,-1.608857,0.0,Vw15
114.31200000000001,-0.01259999999996328,0.1067999999999935,9.929200000000003,-0.008699999999998423,-0.013199999999998565,0.016199999999997838,52.59628299999999,-1.608857,0.0,Vw15
114.412,0.2458,0.061,9.9515,0.0024,-0.0031,0.001,52.59628299999999,-1.608857,0.0,Vw15
114.512,-0.1018,0.1639,9.804,-0.0029,-0.0316,0.0096,52.59628299999999,-1.608857,0.0,Vw15
114.61200000000001,-0.236812871287113,-0.19022574257424177,9.8134396039604,0.0003673267326735894,-0.0029138613861401153,0.022691089108909893,52.59628299999999,-1.608857,0.0,Vw15
114.712,0.0919,0.1372,9.9174,0.0071,-0.0343,0.0018,52.59628299999999,-1.608857,0.0,Vw15
114.81200000000001,-0.19349999999994627,-0.1812999999999538,9.828200000000006,-0.01689999999999661,-0.022499999999996904,0.026699999999996202,52.59628299999999,-1.608857,0.0,Vw15
114.912,0.18471782178221385,0.14374950495052566,9.868001980198024,0.006961386138616112,-0.0007178217821761645,-3.267326732925638e-05,52.59628299999999,-1.608857,0.0,Vw15
115.012,-0.0377,-0.2157,9.8904,0.0045,-0.0273,0.0028,52.59628299999999,-1.608857,0.0,Vw15
115.11200000000001,-0.011699999999985292,0.11239999999999929,9.851999999999993,0.0017999999999999856,0.04539999999999211,-0.01099999999999862,52.59628299999999,-1.608857,0.0,Vw15
115.212,0.0918,0.1074,9.7984,0.0017,-0.0101,-0.0013,52.59628299999999,-1.608857,0.0,Vw15
115.31200000000001,-0.1183999999999732,0.10370000000000902,9.75350000000003,-0.011999999999996803,0.030500000000000995,-0.011099999999999617,52.59628299999999,-1.608857,0.0,Vw15
115.412,0.0703,0.1672,9.9519,0.0105,0.0375,-0.0084,52.59628299999999,-1.608857,0.0,Vw15
115.512,-0.1258,-0.2383,9.799,0.0074,-0.0004,-0.0142,52.59628299999999,-1.608857,0.0,Vw15
115.61200000000001,-0.2729999999999975,-0.012300000000033225,9.807899999999997,-0.0061000000000001565,0.03159999999999523,-0.017399999999995353,52.59628299999999,-1.608857,0.0,Vw15
115.712,-0.2553,-0.2461,9.7808,-0.0072,-0.002,0.0153,52.59628299999999,-1.608857,0.0,Vw15
115.81200000000001,-0.19835247524751928,-0.28178217821782264,9.80191881188119,0.000621782178217926,0.03723960396039336,-0.02375742574257262,52.59628299999999,-1.608857,0.0,Vw15
115.912,-0.0836,-0.3,9.8438,0.0028,-0.0188,0.0105,52.59628299999999,-1.608857,0.0,Vw15
116.012,-0.1321,0.0038,9.8015,-0.0103,0.0054,0.0051,52.59628299999999,-1.608857,0.0,Vw15
116.11200000000001,0.1465999999999656,0.13319999999998608,9.867499999999989,-0.003999999999999134,-0.028599999999997912,0.009600000000000254,52.59628299999999,-1.608857,0.0,Vw15
116.212,-0.0955,0.0351,9.7918,0.0021,-0.0139,0.0114,52.59628299999999,-1.608857,0.0,Vw15
116.31200000000001,0.2522999999999495,0.09059999999995717,9.91539999999999,-0.0008000000000011085,-0.023000000000002414,-0.0035999999999970296,52.59628299999999,-1.608857,0.0,Vw15
116.412,-0.1031,-0.2108,9.8429,-0.0086,-0.04,0.0173,52.59628299999999,-1.608857,0.0,Vw15
116.512,0.1663,0.165,9.9183,0.0072,0.0274,-0.0054,52.59628299999999,-1.608857,0.0,Vw15
116.61200000000001,-0.22489999999999918,-0.1853999999999939,9.852499999999992,-0.0034000000000000566,-0.030899999999990765,0.011199999999996874,52.59628299999999,-1.608857,0.0,Vw15
116.712,-0.2192,-0.1425,9.8087,-0.0038,0.0341,-0.0108,52.59628299999999,-1.608857,0.0,Vw15
116.81200000000001,-0.2825999999999642,-0.20589999999997718,9.864199999999988,0.004499999999998579,0.00860000000000226,-0.008400000000000667,52.59628299999999,-1.608857,0.0,Vw15
116.912,-0.0305,-0.0453,9.7732,-0.0055,0.0245,-0.0131,52.59628299999999,-1.608857,0.0,Vw15
117.012,0.28287899999997596,0.0652409999999908,9.882012,0.0015479999999997562,0.027831999999999114,-0.020306999999999097,52.59628299999999,-1.608857,0.0,Vw15
117.11200000000001,-0.2227841584158353,-0.12654158415840552,9.89184455445544,-0.003509900990098579,0.011284158415841987,-0.001453465346535866,52.59628299999999,-1.608857,0.0,Vw15
117.212,-0.0912,0.0893,9.7663,0.0055,0.0197,-0.0268,52.59628299999999,-1.608857,0.0,Vw15
117.31200000000001,-0.12496237623762693,-0.28634356435647107,9.861250495049514,-0.004599009900991052,-0.020399009900993876,0.012605940594063125,52.59628299999999,-1.608857,0.0,Vw15
117.412,-0.172,0.0451,9.7768,-0.0029,0.0271,0.0057,52.59628299999999,-1.608857,0.0,Vw15
117.512,0.1929,0.1223,9.8808,-0.0051,-0.0361,0.008,52.59628299999999,-1.608857,0.0,Vw15
117.61200000000001,-0.10139999999997946,-0.21119999999997138,9.843200000000008,-0.009599999999997142,-0.007300000000000625,0.009599999999999232,52.59628299999999,-1.608857,0.0,Vw15
117.712,0.0431,-0.0098,9.9074,0.0105,-0.0117,0.0042,52.59628299999999,-1.608857,0.0,Vw15
117.81200000000001,-0.01680000000001057,-0.2417999999999457,9.87619999999998,-0.0017999999999995736,-0.0243999999999922,-0.0038999999999980955,52.59628299999999,-1.608857,0.0,Vw15
117.912,-0.0912,0.1402,9.7236,0.0012,0.0305,0.0095,52.59628299999999,-1.608857,0.0,Vw15
118.012,0.1765,0.0683,9.9654,0.0119,-0.0044,-0.0134,52.59628299999999,-1.608857,0.0,Vw15
118.11200000000001,-0.08230000000001435,0.07730000000000688,9.827699999999991,0.0008999999999995169,0.006700000000003638,-0.009099999999999431,52.59628299999999,-1.608857,0.0,Vw15
118.212,-0.1833,0.1257,9.77,-0.0025,0.0323,-0.0051,52.59628299999999,-1.608857,0.0,Vw15
118.31200000000001,0.04819999999997515,-0.1682999999999726,9.915299999999984,-0.005499999999999713,-0.00129999999999733,-0.013099999999999268,52.59628299999999,-1.608857,0.0,Vw15
118.412,-0.12305346534652582,0.02005346534652295,9.810398019801983,-0.003475247524752357,0.017122772277226875,-0.007908910891088673,52.59628299999999,-1.608857,0.0,Vw15
118.512,0.0616,-0.2246,9.8602,-0.001,-0.0006,0.0012,52.59628299999999,-1.608857,0.0,Vw15
118.61200000000001,-0.14299999999996277,0.09719999999998898,9.77890000000002,0.002099999999997982,0.002399999999996703,-0.0004999999999980247,52.59628299999999,-1.608857,0.0,Vw15
118.712,0.119,0.0197,9.9192,-0.0121,-0.0208,0.0134,52.59628299999999,-1.608857,0.0,Vw15
118.81200000000001,-0.15779999999996006,0.02860000000002291,9.800700000000006,-0.006500000000000028,-0.013200000000001976,0.01739999999999892,52.59628299999999,-1.608857,0.0,Vw15
118.912,0.1232,0.1898,9.8422,-0.0067,-0.0271,0.0098,52.59628299999999,-1.608857,0.0,Vw15
119.012,-0.12707899999998348,-0.13138899999999198,9.893437,-0.0006539999999993154,-0.012721999999998696,0.010469999999998921,52.59628299999999,-1.608857,0.0,Vw15
119.11200000000001,0.21830990099008374,0.036965346534648516,9.896704950495048,0.013642574257424989,0.014346534653463179,-0.012166336633662726,52.59628299999999,-1.608857,0.0,Vw15
119.212,-0.1007,-0.0665,9.8572,-0.0021,-0.031,0.0012,52.59628299999999,-1.608857,0.0,Vw15
119.31200000000001,-0.21687199999999404,-0.1594580000000017,9.770743000000005,0.0015850000000004107,0.03959499999999853,-0.014530999999999667,52.59628299999999,-1.608857,0.0,Vw15
119.412,-0.09757623762377327,-0.1938445544554405,9.863330693069305,0.009961386138613677,0.00952772277227784,-0.00782277227722831,52.59628299999999,-1.608857,0.0,Vw15
119.512,-0.3252,-0.0883,9.7864,0.0061,0.0223,-0.0201,52.59628299999999,-1.608857,0.0,Vw15
119.61200000000001,0.2142999999999466,0.17169999999995555,9.886299999999988,-0.005399999999999659,0.042199999999994485,-0.012699999999999288,52.59628299999999,-1.608857,0.0,Vw15
119.712,-0.1614,-0.1409,9.7945,-0.003,0.0034,-0.0077,52.59628299999999,-1.608857,0.0,Vw15
119.81200000000001,0.23255148514849594,0.158197029702965,9.917336633663362,-0.001652475247524525,0.031076237623761306,-0.016377227722770733,52.59628299999999,-1.608857,0.0,Vw15
119.912,-0.1623,0.0479,9.821,0.0031,0.0087,0.0159,52.59628299999999,-1.608857,0.0,Vw15
120.012,0.2193,0.1431,9.8092,0.0028,0.0134,-0.0167,52.59628299999999,-1.608857,0.0,Vw15
120.11200000000001,-0.1026999999999966,-0.001000000000039222,9.876399999999993,-0.007499999999999459,-0.015799999999998753,0.024499999999997486,52.59628299999999,-1.608857,0.0,Vw15
120.212,-0.0788,-0.2769999999999999,9.8271,-0.0037,-0.0069999999999999,0.0068,52.59628299999999,-1.608857,0.0,Vw15
120.31200000000001,-0.16269999999997578,-0.04340000000002105,9.78680000000001,0.004599999999998792,-0.030199999999996875,0.010999999999999217,52.59628299999999,-1.608857,0.0,Vw15
120.412,0.0079,-0.1915,9.8647,-0.0039,-0.0082,0.0055,52.59628299999999,-1.608857,0.0,Vw15
120.512,-0.1236,0.1175,9.7586,0.0171,-0.0063,-0.0008,52.59628299999999,-1.608857,0.0,Vw15
120.61200000000001,0.04229999999996539,-0.16349999999996545,9.83879999999999,0.0008999999999980105,0.00010000000000407852,0.0026999999999988205,52.59628299999999,-1.608857,0.0,Vw15
120.712,-0.2012,0.0796,9.7643,-0.0131,0.0288,-0.0056,52.59628299999999,-1.608857,0.0,Vw15
120.81200000000001,0.18729999999994504,0.012099999999998067,9.900599999999983,0.013799999999997755,0.013299999999999701,-0.012099999999999403,52.59628299999999,-1.608857,0.0,Vw15
120.912,-0.1995,-0.0015,9.7783,-0.002,0.0112,-0.0079,52.59628299999999,-1.608857,0.0,Vw15
121.012,0.0974,0.0966,9.8678,-0.0007,0.0338,-0.006,52.59628299999999,-1.608857,0.0,Vw15
121.11200000000001,-0.04109999999997223,-0.09209999999996944,9.883000000000003,-0.00439999999999956,-0.013599999999996419,-0.0028000000000004406,52.59628299999999,-1.608857,0.0,Vw15
121.212,0.1543,0.1229,9.9041,-0.0013,0.0116,-0.0059,52.59628299999999,-1.608857,0.0,Vw15
121.31200000000001,0.05049999999995645,-0.11950000000000238,9.851599999999989,-0.0035999999999991473,-0.010200000000001635,0.013199999999998423,52.59628299999999,-1.608857,0.0,Vw15
121.412,-0.256,-0.1363,9.7722,0.0024,-0.0217,0.0021,52.59628299999999,-1.608857,0.0,Vw15
121.512,-0.034,-0.1904,9.8344,-0.0108,-0.0204,0.0231,52.59628299999999,-1.608857,0.0,Vw15
121.61200000000001,-0.2823999999999244,-0.17409999999995812,9.8428,0.002200000000000597,-0.022700000000001865,0.0186999999999972,52.59628299999999,-1.608857,0.0,Vw15
121.712,0.2496,0.1206,9.8471,0.0064,-0.0358,-0.001,52.59628299999999,-1.608857,0.0,Vw15
121.81200000000001,-0.2586999999999226,-0.14739999999994954,9.797900000000018,0.003999999999999873,-0.04519999999999225,0.028399999999995623,52.59628299999999,-1.608857,0.0,Vw15
121.912,0.2858,0.2076,9.9266,0.0031,0.0093,-0.0024,52.59628299999999,-1.608857,0.0,Vw15
122.012,-0.1725,0.0701,9.8275,-0.0086,-0.0555,0.0171,52.59628299999999,-1.608857,0.0,Vw15
122.11200000000001,0.24929702970294731,0.2216683168316744,9.889907920792076,-0.0009663366336632053,0.056036633663363165,-0.005596039603960377,52.59628299999999,-1.608857,0.0,Vw15
122.212,-0.231,0.0385,9.8107,0.0024,-0.0103,-0.0052,52.59628299999999,-1.608857,0.0,Vw15
122.31200000000001,-0.18999999999999162,-0.29589999999996286,9.843700000000002,-0.0023000000000000993,0.044099999999998946,-0.017299999999999347,52.59628299999999,-1.608857,0.0,Vw15
122.412,-0.131,-0.0347,9.8555,-0.003,0.0367,-0.0127,52.59628299999999,-1.608857,0.0,Vw15
122.512,-0.14799603960394891,-0.2996158415841331,9.781998019801984,-0.005741584158415562,0.02436930693069436,-0.01857821782178303,52.59628299999999,-1.608857,0.0,Vw15
122.61200000000001,0.09239999999995938,0.22879999999994569,9.851800000000003,9.999999999982947e-05,0.051299999999994544,-0.03639999999999503,52.59628299999999,-1.608857,0.0,Vw15
122.712,-0.1934,-0.1534,9.8662,-0.0011,0.0129,-0.0014,52.59628299999999,-1.608857,0.0,Vw15
122.81200000000001,0.26399999999992435,0.18709999999995894,9.868299999999996,-0.004000000000000043,0.02169999999999436,-0.01519999999999622,52.59628299999999,-1.608857,0.0,Vw15
122.912,-0.2684,-0.1018,9.8451,-0.0043,-0.018,0.0114,52.59628299999999,-1.608857,0.0,Vw15
123.012,-0.1242,-0.2076,9.8325,-0.0018,0.0082,0.0078,52.59628299999999,-1.608857,0.0,Vw15
123.11200000000001,-0.1340000000000094,-0.07580000000001895,9.906499999999982,0.0014999999999981526,-0.03629999999999711,0.0065000000000017474,52.59628299999999,-1.608857,0.0,Vw15
123.212,-0.2001,-0.2091,9.7841,-0.0115,-0.016,0.0188,52.59628299999999,-1.608857,0.0,Vw15
123.31200000000001,0.09942673267325693,0.15069306930691298,9.878264356435642,-0.002888118811880653,-0.0070524752475264385,0.009112871287128297,52.59628299999999,-1.608857,0.0,Vw15
123.412,-0.1179,-0.22,9.8447,0.0083,-0.0423,0.0004,52.59628299999999,-1.608857,0.0,Vw15
123.512,0.08131188118811647,0.15375148514851175,9.813695049504956,0.008513861386138202,0.02935742574257214,-0.0034217821782174477,52.59628299999999,-1.608857,0.0,Vw15
123.61200000000001,0.032499999999990224,0.08889999999995297,9.893199999999998,-0.00010000000000082423,-0.014899999999994187,0.004399999999996249,52.59628299999999,-1.608857,0.0,Vw15
123.712,-0.0363,-0.2421,9.8796,-0.0059,0.026,-0.022,52.59628299999999,-1.608857,0.0,Vw15
123.81200000000001,-0.12400099009900943,-0.05375544554455903,9.909290099009896,0.002700990099009906,0.02356435643564244,0.005531683168316027,52.59628299999999,-1.608857,0.0,Vw15
123.912,-0.1141,-0.1493,9.7883,0.0028,0.0,-0.0113,52.59628299999999,-1.608857,0.0,Vw15
124.012,-0.044000990099013246,0.08802673267325598,9.80988415841584,-0.0063089108910886725,0.01089108910891037,-0.008725742574257548,52.59628299999999,-1.608857,0.0,Vw15
124.11200000000001,-0.04470000000000376,-0.24609999999995036,9.817900000000002,-0.004199999999999914,-0.00599999999999967,0.010999999999997042,52.59628299999999,-1.608857,0.0,Vw15
124.212,-0.06920693069306122,0.10056732673267693,9.83462277227723,-0.0036217821782179257,-0.00395247524752596,-0.009265346534651863,52.59628299999999,-1.608857,0.0,Vw15
124.31200000000001,0.10009999999998459,0.17729999999998708,9.8569,-0.005799999999999254,-0.02919999999999575,0.024199999999998733,52.59628299999999,-1.608857,0.0,Vw15
124.412,-0.008315841584168648,0.08630990099009044,9.857890099009902,-0.0005524752475242582,0.0007009900990127202,0.015289108910890248,52.59628299999999,-1.608857,0.0,Vw15
124.512,0.03253499999999125,0.11427299999998111,9.839059999999998,0.011313999999998658,-0.0364729999999994,0.008251000000000239,52.59628299999999,-1.608857,0.0,Vw15
124.61200000000001,-0.15099603960395513,-0.2799940594059195,9.786113861386141,-0.016841584158415086,-0.023570297029701395,0.013215841584158013,52.59628299999999,-1.608857,0.0,Vw15
124.712,-0.0406,0.1606,9.8375,-0.001,0.0094,0.0048,52.59628299999999,-1.608857,0.0,Vw15
124.81200000000001,-0.06049999999999366,-0.3586999999999187,9.868399999999987,-0.0022999999999987067,-0.04269999999998731,0.0028999999999984936,52.59628299999999,-1.608857,0.0,Vw15
124.912,-0.0159,0.2135,9.7784,0.0068,0.0466,-0.0077,52.59628299999999,-1.608857,0.0,Vw15
125.012,0.1361366336633579,0.15762574257425851,9.870204950495047,0.0022326732673264107,-0.010784158415839594,0.0014811881188108343,52.59628299999999,-1.608857,0.0,Vw15
125.11200000000001,-0.040199999999975124,0.18019999999998815,9.800700000000012,-0.00450000000000043,0.030800000000000705,-0.02039999999999792,52.59628299999999,-1.608857,0.0,Vw15
125.212,0.1311960396039513,0.0945019801980045,9.87107722772277,-0.007366336633662727,0.035393069306929224,-0.005975247524752835,52.59628299999999,-1.608857,0.0,Vw15
125.31200000000001,-0.0592000000000028,-0.22529999999993838,9.83879999999999,0.005999999999997414,0.004700000000002359,-0.013499999999999786,52.59628299999999,-1.608857,0.0,Vw15
125.412,-0.0789,0.2083,9.7589,-0.0122,0.0213,-0.012,52.59628299999999,-1.608857,0.0,Vw15
125.512,-0.0064,-0.1975,9.8683,-0.0059,0.0019,0.0069,52.59628299999999,-1.608857,0.0,Vw15
125.61200000000001,0.08709999999995259,0.1157999999999775,9.809099999999997,0.011999999999995665,-0.020199999999998677,0.002000000000002373,52.59628299999999,-1.608857,0.0,Vw15
125.712,-0.2465,-0.0425,9.7865,-0.0185,-0.0109,0.0187,52.59628299999999,-1.608857,0.0,Vw15
125.81200000000001,-0.12009999999995913,0.07829999999999453,9.782900000000017,-0.0005999999999989484,-0.0025999999999994456,-0.006500000000000227,52.59628299999999,-1.608857,0.0,Vw15
125.912,0.1675,0.0398,9.9133,0.0068,0.0013,-0.0081,52.59628299999999,-1.608857,0.0,Vw15
126.012,-0.1222,-0.037,9.8307,-0.0182,-0.0041,0.0149,52.59628299999999,-1.608857,0.0,Vw15
126.11200000000001,-0.2154999999999741,-0.024200000000038583,9.829300000000003,0.008199999999999147,0.02109999999999487,-0.015799999999997615,52.59628299999999,-1.608857,0.0,Vw15
126.212,-0.0332,-0.2957,9.8513,0.0022,-0.015,0.001,52.59628299999999,-1.608857,0.0,Vw15
126.31200000000001,-0.17809999999995224,-0.012199999999956287,9.809700000000007,0.0046999999999998866,0.0447999999999968,-0.010400000000001037,52.59628299999999,-1.608857,0.0,Vw15
126.412,0.1581,0.2954,9.8639,0.0039,0.0223,-0.0177,52.59628299999999,-1.608857,0.0,Vw15
126.512,-0.0841,-0.0226,9.8751,0.0003,0.0279,-0.0131,52.59628299999999,-1.608857,0.0,Vw15
126.61200000000001,0.10779999999998457,0.3091999999999159,9.817800000000002,0.0002000000000010232,0.053399999999991093,-0.021899999999998608,52.59628299999999,-1.608857,0.0,Vw15
126.712,-0.0008,-0.2827,9.8319,0.0074,-0.0093,-0.0121,52.59628299999999,-1.608857,0.0,Vw15
126.81200000000001,0.20169999999992216,0.07609999999996075,9.872199999999985,0.00029999999999751666,0.035299999999993364,-0.029399999999993598,52.59628299999999,-1.608857,0.0,Vw15
126.912,-0.33472673267324016,-0.19382772277226062,9.771215841584164,-0.016801980198018856,-0.010634653465345265,0.014839603960394316,52.59628299999999,-1.608857,0.0,Vw15
127.012,0.2326,0.1534,9.8728,0.003,0.0159,-0.0212,52.59628299999999,-1.608857,0.0,Vw15
127.11200000000001,-0.014799999999952395,0.2167999999999931,9.874999999999998,-0.005399999999999219,-0.03259999999999535,0.01449999999999892,52.59628299999999,-1.608857,0.0,Vw15
127.212,0.3202,0.1683,9.8613,0.0001,0.0001,0.0069,52.59628299999999,-1.608857,0.0,Vw15
127.31200000000001,0.005299999999984879,0.1785999999999158,9.823800000000016,-0.0032999999999980103,-0.04979999999999551,0.011700000000001692,52.59628299999999,-1.608857,0.0,Vw15
127.412,-0.1011,-0.4139,9.936,0.0107,-0.0182,0.0236,52.59628299999999,-1.608857,0.0,Vw15
127.512,0.0131,0.1219,9.9085,-0.0034,-0.0351,0.0046,52.59628299999999,-1.608857,0.0,Vw15
127.61200000000001,-0.17159999999997302,-0.4572999999999073,9.849399999999992,-0.00919999999999757,-0.047199999999991075,0.032399999999996175,52.59628299999999,-1.608857,0.0,Vw15
127.712,0.0182,0.1949,9.7944,0.0079,0.0156,0.0055,52.59628299999999,-1.608857,0.0,Vw15
127.81200000000001,-0.04780000000000151,-0.42129999999991,9.90929999999998,-0.0044999999999990195,-0.02879999999998987,0.027999999999994515,52.59628299999999,-1.608857,0.0,Vw15
127.912,-0.0584,0.2118,9.7741,0.0024,0.0425,-0.0099,52.59628299999999,-1.608857,0.0,Vw15
128.012,0.2553,0.1369,9.8661,0.0042,0.0164,-0.0014,52.59628299999999,-1.608857,0.0,Vw15
128.112,0.0322,0.1813,9.7928,-0.002,0.0216,-0.0268,52.59628299999999,-1.608857,0.0,Vw15
128.21200000000002,0.24769999999987527,0.034999999999953436,9.872500000000008,-0.0021000000000012055,0.020800000000003847,-0.012999999999998535,52.59628299999999,-1.608857,0.0,Vw15
128.312,-0.1820970297029478,-0.12586435643563718,9.896650495049506,-0.006221782178217447,0.03390990099009762,-0.007979207920792458,52.59628299999999,-1.608857,0.0,Vw15
128.412,0.2882,0.0077,9.9217,0.0016,0.0049,-0.0159,52.59628299999999,-1.608857,0.0,Vw15
128.512,-0.2546,-0.0561,9.8469,-0.0036,0.0049,0.0021,52.59628299999999,-1.608857,0.0,Vw15
128.612,-0.0439170000000028,-0.10752199999999645,9.790979000000004,-0.0046719999999998724,0.011849999999998409,0.007054999999999796,52.59628299999999,-1.608857,0.0,Vw15
128.71200000000002,-0.10395643564355936,-0.031900990099016605,9.85830891089109,-0.0019376237623764177,-0.022599999999999044,0.002671287128713212,52.59628299999999,-1.608857,0.0,Vw15
128.812,0.0004,-0.172,9.8692,-0.0057,-0.0026,0.0098,52.59628299999999,-1.608857,0.0,Vw15
128.912,-0.0281,0.1185,9.7733,0.021,-0.0078,0.0003,52.59628299999999,-1.608857,0.0,Vw15
129.012,0.1426,0.094,9.9351,-0.0135,-0.0245,0.0003,52.59628299999999,-1.608857,0.0,Vw15
129.112,0.2222,0.0287,9.8915,-0.006,0.0332,0.0049,52.59628299999999,-1.608857,0.0,Vw15
129.21200000000002,-0.05630000000006415,0.09389999999995108,9.895499999999949,0.006899999999999801,0.014200000000002957,-0.011900000000002103,52.59628299999999,-1.608857,0.0,Vw15
129.312,-0.282,-0.0782,9.7119,0.0062,0.0246,-0.0193,52.59628299999999,-1.608857,0.0,Vw15
129.412,0.2954,0.0982,9.8945,0.0007,0.0536,-0.0095,52.59628299999999,-1.608857,0.0,Vw15
129.512,-0.193800990098986,-0.12371782178216491,9.82675247524753,0.00449801980197971,-0.0020306930693051637,-0.011192079207921233,52.59628299999999,-1.608857,0.0,Vw15
129.612,0.3061,0.1545,9.902,-0.0057,0.0349,-0.0204,52.59628299999999,-1.608857,0.0,Vw15
129.71200000000002,-0.043499999999923884,0.012300000000071027,9.82940000000002,-0.003999999999999346,-0.0042999999999965045,0.02129999999998829,52.59628299999999,-1.608857,0.0,Vw15
129.812,0.2243,0.2622,9.8979,-0.0017,0.008,-0.0199,52.59628299999999,-1.608857,0.0,Vw15
129.912,-0.0567,-0.0559,9.831,0.0003,-0.0314,0.0272,52.59628299999999,-1.608857,0.0,Vw15
130.012,-0.3471,-0.2258,9.7452,-0.0126,-0.0027,0.0074,52.59628299999999,-1.608857,0.0,Vw15
130.112,-0.021,-0.1618,9.7764,-0.013,-0.0391,0.0264,52.59628299999999,-1.608857,0.0,Vw15
130.21200000000002,-0.21727128712868404,-0.16995148514849884,9.804046534653471,0.008788118811880173,-0.031560396039603776,0.012896039603960376,52.59628299999999,-1.608857,0.0,Vw15
130.312,0.3856,0.1649,9.9387,-0.0124,-0.0276,0.0125,52.59628299999999,-1.608857,0.0,Vw15
130.412,-0.2376,-0.1534,9.7979,-0.0013,-0.0403,0.0367,52.59628299999999,-1.608857,0.0,Vw15
130.512,0.3416534653465182,0.26046831683166627,9.870631683168316,-0.004868316831683017,-0.00558019801980332,-0.012673267326730154,52.59628299999999,-1.608857,0.0,Vw15
130.612,-0.003,-0.0927,9.8738,-0.0017,-0.0336,0.04,52.59628299999999,-1.608857,0.0,Vw15
130.71200000000002,-0.19857623762376417,-0.06793861386140354,9.875147524752473,0.006146534653465091,0.03308811881187826,-0.029639603960394313,52.59628299999999,-1.608857,0.0,Vw15
130.812,-0.2362,-0.4318,9.8099,0.0008,-0.0281,0.0064,52.59628299999999,-1.608857,0.0,Vw15
130.912,0.1264,0.083,9.9065,0.0047,0.0741,-0.0239,52.59628299999999,-1.608857,0.0,Vw15
131.012,0.215,0.4144,9.8209,-0.0024,0.0019,-0.0081,52.59628299999999,-1.608857,0.0,Vw15
131.112,0.2439,0.0779,9.8622,-0.001,0.0544,-0.0366,52.59628299999999,-1.608857,0.0,Vw15
131.21200000000002,0.14599999999992486,0.29399999999978715,9.839900000000016,0.0011999999999978113,0.05509999999999628,-0.013100000000002502,52.59628299999999,-1.608857,0.0,Vw15
131.312,-0.1184,-0.4548,9.8958,-0.0065,0.042,-0.0219,52.59628299999999,-1.608857,0.0,Vw15
131.412,-0.0245,0.1815,9.8113,0.0154,0.061,-0.0418,52.59628299999999,-1.608857,0.0,Vw15
131.512,-0.315,-0.1808,9.8852,-0.0092,0.013,-0.0007,52.59628299999999,-1.608857,0.0,Vw15
131.612,0.3192,0.3787,9.8653,0.0068,0.0678,-0.0253,52.59628299999999,-1.608857,0.0,Vw15
131.71200000000002,0.04300000000006095,-0.1292999999998215,9.825800000000015,-0.0007999999999964402,-0.034399999999975284,-0.001700000000003732,52.59628299999999,-1.608857,0.0,Vw15
131.812,0.25125247524750544,0.48462178217818064,9.88248118811881,0.011464356435642914,0.050744554455440974,-0.014298019801978274,52.59628299999999,-1.608857,0.0,Vw15
131.912,-0.1535,-0.2932,9.8206,-0.0021,-0.0448,0.0259,52.59628299999999,-1.608857,0.0,Vw15
132.012,0.2825,0.0453,9.9386,0.0098,0.0267,-0.0062,52.59628299999999,-1.608857,0.0,Vw15
132.112,0.1746,0.3806,9.8079,0.0033,-0.0718,0.039,52.59628299999999,-1.608857,0.0,Vw15
132.21200000000002,0.42453762376236254,0.28785346534652917,9.95812277227722,0.0021247524752471647,-0.010649504950498156,0.00809405940594248,52.59628299999999,-1.608857,0.0,Vw15
132.312,0.1383,0.1732,9.7804,-0.0054,-0.0756,0.0475,52.59628299999999,-1.608857,0.0,Vw15
132.412,-0.3844,-0.5219,9.8602,0.0142,-0.046,0.0184,52.59628299999999,-1.608857,0.0,Vw15
132.512,-0.1035,-0.03,9.8387,-0.0054,-0.0622,0.0379,52.59628299999999,-1.608857,0.0,Vw15
132.612,-0.3606,-0.4983,9.8634,-0.004,-0.0572,0.0359,52.59628299999999,-1.608857,0.0,Vw15
132.71200000000002,0.3455999999998625,0.44149999999976985,9.839800000000023,-0.00359999999999911,-0.03760000000000873,0.02600000000000534,52.59628299999999,-1.608857,0.0,Vw15
132.812,-0.12890299999997876,-0.3524749999999627,9.917449999999995,-0.00032499999999915447,-0.06724999999999638,0.04409199999999754,52.59628299999999,-1.608857,0.0,Vw15
132.912,0.30415346534652393,0.4082900990098818,9.824845544554462,0.016922772277227355,0.006572277227720628,-0.005920792079206585,52.59628299999999,-1.608857,0.0,Vw15
133.012,0.0795,0.0073,9.9694,0.0092,-0.0362,0.022,52.59628299999999,-1.608857,0.0,Vw15
133.112,0.2142,0.3971,9.8051,-0.0045,0.0371,-0.0249,52.59628299999999,-1.608857,0.0,Vw15
133.21200000000002,0.022299999999969282,-0.044600000000074615,9.95229999999998,0.010799999999994345,-0.006599999999985329,-0.0032000000000058856,52.59628299999999,-1.608857,0.0,Vw15
133.312,-0.08413861386138345,-0.3016673267326597,9.886147524752475,-0.008823762376237259,0.0443267326732665,-0.02356930693069244,52.59628299999999,-1.608857,0.0,Vw15
133.412,-0.0279999999999999,-0.0184,9.9109,-0.0012,0.027,-0.0105,52.59628299999999,-1.608857,0.0,Vw15
133.512,-0.0697,-0.2475,9.8674,-0.0031,0.0166,-0.0107,52.59628299999999,-1.608857,0.0,Vw15
133.612,-0.0767,0.1417,9.7395,-0.0044,0.025,-0.0091,52.59628299999999,-1.608857,0.0,Vw15
133.71200000000002,0.07426336633663014,0.03357029702969087,9.95217227722772,-0.013190099009899986,-0.02275247524752309,0.009141584158415561,52.59628299999999,-1.608857,0.0,Vw15
133.812,0.0006,-0.2194,9.8994,0.0078,0.012,0.0033,52.59628299999999,-1.608857,0.0,Vw15
133.912,-0.1083,-0.0627,9.8881,0.0031,0.0213,0.0006,52.59628299999999,-1.608857,0.0,Vw15
134.012,0.0015,-0.225,9.8296,-0.0098,0.0202,-0.0128,52.59628299999999,-1.608857,0.0,Vw15
134.112,0.0754,0.2019999999999999,9.8734,0.0052,0.0177,-0.0139,52.59628299999999,-1.608857,0.0,Vw15
134.21200000000002,0.01628118811881466,-0.28528910891086856,9.849160396039602,-0.004209900990099057,0.012755445544555198,0.0015237623762372591,52.59628299999999,-1.608857,0.0,Vw15
134.312,0.0744,0.1858,9.8152,-0.0052,0.0283,-0.0061,52.59628299999999,-1.608857,0.0,Vw15
134.412,0.0896,0.0464,9.9461,-0.0117,-0.0114,0.0102,52.59628299999999,-1.608857,0.0,Vw15
134.512,-0.0518,-0.2272,9.8968,0.011,-0.0006,0.0064,52.59628299999999,-1.608857,0.0,Vw15
134.612,0.2847,0.0405,9.8849,-0.0061,-0.0339,0.0062,52.59628299999999,-1.608857,0.0,Vw15
134.71200000000002,-0.21249999999982713,0.025900000000023873,9.766200000000062,-0.009999999999997613,0.00769999999999406,0.015199999999996959,52.59628299999999,-1.608857,0.0,Vw15
134.812,0.3957,0.1099,9.9821,-0.0016,-0.0132,0.0045,52.59628299999999,-1.608857,0.0,Vw15
134.912,-0.1171,-0.1018,9.8366,-0.0117,-0.0313,0.0262,52.59628299999999,-1.608857,0.0,Vw15
135.012,0.3735929999999773,0.19439799999998889,9.904227999999996,0.006231999999999672,0.02151699999999863,-0.01945599999999882,52.59628299999999,-1.608857,0.0,Vw15
135.112,-0.09215999999999891,-0.03672400000001466,9.828540000000004,-0.0005820000000003729,-0.006028999999997858,0.0043969999999986225,52.59628299999999,-1.608857,0.0,Vw15
135.21200000000002,-0.06884554455445759,-0.3527514851484998,9.901965346534654,-0.008539603960395272,0.040424752475246684,-0.025465346534652822,52.59628299999999,-1.608857,0.0,Vw15
135.312,-0.1134,-0.0379,9.9185,0.0075,0.0229,-0.012,52.59628299999999,-1.608857,0.0,Vw15
135.412,-0.1734,-0.3139,9.7939,-0.0032,0.0302,-0.0097,52.59628299999999,-1.608857,0.0,Vw15
135.512,0.3815,0.2108,9.9374,0.0056,0.0431,-0.0332,52.59628299999999,-1.608857,0.0,Vw15
135.612,-0.1767,-0.0794,9.8526,-0.0045,0.0175,0.0009,52.59628299999999,-1.608857,0.0,Vw15
135.71200000000002,0.33954899999997845,0.2293219999999808,9.876569999999997,-0.006223000000000111,0.019976999999997958,-0.023678999999997966,52.59628299999999,-1.608857,0.0,Vw15
135.812,-0.10111287128712877,-0.16428811881188018,9.854236633663367,-0.00830792079207829,-0.021518811881186293,0.017711881188117434,52.59628299999999,-1.608857,0.0,Vw15
135.912,-0.1024,-0.1431,9.8979,0.0109,0.0166,-0.0111,52.59628299999999,-1.608857,0.0,Vw15
136.012,-0.0894801980198062,-0.1527336633663344,9.901282178217816,-0.0048653465346532995,-0.03490297029702828,0.0106207920792085,52.59628299999999,-1.608857,0.0,Vw15
136.112,-0.1775,-0.1061,9.7895,-0.0014,-0.0052,0.0227,52.59628299999999,-1.608857,0.0,Vw15
136.21200000000002,0.11939999999997841,0.124699999999888,9.89810000000001,-0.0028999999999986354,-0.03779999999999554,0.008800000000003695,52.59628299999999,-1.608857,0.0,Vw15
136.312,0.0434,-0.2694,9.9346,0.0019,-0.0221,0.0218,52.59628299999999,-1.608857,0.0,Vw15
136.412,0.15290792079207016,0.1877772277227473,9.929816831683166,0.0009841584158415083,-0.013953465346536343,-0.004779207920791023,52.59628299999999,-1.608857,0.0,Vw15
136.512,-0.0363,-0.3345,9.8915,-0.0006,-0.0493,0.0173,52.59628299999999,-1.608857,0.0,Vw15
136.612,-0.1115,-0.0294,9.8204,-0.0009,0.0415,-0.0103,52.59628299999999,-1.608857,0.0,Vw15
136.71200000000002,0.26980299999997875,0.297777999999969,9.868864999999998,0.0025620000000002997,0.005639000000002121,0.00548199999999798,52.59628299999999,-1.608857,0.0,Vw15
136.812,-0.1640235294117577,-0.33699411764705395,9.807236274509808,0.008685294117646989,0.04883921568627327,-0.035583333333331836,52.59628299999999,-1.608857,0.0,Vw15
136.912,-0.016376470588242292,-0.23640588235294593,9.930863725490191,0.00721470588235301,0.022760784313726728,-0.003916666666668171,52.59628299999999,-1.608857,0.0,Vw15
137.012,0.06319405940595252,0.02096732673268842,9.828376237623766,-0.00834752475247404,0.050531683168316986,-0.024280198019802364,52.59628299999999,-1.608857,0.0,Vw15
137.112,0.3126,0.3377,9.896,0.0169,0.0537,-0.0323,52.59628299999999,-1.608857,0.0,Vw15
137.21200000000002,-0.060399999999953664,-0.3324999999998245,9.907899999999971,-0.006499999999998593,0.02240000000001358,-0.01220000000000399,52.59628299999999,-1.608857,0.0,Vw15
137.312,0.09896336633662382,0.2713623762375877,9.809248514851493,-0.0015742574257424512,0.06897128712870938,-0.025898019801979234,52.59628299999999,-1.608857,0.0,Vw15
137.412,-0.1047,-0.4824,9.9541,0.001,-0.0039,-0.0057,52.59628299999999,-1.608857,0.0,Vw15
137.512,-0.1176,0.0523,9.7929,-0.0056,0.0385,-0.0161,52.59628299999999,-1.608857,0.0,Vw15
137.612,-0.171,-0.4976,9.8831,-0.0047,-0.0258,0.0304,52.59628299999999,-1.608857,0.0,Vw15
137.71200000000002,-0.01989999999987742,0.08530000000006119,9.805300000000027,0.0005999999999973283,0.018599999999976236,-0.005699999999988859,52.59628299999999,-1.608857,0.0,Vw15
137.812,0.4114,0.3006,9.9005,-0.0088,-0.065,0.0335,52.59628299999999,-1.608857,0.0,Vw15
137.912,-0.6940000000000001,0.1184,9.6347,0.0012,0.0161,-0.0089,52.59628299999999,-1.608857,0.0,Vw15
