time_since_start_s,accel_x,accel_y,accel_z,gyro_x,gyro_y,gyro_z,latitude,longitude,vehicle_speed,trip_id
602.409,0.6469,0.3656,10.9911,0.152,0.0113,-0.0307,52.562946,-1.49791,78.49,Vw16b
602.509,-0.405377227723021,0.8167881188119879,9.354466336633276,0.07526732673265513,-0.00790792079208375,0.0651415841584385,52.562946,-1.49791,78.55930693069308,Vw16b
602.609,0.06395300000011578,0.5234089999999281,9.591837000000062,0.06034299999999658,0.14455800000003682,-0.18120200000005965,52.562946,-1.49791,78.63920000000002,Vw16b
602.7090000000001,-0.09712400000004001,-1.1785390000004097,9.571035999999994,0.07069400000000253,0.075611999999983,-0.027378999999962295,52.562946,-1.49791,78.6499,Vw16b
602.8090000000001,0.24997700000048062,-0.5003239999990418,11.056790000002048,0.07575000000000683,0.08460200000001336,-0.017483999999988536,52.562946,-1.49791,78.73910000000012,Vw16b
602.9090000000001,-0.08969999999862226,-0.18179999999865726,10.189499999999745,0.10899999999993426,0.07510000000005032,-0.03060000000011706,52.562946,-1.49791,78.86000000000003,Vw16b
603.0090000000001,1.1221811881204764,0.9992891089125131,9.964351485148205,0.05117821782170278,0.11935742574263503,-0.13357029702984435,52.562946,-1.49791,78.87980198019804,Vw16b
603.1090000000002,1.1347999999987446,0.2914999999994161,8.96100000000021,0.07059999999985356,-0.018000000000073388,0.06309999999992132,52.562946,-1.49791,78.97000000000013,Vw16b
603.2090000000002,0.03054257425590956,-0.2220643564363488,9.145554455445797,-0.058211881188295705,-0.08255445544563321,-0.006107920792174246,52.562946,-1.49791,79.07891089108925,Vw16b
603.3090000000002,-1.961292000005004,-0.4005490000004379,8.169081999997529,0.05514200000028964,-0.17210200000022458,0.31891000000082287,52.562946,-1.49791,79.08,Vw16b
603.4090000000002,0.5042999999964496,-1.0317999999978658,10.986800000000315,0.09250000000023592,0.12909999999945407,-0.19649999999970916,52.562946,-1.49791,79.24000000000031,Vw16b
603.5090000000002,-1.057185148518771,-0.09308712871051505,11.125314851485495,0.19626237623788423,-0.11099900990159278,-0.06857920792047098,52.562946,-1.49791,79.37861386138648,Vw16b
603.6090000000003,1.2824100000059775,1.7361180000046184,10.55537099999855,0.056026999999641475,0.2911140000010266,0.011999000000201265,52.562946,-1.49791,79.46910000000022,Vw16b
603.7090000000003,-0.7143999999961524,-0.4588000000005568,8.866700000002101,0.18609999999966703,0.025300000000243468,-0.007300000000394077,52.562946,-1.49791,79.55000000000071,Vw16b
603.8090000000003,0.41371881188530224,-0.6220673267332687,9.482640594061651,0.08847623762340634,0.09668613861412173,-0.12284455445586694,52.562946,-1.49791,79.75791089108986,Vw16b
603.9090000000003,-1.7463670000080038,-0.41946299999924713,8.78877099999742,0.24055400000056418,0.022357999999723377,0.050834000000644475,52.562946,-1.49791,79.80949990000019,Vw16b
604.0090000000004,-0.19429899999419775,0.8231690000045728,10.852483000007634,-0.006786000000917475,0.2437560000008189,-0.2257880000010262,52.562946,-1.49791,79.84960000000014,Vw16b
604.1090000000004,2.028706000008136,-0.08896000000340842,12.654212000006565,0.26849400000102397,0.0609689999993179,-0.19741499999988504,52.562946,-1.49791,80.0381000000007,Vw16b
604.2090000000004,1.2235999999937892,3.4624999999669637,10.56840000000555,0.1355999999991516,0.4914999999987887,-0.1377000000005671,52.562946,-1.49791,80.27000000000066,Vw16b
604.3090000000004,-0.14218431373081808,-3.8022058823812803,11.788890196083193,-0.050968627451708215,0.225127450979353,-0.26240588235342766,52.562946,-1.49791,80.41705882352998,Vw16b
604.4090000000004,2.836526262640916,0.2737262626468393,8.407750505033903,-0.09785959595980634,0.45816767676883874,-0.05721919191817956,52.562946,-1.49791,80.40020202020193,Vw16b
604.5090000000005,-0.8729210000180814,-0.710820000004968,10.19093700000879,-0.0052399999995501045,0.08034099999816163,-0.11846000000030632,52.562946,-1.49791,80.51880000000057,Vw16b
604.6090000000005,1.2572999999904013,2.0716999999835384,10.085899999995066,0.08219999999991624,0.3031999999990234,-0.2113999999992823,52.562946,-1.49791,80.66000000000099,Vw16b
604.7090000000005,-0.8534920792180183,-1.5482009901163272,9.000751485143324,0.0637841584157535,0.0884475247514479,-0.053578217821027174,52.562946,-1.49791,80.87782178217925,Vw16b
604.8090000000005,0.6816800000092933,1.236506000016845,9.81526300000493,0.08815200000014661,0.16827200000048947,-0.1629790000006627,52.562946,-1.49791,80.99880000000071,Vw16b
604.9090000000006,-1.37853100001242,-0.5692720000109741,8.654508999993006,0.0022699999994846842,-0.06652000000140967,0.08142000000146893,52.562946,-1.49791,81.01980000000012,Vw16b
605.0090000000006,-1.0170629999977119,-0.2839689999981822,10.140768000008963,0.12802100000075756,0.15592900000134513,-0.1209310000012255,52.562946,-1.49791,81.06950000000029,Vw16b
605.1090000000006,-3.4357300000144937,-1.8807400000095718,9.091550999993633,-0.04870200000106498,-0.1235540000016857,0.16746600000173784,52.562946,-1.49791,81.09970000000017,Vw16b
605.2090000000006,3.306945000040487,1.8429240000223754,11.513527000014555,0.265904000001893,0.4000820000031499,-0.22965900000239353,52.562946,-1.49791,81.22870000000077,Vw16b
605.3090000000007,-0.9386250000307141,-0.4408500000165292,8.959842999981642,0.08258399999867203,-0.1333580000038359,-0.011939999998421102,52.562946,-1.49791,81.13099999999929,Vw16b
605.4090000000007,2.5027980000248524,1.9159570000169743,10.38939700001038,0.2814720000014317,0.31610500000324404,-0.15681400000104911,52.562946,-1.49791,81.21910000000064,Vw16b
605.5090000000007,-3.555252000043452,-2.467975000031435,9.245601999991738,0.2064779999994507,-0.1441050000033146,0.21215800000264184,52.562946,-1.49791,81.14079999999943,Vw16b
605.6090000000007,-0.12060000000760869,0.5565999999904523,11.380099999984038,-0.08690000000063484,0.12309999999802929,-0.0005999999991915852,52.562946,-1.49791,81.25999000000007,Vw16b
605.7090000000007,-1.236045544562328,-0.8431029703069082,9.040099999983486,-0.17996930693134994,-0.16581089109114794,0.11791485148598493,52.562946,-1.49791,81.26990089108918,Vw16b
605.8090000000008,0.9487190000181565,1.7698650000217202,9.197771000001497,-0.04774499999889906,0.17235500000281992,-0.19859100000262675,52.562946,-1.49791,81.1610999999991,Vw16b
605.9090000000008,0.6641999999936445,0.9046999999997061,10.186799999990797,0.12249999999916716,-0.08359999999756372,0.062299999999043454,52.562946,-1.49791,81.25999000000047,Vw16b
606.0090000000008,-0.13441386139268285,0.8677693069303904,9.030364356426167,0.01784653465260777,0.22253861386389473,-0.057898019802965155,52.562946,-1.49791,81.31940584158464,Vw16b
606.1090000000008,0.1283650000022418,0.6363339999980869,10.749023000014326,0.12164100000086804,0.006611999998186846,-0.1219650000005205,52.562946,-1.49791,81.32990000000008,Vw16b
606.2090000000009,-0.6456540000064313,-0.44094200000890005,9.47167899998928,-0.0650040000015541,0.18725300000151396,0.022633000001202455,52.562946,-1.49791,81.39930000000058,Vw16b
606.3090000000009,-0.2526000000043919,2.027499999968243,9.304200000000778,-0.024600000000117327,0.15179999999910868,-0.10589999999849752,52.562946,-1.49791,81.32000000000082,Vw16b
606.4090000000009,-0.7354999999808718,-1.4641999999759865,9.38980000000608,-0.03749999999937326,0.053800000001295804,0.05929999999775598,52.562946,-1.49791,81.41,Vw16b
606.5090000000009,1.3676683168513089,1.1760970297276074,10.058413861392378,0.03141089108975193,0.19627524752608194,-0.1874326732696291,52.562946,-1.49791,81.41,Vw16b
606.609000000001,-0.5999130000187487,-0.8766980000196025,8.836113999988413,0.15862200000119284,0.12889499999935133,-0.16693199999978345,52.562946,-1.49791,81.44960000000037,Vw16b
606.709000000001,-1.047878000004034,0.43513700001256594,8.802711999999802,-0.12165600000265453,0.10156899999974893,0.01437100000170713,52.562946,-1.49791,81.40049999999954,Vw16b
606.809000000001,-0.8622189999979928,0.002109999995282885,10.905161000022213,0.09894300000236064,0.01685299999910783,0.07272900000059723,52.562946,-1.49791,81.43959010000043,Vw16b
606.909000000001,0.948628000019132,0.22094400000236217,10.781958999998473,0.08001399999977593,0.06055000000047117,-0.1002470000018355,52.562946,-1.49791,81.6676999000024,Vw16b
607.009000000001,-0.16476900001196892,1.7647290000163038,8.677442999977757,-0.018705000001041805,0.07050400000010051,-0.15427200000055283,52.562946,-1.49791,81.66009999999989,Vw16b
607.1090000000011,-0.26401300000092875,-0.3882950000229357,9.64224000001043,0.06256900000087011,0.03436599999961678,0.05696100000223964,52.562946,-1.49791,81.60059999999936,Vw16b
607.2090000000011,1.1417999999861144,0.7490999999925698,9.753499999995354,0.00810000000035907,-0.07540000000031066,0.07599999999902635,52.562946,-1.49791,81.64000000000225,Vw16b
607.3090000000011,-0.07958613862803565,0.0955356435567718,9.344787128708129,0.03968415841620812,-0.10272673267358445,-0.009643564357429538,52.562946,-1.49791,81.8380198019825,Vw16b
607.4090000000011,1.467747000018285,1.076228000011575,9.475043000001575,-0.08652200000148341,-0.054093999999426594,0.008211000000219381,52.562946,-1.49791,81.98850000000174,Vw16b
607.5090000000012,-0.30110000000901277,-1.3698999999801091,10.243300000001733,0.008299999999880686,-0.07330000000141827,0.11139999999949347,52.562946,-1.49791,81.83999999999922,Vw16b
607.6090000000012,-1.093872277236923,0.37970396041634413,10.395775247526522,-0.0021950495050722905,-0.19805247524897251,0.06684554455393839,52.562946,-1.49791,81.77069306930612,Vw16b
607.7090000000012,-1.024699999983136,-0.256899999987487,8.906600000020836,-0.08769999999922243,-0.05620000000034669,0.09219999999833219,52.562946,-1.49791,81.76999999999839,Vw16b
607.8090000000012,0.32381485150233114,0.7436940594186902,10.572837623783606,-0.025521782177425553,-0.08392277227758096,-0.041166336635362705,52.562946,-1.49791,81.64128712871123,Vw16b
607.9090000000012,-0.4530170000101738,-0.019688000009955853,9.68444199998835,-0.09905100000095454,-0.06657799999977315,0.1666870000026929,52.562946,-1.49791,81.66970000000039,Vw16b
608.0090000000013,1.1845564356651368,1.0576772277369983,10.708428712884832,-0.04089009900912871,-0.11697821782244522,0.020594059403997694,52.562946,-1.49791,81.56217821782037,Vw16b
608.1090000000013,-1.0294686868979168,-0.42841212123173555,9.385116161598678,-0.08731414141476074,-0.1774929292937031,0.20251313131553644,52.562946,-1.49791,81.42141414141234,Vw16b
608.2090000000013,0.9132999999778587,1.3590999999664464,9.903800000005479,-0.02799999999976227,0.02830000000110355,-0.0523000000005565,52.562946,-1.49791,81.45,Vw16b
608.3090000000013,-0.7096702970522277,-1.1004049505291842,10.305384158421415,-0.010574257425500725,0.10919108911003356,-0.09309207920848694,52.562946,-1.49791,81.45,Vw16b
608.4090000000014,1.0184800000244587,-0.061343999985085995,10.024180999996,-0.11336000000144364,-0.007711000001650467,0.07163200000231537,52.562946,-1.49791,81.39059999999917,Vw16b
608.5090000000014,-0.7078840000244531,-1.2461240000167628,10.24444600000313,-0.10212399999982787,0.0210970000004206,-0.033224000001493614,52.562946,-1.49791,81.34049999999931,Vw16b
608.6090000000014,0.07709999998619549,-1.0867999999798348,9.764799999985541,-0.07930000000024719,0.09789999999977307,0.008899999999652861,52.562946,-1.49791,81.46,Vw16b
608.7090000000014,-0.9347811881328556,0.3913188119017026,8.704998019787272,-0.0974188118814396,0.08126633663343252,-0.016545544554808597,52.562946,-1.49791,81.46,Vw16b
608.8090000000014,-0.7207999999995961,0.5453999999814483,9.43740000000472,-0.004000000000238518,-0.004600000000058532,-0.07339999999934592,52.562946,-1.49791,81.61000000000058,Vw16b
608.9090000000015,-0.6934732673263224,-0.7098475247713237,9.756805940598856,-0.02013861386162847,-0.008560396039663428,-0.029142574256761193,52.562946,-1.49791,81.64960396039665,Vw16b
609.0090000000015,0.3768910000162329,-0.20591699999216517,10.02640900000404,-0.02643800000009311,-0.02295500000021776,0.07198300000152733,52.562946,-1.49791,81.7688000000018,Vw16b
609.1090000000015,0.19059999998883728,1.4111999999901965,9.541899999988471,-0.013200000001437359,-0.12200000000140548,0.10929999999887126,52.562946,-1.49791,81.85000000000116,Vw16b
609.2090000000015,-0.564694117658575,0.7478666666565527,8.761899999988106,-0.1104549019622672,-0.21709803921713627,0.03292745097922767,52.562946,-1.49791,81.92843137255022,Vw16b
609.3090000000016,0.9038606060850499,0.8869454545479645,9.133053535359908,-0.06597373737297249,-0.03131515151205935,0.145733333335217,52.562946,-1.49791,81.99929292929407,Vw16b
609.4090000000016,-0.5886710000246023,-1.0487320000316118,10.030871000014585,0.010136000001234227,-0.010094999999684981,-0.023578000002781846,52.562946,-1.49791,82.13860000000226,Vw16b
609.5090000000016,1.3436280000317802,2.163258000052733,9.141672999985342,0.02535400000023586,-0.22987800000358963,0.030932000000917597,52.562946,-1.49791,82.20930000000112,Vw16b
609.6090000000016,0.4604199999852667,-0.7964740000488297,10.267833000018523,-0.02657400000084974,-0.10260799999788695,0.11852100000142002,52.562946,-1.49791,82.30900000000162,Vw16b
609.7090000000017,0.757408000004995,1.2255700000334893,10.13525499999765,-0.04917700000036025,-0.1358510000005638,0.1908780000011664,52.562946,-1.49791,82.4386901000021,Vw16b
609.8090000000017,-1.270699999948162,-1.0687999999639652,8.939199999991311,-0.12459999999863747,-0.2936999999973534,-0.0015999999968554222,52.562946,-1.49791,82.55000000000068,Vw16b
609.9090000000017,1.7690999999713357,1.044299999998462,8.429700000017418,-0.044699999999157476,-0.13849999999779156,0.18279999999844834,52.562946,-1.49791,82.59000000000034,Vw16b
610.0090000000017,0.08820891086202765,0.9541019801964604,9.45108613863152,0.00470594059491361,-0.00899504950271146,0.09180990098852584,52.562946,-1.49791,82.60980198019836,Vw16b
610.1090000000017,0.5163060000077709,0.2271339999873182,9.923531000008074,0.018268000000228247,0.07942000000152166,-0.10333800000339262,52.562946,-1.49791,82.79810000000329,Vw16b
610.2090000000018,-0.19081200001242937,-0.15412300000653117,10.264998000005882,0.015429999999948124,0.066043999999751,-0.018476999998483512,52.562946,-1.49791,82.87920000000138,Vw16b
610.3090000000018,-1.38273300002204,-0.33540700000330226,9.12663299997876,-0.018656000000633558,0.18648200000224324,-0.1447160000023648,52.562946,-1.49791,82.7512999999976,Vw16b
610.4090000000018,0.94377900004353,2.37460800005048,9.13717700000041,0.008126000000504945,0.23096300000080533,-0.18579800000074084,52.562946,-1.49791,82.72029999999944,Vw16b
610.5090000000018,-1.0781380000380776,-0.6673960000571357,10.252338000020755,-0.023181000000587877,0.2040759999994914,-0.11185099999861602,52.562946,-1.49791,82.73980000000036,Vw16b
610.6090000000019,0.05039200002139199,0.1868580000164788,9.336662999982744,-0.06696100000080901,0.07034799999751584,-0.11624800000009583,52.562946,-1.49791,82.78950000000093,Vw16b
610.7090000000019,-0.7930630000159167,-0.12713800000601141,10.395114000019877,-0.024037999999192823,0.1662180000018097,-0.05412799999884269,52.562946,-1.49791,82.83950000000092,Vw16b
610.8090000000019,0.4099610000239323,1.5676480000335393,10.23433299999661,0.025900000000977707,0.16066599999987094,-0.09102100000074109,52.562946,-1.49791,82.75089999999824,Vw16b
610.9090000000019,-2.3304950000544014,-1.8933670000687393,9.17656699997913,-0.10249800000254744,0.2718760000021992,-0.1880240000019096,52.562946,-1.49791,82.57179999999647,Vw16b
611.009000000002,1.1076900000684988,0.6903470000517569,10.042941000017333,-0.0591509999991176,-0.043305000006251204,-0.22394700000069068,52.562946,-1.49791,82.66900000000196,Vw16b
611.109000000002,0.12111899997981035,-0.6974150000279494,10.005467999999086,-0.07107500000024457,0.17456700000436898,-0.01778599999591865,52.562946,-1.49791,82.57099999999804,Vw16b
611.209000000002,-0.4509260000111015,0.8840810000315376,10.762350000014967,-0.07852600000014479,0.20174800000049306,-0.11123500000188807,52.562946,-1.49791,82.5600999999998,Vw16b
611.309000000002,-0.35552099999788744,-0.2610700000242706,9.049775999964048,-0.05107799999942479,-0.04411400000514379,0.04748700000333747,52.562157959999986,-1.4952518499999445,82.56,Vw16b
611.409000000002,-1.3451930000207168,-0.43486300000338896,10.515519000031015,-0.04287999999983438,-0.10392100000119867,0.10434200000115518,52.56215,-1.495225,82.54019999999959,Vw16b
611.5090000000021,0.023573000028832336,0.27451800001486837,9.2440939999731,-0.07329200000063764,0.018062000002562945,0.06817099999923194,52.56215,-1.495225,82.62910000000186,Vw16b
611.6090000000021,1.080663000021814,1.33902000002211,10.247632000021257,-0.08706400000028156,0.011676999999840591,0.04275299999947624,52.56215,-1.495225,82.51119009999752,Vw16b
611.7090000000021,-0.9148370000419492,1.0708169999941681,9.939713999993346,0.020413000002250353,-0.11660500000268095,0.09902900000118209,52.56215,-1.495225,82.44068999999855,Vw16b
611.8090000000021,1.4904000000534785,0.1447259999796433,9.682663999994404,0.01823299999992797,-0.13671000000041472,0.034358999998561554,52.56215,-1.495225,82.41029989999934,Vw16b
611.9090000000022,0.5085649999778004,0.7332610000131886,8.184110999966999,0.021566000000074255,-0.07047099999853458,0.021423999999729194,52.56215,-1.495225,82.41990000000023,Vw16b
612.0090000000022,-0.337457000018439,-0.259214000022027,9.666672000033039,-0.0019620000005197737,-0.07465100000010702,0.09297600000158117,52.56215,-1.495225,82.27149999999672,Vw16b
612.1090000000022,-2.6008230000497434,-0.5048210000051956,9.332824999992301,-0.05229400000110507,-0.2640870000041779,0.07974099999969207,52.56215,-1.495225,82.21059999999868,Vw16b
612.2090000000022,-0.582099999974309,-0.8507999999609359,10.933999999949329,-0.008100000002684333,-0.20499999999585208,0.13489999999690505,52.56215,-1.495225,82.18,Vw16b
612.3090000000022,0.5478029126465888,0.8672582524655472,8.70545631062985,-0.1261582524298206,-0.02257281552990717,-0.0012165048574082904,52.56215,-1.495225,82.18,Vw16b
612.4090000000023,0.02929489794610285,-0.31458469390675725,10.213365306159739,-0.12544387755091962,-0.09291836734873414,0.04607040816448175,52.56215,-1.495225,81.91275510203448,Vw16b
612.5090000000023,-1.6583110000390342,-0.11029199999496364,9.928144999993004,0.01587300000327871,-0.049248999998968375,0.039867999999843765,52.56215,-1.495225,81.79119999999725,Vw16b
612.6090000000023,-1.0523999999829943,-1.5059999999667675,10.017299999987518,-0.004400000001497065,0.05960000000192705,-0.08859999999838812,52.56215,-1.495225,81.7699999999964,Vw16b
612.7090000000023,-0.3044792079036095,-0.044415841550580426,9.468290098997288,-0.07024158415992847,0.14435247524947184,-0.017708910889460472,52.56215,-1.495225,81.6115841584122,Vw16b
612.8090000000024,-0.9789999999690037,0.9920999999764071,9.429400000002893,-0.054799999998614825,-0.09609999999602648,0.037799999999903085,52.56215,-1.495225,81.46999999999787,Vw16b
612.9090000000024,0.31931683171447156,0.003882178193995278,9.550588118814803,0.0032198019815969092,0.07033564356836931,0.033740594059308064,52.56215,-1.495225,81.38089108910675,Vw16b
613.0090000000024,-0.06815500000975366,0.9966720000244216,9.806032000006192,0.05438900000123217,0.062198999999761286,-0.11697800000366998,52.56215,-1.495225,81.14239999999421,Vw16b
613.1090000000024,1.2722396039934598,1.3116415841659128,10.917400000027268,0.12165148515015645,0.07886138613902607,0.03882178218208682,52.56215,-1.495225,81.17920792079305,Vw16b
613.2090000000024,-0.9677656566214459,-0.14358787882384005,9.155507070663162,0.12230707070705366,0.01693535353382135,-0.11875959596355184,52.56215,-1.495225,81.19979797979848,Vw16b
613.3090000000025,-0.15890399997878957,-0.14582799999967694,9.753377000015707,0.08517499999905356,0.1258930000027939,-0.11703399999991419,52.56215,-1.495225,81.07129999999671,Vw16b
613.4090000000025,1.05908200003085,1.9028080000522467,9.506456999993544,0.02629099999850773,0.017901999997217477,0.0827820000050954,52.56215,-1.495225,80.95119999999697,Vw16b
613.5090000000025,0.02150399997322494,0.8921179999736948,8.843470999983156,0.015700999999744975,-0.15833100000446668,0.08727500000006312,52.56215,-1.495225,80.97970000000076,Vw16b
613.6090000000025,0.053899999982578904,0.7022999999621095,9.439100000009994,-0.005000000000289733,-0.05999999999876182,0.1077999999990689,52.56215,-1.495225,81.01999999999802,Vw16b
613.7090000000026,-0.6426346534829324,-0.8126504950877537,9.838703960406129,-0.016584158416134052,-0.010495049503700622,0.07057227722678286,52.56215,-1.495225,80.94078217821583,Vw16b
613.8090000000026,0.09755300001990552,1.2273410000547527,9.870222000000734,0.004387000000561796,-0.1521640000037875,0.03931199999917709,52.56215,-1.495225,80.94989990000026,Vw16b
613.9090000000026,0.3365620000061692,-0.3208520000418176,9.99920000000343,0.025390000000554122,-0.2861610000035332,0.13047600000243811,52.56215,-1.495225,81.14800000000528,Vw16b
614.0090000000026,-0.5807110000245106,-0.9553510000164891,10.552821000014722,0.05896300000088922,0.045536000008876476,-0.07194600000541981,52.56215,-1.495225,81.17970000000079,Vw16b
614.1090000000027,0.18328900002061055,0.39301700003610507,9.491377999971562,-0.016039000002008023,-0.005649000001453908,-0.11379800000106075,52.56215,-1.495225,81.15029999999922,Vw16b
614.2090000000027,0.2271360000009605,-0.13423600001441777,10.293687000021672,-0.024720000000211094,-0.15083900000385508,0.11379700000607687,52.56215,-1.495225,81.12029999999922,Vw16b
614.3090000000027,-0.9908999999685765,-0.8775999999822108,9.222300000011428,0.023800000001358842,-0.09029999999898156,0.02829999999985412,52.56215,-1.495225,81.15000000000352,Vw16b
614.4090000000027,0.16078316834852757,-0.22561980196225473,9.641111881199645,0.0736019801993904,-0.0529732673257054,0.02295346534638751,52.56215,-1.495225,81.27871287129068,Vw16b
614.5090000000027,-0.06272600000653408,-0.2665210000013184,9.050507999983463,0.11924400000125507,-0.0713110000005202,0.07834000000154132,52.56215,-1.495225,81.44830000000468,Vw16b
614.6090000000028,0.940999999949288,1.3021999999388414,9.271100000018441,-0.014300000001926149,-0.08210000000098064,-0.05249999999481858,52.56215,-1.495225,81.43,Vw16b
614.7090000000028,-0.9176138614372901,-0.9392851485765399,9.946941584177015,-0.08489405940788344,-0.11804059406039508,0.1374009901042362,52.56215,-1.495225,81.43,Vw16b
614.8090000000028,-0.034408999973903565,-0.3456229999821716,9.923900999999137,-0.0697599999995416,0.031981000004351806,0.2079070000019854,52.56215,-1.495225,81.53890000000315,Vw16b
614.9090000000028,-0.9209530000259292,0.8427590000342235,9.729262999994374,-0.029702999998844987,-0.0661930000028861,-0.13196000000985914,52.56215,-1.495225,81.71820000000515,Vw16b
615.0090000000029,1.2837390000640876,-0.15262500002916224,9.940744000006179,0.08752000000338195,-0.025916999998804854,0.11764400000732558,52.56215,-1.495225,81.74970000000086,Vw16b
615.1090000000029,1.733399999942498,0.967599999949204,10.717999999983647,0.06379999999975518,0.12929999999624045,0.04379999999995779,52.56215,-1.495225,81.93000000000085,Vw16b
615.2090000000029,-0.2897683168896634,-0.8196277228234956,10.142653465330048,0.05518613861361453,-0.0029772277265630864,0.04231485148510595,52.56215,-1.495225,81.95970297029787,Vw16b
615.3090000000029,1.3271267327210492,0.979689108963928,11.089750495077315,0.01814653465238681,-0.03086336633740895,0.019265346533981167,52.56215,-1.495225,82.15603960396611,Vw16b
615.409000000003,0.31179797976611234,1.0356040404046243,7.872921212022847,-0.14365656566146118,-0.004276767675943233,-0.024953535354865292,52.56215,-1.495225,82.27878787879149,Vw16b
615.509000000003,1.0612220000228785,0.43526599998192494,10.338858000075215,-0.04887399999709774,-0.06716200000190108,0.13765300000490763,52.56215,-1.495225,82.44830000000506,Vw16b
615.609000000003,-0.06603600003415955,-0.5047660000281108,10.057694999990778,0.0371410000025596,-0.1664040000029678,0.03732999999693086,52.56215,-1.495225,82.49950000000149,Vw16b
615.709000000003,-0.692686000018516,0.7294380000374314,10.35763900000912,0.03859400000001788,-0.3045150000041269,0.0011549999989421966,52.56215,-1.495225,82.71780000000655,Vw16b
615.809000000003,1.133700000016223,0.8806000000257508,9.066200000063215,-0.15450000000352845,-0.1375000000021578,0.21330000000367433,52.56215,-1.495225,82.90000000000153,Vw16b
615.9090000000031,1.6622148515014965,1.7195108911150578,11.12560594065776,-0.26945049505306057,-0.20779702970514471,0.33300297030073234,52.56215,-1.495225,82.94950495049659,Vw16b
616.0090000000031,-2.0220320001152854,-2.8456030001429067,10.360436999975446,-0.13001999999560734,-0.47916600000845744,0.22094399999646114,52.56215,-1.495225,83.00939010000185,Vw16b
616.1090000000031,-1.6143939999860981,-1.8230949999666066,10.194000999995046,-0.29284100000513197,-0.7708810000090297,0.49175300000849764,52.56215,-1.495225,83.2178999000065,Vw16b
616.2090000000031,-5.71018300012812,-5.7788340001239415,5.712649999860023,-0.40646900000349867,-0.541743999992749,0.4041129999971757,52.56215,-1.495225,83.28930000000217,Vw16b
616.3090000000032,3.127116000287524,3.1136720002892675,9.248725000115977,-0.22949899999423248,-0.5294999999996793,0.4562640000017184,52.56215,-1.495225,83.29,Vw16b
616.4090000000032,3.3662900000048426,0.39744799990908497,11.902163000084785,0.025245000008194185,-0.47890999999836437,0.4120519999985504,52.56215,-1.495225,83.30980000000065,Vw16b
616.5090000000032,4.159899000025661,4.284352000126834,10.631303999957973,0.06581600000123153,-0.11229799998814011,-0.11379300001702014,52.56215,-1.495225,83.44860000000449,Vw16b
616.6090000000032,1.5010379999136072,0.6806999998819783,9.28031399995666,-0.02062300000281264,0.21720900001055457,-0.10405199999951252,52.56215,-1.495225,83.45,Vw16b
616.7090000000032,-3.411999999991983,-3.7174999999213143,10.14109999994039,-0.12199999999953647,0.3380999999989065,-0.1644000000013155,52.56215,-1.495225,83.52000000000228,Vw16b
616.8090000000033,-3.168831683160242,-1.330866336554414,8.333080197959765,-0.10794059405893909,0.3049316831672154,-0.20430099010033484,52.56215,-1.495225,83.58930693069537,Vw16b
616.9090000000033,-1.3690999998652702,-1.8754999998407065,10.529499999989822,-0.041499999997568114,0.4801000000025429,-0.2938999999999641,52.56215,-1.495225,83.6600000000013,Vw16b
617.0090000000033,2.717434653601042,2.956084158576277,10.220787128702622,0.03226237624007309,0.5572287128738482,-0.29281089108907277,52.56215,-1.495225,83.69960396039735,Vw16b
617.1090000000033,-0.6675950001149156,-2.8307590001957306,10.864071000021681,0.1992210000055756,0.4523669999964567,-0.334479000001398,52.56215,-1.495225,83.68019999999935,Vw16b
617.2090000000034,3.8414050001524083,3.2734460002067336,10.72299099999505,0.22030400000065087,0.3614079999969847,-0.2994579999988111,52.56215,-1.495225,83.88790000000698,Vw16b
617.3090000000034,-4.342867000285425,-0.9512970001486742,6.99573399987079,0.3574170000047483,0.3761420000005425,-0.3512730000018094,52.56215,-1.495225,83.84049999999829,Vw16b
617.4090000000034,1.0521650001900467,1.9356020001016536,9.153425000076158,0.3479099999996222,0.3923380000005564,-0.35358200000006185,52.56215,-1.495225,83.83009999999966,Vw16b
617.5090000000034,-2.906554000139254,-3.402679000186221,9.662284000016884,0.2266239999957962,0.16638399999215567,-0.13817599999252658,52.56215,-1.495225,83.93889010000379,Vw16b
617.6090000000034,0.6053999999220404,-0.05430000004130243,10.76049999998293,0.14449999999904842,0.02069999999702254,-0.054499999996367704,52.56215,-1.495225,84.08999999999966,Vw16b
617.7090000000035,-1.6803999999048265,-1.2652999999303203,10.259999999982137,0.11659999999945565,-0.06659999999972434,0.051999999999665016,52.56215,-1.495225,84.0800000000007,Vw16b
617.8090000000035,1.0200950496007624,0.7118287129414345,9.753168316813703,0.10115445544499657,-0.05877821782150467,0.04249504950461327,52.56215,-1.495225,84.09980198019872,Vw16b
617.9090000000035,1.053040000000213,0.22165099998172344,9.678007999997488,0.002791999996480221,-0.1968050000049497,0.08675200000158959,52.56215,-1.495225,84.17920000000285,Vw16b
618.0090000000035,2.278126000043905,1.4285570000434404,9.982517000010938,-0.010476000000439972,-0.3052190000038356,0.1922390000037646,52.56215,-1.495225,84.26910000000319,Vw16b
618.1090000000036,1.4253389999689925,2.9833190000552836,9.558315999984686,-0.18355300000619862,-0.43668300000467297,0.21844600000090125,52.56215,-1.495225,84.31950000000177,Vw16b
618.2090000000036,-1.6423020001096316,-2.633012000201849,9.578651000000884,-0.1014469999969947,-0.28049099999435484,0.3340350000041336,52.56215,-1.495225,84.33980000000071,Vw16b
618.3090000000036,-1.3092759999865433,-1.1839119999443133,9.60483800000096,-0.10456000000014642,-0.3306770000019145,0.16412799999367428,52.56215,-1.495225,84.41920000000293,Vw16b
618.4090000000036,1.198799999967395,2.3655000000250697,9.622700000021284,-0.043299999995839736,-0.3382999999950545,0.16060000000069516,52.56215,-1.495225,84.51999999999964,Vw16b
618.5090000000037,0.3025623762048071,3.054608910916322,10.207749504971916,0.07105643564775163,-0.20235940593561644,0.1797089108917888,52.56215,-1.495225,84.51008910891053,Vw16b
618.6090000000037,1.6981000000130821,1.45400000007623,11.562399999829518,0.281799999984906,0.07529999999672218,0.20389999996923724,52.56215,-1.495225,84.61000000000327,Vw16b
618.7090000000037,2.0576999999543086,3.549399999727055,6.87620000019093,-0.13310000000826117,-0.014800000007739686,-0.6416999999909173,52.56215,-1.495225,84.6999999999955,Vw16b
618.8090000000037,0.8398000000032353,-3.725899999784952,11.965399999901413,-0.35329999999208067,-0.2210999999927938,-0.39959999995646583,52.56215,-1.495225,84.58000000000074,Vw16b
618.9090000000037,0.9260376237656319,2.006179208137196,9.337578217722573,-0.14221089108113963,-0.029020792071956347,0.7607960396477689,52.56215,-1.495225,84.59980198019876,Vw16b
619.0090000000038,1.599902000025666,0.10518099992531615,12.015881000103144,-0.24454500000398322,-0.29004400001002784,0.32155399998280615,52.56215,-1.495225,84.9069000000117,Vw16b
619.1090000000038,-1.1719330001059682,0.9739250000338854,7.716602999834998,-0.22302799999913916,-0.07866199999183732,0.008515999988235434,52.56215,-1.495225,84.8703999999985,Vw16b
619.2090000000038,0.1638240000520117,0.03626199996389834,9.281650000061353,-0.2115139999995696,-0.07194599999982633,0.15221700000559912,52.56215,-1.495225,84.86009999999962,Vw16b
619.3090000000038,-3.993567000163817,-2.008641000079935,9.026639999989346,-0.18526399999897356,-0.4984910000167538,0.1978540000017341,52.56215,-1.495225,84.82039999999844,Vw16b
619.4090000000039,2.4843410002561406,3.2461140002072413,10.267637000048861,-0.11827399999737866,-0.2868809999915176,0.34501800000576377,52.56215,-1.495225,84.998200000007,Vw16b
619.5090000000039,-1.5707740001618924,-0.7868250001605275,8.947263999947635,-0.12829200000042001,-0.22916099999781814,0.24294599999593186,52.56215,-1.495225,84.9900999999996,Vw16b
619.6090000000039,-0.7077000000619184,0.6783999999274233,9.351200000032687,-0.09129999999808264,-0.33629999999742055,0.18290000000109072,52.56215,-1.495225,84.78,Vw16b
619.7090000000039,-2.3095811881811086,-1.1992237624492579,10.196843564389322,-0.041696039602031304,-0.269567326730078,0.21111782178327562,52.56215,-1.495225,84.78,Vw16b
619.809000000004,-0.2342249999154622,2.0407830001317264,10.086103999995181,0.036614000003145394,0.19402400001871234,0.030229999992676754,52.56215,-1.495225,84.74039999999839,Vw16b
619.909000000004,3.772739000161162,3.088648000041038,13.795024000150013,0.39231500001435043,0.8821960000276361,-0.4493740000193181,52.56215,-1.495225,84.839000000004,Vw16b
620.009000000004,-1.5770550002179378,-1.5026200001860555,9.63965199983047,0.18740599999156984,0.7280269999934873,-0.758031000012285,52.56215,-1.495225,84.51329009998679,Vw16b
620.109000000004,1.9975430001467345,1.7415610001330533,12.497505000117265,0.28657700000409503,0.5330529999921824,-0.07304999997217976,52.56215,-1.495225,84.5000998999996,Vw16b
620.209000000004,-0.5123999998999875,-0.07039999987343751,8.856700000125306,0.10399999999314366,0.4301999999951657,-0.30640000000930384,52.56214999999997,-1.4952249999998886,84.21999999999271,Vw16b
620.3090000000041,1.9312633664372236,3.021976237751056,11.918383168442862,-0.06352475248214344,0.3120811881139497,-0.5337267326826249,52.56133316831679,-1.4925012376236504,84.0417821782105,Vw16b
620.4090000000041,-4.5493999998314365,-2.520899999870273,9.027500000008242,-0.12300000000325798,0.05239999998791633,0.08550000000636603,52.561325,-1.492474,83.99999999999595,Vw16b
620.5090000000041,-0.4307861384443239,0.6488029704275062,9.228886138622151,-0.20260396039931639,-0.24284752476462873,0.24104455446184836,52.561325,-1.492474,83.90099009900582,Vw16b
620.6090000000041,5.2732000002354695,5.073724000182678,11.401970000090277,-0.3884310000076939,-0.7742620000219744,0.5776160000139305,52.561325,-1.492474,83.77129999999464,Vw16b
620.7090000000042,-0.42449999997561527,3.683699999893757,8.380900000247825,-0.2829999999867227,-0.5047999999780017,0.6392999999562075,52.561325,-1.492474,83.42999999999543,Vw16b
620.8090000000042,0.1552029703215515,1.157957425635734,14.272484158665058,0.03264356436978755,0.018170297051824824,-0.4017891089549297,52.561325,-1.492474,83.32108910890628,Vw16b
620.9090000000042,-1.1335240000553153,0.245857999962105,9.93451299981212,0.027780999999657344,-0.14796900000732263,-0.2615219999935615,52.561325,-1.492474,83.43879010000508,Vw16b
621.0090000000042,1.90161000013025,1.865648000069597,10.914453000043771,0.03453100000029189,-0.07376699999675537,0.37726300002723023,52.561325,-1.492474,83.17269989998859,Vw16b
621.1090000000042,-3.702086000240762,-1.436281000141795,8.684330999904263,-0.007772000001810567,0.04055300000485214,0.052643999985853895,52.561325,-1.492474,82.912599999989,Vw16b
621.2090000000043,1.1299170002089043,0.5166350000848805,8.298072999984461,-0.13165300000527516,0.13634400000404417,-0.26571800001346074,52.561325,-1.492474,82.9496000000017,Vw16b
621.3090000000043,4.302399999865516,2.9159000000056547,9.568400000091321,0.004500000019350625,0.6136999999996535,-0.2292000000204456,52.561325,-1.492474,82.70999999999829,Vw16b
621.4090000000043,1.1894297028350778,3.0467910891145964,11.682261386230435,0.4524207920986644,0.6056801980194536,-0.7024673267532308,52.561325,-1.492474,82.67039603960224,Vw16b
621.5090000000043,-3.8946600002217164,-3.7063730002963764,12.433327000032028,0.17851199998778472,0.5590699999979584,-0.7565020000021633,52.561325,-1.492474,82.6997000000013,Vw16b
621.6090000000044,-4.405400000131434,-1.4770000002166082,4.957799999986022,-0.6500000000120878,-0.5042000000176183,0.3347000000288249,52.561325,-1.492474,82.75998999999787,Vw16b
621.7090000000044,-7.447776237755916,-6.490960396257398,4.634235643550302,-0.9298019802101736,-0.9120217821959326,1.00192772280126,52.561325,-1.492474,82.71049495049289,Vw16b
621.8090000000044,-3.809061999834832,-4.508827999908516,11.611391000314226,0.044035000043963546,-0.937781000000976,0.4683569999756807,52.561325,-1.492474,82.65059999999733,Vw16b
621.9090000000044,-1.5964749999020427,-1.8263879998801422,10.269466999936403,0.14527700000411442,-0.8608789999965274,0.5245770000027771,52.561325,-1.492474,82.64009999999955,Vw16b
622.0090000000044,4.616762000278772,6.0380330003529,9.436865999963153,-0.0223970000075914,-0.4819199999829718,0.38610499999373693,52.561325,-1.492474,82.68949010000223,Vw16b
622.1090000000045,1.668412999864429,1.0386979997713306,8.908948999976602,-0.07300600000220209,-0.29138599999159287,0.2676819999947311,52.561325,-1.492474,82.5810998999951,Vw16b
622.2090000000045,3.2804100000739527,3.9942280001353883,8.151200999966116,-0.10676400000149777,-0.021209999987919725,-0.08673200001590492,52.561325,-1.492474,82.50079999999643,Vw16b
622.3090000000045,-2.5003999998705275,-2.4527999998422656,10.789099999916209,-0.06469999999921207,0.10960000000333632,-0.060000000000454745,52.561325,-1.492474,82.7000000000054,Vw16b
622.4090000000045,0.34672871300143226,1.0158138615446926,8.946525742490032,-0.047373267325940646,0.18296633663701703,-0.07000000000045711,52.561325,-1.492474,82.81881188119354,Vw16b
622.5090000000046,-1.7717140000991343,-2.2517440001524816,9.343306000019172,-0.027993999999113155,0.16756299999925486,-0.23543000000763417,52.561325,-1.492474,82.73089999999588,Vw16b
622.6090000000046,1.3752930001463155,1.7328150001855285,11.187415000084957,0.134560000007497,0.2587770000042193,-0.04503999999113159,52.561325,-1.492474,82.73,Vw16b
622.7090000000046,-1.8606999998364302,-2.9773999996963276,10.343899999922764,-0.01570000000335511,0.4918999999945081,-0.31900000000286133,52.561325,-1.492474,82.75999000000323,Vw16b
622.8090000000046,1.6485079209564781,3.537550495354718,8.686870296952074,-0.08768019802317412,0.3740782178162625,-0.3803861386167372,52.561325,-1.492474,82.82930683168641,Vw16b
622.9090000000047,0.12068699992603737,-0.09465300017497214,9.143520000022395,-0.07424299999933004,0.1748999999906299,-0.06489299998504067,52.561325,-1.492474,82.82009999999953,Vw16b
623.0090000000047,-0.2463520000166225,0.47011800002849446,8.708838999979204,-0.05410199999905363,0.09706599999641126,-0.17911400000555644,52.561325,-1.492474,82.81009999999954,Vw16b
623.1090000000047,0.6888180000444235,0.7339960000121999,10.073867000064809,-0.03578299999914264,0.023039999996533084,0.17847600001697858,52.561325,-1.492474,82.83970000000141,Vw16b
623.2090000000047,-0.958000000113386,-1.577899999955074,10.782599999910744,0.026400000014778387,0.13809999998464959,0.024599999998264982,52.561325,-1.492474,83.02999999999858,Vw16b
623.3090000000047,-3.3326534654604814,-0.6370089108459406,8.913293069217232,0.3359049505099011,-0.18338514853027793,-0.011736633665109946,52.561325,-1.492474,83.00029702970154,Vw16b
623.4090000000048,3.241257000319802,1.423185000099405,14.946272000293337,0.46671000000619034,0.2320710000202938,0.14026100000738526,52.561325,-1.492474,83.00989010000048,Vw16b
623.5090000000048,4.697563000067359,3.039384000077336,11.446468999827395,-0.03699900002447826,-0.3121600000265849,0.10546699999823886,52.561325,-1.492474,83.00009989999953,Vw16b
623.6090000000048,5.792977000052416,3.224691000008201,10.046477999933884,-0.12110200000382937,-0.16632899999266276,0.2043970000048131,52.561325,-1.492474,83.10890000000528,Vw16b
623.7090000000048,-1.2952910003441112,0.7578349998803438,7.642839999884158,0.08550500001005333,-0.5786200000200586,0.09610399999470222,52.561325,-1.492474,82.9614999999928,Vw16b
623.8090000000049,0.23509999999491302,-2.0662999999298957,9.716600000040483,0.022400000003470377,-0.15780000000518377,-0.04009999998698488,52.561325,-1.492474,83.0000000000063,Vw16b
623.9090000000049,0.13104059405429436,-0.6322405939889626,10.544718811921868,0.09339009901338816,-0.2638396039656049,0.2261376237754543,52.561325,-1.492474,83.12871287129344,Vw16b
624.0090000000049,-1.4756810000796743,0.5701000000589488,10.237387999984339,0.14627300000258886,-0.22074599999780906,0.2701820000020534,52.561325,-1.492474,83.28840000000787,Vw16b
624.1090000000049,3.637191000254507,4.083433000173737,8.269940999902532,0.15026500000017193,-0.6063010000191534,0.36722400000479455,52.561325,-1.492474,83.26029009999853,Vw16b
624.209000000005,-0.21476800019370623,-1.3900550002733514,11.472451000159895,0.0696149999959964,-0.13054499997619945,0.33493599999834944,52.561325,-1.492474,83.32929990000343,Vw16b
624.309000000005,-0.5120900990227586,0.2011306931514123,10.170166336567114,-0.07185841584859695,0.02338811881931424,-0.15716534655917125,52.561325,-1.492474,83.46722772277911,Vw16b
624.409000000005,-1.3439646465070356,-2.1846161617402022,9.898101010088443,-0.025798989896482383,-0.023292929295477424,-0.09543131312763815,52.561325,-1.492474,83.50958606060809,Vw16b
624.509000000005,1.6871970001543162,1.473500000186971,9.09765999995949,-0.029062000000190994,-0.1345810000056242,0.08914300000933345,52.561325,-1.492474,83.46049989999749,Vw16b
624.609000000005,-2.8864910002337583,-2.902522000224053,10.827248000088218,-0.07671900000241755,0.10100900001201737,-0.1207610000107508,52.561325,-1.492474,83.41049999999748,Vw16b
624.7090000000051,4.939876000399694,4.373653000371665,12.561559000087158,-0.11699800000202049,0.23447600000665458,-0.35040200001155,52.561325,-1.492474,83.65750000001256,Vw16b
624.8090000000051,-0.3228380002772919,0.8137059998113814,9.128056999820881,0.06238400000933175,0.3890520000079546,-0.33032599999883866,52.561325,-1.492474,83.7392000000041,Vw16b
624.9090000000051,3.01266300017597,2.4935610000891186,11.73857900013734,0.2424000000092516,0.20992499999061992,-0.10348899998823502,52.561325,-1.492474,83.7300999999995,Vw16b
625.0090000000051,-3.820829000356551,-3.737584000324403,8.188528999814306,0.12421199999377058,0.37055900000843434,-0.36107500001349196,52.561325,-1.492474,83.64089999999537,Vw16b
625.1090000000052,-2.5335039999295645,-2.5058789999327766,9.65116100007781,0.12319800000001029,0.7416680000191815,-0.4922020000066714,52.561325,-1.492474,83.65980000000103,Vw16b
625.2090000000052,-2.7376000000113074,-3.5505160000549134,8.953895999963015,0.15785000000179894,0.6601609999955746,-0.4373669999970858,52.561325,-1.492474,83.90750000001285,Vw16b
625.3090000000052,-0.9809659999066871,-1.3588459998831572,9.601189000034722,0.11038299999746312,0.3016129999810233,-0.2870129999920532,52.561325,-1.492474,83.89019999999896,Vw16b
625.4090000000052,1.817512000147559,1.300958000139963,11.351784000092547,-0.06473600000926713,0.16722099999306017,-0.23768299999746256,52.561325,-1.492474,84.01870000000683,Vw16b
625.5090000000052,1.0888439999598423,1.4058100000041502,7.899845999815886,-0.17916200000597843,0.21540000000262674,0.05692900001560805,52.561325,-1.492474,84.0596000000021,Vw16b
625.6090000000053,4.017399999697327,2.846999999749759,9.272599999931241,-0.15969999998612588,-0.0784000000199509,0.12040000000826798,52.561325,-1.492474,83.96000000000627,Vw16b
625.7090000000053,-1.7702999999306748,-1.9380999997903159,7.957800000034112,0.10559999999887315,-0.45990000000127496,0.2785000000015395,52.561325,-1.492474,84.08000000001164,Vw16b
625.8090000000053,-0.4728742573561109,1.9861574259531856,8.596215841618422,0.08451089108797707,-0.48376138613989444,0.3073118811896651,52.561325,-1.492474,84.2978217821899,Vw16b
625.9090000000053,-9.510799999125537,-6.331699999328968,6.709400000346625,-0.3584000000104538,-1.018299999997413,0.6612000000228069,52.561325,-1.492474,84.38000000000582,Vw16b
626.0090000000054,6.854843565234766,6.226715842258159,13.196528713219447,-0.5540435643669357,-0.9698841584132432,1.0880316831912247,52.561325,-1.492474,84.48891089109495,Vw16b
626.1090000000054,-0.35472300039972904,-2.233574000465472,9.281896999784255,-0.3647319999896307,-0.9722710000001556,0.9018239999896737,52.561325,-1.492474,84.25239999998712,Vw16b
626.2090000000054,5.709988000332829,5.869772000444016,9.963014000039106,-0.23162499999288852,-0.7483619999878595,0.39648499997270803,52.561325,-1.492474,84.27970000000161,Vw16b
626.3090000000054,-2.196519802414084,-1.4150603964407678,9.205353465304883,-0.13061386138071068,-0.37911386136615616,0.3132782178175284,52.561325,-1.492474,84.37801980198553,Vw16b
626.4090000000054,-1.8657181817906825,-1.0792454545183539,9.943312121254252,-0.10207070706922361,-0.3529909090898629,0.017798989882555627,52.561325,-1.492474,84.48888888889498,Vw16b
626.5090000000055,-5.016424000174707,-5.139438000225055,8.625488999926617,-0.10981900000044395,-0.2325149999933408,-0.13023500000802943,52.561325,-1.492474,84.61870000000712,Vw16b
626.6090000000055,0.832201000325556,0.9913580003416866,10.275003000092061,-0.03663999999594418,0.12044700001947345,0.05620200001040265,52.561325,-1.492474,84.65960000000219,Vw16b
626.7090000000055,3.2142390001285857,4.396435000185061,10.75492200002564,0.02290600000325562,0.3607090000131047,-0.25285900001721534,52.561325,-1.492474,84.67980000000111,Vw16b
626.8090000000055,0.37848099983845707,0.024402999751076848,10.526256999986815,0.01122399999930642,0.2577639999940486,-0.07552299998980325,52.561325,-1.492474,84.7790000000056,Vw16b
626.9090000000056,1.992703000092852,1.972968000112629,10.825355000017035,0.057828000002640614,0.2832320000014993,-0.01360699999660412,52.561325,-1.492474,85.02750000001399,Vw16b
627.0090000000056,-1.9428999997975591,-1.7975999997745762,9.275000000045983,0.049599999996497654,0.2606999999977221,-0.3293999999923059,52.561325,-1.492474,84.9799999999978,Vw16b
627.1090000000056,1.6911594061438937,2.2490336635927166,10.100445544600634,-0.013271287132230074,0.21980891088880156,-0.19128118811108513,52.561325,-1.492474,84.94038613861166,Vw16b
627.2090000000056,-2.762843000253751,-3.926710000351281,9.765466999980605,0.020849000001963682,0.27078100000290356,-0.03981599999151869,52.561325,-1.492474,85.05879990000672,Vw16b
627.3090000000057,0.5812630001953933,-0.11780799977680756,9.349862999976242,0.01209199999947495,0.07765599998883693,-0.1568030000068314,52.561325,-1.492474,85.22830000000971,Vw16b
627.4090000000057,-2.266192000166155,-2.60458600014564,10.008010000038187,-0.01037400000129006,-0.3197060000227986,0.253246000023712,52.561325,-1.492474,85.22009999999943,Vw16b
627.5090000000057,0.4849999999979176,0.7438999999474677,10.355499999946026,0.039299999995818354,-0.16759999999778255,0.27519999998525446,52.561325,-1.492474,85.27000000000787,Vw16b
627.6090000000057,0.4483663366315723,-0.180258415894335,9.405995049450752,-0.0342643564398426,-0.12859009900767432,0.015794059391133708,52.561325,-1.492474,85.40861386139404,Vw16b
627.7090000000057,3.1492150001557486,2.826139000173878,10.963868000090372,-0.046484000000662155,-0.20908300000466362,0.13754400000716954,52.561325,-1.492474,85.48920000000456,Vw16b
627.8090000000058,-0.8913110002391695,-0.7994700002149608,9.224330999896791,-0.07451800000164147,-0.31385000000611185,0.23374100000558212,52.561325,-1.492474,85.51970000000175,Vw16b
627.9090000000058,-1.9105999999242296,-2.3562999998172645,10.176699999940006,-0.016700000000086108,-0.4557999999752177,0.13729999999990242,52.561325,-1.492474,85.60000000000458,Vw16b
628.0090000000058,-0.6037683167556038,0.7953831685003125,9.141947524692236,-0.018185148514937945,-0.028374257400859304,0.13561683168307032,52.561325,-1.492474,85.6792079207967,Vw16b
628.1090000000058,1.0799999998924896,-0.763799999915808,11.30779999990919,-0.0542999999939092,0.04289999999307107,-0.003599999999328347,52.561325,-1.492474,85.81000000000459,Vw16b
628.2090000000059,-0.7742574258505228,0.6882792080053275,9.741562376146442,0.050749504956610667,-0.07660495050200669,0.007984158416515973,52.561325,-1.492474,85.8892079207967,Vw16b
628.3090000000059,0.8628760000992481,1.0263320000193938,8.670658999936744,0.0632840000006884,-0.19432300000698485,0.115317000006427,52.561325,-1.492474,85.8800999999994,Vw16b
628.4090000000059,0.03582299994941085,1.0504890000012523,9.984620000079417,0.07052800000042736,0.029923000013515333,-0.0002220000069921152,52.561325,-1.492474,85.79089999999466,Vw16b
628.5090000000059,-1.0042800000618486,-0.7029860001051429,11.213819000072895,0.11465500000264134,0.0019059999981837113,-0.15673100000931295,52.561325,-1.492474,85.79,Vw16b
628.609000000006,0.3450650000815254,1.2891980001205043,10.017408999927532,0.02580199999464608,0.2286070000136103,-0.004354999990770159,52.561325,-1.492474,85.86920000000475,Vw16b
628.709000000006,1.0928850000440125,0.8095499999700253,10.612367000036402,-0.1420140000100074,0.08863699999147057,-0.002304999999970322,52.561325,-1.492474,85.85019999999881,Vw16b
628.809000000006,-0.7497130001130217,0.7966789999995222,9.319124999920618,-0.16389600000123383,-0.0580330000088726,0.027796000001838635,52.561325,-1.492474,85.6618999999885,Vw16b
628.909000000006,-0.21241599996602722,0.8874820000055532,9.15918299999103,-0.054209999993285324,-0.08088400000130665,0.057206000001778494,52.561325,-1.492474,85.51149009999092,Vw16b
629.009000000006,-0.12027399999471293,0.5022009999764018,10.676360000092796,0.08856900000865653,0.07759700000969699,-0.04258900000611581,52.561325,-1.492474,85.60899990000605,Vw16b
629.1090000000061,0.10859700001393147,1.1921910000423994,9.25986299991251,0.07435799999904422,0.09939600000123405,-0.12190900000478498,52.561325,-1.492474,85.49119999999273,Vw16b
629.2090000000061,0.1342000000535803,-0.46599999993627506,10.148800000078854,0.09810000000183565,-0.019799999999908828,-0.05479999999862022,52.56132499999995,-1.4924739999998298,85.3299999999921,Vw16b
629.3090000000061,1.0069722772815095,0.5720198020441682,11.433255445623711,0.1280009901008526,-0.01831485148505699,-0.032324752473862434,52.56050519801975,-1.4897007326730964,85.20128712870495,Vw16b
629.4090000000061,0.5801989999728892,1.479736000055861,10.246021999925293,0.021379999993343987,0.16049400001113032,-0.0810060000030445,52.560497,-1.489673,85.07129999999198,Vw16b
629.5090000000062,-1.1054180001046592,-0.9467980001516212,10.448235000013343,-0.10523200000781462,0.10705799999656107,-0.023683999996400827,52.560497,-1.489673,84.8917999999889,Vw16b
629.6090000000062,-0.33366699995089966,0.14928000006976494,9.633253999949131,-0.07660199999813878,0.04313999999605571,0.05550600000489339,52.560497,-1.489673,84.67219999998645,Vw16b
629.7090000000062,-1.321442000061987,0.6118420000280907,9.706279000005061,0.09873200001089613,0.01666099999839147,-0.03705700000581166,52.560497,-1.489673,84.59079999999507,Vw16b
629.8090000000062,-3.7607620001539885,-3.7729630002782373,8.576420999928327,0.22029000000759336,-0.22743700001545658,0.36156400002532796,52.560497,-1.489673,84.78800000001256,Vw16b
629.9090000000062,0.37250396066062974,0.864615841882101,11.752505940796903,-0.20645445547277821,-0.42819405941855937,-0.044710891115219864,52.560497,-1.489673,84.39792079205426,Vw16b
630.0090000000063,-0.6267464647158466,-1.6986787880490248,11.692172727264738,-0.04345151514052109,-0.2109575757434052,0.09954343435320473,52.560497,-1.489673,84.24151515150564,Vw16b
630.1090000000063,6.7017999997581725,6.7874999998086585,10.028000000096311,-0.0874000000051632,-0.4986999999957097,0.5797999999746112,52.560497,-1.489673,83.96999999999814,Vw16b
630.2090000000063,2.8342752472820107,3.7274009899069456,11.568297029799647,-0.16997425743092529,-0.4300861386095549,0.1737603960141192,52.560497,-1.489673,83.94028712871102,Vw16b
630.3090000000063,1.6663138613142743,1.9725336632566097,10.734652475193494,-0.11483069306574523,-0.4920346534693324,0.3337851485252934,52.560497,-1.489673,83.92039584158292,Vw16b
630.4090000000064,-4.39888600039534,-3.4803280003544903,9.833441999942158,-0.11958000000038471,-0.5233860000019684,0.4874320000098359,52.560497,-1.489673,83.73379999998782,Vw16b
630.5090000000064,0.22743434374406757,1.0444010104032784,9.654343434332931,-0.0871323232301995,-0.5687434343463521,0.24094646463019126,52.560497,-1.489673,83.48252525250912,Vw16b
630.6090000000064,-2.3627470001703217,-2.8775070002562075,10.171955000033517,-0.1114510000015912,-0.30853299998317424,0.20860099999807652,52.560497,-1.489673,83.18299999998084,Vw16b
630.7090000000064,0.2618396041321569,1.4927029705827524,10.400587128727343,-0.1530643564383234,-0.14014851484074692,0.11253465345914235,52.560497,-1.489673,83.05257425741749,Vw16b
630.8090000000064,-0.6125313131928891,-0.9400666668340134,9.960338383808871,-0.1047020201987555,-0.18094949495242463,0.051206060602119324,52.560497,-1.489673,82.95101010100353,Vw16b
630.9090000000065,0.4868000000728451,2.4841520002266524,9.475748999968463,0.07677200001188937,-0.03329599999026997,0.06842000000117071,52.560497,-1.489673,82.70249999998374,Vw16b
631.0090000000065,0.16456799997809446,1.6174069999407679,11.059058000104338,0.10176600000152193,0.20352300001546006,-0.10811500001160967,52.560497,-1.489673,82.47229999998504,Vw16b
631.1090000000065,0.1710000000536137,0.7161000000010609,9.730599999959354,0.01610000000131509,0.11800000000405962,-0.1315999999922365,52.560497,-1.489673,82.39999999999239,Vw16b
631.2090000000065,0.9983529412304716,0.7324725490206765,9.103345097998275,0.03639411764838341,0.1806470588276184,-0.011796078423552986,52.560497,-1.489673,82.2823529411688,Vw16b
631.3090000000066,-1.4406434345092287,-1.649589899150754,11.117717171854027,-0.08792727273569412,0.2302070707103323,-0.24776767678377096,52.560497,-1.489673,81.88404040401366,Vw16b
631.4090000000066,-0.6280609999440075,1.5474610002153335,9.975050999922235,-0.10840600000128384,0.12358199999283964,-0.112688999990808,52.560497,-1.489673,81.6720999999861,Vw16b
631.5090000000066,-2.47815346547121,-1.1308356437462046,11.852435643691082,-0.0046009900920334496,0.07182376237283816,0.06886039605168946,52.560497,-1.489673,81.55237623761587,Vw16b
631.6090000000066,0.978799999894703,2.537899999790534,8.212700000143785,0.058599999998905423,0.05699999999059719,-0.06819999999108513,52.560497,-1.489673,81.33999999998022,Vw16b
631.7090000000067,-0.6180999999200012,-0.6387999998584514,10.393299999896936,0.04199999999545084,-0.08559999999848582,0.0669999999967525,52.560497,-1.489673,81.03999999998008,Vw16b
631.8090000000067,0.5745732674070135,1.471497029845018,8.856765346431228,-0.02582178218278302,-0.06302574257273791,0.018584158412582638,52.560497,-1.489673,80.7429702970097,Vw16b
631.9090000000067,-0.861969000098487,0.03492399990088679,11.085730000152601,0.06834200000644867,-0.21031000001002978,0.10086400000562745,52.560497,-1.489673,80.55189999998721,Vw16b
632.0090000000067,-0.08984699994650558,1.9539670001314846,9.738536999906858,0.08048700000076066,-0.21793800000041735,0.08536499999888932,52.560497,-1.489673,80.38169999998856,Vw16b
632.1090000000067,-1.6384770001058377,0.522753999901358,9.381763999976682,-0.05918800000950472,-0.13840399999458797,0.07143899999906433,52.560497,-1.489673,80.13249999998317,Vw16b
632.2090000000068,-1.145599999926601,-0.36229999988868594,10.020300000031877,-0.16969999998841745,-0.17659999999726478,0.11190000000040522,52.560497,-1.489673,79.84999999998513,Vw16b
632.3090000000068,-0.06956039596595076,1.2695811882305117,10.487626732705255,0.00010198020964247156,-0.13650099009626518,0.11784059405981256,52.560497,-1.489673,79.63217821780687,Vw16b
632.4090000000068,-1.1109999999978322,-1.565199999950347,9.683400000025888,0.02450000000413325,-0.014600000002140914,-0.056199999993577256,52.560497,-1.489673,79.47999999999527,Vw16b
632.5090000000068,-1.0792178217800028,-0.837279207870967,10.062904950521027,0.08509405941008816,-0.045986138616009725,0.037958415848029156,52.560497,-1.489673,79.41069306930218,Vw16b
632.6090000000069,-2.2351210000799435,0.4594750000891573,8.796628999912183,0.10817300000155383,0.0586400000072558,-0.0687130000074406,52.560497,-1.489673,79.25159999998905,Vw16b
632.7090000000069,0.8202200002120605,2.0278890001075434,10.106935000091484,0.1329520000016976,-0.004056000004408228,-0.13276400000435346,52.560497,-1.489673,79.07179999998768,Vw16b
632.8090000000069,0.0987999998367484,-0.016499999904655466,10.231499999919597,-0.029500000006406197,0.05889999999128675,-0.06670000000566464,52.560497,-1.489673,78.95999999998557,Vw16b
632.9090000000069,-2.2552594061044022,1.3583514852441845,9.072094059325263,-0.12187623763019041,-0.06674356436517859,-0.14838316832251564,52.560497,-1.489673,78.75207920790632,Vw16b
633.009000000007,-0.4955129998746519,-3.669178000354355,9.146531000006046,0.0001580000086427863,0.2006860000188861,0.22323800002617888,52.560497,-1.489673,78.65099999999305,Vw16b
633.109000000007,-4.461557000280042,-0.6995109997876812,6.590229999820255,-0.06859300000491984,0.0681659999904943,0.011179999984829908,52.560497,-1.489673,78.46189999998677,Vw16b
633.209000000007,-1.9420999996462098,-0.5271999997626092,10.525600000060207,0.01730000000921201,0.22860000000952604,-0.21269999999612677,52.560497,-1.489673,78.2599899999993,Vw16b
633.309000000007,3.077206931048046,2.840720792317395,11.37975841590199,0.1479930693161736,0.36374851486104315,-0.15774950494660883,52.560497,-1.489673,78.25009891089039,Vw16b
633.409000000007,0.28491199979693604,1.398903999894592,10.329593999924366,0.11286799999739734,0.3374789999980268,-0.2666940000078221,52.560497,-1.489673,78.09159999998869,Vw16b
633.5090000000071,1.5467640000921967,1.6619920000198596,10.97457700004684,0.18229500000498608,0.3451200000005658,-0.26799800000001417,52.560497,-1.489673,78.02069999999505,Vw16b
633.6090000000071,-3.7532330003795575,-1.0812620001961757,7.876064999778172,0.23309400000357866,0.3798500000024753,-0.28552300000125186,52.560497,-1.489673,77.85169999998797,Vw16b
633.7090000000071,1.995490000414517,2.9121820002872694,10.630857000199041,0.17023999999547362,0.3529749999980551,-0.3450010000042364,52.560497,-1.489673,77.69159009998869,Vw16b
633.8090000000071,-1.76314200027704,0.12219199979456619,9.0496559998832,0.053967999991607896,0.31577299999732,-0.1725479999874406,52.560497,-1.489673,77.67019989999856,Vw16b
633.9090000000072,1.031185000205632,2.721357000190742,10.429993000101376,-0.033726000006280704,0.3025299999990658,-0.13416999999734114,52.560497,-1.489673,77.50169999998778,Vw16b
634.0090000000072,-0.33847600010149703,-0.906586000265269,10.800797000025891,-0.0410350000004671,0.13459499998781946,-0.02282099999194434,52.560497,-1.489673,77.37129999999067,Vw16b
634.1090000000072,0.48969200006113967,2.9386860002817983,8.014480999797488,0.053742000006884325,-0.008769000010283384,0.045521000004879394,52.560497,-1.489673,77.2115999999885,Vw16b
634.2090000000072,-2.666137000229691,-0.7317290002692727,9.51189000011074,0.19082500000988098,-0.0395040000021271,-0.07764900000898986,52.560497,-1.489673,77.01199009998562,Vw16b
634.3090000000072,-0.1927069998152917,0.00785100005728756,11.230496000125566,0.19517000000021897,-0.08623100000342308,-0.022073999995810542,52.560497,-1.489673,76.95059989999562,Vw16b
634.4090000000073,-2.6090370001800363,-1.7138300001275282,9.274530999854507,0.03590899998825456,-0.12669600000294912,0.1471960000124389,52.560497,-1.489673,76.76189009998613,Vw16b
634.5090000000073,2.647851000389439,0.9598170001984316,12.054815000206476,-0.04618700000593476,-0.1333370000004599,0.14632599999981022,52.560497,-1.489673,76.64119989999124,Vw16b
634.6090000000073,0.7155569998535873,1.0364010000036425,10.351886999872349,-0.1126370000048398,-0.3250640000141325,0.22985600000616102,52.560497,-1.489673,76.51129009999052,Vw16b
634.7090000000073,1.4920540000587343,2.5377400001106656,9.552794999942368,-0.06845299999669319,-0.3225449999996715,0.21505799999884664,52.560497,-1.489673,76.37139989998978,Vw16b
634.8090000000074,-1.090334000193952,0.15690199982060538,10.002478000034259,-0.05344699999891038,-0.4461510000092581,0.2011389999989697,52.560497,-1.489673,76.27099999999258,Vw16b
634.9090000000074,-2.878601000131953,-0.9526370000812743,9.517148999963311,-0.03023299999827265,-0.35334999999295713,0.2539650000039662,52.560497,-1.489673,76.18089999999333,Vw16b
635.0090000000074,-0.408430999813691,-1.2043680000180297,10.792171000095848,0.09028500000900741,-0.2754769999942397,0.1482729999920453,52.560497,-1.489673,75.94239009998222,Vw16b
635.1090000000074,-0.4082999997974359,-0.1150999998126908,9.483600000039896,0.08040000000147061,-0.2540999999987562,0.10369999999994146,52.560497,-1.489673,75.78999999998976,Vw16b
635.2090000000074,2.3328881190150934,2.419652475435433,10.023500990139034,0.10030099010048522,-0.2372683168304354,0.10290792079202049,52.560497,-1.489673,75.65138613860358,Vw16b
635.3090000000075,-0.7294000000074519,1.814899999870126,8.816199999975261,0.08229999998511839,-0.13319999998928203,0.0411000000015963,52.560497,-1.489673,75.51999999998823,Vw16b
635.4090000000075,-0.8287137254976944,0.08401764692813929,8.486494117622167,-0.11603333334830777,0.00964313726568683,0.06237450980552782,52.560497,-1.489673,75.36313725489012,Vw16b
635.5090000000075,-2.078467676863519,-0.6345212121737445,9.348437373804087,-0.11920808080801998,-0.05332828283333915,0.022610101007013994,52.560497,-1.489673,75.2214141414035,Vw16b
635.6090000000075,1.2418330002534188,1.084565000131237,8.994266999972398,0.13889300001962337,0.046188000007617545,-0.030171000003981898,52.560497,-1.489673,75.12099999999248,Vw16b
635.7090000000076,-0.6863999997573084,-1.0951999998533424,10.670199999925442,0.12529999998513935,0.2559999999970279,-0.09939999999888732,52.560497,-1.489673,74.95999999999103,Vw16b
635.8090000000076,2.4997764708288672,0.8301921570081578,9.69137647051431,-0.06979803923042083,0.21698039215391585,-0.08479215686164186,52.560497,-1.489673,74.84235294116759,Vw16b
635.9090000000076,-0.45859999999029594,1.2860999998445062,10.625800000035305,-0.06500000000202613,0.08799999999262673,0.04759999999080626,52.560497,-1.489673,74.81999999998324,Vw16b
636.0090000000076,-0.3311999999592642,-0.7552999999168831,11.089299999922382,-0.09159999999456907,-0.008800000005590891,-0.07309999998498685,52.560497,-1.489673,74.59999999997943,Vw16b
636.1090000000077,0.20359999985220723,0.33589999991580555,10.07029999998539,-0.02029999999840872,-0.08220000000417804,0.12400000000075416,52.560497,-1.489673,74.3299999999932,Vw16b
636.2090000000077,-1.7366970298512217,-0.7694465347379212,9.878517821767524,0.0005910891105071064,-0.13705148515270588,0.13390099009976641,52.560497,-1.489673,74.24089108910209,Vw16b
636.3090000000077,-0.2841000000219445,0.7162999999076066,9.231800000064073,0.027800000002189088,-0.04180000000229624,-0.010799999995009486,52.560497,-1.489673,74.16999999999311,Vw16b
636.4090000000077,-0.5679613861606254,-0.47884851494416114,10.060611881252386,0.0561168316853641,-0.07150297029933297,0.053754455450550326,52.560497,-1.489673,74.080891089102,Vw16b
636.5090000000077,-0.14740000006581816,0.8491999999644999,9.590299999959386,0.02389999999332557,-0.03799999999504775,0.01819999999648674,52.560497,-1.489673,73.82999999999005,Vw16b
636.6090000000078,-0.9987861386798809,0.38999207917231227,9.064953465305797,-0.062436633670061165,0.026059405945561463,-0.027245544557979444,52.560497,-1.489673,73.70128712870289,Vw16b
636.7090000000078,-0.16075099993369057,-1.4556040001442043,9.343038000022194,-0.2972370000183241,0.0925350000051568,0.10307900001024378,52.560497,-1.489673,73.46239999998139,Vw16b
636.8090000000078,-0.5804999999984312,1.5395999996362635,6.691000000524029,-0.3386999999868606,0.062100000022740895,-2.012086497415564e-11,52.560497,-1.489673,73.2200000000102,Vw16b
636.9090000000078,-0.5604999998923066,-3.097299999477556,13.3712999997721,-0.17119999998794602,0.3519999999937322,-0.25649999999828355,52.560497,-1.489673,73.34999999999688,Vw16b
637.0090000000079,0.812371287236731,3.562799010425009,10.466052475018937,-0.017536633651276057,0.2720990098947035,-0.23461881187946648,52.560497,-1.489673,73.31039603960085,Vw16b
637.1090000000079,4.3842590002827935,-0.0387480002915348,11.642820000095835,0.0011270000013612093,0.30921700000301355,-0.21984699999884338,52.560497,-1.489673,73.27039999999685,Vw16b
637.2090000000079,-3.274179000611529,-7.139153000561377,10.698164999923952,0.7310290000579969,-1.061550000108975,-0.3162250000076715,52.560497,-1.489673,72.5967999999465,Vw16b
637.3090000000079,9.811499999858269,6.678499999471685,4.744300000842587,0.73409999991306,-2.0295999999909546,0.426500000072907,52.560497,-1.489673,73.13999999997479,Vw16b
637.409000000008,8.030509900847946,0.03978712818298735,15.332121783023307,-0.3583752476119506,-1.915936633654294,1.3426386139345097,52.560497,-1.489673,72.82316831680639,Vw16b
637.509000000008,7.655499998786731,7.443699998897341,9.383699999896159,-0.43689999999033213,-1.2824999999787967,1.3035999999568688,52.560497,-1.489673,72.58999999998424,Vw16b
637.609000000008,-7.5902425754742975,-6.412141585264349,8.078848514747335,-0.3154148514754519,-1.0160643564143776,0.7616198019369387,52.560497,-1.489673,72.39198019800399,Vw16b
637.709000000008,3.5076600009070686,3.030817000772516,9.341118000102822,-0.11560599998398821,-0.5204789999602577,0.3036709999635145,52.560497,-1.489673,72.23159999998724,Vw16b
637.809000000008,-5.186563367048857,-4.979421782833771,9.94603960400827,-0.010287128704517201,-0.3020128712698657,0.26655742573994284,52.560497,-1.489673,72.10257425741543,Vw16b
637.9090000000081,2.273362626893509,2.400721212744336,10.03164848485457,-0.030670707072563134,0.02629393942070113,0.005358585837065333,52.560497,-1.489673,72.02080808080153,Vw16b
638.0090000000081,-2.6559999996071797,-4.488799999368409,10.169399999913042,0.014200000008814368,0.26540000003211756,-0.207100000010348,52.560497,-1.489673,71.99999999999758,Vw16b
638.1090000000081,2.210600000102639,3.335900000044131,9.092100000073932,0.12340000000097501,0.6633000000123235,-0.33530000001866095,52.560497,-1.489673,71.96999999999521,Vw16b
638.2090000000081,3.4821841585187814,3.882632673311587,10.008040594133556,0.13547920792176993,0.8159732673390923,-0.5664881188305968,52.560497,-1.489673,71.91059405940113,Vw16b
638.3090000000082,4.5629120000885495,5.658220000146763,9.663076999970638,0.0787739999952885,0.892146000006189,-0.556424999998974,52.559753509999936,-1.4870831599997854,71.87039999999672,Vw16b
638.4090000000082,-3.8214010006961425,-3.5832710007678106,9.231918999964545,0.08483300000055002,0.8195409999939168,-0.48917799999443407,52.559746,-1.487057,71.80069999999425,Vw16b
638.5090000000082,-0.8132419997435241,-2.008352999861648,12.279671000253085,0.16182300000637864,0.4063659999657999,-0.2829759999829574,52.559746,-1.487057,71.73069999999426,Vw16b
638.6090000000082,4.236699999759544,4.776899999641256,8.218700000195478,0.16629999999853481,0.3108999999749116,-0.13509999999832198,52.559746,-1.487057,71.77000000000163,Vw16b
638.7090000000082,1.2991000000109203,0.39420000015971324,10.606799999803927,0.14840000000090386,0.004399999994420678,-0.11459999999819226,52.559746,-1.487057,71.78999999999014,Vw16b
638.8090000000083,1.4306841584267929,2.3186554457047226,8.244225742377624,0.15929108910981732,-0.06282772277787244,-0.09281782178036534,52.559746,-1.487057,71.671188118802,Vw16b
638.9090000000083,-2.6576999998548394,-2.2794999997892758,9.65909999990963,0.20179999999947412,-0.15449999999920294,0.10590000000254725,52.559746,-1.487057,71.65000000000576,Vw16b
639.0090000000083,-0.9085910889633364,0.2596089111024136,8.570189108820264,0.19546336633610628,-0.14489603960316108,0.1365930693094852,52.559746,-1.487057,71.71930693069883,Vw16b
639.1090000000083,-1.295399999807189,-1.5865999998481504,9.678900000195794,0.03639999998081338,-0.14920000000652428,-0.005499999983911173,52.559746,-1.487057,71.70000000000329,Vw16b
639.2090000000084,1.0278673269260337,0.24310297044931195,12.03810792098843,-0.19478811883112246,-0.22781386139268145,0.1883613861547485,52.559746,-1.487057,71.73960396039934,Vw16b
639.3090000000084,-1.7430760002380854,-1.1261840001182328,9.023290999741103,-0.2929320000081656,-0.17117999999510738,0.34018600001277144,52.559746,-1.487057,71.71029999999746,Vw16b
639.4090000000084,1.9935710003208396,0.5767570001463178,11.256730000192947,-0.20687899999258413,-0.200300000002531,0.11281199998049435,52.559746,-1.487057,71.66049999999578,Vw16b
639.5090000000084,-0.7683999999300736,-0.7967999998688016,9.999699999963084,-0.10799999998070048,-0.22639999999231183,0.14319999999311148,52.559746,-1.487057,71.64999999999334,Vw16b
639.6090000000085,0.06278811888200397,0.7627049506266166,9.56088811877486,0.12140594061341316,-0.13501386137842886,0.061318811874280246,52.559746,-1.487057,71.57079207920123,Vw16b
639.7090000000085,-0.24015600002652499,-1.7502590002154819,10.803009000106226,0.10548399999844765,-0.2663640000112714,0.05228299999929976,52.559746,-1.487057,71.62940000000506,Vw16b
639.8090000000085,0.1272999999420197,0.457599999905972,10.3367999999586,0.07160000000052341,-0.1779000000062978,0.10230000000236379,52.559746,-1.487057,71.5100000000017,Vw16b
639.9090000000085,-0.552700000058141,-0.6451722773220112,9.851255445503039,0.077738613861911,-0.25176138614492916,0.13002277227959808,52.559746,-1.487057,71.52980198019971,Vw16b
640.0090000000085,0.2333910000684799,1.8659240002178294,9.746805999991398,0.03453699999626348,-0.12706699998916665,0.166633000003138,52.559746,-1.487057,71.4012999999889,Vw16b
640.1090000000086,-0.17905300003631353,-0.9937570002491838,10.628484000076234,0.06805700000293279,-0.12193899999966654,0.07057399999167191,52.559746,-1.487057,71.39009999999915,Vw16b
640.2090000000086,1.1013240001109499,0.8773060001641162,9.907571999936966,-0.0221850000078236,-0.07418199999587871,0.03930599999738358,52.559746,-1.487057,71.320699999994,Vw16b
640.3090000000086,-1.0441970001888778,-1.0116260001669697,9.520732999966794,-0.07735200000474729,-0.034000999996526164,0.04088100000016459,52.559746,-1.487057,71.20119999998961,Vw16b
640.4090000000086,-0.4140849999429471,0.21927200010940995,11.321472000157929,-0.14997200000630745,-0.0898320000049212,0.007734999997097529,52.559746,-1.487057,71.1405999999948,Vw16b
640.5090000000087,-2.835772000212512,-1.498620000151448,9.067253999801125,-0.02487099998898798,-0.03664299999529541,0.04521800000330968,52.559746,-1.487057,71.07069999999393,Vw16b
640.6090000000087,0.4138000003959372,-0.9522999996213778,9.688300000428873,0.24540000003118248,0.16530000004533513,-0.14500000000304997,52.559746,-1.487057,71.02999999999395,Vw16b
640.7090000000087,4.996299999129452,3.4297999992450214,14.651999999604762,0.6062999999937584,0.6899999999982054,-0.18030000001118746,52.559746,-1.487057,70.95999999997285,Vw16b
640.8090000000087,-4.94839999890508,-5.1946999988420774,10.13700000011341,0.5349999999644298,0.6694999999527637,-0.3080999999979112,52.559746,-1.487057,70.6499999999792,Vw16b
640.9090000000087,7.559421783276094,8.032824753636298,11.432544554569162,0.1286633663009673,0.12989603955659657,-0.28423861385929167,52.559746,-1.487057,70.4123762376029,Vw16b
641.0090000000088,-0.9860999993843129,-0.3369999994437956,9.978200000144982,-0.15929999999763644,-0.347700000010137,0.20720000001717512,52.559746,-1.487057,70.36000000000438,Vw16b
641.1090000000088,6.047199999238724,6.016799999318237,11.634399999827071,-0.13229999999938463,-0.4635000000251349,0.40340000000215814,52.559746,-1.487057,70.40999999998526,Vw16b
641.2090000000088,-2.649235644327687,-1.7713188125647914,9.65895445527215,-0.12527029702908593,-0.7506287128964899,0.42805346534869865,52.559746,-1.487057,70.24168316830205,Vw16b
641.3090000000088,0.3274540002751194,0.08912100017406344,10.312994000060508,-0.14836600000208033,-0.886160000011913,0.4972040000061877,52.559746,-1.487057,70.00239999997866,Vw16b
641.4090000000089,3.3583970002694374,5.571124000490594,8.83816599986693,-0.02069199998851226,-0.7590969999884678,0.5713580000065975,52.559746,-1.487057,69.83169999998488,Vw16b
641.5090000000089,1.5844249998379534,1.9812189996726257,10.072283000112183,-0.034646000001369276,-0.6378119999892237,0.3926129999838798,52.559746,-1.487057,69.740899999992,Vw16b
641.6090000000089,3.1299050001404405,3.0848800001024292,9.224787999922752,-0.08281500000431236,-0.36029099997518393,0.21893599998456445,52.559746,-1.487057,69.57169999998487,Vw16b
641.7090000000089,-5.434499999445865,-2.9023999996154957,9.551300000004757,-0.054199999994460075,-0.19409999997592844,0.16769999997889848,52.559746,-1.487057,69.43998999999378,Vw16b
641.809000000009,0.735400990654604,1.3787881191973979,9.604270297034471,0.0074831683223861925,0.07391980200433296,-0.06725049507066203,52.559746,-1.487057,69.37069297029079,Vw16b
641.909000000009,-2.9380710003397548,-3.6941260004653316,10.406601000072932,-0.06417000000657375,0.28747000001918094,-0.1907760000110223,52.559746,-1.487057,69.17199999998199,Vw16b
642.009000000009,0.7283999997314248,1.536199999643186,9.549600000108041,-0.08329999999863948,0.38360000000029343,-0.13820000000991495,52.559746,-1.487057,69.0299999999911,Vw16b
642.109000000009,-2.2619960398732424,-2.4366712874864658,10.752570297138028,-0.06815148514715075,0.38686732673296753,-0.24859603961390145,52.559746,-1.487057,68.930990099001,Vw16b
642.209000000009,0.9659920002963411,1.5400300003653387,9.848750999916692,-0.05621899999892839,0.3883850000001351,-0.2167329999970013,52.559746,-1.487057,68.7814999999865,Vw16b
642.3090000000091,-1.4621410002266564,-0.1749670001616841,9.063240999928508,0.06428400001108711,0.27791599998982464,-0.2120439999995988,52.559746,-1.487057,68.55229999997903,Vw16b
642.4090000000091,-0.69381199992694,-0.9140140000664397,10.25082500011011,0.06124299999960789,0.06751399998072286,-0.1051789999901608,52.559746,-1.487057,68.32229999997902,Vw16b
642.5090000000091,-1.3405860000603118,-2.461047000141825,11.265374000092336,-0.07571700001261134,0.08846700000212468,0.19349400002741116,52.559746,-1.487057,68.11209999998086,Vw16b
642.6090000000091,-4.710230000309766,-3.2967160000755404,11.166698999989977,-0.035123999996133616,-0.2159230000280586,0.27807600000751387,52.559746,-1.487057,67.98129999998815,Vw16b
642.7090000000092,5.406765000934997,9.492829001178798,8.472799999751969,0.1634980000182559,-0.748947000048813,0.5887700000285419,52.559746,-1.487057,67.96019999999817,Vw16b
642.8090000000092,-1.1403999994247795,-2.0327999992863215,10.699099999772264,0.0871999999905543,-0.9742999999927973,0.5526999999981764,52.559746,-1.487057,67.71999999995806,Vw16b
642.9090000000092,5.106134654042043,5.717299010616501,8.226030692840986,-0.015374257435212493,-0.8960821782106005,0.532898019800152,52.559746,-1.487057,67.2645544554035,Vw16b
643.0090000000092,-2.5972999995166743,-1.5692999994362309,8.245000000069838,-0.06530000000430344,-0.8314999999631107,0.46119999998461886,52.559746,-1.487057,66.96999999997173,Vw16b
643.1090000000092,2.651313861870705,4.552878218386998,9.003415841654176,-0.11203267327164122,-0.43090594055707543,0.2941702970142823,52.559746,-1.487057,66.66306930690236,Vw16b
643.2090000000093,-2.979394000530002,-1.1052290005333711,9.7991390000735,-0.08497799999743336,-0.30681299998880096,0.13152599998498793,52.559746,-1.487057,66.50159999998523,Vw16b
643.3090000000093,-3.022345999998636,-2.259029000103459,10.81690000009532,-0.09281800000076629,0.23345500005088382,-0.12373800002394206,52.559746,-1.487057,66.1534999999673,Vw16b
643.4090000000093,-4.050909000097116,-2.687583000039413,9.52505199987708,-0.0680509999976541,0.2874100000045796,-0.2868780000151595,52.559746,-1.487057,65.71439999995887,Vw16b
643.5090000000093,-1.9398999996267934,-1.5220999994739166,9.863799999853297,-0.02740000000413505,0.5283999999963079,-0.20430000001362353,52.559746,-1.487057,65.12999999996123,Vw16b
643.6090000000094,2.0634663370078163,4.121167327260091,8.290136633516292,-0.07175643564770989,0.488796039600259,-0.35043861387504416,52.559746,-1.487057,64.71415841580271,Vw16b
643.7090000000094,-2.8846150004709084,-0.40590200043271096,8.969677000065637,-0.19228700001133694,0.3430679999862798,0.011925000034347266,52.559746,-1.487057,64.47239999997757,Vw16b
643.8090000000094,0.46178900032453907,3.1959500003485553,8.533674999957672,-0.14053499999493957,0.10687099997757327,0.030054000001380976,52.559746,-1.487057,63.9947999999546,Vw16b
643.9090000000094,0.0702019999593036,2.1378599998953733,10.468016000185262,-0.05099899999149557,-0.20240000002932568,0.12088400000866525,52.559746,-1.487057,63.524699999955544,Vw16b
644.0090000000095,-1.5147340001510365,2.92780900007654,7.098928999676199,0.06384900001088833,-0.19302599999880804,0.19704000000718952,52.559746,-1.487057,62.965599999947024,Vw16b
644.1090000000095,-0.9892000001449315,1.5385999997716673,8.719100000278026,0.16440000000150415,-0.2701999999949363,0.055800000014705226,52.559746,-1.487057,62.439999999942074,Vw16b
644.2090000000095,-2.525140594204701,-0.8812019804269242,11.665535643843079,0.18034059406091385,-0.21653663365828996,0.21164158417315787,52.559746,-1.487057,61.826138613803316,Vw16b
644.3090000000095,-2.0798529999554596,-0.004103999912852485,9.545709999792182,0.035563999985985945,-0.2690640000051308,-0.01628200002218888,52.559746,-1.487057,61.6120999999799,Vw16b
644.4090000000095,-1.6120779999552148,-1.8040270001749377,11.557163000196613,-0.01906300000514101,-0.4017650000127807,0.0600060000076014,52.559746,-1.487057,61.16449999995692,Vw16b
644.5090000000096,1.5090210003013664,2.772686000444348,9.577305999806557,-0.057913000003704966,-0.22113799998240377,0.3734420000302333,52.559746,-1.487057,60.6253999999483,Vw16b
644.6090000000096,0.8088999999084647,0.002700000247847662,11.813699999608094,-0.15750000000851908,-0.16510000001154473,0.08350000000841508,52.559746,-1.487057,60.10999999994138,Vw16b
644.7090000000096,-0.14961485157691035,2.5980465349019264,7.70983861346851,-0.24670792080061937,-0.2859910891204842,0.17161881188962402,52.559746,-1.487057,59.49613861380262,Vw16b
644.8090000000096,-2.9026999997910004,-1.9767999996630958,10.123599999902062,-0.1433999999901337,-0.26919999999039457,0.46759999994961515,52.559746,-1.487057,59.11999999997874,Vw16b
644.9090000000097,-0.7399000001409132,1.5095999996182583,9.110100000149725,-0.041300000004477685,-0.16979999999388623,-0.053800000007606326,52.559746,-1.487057,58.89999999997034,Vw16b
645.0090000000097,-2.198117821923436,-2.440796039986637,10.65950594074415,-0.08763663366785497,-0.10653267326119802,-0.13251287129475364,52.559746,-1.487057,58.593069306900965,Vw16b
645.1090000000097,1.3648630003500681,1.646713000403833,10.42492599997553,0.03367000001191531,0.010524000011392212,0.2403260000365597,52.559746,-1.487057,58.38209999997966,Vw16b
645.2090000000097,0.3346709998956585,-0.8266950002461046,10.084314999966917,-0.0023240000036424055,0.017244000000542485,0.019171999977990573,52.559746,-1.487057,58.280999999990314,Vw16b
645.3090000000097,1.8186020001479575,1.2505610002081382,8.646092999857972,-0.07754400000740864,0.019082000000176395,-0.041708000005801486,52.559746,-1.487057,58.091899999981386,Vw16b
645.4090000000098,-1.2501500003052992,-0.583856000183709,9.739509000109683,-0.06542999999872587,-0.03861700000571395,0.12966300001702424,52.559746,-1.487057,57.76329999996766,Vw16b
645.5090000000098,-0.11210999988425097,0.7892410001377912,9.503100999975489,-0.01896799999541316,0.008518000004724052,-0.01997100001498564,52.559746,-1.487057,57.78970000000294,Vw16b
645.6090000000098,-0.13970200000390076,-1.276591000205908,9.886997000038253,-0.012658999999421744,0.05770800000482206,-0.06506000000431242,52.559746,-1.487057,57.81970000000294,Vw16b
645.7090000000098,0.9213780001050856,1.1775980002450428,10.46698100005703,0.0400680000052141,0.11997600000611579,-0.01817799999531515,52.559746,-1.487057,57.63189999998138,Vw16b
645.8090000000099,-0.9563250001891,-1.519306000272561,9.500223999902609,-0.006821000004748563,0.2744460000154056,-0.11778900001002254,52.559746,-1.487057,57.57059999999405,Vw16b
645.9090000000099,1.1430020002121535,1.2396540002790573,9.18825199996974,-0.02611000000188378,0.2710499999995043,-0.12582900000070396,52.559746,-1.487057,57.480899999991074,Vw16b
646.0090000000099,0.9594699999794768,1.0290119999760858,9.677131000049267,0.017854000004421926,0.08042499998091435,-0.0839239999957962,52.559746,-1.487057,57.34139999998612,Vw16b
646.1090000000099,0.47110000002518715,0.7173000000725551,10.578499999928091,0.03379999999609266,-0.01890000000516082,-0.0279999999847134,52.559746,-1.487057,57.19999999999511,Vw16b
646.20900000001,0.7257534653717819,1.4508643565083719,9.851470296957624,-0.005704950498966181,-0.07107821782695534,0.1265544554608677,52.559746,-1.487057,57.150495049500044,Vw16b
646.30900000001,-0.7340000000069338,-0.20989999994475766,9.48020000003146,-0.04940000000139666,-0.07599999998898521,0.013000000001218362,52.559746,-1.487057,56.99999999998316,Vw16b
646.40900000001,-0.8033069307000195,0.34227821787715507,9.794655445576089,-0.06336039604100392,0.03409900991203091,0.025178217823003418,52.559746,-1.487057,56.83168316829995,Vw16b
646.50900000001,-0.27335999994624827,0.8992300000558577,9.466941999966485,0.031738000009647244,0.04727800000122345,-0.06498800000914583,52.559746,-1.487057,56.701299999986965,Vw16b
646.60900000001,0.017021000028871525,0.7629329999856294,9.819703000036071,-0.02204700000554566,0.07452600000274777,0.010033000007691723,52.559746,-1.487057,56.630699999992984,Vw16b
646.7090000000101,-1.7761580001819337,1.2195730000464011,7.958832999811137,-0.16179400001409983,0.007479999993180747,-0.07731000000892521,52.559746,-1.487057,56.45179999998195,Vw16b
646.8090000000101,2.409599999711924,1.4117999998545292,10.548999999996694,-0.05549999999394916,-0.11229999999047292,0.18159999999705473,52.559746,-1.487057,56.24999999998397,Vw16b
646.9090000000101,-0.4375287131600367,-0.0259227724230382,10.516326732669954,0.004301980204084781,-0.01814158414886652,0.15249108910595874,52.559746,-1.487057,56.091584158399776,Vw16b
647.0090000000101,1.2270980001734484,0.11305100001570995,11.302159000080538,0.07132900000680528,-0.09580600000805276,-0.08599400002440166,52.559746,-1.487057,56.13950000000507,Vw16b
647.1090000000102,-0.6505610001941078,-0.6484920000781745,10.59828999992708,0.06061499999883367,-0.07967099999826571,0.04525000001369173,52.559746,-1.487057,56.01129999998681,Vw16b
647.2090000000102,0.27228500009650125,0.34716500010278917,9.701584999908874,0.020998999995953338,0.00554100000871198,0.039966999999320484,52.559746,-1.487057,55.93079999999188,Vw16b
647.3090000000102,0.232794999994924,0.6114330000263234,9.919112000023462,-0.004546000002604654,-0.008747000001568948,-0.059100000010254554,52.55912229999994,-1.484895829999776,55.91019999999794,Vw16b
647.4090000000102,0.19646199999628744,0.4282759999807603,9.806955999988144,-0.016779000001240937,-0.0005839999991385219,0.09562700001613218,52.559116,-1.484874,55.89019999999795,Vw16b
647.5090000000102,0.4031999999606936,0.9264999997462611,10.086899999843839,-0.06659999999951374,0.023400000010241947,0.05459999999099398,52.559116,-1.484874,55.820000000006075,Vw16b
647.6090000000103,0.019041584119018684,-1.5534009903533352,8.560662376081101,-0.06184752475198786,0.1234990099112557,-0.03341980198922486,52.559116,-1.484874,55.87940594060015,Vw16b
647.7090000000103,0.5380190000541604,0.31468000019608877,9.913976000141774,-0.14179200000828662,-0.0015270000130555017,-0.012321999997723238,52.559116,-1.484874,55.77109999998872,Vw16b
647.8090000000103,-0.5758950001172131,0.14203699997991673,9.824839999989218,0.02956100001803036,-0.028738000002716483,0.10373000001213083,52.559116,-1.484874,55.819500000005185,Vw16b
647.9090000000103,0.7410830001391256,0.11059799999690992,10.625700000083993,0.07773100000486324,-0.015733999998610502,-0.0005350000110433961,52.559116,-1.484874,56.12690000003215,Vw16b
648.0090000000104,0.8649840000115722,-1.2546130001429625,10.281557999963105,0.08968400000120286,0.11894100001409197,-0.04308100000434477,52.559116,-1.484874,56.32800000002074,Vw16b
648.1090000000104,-0.4888140001419151,0.3773760001723805,8.791712999844325,0.04851699999567596,0.11921099999988594,-0.003701999995831505,52.559116,-1.484874,56.28049999999482,Vw16b
648.2090000000104,-0.34202099998319124,-1.164260000163214,10.471481000177514,0.06176200000143097,-0.11790500002483467,-0.02230800000199092,52.559116,-1.484874,56.24039999999585,Vw16b
648.3090000000104,-0.3024663366296812,-1.1134445544484588,9.448707920682914,0.06278217821791439,-0.2053811881277435,0.06787425743522985,52.559116,-1.484874,56.367425742587635,Vw16b
648.4090000000105,0.18599999995703448,-1.1649999999935485,10.056400000029647,-0.0059000000016672565,-0.10109999999003788,0.08619999998679656,52.559116,-1.484874,56.55000000001035,Vw16b
648.5090000000105,-0.22479207925098343,-1.1033168316767021,10.33986534656437,-0.021840594061076964,-0.005852475237540122,-0.040037623775609515,52.559116,-1.484874,56.649009901000476,Vw16b
648.6090000000105,0.4685108911631223,0.3714198021366404,10.278693069300138,0.02465742574752583,0.12115346535991219,-0.058257425744373884,52.559116,-1.484874,56.77742574258778,Vw16b
648.7090000000105,-0.13687878794505498,-0.958525252670706,10.029232323205775,0.021937373736981937,0.1110292929279375,-0.04028686868490968,52.559116,-1.484874,56.750303030299854,Vw16b
648.8090000000105,0.7378010000942904,-0.012792999897296764,9.972843999994236,0.021008999999904642,0.0634789999949247,-0.04376300000039204,52.559116,-1.484874,56.700499999994705,Vw16b
648.9090000000106,-0.5486999999553084,-0.5943999998766991,8.764300000145367,0.012600000000243177,0.06330000000497982,-0.08539999999863611,52.559116,-1.484874,56.58999999999155,Vw16b
649.0090000000106,-0.12600000015694962,0.5717999998822014,10.139199999994265,0.014900000007516163,0.1104000000040826,-0.07250000000734867,52.559116,-1.484874,56.51000000000628,Vw16b
649.1090000000106,-1.610455445701855,-0.5423584159596461,10.084942574251677,0.08598910891842405,0.14901386139023035,-0.1420049505024146,52.559116,-1.484874,56.569405940600355,Vw16b
649.2090000000106,0.5109220002286567,-0.0061289999414105845,10.008169999991841,0.04561499999560235,0.14246999999925822,-0.08181499999348299,52.559116,-1.484874,56.59970000000318,Vw16b
649.3090000000107,0.40587899998630284,-1.1455350001238531,9.775838999974951,-0.08805400001441474,0.06636799999177526,-0.07030999999882198,52.559116,-1.484874,56.332699999971084,Vw16b
649.4090000000107,-0.0936670000539056,0.6405420001944799,9.484122999968692,-0.060986999996926104,0.10886300000468045,-0.04673699999746163,52.559116,-1.484874,56.20129999998608,Vw16b
649.5090000000107,0.30621000004380566,0.4312969999753981,9.707613000024494,0.03572600001043196,0.08454999999732239,-0.07936800000355586,52.559116,-1.484874,56.091099999988224,Vw16b
649.6090000000107,0.7107550000433237,0.6779850000269367,10.692574000106312,0.04887700000131739,0.05558999999689397,-0.028615999994473416,52.559116,-1.484874,55.99099999998929,Vw16b
649.7090000000107,-0.5454700001363441,0.06234399993312412,9.548951999875202,0.06652300000189575,0.06351700000088897,-0.005230999997525888,52.559116,-1.484874,55.851399999985006,Vw16b
649.8090000000108,-0.13000000009203738,-0.07010000004882568,10.044799999977075,0.028699999998759575,0.061599999989531244,-0.0700999999887934,52.559116,-1.484874,55.63999999997755,Vw16b
649.9090000000108,-0.982178217914021,-0.5221792079697246,9.83252277225425,0.017214851483905377,-0.035330693079798595,0.03366237624885489,52.559116,-1.484874,55.43207920789828,Vw16b
650.0090000000108,-0.8815999999167409,-0.7076999997725575,9.470000000008307,-0.027699999997127134,-0.12830000001173986,0.062299999995906706,52.559116,-1.484874,55.16999999997624,Vw16b
650.1090000000108,-0.11069999985663198,1.3981999999695158,9.54690000008652,-0.0011000000090743275,-0.2370000000054107,0.024400000005675427,52.559116,-1.484874,54.949999999968234,Vw16b
650.2090000000109,1.2167509805361463,1.1159450980085994,10.347978431459444,-0.08511960785225092,-0.2870980392211204,0.07694901961354315,52.559116,-1.484874,54.65588235290927,Vw16b
650.3090000000109,1.357499999467065,2.457699999704686,11.401299999711117,-0.08139999998863222,-0.13819999998738952,0.22109999998259172,52.559116,-1.484874,54.349999999929764,Vw16b
650.4090000000109,-3.5255693074647816,-0.2481415844543693,8.754369306641182,0.022758415852976555,-0.022655445531916674,0.06159504948750452,52.559116,-1.484874,53.70643564349397,Vw16b
650.5090000000109,-0.8667499997008505,1.8268670002322427,10.108059000152483,0.11319700000987684,0.23669200002852583,-0.17136300002556165,52.559116,-1.484874,53.402999999967186,Vw16b
650.609000000011,0.34790700013117715,3.5435740001873213,10.788468000073633,0.13360300000215475,0.3482990000120425,-0.24131700000747053,52.559116,-1.484874,52.80599999993437,Vw16b
650.709000000011,1.1040830000822193,4.35141300008736,9.96666899990846,0.040145999989652834,0.47334800001369415,-0.3604040000130816,52.559116,-1.484874,52.29509999994421,Vw16b
650.809000000011,-1.5715970002994981,0.5231499995717983,9.080565999902028,0.13463600001065254,0.4075769999925189,-0.41357500000580144,52.559116,-1.484874,51.63659999992707,Vw16b
650.909000000011,-2.28150000010854,-0.6797999999273378,9.160999999963467,0.14660000000492424,0.24330000000510982,-0.21649999998677777,52.559116,-1.484874,50.989999999939954,Vw16b
651.009000000011,-3.265757425851347,-0.020889108838073156,8.829712871250518,0.19125346535146942,0.28963663366848713,-0.09659900988773952,52.559116,-1.484874,50.44544554449428,Vw16b
651.1090000000111,-0.5803249996991231,1.346554000151914,10.891639000230544,0.1251719999925734,0.1553609999849589,-0.32112000002519747,52.559116,-1.484874,49.845999999933696,Vw16b
651.2090000000111,-1.4162810000963582,-0.08618900016147357,8.114858999687696,0.08311799999538047,0.12796299999709346,-0.17638499998358853,52.559116,-1.484874,49.2657999999359,Vw16b
651.3090000000111,0.5544060002232141,1.9188000002277468,11.247373000356433,0.07933399999962042,0.013057999987072036,-0.04738799998562071,52.559116,-1.484874,48.82439999995088,Vw16b
651.4090000000111,-3.5371690004637024,-0.2626590002483251,8.346523999669243,0.04930299999661695,0.08209100000791611,-0.016795999996695107,52.559116,-1.484874,48.47349999996092,Vw16b
651.5090000000112,2.393772000673573,2.6120380003267156,10.373526000231944,0.05474200000064758,-0.14420700002560177,0.10012200001315259,52.559116,-1.484874,48.1135999999598,Vw16b
651.6090000000112,-3.8091350007063656,-1.0673390004182592,8.557750999792873,0.031039999997320357,0.0006140000165914539,0.14495900000492384,52.559116,-1.484874,47.58529999994082,Vw16b
651.7090000000112,-0.17465099958296948,2.579980000415568,10.183491000185443,0.016147999998347554,0.11961300001325308,-0.12892900003093874,52.559116,-1.484874,47.09489999994529,Vw16b
651.8090000000112,-4.52209999942926,-0.741399999490806,10.668700000063764,0.041699999998172456,0.14839999999596604,-0.07930000000670842,52.559116,-1.484874,46.71999999993314,Vw16b
651.9090000000112,0.5488900995818389,3.782758416351847,11.235234653529243,0.02546237623579238,0.11255841583754171,-0.13890396040276212,52.559116,-1.484874,46.125940593992404,Vw16b
652.0090000000113,-2.930839000402216,-0.36118500047726565,10.02626899986162,0.16835500001629797,0.22110000001240676,-0.1408860000001579,52.559116,-1.484874,45.13989999988834,Vw16b
652.1090000000113,0.5451290004000726,4.433046000551019,10.240512000025808,0.06188999998770603,0.3413960000135798,-0.33820700002247883,52.559116,-1.484874,44.08059999988044,Vw16b
652.2090000000113,-3.627288235775484,2.017382352659246,10.982485294202263,-0.008014705890225078,0.26611764705007424,-0.2972029411715519,52.559116,-1.484874,42.914999999867874,Vw16b
652.3090000000113,-1.6098132650542105,3.645148979791776,9.901376530482645,0.07462653062219536,0.1283959183514448,0.05231020412252724,52.559116,-1.484874,41.64275510189552,Vw16b
652.4090000000114,-4.044799999640109,1.1404000003783972,10.5366000000042,0.22409999998908156,-0.15439999995412004,0.07749999996705333,52.559116,-1.484874,40.249999999826656,Vw16b
652.5090000000114,-0.879156435282924,4.468815841963343,10.573530693073515,0.12806039602866282,0.2491643564816188,-0.21230198023103497,52.559116,-1.484874,38.72524752457877,Vw16b
652.6090000000114,-5.052843564841366,4.542876237628465,7.74289207888147,0.28834257427601906,0.07617623760334927,-0.04748811879254189,52.559116,-1.484874,37.22009900972918,Vw16b
652.7090000000114,-2.786393939120581,2.5106454543091057,8.282114141483476,0.2536868686824612,0.2706787879018151,-0.28108181820936806,52.559116,-1.484874,35.55666666647679,Vw16b
652.8090000000115,-2.543999999590659,0.7834000004448907,9.179300000432077,0.3758999999882789,0.3706999999839019,-0.3480999999830379,52.559116,-1.484874,33.99999999980332,Vw16b
652.9090000000115,1.0209504954596884,4.6579544558913515,12.942270297462672,0.2738207920674627,0.2305019801818886,-0.2003772277057753,52.559116,-1.484874,32.28712871267421,Vw16b
653.0090000000115,-2.197233000378176,3.8667829999035432,10.077219999662637,0.3156670000049822,0.49620200003104387,-0.341856000016615,52.559116,-1.484874,31.042399999857324,Vw16b
653.1090000000115,0.7882120003508022,4.383694000061053,12.49419000028432,0.37094600000637445,0.4035629999889195,-0.28281099999296966,52.559116,-1.484874,29.673699999842366,Vw16b
653.2090000000115,-3.9240999994781087,-0.7753999993459938,10.384899999984857,-0.03749999998898949,0.4145999999325822,-0.14199999995910378,52.559116,-1.484874,28.539999999881744,Vw16b
653.3090000000116,0.5764940599288959,4.864500990754348,10.254305940578885,0.057450495060537905,-0.16678613868141673,0.21067326736771222,52.559116,-1.484874,27.520198019683484,Vw16b
653.4090000000116,-4.7684999995185455,-1.3479999995684087,9.61670000008332,-0.053599999999299645,-0.4376999999380242,0.23979999996493628,52.559116,-1.484874,26.339999999888633,Vw16b
653.5090000000116,-0.6166188113987525,2.373881188551284,10.335214851568637,-0.04756039603890218,0.0967554456066565,-0.06257623765889753,52.559116,-1.484874,25.379603960284445,Vw16b
653.6090000000116,-3.608955000356093,-2.4475230005702717,9.951943999954171,-0.08838700000479904,-0.42438200006179494,0.348814000048641,52.559116,-1.484874,24.478999999895418,Vw16b
653.7090000000117,0.9935010005438003,4.786236000854808,10.036803000010423,-0.08741399999983733,0.5900990001196968,-0.2840650000747743,52.559116,-1.484874,23.648299999903553,Vw16b
653.8090000000117,-0.4043999999552363,3.007100000213674,8.980700000013554,-0.10460000000214485,-0.05769999992120849,0.1795999999423672,52.559116,-1.484874,22.919999999937396,Vw16b
653.9090000000117,-0.022122772232373633,4.8318524754616305,9.096442574271006,-0.1229168316853175,0.6151712872076635,-0.31257821787953133,52.559116,-1.484874,22.38534653459073,Vw16b
654.0090000000117,-1.3690560001600935,1.785356999636762,9.23926900001679,-0.06973899999367558,0.24619499995547095,-0.05138799996846005,52.559116,-1.484874,21.7859999999296,Vw16b
654.1090000000117,-3.226278000218503,-2.9860170005618403,10.803613000185239,0.01910800001046639,0.653052000048671,-0.36470800003745374,52.559116,-1.484874,21.25529999993781,Vw16b
654.2090000000118,-1.705548999817554,-1.2499199997885602,7.751488999636387,-0.006631000003156345,0.39108799996846005,-0.16970199997650928,52.559116,-1.484874,20.616399999924905,Vw16b
654.3090000000118,-2.3085520000740147,-3.552163000277639,10.228665000300122,0.20456400002530342,0.6890630000359769,-0.38649000002618,52.559116,-1.484874,20.114999999940768,Vw16b
654.4090000000118,1.853991000498878,4.23104500093422,10.787115000063798,0.027410999978544542,0.4862789999753695,-0.2718799999860202,52.559116,-1.484874,19.684299999949058,Vw16b
654.5090000000118,-1.043705000351806,-1.2604340006666002,10.70191499998916,-0.0033080000034594118,0.22264199996869943,-0.024288999970512037,52.559116,-1.484874,19.462199999973937,Vw16b
654.6090000000119,-0.9233159999820394,3.730815000604035,8.787230999770978,-0.09982800001151558,0.40176400002175167,-0.23069000002499784,52.559116,-1.484874,18.984799999943135,Vw16b
654.7090000000119,-2.0487999999154356,0.6444000002878972,9.341599999966528,0.0033000000033447567,0.17550000001596736,-0.07000000000307292,52.559116,-1.484874,18.669999999923178,Vw16b
654.8090000000119,-1.3403841583311096,3.056182178506289,9.061203960362503,0.031319801983549396,0.30926237625362274,-0.09574257426050475,52.559116,-1.484874,18.026435643487382,Vw16b
654.9090000000119,-4.1740060003432085,1.116238999762706,9.741995000082591,0.04140100000118414,0.035379999966748454,0.03854100001625499,52.559116,-1.484874,17.039899999881587,Vw16b
655.009000000012,-3.3882000000852615,0.300900000193074,11.136699999725824,0.13549999997585394,0.010100000001607374,0.03080000000718591,52.559116,-1.484874,15.909999999835717,Vw16b
655.109000000012,-4.102457425828005,1.9183257427677138,8.839868316556965,-0.06677722774696615,0.02356534653626402,0.09099801980918035,52.559116,-1.484874,14.533762376073016,Vw16b
655.209000000012,-3.950999999920596,-0.17669999970155764,10.361899999959958,0.003099999994809802,-0.07339999998386863,0.02769999999464276,52.559116,-1.484874,13.009999999813868,Vw16b
655.309000000012,-3.2920891088313313,2.2998346537643743,10.029622772237108,-0.03996930693589344,0.060461386154776905,-0.016755445549922195,52.559116,-1.484874,11.465445544367958,Vw16b
655.409000000012,-3.7864792079820133,1.0655356434104952,9.683230693027383,0.009982178223978629,0.012005940587974426,0.06797920793120121,52.559116,-1.484874,9.901287128523613,Vw16b
655.5090000000121,-3.807983838385241,1.0252515151496855,9.931198989930397,-0.04621616162321143,0.05732727273298087,0.016542424235874514,52.559116,-1.484874,8.315858585667096,Vw16b
655.6090000000121,-3.2461999999725455,1.6204999998715575,9.755500000059943,-0.011799999991767271,0.145299999976316,-0.00789999998846225,52.559116,-1.484874,6.829999999819835,Vw16b
655.7090000000121,-3.018378217794274,0.5546584157128898,10.252925742634318,0.0565168316914172,-0.05123465348907699,0.08784257426898613,52.559116,-1.484874,5.334950494868986,Vw16b
655.8090000000121,-1.8247999999339986,0.8626999998027426,10.071900000046032,0.046099999999361665,-0.008800000006828977,-0.03929999999001548,52.559116,-1.484874,4.269999999883172,Vw16b
655.9090000000122,-1.2822257425081278,-0.7588841586134822,10.45031584163028,0.04085247524688518,-0.06493861386822838,0.042779207930795995,52.559116,-1.484874,3.3096039602789853,Vw16b
656.0090000000122,-0.4948979999037363,0.022147000098152958,9.950090999937949,0.012584999996526312,0.05330000001462602,-0.03767900001000665,52.559116,-1.484874,2.7356999999305263,Vw16b
656.1090000000122,-0.24504399997021165,-1.0696900001354126,9.746603999975575,-0.00829200000253518,-0.06232000001438227,0.030305000008470924,52.559116,-1.484874,2.314199999948809,Vw16b
656.2090000000122,0.2922970000658537,0.14353300015073334,9.826176000010044,-0.006816999999792798,0.09113800001903824,-0.021569000006472022,52.559116,-1.484874,2.003099999962216,Vw16b
656.3090000000122,0.40760000003192326,0.3134999999731217,9.70030000001218,0.0006000000000243132,0.008100000012618564,-0.01260000000455873,52.55911599999996,-1.4848739999998415,1.7999999999866279,Vw16b
656.4090000000123,0.6676000000319848,0.09458910888396108,9.799507920804283,0.0007980198020045581,0.11087227724036564,-0.04972871287585463,52.55879322772273,-1.48358192079192,1.691089108897493,Vw16b
656.5090000000123,0.525659999982039,-0.05530800001835466,9.765750999995682,-0.01672300000217746,0.05348999999274179,-0.03633899999829002,52.55879,-1.483569,1.6107999999901585,Vw16b
656.6090000000123,0.45658299999159774,-1.0105660001185182,10.093288000040745,-0.011751999999360293,0.08062000000344458,-0.04778300000143934,52.55879,-1.483569,1.5703999999950793,Vw16b
656.7090000000123,0.5858870000161527,-0.38828299992147597,9.892461999974632,-0.009620999999741656,0.06070399999749038,-0.020971999996653844,52.55879,-1.483569,1.6096000000049209,Vw16b
656.8090000000124,0.23844554451103567,-0.8159316832223535,9.728863366316522,0.010494059408442292,0.04079801979952731,-0.00423267326527656,52.55879,-1.483569,1.5805940594022796,Vw16b
656.9090000000124,0.6452767677291984,-0.15740909082455734,9.834785858599691,0.0024858585847926645,0.05109090909226344,-0.04379292929798301,52.55879,-1.483569,1.6492929293017073,Vw16b
657.0090000000124,0.7436490000118074,-0.8623110000892569,9.812733999997095,-0.00047100000036005623,-0.00047800000648101637,0.006389000006344445,52.55879,-1.483569,1.7391000000111743,Vw16b
657.1090000000124,1.1123850000461246,-0.22520799991919838,9.837745000003165,0.009796000001291237,0.04275800000548776,-0.030918000004742815,52.55879,-1.483569,1.8489000000136575,Vw16b
657.2090000000125,0.9082989999739394,-0.4457070000284693,9.749691999988924,0.007226999999664774,0.0001349999945991498,0.007805000004904215,52.55879,-1.483569,1.9688000000148989,Vw16b
657.3090000000125,1.1063780000253323,-0.22703199997203685,9.678014999991042,0.0019529999993360006,0.027222000003482866,-0.024272000004109284,52.55879,-1.483569,2.0888000000150337,Vw16b
657.4090000000125,0.9104989999749536,-0.49714900003446844,9.68086400000045,0.016057000001791704,-0.005863000004222418,-0.004799999997494114,52.55879,-1.483569,2.2385000000187945,Vw16b
657.5090000000125,1.079899999986888,-0.7980000000147095,9.869499999990305,-0.0004999999987742083,0.012099999992905265,-0.0015999999954559034,52.55879,-1.483569,2.4300000000334308,Vw16b
657.6090000000125,0.9750485148383481,-0.9156237623909749,9.791975247515039,0.009301980199247911,-0.044632673274434875,0.03473663366791902,52.55879,-1.483569,2.6973267327067614,Vw16b
657.7090000000126,1.3452500000469854,-0.6167309999620234,9.653985999982634,0.0322690000028943,0.028357000009309373,-0.02083500000707912,52.55879,-1.483569,3.145500000056382,Vw16b
657.8090000000126,3.3982010002616754,-0.9568340000438171,9.61359399999502,-0.003437000004589033,-0.026340000007079506,0.031961000006814025,52.55879,-1.483569,3.7143000000720594,Vw16b
657.9090000000126,1.3129719997310558,-0.10048499989019466,9.904755000037234,-0.05686400000677671,-0.016999999998735686,-0.0009620000042733778,52.55879,-1.483569,4.333800000078387,Vw16b
658.0090000000126,3.794099999969776,-0.8815000000382824,9.201000000079015,-0.018699999992590883,0.010200000010245323,0.030299999999225353,52.55879,-1.483569,5.060000000088709,Vw16b
658.1090000000127,3.55459504947467,-1.1848663366720176,9.827138613940548,0.04001287129455171,0.0913881188221457,0.024161386137837762,52.55879,-1.483569,5.762970297118578,Vw16b
658.2090000000127,2.6900089998898906,-1.4147090000289655,9.523133999960375,-0.01236500000676407,0.03854199999314743,-0.016886000005234252,52.55879,-1.483569,6.4729000000897665,Vw16b
658.3090000000127,2.246887999944028,-0.6687579999035927,9.92164300005175,0.00492000000229602,0.08571800000614822,-0.021755000000574003,52.55879,-1.483569,7.1730000000892895,Vw16b
658.4090000000127,3.413000000085777,-1.3345000000017524,9.483400000017385,0.013300000004866246,0.08910000000076902,-0.03660000000098333,52.55879,-1.483569,7.9700000001071585,Vw16b
658.5090000000127,4.08666336642257,-1.3482623762393795,9.619934653482764,0.0515178217870535,0.0951396039611665,-0.04432277227821289,52.55879,-1.483569,8.8115841585232,Vw16b
658.6090000000128,3.1058000000665262,-1.5128999999603765,9.31120000003081,0.056399999998235036,0.07269999999745341,-0.05819999999683568,52.55879,-1.483569,9.800000000146241,Vw16b
658.7090000000128,3.6282752475914024,-1.201711881148422,9.55318019805067,0.0425386138596179,0.05269999999744869,-0.033348514848314956,52.55879,-1.483569,10.94851485163166,Vw16b
658.8090000000128,3.9388160000396892,-0.5997489999221532,9.063668999936052,0.013392999996229279,0.06665700000184031,-0.014982999997644908,52.55879,-1.483569,12.05890000014285,Vw16b
658.9090000000128,3.297499999976482,-2.158999999881073,10.379899999916203,0.06140000000067413,-0.021900000007071995,0.051300000000356144,52.55879,-1.483569,12.990000000087765,Vw16b
659.0090000000129,3.1144306930457457,-1.2332574256234288,9.727622772193278,0.06664752475315061,-0.07694950495758006,0.05407227722807957,52.55879,-1.483569,13.673168316919607,Vw16b
659.1090000000129,3.766297000084984,-0.410615999894256,9.752186000004041,0.07244200000074648,0.05872400001770979,0.02380599999606163,52.55879,-1.483569,14.739300000137714,Vw16b
659.2090000000129,2.2514679998022062,-1.9476910002008956,9.31897899994364,0.0406219999958557,-0.1326530000250588,0.15279400001680885,52.55879,-1.483569,15.542000000102965,Vw16b
659.3090000000129,2.030773999973073,-2.0227000000077897,9.773861000060228,0.03059799999872766,0.0027130000180074776,-0.11141800003482052,52.55879,-1.483569,16.09450000007141,Vw16b
659.409000000013,1.9171269999853668,-0.16734699975658573,9.039563999903086,0.025648999999363778,-0.15697300002112524,0.148745000034473,52.55879,-1.483569,16.59500000006492,Vw16b
659.509000000013,1.1822119999037612,-2.7543790003417565,10.301676000166509,0.037579000001571085,-0.0886069999908202,-0.06798400002877292,52.55879,-1.483569,17.233600000083097,Vw16b
659.609000000013,1.512885000044341,-2.369354999946051,9.6320929999105,0.004930999995702241,-0.1874940000130621,0.086121000020502,52.55879,-1.483569,17.705300000061026,Vw16b
659.709000000013,0.47770000016297176,-3.4693999996880236,9.376400000308301,-0.015800000008789346,-0.19359999997765773,0.02349999998774152,52.55879,-1.483569,18.130000000080255,Vw16b
659.809000000013,1.7242346536286128,-1.0831623759250832,11.734518812190046,-0.08302772278108245,-0.02270891086870641,-0.07026237624990442,52.55879,-1.483569,18.743861386219017,Vw16b
659.9090000000131,-1.4727999994764063,-4.915999999767866,8.52720000030364,-0.16599999996423423,-0.2796999999498917,0.1135999999608816,52.55879,-1.483569,19.240000000080254,Vw16b
660.0090000000131,2.5320514856730556,-3.1404554453120004,10.84967524782894,0.10756435647147397,0.10356732678287217,-0.18560792083126834,52.55879,-1.483569,19.853861386219016,Vw16b
660.1090000000131,2.6765000000152486,-0.8547999999939678,9.014900000099816,-0.057899999990744654,-0.19529999994343236,0.024899999956622842,52.55879,-1.483569,20.41000000008932,Vw16b
660.2090000000131,2.793133663381613,-0.8086613861325709,9.778365346634649,0.012892079217192869,0.23737326738340261,-0.30688217826127734,52.55879,-1.483569,21.093168316921165,Vw16b
660.3090000000132,0.9476529997535861,-3.257064000326773,9.394751999947793,-0.0577790000095247,-0.2049880000596054,-0.03379199996311649,52.55879,-1.483569,21.802900000093793,Vw16b
660.4090000000132,-0.629953000208042,-5.268829000265169,9.828578000058421,-0.008801999993367803,-0.479077000035975,0.07938500001473087,52.55879,-1.483569,22.31490000006738,Vw16b
660.5090000000132,0.637538000171248,-3.780634999798722,9.567085999964513,0.005857000001889252,-0.5714940000119697,0.13594000000739848,52.55879,-1.483569,22.953600000084556,Vw16b
660.6090000000132,-0.5003750001535844,-4.807573000139078,9.707356000019077,0.025602000002615886,-0.5672519999993131,0.12739199999878453,52.55879,-1.483569,23.860900000120225,Vw16b
660.7090000000132,0.9866620001999964,-2.6805909997147492,8.926600999895616,-0.01884900000595841,-0.4786939999881889,0.14472400000232524,52.55879,-1.483569,24.5729000000938,Vw16b
660.8090000000133,0.5495999998769225,-2.9183999998721206,9.667800000048617,0.010499999995025293,-0.3744999999948391,-0.07169999998167073,52.55879,-1.483569,25.01000000007848,Vw16b
660.9090000000133,-0.3756999998939052,-1.9570000000774772,10.033300000116276,-0.02689999999566718,-0.3356999999959569,0.06609999998014016,52.55879,-1.483569,25.600000000094823,Vw16b
661.0090000000133,0.421923762482521,-2.5394752476023674,10.907458415958066,0.005674257430083089,-0.3053039603919893,-0.08320693071296444,52.55879,-1.483569,26.312871287223704,Vw16b
661.1090000000133,0.6955170000357517,-3.3963040001145437,9.308538999783611,0.024216000002451846,-0.22213699998884678,-0.10073800000215868,52.55879,-1.483569,27.10210000010527,Vw16b
661.2090000000134,0.4759449999700849,-2.598544999891466,8.179341999850198,-0.08123300001421803,-0.20575699999790795,0.0020600000138582403,52.55879,-1.483569,27.644600000071954,Vw16b
661.3090000000134,-2.0491170003424353,-5.15222300034773,9.722598000211,0.03442100001584315,-0.28173100001033363,-0.13045100001812757,52.55879,-1.483569,28.372700000098096,Vw16b
661.4090000000134,-0.786510999825146,-5.254132000010321,9.573761999977664,-0.09834700001818289,-0.4139720000178469,0.06045800002609836,52.55879,-1.483569,28.993800000083322,Vw16b
661.5090000000134,0.24660000024145756,-3.3250999996264374,9.537699999939392,-0.2270999999928409,-0.02460000001640355,-0.08469999999523167,52.55879,-1.483569,29.47000000006774,Vw16b
661.6090000000135,2.046500990340893,-0.5404465342792446,9.085917821721464,-0.1737336633591649,-0.14687722773920475,-0.049155445539777735,52.55879,-1.483569,29.974950495117366,Vw16b
661.7090000000135,-0.7911999996163466,-1.2752000000527755,9.485800000094594,-0.13859999997775127,0.09989999997897019,-0.15099999998692668,52.55879,-1.483569,30.480000000095103,Vw16b
661.8090000000135,2.04464158454274,-1.6652990099538578,10.18500792088684,0.025855445566842078,-0.05554554457552201,-0.05436633662056721,52.55879,-1.483569,31.182970297124974,Vw16b
661.9090000000135,3.0737910001370032,-2.324382000089691,11.087554000122598,-0.0009130000038895976,-0.12560800000937838,0.18944700003324452,52.55879,-1.483569,31.952300000104355,Vw16b
662.0090000000135,1.9589629998460016,-1.7356139999184945,9.571405999791208,-0.10515000001423024,0.0025980000176454854,-0.10609000004079336,52.55879,-1.483569,32.43520000006505,Vw16b
662.1090000000136,2.396565000061461,-2.0445190000431106,9.86814700004273,-0.09758699999882092,0.007662000000515,-0.03148399998937476,52.55879,-1.483569,32.618200000024395,Vw16b
662.2090000000136,1.2153769998376804,-1.1528389998774977,8.90713899986801,-0.14521800000653234,-0.026851000004729862,0.08661500001605985,52.55879,-1.483569,32.88730000003659,Vw16b
662.3090000000136,2.0149030001120134,-2.166965000141229,9.701676000111014,-0.028285999983793123,-0.054128000003716925,-0.03446500001687647,52.55879,-1.483569,33.26620000005193,Vw16b
662.4090000000136,0.5308729997940078,-1.9311859999660257,10.28875200007992,0.015767000005917506,-0.08746600000456455,0.11854200002129206,52.55879,-1.483569,33.8046000000738,Vw16b
662.5090000000137,2.795176000314653,-0.45845099979704185,9.367959999872083,0.02817900000165362,-0.08374099999943968,0.037830999988643296,52.55879,-1.483569,34.30500000006833,Vw16b
662.6090000000137,-0.533841000462727,-1.987703000213153,10.538482000162874,0.1135390000117667,-0.12270600000538452,0.18451000002036277,52.55879,-1.483569,34.80500000006833,Vw16b
662.7090000000137,2.2669670003913067,-0.31455799976688037,9.033521999790604,0.005895999985021744,-0.1744810000070928,0.13590599999308484,52.55879,-1.483569,35.0773000000369,Vw16b
662.8090000000137,0.769118999787544,-2.1818660002622665,10.862174000256646,0.0801390000104857,-0.1309449999938684,0.15757600000308647,52.55879,-1.483569,35.45620000005236,Vw16b
662.9090000000137,3.8359660004290266,1.1423300004653503,9.365802999789125,-0.030475000015502476,-0.1517850000029627,0.10265699999232454,52.55879,-1.483569,35.7768000000441,Vw16b
663.0090000000138,3.1356879998981935,-1.1300060003209906,10.297633000131833,0.06502400001344927,-0.12655699999645853,0.13021600000391353,52.55879,-1.483569,36.25520000006614,Vw16b
663.1090000000138,3.127804999999931,0.18716000018658097,9.251463999853051,-0.015675000011368484,0.10149900003170775,0.0281339999857515,52.55879,-1.483569,36.764900000070284,Vw16b
663.2090000000138,1.2453149997379738,-0.46636200009284945,9.258125000002412,-0.015608999999875979,-0.07944900002550673,0.07937200000727582,52.55879,-1.483569,37.126400000049614,Vw16b
663.3090000000138,2.683099999773118,-0.5768000000694045,9.186700000065576,-0.08549999999930652,-0.011700000004896037,0.16099999998321754,52.55879,-1.483569,37.50000000004577,Vw16b
663.4090000000139,1.047300000194287,-1.0771999998916095,9.65950000005563,-0.0804999999958116,-0.04699999998032137,0.03999999998788796,52.55879,-1.483569,37.83000000007004,Vw16b
663.5090000000139,2.4480920794025387,-0.2957148513765734,10.060589108966617,-0.050301980193824265,0.09488118813852402,-0.047326732685400004,52.55879,-1.483569,38.334950495119664,Vw16b
663.6090000000139,1.456800000138492,-0.0006000000862124435,10.138599999975474,0.025100000008582795,-0.01689999998126891,0.14899999997842628,52.55879,-1.483569,38.730000000067285,Vw16b
663.7090000000139,2.4553148516238767,-0.6221841585022009,9.961768316807117,0.0869811881274093,0.11814950496925805,-0.006544554477056014,52.55879,-1.483569,39.21514851491889,Vw16b
663.809000000014,3.203799999904511,-0.06780000008972964,10.360999999915727,0.08769999998688875,0.07250000000351663,-0.029899999998850863,52.55879,-1.483569,39.6000000000623,Vw16b
663.909000000014,2.5209287127756363,-0.709483168406713,9.75832673258885,-0.006062376250757173,0.09764851485500774,-0.021682178216670706,52.55879,-1.483569,40.04554455451785,Vw16b
664.009000000014,1.8491169999059127,-0.0009219998988388989,8.927233999883263,-0.1024360000135031,0.1141360000022972,0.010476000004538376,52.55879,-1.483569,40.406400000050425,Vw16b
664.109000000014,2.014561000024359,-0.69333300009899,9.792575000123614,-0.042019999991315435,0.07598699999457915,-0.00048600000159683757,52.55879,-1.483569,40.76640000005043,Vw16b
664.209000000014,1.2227000000749662,-0.49930000002404895,9.324700000136742,-0.009099999997152651,0.027699999978812374,0.050000000022653174,52.55879,-1.483569,41.25000000005164,Vw16b
664.3090000000141,1.7544821782929136,-0.6698940594300298,10.294700000136972,0.011098019804832323,-0.12259702972419345,0.21069306932962184,52.55879,-1.483569,41.61633663371509,Vw16b
664.4090000000141,0.23300000025247888,-1.4374999998020952,9.826499999962188,-0.03139999999524046,-0.08040000001952667,-0.0834999999829159,52.55879,-1.483569,41.990000000071184,Vw16b
664.5090000000141,2.0239900992628033,-0.033638613663149686,9.558282178179947,0.00236237624239128,-0.2189148515047079,0.037688118828993936,52.55879,-1.483569,42.49495049512081,Vw16b
664.6090000000141,-0.6307999994586548,-3.089099999602013,10.06399999997951,0.05309999997177775,-0.3215999999685256,0.2489999999698795,52.55879,-1.483569,42.80000000004327,Vw16b
664.7090000000142,3.2092990104432424,-0.2659316827696623,9.91865346532601,-0.14709801983024978,-0.09833267323579961,0.035336633633195336,52.55879,-1.483569,43.106930693112645,Vw16b
664.8090000000142,0.2916589995749992,-2.196019000281555,11.074114000166334,0.03018900002577704,-0.3119200000310292,0.2409020000298621,52.55879,-1.483569,43.47630000005266,Vw16b
664.9090000000142,3.3885170004495753,0.929331000452223,9.843349999821355,-0.08056300001618487,0.07071300005533043,0.018962999967786776,52.55879,-1.483569,43.80670000004697,Vw16b
665.0090000000142,0.26536599954639595,-1.0420660002880258,8.929206999870363,-0.039030999993864834,-0.3260530000576079,0.19579100002575062,52.55879,-1.483569,44.25550000006405,Vw16b
665.1090000000142,3.478819000466629,0.807909000268908,9.926534000144711,0.0037720000060924644,0.2355860000813373,-0.01237900003019185,52.55879,-1.483569,44.586700000046974,Vw16b
665.2090000000143,0.3307299995426378,-1.4252520003238116,10.27429000004854,-0.04094400000649103,-0.16192700005797808,0.03341600000688961,52.55879,-1.483569,44.926600000048396,Vw16b
665.3090000000143,2.9287999994859475,0.2723999995820212,9.643800000119858,-0.027300000006141117,0.3538999999498216,-0.16099999997648506,52.558563,-1.482827,45.34000000005248,Vw16b
665.4090000000143,-0.6598138619010396,-2.6455207924978765,10.480532673387382,-0.07017128713486412,0.0036029702467684777,0.0031584158651379035,52.558563,-1.482827,45.70633663371593,Vw16b
665.5090000000143,1.822860000365024,-1.1768299997829084,10.16012099995235,-0.1329700000090395,0.3175930000460153,-0.1322160000198582,52.558563,-1.482827,45.97730000003874,Vw16b
665.6090000000144,1.8621600000020089,0.801668000284558,8.396579999744885,-0.1178589999977186,0.1815069999798118,-0.04380699998698599,52.558563,-1.482827,46.33640000005166,Vw16b
665.7090000000144,1.200187999904038,-0.6291470002102474,9.442753000154202,-0.13750000000286966,0.20089000000301316,-0.09903300000813556,52.558563,-1.482827,46.72610000005596,Vw16b
665.8090000000144,1.8130420000904968,1.044447000246603,8.79950599990447,-0.11819699999715119,0.2967340000139693,-0.07197899999596538,52.558563,-1.482827,47.00720000004049,Vw16b
665.9090000000144,1.1008000000436864,-1.8446999996890778,10.678999999836263,-0.023500000013380377,0.1021000000184266,-0.05110000000530355,52.558563,-1.482827,47.300000000042886,Vw16b
666.0090000000145,1.4033742574695005,0.3087653468460845,9.544940593895399,-0.11617326734013494,0.22972376239469441,-0.08783267327263897,52.558563,-1.482827,47.597029703013256,Vw16b
666.1090000000145,-0.4330200002687059,-2.4626880004080047,10.532807000145965,0.000809000017224365,-0.07471200004465897,0.07128900002329847,52.558563,-1.482827,47.926700000047724,Vw16b
666.2090000000145,1.420193000273435,0.07626900037501638,10.415387999981371,-0.017503000002849038,0.2416730000466692,-0.15945300003394258,52.558563,-1.482827,48.04880000001735,Vw16b
666.3090000000145,-0.7953300003289498,-1.8788890002916534,10.811090000058444,0.10882200001862641,-0.06497000004561865,0.047090000030752505,52.558563,-1.482827,48.27770000003352,Vw16b
666.4090000000145,2.242082178669067,0.7763544558400552,10.405377227662353,0.07981188118365233,0.18949603964194722,-0.08773366338652977,52.558563,-1.482827,48.5054455445877,Vw16b
666.5090000000146,0.18017070675483415,0.35623838376785943,8.829297979564792,0.04712727272250239,-0.0931626263054415,0.13440505053850174,52.558563,-1.482827,48.76737373741202,Vw16b
666.6090000000146,3.581128000503914,1.0983550001099744,10.241177000210225,0.12728700001185012,0.27475400005460093,-0.19227700004843534,52.558563,-1.482827,48.95810000002769,Vw16b
666.7090000000146,-1.897016000811639,-1.301384000354425,8.764362999780445,0.06671999999096301,-0.05661500004933906,0.09645000004299858,52.558563,-1.482827,49.19760000003498,Vw16b
666.8090000000146,1.8743999997076801,-0.23180000015431954,10.80969999987862,0.127199999995816,0.2510999999485841,-0.2915999999652483,52.558563,-1.482827,49.52000000004889,Vw16b
666.9090000000147,-0.11883529441090035,-1.2840549021155963,9.982052941054704,0.09867058823109676,-0.09948823534569762,-0.05463921565141186,52.558563,-1.482827,49.85333333338237,Vw16b
667.0090000000147,2.523364000402675,1.0954100003604035,9.683455999957655,0.0547839999934967,0.20592400004690614,-0.03568999999786657,52.558563,-1.482827,50.10500000003678,Vw16b
667.1090000000147,0.17980000017865896,-0.5653999999257572,10.055499999924974,0.003500000004196395,-0.04499999997903254,-0.013300000003804343,52.558563,-1.482827,50.36000000003775,Vw16b
667.2090000000147,1.398017821961125,-0.059162376163261254,9.54391584150901,0.03211386139034177,0.09797029705070422,-0.039240594063216415,52.558563,-1.482827,50.61742574261207,Vw16b
667.3090000000147,-0.5710870002962327,-0.8568910001200297,9.524543999997869,0.08932500000851115,-0.06226700002417172,0.16632100003077338,52.558563,-1.482827,50.96650000005181,Vw16b
667.4090000000148,3.37018700059232,0.8377010002545997,10.408569000132207,0.07019899999705417,0.24527700004623026,-0.24304400006152194,52.558563,-1.482827,51.07890000001628,Vw16b
667.5090000000148,-1.4801030007312321,-1.5705010003626627,8.57649599972472,-0.025832000014329462,0.11247299997967528,-0.16710899998802425,52.558563,-1.482827,51.11960000000592,Vw16b
667.6090000000148,1.2181460004108473,1.5206290004658702,10.794607000334448,0.13595600002433642,0.2578180000219382,-0.18996100000353797,52.558563,-1.482827,51.24870000001924,Vw16b
667.7090000000148,-1.403399999663404,-0.12679999993361565,9.259500000287758,0.029100000018859522,-0.05059999996934406,0.0522999999741511,52.558563,-1.482827,51.4399999999941,Vw16b
667.8090000000149,0.8566990102381205,0.3189425743239155,11.191678218109999,0.1557336633852261,0.15524158418912046,-0.12126435646153351,52.558563,-1.482827,51.40039603959805,Vw16b
667.9090000000149,-0.3156999998595194,-0.5773999997459495,9.777200000052009,0.08439999999301062,-0.017499999967854767,-0.028200000004630094,52.558563,-1.482827,51.36999999997788,Vw16b
668.0090000000149,0.6275673268733769,1.1284415844128697,10.12640792084417,0.0374693069236926,0.1983415841906121,-0.05928910891552853,52.558563,-1.482827,51.2214851484927,Vw16b
668.1090000000149,-0.6220820001897125,-0.009038000173960281,9.307110999876025,0.07788700000616065,-0.012845000032145837,-0.04682899999807572,52.558563,-1.482827,51.190299999995524,Vw16b
668.209000000015,-0.1690049999298162,1.0277100001579693,8.48957399987807,-0.028818000016140016,-0.024405000001417102,0.014086000009158939,52.558563,-1.482827,51.17019999999702,Vw16b
668.309000000015,1.3224643566600136,-0.046583168480553105,10.536287129022977,0.018227722779540264,-0.07498019802742004,0.13193168318600845,52.558563,-1.482827,51.10138613860351,Vw16b
668.409000000015,0.5912676766509315,0.7332191920421463,9.282220201821508,-0.045143434353302286,-0.00997373736361136,-0.10070202023806096,52.558563,-1.482827,51.119797979801014,Vw16b
668.509000000015,0.6932910000166689,0.6465579999856007,9.665396000060182,0.037261000012610616,-0.10315200001424894,-0.02409799998800563,52.558563,-1.482827,51.19920000001203,Vw16b
668.609000000015,0.2173000000721954,-0.026299999838136058,9.756600000145447,-0.08959999999570602,-0.15540000000252588,0.20859999998988166,52.558563,-1.482827,51.28999999999703,Vw16b
668.7090000000151,0.6983891089832003,1.0523138615482575,10.725807920937754,-0.06098613860956063,-0.1722316831708467,0.1411742574156083,52.558563,-1.482827,51.270198019799004,Vw16b
668.8090000000151,-1.2255999996349258,-0.6724999999127211,8.871600000169797,-0.14859999998537368,-0.1297999999856132,0.10099999999200568,52.558563,-1.482827,51.28000000000748,Vw16b
668.9090000000151,1.1888554459101996,-0.0952722771403075,9.994570297199767,-0.051867326718024076,-0.034651485134105584,0.04812871286328031,52.558563,-1.482827,51.329504950502546,Vw16b
669.0090000000151,-1.4991050004148758,-1.5251980002196215,9.706126999954158,-0.03911899999819784,-0.2232850000290012,0.1333340000131149,52.558563,-1.482827,51.49830000002574,Vw16b
669.1090000000152,1.5528950004710609,0.8600600003670957,9.893675000029152,-0.07335300000525505,-0.03452599997083222,0.15350500000295314,52.558563,-1.482827,51.72770000003483,Vw16b
669.2090000000152,0.1013759997732,-0.7600900002515455,10.331101000066619,0.03460600001656777,-0.10437500001097957,-0.03172700002836512,52.558563,-1.482827,51.7993000000106,Vw16b
669.3090000000152,0.5485320000712186,0.11261700013705167,9.800305999917523,0.07916100000669773,0.143588000038325,-0.16447800002016946,52.558563,-1.482827,51.95840000002441,Vw16b
669.4090000000152,0.7681290000331249,-0.03491900002412275,10.283267000075266,0.0701949999985505,0.000965999977631915,0.03853600003149232,52.558563,-1.482827,52.12830000002594,Vw16b
669.5090000000152,0.3950000000079187,-0.30430000001368046,9.744400000014194,-0.02159999999509796,0.03020000000182507,-0.013499999994977294,52.558563,-1.482827,52.380000000033185,Vw16b
669.6090000000153,0.446980198027733,-0.3941019802117215,9.837568316845898,0.010578217826691827,0.04218019802162988,0.019470297034733478,52.558563,-1.482827,52.597821782211454,Vw16b
669.7090000000153,0.621740000026854,-1.0935440001076597,10.517046000104576,0.008919999999694842,0.07853400000558439,-0.04019400000924629,52.558563,-1.482827,52.728700000019835,Vw16b
669.8090000000153,-0.38461700015651734,-0.5386759999127573,9.503110999841516,-0.21652300003499855,0.01722299999042421,0.01157100000813098,52.558563,-1.482827,52.90820000002766,Vw16b
669.9090000000153,1.1854380002453615,-1.0377020000783643,10.035914000084329,-0.08435799997912538,-0.04468100000951501,0.12288100001720081,52.558563,-1.482827,53.177300000041505,Vw16b
670.0090000000154,0.12853699983341782,-0.32316899988826386,9.417996999903204,-0.09775100000229037,-0.008075999994220276,0.041532999987195465,52.558563,-1.482827,53.28890000001691,Vw16b
670.1090000000154,-0.354134000073261,-1.7731800002262699,10.861258000225071,-0.1201750000034586,0.14575000002382596,-0.055033000014864344,52.558563,-1.482827,53.577100000044574,Vw16b
670.2090000000154,1.8436520003419872,0.23041300031338086,11.367732000076366,0.0879950000323572,0.2222430000116363,-0.17905700001910688,52.558563,-1.482827,53.68890000001691,Vw16b
670.3090000000154,-0.56900990136874,-0.8493742575968252,9.528849504663768,-7.821783580533315e-05,-0.024794059444473826,0.027501980230334067,52.558563,-1.482827,54.00366336638541,Vw16b
670.4090000000155,0.1985656566947086,-0.3299272726416863,9.886569697032103,0.03433030303602756,-0.006636363632703691,-0.06085555557017968,52.558563,-1.482827,54.18818181820997,Vw16b
670.5090000000155,-0.2600830000730441,0.00616100005170539,9.371938999918873,-0.02549200000941506,0.02201300000444428,0.014133000011877207,52.558563,-1.482827,54.33850000002323,Vw16b
670.6090000000155,0.5438320001264838,0.7211120001113082,9.41293300000723,-0.031050000000774264,0.05576200000523403,-0.10429600001864428,52.558563,-1.482827,54.49840000002477,Vw16b
670.7090000000155,-0.042594000093004514,-0.6155260002101972,11.188173000277605,-0.09267800000963183,0.1293600000114591,-0.030259999988231187,52.558563,-1.482827,54.63860000002168,Vw16b
670.8090000000155,1.0958999996451193,2.1787999995565723,8.72980000012241,-0.13999999998815676,0.1784999999695283,-0.17329999997248915,52.558563,-1.482827,54.64999999999075,Vw16b
670.9090000000156,-1.1826148518405686,-0.6682297034143976,9.515740594182002,-0.06396039602774276,-0.017143564386953553,0.0033336633938892413,52.558563,-1.482827,54.59059405939668,Vw16b
671.0090000000156,0.8558790003247863,1.2874580003126348,9.494394999995398,-0.013105999992106925,0.16177300002849931,-0.08875200001478781,52.558563,-1.482827,54.62960000000624,Vw16b
671.1090000000156,-0.5372180002227842,-0.09839900022152115,10.262835000121125,0.006903000003073,-0.13448900004696854,0.001875000014429043,52.558563,-1.482827,54.6795000000078,Vw16b
671.2090000000156,0.8769710002250773,2.3272550003844366,9.506319999879576,-0.034084000006489173,0.07624100003367817,0.010126000001154324,52.558563,-1.482827,54.590899999985965,Vw16b
671.3090000000157,-0.7319030002576219,-0.029842000377987787,10.229616000116014,-0.01766999999732904,-0.2608730000538434,0.1945380000292548,52.558563,-1.482827,54.46129999997957,Vw16b
671.4090000000157,-1.44288400011024,-0.3994100000548372,9.565185999893375,-0.015123999999622897,-0.018185999960938337,-0.052090000039438755,52.558563,-1.482827,54.36099999998429,Vw16b
671.5090000000157,-0.8994599999126377,-0.5105130000170797,9.446826999982292,-0.018169000000487094,-0.21587800003177102,0.12894600002913129,52.558563,-1.482827,54.23129999997957,Vw16b
671.6090000000157,-1.638699999661464,-0.41169999972585014,10.08989999995573,-0.0020000000039920966,0.21589999997861045,-0.17989999997680856,52.558563,-1.482827,54.18999999998757,Vw16b
671.7090000000157,0.519121782517264,1.3357257428488203,9.80772178213388,-0.027445544558453557,0.07956336631521191,-0.03207821779855577,52.558563,-1.482827,54.11079207919548,Vw16b
671.8090000000158,0.1934000000996338,1.3077000001696968,9.594599999996385,-0.036699999994742945,0.2773000000061176,-0.22069999998989268,52.558563,-1.482827,53.839999999965585,Vw16b
671.9090000000158,0.8238950496047334,2.3815613863085643,9.571728712867667,-0.003432673262061807,0.31601287129325545,-0.1567396039502736,52.558563,-1.482827,53.62217821778731,Vw16b
672.0090000000158,-1.7773999998771632,-1.1917999996783963,10.00709999985687,0.05209999998945459,0.08940000000985698,-0.16289999997853366,52.558563,-1.482827,53.36999999997027,Vw16b
672.1090000000158,-1.000073267203712,0.84334851517357,9.10135742559923,-0.014632673277887913,0.15177623763363413,-0.027058415820085724,52.558563,-1.482827,53.18188118808904,Vw16b
672.2090000000159,-1.3364240000550125,-1.0220520003014602,10.522454000228628,0.10716300001957718,-0.05154000003260231,0.02617600000829301,52.558563,-1.482827,52.932499999960434,Vw16b
672.3090000000159,-0.3095079998341079,0.7832720002937219,10.621644000013644,-0.0275270000218841,0.13341100003010858,-0.11902800002346203,52.558563,-1.482827,52.65279999995537,Vw16b
672.4090000000159,-0.8628060000907627,0.01583799987346801,10.90603600004565,0.09178100001943089,0.003233999978736024,-0.07208899999220532,52.558563,-1.482827,52.323299999947395,Vw16b
672.5090000000159,-0.5825999999253831,0.7890999999537643,8.8262000001611,-0.08039999998922114,0.08449999997522753,-0.019699999994846947,52.558563,-1.482827,52.069999999971635,Vw16b
672.609000000016,-0.1137881187371535,0.4986049504487452,9.83837821798312,-0.012677227711977393,-0.0711435643812449,0.012676237628923084,52.558563,-1.482827,51.891782178189416,Vw16b
672.709000000016,-0.6410270000856457,0.37363299998034594,9.567339999954731,-0.053085000006615105,-0.0126069999903244,0.050422000006025335,52.558563,-1.482827,51.7216999999729,Vw16b
672.809000000016,-0.9286490000457659,-0.19239500009158,10.448867000143398,-0.052410999999823425,-0.06486600000857208,0.03139599999685369,52.558563,-1.482827,51.49229999996308,Vw16b
672.909000000016,-0.04465799985619068,-1.3124440001807007,9.237327999802089,-0.010522999993209277,0.04221300001745039,0.02535899999905283,52.558563,-1.482827,51.34149999997592,Vw16b
673.009000000016,-0.22172100003016493,-0.2668749998286266,10.250442000166284,0.023659000005474322,-0.1743020000352861,0.0629200000061004,52.558563,-1.482827,51.141999999967894,Vw16b
673.1090000000161,-1.8995710002717734,-1.2171930001558335,9.529981999881493,-0.055398000012875086,-0.14877999999550495,0.13626300001183161,52.558563,-1.482827,51.01129999997913,Vw16b
673.2090000000161,-1.5580209999418695,-0.14492899982454888,9.716640000031466,0.0025070000095198594,0.008019000025380918,-0.006847000023326055,52.558563,-1.482827,50.99019999999679,Vw16b
673.3090000000161,-0.43678899981749897,-0.25824500002028866,9.078861999895533,0.021217000002958425,-0.1121700000198845,0.002491000001762122,52.558563,-1.482827,50.89099999998383,Vw16b
673.4090000000161,-0.7351720000505716,1.0444290002129408,8.917365999974683,-0.04295000001050882,0.008271000019869731,-0.013339000002602951,52.558563,-1.482827,50.74149999997575,Vw16b
673.5090000000162,-0.4134999999469479,-0.19340000017219766,10.00699999989896,0.023200000005032983,-0.07939999999647059,0.00170000000536535,52.558563,-1.482827,50.770000000036404,Vw16b
673.6090000000162,-0.0848725489664019,-1.2600666668393636,9.381117646957492,0.05437647059328287,-0.057537254898421125,0.03493529412302797,52.558563,-1.482827,50.995490196114936,Vw16b
673.7090000000162,0.6198999999567172,-0.5888999999144645,9.932100000148843,0.043200000009351924,0.10060000000112673,-0.1436999999943341,52.558563,-1.482827,51.09000000003702,Vw16b
673.8090000000162,0.353662376194278,-0.062761386052954,10.847644554604503,0.10072475248461304,0.10753069307043531,-0.10884851484581103,52.558563,-1.482827,51.317722772314305,Vw16b
673.9090000000162,0.5633550000349229,-0.16788500001815343,9.62880399979805,0.02200099998695884,-0.06178900002785695,-0.15077300000695204,52.558563,-1.482827,51.60710000004721,Vw16b
674.0090000000163,0.3239399999602741,-1.1258350001573567,10.571948000157144,-0.046912000011201396,0.09341500002580552,-0.007253999976327308,52.558563,-1.482827,51.946600000055355,Vw16b
674.1090000000163,0.033400000034800106,-1.4387999998053642,8.577600000130106,-0.07829999999888936,-0.011399999983694493,0.00449999996737289,52.558563,-1.482827,52.22000000001931,Vw16b
674.2090000000163,0.24745940597544475,-0.24157227703280393,9.377897029833266,-0.07146831683057092,0.08889702971929953,-0.1961930693396052,52.558563,-1.482827,52.33881188120746,Vw16b
674.3090000000163,1.5647160002177731,0.8036630001711005,10.35491200016046,-0.08100300000159019,-0.06176800002511508,-0.17711299999650815,52.558563,-1.482827,52.716200000062294,Vw16b
674.4090000000164,1.0319159999095664,0.4108729999332241,10.932762000094073,0.11175200003193703,0.05678700001988686,0.1747480000582342,52.558061069999916,-1.481147959999722,53.1952000000787,Vw16b
674.5090000000164,2.9942230003258787,-0.537660000156406,10.875733999989606,0.029054999985982474,-0.08762900002411675,-0.04949900003772437,52.558056,-1.481131,53.675200000078696,Vw16b
674.6090000000164,0.7832339996305602,-0.6115500000106566,10.10923599987317,0.0022619999957045646,-0.014057999987572747,0.18451300003913434,52.558056,-1.481131,53.97700000004918,Vw16b
674.7090000000164,0.8283170000111976,0.389878000165948,10.405034000050266,0.05872700000939421,0.0321410000075252,-0.0199110000342487,52.558056,-1.481131,54.108700000021315,Vw16b
674.8090000000165,0.741186999985358,-0.126680000087819,11.020811000102164,0.11058200000855081,0.02962999999950478,0.03690500000982186,52.558056,-1.481131,54.43670000005447,Vw16b
674.9090000000165,0.37795999993957907,1.1613360002156665,9.448048999736706,0.06496599999230707,0.011977999997061492,0.058389000003483287,52.558056,-1.481131,54.73700000004953,Vw16b
675.0090000000165,1.5604999996116329,-0.24349999984251502,10.93119999984405,0.042400000073152415,0.021100000006071554,0.005300000011359679,52.558056,-1.481131,55.190000000057125,Vw16b
675.1090000000165,-0.7954405944483305,0.7118465348111762,9.98516039588343,0.486162376310881,0.057931683174397085,0.07421089110048487,52.558056,-1.481131,55.53653465352255,Vw16b
675.2090000000165,3.529377000725102,0.6474469999876682,14.204089000705093,0.4126869999870078,0.16017100001698723,-0.33001000006751957,52.558056,-1.481131,55.95580000006934,Vw16b
675.3090000000166,0.5033000003323106,0.07150000021840704,7.943800000732708,0.0858000000460479,0.20470000000433855,-0.09770000000918656,52.558056,-1.481131,56.0500000000493,Vw16b
675.4090000000166,2.5053792082535757,1.3873415843771342,12.358156436377314,0.3632257426203709,0.23083861386573087,-0.153046534662665,52.558056,-1.481131,56.34702970301967,Vw16b
675.5090000000166,2.980998000076495,1.7429410000574959,8.614658999364053,-0.05108700007002909,-0.17678000006848335,0.17904000005585038,52.558056,-1.481131,56.67670000005485,Vw16b
675.6090000000166,0.23560000039413517,-0.4778999996414443,11.611999999753277,0.0911999999775348,-0.23619999994481483,0.049900000001939206,52.558056,-1.481131,57.07000000005259,Vw16b
675.7090000000167,2.610154455840241,1.6822980201610465,10.125564356188569,-0.04414653467596252,0.09627524758001618,0.06158316831877365,52.558056,-1.481131,57.38683168322098,Vw16b
675.8090000000167,1.4417419997984806,1.1551429999072393,10.010115999982999,-0.03906499999891225,-0.04860300002505186,-0.03046900001558,52.558056,-1.481131,57.69690000005188,Vw16b
675.9090000000167,1.128343999949056,0.37383599986885796,9.83228599997011,-0.024347999997523094,0.24294000004953806,-0.07070300000664412,52.558056,-1.481131,57.99700000005021,Vw16b
676.0090000000167,1.503480000063931,0.635775000045605,9.273723999905878,-0.026279000000351452,0.12125899997892957,-0.08208900000185768,52.558056,-1.481131,58.26730000004519,Vw16b
676.1090000000167,0.8736999998928906,0.3078399999441023,9.541934000046291,-0.02550799999986611,0.09307199999544785,0.019869000017254668,52.558056,-1.481131,58.46800000003347,Vw16b
676.2090000000168,1.2842880000704913,0.12372599996944036,10.042967000084232,-0.008867999997188378,0.1275490000058743,-0.08809900001842616,52.558056,-1.481131,58.707600000040166,Vw16b
676.3090000000168,1.2903810000003202,0.049233999987633295,9.643089999931089,-0.05523000000791874,0.06750999998972249,-0.10028800000188702,52.558056,-1.481131,59.036700000055596,Vw16b
676.4090000000168,1.7708470000817709,2.0186990003353227,9.926793000048981,-0.07975700000409444,0.18867000002072493,-0.062086999993479226,52.558056,-1.481131,59.28750000004212,Vw16b
676.5090000000168,1.4258339999404537,-0.6849890004635473,11.609037000285818,0.15403600003983225,0.37938600003225,-0.3237530000446007,52.558056,-1.481131,59.53750000004212,Vw16b
676.6090000000169,4.663499999114281,4.707199998879866,9.481400000101846,-0.021899999992546236,0.76139999987724,-0.28559999996330326,52.558056,-1.481131,59.7700000000202,Vw16b
676.7090000000169,-0.6005999995187216,-1.9500999991769326,10.086699999543862,0.022399999976502955,0.031800000078910484,-0.06750000001906933,52.558056,-1.481131,59.890000000033545,Vw16b
676.8090000000169,2.240588119293831,2.9088108919133244,7.393927722315503,-0.11631287131065854,0.49764158423743643,-0.18007425744483851,52.558056,-1.481131,60.08801980201379,Vw16b
676.9090000000169,-0.7205999999374083,-2.3494999997197463,10.520600000022743,0.049699999996327016,-0.1157999999727461,0.08419999996343785,52.558056,-1.481131,60.08000000006205,Vw16b
677.009000000017,-0.35109504944227143,-0.6950445541748007,10.654857425765348,0.028016831679490206,0.045091089136202814,-0.13164158419502897,52.558056,-1.481131,60.44633663372551,Vw16b
677.109000000017,1.0678050002424893,-0.14231599990812727,9.400879999784905,-0.004375000005513045,-0.14110300003217918,0.11746200004305266,52.558056,-1.481131,60.56880000002035,Vw16b
677.209000000017,-0.6487170002965679,-1.514980000236128,10.276131000152143,0.0015370000010686826,-0.30555800002785355,0.06129299998994081,52.558056,-1.481131,60.669000000016965,Vw16b
677.309000000017,1.4604190003668043,1.7646320005680762,8.775448999739611,-0.10076600001765633,0.19047300008583984,-0.03800300001702454,52.558056,-1.481131,60.74920000001366,Vw16b
677.409000000017,0.1641109997726895,2.361606000097236,8.187583999901229,-0.009927999984152627,0.027298999970986365,0.04336800001420798,52.558056,-1.481131,60.86880000002049,Vw16b
677.5090000000171,-1.1312999991328452,-0.24189999961500686,8.512900000731744,-0.21989999991059825,0.19210000001060326,-0.10590000001473988,52.558056,-1.481131,60.96000000002026,Vw16b
677.6090000000171,3.9537495058188514,2.0157237627617643,12.80389009974266,0.3043574258320999,0.2542782178324002,-0.19233564357911676,52.558056,-1.481131,61.07881188120841,Vw16b
677.7090000000171,-6.470095001806822,-6.045149001394346,9.780571999471093,-0.0552150000629284,0.8787980001076187,-0.31467300002095333,52.558056,-1.481131,61.1988000000205,Vw16b
677.8090000000171,6.057193002193494,5.77587100206667,12.683861000509477,0.1427630000350149,1.5432520001142755,-0.8588160000942671,52.558056,-1.481131,61.556400000061885,Vw16b
677.9090000000172,-6.075855002128967,-8.649673002525759,10.362249999591723,-0.12754900004729128,-0.05766200027914081,0.17153700017986517,52.558056,-1.481131,61.61940000001031,Vw16b
678.0090000000172,5.100358001962169,5.163786002424114,9.285535999817162,-0.036546999983720505,0.8919440001677114,-0.6528670001449681,52.558056,-1.481131,61.649700000005154,Vw16b
678.1090000000172,2.5423909995360088,1.7482249993824284,8.64238899989017,-0.12182900001497302,-0.6723010002733132,0.3757250001800714,52.558056,-1.481131,61.68960000000688,Vw16b
678.2090000000172,1.6144009998435485,1.228189999915938,11.61649400051754,-0.33060000003610024,-0.2338889999211124,-0.08989100008266959,52.558056,-1.481131,61.729600000006876,Vw16b
678.3090000000172,7.540053001037271,3.681173000429585,13.694514000357932,-0.3580440000044296,-0.4726420000425311,0.19447900005054247,52.558056,-1.481131,62.14580000007267,Vw16b
678.4090000000173,-1.8225230016469673,-3.721178001298201,8.164764999029837,-0.49482100002386253,-0.7109180000412189,0.5424150000603054,52.558056,-1.481131,62.26880000002077,Vw16b
678.5090000000173,3.2674250009063117,4.229136001402755,10.753287000462247,-0.04169099992055608,0.11146900014416183,-0.1848190001277229,52.558056,-1.481131,62.428400000027686,Vw16b
678.6090000000173,-1.9165999998264776,-6.697099999207394,9.628400000025664,-0.1660999999816075,-0.6444999998102919,0.4985999998478298,52.558056,-1.481131,62.62000000002908,Vw16b
678.7090000000173,-0.9124415839846556,-2.1103673259389826,9.776914851510847,-0.059664356417225894,0.4533217823681853,-0.38199405955831894,52.558056,-1.481131,62.788316831712294,Vw16b
678.8090000000174,-4.882794000700261,-6.149735000718705,11.83185800036126,-0.07176700000231645,-0.4221460001559502,0.29239900012019343,52.558056,-1.481131,62.88900000001742,Vw16b
678.9090000000174,-2.1031000000964424,-4.620399999801087,12.493099999731477,-0.28350000000185993,0.7230999999097746,-0.393599999947215,52.558056,-1.481131,62.98000000002755,Vw16b
679.0090000000174,-2.657555445641128,-3.4768356433651735,10.949337623493488,-0.2941930693087932,0.20438712862252328,-0.09013465341248983,52.558056,-1.481131,63.13841584161175,Vw16b
679.1090000000174,-2.7680999990232102,-3.758299998909167,12.413199999405707,-0.08640000001456971,0.5615999999710328,-0.17560000003115436,52.558056,-1.481131,63.10999999998622,Vw16b
679.2090000000175,2.847543565334553,2.512987129805186,8.996566336038564,-0.17016237625221325,0.39506534650564695,-0.3547089109222858,52.558056,-1.481131,63.03079207919413,Vw16b
679.3090000000175,-0.08847600052984239,-1.1882800006665102,12.291572000589516,0.19510200006482784,0.07778799994411273,-0.14216499996204646,52.558056,-1.481131,62.92109999998072,Vw16b
679.4090000000175,2.1243430003972144,-0.4684549998657952,9.421628999485815,-0.08889400005094697,0.13112900001001057,-0.08129299998960372,52.558056,-1.481131,62.81109999998072,Vw16b
679.5090000000175,0.9809999997299642,-0.6832000000698231,9.364199999941635,0.04740000000393491,-0.11109999999474768,-0.1221999999456219,52.558056,-1.481131,62.5899999999844,Vw16b
679.6090000000175,-0.5613762378941626,-1.0820118812580364,9.030833663307893,0.0698752475286927,-0.08109999999474057,0.1883940594603921,52.558056,-1.481131,62.50089108909329,Vw16b
679.7090000000176,1.5379390003744935,1.5354210004642204,10.458347000253385,0.03089599999305747,0.07631300002782272,-0.08055200004817692,52.558056,-1.481131,62.39109999998072,Vw16b
679.8090000000176,-1.243984000499613,-2.2912790006867296,10.020369999919366,-0.05790700001575626,-0.19019200004778045,0.14172700004010524,52.558056,-1.481131,62.38009999999824,Vw16b
679.9090000000176,-0.7867049999134497,0.742265000547623,9.443678999898028,0.09742200002784435,0.18716100006774047,-0.028062000030667583,52.558056,-1.481131,62.280999999982356,Vw16b
680.0090000000176,0.9810000004475328,2.3947000002243333,10.42750000002174,0.04090000003255608,-0.21559999990404158,-0.04330000004832816,52.558056,-1.481131,62.27999999997906,Vw16b
680.1090000000177,3.520702970745163,3.6677693071553272,10.550866336655432,0.2256524752801245,0.3289544555416317,-0.3175574257909672,52.558056,-1.481131,62.16118811879091,Vw16b
680.2090000000177,-1.780397000949372,-1.8531050009862864,11.50398500016966,0.18067299999165376,-0.22643500009996081,0.16014700008563276,52.558056,-1.481131,62.16990000000177,Vw16b
680.3090000000177,-2.4548613862493847,-3.8241108914309025,9.736697029385843,0.046893069283139105,0.6068514852982442,-0.43066633673997323,52.558056,-1.481131,62.19940594059931,Vw16b
680.4090000000177,-4.064599999181462,-3.4531999995029063,9.920700000171996,0.032800000009605076,-0.07949999986501974,-0.005100000073381365,52.558056,-1.481131,62.19,Vw16b
680.5090000000177,0.5507465354730945,-0.6503287123735313,10.890501980370244,0.08695841585120204,0.6815891090460513,-0.4188623763111029,52.558056,-1.481131,62.19,Vw16b
680.6090000000178,5.1120920008099535,4.4238290009051955,10.110179999858282,-0.05238700002509347,0.2046939999130873,-0.21104099996197795,52.558056,-1.481131,62.32860000002486,Vw16b
680.7090000000178,1.4804871280523688,1.5681207915571092,10.822351485277869,0.20409009905622333,0.7555722773275508,-0.44404950499273266,52.558056,-1.481131,62.457425742597145,Vw16b
680.8090000000178,4.7164222228258925,3.6823272731235397,11.110706060655993,0.14396666665475216,0.7237393939315412,-0.3076404040146614,52.558056,-1.481131,62.63818181821431,Vw16b
680.9090000000178,-4.5627300016812855,-3.6216980013226157,8.781356999578971,0.144092000000143,0.38491799993891107,-0.278182999994942,52.558056,-1.481131,62.67960000000715,Vw16b
681.0090000000179,2.8261150013509093,1.3961670009192466,11.1983480004406,0.2547820000199817,0.7652240000692747,-0.5962840000574787,52.558056,-1.481131,62.868100000033955,Vw16b
681.1090000000179,-7.3196540018452865,-2.5009160007128353,8.244881999462354,-0.018231000049489576,0.08372299987626719,0.0020240001085944925,52.558056,-1.481131,63.08780000003932,Vw16b
681.2090000000179,0.15792600136858415,0.30149000051312536,9.58208900024684,0.07671300001764038,0.48151200007306355,-0.3559230000657179,52.558056,-1.481131,63.22860000002502,Vw16b
681.3090000000179,0.2742980000072301,-0.7475140001957874,10.852210000228233,-0.17465100004584444,-0.16403800011801922,0.018184000068631745,52.558056,-1.481131,63.329000000017984,Vw16b
681.409000000018,-0.7655920001890011,0.43385700021661,8.978058999657197,-0.13750099999278745,0.37419700009897916,-0.14352800003007327,52.558056,-1.481131,63.31019999999641,Vw16b
681.509000000018,-5.131209000791239,-3.1406720006516107,10.360543000254633,-0.1858080000088493,-0.2378620001121992,0.20684400006395964,52.558056,-1.481131,63.201099999980215,Vw16b
681.609000000018,1.0939750011389888,4.267504001352505,8.704767999696607,-0.1382849999912766,0.4589980001277394,-0.2793530000889788,52.558056,-1.481131,63.24950000000899,Vw16b
681.709000000018,1.5037010000629345,2.768104999713927,8.832737000026313,0.012383000027285346,-0.5547880001854759,0.38602900012178587,52.558056,-1.481131,63.09159999997122,Vw16b
681.809000000018,3.159213000302017,5.4169830004871695,10.095460000230581,0.041818000005103904,0.11314900012399587,-0.03418700007806069,52.558056,-1.481131,63.10980000000362,Vw16b
681.9090000000181,2.53469999831655,0.825999999258267,11.04469999949929,-0.10360000002960203,-0.778099999953682,0.49739999997381634,52.558056,-1.481131,63.10999999998389,Vw16b
682.0090000000181,-6.778369308616344,-3.277366337376366,8.274699999498635,-0.26736237626726456,-0.5218623761912451,0.3525485148252673,52.558056,-1.481131,63.020891089092785,Vw16b
682.1090000000181,0.7077999994907521,1.1393999991696757,8.75880000024369,-0.12919999998024145,-0.447900000020725,0.31569999999183884,52.558056,-1.481131,62.989999999983894,Vw16b
682.2090000000181,-2.1094277232821907,-3.454065347366063,10.106918812125196,-0.01989306928714632,-0.5625534653672868,0.27055148514034305,52.558056,-1.481131,62.90089108909278,Vw16b
682.3090000000182,1.0913840005940232,0.8571880008015746,11.261474000209919,-0.27026000004626005,-0.03870299990341841,0.12308499997295422,52.558056,-1.481131,62.88019999999636,Vw16b
682.4090000000182,-0.7082920003371005,-0.7335870003007641,11.892245000113927,-0.17478999998196837,-0.28426600004615366,0.11288799999839719,52.558056,-1.481131,62.80079999998543,Vw16b
682.5090000000182,1.2767620003686102,-0.8570200000196708,11.339545999897165,-0.21706300000795942,0.0782130000671542,0.06250799999074741,52.558056,-1.481131,62.82970000000546,Vw16b
682.6090000000182,-0.5991470003488482,1.1683310003728176,8.551009999488011,-0.20502599999770507,0.04061699999240486,-0.05769100002202045,52.558056,-1.481131,62.73099999998178,Vw16b
682.7090000000182,-1.1193999998907946,-1.9373999994553688,10.07880000012923,0.0039000000071402084,-0.11099999996696294,0.17399999997930427,52.558056,-1.481131,62.649999999987315,Vw16b
682.8090000000183,-0.522766336524317,1.0381445550007802,10.784839604089793,0.04290990099724844,0.06949504953803025,0.060930693048584464,52.558056,-1.481131,62.58069306929423,Vw16b
682.9090000000183,1.7390140004176096,3.145910000384694,9.69329699979662,-0.17212400003988057,-0.45825100009803355,0.33076300005016224,52.558056,-1.481131,62.47109999997984,Vw16b
683.0090000000183,3.814367000379983,2.824656999936642,11.224917000285597,0.13081800005648525,0.04139900009348829,0.08134699995331995,52.558056,-1.481131,62.35119999997801,Vw16b
683.1090000000183,-0.7821610008547739,2.2532369998948556,8.890338999564925,0.09924999999358539,-0.5952180001187986,0.34243700004880606,52.558056,-1.481131,62.27079999998534,Vw16b
683.2090000000184,-2.7164330003494497,-3.1110730009920107,11.80897900054471,0.24551900002714294,-0.48418699997824527,0.17650299996878835,52.558056,-1.481131,62.16109999997984,Vw16b
683.3090000000184,0.04095500051714973,3.401965001223218,6.987798999096458,-0.20325200008386513,0.030117000095574498,0.14024899999356444,52.5574926899999,-1.4791133799996241,61.9817999999668,Vw16b
683.4090000000184,-0.6627999997588067,-1.906199999503609,11.949899999935722,-0.02970000003570397,-0.1774999999363966,0.06029999998103568,52.557487,-1.479093,61.849999999972646,Vw16b
683.5090000000184,0.6468039606375425,0.7890475252495033,11.600890098945541,-0.22356138617436366,0.1678465347171504,-0.04267029704869164,52.557487,-1.479093,61.701485148487464,Vw16b
683.6090000000185,-1.1337000002480253,1.7996999997858993,7.634000000014053,-0.3705999998952978,0.020000000012523743,0.06369999996806447,52.557487,-1.479093,61.43999999995948,Vw16b
683.7090000000185,-2.480399999884888,0.6371999996972298,7.710300000006146,0.19789999996416738,0.0879999999773592,-0.10969999996983675,52.557487,-1.479093,61.219999999983486,Vw16b
683.8090000000185,-1.8592118810728597,-0.9966613864417702,7.743468316837838,0.004533663330458293,-0.03417821784445184,0.053072277257924474,52.557487,-1.479093,61.13089108909238,Vw16b
683.9090000000185,-1.6976999996936704,-0.7895999996196568,8.927600000178392,0.2029999999749924,0.18520000000018347,-0.11009999999915603,52.557487,-1.479093,60.859999999954134,Vw16b
684.0090000000185,-0.04463069276258658,1.2628752479055807,9.890273267505354,0.0680495049254555,0.1861900990100847,-0.10554554455361038,52.557487,-1.479093,60.61247524747883,Vw16b
684.1090000000186,0.5052130000999548,-0.8666820004029738,10.750211000159368,0.1230310000105577,0.07363699997890316,-0.04184299998806924,52.557487,-1.479093,60.36249999995361,Vw16b
684.2090000000186,1.4825999992995647,1.344999999724699,9.72519999986499,0.0066000000180779905,0.21869999996645792,-0.09649999999747749,52.557487,-1.479093,60.15999999996344,Vw16b
684.3090000000186,-2.2741647065803603,-0.13156862772532674,9.001082352806634,0.1035607843317408,0.03879803918226049,-0.08297058823278035,52.557487,-1.479093,59.96392156859102,Vw16b
684.4090000000186,-0.5039303026787865,1.7676191922865856,8.313765656437491,0.006411111092236077,0.2558484848905152,-0.04785555554891818,52.557487,-1.479093,59.78181818178424,Vw16b
684.5090000000187,-3.285315000528039,0.7080019997964759,10.340756000383525,0.1721160000314378,-0.1263170000724898,0.057737000019844636,52.557487,-1.479093,59.59189999996453,Vw16b
684.6090000000187,-0.6896000001641651,-0.8067999998523381,11.85959999996127,0.05160000004867913,0.11149999992466457,-0.12289999997319602,52.557487,-1.479093,59.45999999995385,Vw16b
684.7090000000187,-1.5700950496693236,-0.014819801832348989,11.651877227683995,0.312689108959632,-0.292559406016025,0.020862376264461704,52.557487,-1.479093,59.212475247478544,Vw16b
684.8090000000187,-1.2898999998603897,-1.281399999448598,10.926899999352987,0.15440000000954632,-0.23199999997585563,0.09929999998976649,52.557487,-1.479093,59.07999999994614,Vw16b
684.9090000000188,-0.5456425741176396,1.6581049510471466,7.477692078560091,0.20529108911846924,-0.1032871286886965,0.044745544544209044,52.557487,-1.479093,58.79287128707478,Vw16b
685.0090000000188,-2.6669970004038737,-0.8430390004800916,9.584669000406278,0.13016399998565037,-0.257925000029582,0.009450999993407441,52.557487,-1.479093,58.582099999960555,Vw16b
685.1090000000188,-0.012099999433832795,2.1563999995485,8.590600000590257,0.16790000002059702,0.07779999995395852,-0.15799999996073752,52.557487,-1.479093,58.30999999997586,Vw16b
685.2090000000188,3.0061178223490588,-0.2505306935213758,11.737233663957337,0.2777019802186428,-0.16764554460055497,0.05130693073238124,52.557487,-1.479093,58.181287128688695,Vw16b
685.3090000000188,-3.2371999997741714,-1.2720999999619944,9.184100000152565,0.08869999998039926,0.4691999999443743,-0.32079999993815206,52.557487,-1.479093,57.8999999999645,Vw16b
685.4090000000189,-2.0405663364075517,-1.0707138613480853,9.992515841736914,-0.015161386158239143,0.17444752469677988,0.0069227723391530605,52.557487,-1.479093,57.71188118808327,Vw16b
685.5090000000189,-0.43400699969564394,-1.6083490001030014,10.338586000064511,-0.09490500001502222,0.33257300003074364,-0.11147100002322305,52.557487,-1.479093,57.59119999997733,Vw16b
685.6090000000189,0.4045920001569871,2.542319000793269,9.104202999763745,-0.04421999999017414,0.3154889999964287,-0.12052100000149277,52.557487,-1.479093,57.3028999999452,Vw16b
685.7090000000189,-2.487008000553499,-0.05266400050331077,9.622439000101302,-0.014494999994425717,0.1774919999736969,-0.024272999981614307,52.557487,-1.479093,57.06239999995465,Vw16b
685.809000000019,0.7302070006233436,2.822489000557156,9.800555000033171,0.014312000005474428,0.37489200003816897,-0.1692260000280184,52.557487,-1.479093,56.81249999995248,Vw16b
685.909000000019,-0.10265600016621979,-0.0031620005481980407,9.667857999974185,-0.109744000023876,-0.07810400008736795,0.0713550000464784,52.557487,-1.479093,56.60209999996008,Vw16b
686.009000000019,2.326277000468073,2.5250710004909984,11.12882900028079,0.14333100004883564,0.238060000061591,-0.14568300004214424,52.557487,-1.479093,56.431699999967684,Vw16b
686.109000000019,-3.965201001212792,-1.07151000069556,8.940651999577,-0.11070800004927281,-0.16153100007734997,0.28730400008356616,52.557487,-1.479093,56.32109999997909,Vw16b
686.209000000019,-0.8950559993982328,-0.9547489999705542,9.764652000162494,0.033913000028267234,0.19555200006934695,-0.266363000107157,52.557487,-1.479093,56.06259999995058,Vw16b
686.3090000000191,-6.592827001106654,0.9683900003711605,9.310473999910624,-0.012021000009159497,-0.4427160001239879,0.21201100009348806,52.557487,-1.479093,55.86199999996175,Vw16b
686.4090000000191,-4.399835999565214,5.53279100087793,8.554389999854854,-0.08071100001317594,-0.13794399993987644,0.07691399997295967,52.557487,-1.479093,53.26619999949897,Vw16b
686.5090000000191,-5.210284000160941,4.567711999804713,9.825088000246918,0.007502000017172689,-0.18647800000998233,0.05609599999625184,52.557487,-1.479093,51.16099999959841,Vw16b
686.6090000000191,-3.5468869996770653,1.5637399994217125,10.624357000151896,0.12046800002164754,-0.09374199998198587,0.025407999994110034,52.557487,-1.479093,49.15999999961753,Vw16b
686.7090000000192,0.978064000870797,0.4352929997878656,9.664970999813148,0.10437399999667255,0.014912000020806102,0.025298000000038245,52.557487,-1.479093,48.29849999983745,Vw16b
686.8090000000192,-0.7849320003513995,-0.7528110002286946,9.178217999907323,0.00618999998095654,-0.11943200002631459,0.08489800001157996,52.557487,-1.479093,47.785099999901895,Vw16b
686.9090000000192,-0.9280999998879745,-0.061200000285932414,9.252899999987731,0.08089999997810471,0.15209999995388862,-0.0661999999871025,52.557487,-1.479093,47.35999999996576,Vw16b
687.0090000000192,-0.3450306929571436,-1.5494178220684625,9.189038613849101,-0.03306039606152621,-0.0879000000461681,0.0009287128842004888,52.557487,-1.479093,47.18178217818354,Vw16b
687.1090000000193,0.07323400008014114,-0.2947239997533053,10.110783000179232,0.0458910000155627,0.25075500006627127,-0.10482500002067971,52.557487,-1.479093,47.05129999997499,Vw16b
687.2090000000193,-0.13129200004055147,3.347638000705265,10.167026000009118,0.011653999993190112,0.17321799998426418,-0.0855059999960372,52.557487,-1.479093,46.85199999996153,Vw16b
687.3090000000193,-1.3144700002308396,-1.1399010008842532,10.236701000013525,-0.11502400002468996,0.11468299998871923,0.030728000022677615,52.557487,-1.479093,46.78069999998645,Vw16b
687.4090000000193,1.5699440005661223,3.6147120009382734,11.087216000166107,0.008044000024304387,0.5625700000876585,-0.2596550000569876,52.557487,-1.479093,46.59189999996324,Vw16b
687.5090000000193,-4.580083001207809,-2.5192510012084277,9.684752999724196,-0.3525450000707266,0.039330999896841745,0.05865500006279284,52.557487,-1.479093,46.540499999990324,Vw16b
687.6090000000194,1.1131620011250076,1.1415910007277583,7.762670999627094,-0.04068699993832947,0.7173970001335775,-0.3612260000827046,52.557487,-1.479093,46.3419999999613,Vw16b
687.7090000000194,-2.460099998965191,-3.603799998947117,9.582499999976594,-0.13629999999083797,-0.12779999991496246,0.07679999995347765,52.557487,-1.479093,46.229999999986525,Vw16b
687.8090000000194,2.8628702980657708,1.8121405951135698,9.462103960372605,-0.0891712871195397,0.30962574265939835,-0.16250693073964817,52.557487,-1.479093,46.16069306929344,Vw16b
687.9090000000194,-0.7524999996684625,2.1804000000554833,9.498799999895876,0.11029999999854197,-0.3179999999185445,0.21069999993051983,52.557487,-1.479093,45.94999999998056,Vw16b
688.0090000000195,0.9528999993299204,2.4657999992505615,8.963200000248838,0.10279999998025159,0.10100000003320275,-0.14670000001016292,52.557487,-1.479093,45.84999999996728,Vw16b
688.1090000000195,-2.4939316838392114,-1.3892495057008452,10.243200000249141,0.0012158415643859916,0.27179207924116394,-0.19897722773294757,52.557487,-1.479093,45.68168316828407,Vw16b
688.2090000000195,-2.784199999774411,4.320999999757509,10.774299999359574,0.23999999990999288,-0.10170000007498334,0.05130000006958175,52.557487,-1.479093,45.23999999965538,Vw16b
688.3090000000195,-1.6305366334375047,3.080900989856226,7.499151484507314,-0.22029702979308619,-0.48516534660972743,0.4071415842280817,52.557487,-1.479093,43.47762376203121,Vw16b
688.4090000000195,-7.071623001078298,-1.8874400009800758,9.855567000472476,-0.024622999960393716,-0.3345599999694583,0.19745399995782895,52.557487,-1.479093,41.935399999698504,Vw16b
688.5090000000196,-2.623200000006473,-0.3632000007618292,9.200000000197145,-0.211299999952151,-0.6533999999964998,0.49679999995883856,52.557487,-1.479093,41.44999999992374,Vw16b
688.6090000000196,-2.6562999983433193,-4.259199998462058,10.208199999925462,0.03339999996557697,-0.635499999990978,0.28630000002038664,52.557487,-1.479093,41.05999999993224,Vw16b
688.7090000000196,5.8159772293814544,3.605849506490296,9.82701188111349,-0.1426396039948607,-0.5893613861295809,0.3905574257629855,52.557487,-1.479093,40.71346534646681,Vw16b
688.8090000000196,-0.9083220013542768,0.08406799928389352,9.709349999977356,-0.0438159999799944,-0.46821899997599725,0.34714899999115895,52.557487,-1.479093,40.52189999996259,Vw16b
688.9090000000197,2.1746640006269047,5.352912001055239,10.356254000128901,-0.15071000002146392,-0.16306999993954646,-0.14265700009733606,52.557487,-1.479093,40.40119999997637,Vw16b
689.0090000000197,-3.2622999988722743,-2.5255999987413955,9.071300000181937,-0.1407999999831558,-0.7856999997616493,0.7198999998694913,52.557487,-1.479093,40.20999999997663,Vw16b
689.1090000000197,2.471561387267695,3.873706931953187,9.99634950513265,-0.05515643562669989,0.426181188357449,0.05633564343369091,52.557487,-1.479093,40.09118811878849,Vw16b
689.2090000000197,-2.3779000000543,0.044199999344816616,9.322800000197974,-0.04739999999634042,-0.22399999985573346,-0.08640000004535901,52.557487,-1.479093,40.029999999998026,Vw16b
689.3090000000198,-2.6523999996009873,-3.2678999996408074,10.323599999955889,-0.02889999999806141,0.5052999999351364,-0.3156999999654021,52.557487,-1.479093,40.02,Vw16b
689.4090000000198,-0.6352999998161495,-1.4521000001002393,10.100600000173548,-0.019100000027145715,0.17740000000332956,-0.14079999999514275,52.557487,-1.479093,40.020000000019586,Vw16b
689.5090000000198,0.29410594077812957,-1.9588326733676857,10.977926732847024,-0.1563277227994554,0.19423168317165035,-0.1162455445495924,52.557487,-1.479093,40.119009901009704,Vw16b
689.6090000000198,1.3395340002072835,1.6346510007199055,7.882257999378943,-0.2094770000103582,0.3125070000236278,-0.13005800000281237,52.557487,-1.479093,40.38730000005347,Vw16b
689.7090000000198,1.4385060000177061,-0.9623010005268033,10.147304000459407,0.0899700000600103,0.13936099996512272,-0.11228099999641523,52.557487,-1.479093,40.766200000075266,Vw16b
689.8090000000199,3.692099998647442,0.6199999993350079,9.54109999999933,0.10819999998536423,0.41169999994622386,-0.15889999997870624,52.557487,-1.479093,40.900000000065006,Vw16b
689.9090000000199,-3.106315842938324,-2.7224752481905345,9.537733663365666,0.03463564354970328,0.14140297024318965,-0.0518702970083839,52.557487,-1.479093,41.22673267333241,Vw16b
690.0090000000199,0.9060999995667378,-0.26140000045975637,9.680300000190876,0.003600000011661343,0.16469999993889614,-0.1713999999114368,52.557487,-1.479093,41.47000000006303,Vw16b
690.1090000000199,-1.2716227727110048,-2.5722910895692137,10.639705940785163,0.0622138613978138,-0.14242871293246362,0.27374851494015356,52.557487,-1.479093,41.786831683231426,Vw16b
690.20900000002,0.583145000377566,0.9512750007136006,9.346756999737925,-0.0405560000207955,0.06527100004240766,-0.16284500008873953,52.557487,-1.479093,42.18600000007967,Vw16b
690.30900000002,0.09086399989655669,-1.3119770004651943,10.873248000311532,0.0057220000095751095,-0.07110100002802423,-0.10453399998729997,52.557487,-1.479093,42.51670000006611,Vw16b
690.40900000002,1.4207150002701416,-2.1056180001558946,10.669712999955667,0.06144200001117828,0.09708700003431613,0.11964200004523397,52.557487,-1.479093,42.8269000000621,Vw16b
690.50900000002,-0.3997750003711069,-3.23180300022631,10.78481500002374,0.026260999992768173,0.03058899998619742,0.10942599999747586,52.557487,-1.479093,43.057700000046076,Vw16b
690.60900000002,-1.8853810002968654,1.768181001014038,7.2265539992797425,-0.27407000006069926,0.004555999994871614,-0.13087400004859945,52.557487,-1.479093,43.21840000003205,Vw16b
690.7090000000201,0.5129250004882984,1.1004559998546424,10.408298000651104,0.039502000064064735,-0.1501400000312511,0.2342870000743816,52.557487,-1.479093,43.5467000000661,Vw16b
690.8090000000201,-0.7944480002709945,2.469003000279959,6.1278649991223695,-0.1956920000485099,0.05144800004133815,-0.11830100007250294,52.557487,-1.479093,43.79750000005036,Vw16b
690.9090000000201,1.739370000518368,-0.24573800055527606,11.28249300105783,0.19582100008016273,-0.31725500007544843,-0.09685299999490296,52.557487,-1.479093,43.899000000020145,Vw16b
691.0090000000201,-0.9610630005547725,-1.3475490002186095,12.003250000135989,0.018332999963071556,-0.06676799994826388,0.17495700005526166,52.557487,-1.479093,44.12770000004634,Vw16b
691.1090000000202,2.382944000686107,-0.41839499980870953,9.86120499956272,0.08520600001398163,-0.12567900001251092,-0.05960300004829103,52.557487,-1.479093,44.47650000007051,Vw16b
691.2090000000202,-0.9935999994354285,-1.0480999995895046,9.580900000258783,0.06999999998337021,-0.1313999999479868,0.12379999992416411,52.557487,-1.479093,44.67000000006011,Vw16b
691.3090000000202,1.796300990664241,0.9804148518961233,10.859711881447206,-0.012178217838431385,0.125629703022371,-0.2509524753234491,52.557487,-1.479093,44.96702970303048,Vw16b
691.4090000000202,1.1530789998626567,1.0378250000075975,9.439672999706776,-0.07150900001197374,-0.07494800004157376,0.15535800008391748,52.557487,-1.479093,45.31650000007091,Vw16b
691.5090000000203,2.7571290003296527,0.3596539998611371,8.689530999849447,-0.04695399999485393,0.20663500005804525,-0.13977700006124635,52.557487,-1.479093,45.725900000083065,Vw16b
691.6090000000203,2.158411999874144,-2.00300400048211,11.176603000510495,0.034579000016633575,0.0794139999733782,-0.009941999972810894,52.557487,-1.479093,46.12600000008104,Vw16b
691.7090000000203,1.979599999791403,-0.785399999654736,9.522599999980738,-0.24299999993677412,0.16319999997024073,-0.16229999995960234,52.557487,-1.479093,46.78000000010074,Vw16b
691.8090000000203,0.9545504948406658,0.9112336637120019,9.42794653463418,0.06769306937022995,0.01696237620782995,0.03621485152559312,52.557487,-1.479093,47.275049505051356,Vw16b
691.9090000000203,1.696997000154902,1.5685320001317777,8.211675999749891,-0.07314600002962351,0.12578600002269644,-0.21791300005270703,52.557487,-1.479093,47.74530000009576,Vw16b
692.0090000000204,1.2407849999045486,-1.8682200007086014,12.25414300083445,0.30486700007809286,-0.09040500004472055,0.12649500007141026,52.557487,-1.479093,48.28460000011002,Vw16b
692.1090000000204,3.1168030003870415,0.9797810005932654,8.990776999319984,-0.06354000007660554,-0.2699090000364895,0.1247529999989202,52.557487,-1.479093,48.82460000011002,Vw16b
692.2090000000204,2.060857999778781,-0.11930400023218013,10.81622400038254,0.1560440000459633,-0.31139900000816995,0.24597500002495792,52.557487,-1.479093,49.24580000008557,Vw16b
692.3090000000204,2.051386000000287,-0.5853080000940734,8.972809999614652,-0.045937000042263365,-0.41961100002230967,0.3743160000263045,52.5570117999999,-1.4774406899996582,49.77470000010858,Vw16b
692.4090000000205,-1.6734750007708423,-3.71315200064634,10.928654000408644,0.1597020000429828,0.05796500009905714,0.06889799993652973,52.557007,-1.477424,50.284900000104486,Vw16b
692.5090000000205,-2.104526000081417,-3.6613419999827492,9.489636999698075,0.024882999971665765,-0.37725500009106694,0.3133000000512187,52.557007,-1.477424,50.80480000010654,Vw16b
692.6090000000205,3.3132350011219978,0.20059900079903326,10.956039000306514,0.14447800002503575,0.18616400011751638,-0.15375700009717225,52.557007,-1.477424,51.33470000010859,Vw16b
692.7090000000205,0.6684000006637625,0.09169999994386509,8.20340000069574,0.10540000004051674,-0.1663999999434741,0.07739999994532606,52.557007,-1.477424,51.760000000102885,Vw16b
692.8090000000205,3.8940999989313037,-0.18109999997707973,11.584499999162238,0.3022999999104174,0.10829999995310001,-0.18829999994336144,52.557007,-1.477424,52.26000000009575,Vw16b
692.9090000000206,-1.2994643575055678,-0.069713861363192,7.513212870448404,-0.13304653474315087,-0.11962079212616177,0.08694752480917892,52.557007,-1.477424,52.72534653474933,Vw16b
693.0090000000206,-0.14050000025259168,-2.824599999894587,11.150199999222036,0.2103999999063834,0.05629999997661113,0.022300000039708112,52.557007,-1.477424,53.26000000010594,Vw16b
693.1090000000206,-1.3680247527281295,-2.3123227721716937,7.36950692991421,-0.2445504951432291,-0.057363366360049406,0.21527029706945672,52.557007,-1.477424,53.77485148525458,Vw16b
693.2090000000206,2.97049999933123,-0.11529999985387235,12.227499999267497,0.22529999995071034,0.03739999996666905,-0.2300999999277249,52.557007,-1.477424,54.16000000011677,Vw16b
693.3090000000207,-0.26167821849131645,0.5909376239086708,8.68730197946468,-0.012917821831524207,-0.12368910894426012,0.11920693076542702,52.557007,-1.477424,54.72435643576046,Vw16b
693.4090000000207,-0.6639630000774115,-1.4869400004362552,8.221942999910034,-0.046881000006608047,-0.062236999986804625,-0.012732000028337964,52.557007,-1.477424,55.145800000087,Vw16b
693.5090000000207,-1.747199999232077,-2.183699999985598,8.721000000139817,-0.2516999999776291,-0.34239999995851556,0.27559999994892803,52.557007,-1.477424,55.72000000010858,Vw16b
693.6090000000207,1.9641861393826618,-2.1140960395895423,9.396742574397402,-0.14358118809641546,-0.14190495045351767,0.028768316780552833,52.557007,-1.477424,56.24475247535622,Vw16b
693.7090000000208,2.077629000015971,-3.46910600028367,12.088083000561726,-0.3465390000426934,0.03988400003761819,-0.10636000002775796,52.557007,-1.477424,56.69550000009322,Vw16b
693.8090000000208,2.077805999999875,0.9549740009336096,12.218457000021724,0.02235300007804042,0.0922890000106428,-0.039290999985608255,52.557007,-1.477424,57.09600000008331,Vw16b
693.9090000000208,-1.98609999991723,0.5261999996469525,9.166200000087706,-0.13479999998058229,-0.15769999997519754,0.46509999987145967,52.557007,-1.477424,57.65000000007139,Vw16b
694.0090000000208,-1.5882568626621418,-1.1707607846675672,9.587768627538884,-0.04146666664720526,-0.038484313700631934,-0.15274313738373152,52.557007,-1.477424,57.99313725497351,Vw16b
694.1090000000208,-1.8610353535950206,-3.4708757580574083,9.629361616168664,0.11630909094222763,-0.330693939456552,0.24452020210726225,52.557007,-1.477424,58.50484848495578,Vw16b
694.2090000000209,1.740096000758243,-0.928315999460207,11.6274210004203,0.2374920000251609,-0.01610799993318196,-0.13116300007991924,52.557007,-1.477424,59.23270000015205,Vw16b
694.3090000000209,0.46411287101070586,0.23580594083379525,8.076052474495263,-0.07966831689873974,-0.48427722782205657,0.3725465347603678,52.557007,-1.477424,59.59287128720304,Vw16b
694.4090000000209,1.0622262627597374,-1.8558222226740901,12.201665657462666,0.18790404046259152,-0.15733333326143473,0.06989292922606505,52.557007,-1.477424,60.09494949505526,Vw16b
694.5090000000209,1.1412660000153716,1.6613550007485813,8.106596999124676,-0.13807900006954918,-0.4977270000727324,0.25153300003909923,52.557007,-1.477424,60.535600000092145,Vw16b
694.609000000021,-0.7648999999203859,-5.017499998833852,9.563499999771368,0.1624999999365614,-0.33820000003638967,0.2502000000306941,52.557007,-1.477424,61.050000000107694,Vw16b
694.709000000021,-0.38430594051435535,0.5572524764149902,8.470529702741407,-0.14076732679618356,-0.5121603960760348,0.3969326732980555,52.557007,-1.477424,61.564851485256334,Vw16b
694.809000000021,-1.3288999988831973,-4.815299998699864,11.045799999780808,0.0704999999777185,-0.6880999998759109,0.2376999999629336,52.557007,-1.477424,61.91000000011869,Vw16b
694.909000000021,3.981100001118058,1.3663831696184277,10.00362178195878,-0.03544059408171246,-0.09809999987577134,0.0614623762005157,52.557007,-1.477424,62.47435643576239,Vw16b
695.009000000021,0.33813399921389786,-2.042047000738074,10.631948000135854,0.15773800004131178,-0.30267400004476497,0.2860140000481338,52.557007,-1.477424,62.856200000080015,Vw16b
695.1090000000211,0.030331999942475152,0.8214220006164763,7.154688999259063,0.03406899997328,0.04912500007527498,-0.07285200007681208,52.557007,-1.477424,63.2164000000758,Vw16b
695.2090000000211,1.6490220003448544,0.8655500000031584,11.275817000883992,0.35375800006826336,0.1989230000310996,-0.11669400000854871,52.557007,-1.477424,63.61600000008422,Vw16b
695.3090000000211,1.8519160000398813,-1.4433760004937337,8.488874999395112,0.052277999934843444,-0.013440000045723932,0.025460000030482613,52.557007,-1.477424,64.05560000009315,Vw16b
695.4090000000211,3.1917850002861075,-1.7195460000540672,12.798480000927652,0.20255100003279175,0.03835500001153744,0.06125300000734586,52.557007,-1.477424,64.50550000009527,Vw16b
695.5090000000212,-0.4925999998606055,-0.274999999673518,7.07960000032284,-0.30199999990587,-0.08520000001773312,0.06429999998984585,52.557007,-1.477424,64.59999999996022,Vw16b
695.6090000000212,0.16660792093162952,1.268960396366451,8.606332673590527,0.1431485149457204,-0.1690613861563668,0.016280198009636482,52.557007,-1.477424,64.41188118807898,Vw16b
695.7090000000212,-1.8507560004327916,1.3091500000052922,9.357764000157417,-0.02574900003706801,-0.23761600001448002,0.21617600004284734,52.557007,-1.477424,64.30109999997671,Vw16b
695.8090000000212,-1.1239479998393622,4.4927450006843275,9.658042000062952,-0.01888699999814845,-0.22364799999685026,0.07504599996922598,52.557007,-1.477424,63.34959999979569,Vw16b
695.9090000000213,-4.532096040339084,0.6444920783727817,9.843414851524408,-0.047127722778373904,-0.3493574257696612,0.26944356439858497,52.557007,-1.477424,62.546039603789524,Vw16b
696.0090000000213,-0.9904434335592751,4.057869697728036,8.829582828061845,-0.09778888889976714,-0.29042727271392216,-0.04346666673548355,52.557007,-1.477424,61.33222222196209,Vw16b
696.1090000000213,-9.165155001765346,-1.05509400110686,8.644563999962456,-0.17512400001651585,-0.5435370000545492,0.5862070001360642,52.557007,-1.477424,59.84489999968288,Vw16b
696.2090000000213,-2.2942000014069444,2.414999999593847,11.21489999952649,-0.09010000003997409,0.1877999998945945,-0.010599999961443727,52.557007,-1.477424,57.73999999953445,Vw16b
696.3090000000213,-8.876972278636224,0.5147029698904275,8.99945445497151,-0.27712970301031536,-0.30536831693720523,0.16979603964255932,52.557007,-1.477424,55.56178217775175,Vw16b
696.4090000000214,-1.6203639984173916,5.887042001165238,10.706731000373784,-0.050210999950551505,0.17371100010460988,-0.1617330000720437,52.557007,-1.477424,53.49069999955708,Vw16b
696.5090000000214,-6.831999999053446,3.691299999812615,8.031800000083694,-0.25159999997511406,-0.3222999999489161,0.2708999999302093,52.557007,-1.477424,51.24999999956196,Vw16b
696.6090000000214,-2.40328712776527,2.814567326545081,8.423384158499628,-0.1351643564107301,-0.0832900989587606,-0.05563465353521435,52.557007,-1.477424,49.200495049066426,Vw16b
696.7090000000214,-2.7553960000856734,1.6792789997565236,9.74895000028565,-0.10627999999400883,-0.0843650000007489,0.06683000002717421,52.557007,-1.477424,47.12079999955495,Vw16b
696.8090000000215,-1.485467999723215,-3.1521130010472365,12.26422800054359,-0.2283640000265858,0.37189100009913745,-0.3013680000802736,52.557007,-1.477424,46.29809999982577,Vw16b
696.9090000000215,0.04665400033010303,-3.8286580001364205,11.366918999799541,0.0094850000519483,0.1664219999543543,0.015264000069608596,52.557007,-1.477424,45.8642999999075,Vw16b
697.0090000000215,-1.9664110004407325,-2.2337739996520862,9.764689999653893,-0.3121270000704045,0.548519000083483,-0.21533800005080822,52.557007,-1.477424,45.69169999996343,Vw16b
697.1090000000215,-0.8500829997529928,5.480838001672715,6.842157999368489,-0.15719799996562592,0.40132599996717466,-0.25007300000703403,52.557007,-1.477424,45.40289999993762,Vw16b
697.2090000000215,0.8276690003620464,-0.24151300126024555,9.200383000518773,-0.1288699999941921,0.3289159999845983,-0.23327299999627865,52.557007,-1.477424,45.142599999944075,Vw16b
697.3090000000216,2.4392910003483284,2.576444000628285,8.611887999866196,-0.15176600000505983,0.3876990000129955,-0.18746099999003168,52.557007,-1.477424,44.94199999995675,Vw16b
697.4090000000216,-1.7910999998963175,0.9345000001026024,9.320899999925711,0.09530000001361678,-0.0009999999743758785,-0.02520000002090166,52.557007,-1.477424,44.790000000004234,Vw16b
697.5090000000216,-1.311099999896093,1.4095000001028248,8.9769784312981,0.1583392156999208,0.1176274510060718,-0.1219647059032999,52.557007,-1.477424,44.8096078431415,Vw16b
697.6090000000216,-0.03249999994163588,-0.13600000018456665,9.08650000052147,0.23829999999428977,-0.05620000001137769,-0.21819999993284597,52.557007,-1.477424,44.61000000003636,Vw16b
697.7090000000217,0.2376980198604082,-0.990455445729323,11.500658416363626,0.2118643564299271,-0.1088732673381228,0.09269108917613839,52.557007,-1.477424,44.778316831719565,Vw16b
697.8090000000217,0.2036709999919356,-0.10601999980393284,9.076529999462446,0.09141399997361138,0.03434800003156199,0.1044130000018911,52.557007,-1.477424,44.73049999998913,Vw16b
697.9090000000217,0.07640000048908516,-1.1278999995259857,10.400799999908521,0.08899999998252114,-0.1831000000084922,-0.06309999995102485,52.557007,-1.477424,44.890000000086,Vw16b
698.0090000000217,2.32877623811338,1.055070297504233,9.979512871195551,0.00850495047755162,-0.22220891089959052,0.16244455450447404,52.557007,-1.477424,45.286039604046486,Vw16b
698.1090000000218,0.6530000005027485,-1.4436999992948751,9.8309999997829,-0.1554999999748984,-0.3953999999452368,0.2847999999667121,52.557007,-1.477424,45.27000000007166,Vw16b
698.2090000000218,2.9682999995420687,1.8035999993086616,8.831200000512762,-0.03989999994986072,-0.14320000003373595,0.13149999998807033,52.557007,-1.477424,45.600000000084286,Vw16b
698.3090000000218,0.8703792074623649,-1.3636277234643643,11.180308911404405,0.1898029703472233,-0.297754455479317,0.07684653464152275,52.557007,-1.477424,45.98613861394576,Vw16b
698.4090000000218,4.866028000886569,2.112765000774317,8.141036999323973,0.016671999961278716,0.3332110001396108,-0.29673200008233735,52.557007,-1.477424,46.21770000005026,Vw16b
698.5090000000218,-0.49760000041591823,-2.1244000000119083,10.778099999773271,0.11929999996766882,-0.3126999998150898,0.05549999992237058,52.557007,-1.477424,46.52000000006916,Vw16b
698.6090000000219,-2.403045544970824,-2.1789544554574656,9.739387128485896,-0.02881881191355433,0.5344287130563976,-0.30014356443414913,52.557007,-1.477424,46.836831683237556,Vw16b
698.7090000000219,-1.809586999864803,-2.733603000122304,9.68029199998925,0.04573200001678215,-0.07159300013563386,0.05834300007991183,52.557007,-1.477424,47.12710000006337,Vw16b
698.8090000000219,-0.7316259997622148,0.12091000063454826,9.646139999992531,0.004919999990774991,0.5131310001311049,-0.15055300004715738,52.557007,-1.477424,47.387400000057106,Vw16b
698.9090000000219,2.0638999995964946,1.9601999997730584,10.112499999912014,0.0601000000258691,0.1707000000139987,-0.11650000000283046,52.557007,-1.477424,47.710000000054855,Vw16b
699.009000000022,0.2249000002158528,0.9259000002855661,9.711500000008668,0.17799999997764568,0.234500000006539,-0.12940000000410587,52.557007,-1.477424,47.96000000005648,Vw16b
699.109000000022,1.208662376453709,2.2273851488007255,9.751004950503727,0.07611881185880971,0.26430198020456586,-0.148112871291239,52.557007,-1.477424,48.2174257426308,Vw16b
699.209000000022,-0.32065300034149646,-1.2452910007733808,9.359557999913061,0.050349999994508635,0.053036999953059855,0.019208000037165524,52.557007,-1.477424,48.60610000008567,Vw16b
699.309000000022,1.395123762760781,0.8457455450267148,10.759733663678208,0.05304059406005908,0.2811485149026255,-0.1785702970740072,52.557007,-1.477424,48.933465346606496,Vw16b
699.409000000022,-2.2722212129553,-0.6530676771150186,8.736732322770175,-0.021439393956186763,-0.27596767689423624,-0.012931313093088814,52.557007,-1.477424,49.227070707135375,Vw16b
699.5090000000221,-0.6537299996306165,-1.8635320002664506,11.544032000630756,0.19857000004923642,0.22468500011293474,0.012956000005387306,52.557007,-1.477424,49.51710000006403,Vw16b
699.6090000000221,-2.9638960005189476,-4.646709000618016,11.094528999893381,0.33623200003020426,-0.3247980001236873,0.3550470000762392,52.557007,-1.477424,49.846700000072865,Vw16b
699.7090000000221,4.9564999986794565,2.884399999143445,11.860399998781016,0.29430000000010975,0.3614999998975181,-0.46699999991995045,52.557007,-1.477424,50.18000000006804,Vw16b
699.8090000000221,-1.0002326745892791,-0.9793623770950921,6.361786137393578,0.29479504950506036,-0.10077722782536352,-0.10591089100897394,52.557007,-1.477424,50.486930693137424,Vw16b
699.9090000000222,3.3457000009875797,-0.046809999782288614,11.721110001213725,0.3917210000217268,0.3472280001014655,-0.2687190000373061,52.557007,-1.477424,50.856300000082115,Vw16b
700.0090000000222,-2.196172001252296,-1.1215450002431224,7.517710999045466,0.14054699994347492,0.05796799993413171,-0.036363999947536224,52.557007,-1.477424,51.1669000000688,Vw16b
700.1090000000222,1.8853030009275926,1.8465090006678035,10.20749600061261,0.11810099999553925,0.16102900002376852,-0.30922000006169603,52.557007,-1.477424,51.48680000007102,Vw16b
700.2090000000222,-1.8333160008429712,-0.9335150006299424,9.400232999812848,-0.038124000034975875,0.08042499998169093,-0.15627299996509073,52.557007,-1.477424,51.86620000008433,Vw16b
700.3090000000223,1.085038000666083,0.05423600022894215,11.190630000405289,0.09197000002966614,0.026139999987955104,0.03716200004322778,52.557007,-1.477424,52.19670000007361,Vw16b
700.4090000000223,1.6611820001230873,-1.1494380002735223,8.849134999468324,-0.028866000027526206,-0.12765200003453048,0.021774999996096365,52.557007,-1.477424,52.46730000006023,Vw16b
700.5090000000223,1.071709999865938,-0.786390999915436,10.459889000368303,0.21482600005518623,0.05662300004186929,-0.06413400001931743,52.557007,-1.477424,52.806600000075846,Vw16b
700.6090000000223,1.4321980000825787,-0.6374659999672987,9.524118999785435,0.12760599997979033,-0.061191000026968555,-0.032131999992594244,52.557007,-1.477424,53.14660000007584,Vw16b
700.7090000000223,-0.17300000043599623,0.5475999999436101,9.33729999992882,-0.0020999999695321524,0.025500000012085133,-0.034799999995321164,52.557007,-1.477424,53.5300000000754,Vw16b
700.8090000000224,-2.1197326737037834,0.2958178217257288,9.019478217750526,0.13393960399089605,0.07946039605170185,-0.013908910886405338,52.557007,-1.477424,53.86663366344181,Vw16b
700.9090000000224,-0.29838811839456403,0.8421128714115461,9.197244554496466,-0.05299603964664762,0.17468712873433712,-0.03928316832263146,52.557007,-1.477424,54.18366336640774,Vw16b
701.0090000000224,-1.377311111366455,-2.3373434350733655,10.473217172008253,0.06881818184692072,0.13413333332361782,-0.010696969690311506,52.557007,-1.477424,54.59585858595144,Vw16b
701.1090000000224,2.9410650009805464,-0.32545099953700074,11.392545000205256,0.06455599999874448,0.30992000003990794,-0.2418620000524184,52.557007,-1.477424,54.95640000008071,Vw16b
701.2090000000225,1.8402609997408002,-1.982652000379977,12.510500000251104,0.443373000085802,-0.15666900010606988,-0.04669499995527174,52.557007,-1.477424,55.42530000010537,Vw16b
701.3090000000225,-0.9513190006327417,-0.7396269997132259,8.733068999137696,-0.0905680001223978,-0.0779429999810049,-0.014801999993195113,52.557007,-1.477424,55.73690000006985,Vw16b
701.4090000000225,0.7999000003449378,0.26449999979954963,8.621300000317325,-0.18749999993962418,0.10210000000256302,-0.023200000007087305,52.5565,-1.475648,56.170000000069095,Vw16b
701.5090000000225,2.3322762379690625,-0.6259950497056113,10.031002970614686,0.0807178218426175,0.1134861386164271,-0.05468514852194623,52.5565,-1.475648,56.47693069313846,Vw16b
701.6090000000225,-0.3065900006041331,-1.1223760001109566,9.9247159999726,0.12141600000865302,0.031231999981251826,-0.15073300002179027,52.5565,-1.475648,56.846300000083374,Vw16b
701.7090000000226,0.724514000240797,0.21593200030573967,9.389988999878566,-0.06788400004317487,0.09940300001570611,0.0345190000423862,52.5565,-1.475648,57.23610000008789,Vw16b
701.8090000000226,1.1389220000923521,-2.0001780005100422,9.502212000026903,0.09978700003879332,-0.21561100007221937,0.11758000001857007,52.5565,-1.475648,57.63600000009058,Vw16b
701.9090000000226,1.1773999998944604,-1.2300999995383186,11.154599999659741,0.1765999999783944,-0.025499999956607778,-0.11879999999518116,52.5565,-1.475648,58.060000000065614,Vw16b
702.0090000000226,0.7108999999045326,0.8105999997915261,9.650599999898462,0.08109999994482958,0.16629999997108202,-0.09749999999894722,52.5565,-1.475648,58.35000000009408,Vw16b
702.1090000000227,0.28891980188463084,-0.11088514872354316,9.201788118710237,-0.16276138619384195,0.038478217792834,-0.09284653465241145,52.5565,-1.475648,58.7658415842526,Vw16b
702.2090000000227,-0.11679999996848285,0.8750999997143196,10.267999999679764,0.06439999996976606,0.08489999994489003,0.04899999998550211,52.5565,-1.475648,59.18000000007654,Vw16b
702.3090000000227,0.021813861417688526,-0.3813356438503337,8.859584158095272,-0.06857029705996835,-0.15747623767892963,-0.014762376252136722,52.5565,-1.475648,59.51663366344296,Vw16b
702.4090000000227,-1.7149999999039178,1.466399999293093,11.409599999694239,-0.16940000000504274,0.009199999912134707,-0.1149999998834316,52.5565,-1.475648,59.830000000074286,Vw16b
702.5090000000228,-1.2924257424780754,-1.642609901697741,10.064847524446396,-0.19157821782683015,-0.37723564365231305,0.39767326744342224,52.5565,-1.475648,60.15673267334169,Vw16b
702.6090000000228,5.617743001587756,4.575972001436871,11.807957000403851,-0.1624959999932627,0.12865100011719766,-0.04468000010288087,52.5565,-1.475648,60.536200000086495,Vw16b
702.7090000000228,0.20656299873986939,1.1729119992030839,6.487619998772714,-0.3962360000538076,-0.5610810001597613,0.4253070001090946,52.5565,-1.475648,60.9558000000956,Vw16b
702.8090000000228,7.5596670017117145,2.5177620003188146,11.954534001275581,0.1278820001216429,0.5443630002570328,-0.29755000016812244,52.5565,-1.475648,61.34610000008921,Vw16b
702.9090000000228,1.1393079984992216,-0.5399730007097401,8.520153999193568,-0.20736000007868968,0.04248299988143922,0.02031500007514414,52.5565,-1.475648,61.62720000006405,Vw16b
703.0090000000229,-1.3572999998629163,-2.9058999994769596,10.01389999969762,0.05429999997386835,0.24909999998956994,-0.29059999991364116,52.5565,-1.475648,62.12000000008145,Vw16b
703.1090000000229,-0.7573990097637646,-0.6169891083873096,8.690632672964634,-0.06005643566972302,0.20345643563312354,0.08732079216565614,52.5565,-1.475648,62.476435643645885,Vw16b
703.2090000000229,1.2761200004684787,-0.3414519999416232,11.368319000621764,0.12818700004375974,0.11568199997982431,-0.1486780000554031,52.5565,-1.475648,62.83640000008236,Vw16b
703.3090000000229,2.002371000163878,-0.42295100001951635,11.25363299996706,-0.08037400004887141,-0.1828930000691234,0.0530380000474002,52.5565,-1.475648,63.22610000008965,Vw16b
703.409000000023,2.662900000151725,-0.35776699998466654,11.64542800009131,-0.03260399998841374,-0.08838499997735622,-0.1004290000361151,52.5565,-1.475648,63.685400000105744,Vw16b
703.509000000023,2.1981609998905514,-0.5647030000482071,8.886012999358318,-0.18188700003478178,-0.006516999981218297,0.15322200005926467,52.5565,-1.475648,63.996900000071264,Vw16b
703.609000000023,2.3838999997234,-1.1546999998160092,9.600099999777424,0.11079999995784491,-0.15509999990650394,-0.08709999999899955,52.5565,-1.475648,64.40000000008641,Vw16b
703.709000000023,1.1794445541785608,-0.3535118810039386,8.630892078985116,-0.07276435647784206,0.2520287129648794,-0.08274356435543416,52.5565,-1.475648,64.77623762384887,Vw16b
703.809000000023,1.546599999820486,0.46619999972400916,11.117799999776524,0.09849999992999543,0.11919999997780398,-0.0956999999511054,52.5565,-1.475648,65.16000000008371,Vw16b
703.9090000000231,0.7687568625652199,-0.7296823532177272,10.149466666442738,-0.2048333334034799,0.023023529389523664,0.11616274514703297,52.5565,-1.475648,65.5227450981231,Vw16b
704.0090000000231,4.633505051419794,0.20848282850962985,11.911819192339214,0.05003737379888715,0.3414313132068281,-0.23487474755850002,52.5565,-1.475648,65.86656565664501,Vw16b
704.1090000000231,-1.0604850013379705,-3.9959320009834185,10.334317999627636,-0.23657800006750493,-0.1777230001219109,0.12324600008441583,52.5565,-1.475648,66.13730000006238,Vw16b
704.2090000000231,1.7658660006730627,-1.5201379994123236,10.198706999972115,0.16422200009421123,0.3790230001311518,-0.2560320000893597,52.5565,-1.475648,66.60530000010858,Vw16b
704.3090000000232,-2.972840001118027,-1.5821170000204987,7.67666299940888,-0.20344500008717176,-0.26850200015317155,0.23232800011542426,52.5565,-1.475648,66.94660000007893,Vw16b
704.4090000000232,-1.3148339995998957,3.304729001146197,9.450030000421835,0.20681800009708928,0.05100600007647349,-0.1114770000817899,52.5565,-1.475648,66.8113999999675,Vw16b
704.5090000000232,-3.989608000631289,3.5020060000346844,10.704413000289899,0.0791319999690763,-0.2430960000697408,0.08795000004759278,52.5565,-1.475648,65.31509999964943,Vw16b
704.6090000000232,-2.776400000453027,7.5666999994675,8.246900000672412,0.06350000001138939,0.461499999937565,-0.34019999994045824,52.5565,-1.475648,63.53999999958208,Vw16b
704.7090000000233,-4.7297663370871526,5.270660395506561,11.146206931366166,0.11260891090249012,0.19229207914542212,-0.08346732667307089,52.5565,-1.475648,61.738019801561855,Vw16b
704.8090000000233,-6.936399999389203,2.960800000876667,9.833199999853658,-0.06799999995262693,0.6394999999184297,-0.4785999999005235,52.5565,-1.475648,59.38999999931006,Vw16b
704.9090000000233,-4.315607920180662,6.722384159293398,9.205279207774302,0.13526732678009437,0.2894999999183469,-0.05176831673210569,52.5565,-1.475648,56.429603959705396,Vw16b
705.0090000000233,-4.7991510001201245,2.2185729989297975,10.171180000229096,0.0345379999757838,0.37846600002178993,-0.15115300002442617,52.5565,-1.475648,53.34089999927912,Vw16b
705.1090000000233,3.787118002024597,5.40821800076246,9.427510999822438,0.053597000004735926,0.7020410000760314,-0.42256900006371334,52.5565,-1.475648,53.01299999993001,Vw16b
705.2090000000234,-3.33419100169861,0.07183299873476212,8.713930999833636,0.3408010000676327,-0.10254000019037024,-0.026131999905934733,52.5565,-1.475648,52.633799999911346,Vw16b
705.3090000000234,3.04799800152848,1.8463280004330247,8.964101000060925,0.06263899993344751,0.39974400012086797,-0.2745500000597777,52.5565,-1.475648,52.31319999992499,Vw16b
705.4090000000234,-3.8824370016565792,-2.5893090010547413,10.477341000357722,0.09781600000900224,-0.1460350001304624,0.1411750000990482,52.5565,-1.475648,52.11199999995311,Vw16b
705.5090000000234,-0.163280999102565,-2.077721999868201,10.474086999995617,0.016326999980612336,0.23519300009159327,-0.19832800008139537,52.5565,-1.475648,52.10009999999766,Vw16b
705.6090000000235,-2.6143550005894833,-2.7131250001517957,11.36836500021181,0.042329000006353146,-0.5295360001820143,0.207268000096868,52.5565,-1.475648,52.040599999985936,Vw16b
705.7090000000235,-0.6566289995304528,-0.5787249994930375,8.381065999290463,-0.19153500005544352,-0.1312019999038353,0.1584349999874578,52.5565,-1.475648,51.87169999996014,Vw16b
705.8090000000235,0.8036999990074358,3.847799999195398,9.679900000052053,-0.024899999974509607,-0.4360000000147956,0.16160000003783948,52.5565,-1.475648,51.670000000039614,Vw16b
705.9090000000235,-3.414022773270789,0.42879009820449143,9.901088118863985,0.0834168317086843,-0.49887128714352336,0.32239207924579827,52.5565,-1.475648,51.83831683172282,Vw16b
706.0090000000235,0.48479999981168803,1.746599999186684,8.997900000258399,0.08079999999270704,-0.11040000003108243,0.21129999996544582,52.5565,-1.475648,52.10000000007456,Vw16b
706.1090000000236,-0.31539801999048134,-1.7094396047745288,10.095919802238857,0.049809900982798735,-0.24247920795190572,0.0644683167970943,52.5565,-1.475648,52.416831683242954,Vw16b
706.2090000000236,2.3793000006431075,1.6655600008113047,10.76010200015543,0.05732100000186101,-0.048868999953616155,-0.12222900004407525,52.5565,-1.475648,52.568500000035336,Vw16b
706.3090000000236,-3.054537001305687,-3.5489800012549617,9.521081999702188,-0.031403000021231635,-0.5378410001173775,0.337636000110395,52.5565,-1.475648,52.87690000007338,Vw16b
706.4090000000236,2.5948780013639547,1.9751650013334907,10.307430000191022,0.030664000015054586,0.14336900016406184,0.006293999919661508,52.5565,-1.475648,53.26610000009232,Vw16b
706.5090000000237,0.6394999991051185,-0.9070999999722559,10.427599999610319,0.036899999952612623,-0.040899999965840816,-0.015599999964623357,52.5565,-1.475648,53.73000000009599,Vw16b
706.6090000000237,-3.1448564365393405,-0.7897732672989608,8.77967920753072,-0.16349603965139514,0.1035554455787478,0.1340039604314516,52.5565,-1.475648,54.13594059415549,Vw16b
706.7090000000237,-0.103205999263698,-2.5786190004279903,7.316611999654123,-0.38904200005344847,-0.060627000039601156,0.08352499998757287,52.5565,-1.475648,54.55580000009942,Vw16b
706.8090000000237,0.6587180001755681,1.5546670009973043,10.041627000658155,0.06439700010947452,0.2130190000661413,-0.009763000022284946,52.5565,-1.475648,54.85700000007135,Vw16b
706.9090000000238,3.997450000800346,2.0155680001006555,10.290862000053231,-0.11236800004357306,-0.4357190001565253,0.31708900007875024,52.5565,-1.475648,55.30550000010703,Vw16b
707.0090000000238,1.4342309993761106,-0.3048190005584819,10.984417000166086,0.07439500004530933,-0.3168669999698651,0.08923499994446338,52.5565,-1.475648,55.73570000010228,Vw16b
707.1090000000238,1.0958999996894898,0.8338999993315758,8.251600000477751,-0.027199999966805805,-0.3024999999404339,0.3847999999017819,52.5565,-1.475648,56.08000000010351,Vw16b
707.2090000000238,-0.21093168347913616,-1.9792683175007726,10.262293069785159,0.11250297033025691,-0.05180693063344405,-0.02856633673197917,52.5565,-1.475648,56.515643564460056,Vw16b
707.3090000000238,-0.8058455446943794,0.15834752527330131,8.137922771761517,-0.12311188124511616,-0.17221683171272772,0.0880603960686448,52.5565,-1.475648,57.059108911020736,Vw16b
707.4090000000239,-0.6932999994967264,-0.5612999992504436,10.452999999807965,0.12939999995407164,-0.30639999997404566,0.1335000000162392,52.5565,-1.475648,57.4300000001111,Vw16b
707.5090000000239,1.41471980248397,2.578303961146338,9.64864356416421,-0.0629762376697362,-0.19768712868689123,0.2015198019964533,52.5565,-1.475648,57.89534653476467,Vw16b
707.6090000000239,-1.0309999990745304,-2.2892999988415084,9.388999999866492,-0.11229999999186857,-0.3325999999688453,0.13729999994856404,52.5565,-1.475648,58.2300000001111,Vw16b
707.7090000000239,2.845435644490742,2.5631752486843906,8.82979207907428,-0.07824059405126646,-0.20210495046386395,-0.07814554460594236,52.5565,-1.475648,58.695346534764674,Vw16b
707.809000000024,-1.2671999989032532,-3.9830999990103435,11.26029999989956,0.10289999994485154,-0.4144999998933131,0.4016999999205311,52.5565,-1.475648,59.1100000001045,Vw16b
707.909000000024,3.30487920901862,0.14254356534706725,10.841587128612332,-0.12700099015421273,0.0302524753543168,0.0704128712075815,52.5565,-1.475648,59.54564356446104,Vw16b
708.009000000024,2.701852999842651,1.9898570004380476,9.398632999651037,-0.04712999998007021,-0.3702100000982082,0.20104700003248793,52.5565,-1.475648,60.054900000122466,Vw16b
708.109000000024,-1.1896000001197495,-3.3507000002265315,11.138900000268142,-0.16499999991827483,0.16089999986469386,-0.11139999993984019,52.5565,-1.475648,60.480000000123496,Vw16b
708.209000000024,-1.6888079209119469,-4.295056435870319,12.256721782446624,0.17569306938873644,-0.40315940607603357,0.13939207926813985,52.5565,-1.475648,60.994851485272136,Vw16b
708.3090000000241,-0.3508649996727531,0.1597070010878392,8.388683999054713,-0.2862000001133844,0.5393230002310387,-0.20687700008499008,52.5565,-1.475648,61.37620000009168,Vw16b
708.4090000000241,0.7373450002618822,-0.0872500000711702,9.76817000034572,-0.05963599994364288,-0.05569300014733436,-0.11803299997749092,52.5565,-1.475648,61.7760000000965,Vw16b
708.5090000000241,0.4565459999289263,-1.2441440002812068,12.108802000566902,-0.38697000008033783,0.12917100004653806,0.12327200005857668,52.5565,-1.475648,62.2552000001158,Vw16b
708.6090000000241,2.545173000509699,-0.484193999811966,10.43375699958608,-0.3544619999912666,0.03695099997705667,0.06016199998402892,52.5565,-1.475648,62.48770000005549,Vw16b
708.7090000000242,2.0583309998762123,-1.4594700002395662,12.928230000612064,-0.2584659999766948,-0.23080500006501822,0.21483100003785288,52.5565,-1.475648,62.67810000004584,Vw16b
708.8090000000242,-6.821556002172793,-0.7936259998345513,8.11596499881561,-0.3717460000279707,-0.058962999957268364,0.18392799999204995,52.5565,-1.475648,61.58109999973096,Vw16b
708.9090000000242,-5.217507999585316,2.0226220006878592,10.98373900071411,-0.05124899992124693,-0.4384490000933451,0.3322980000364072,52.5565,-1.475648,60.2037999996655,Vw16b
709.0090000000242,-13.071296001927113,1.3504759998284834,8.954890999496044,-0.22501200004333965,-0.6419830000488904,0.404585000017331,52.5565,-1.475648,58.20999999951521,Vw16b
709.1090000000243,-4.328711997839999,10.644648002277318,9.37405600010772,0.04673700006697279,-0.3954109999391355,0.39807299999823054,52.5565,-1.475648,55.972399999457046,Vw16b
709.2090000000243,-5.628471000340051,-0.2017910026786467,9.408596000007368,0.05534100000143011,-0.6568340000646216,0.35760799999011045,52.5565,-1.475648,53.86109999948856,Vw16b
709.3090000000243,-2.0598762367457453,6.515171288801966,7.822645544165702,-0.06683069309926279,0.16249405960739216,-0.07212673277848525,52.5565,-1.475648,51.08564356368141,Vw16b
709.4090000000243,-3.8982030307778195,3.5660999992329137,10.34760808144347,0.1682757576347926,-0.32376868699364425,0.12994949500186392,52.5565,-1.475648,49.12939393892166,Vw16b
709.5090000000243,-2.130551999560382,-1.0653360011315307,9.94245599989392,0.0476429999697294,0.3330140001628232,-0.16202900007235238,52.5565,-1.475648,48.66449999989041,Vw16b
709.6090000000244,-2.0112999999736956,-1.6448999998316964,10.447399999559428,0.189199999935468,-0.00319999990810389,-0.08820000004184103,52.5565,-1.475648,48.349999999934965,Vw16b
709.7090000000244,-1.903181188092482,-0.9531178216137112,8.63650891045009,-0.07604752481706997,0.37452277236921316,-0.2601801980616837,52.5565,-1.475648,48.08267326726163,Vw16b
709.8090000000244,1.6358630008743202,1.7957040006775937,10.158444000380584,0.1353380000528942,0.179408999950849,-0.15101999997259874,52.5565,-1.475648,47.91169999995841,Vw16b
709.9090000000244,-1.932594000890729,1.4359139999042378,8.643162999621675,-0.1754390000773388,0.31758400003464465,-0.12257599999324724,52.5565,-1.475648,47.890199999995104,Vw16b
710.0090000000245,2.4384800010892507,2.1192580001698467,9.048945000104105,-0.07068999997333146,0.2470269999822128,-0.2916890000418622,52.5565,-1.475648,47.78109999997309,Vw16b
710.1090000000245,-2.8440910013165204,-2.7871700012142755,10.685710000403454,0.014550000020796566,0.3865830000346691,-0.26221499999229303,52.5565,-1.475648,47.819600000009785,Vw16b
710.2090000000245,3.1657510014985517,1.804023001146918,9.929405999809013,-0.09815300002806313,0.1539639999421611,-0.1402289999699306,52.5565,-1.475648,47.928900000026914,Vw16b
710.3090000000245,2.6256739998507066,0.29966899961487026,11.270970000335012,0.2171040000785548,0.32465200004296424,-0.2689870000322723,52.5565,-1.475648,48.22700000007374,Vw16b
710.4090000000245,0.4720919994668056,-0.061510000085785,9.749208999618785,-0.0033410000555267327,0.06612899993537857,0.011058000069857021,52.55589609999985,-1.4737986799995408,48.47750000006145,Vw16b
710.5090000000246,-0.08142800013204499,-2.043020000491113,9.387991999914165,0.16557100004249922,0.272687000051938,-0.16746800004503098,52.55589,-1.47378,48.7869000000762,Vw16b
710.6090000000246,-1.8460300004367907,-1.3623769998260458,8.790202999852445,-0.15167800007919752,0.029675999939139358,0.0019700000425238173,52.55589,-1.47378,49.10680000007866,Vw16b
710.7090000000246,1.1976999998863957,0.0414999996145611,11.200299999508724,0.015299999958280757,-0.05879999997708861,0.08359999999675137,52.55589,-1.47378,49.50000000012457,Vw16b
710.8090000000246,0.7372049503813364,-1.5208762380095706,9.208913860894393,-0.15380891093284832,0.03407128715164621,0.0704316831650651,52.55589,-1.47378,50.00495049517419,Vw16b
710.9090000000247,0.7261999999965559,-1.9743999996173456,10.532599999486228,-0.11700000001514399,-0.061399999978871696,0.03659999998441635,52.55589,-1.47378,50.36000000010503,Vw16b
711.0090000000247,0.7122396039569486,-0.42331089070608785,8.450025742059992,-0.17838613862901986,0.02424356437758419,-0.026568316847281746,52.55589,-1.47378,50.78574257436256,Vw16b
711.1090000000247,1.8733700002896598,-1.472248000265509,9.363166000232962,0.0503830000572158,0.07618400001274207,-0.018190999997752855,52.55589,-1.47378,51.25530000011606,Vw16b
711.2090000000247,-0.4410040005802083,0.5194730004994836,7.573274999551188,0.009436999989208758,0.08174900000125938,-0.09561700001933535,52.55589,-1.47378,51.814400000138285,Vw16b
711.3090000000248,1.1786030004117127,0.06925199988211966,10.76844200080517,0.2384820000575014,-0.11144800004842222,-0.17787700002041573,52.55589,-1.47378,52.196200000094265,Vw16b
711.4090000000248,-1.1627820005908676,-1.8219450004727087,10.327184999881295,-0.1318360000933758,-0.18408600001771264,0.31927000012478224,52.55589,-1.47378,52.70490000012652,Vw16b
711.5090000000248,0.3546320003862047,-1.0152409997930798,10.517034000048772,-0.011057999968792032,0.01250700004944158,0.21005399997137203,52.55589,-1.47378,53.06640000008931,Vw16b
711.6090000000248,0.42309999966409456,0.627699999649028,9.714200000174394,0.048599999975510726,-0.059199999949352856,-0.1992000000110177,52.55589,-1.47378,53.64000000012515,Vw16b
711.7090000000248,-0.9322465349896911,-0.7884386142126928,10.417863366511193,-0.05021188121263143,0.1451564356942598,-0.2436554455555827,52.55589,-1.47378,54.14495049517477,Vw16b
711.8090000000249,-0.6984979999377494,-1.2507730001128137,9.376687999736145,-0.041101999997458144,-0.03377200004555403,0.1588300001014251,52.55589,-1.47378,54.62520000011962,Vw16b
711.9090000000249,2.2414290007394397,-1.93463800017101,10.93980400039615,-0.032287999997806925,0.04647100002065976,-0.13677300007543675,52.55589,-1.47378,55.065600000109654,Vw16b
712.0090000000249,0.0729000001586286,0.4156999999183069,9.076800000273503,-0.016799999994774006,0.32189999992030366,0.10309999995316327,52.55589,-1.47378,55.59000000009614,Vw16b
712.1090000000249,0.7100287130300664,0.08758118803704118,10.175314851758909,0.0041900990151319435,0.0018009900192378359,-0.08501881192806932,52.55589,-1.47378,55.976138613957616,Vw16b
712.209000000025,3.078837000594697,-0.7996710002225221,10.117494999982679,0.044297000010043275,0.16977100004308893,-0.02452999998429959,52.55589,-1.47378,56.4750000001246,Vw16b
712.309000000025,0.5391939993517738,-1.1126290000768788,10.25035100003377,-0.031431000019251025,0.12605899998850945,-0.036374000003154265,52.55589,-1.47378,57.00470000013268,Vw16b
712.409000000025,1.8048540003266065,-0.9377969999550122,10.103496999962523,0.05165300002120462,0.021055999973563055,0.03883900001905161,52.55589,-1.47378,57.564400000140196,Vw16b
712.509000000025,0.3871519996381947,-0.8035379999665032,8.695605999644354,0.03557099999571902,0.004852999996169649,0.13236300002345777,52.55589,-1.47378,58.02540000011516,Vw16b
712.609000000025,2.543473000548942,-0.9275340000316943,10.434492000443319,0.20439300004273475,0.08409800002007806,-0.18854900008138872,52.55589,-1.47378,58.50520000012017,Vw16b
712.7090000000251,-0.5683460007924572,-1.9301850002532284,8.765041999573354,-0.046746000063939364,-0.035880000030542675,-0.016866999955763184,52.55589,-1.47378,58.876300000092634,Vw16b
712.8090000000251,4.488897001292659,-1.6962649999380113,9.838485000277,0.13533500004690013,0.1301110000424742,-0.16577800003827453,52.55589,-1.47378,59.35520000012071,Vw16b
712.9090000000251,0.6904869990220437,-0.7720109997658408,9.500920999911452,0.07997799998546407,0.15575800000608597,-0.20996900001083907,52.55589,-1.47378,59.8946000001358,Vw16b
713.0090000000251,2.8025205887826923,-3.5808029418936638,10.321235294327309,-0.19702352948211313,0.014585294081657735,0.01312647064512168,52.55589,-1.47378,60.30764705892727,Vw16b
713.1090000000252,1.0298469382990108,-2.1496346934843515,13.237789796668068,0.21991530623272035,0.24379285720339475,-0.11431632656541046,52.55589,-1.47378,60.75551020419454,Vw16b
713.2090000000252,4.308590000837702,2.7078920012299714,9.992184999167955,-0.41682400016286275,0.21006499999082073,-0.1299560000036214,52.55589,-1.47378,61.314400000140836,Vw16b
713.3090000000252,2.2458719994651695,-0.2636900007707199,9.79426499995794,-0.017201999896378495,0.15297299998552533,-0.22078400002313928,52.55589,-1.47378,61.79520000012125,Vw16b
713.4090000000252,4.7635550006478535,-0.16183699996622422,7.463921999405779,-0.34811600008548776,0.4645470000796522,0.09114000007982903,52.55589,-1.47378,62.34450000013894,Vw16b
713.5090000000253,1.7962319992362685,-0.545016000098119,10.302688000730384,0.016780000093975955,-0.2969760001951264,0.234682000035822,52.55589,-1.47378,62.69650000008842,Vw16b
713.6090000000253,3.979739000564892,3.5874190010554856,8.540887999543054,-0.09127100002852119,0.2740540001476836,-0.201282000111609,52.55589,-1.47378,63.23460000013642,Vw16b
713.7090000000253,-0.5286350011561316,-2.9319260016742366,10.451023000492034,0.12470700005540035,-0.5267520002058377,0.39265600015268576,52.55589,-1.47378,63.71520000012126,Vw16b
713.8090000000253,-1.9333000006108858,-4.05050000014968,11.657599999399991,0.12189999995104496,0.07959999978113476,-0.0953999998366053,52.55589,-1.47378,64.18999000008367,Vw16b
713.9090000000253,-4.342899998340262,-4.640899999092594,9.290900000599015,-0.07119999991528361,-0.7836999998263502,0.5490999998584797,52.55589,-1.47378,64.52000000010291,Vw16b
714.0090000000254,2.203832674928612,-1.061692078299668,11.653672277827296,0.26295841592637953,-0.09874950477668332,-0.009117821923830483,52.55589,-1.47378,64.92594059416243,Vw16b
714.1090000000254,3.075160000206561,7.163281002099081,6.276255998615585,0.10186099995785039,-1.0058680002342715,0.7036440001841284,52.55589,-1.47378,65.17750000006345,Vw16b
714.2090000000254,4.040630000245386,1.4930109985253726,12.81668400169045,0.38829000007384423,-0.5820739998890052,0.2782699998891067,52.55589,-1.47378,65.64530000011928,Vw16b
714.3090000000254,2.2958219995482914,3.89069400063227,6.766683998425213,-0.19062300014979638,-0.7601570000469755,0.5274390000652762,52.55589,-1.47378,65.78860000003569,Vw16b
714.4090000000255,-2.590027001253407,-3.9810370020331374,10.91754800108464,0.29820300012737216,-0.6148859999621222,0.2307229999229446,52.55589,-1.47378,66.04740000006628,Vw16b
714.5090000000255,1.377230001034118,2.630115001722724,7.305316999058995,-0.10458100010499216,0.030001000165657765,0.02217599994708333,52.55589,-1.47378,66.31730000006881,Vw16b
714.6090000000255,-2.588631001031544,-2.8573880014302793,11.571534001107937,0.16889600007147315,-0.5242360001443739,0.203250000047156,52.55589,-1.47378,66.57740000006628,Vw16b
714.7090000000255,1.5699850010811467,-1.287721999581408,12.330077000184113,-0.3832940001428954,0.27011900020598245,0.03679999995666747,52.55589,-1.47378,66.79780000005607,Vw16b
714.8090000000255,-0.3725500005133253,-2.402177000292455,11.513520999786964,-0.19822599995069,-0.2422430001345912,0.1089540000190993,52.55589,-1.47378,66.95840000004095,Vw16b
714.9090000000256,1.0179520003647975,0.21425600067961703,10.895062999842207,-0.21451600000471102,0.06722100008139326,-0.022267000034129333,52.55589,-1.47378,67.21740000006656,Vw16b
