time_since_start_s,accel_x,accel_y,accel_z,gyro_x,gyro_y,gyro_z,latitude,longitude,vehicle_speed,trip_id
5293.31,2.1311,-1.2336,10.7365,0.1151,0.3872,-0.3853,52.024853,-0.733924,51.83,Vw3
5293.410000000001,-2.3166227723084685,-1.4843920792096825,9.891054455439606,-0.1426227722790379,0.017992079205327527,-0.09371584158211038,52.024853,-0.733924,52.13693069307146,Vw3
5293.510000000001,-0.7140369999881977,-0.2919699999914376,8.66014799999124,-0.09530399999964245,0.2623940000017778,-0.02951899999956087,52.024853,-0.733924,52.397400000001845,Vw3
5293.6100000000015,-0.23823799999253376,-0.4246380000023535,8.778183000002121,-0.21449100000194626,-0.02942700000478593,0.05336900000133775,52.024853,-0.733924,52.71680000000515,Vw3
5293.710000000002,0.22467100000749388,-0.43342600000011977,9.317763000008801,-0.15085499999893962,0.08293500000188601,0.05241799999997086,52.024853,-0.733924,53.00710000000469,Vw3
5293.810000000002,2.0308030000458435,-1.8058380000349228,9.78493600001175,0.028792000004554896,-0.34160000001083296,0.18595100000339854,52.024853,-0.733924,53.38620000000957,Vw3
5293.910000000003,0.9898000000509135,-1.2488999999974268,9.921700000007085,-0.052099999999135074,-0.26539999999794,0.1419000000005375,52.024853,-0.733924,53.66000000000791,Vw3
5294.010000000003,2.8557999999097525,-1.1545999999170595,10.181400000001736,-0.020399999998482965,-0.18989999999842022,0.16159999999941882,52.024853,-0.733924,53.950000000008735,Vw3
5294.110000000003,-0.45179999990058495,1.8851999998976054,10.244999999981129,0.035199999997504346,-0.13199999999977446,0.14030000000185539,52.024853,-0.733924,54.27000000000982,Vw3
5294.210000000004,2.2808999999111146,-0.9294000000194542,9.72630000000707,-0.033399999999074295,-0.12579999999784602,0.19129999998955433,52.024853,-0.733924,54.54000000001081,Vw3
5294.310000000004,-0.1623673268387198,-1.464152475270735,9.920656435651999,-0.007954455444440126,-0.06659207920535096,-0.09582871288374953,52.024853,-0.733924,54.837029702983195,Vw3
5294.410000000004,0.8171999999440391,0.4605999999834175,8.838600000082804,-0.061799999992291806,0.02039999999619093,-0.018999999997091416,52.024853,-0.733924,55.02000000000316,Vw3
5294.510000000005,-0.4133940594594637,0.09594653463760522,10.659491089188109,0.1077049505024219,-0.0633623762412669,0.04496039604238583,52.024853,-0.733924,55.08930693069609,Vw3
5294.610000000005,1.8108178218960993,1.4894742574969102,8.493818811769948,0.19948019802439038,-0.03979306930568749,0.06118514851564534,52.024853,-0.733924,55.08019801980148,Vw3
5294.7100000000055,0.682969696906798,-0.3612272728280228,10.807441414267839,0.06617878787154255,-0.005049494947658412,-0.058574747481186004,52.024853,-0.733924,55.11959595959808,Vw3
5294.810000000006,0.9475070000171973,0.4183320000496769,9.596771999923208,-0.010539000004685703,0.04034500000280156,-0.20622100000910662,52.024853,-0.733924,55.04079999999507,Vw3
5294.910000000006,-1.5099999999269873,1.5806999999233817,9.368700000055654,0.05280000000086357,0.0034000000272371147,0.22759999997155891,52.024853,-0.733924,55.01999999999181,Vw3
5295.010000000007,-0.3631683167609425,0.3772346533911126,10.242858415895505,0.06636435643648027,0.4312217822046074,-0.2191326732948828,52.024853,-0.733924,54.89128712870493,Vw3
5295.110000000007,2.0635040001724008,-0.11247500003409722,8.38445999986672,-0.12417400001361059,-0.1515700000419059,0.020831000017447893,52.024853,-0.733924,54.76129999999081,Vw3
5295.210000000007,2.3767470588456163,-0.6877147059259706,10.762467647242104,-0.12697352941183151,0.14532352943492063,0.22877352942747659,52.024853,-0.733924,54.63382352940212,Vw3
5295.310000000008,0.5809040814841686,1.7497928573448402,8.839176530448018,-0.31110204083147464,0.20290102041214575,-0.09113775512887584,52.024853,-0.733924,54.560714285708585,Vw3
5295.410000000008,-1.607599999773417,-0.11229999992836513,10.588599999943561,-0.017600000005105778,-0.32119999999736604,0.023800000024053886,52.024853,-0.733924,54.4399999999927,Vw3
5295.510000000008,1.1605188121022871,0.7628485149213863,9.899095049449878,-0.07997623762874458,-0.28902178217564767,0.31766138616208556,52.024853,-0.733924,54.35089108910179,Vw3
5295.610000000009,3.432699999626666,-0.22889999984600723,10.321499999830303,-0.0665000000124988,-0.2367000000090139,0.4927999999513736,52.024853,-0.733924,54.38999999998379,Vw3
5295.710000000009,-0.6721514855137172,1.4642683169823218,8.455658415675583,-0.203925742586484,-0.33580891089990667,-0.04185346539410195,52.024853,-0.733924,54.211782178201965,Vw3
5295.8100000000095,0.608699999781334,0.08670000011307451,10.476699999888123,-0.040899999991076144,0.009699999975929907,-0.20229999995150863,52.024853,-0.733924,53.9899999999874,Vw3
5295.91000000001,-1.7955574259781273,1.3299673268544803,9.246600989978493,0.05721881189080114,-0.2549534653724636,0.3308683168839194,52.024853,-0.733924,53.85138613860028,Vw3
5296.01000000001,3.1535660004925123,0.22162099988900485,9.409629000017365,0.10255200000439235,0.0065320000261580025,-0.07811500004103117,52.024853,-0.733924,53.77079999999216,Vw3
5296.110000000011,0.03540399965740493,0.8653830000708334,10.449910000112293,-0.0006530000112078688,-0.30977800003449074,0.26330900003737023,52.024853,-0.733924,53.661099999988224,Vw3
5296.210000000011,1.548094059570048,-0.09476930703340214,10.388649504942872,0.02045247524987822,0.31844356442352,-0.01294851488120552,52.024853,-0.733924,53.4835643564169,Vw3
5296.310000000011,3.1946171719085728,-0.5591606061133181,9.150618181671657,0.02337474747504071,-0.31302626270259776,0.3120262626654389,52.024853,-0.733924,53.331515151497555,Vw3
5296.410000000012,3.795596000068624,-0.14770199995115868,9.481233000040298,0.02270699999991864,0.11956400005156115,0.023448999965722805,52.024853,-0.733924,53.12209999997559,Vw3
5296.510000000012,-0.1061290004587847,0.5096030000766792,10.547366000124764,-0.055213000009147584,-0.24140900004290172,0.06772300000554432,52.024853,-0.733924,52.931899999977915,Vw3
5296.610000000012,-2.307299999314124,0.9904000000282898,9.944200000013653,-0.03949999998517434,-0.20039999998727967,0.18390000000496712,52.024853,-0.733924,52.77999999997605,Vw3
5296.710000000013,3.0793336640415414,1.2125782178496318,10.051427722785718,0.07693564357895144,-0.1004990098884677,0.22290990099498884,52.024853,-0.733924,52.591881188095236,Vw3
5296.810000000013,-0.5062380004938327,0.48239799990062093,10.09863400000626,0.05928999999744768,-0.21948800001628108,0.07460199997982328,52.024853,-0.733924,52.401899999974475,Vw3
5296.9100000000135,-1.269499999664878,1.6289999998702098,10.201299999725038,-0.01859999998722695,-0.04249999997272854,-0.19469999999786003,52.024853,-0.733924,52.16999999999064,Vw3
5297.010000000014,1.1869705885826825,0.6776274508458514,8.185809803636543,0.07502745099363273,0.15740196081258337,-0.17901372548797775,52.024853,-0.733924,52.1013725490099,Vw3
5297.110000000014,-1.5784797983919274,2.1819555557786154,10.076891919474727,0.011071717162078151,-0.049943434374380646,-0.2150292929346125,52.024853,-0.733924,51.89212121209077,Vw3
5297.210000000015,2.8235999991368694,0.9533999999906637,8.609600000151312,0.09229999997108347,-0.25199999998487177,0.07570000002502641,52.024853,-0.733924,51.64999999995822,Vw3
5297.310000000015,-3.1077861395186535,0.8892415841486289,9.649401980356634,-0.10641287131744095,-0.14803960394453758,0.24768019804603636,52.024853,-0.733924,51.362871287084914,Vw3
5297.410000000015,-0.44717399958071047,1.6711950001206408,10.120645000071042,-0.09295599999761922,0.039120000028691315,-0.20382200006986628,52.024853,-0.733924,51.201599999975585,Vw3
5297.510000000016,2.654299999429367,0.0721000002548224,10.643199999668452,-0.16749999995389134,-0.3318999999428234,0.2770999999852734,52.024853,-0.733924,51.03999999997397,Vw3
5297.610000000016,-1.0363930699034865,1.7202188121475863,8.498843564009825,0.13071782183038153,0.03790198025779379,0.18185247523212916,52.024853,-0.733924,50.87168316828962,Vw3
5297.710000000016,-2.0526999992596626,1.52109999996165,8.456000000331583,-0.15399999997779393,-0.2539999999322147,0.09229999994608946,52.024853,-0.733924,50.649999999954616,Vw3
5297.810000000017,2.4695772284948743,1.2868425742174303,10.481445544900264,-0.01835643562040551,0.1600594060112876,-0.23700693074929285,52.024853,-0.733924,50.37277227718039,Vw3
5297.910000000017,-2.5192510008685165,0.8356339999225578,10.68514700003165,0.03349000000871097,-0.23457200006879952,0.18144000007276218,52.024853,-0.733924,50.17199999996584,Vw3
5298.0100000000175,-0.4463519996335932,1.3282780000857772,9.604434999813227,0.09607300001070934,0.21155300007766417,-0.06160200004266661,52.024853,-0.733924,49.981899999967546,Vw3
5298.110000000018,-1.1361160001291732,1.5739690000437112,9.11641899991335,0.036705999989103684,-0.07595000005304312,0.02104000001546341,52.024853,-0.733924,49.801799999967635,Vw3
5298.210000000018,-0.38228699986171244,0.9898249998934103,9.865386000136974,0.10549900001261087,0.2787870000649971,-0.17055600003497215,52.024853,-0.733924,49.60199999996402,Vw3
5298.310000000019,3.4965970007386638,0.8572789999758395,10.634211000145246,0.0435329999880425,0.21230799998662575,-0.1299299999918772,52.024853,-0.733924,49.46139999997355,Vw3
5298.410000000019,-0.4481590007605263,0.30546099989490094,9.631010999807017,0.03230699999797777,0.10368999997939975,-0.1010869999945759,52.024853,-0.733924,49.28179999996598,Vw3
5298.510000000019,0.6707999999309207,1.2257000005154,9.13499999995263,-0.042999999953802166,0.1304999999887673,0.0032999999945916582,52.024853,-0.733924,49.02999999994894,Vw3
5298.61000000002,0.3091168316115487,3.924214852019502,8.886980197970688,0.19888118816670863,0.07168811880023539,-0.02501683168877555,52.024853,-0.733924,48.7626732672738,Vw3
5298.71000000002,1.9312780003252996,-0.16700200082400585,12.191001000661593,0.2376330000072698,0.03427199999263113,-0.18132400003121865,52.024853,-0.733924,48.43329999993463,Vw3
5298.81000000002,-0.2877200004676135,2.6635880006008152,9.063230999338735,0.25324600000318925,-0.09866100002772964,-0.19438400000240227,52.024853,-0.733924,48.23199999995858,Vw3
5298.910000000021,-0.7746100000971687,1.3693659997230794,9.970414000196534,0.3427970000187086,-0.060597999991754116,0.07339400005606372,52.024853,-0.733924,48.14089999998136,Vw3
5299.010000000021,0.9513190003621764,0.5311319998273752,8.754774999743612,0.08055799994493074,0.28956700007319774,-0.2292160000638952,52.024853,-0.733924,47.83309999993577,Vw3
5299.1100000000215,2.84277100040922,0.11680099991134174,10.334716000347715,0.05750599999554655,-0.027759000070066153,-0.01479699995250372,52.024853,-0.733924,47.7507999999827,Vw3
5299.210000000022,-0.14651400065718168,1.5579020003157225,9.868669999894673,0.047597999997880475,0.26263400006414805,-0.09981900001905407,52.024853,-0.733924,47.49259999994377,Vw3
5299.310000000022,0.6165850001805635,0.5298319997627332,10.690648000188155,-0.011207000013359211,0.02126799994440043,0.024238000028430573,52.024853,-0.733924,47.04449999989862,Vw3
5299.410000000023,-0.9658999999359715,0.6285000001931766,8.56030000012335,-0.11979999995382042,0.023200000038676262,0.18199999992410265,52.024853,-0.733924,46.79999999996589,Vw3
5299.510000000023,-0.6843000001200533,1.4781000002069782,9.102800000125283,0.08329999993517577,0.1932999998892463,-0.15179999992783158,52.024853,-0.733924,46.649999999936334,Vw3
5299.610000000023,-1.212299999563563,2.3883999999030476,9.653800000210152,-0.2018000000001873,-0.2938000000052913,0.16560000001594408,52.024853,-0.733924,46.369999999882936,Vw3
5299.710000000024,0.6333435647892163,1.97839999990386,10.54251287149552,-0.20259207920810654,-0.3161762376290093,0.23302574259006792,52.024853,-0.733924,45.87495049493342,Vw3
5299.810000000024,3.216197000630665,1.0098419997628096,10.15945899990361,0.08202500006999813,0.10672600010405975,0.08272499996287055,52.024853,-0.733924,45.602699999934266,Vw3
5299.910000000024,-6.002520002274389,2.901989000467908,9.450916999826656,0.13281600001178845,0.3079110000484446,-0.10086100004479118,52.024853,-0.733924,45.1841999998977,Vw3
5300.010000000025,3.8882500024563296,0.9261519995091727,10.789210000331002,0.13478500000036533,1.0094340001721014,-0.5349340001063394,52.024853,-0.733924,44.783999999902576,Vw3
5300.110000000025,-5.821602002502885,2.379021000375794,9.671130999711291,0.08767599998797782,-0.149126000297372,0.13597900017227582,52.024853,-0.733924,44.17609999984594,Vw3
5300.2100000000255,5.644678002951597,-0.2331640006704525,11.204397000394222,0.15125300001634695,0.6347630002030611,-0.3464580001248634,52.024853,-0.733924,43.48689999982566,Vw3
5300.310000000026,-2.0503999999314435,2.272100000237337,9.56520000006369,0.0958999999831068,-0.2723999999036836,0.3598999998585763,52.024853,-0.733924,42.819999999861324,Vw3
5300.410000000026,-1.7811920791374738,3.204080198263685,9.815299009966436,0.02956336631927453,0.10581782188115119,-0.1954465347987897,52.024853,-0.733924,42.27544554441196,Vw3
5300.510000000027,-2.7276999988535344,4.822799998917227,8.050600000751723,-0.17499999990862639,-0.39949999989509927,0.5052999998539172,52.024853,-0.733924,41.6999999998172,Vw3
5300.610000000027,1.6190326744443229,0.7175524741359167,10.900699010672732,0.17143564365816333,-0.0017772276150780364,-0.04856138628858697,52.024853,-0.733924,41.00693069288164,Vw3
5300.710000000027,1.6494319999964249,1.1725890001357218,7.8954439991700145,-0.21644700010706602,-0.665951000182795,0.41516000012838167,52.024853,-0.733924,40.574299999883536,Vw3
5300.810000000028,-5.413999998371608,2.363999999991328,9.080700000002567,0.20599999990669124,-0.012900000059405312,0.24090000002158474,52.024853,-0.733924,39.87999999986763,Vw3
5300.910000000028,0.554118813551499,2.332217821773283,9.090105940596692,-0.13598019811551273,-0.2306227723381623,0.32000891091322947,52.024853,-0.733924,39.39485148501274,Vw3
5301.010000000028,1.1953260001644384,1.6313759998019128,9.03000799998298,-0.008719999963047592,-0.40050600004742226,0.0853779999334297,52.024853,-0.733924,38.77619999982644,Vw3
5301.110000000029,-1.8049350008773861,1.534011999973648,11.443911000704711,-0.1697600000473872,0.04072600012927463,-0.011545000027594385,52.024853,-0.733924,38.334399999872865,Vw3
5301.210000000029,-1.9769690000413611,1.0841349998689214,11.026957999871147,-0.11130699998245544,-0.39535000012862165,0.4483450001345469,52.024853,-0.733924,37.953799999890165,Vw3
5301.3100000000295,3.3940000009405438,0.6907999998939006,10.677599999373633,-0.04099999996400922,0.5403999996982134,-0.11729999983543368,52.024853,-0.733924,37.23999999983575,Vw3
5301.41000000003,6.625683169280075,0.32624554444579557,8.525421781536735,0.08266336637349303,-0.49653069337837663,0.44814554472299334,52.024853,-0.733924,36.67564356418822,Vw3
5301.51000000003,3.646099999888178,1.5018999999228568,9.585299999932722,0.07869999996517266,0.032399999955158305,-0.03949999996035864,52.024853,-0.733924,36.249999999806846,Vw3
5301.610000000031,3.2735257424598188,1.2448702969507544,9.361141584089564,-0.03733960399603843,-0.11700594063995047,0.09257920796136113,52.024853,-0.733924,35.60643564336668,Vw3
5301.710000000031,1.806975999546041,1.3996110000488184,11.156542000557863,0.0811910000371438,0.0017850000373281216,0.015788999975759763,52.024853,-0.733924,35.14459999985868,Vw3
5301.810000000031,3.321849000488609,1.7047340000969564,10.265483999709573,-0.08263300005271579,-0.13599600004439888,0.15211500004379802,52.024853,-0.733924,34.42719999977231,Vw3
5301.910000000032,-2.102057001737969,1.3200169998760967,9.43143199973644,-0.018860999979091117,-0.23778600003207506,0.26596400003593423,52.024853,-0.733924,34.11309999990194,Vw3
5302.010000000032,-0.39252299943621893,1.2956069999934523,9.668620000078446,0.1133710000420392,0.5425080002496415,-0.24314600016303245,52.024853,-0.733924,33.822899999908266,Vw3
5302.110000000032,-4.145099997152306,1.4755999994759366,9.412800000276848,-0.040199999969495005,0.20280000010337984,-0.015200000103768842,52.024853,-0.733924,33.4799999998606,Vw3
5302.210000000033,4.5523257454047235,-0.1249940599268331,10.258344554730616,0.052968316862003595,0.5185425743601801,-0.33213069317244787,52.024853,-0.733924,33.05425742560402,Vw3
5302.310000000033,-0.5765150017618978,1.1273880004284604,10.033357999921144,0.0034099999829445143,0.0928319998551288,0.006547000115475654,52.02419167999978,-0.7352921800004621,32.60449999984951,Vw3
5302.4100000000335,3.3901999979972426,0.12680000024343352,9.768600000170073,0.02250000001756598,0.4159999998414687,-0.22709999989245042,52.024185,-0.735306,32.29999999990241,Vw3
5302.510000000034,-2.56129999806545,0.8501999998503016,10.273999999719926,0.07469999996618211,-0.05509999986286261,0.09249999989358192,52.024185,-0.735306,32.0099999999267,Vw3
5302.610000000034,3.1875118831630482,0.40534851469866223,9.44172277199131,-0.025795049539474244,0.3524247526152473,-0.22373762387101556,52.024185,-0.735306,31.79217821774695,Vw3
5302.710000000035,-0.9163999993072784,0.5873000000214893,9.524200000109568,0.033699999993943304,-0.30529999984618733,0.20789999992660108,52.024185,-0.735306,31.659999999880235,Vw3
5302.810000000035,1.0879564363503644,0.6494782178437082,9.841229703082092,0.01617524751857269,0.13974950510743367,-0.004476237698652991,52.024185,-0.735306,31.313465346412453,Vw3
5302.910000000035,4.626460001253503,1.6271310003480814,8.637886999570162,0.10856500003297764,-0.4014880001944092,0.22773300008348454,52.024185,-0.735306,31.082299999918877,Vw3
5303.010000000036,2.211500000546664,0.9321000006674737,9.974199999308224,0.12610000001594407,-0.22289999995817314,0.19960000000646191,52.024185,-0.735306,30.75999999987357,Vw3
5303.110000000036,3.7526881193693704,2.813882178898513,8.023902969591555,0.17105049506576475,-0.10497920787813697,0.2178178217887681,52.024185,-0.735306,30.40356435630671,Vw3
5303.210000000036,-1.6531400019812001,0.5724309991739811,10.553551000931591,0.17912300000278583,-0.2912070000684882,0.07534099994786503,52.024185,-0.735306,30.20199999992764,Vw3
5303.310000000037,3.5361300019641333,2.242401000634033,8.925999999380762,-0.06790400009255193,0.29486100022021877,-0.1467710000826515,52.024185,-0.735306,29.794099999847973,Vw3
5303.410000000037,-1.826002002028705,1.6382749997672652,10.208972000486906,-0.028621999984348362,0.020431999894963415,0.07444300008371035,52.024185,-0.735306,29.631599999940658,Vw3
5303.5100000000375,1.2623520011775082,1.175708999829056,10.458908000088718,-0.0007769999897262944,0.48448400017491267,-0.23722900011760983,52.024185,-0.735306,29.204299999840515,Vw3
5303.610000000038,3.842320793051768,0.44830197992215515,9.40709702930062,-0.03647326734046231,0.1386811879850321,-0.0817059405334919,52.024185,-0.735306,28.84712871273661,Vw3
5303.710000000038,4.104054545536066,-0.20993232348187307,10.277995959941883,0.06535353539329751,0.49944646478908644,-0.25470202027033745,52.024185,-0.735306,28.483636363498196,Vw3
5303.810000000039,0.4580999990462786,2.064699999656098,8.111600000904742,-0.15329999993226334,0.15380000005990777,-0.019200000105405932,52.024185,-0.735306,28.15999999994705,Vw3
5303.910000000039,-2.0386326742385847,1.1644029699468037,10.480114852406528,0.02402673274224948,0.31063168322932616,-0.29514059416675004,52.024185,-0.735306,28.02138613855994,Vw3
5304.010000000039,-0.45197899936661345,0.9965049999375524,8.18165599908737,-0.12151200005789535,0.028564999888528064,0.1661130001823627,52.024185,-0.735306,27.89129999994942,Vw3
5304.11000000004,4.696559002063717,1.012423000007046,9.762891000645258,0.08747400008463307,0.2137010000755965,-0.037892000083916494,52.024185,-0.735306,27.721699999932323,Vw3
5304.21000000004,-0.0474570019288878,0.5381919998091936,10.161042000153616,-0.02425000004579031,-0.10961500013080105,0.2013620000970755,52.024185,-0.735306,27.53189999992435,Vw3
5304.31000000004,-0.3529000004602043,0.06839999977638073,10.214300000050743,0.04089999998927524,0.038699999861378453,-0.00029999993345045366,52.024185,-0.735306,27.259999999987997,Vw3
5304.410000000041,-1.5029000006042645,-0.49039999982887544,10.341099999775793,0.014100000000445742,-0.3076999997619735,0.16599999986720929,52.024185,-0.735306,27.229999999987843,Vw3
5304.510000000041,-2.979335644165696,-0.07228118794851562,9.79327821759866,0.015189108911334674,0.27388415865271576,-0.15845544567670242,52.024185,-0.735306,27.200297029690873,Vw3
5304.6100000000415,2.8771940024687654,-0.7214010002747002,9.111629999715683,-0.1241920000586116,-0.16580000018732405,0.11916300011809744,52.024185,-0.735306,27.279200000033303,Vw3
5304.710000000042,1.2249999981151092,-1.6828999992442046,10.316799999633826,-0.025600000046890305,0.022899999884389715,-0.05299999993430386,52.024185,-0.735306,27.249999999995858,Vw3
5304.810000000042,-3.280346536570001,0.12363465423383069,9.441552474875202,-0.1376792079684696,-0.2534366337809175,0.1040297030370961,52.024185,-0.735306,27.240099009896777,Vw3
5304.910000000043,2.501099997534388,-1.690299999662516,10.674799998939003,0.020299999934356994,0.21009999986223857,-0.313999999826137,52.024185,-0.735306,27.350000000050787,Vw3
5305.010000000043,-3.2669198044343837,-0.9007950491690309,8.19272079102313,-0.1332643565009824,-0.11217722785989526,0.09273267344038394,52.024185,-0.735306,27.46881188123867,Vw3
5305.110000000043,3.046199996885746,0.8432999996059313,11.05199999935476,0.0845999999347325,0.2801999998220488,-0.20559999990158007,52.024185,-0.735306,27.690000000155607,Vw3
5305.210000000044,-4.087463369436756,-0.05937326771901308,9.573980197377491,-0.06490495056002081,-0.12742376255338128,0.019845544652428743,52.024185,-0.735306,28.046435643719256,Vw3
5305.310000000044,1.5796360025710543,-1.907424000823958,11.377038000814466,0.062201000057618513,0.24103700016691182,-0.27608800013360046,52.024185,-0.735306,28.267800000097584,Vw3
5305.410000000044,-1.559110001432551,-0.2835899992639823,8.786353998830801,-0.11133400007834887,-0.056160000134870075,0.17125100020181705,52.024185,-0.735306,28.398700000057673,Vw3
5305.510000000045,-0.12966499934494835,-0.39411600005696484,9.480720000322977,0.13598400011162276,-0.09741400001712494,0.03858599993850992,52.024185,-0.735306,28.617800000097603,Vw3
5305.610000000045,0.05949999890185268,-2.4307999995094134,10.61539999901851,-0.12539999990625902,-0.3987999999053585,0.19119999992467404,52.024185,-0.735306,28.9100000001846,Vw3
5305.7100000000455,-2.3553514862418785,-1.3519881183234315,8.457083167339619,0.08073861395471874,-0.19068118802458267,0.025556435568566543,52.024185,-0.735306,29.3159405942432,Vw3
5305.810000000046,2.0529280020673486,-1.1209249998972606,9.880702000674065,-0.10005300008528532,-0.4516430001226871,0.2594210001098504,52.024185,-0.735306,29.696200000175466,Vw3
5305.910000000046,0.03099999851336247,-2.1206999984754282,10.687499998883885,-0.010800000087900411,-0.08630000008147092,0.03120000003692368,52.024185,-0.735306,30.080000000174515,Vw3
5306.010000000047,-3.174049506430783,1.1661316846863774,8.281262375126275,-0.2003049505825745,-0.2619435644375586,0.11080396043280558,52.024185,-0.735306,30.456237623936147,Vw3
5306.110000000047,-1.1878859990401343,-0.9425680010185327,10.395501001016978,0.16469400017449531,-0.581094000150953,0.2666340000737344,52.024185,-0.735306,30.856000000188338,Vw3
5306.210000000047,-2.7966999984225436,-0.14169999983981005,10.134499999649183,0.07969999990087047,-0.4107000000236,0.022599999987919027,52.024185,-0.735306,31.070000000103015,Vw3
5306.310000000048,0.5387455461553401,0.1970128714496977,9.392717821426153,-0.12990396049664132,-0.46060099012296046,-0.0029445544677059385,52.024185,-0.735306,31.287821782282762,Vw3
5306.410000000048,-4.700244002556454,0.3057360000510754,11.001871000783844,-0.002408999937163897,-0.6414780000874617,0.3648820001784756,52.024185,-0.735306,31.2602999999856,Vw3
5306.510000000048,0.8353470027099208,-0.48421000038354506,10.03017999952093,-0.1790030000862616,-0.07840599972609408,-0.075712000215438,52.024185,-0.735306,31.200599999971196,Vw3
5306.610000000049,-3.2724370020570293,0.34979500041592454,9.886846999934127,0.13253500015477973,-0.27367000009927417,-0.025749999973103052,52.024185,-0.735306,30.982199999892412,Vw3
5306.710000000049,-2.4243909995602264,0.5286790000841786,10.51642700031172,0.09897099998185341,-0.19610399996067424,0.011331000018048765,52.024185,-0.735306,30.940399999980436,Vw3
5306.8100000000495,-0.4326279990023445,0.3815039999250812,9.536957999503962,0.010885999955865658,-0.3012300000533,0.18891000008916534,52.024185,-0.735306,30.92019999999004,Vw3
5306.91000000005,-1.7636530006799225,-0.7468180005670751,9.783707000129189,-0.041579000025957324,-0.32833700001310323,-0.005023000098498348,52.024185,-0.735306,30.92,Vw3
5307.01000000005,-0.32625699926975726,-1.1698420002071603,10.391190000304412,-0.07516600001664059,-0.35087500001121,0.06586400003666909,52.024185,-0.735306,30.900199999990033,Vw3
5307.110000000051,-5.067659002436761,0.6533420009362363,9.767164999677151,-0.0025369999626174977,-0.3255579999869136,0.17243100005422235,52.024185,-0.735306,30.83069999996449,Vw3
5307.210000000051,1.7100530034977934,-1.195340000956798,9.767433000003399,-0.10307700005189845,-0.672790000178068,0.3233860000768077,52.024185,-0.735306,30.780499999974634,Vw3
5307.310000000051,-6.025566004070358,0.25703900076730335,9.048759999625151,-0.019850999956061155,-0.5300769999237395,0.20184299993582142,52.024185,-0.735306,30.730499999974185,Vw3
5307.410000000052,-0.39437699702149587,-0.8765000005990367,10.429183000723853,-0.17443000008107654,-0.4025729999342609,0.10783699995161228,52.024185,-0.735306,30.779500000025823,Vw3
5307.510000000052,-3.589899998764469,0.7926999995719471,9.942700000133025,-0.11199999995189137,-0.4491999998438543,0.23469999985728118,52.024185,-0.735306,30.700000000020736,Vw3
5307.610000000052,-1.2066000019767793,-0.03300000034741606,10.199299999545078,-0.019200000026533597,-0.14800000021327103,-0.0405999999202937,52.024185,-0.735306,30.740000000026374,Vw3
5307.710000000053,-4.953999998727811,-0.691599999815056,9.336899999579312,-0.06949999988331547,-0.5522999998105723,0.11049999995020335,52.024185,-0.735306,30.7900000000211,Vw3
5307.810000000053,-2.5423000000688893,-0.3409999995530815,8.53940000095975,0.15169999990823468,-0.19320000008915392,0.016100000038596792,52.024185,-0.735306,30.83000000005745,Vw3
5307.9100000000535,-2.672894059475747,0.5062277232251464,10.358805941566589,-0.02226039613259112,-0.36220990108044,0.08926831687079388,52.024185,-0.735306,30.938910891147327,Vw3
5308.010000000054,-1.1510849991775163,1.3090760004289637,8.328293998893697,-0.06587700002261362,-0.19757999991018702,-0.06681600008468078,52.024185,-0.735306,30.969700000016037,Vw3
5308.110000000054,-3.129461001094766,-0.012866000730278992,10.468374001186472,-0.024026999976788067,-0.37122900009627247,0.2095920001526443,52.024185,-0.735306,31.148200000097848,Vw3
5308.210000000055,-1.380370999028361,0.3234670001920878,10.773340000155496,-0.018253999997064042,-0.34864599998662504,0.13844699995938592,52.024185,-0.735306,31.357900000114174,Vw3
5308.310000000055,-4.459913001729233,-1.9943520012959706,9.473656999272812,-0.01869500000027635,-0.4765060000715194,0.19116000002984582,52.024185,-0.735306,31.55800000011054,Vw3
5308.410000000055,-1.5574339983618595,0.645993001487394,9.56811300006009,-0.1309660000626865,-0.3924619999523494,0.14348699997307907,52.024185,-0.735306,31.956000000221117,Vw3
5308.510000000056,-5.508887002222938,0.3873839998405751,10.625530000589828,-0.007161999930237778,-0.6321700001343282,0.19992500003178548,52.024185,-0.735306,32.217400000143726,Vw3
5308.610000000056,-1.6087019977639443,-2.775481001793193,8.288018998667479,-0.18192200009988713,-0.34730199983696713,0.016755999895730872,52.024185,-0.735306,32.4972000001573,Vw3
5308.710000000056,-4.3784210015945755,0.6001800019340111,9.799097000871091,-0.2495350000373654,-0.6137790001528891,0.41050400022452954,52.024185,-0.735306,32.737600000134854,Vw3
5308.810000000057,0.20382800265874756,-4.997708003247906,11.16713800077995,-0.13139999993149323,-0.21149099976644903,0.07483099980412772,52.024185,-0.735306,33.09640000020552,Vw3
5308.910000000057,-2.553800000530717,-0.09329999961207439,9.418400000171951,-0.11189999991944218,-0.5438999997213948,0.22729999988171617,52.024185,-0.735306,33.45000000015885,Vw3
5309.0100000000575,-3.4800376242912585,0.5837297033568813,9.718499010072348,0.028694059486219864,-0.057662375959981804,0.02086435631776873,52.024185,-0.735306,33.72722772293057,Vw3
5309.110000000058,-3.172499997284065,-1.6763999990883296,9.165800000791451,-0.12189999998121218,-0.33079999984647007,0.12019999992968976,52.024185,-0.735306,34.02000000019019,Vw3
5309.210000000058,1.493440596766098,-0.11016237532905637,10.525502971085787,-0.08962277225850385,-0.06703762360936888,-0.0005920792779917222,52.024185,-0.735306,34.34673267345686,Vw3
5309.310000000059,-1.1865580016224435,-1.9695600011157168,9.74036799952473,-0.11474300001513935,-0.17706200006703726,0.21916800013148263,52.024185,-0.735306,34.70640000021207,Vw3
5309.410000000059,-0.5239999986086398,-2.5648999986060645,10.277799999491181,-0.06739999998355256,0.045000000092538836,-0.009900000004916676,52.024185,-0.735306,34.93000000020486,Vw3
5309.510000000059,1.829564357822341,-0.2069792065315279,9.417106930185957,-0.03957821780538985,0.20153465355757527,-0.018216831688068515,52.024185,-0.735306,35.27653465366952,Vw3
5309.61000000006,-1.7749530021921305,-0.6166240002617613,9.52195400006855,0.21849600015576465,0.11479199994664281,-0.05156400002009867,52.024185,-0.735306,35.61660000020338,Vw3
5309.71000000006,-0.026700002200244183,-1.2605999994656438,9.207400000604784,0.05880000009717185,0.26310000004207806,-0.1779999999762865,52.024185,-0.735306,36.11000000016047,Vw3
5309.81000000006,-3.692145546780445,-0.37040197965741106,10.214924753087107,0.22068118821712077,0.33319900994356055,-0.13849504948095953,52.024185,-0.735306,36.37732673283561,Vw3
5309.910000000061,3.6743210045417816,-3.29091000179718,8.689311999057862,0.0210329998765236,0.48319200009159,-0.35758300013465183,52.024185,-0.735306,36.81560000026724,Vw3
5310.010000000061,-1.6952070033400575,-0.8347089984749783,8.599648999954509,0.09295300004536984,0.08810599975669137,-0.1380399998639512,52.024185,-0.735306,37.17640000021865,Vw3
5310.1100000000615,-0.16313099901190586,-0.5091349998129333,9.595236000620309,0.046080999970352865,0.34427200016198056,-0.139067000002034,52.024185,-0.735306,37.457200000172584,Vw3
5310.210000000062,-1.5753730008893605,0.8793060008626679,10.738652000705718,0.08718000002589113,0.19731099990685355,0.019399000098694524,52.024185,-0.735306,37.59860000008631,Vw3
5310.310000000062,4.433712875080172,-1.2423554468893898,9.99270098962207,0.028886138576888903,0.42967524767202514,-0.38421386164130433,52.024185,-0.735306,37.75683168326707,Vw3
5310.410000000063,-1.7836161656623322,-1.6803707073227514,10.81614141467678,-0.03951414145704395,0.09535959574318775,-0.0962222220331731,52.024185,-0.735306,38.04707070725394,Vw3
5310.510000000063,0.6365010015700694,-1.65262099997992,10.393257999727386,0.0481080000557991,0.5450230002863145,-0.014791999950456408,52.024185,-0.735306,38.34700000018767,Vw3
5310.610000000063,-3.758849002833349,1.158508001801627,8.044084998497059,-0.25156400019265074,-0.022026000366391796,0.19964200013693686,52.024185,-0.735306,38.696500000222095,Vw3
5310.710000000064,2.684200001813686,-2.164000000253398,10.74659999850407,0.08920000001569554,0.49569999946641474,-0.14369999964083063,52.024185,-0.735306,39.02000000011346,Vw3
5310.810000000064,5.533011883021814,-2.5620198022363914,8.396897028190537,0.11385346536240334,-0.34241881242066013,0.42045841620471597,52.024185,-0.735306,39.1982178218969,Vw3
5310.910000000064,3.9308709989396955,-4.166731001040864,11.329243001922016,0.24903700008774182,-0.09052899983076063,-0.07503800032586144,52.024185,-0.735306,39.40790000013518,Vw3
5311.010000000065,5.0500290007384345,-2.4540629988758362,8.49552499813798,-0.0936250002236998,-0.3420330001652482,0.36401400028878195,52.024185,-0.735306,39.86540000029612,Vw3
5311.110000000065,-0.9053290039341562,-1.062182999093795,10.563123001382317,0.18950500018896943,-0.04651099980345863,0.04298799978537765,52.024185,-0.735306,40.46400000039164,Vw3
5311.2100000000655,2.7986770024822754,-0.6704169997508127,8.201864998428952,-0.19073000025264727,-0.07250700001912808,0.036729999998041496,52.024185,-0.735306,40.95510000031989,Vw3
5311.310000000066,-1.5511780029334044,-2.8488570014588923,10.822387001767972,0.0979450001955735,-0.06487999999470528,0.27786400016122403,52.02369791999968,-0.7360643400005069,41.36590000027135,Vw3
5311.410000000066,4.862599997373396,-1.8924999983881594,9.826899999661723,0.04759999991270292,0.2542999998777973,0.03519999999027111,52.023693,-0.736072,42.01000000033525,Vw3
5311.510000000067,0.9064613835198481,0.5352227738842585,9.317395049167684,-0.08388514860188809,0.07024059393756782,0.020546534643765484,52.023693,-0.736072,42.51495049538376,Vw3
5311.610000000067,5.023019002816649,-2.4166380020169624,10.070046000513534,0.1179480001376757,0.31461300016686133,-0.30164700021825497,52.023693,-0.736072,42.99520000032205,Vw3
5311.710000000067,1.8329469978093043,-3.0087230003809413,10.593193000349402,0.10871399999235032,0.12454499986948558,0.2783090003953009,52.023693,-0.736072,43.514800000348934,Vw3
5311.810000000068,2.9587980007957704,-1.7705639991456112,9.601964999315552,-0.0025770000763672835,0.24743900008575165,0.03412599982822462,52.023693,-0.736072,43.94570000029241,Vw3
5311.910000000068,2.012278999341712,0.3645600014581776,6.498248997874692,-0.3787120002576295,0.24572999999795964,0.06605200002366818,52.023693,-0.736072,44.46480000035366,Vw3
5312.010000000068,0.7114419991129872,-1.1868130010805071,10.753898002945057,-0.26944199992233026,-0.1902960002995249,0.18638800008243056,52.023693,-0.736072,44.95510000033326,Vw3
5312.110000000069,7.772346004924067,-1.8602580004577163,7.909369997989826,-0.35472700006016056,0.533247000506713,0.2307640000300458,52.023693,-0.736072,45.34610000026876,Vw3
5312.210000000069,-0.17510100558257413,-2.3873430003623204,12.020677002882504,0.13157900033916275,-0.06250800041986981,0.4528610001543153,52.023693,-0.736072,45.825200000330824,Vw3
5312.3100000000695,3.0971290023649374,-1.5920859994354202,10.419792998841444,-0.17901300022252242,0.49926400040049845,-0.508269000679437,52.023693,-0.736072,46.33490000035609,Vw3
5312.41000000007,1.6948069989869616,-0.9305999995391154,10.368648999975628,0.15489500023777455,-0.11414600043672307,-0.0683419996828275,52.023693,-0.736072,46.87460000037709,Vw3
5312.51000000007,4.807908002206101,-2.488596001103609,8.55749099872272,0.19631600002681512,0.25896800026759237,0.14825800014957802,52.023693,-0.736072,47.22650000024441,Vw3
5312.610000000071,-0.10842100353508499,-0.5902349986324085,8.409608999907412,0.1626439999756684,0.14657399991696135,0.19346500003076816,52.023693,-0.736072,47.60620000026878,Vw3
5312.710000000071,2.2801999982611125,-1.1448999995361469,11.080299998740207,0.18919999981400923,0.505899999662084,-0.3625999996292125,52.023693,-0.736072,48.06000000025286,Vw3
5312.810000000071,-0.17098812056798485,-0.4910386133929403,9.304458414569318,-0.07297821800961449,0.029563365995371904,0.1600732677011914,52.023693,-0.736072,48.41643564381972,Vw3
5312.910000000072,3.6620350027918422,-0.9338610003252193,10.538753000906157,0.10022400012725036,0.31764200021194067,-0.13665000021853246,52.023693,-0.736072,48.89520000034392,Vw3
5313.010000000072,2.645362999235996,-1.31341200027141,9.315285999105377,-0.14559900017919664,-0.10500100030802334,0.18670300023623,52.023693,-0.736072,49.24650000025078,Vw3
5313.110000000072,1.1016000002534339,-0.8072999997707714,8.588499998230862,0.09789999966934014,-0.12769999991167996,0.002100000129958688,52.023693,-0.736072,49.850000000194505,Vw3
5313.210000000073,1.4499168319359121,-0.4922504948209004,6.157014849720827,-0.356555445874314,-0.00631386129805904,0.18071386151574345,52.023693,-0.736072,50.11732673286724,Vw3
5313.310000000073,2.9220650010897775,-1.3894060006680444,12.447217004685491,0.06707500031771407,0.13775700010600261,0.020634999879893062,52.023693,-0.736072,50.377400000190995,Vw3
5313.4100000000735,-0.18001600231309745,0.1907470011793977,9.966204998111479,-0.27252600025523127,-0.10414200018058675,0.09364600005539561,52.023693,-0.736072,50.83540000033796,Vw3
5313.510000000074,-3.05794800211238,0.7055620003701367,8.81783999916686,-0.04681499982991927,0.07358000013371355,0.21498200008948523,52.023693,-0.736072,51.11720000020571,Vw3
5313.610000000074,3.7309999958992126,-2.1093999993091512,10.142899999522918,-0.040500000151003135,-0.22629999994085404,0.43939999957593595,52.023693,-0.736072,51.430000000324895,Vw3
5313.710000000075,-1.767613865476033,-1.1830633656476202,9.503197029227156,-0.24297524767535447,-0.14699306924794184,-0.12921386180907624,52.023693,-0.736072,51.86564356468047,Vw3
5313.810000000075,2.695265003435351,0.12121900098472294,9.34730999988633,-0.17916499994993954,-0.34182400014875103,-0.034513999923667216,52.023693,-0.736072,52.206600000255946,Vw3
5313.910000000075,-5.614799006354382,0.7340420004560946,10.884854001170426,0.000987000136497107,-0.48764700010939344,0.622078000498557,52.023693,-0.736072,52.665400000346324,Vw3
5314.010000000076,2.228299999629361,-1.6008999997964812,11.700299997883345,-0.23689999989050495,0.10689999976546383,0.09460000002055369,52.023693,-0.736072,52.860000000179376,Vw3
5314.110000000076,1.7373099006160113,-1.331296039398548,8.896339601824046,-0.09185049493899106,-0.20379306954364906,0.12182772279302215,52.023693,-0.736072,53.097623762557284,Vw3
5314.210000000076,0.7756639992636277,-0.7817239995790852,8.977002000083665,-0.1136650000179064,0.02733400018028323,0.07655999996494917,52.023693,-0.736072,53.42670000025145,Vw3
5314.310000000077,0.306699999959305,0.47499999927233216,9.931399999850381,-0.01160000005158726,0.05489999982965614,0.0120000000290462,52.023693,-0.736072,53.65000000003025,Vw3
5314.410000000077,0.2534326732262577,-0.47747524825911036,9.735558415690589,-0.07912475252730906,-0.16807029720161296,0.05001980200951127,52.023693,-0.736072,53.689603960426574,Vw3
5314.5100000000775,2.774628001964069,-0.7601410002127381,9.702612999975864,0.07355100011943867,0.2111470002970931,-0.05681700008350686,52.023693,-0.736072,53.72960000003084,Vw3
5314.610000000078,-2.901310004492444,-0.7339919999772219,9.217793999618232,-0.18348800020375522,-0.09605800024509911,-0.0007769999549897544,52.023693,-0.736072,53.6903999999688,Vw3
5314.710000000078,0.41907900266199904,-0.7658750000253554,11.683247001946745,0.17475500028436997,0.043954000112811795,-0.1150400000904991,52.023693,-0.736072,53.73950000003901,Vw3
5314.810000000079,0.9767120004173122,-1.9161840009166982,11.804527000076787,-0.2935330003761966,-0.028652000059029813,0.09773900017053935,52.023693,-0.736072,53.858800000094696,Vw3
5314.910000000079,0.42939999893559655,-0.6726999995302286,9.650600000044786,-0.17839999993487926,-0.03480000022804124,0.01970000030740466,52.023693,-0.736072,54.010000000055385,Vw3
5315.010000000079,-0.9157999972166436,-0.07900000021097665,9.707200000152298,-0.09609999993897111,-0.32299999958588094,0.4081999995366818,52.023693,-0.736072,54.07999999999216,Vw3
5315.11000000008,2.6018237651843013,-0.34563366357918607,9.899675247678402,-0.018971287067142253,0.2003663370514584,-0.17734455492287649,52.023693,-0.736072,54.070099009893084,Vw3
5315.21000000008,-2.163213003870981,0.8347500009540336,8.92021299920859,0.010213000022912776,-0.3010820004085979,0.14062900026114175,52.023693,-0.736072,54.07990000000798,Vw3
5315.31000000008,-0.2457579983967475,0.0017349993109194717,10.810506001549644,0.16266300012409102,0.2596840004614862,-0.1560700002446296,52.023693,-0.736072,54.21860000011303,Vw3
5315.410000000081,-1.7497999979359018,-0.44790000014313647,9.78590000085409,-0.014599999806773798,0.08549999985165421,-0.10390000004199525,52.023693,-0.736072,54.310000000176316,Vw3
5315.510000000081,0.8002000020590461,-0.624731683311103,10.841048515703484,0.22411287147988201,-0.09776732688065597,-0.15578118816070435,52.023693,-0.736072,54.5278217823541,Vw3
5315.6100000000815,-1.3982999977960062,0.5788999997170751,8.175400001228548,0.05770000002917587,0.21179999962411752,-0.06989999995891065,52.023693,-0.736072,54.600000000024316,Vw3
5315.710000000082,1.294274259624402,0.23325643536132423,9.676291090334484,0.0933435643855409,-0.24740792116705196,-0.01970198015702989,52.023693,-0.736072,54.62970297032129,Vw3
5315.810000000082,0.6164189994122921,0.08466599987897461,9.101853999508469,-0.002825000080490969,-0.0884519998636194,0.05851500006480555,52.023693,-0.736072,54.58049999995872,Vw3
5315.910000000083,2.9861910019822773,-2.2466660019430593,10.373396001065405,0.0036250000061922943,-0.021162999945260122,-0.21196000022622521,52.023693,-0.736072,54.708700000107335,Vw3
5316.010000000083,-5.512116007107433,0.0018500018948421904,10.36818299998489,-0.15212600012995564,-0.44501200035403415,0.3270280004517898,52.023693,-0.736072,54.769400000049544,Vw3
5316.110000000083,2.242798006610542,-0.24418300022677258,10.338893999975461,-0.026682999892915282,0.18053800053100005,-0.057263000328599045,52.023693,-0.736072,54.898700000108505,Vw3
5316.210000000084,-0.1436823550324675,0.4816235300296686,9.62735294057322,-0.07548235298365427,-0.10922647083939774,0.0969088236635132,52.023693,-0.736072,54.97764705888938,Vw3
5316.310000000084,0.9663857153163414,-1.3379142873162782,9.752586734821564,-0.06096530610850064,0.16339693902046712,-0.0640908164707495,52.023693,-0.736072,55.108673469499685,Vw3
5316.410000000084,-0.956800000993306,0.221400000014488,8.44570000175673,-0.16569999986650957,-0.11079999954660158,-0.04530000016129393,52.023693,-0.736072,55.26000000014236,Vw3
5316.510000000085,-2.131156436634544,0.23852871288574118,10.522630694821924,-0.007878217688604416,0.42523960441273245,-0.23599306946784684,52.023693,-0.736072,55.4283168318252,Vw3
5316.610000000085,-2.849463000608667,0.8338880005127233,8.887822998573807,-0.1304460001069453,-0.06509300042701355,0.029004000229923832,52.023693,-0.736072,55.51910000007676,Vw3
5316.7100000000855,0.3077370027262014,-1.925269002382302,11.69121400242964,0.045510000152673424,0.31639600033298154,-0.04453000006567515,52.023693,-0.736072,55.69820000015353,Vw3
5316.810000000086,1.2138700007610823,1.0770910026382758,8.01502099677458,-0.2893000002930556,0.4459310001093787,-0.3029970002243599,52.023693,-0.736072,55.87820000015515,Vw3
5316.910000000086,-2.552299998716631,-2.339099998451865,11.893299998014037,0.04599999987544425,-0.030099999803071882,-0.2694999996648287,52.023693,-0.736072,55.970000000128316,Vw3
5317.010000000087,-1.066953464066108,-0.5473178202375923,9.594785146533443,-0.09815841596585433,0.1978207922756845,0.11842079241361075,52.023693,-0.736072,56.11851485161317,Vw3
5317.110000000087,3.4600000005632023,-0.44250000026608394,9.146099999523246,0.0053999998863221675,-0.46769999961012393,0.313899999773163,52.023693,-0.736072,56.37000000009509,Vw3
5317.210000000087,4.10504950551242,-0.747252475513005,8.600060395563931,-0.12479801991540009,-0.021165346145661956,0.05409801957565785,52.023693,-0.736072,56.47891089118398,Vw3
5317.310000000088,0.8070779970623421,0.28128000091708305,9.911795001170997,0.11744000021650902,-0.327164000276005,0.1445600000827311,52.023693,-0.736072,56.66810000016722,Vw3
5317.410000000088,-2.173199998613795,-1.1176999992019057,11.523099999154738,0.13260000003991781,-0.25630000003581244,0.05730000015329488,52.023693,-0.736072,56.83000000016596,Vw3
5317.510000000088,-0.6019128699040366,-0.21304653385716332,10.564981187275448,0.17784752479230342,-0.2968940594416727,0.23106237639057442,52.023693,-0.736072,57.01811881204678,Vw3
5317.610000000089,-1.9674999942721754,1.3540999979944761,8.820300000830061,-0.13379999999073397,-0.4899999996423308,0.13139999996470078,52.023693,-0.736072,57.1300000000353,Vw3
5317.710000000089,4.45883663937846,-0.8959990119020567,9.751587129541086,-0.12340396038679416,-0.08871287093025454,0.09179603956873965,52.023693,-0.736072,57.16960396043126,Vw3
5317.8100000000895,-2.918136006752041,0.8584510016123729,9.205905999496409,0.026784000136183497,-0.5341600004078317,0.30593300019466335,52.023693,-0.736072,57.31850000013475,Vw3
5317.91000000009,-1.433950998584932,-1.396145002062275,12.87300200333288,-0.3231500003189316,-0.17635999967118599,0.22979099992893665,52.023693,-0.736072,57.35960000003593,Vw3
5318.01000000009,-0.03059999980902521,0.1380999999698366,8.774000002220836,-0.5014999996457827,-0.25989999975680206,0.23929999973807373,52.023693,-0.736072,57.530000000063026,Vw3
5318.110000000091,0.18150000035137112,0.10459999907609746,11.240499999285461,-0.10809999981125734,0.010200000099233978,-0.05159999994507012,52.023693,-0.736072,57.59999999993697,Vw3
5318.210000000091,0.5678366340139721,-0.9112415850803057,10.454856434930582,0.09942475266357909,0.11930891099010692,0.00879603965877062,52.023693,-0.736072,57.53069306924404,Vw3
5318.310000000091,-1.850137002242029,0.5750840013853782,7.99506699773011,0.17198800006525464,-0.13195100023361533,-0.1169240001169451,52.023693,-0.736072,57.46069999993585,Vw3
5318.410000000092,-1.1368519993169581,-0.18348500071631413,10.45242800229807,0.2663540000867093,0.1903190003007328,-0.021476999910449282,52.023693,-0.736072,57.46,Vw3
5318.510000000092,-2.3127470010955986,1.1648020012555433,7.963790997672689,-0.16275600039816623,-0.19022300035536144,0.18373700018909225,52.023693,-0.736072,57.301599999853345,Vw3
5318.610000000092,-1.0574009988151487,0.497874999363655,9.733468001678284,0.009219000164848085,-0.16321199997112149,-0.07278800024176482,52.023693,-0.736072,57.36930000006479,Vw3
5318.710000000093,1.8627330027184552,-0.5785960010001087,10.43074000063502,0.0007039999903728899,-0.05102999989539775,0.05993300012654096,52.023693,-0.736072,57.26109999989817,Vw3
5318.810000000093,-2.5756710042181528,0.632755001153872,9.661439999267206,-0.1248330001184249,-0.24809800018712447,0.16020100009337532,52.023693,-0.736072,57.36890000010281,Vw3
5318.9100000000935,0.7865820032173212,-1.6748660021905601,11.091179001357393,-0.20985400007908228,-0.09318499985183762,0.10942299995111107,52.023693,-0.736072,57.45910000008413,Vw3
5319.010000000094,-0.22661800098918294,-0.557423998922761,9.637628998613817,0.09125000028510749,-0.11615200002318252,-0.015345000117314739,52.023693,-0.736072,57.509500000046735,Vw3
5319.110000000094,-1.0517720007765445,-0.8517110002915345,10.4540040007924,-0.09429500017979059,0.1412970002456666,-0.07372300005445626,52.023693,-0.736072,57.47039999996225,Vw3
5319.210000000095,-0.30499999991449295,0.0039000004737885317,10.13049999944846,-0.049800000075386194,0.018199999962732544,-0.0541999998304047,52.023693,-0.736072,57.480000000028376,Vw3
5319.310000000095,-0.2146000009710666,0.5048000006632359,9.54739999978788,-0.1294999998125108,-0.02120000003998895,0.1250999998157886,52.023693,-0.736072,57.51000000002809,Vw3
5319.410000000095,-1.2412336643446142,1.2059881194800424,9.32314257404373,0.06871782197105963,-0.06347722776305818,-0.06965247543310404,52.023693,-0.736072,57.53970297032533,Vw3
5319.510000000096,-1.8504500005765459,0.04767099887826065,10.462172001098581,-0.11116300017506033,0.2512170003033299,-0.18614300011025844,52.023693,-0.736072,57.520199999980946,Vw3
5319.610000000096,-3.091129001199676,0.3980420003518896,10.507756000033092,-0.07003399995825038,-0.06606300031139051,0.17820800035516024,52.023693,-0.736072,57.4704999999519,Vw3
5319.710000000096,-0.8683779978278534,0.8276970004139759,9.236840998764615,-0.028514999960074366,0.09900000016355079,0.14041899995968954,52.023693,-0.736072,57.4204999999519,Vw3
5319.810000000097,2.268938003055172,1.3906570005479735,9.002536999782771,-0.1289810000989518,0.1977200000951646,-0.27134500040347853,52.023693,-0.736072,57.27149999985434,Vw3
5319.910000000097,-4.237263006413239,1.1643429997724575,10.489953001461302,-0.06555099993677758,0.32829100012712464,-0.40657600012858136,52.023693,-0.736072,57.14129999987375,Vw3
5320.0100000000975,0.34326500455813225,-0.9114560020339941,10.360558999858307,0.1302290001914153,0.29673199996775756,-0.004771999604544275,52.023693,-0.736072,56.95189999981548,Vw3
5320.110000000098,-4.657699991499319,1.9015999985813719,8.534300002033946,-0.0492999998643322,0.039000000442597944,0.06969999954670424,52.023693,-0.736072,57.02999999991248,Vw3
5320.210000000098,3.996557434226112,0.45734257284165913,10.604993071336775,0.0888188120165823,0.4895940598476458,-0.39178514896723304,52.023693,-0.736072,56.940891089021555,Vw3
5320.310000000099,0.3253569962450755,-0.752624001194627,10.51046399988485,-0.08116900017124046,-0.3626460008561033,0.2704640006663638,52.022808929999115,-0.7373401900012673,56.91029999997032,Vw3
5320.410000000099,4.692699996085741,-0.5686000003051589,9.092300001257247,-0.1005999998351023,0.15969999935091164,-0.13469999959668771,52.0228,-0.737353,56.990000000098156,Vw3
5320.510000000099,0.7442841545094048,-0.8764217824827668,10.360517823036913,0.06573663382793449,-0.49505247589531604,0.2721316835708231,52.0228,-0.737353,57.08900990108806,Vw3
5320.6100000001,-5.746733006505963,0.16613800105445975,10.265586999891479,-0.04862800011700688,-0.32092499981780065,0.3622310000867568,52.0228,-0.737353,57.11970000002995,Vw3
5320.7100000001,-1.8221009959761747,-0.4174980005992657,10.438641000175627,0.05741700010813143,-0.5302670002129679,0.48764200012560416,52.0228,-0.737353,57.25860000013978,Vw3
5320.8100000001,-2.532616000764048,0.3410770007780515,10.472377000032541,-0.029115000089159078,-0.7295090002005828,0.23001499973655254,52.0228,-0.737353,57.477800000221634,Vw3
5320.910000000101,6.978056009686876,0.2435629998928987,9.19223399869685,-0.20651700017964408,-0.2823369995428799,0.16205999993350245,52.0228,-0.737353,57.65820000018135,Vw3
5321.010000000101,-4.858171012143759,2.411689002207617,7.888042998685868,-0.14830599993894317,-0.5695530002969216,0.6284820004753565,52.0228,-0.737353,57.82830000017128,Vw3
5321.1100000001015,0.1182160052335659,-1.241478003773608,12.345741004590604,-0.312040000168746,0.17247500076494804,0.09285799944517126,52.0228,-0.737353,58.018100000193144,Vw3
5321.210000000102,-4.573885004871198,0.8712840022077204,10.149341997698139,-0.3843860000725876,-0.35529300054969354,0.16768900008244897,52.0228,-0.737353,58.218000000203325,Vw3
5321.310000000102,0.9919950058158751,-0.2175820011505596,10.803563000701228,-0.16096399976779577,0.031241000406049768,0.10405099993323103,52.0228,-0.737353,58.259600000041026,Vw3
5321.410000000103,-0.6521999988228941,0.4056999986997702,10.029500000390437,-0.1187999999931824,-0.12869999915329375,0.2142999994833881,52.0228,-0.737353,58.15000000007123,Vw3
5321.510000000103,0.49314653582830215,-0.8594485161492087,10.409400990488692,-0.1121663366268589,0.695161386983688,-0.2883732678423488,52.0228,-0.737353,58.21930693076416,Vw3
5321.610000000103,4.524297004201323,-1.6848900008495151,8.29054099778143,-0.14219600003145583,0.5289619998176802,-0.3446820000535991,52.0228,-0.737353,58.31900000010347,Vw3
5321.710000000104,-6.2181999934896695,1.5373000005632727,9.165399999226489,-0.0197000001785185,0.27850000000041064,0.22039999929188003,52.0228,-0.737353,58.320000000030795,Vw3
5321.810000000104,0.060908917445523514,2.0805673272997613,8.419360395260851,-0.19187821800151003,0.27889603960437376,-0.46257029774261993,52.0228,-0.737353,58.34970297032804,Vw3
5321.910000000104,1.1468650010788892,-0.15842900236666635,12.142715003934006,-0.02371599982086367,-0.13818700043980275,0.14242000064514132,52.0228,-0.737353,58.27079999991649,Vw3
5322.010000000105,1.2500620000979195,-1.3662290012496745,10.038138997741067,0.040172000065558044,0.041938000194377545,-0.22760000039668887,52.0228,-0.737353,58.250199999979124,Vw3
5322.110000000105,-1.1972700026038763,-0.0651629986035096,9.707322999671172,-0.034935000080548534,-0.10697700016035999,-0.007362999761723749,52.0228,-0.737353,58.49750000026323,Vw3
5322.2100000001055,-1.4604910002536708,-0.5545230005346147,10.735285001096713,0.1311150001774327,-0.04791199993555561,-0.022524000018533028,52.0228,-0.737353,58.65840000016848,Vw3
5322.310000000106,-0.8610789993543999,0.7689800014252269,8.04438599710218,0.14854100001688608,-0.056705000010089164,-0.07675400005798612,52.0228,-0.737353,58.44219999976635,Vw3
5322.410000000106,-0.27339999955507605,0.5518000004023595,9.177800000617498,0.12599999990802307,-0.19559999965927446,-0.05899999985376406,52.0228,-0.737353,58.300000000105356,Vw3
5322.510000000107,0.14471881232528372,0.9299188122827986,9.75809703031932,0.03956435634383787,0.12459802014207139,0.0784257427202211,52.0228,-0.737353,58.39900990109526,Vw3
5322.610000000107,0.11899999858283976,0.7434999994017687,9.718599999790886,0.009700000047072204,-0.12079999979513498,-0.1868999999569656,52.0228,-0.737353,58.48000000002125,Vw3
5322.710000000107,-1.2014950509194946,0.18607425682861545,9.523748514642756,0.05356138618559918,0.07009108931339773,-0.14680099005605493,52.0228,-0.737353,58.49980198021923,Vw3
5322.810000000108,1.6611029734289142,-1.422221783923657,10.671082179469444,-0.039804950597207504,-0.08483168333911388,0.07590891113319392,52.0228,-0.737353,58.45099009895653,Vw3
5322.910000000108,-1.6585333370566901,-0.3796686856837641,11.010473737722263,-0.035661616154959906,0.26420606099430577,-0.2829919195924948,52.0228,-0.737353,58.4697979798198,Vw3
5323.010000000108,1.6959680036980753,1.7136660022722983,8.307435997046897,-0.19073300016928266,0.2861150000199855,-0.0703849997639549,52.0228,-0.737353,58.41059999993518,Vw3
5323.110000000109,-1.6397600037079836,-0.3896420023374241,10.458001002396355,0.05826900027570228,-0.27453500061708946,0.11584100020250122,52.0228,-0.737353,58.291199999869285,Vw3
5323.210000000109,-0.07831599824433466,-0.6642430002785578,11.073802000653417,0.12069500006590828,0.012444000322024529,0.014739999886703159,52.0228,-0.737353,58.091999999782125,Vw3
5323.3100000001095,1.7557117667153839,1.1561588255444923,8.82298823279946,0.11693235293634852,-0.22171470614445718,0.08843529420025871,52.0228,-0.737353,58.041470588181646,Vw3
5323.41000000011,-3.004417177160087,0.935684848173192,9.459466667463419,0.07104343429171309,-0.6060242428505275,0.1518393940085033,52.0228,-0.737353,57.95181818171851,Vw3
5323.51000000011,8.586710114113707,1.0071131313995663,7.026969694226857,0.12137676773424304,-0.014515150843422031,-0.057649495185720934,52.0228,-0.737353,57.851010100899146,Vw3
5323.610000000111,1.8744059923576426,-0.44928100163011697,9.867852003205968,0.12665200000531596,-0.5308230005844233,0.35491100046392826,52.0228,-0.737353,57.6519999997785,Vw3
5323.710000000111,0.295600000434715,-0.4232999981946746,11.135899997413022,-0.18290000003867063,0.9191999992142831,-0.6188999993060159,52.0228,-0.737353,57.48999999978028,Vw3
5323.810000000111,0.6873821786552887,1.2037297047870503,8.804414848881795,-0.21775148518743026,0.2110811873281212,0.006545545252832574,52.0228,-0.737353,57.29198019779869,Vw3
5323.910000000112,-4.881212006285555,2.246234001157548,10.269763001679149,0.08226600033880002,0.6574200005114383,-0.31528600037006693,52.0228,-0.737353,57.12169999981016,Vw3
5324.010000000112,1.6099640073852584,0.8386229984005826,7.594969996965987,-0.022412000121494524,0.5844829999125641,-0.34434000002903364,52.0228,-0.737353,56.87249999972083,Vw3
5324.110000000112,-1.718115003859399,1.8310310011447055,9.841137002584903,0.17093600022108385,0.14384299949985957,-0.11234599973591508,52.0228,-0.737353,56.68189999978612,Vw3
5324.210000000113,2.026133004296736,-0.008219002103055706,10.14337900031758,0.09686799991354068,0.36809000026005345,-0.31631600023461104,52.0228,-0.737353,56.60079999990994,Vw3
5324.310000000113,-1.6643370042739085,1.1861470013904416,9.785641999586714,0.06214299996107716,-0.12925300057272177,-0.07664199972288754,52.0228,-0.737353,56.34259999970496,Vw3
5324.4100000001135,-2.563795000987902,1.4953010003403469,11.398274001852785,0.22307100018486992,0.18111400036156874,0.07489400017091104,52.0228,-0.737353,56.08259999970493,Vw3
5324.510000000114,0.051198003007626,3.036166001762903,6.941086994871874,-0.37811100069102077,-0.08042600030346356,0.1332260000651414,52.0228,-0.737353,55.98099999988651,Vw3
5324.610000000114,0.257800002092529,2.6097999973917876,9.366299998093575,-0.08919999992688754,0.0458999999031661,0.06890000045574962,52.0228,-0.737353,55.81999999965621,Vw3
5324.710000000115,2.0837999999257963,0.33380000010404437,7.7027000023083785,-0.025399999830828583,-0.038599999627618654,0.46659999879662506,52.0228,-0.737353,55.51999999986385,Vw3
5324.810000000115,2.019047524677817,0.4245920793126029,9.717056437966091,0.12222376254644593,0.28635049542416874,-0.5834990111117407,52.0228,-0.737353,55.40118811867489,Vw3
5324.910000000115,-1.2473130038035904,2.0144500018506575,8.908866999035236,-0.03529400018518103,0.22198299992124618,-0.3040289996622695,52.0228,-0.737353,55.07329999961949,Vw3
5325.010000000116,3.7371190058438093,1.0251549988290702,11.032366002482995,-0.04848300001349077,-0.024616000286419443,0.0933160004593781,52.0228,-0.737353,54.88189999978092,Vw3
5325.110000000116,-0.9264810055336197,1.8156130009397593,9.881739998624118,0.17543700026297449,-0.28826200030655175,0.09086499999244661,52.0228,-0.737353,54.71169999980245,Vw3
5325.210000000116,0.42090000255042687,0.8147999992580851,8.107900001499198,0.08949999988044147,0.33969999965168535,-0.31619999958660916,52.0228,-0.737353,54.49999999989522,Vw3
5325.310000000117,2.6116999986219622,0.17750000111815775,9.395699998835733,-0.013200000140040784,0.04050000012292088,0.03889999988004656,52.0228,-0.737353,54.40999999981739,Vw3
5325.410000000117,1.427974508419973,1.1379901972013853,8.395601959615053,-0.13349411778770026,0.14608823541756574,-0.06413921580674245,52.0228,-0.737353,54.25313725471857,Vw3
5325.5100000001175,-0.04520909264144235,0.978325252311474,8.554078788092093,-0.1274858585758026,0.10098181812538634,0.032888889007312946,52.0228,-0.737353,53.87383838338882,Vw3
5325.610000000118,-2.2281000025847506,0.8636399998654514,10.635593002479354,-0.05047699990829446,0.23860500016464506,-0.2115210002925843,52.0228,-0.737353,53.68189999977575,Vw3
5325.710000000118,0.13790000021188525,1.1724999985162181,8.428800002358951,-0.1545999998194878,-0.04040000022827416,-0.03189999968427927,52.0228,-0.737353,53.43999999971904,Vw3
5325.810000000119,0.3171079210052232,-0.08245049654210157,10.423948517224447,-0.0019267324916827921,-0.23346930716032332,0.23512970328789334,52.0228,-0.737353,53.20237623734114,Vw3
5325.910000000119,-1.6295999971066928,1.0205999992688581,8.873700002024028,-0.2648999997854232,-0.0813000001882708,0.23419999999221436,52.0228,-0.737353,53.04999999992922,Vw3
5326.010000000119,0.7988158444726547,0.4069366329334403,10.572511883208781,-0.0848009898847899,-0.2393198021681558,0.22766534652688078,52.0228,-0.737353,52.99059405933528,Vw3
5326.11000000012,0.8476520000297213,0.7772970004557672,10.612567000027923,-0.026074999931089624,-0.058937999779726497,-0.03920500032297994,52.0228,-0.737353,52.6731999996165,Vw3
5326.21000000012,2.4027940018824143,1.241054000556838,7.85475899666101,-0.24132000026128,-0.07561300002241256,-0.11644700009024947,52.0228,-0.737353,52.46209999974831,Vw3
5326.31000000012,-2.201099991461001,1.1406999989916713,9.512900001894941,-0.08980000000475459,-0.13370000039736454,0.2596999998860088,52.0228,-0.737353,52.19999999977416,Vw3
5326.410000000121,4.911573275915689,0.3007990088867619,11.091315843490186,-0.09376039604438635,-0.4646900994095904,0.16474950483583695,52.0228,-0.737353,52.011881187891646,Vw3
5326.510000000121,2.3861279968326357,0.5335640002941779,9.983449998629343,-0.17458400009854236,-0.5814540001383941,0.5491080004700085,52.0228,-0.737353,51.742699999673945,Vw3
5326.6100000001215,3.0085480007971364,-1.0172110019087723,12.250882002800441,0.2358460005053885,0.09178800082876915,8.499932051164727e-05,52.0228,-0.737353,51.522199999732344,Vw3
5326.710000000122,-3.0604310074669017,1.2993420028663534,9.69029699682472,0.0018059997072567002,-0.4940140007283298,0.15379100019577058,52.0228,-0.737353,51.24279999965932,Vw3
5326.810000000122,2.424477006866885,0.4862509989641389,9.323441999578105,0.2800650003474933,0.13300600078372915,0.005018999813812208,52.0228,-0.737353,50.99249999969357,Vw3
5326.910000000123,1.4280999939638772,-0.345599997427904,10.625299999213953,0.0927999998119372,-0.06369999967614785,0.034600000122781784,52.0228,-0.737353,50.7999999997204,Vw3
5327.010000000123,-3.48803861988777,1.7492514877164607,9.98510197941324,-0.060368317019442536,0.20006237656095335,0.1346000001225837,52.0228,-0.737353,50.57227722744362,Vw3
5327.110000000123,6.8862130130010595,0.3378679982134609,10.014439000044577,-0.005568999929738687,-0.48525100085807715,0.5024940004576246,52.0228,-0.737353,50.302699999666594,Vw3
5327.210000000124,3.8509999963962973,0.23820000068826236,9.593199998939316,-0.0741000000671117,-0.043500000226440766,0.04330000028779654,52.0228,-0.737353,49.93999999957136,Vw3
5327.310000000124,0.9375346498411803,0.7946356442565271,8.735675246458046,-0.12835742581006704,-0.22656930715841966,0.2759732676161635,52.0228,-0.737353,49.59346534610359,Vw3
5327.4100000001245,-0.7068840020297217,1.696645001126448,8.523357999743984,-0.12711799999776077,0.05840300036038881,-0.06869500043602439,52.0228,-0.737353,49.38209999973876,Vw3
5327.510000000125,2.5860730041583415,1.2769309994612206,9.438634001152698,-0.10442899997151224,0.1322830000891953,-0.2548550002295193,52.0228,-0.737353,48.884999999377996,Vw3
5327.610000000125,-0.25308400363573647,2.6728560017722582,8.74272299910748,-0.1510270000592674,-0.06351500024872264,0.08475100043216344,52.0228,-0.737353,48.34539999932338,Vw3
5327.710000000126,-0.17180000034552978,2.2725000012912497,9.465799998454592,0.15599999967718758,0.3251999996224651,-0.14709999991214281,52.0228,-0.737353,47.859999999723875,Vw3
5327.810000000126,-0.44709999463636213,3.3012999980733553,8.234500002043209,-0.10119999967441891,0.0244000003129058,-0.07710000027500419,52.0228,-0.737353,47.63999999941594,Vw3
5327.910000000126,3.826365351928308,1.7662504931120782,9.86242079413385,0.1582059409214625,0.2737069310077262,-0.29620891116763226,52.0228,-0.737353,47.17465346475921,Vw3
5328.010000000127,-0.04499999639170728,1.6974999999314606,9.433300000669776,-0.05439999990035148,-0.020799999715803413,0.23919999957128826,52.0228,-0.737353,46.76999999926875,Vw3
5328.110000000127,2.8092156898970546,1.6432843136566802,9.963103922241048,0.024423529511806825,0.20400392185394656,-0.09991764748922857,52.0228,-0.737353,46.191568626716844,Vw3
5328.210000000127,0.2152515117125331,4.141694952737335,8.98083131184335,-0.1644565659036289,-0.10698080849005473,0.06841313154029084,52.0228,-0.737353,45.6355555548493,Vw3
5328.310000000128,-0.6477999969026212,2.6256000010927623,10.837999996159068,-0.14740000000340386,0.3885999998451878,-0.14359999982337793,52.0228,-0.737353,44.99999999858803,Vw3
5328.410000000128,1.7847742605402073,3.4838178228809684,7.821465342672534,-0.1500732673301553,0.2670158414284922,-0.004887128535274926,52.0228,-0.737353,43.89108910749113,Vw3
5328.5100000001285,1.2912309993302298,4.225792000948511,9.678636002440928,0.032060000235591135,0.1644239998688884,-0.2268440002888552,52.0228,-0.737353,42.90979999874522,Vw3
5328.610000000129,-0.3644290021495431,2.7923539981234207,11.018756001720563,0.09805200008355251,0.006781999796018401,0.1374970004774613,52.0228,-0.737353,41.58329999828511,Vw3
5328.710000000129,-1.6631500016698786,3.1086580004309448,10.035169998701493,0.14839800006473197,0.44753200057614034,-0.09590500030883084,52.0228,-0.737353,40.2334999982592,Vw3
5328.81000000013,1.9444290047486916,3.1173460000070117,8.832545998435844,0.08474799991585813,0.44556499999155985,-0.33065300030475453,52.0228,-0.737353,39.1705999986236,Vw3
5328.91000000013,1.2834459990850229,2.5741869992874715,9.3636140007124,0.03816399993974605,0.3365009998570267,-0.1873709998089794,52.0228,-0.737353,38.150199998675454,Vw3
5329.01000000013,2.70209900187008,4.044097001935269,9.244755999836897,-0.0419950001045354,0.3998490000845374,-0.18946400000467487,52.0228,-0.737353,36.95199999844171,Vw3
5329.110000000131,1.3379249981791943,4.549644000648037,10.279535001368382,-0.009238999955673018,0.13785299965309888,-0.07109599984361337,52.0228,-0.737353,35.53419999814324,Vw3
5329.210000000131,1.3234999995393881,3.3360999986664917,9.877099999332199,-0.03569999992953963,0.12300000004505272,0.061699999848601875,52.02279999999885,-0.7373530000017563,34.16999999836291,Vw3
5329.310000000131,0.9718000008208144,2.317899998716391,9.367200001041644,0.018099999969786767,0.15739999997860438,-0.05389999996019115,52.021927,-0.738694,32.9199999988589,Vw3
5329.410000000132,1.5985326740925432,1.3378009888085174,10.162546535700695,-0.004969306961068339,0.14106336631512328,-0.02350396035601725,52.021927,-0.738694,32.04871287013991,Vw3
5329.510000000132,-1.9540999973674271,2.8133999991199516,9.849200000013319,0.015700000004047702,0.30859999976849756,-0.11229999993406163,52.021927,-0.738694,30.799999998811803,Vw3
5329.6100000001325,0.04213762640897034,2.146073266441997,9.85929900991438,0.01876930693476233,0.13305544531181904,-0.062299999933710444,52.021927,-0.738694,29.899009899795576,Vw3
5329.710000000133,2.0307999976196744,1.6648999997562046,9.965599999872392,0.1048999997839568,0.06479999983640737,0.03040000007449307,52.021927,-0.738694,29.11999999912361,Vw3
5329.810000000133,0.23820000048605017,1.4812999997392922,9.869499999171467,-0.05779999983829004,-0.05839999970931649,0.08649999974691733,52.021927,-0.738694,28.459999999368936,Vw3
5329.910000000134,0.6042396044490173,1.2849633660745465,9.24553960312748,0.06398217838038711,0.16051089138133,-0.10409405966036195,52.021927,-0.738694,27.984752474613124,Vw3
5330.010000000134,-0.9785750021392675,1.6390040004800503,8.758852999352145,-0.07241000018555895,0.19378600004191762,-0.13609600004058267,52.021927,-0.738694,27.65329999955946,Vw3
5330.110000000134,1.3580360031937868,1.2857049995155023,10.468086002326933,-0.04192199995672447,0.3023070001468949,-0.05125999988441941,52.021927,-0.738694,27.253999999462415,Vw3
5330.210000000135,-0.6300780027313813,2.6634470018753547,9.919713999232009,-0.11357300009771253,-0.015281000432650127,-0.005651999939248878,52.021927,-0.738694,26.547099999045724,Vw3
5330.310000000135,1.4206800028305917,0.8860939975517819,10.461272000747968,0.003312000160742984,0.1837570002764292,-0.010051000006629972,52.021927,-0.738694,26.064799999350534,Vw3
5330.410000000135,0.4578369986553785,0.7749399998728043,9.892995999215717,0.05568300006995766,-0.056354000330979565,0.10394800015588244,52.021927,-0.738694,25.604599999377555,Vw3
5330.510000000136,0.5247240001050041,-0.19986300133108992,9.42952299937444,0.05115099999309895,0.0838590001949884,-0.03458900019092892,52.021927,-0.738694,25.33269999963465,Vw3
5330.610000000136,0.705086000247094,0.6078420011248636,9.76724200047103,-0.07987700018021246,-0.048944000184707584,0.07903800015828186,52.021927,-0.738694,25.359700000040863,Vw3
5330.7100000001365,-0.7862180020545323,0.824099000286207,10.16739300054585,-0.06090499997207405,0.12166300023662129,0.04178799994714504,52.021927,-0.738694,25.23129999982291,Vw3
5330.810000000137,-0.16522499911897492,0.41723099943353864,9.01280299839523,-0.21415000021254302,-0.09034100029605181,0.07991100005334144,52.021927,-0.738694,24.95279999961605,Vw3
5330.910000000137,-1.262947001529451,1.048878000880672,9.705188000975294,-0.06927899979717939,0.0047180001346652095,0.13385900007418927,52.021927,-0.738694,24.732199999698306,Vw3
5331.010000000138,2.056359004613312,-0.48375400213187914,9.610725999859302,-0.1384860000979134,-0.14824500021324274,0.19558200008474858,52.021927,-0.738694,24.660699999904008,Vw3
5331.110000000138,-1.7116990053006438,0.5505950014638505,8.206374998043367,-0.1467240000104906,-0.1687090000263645,0.05344199980095493,52.021927,-0.738694,24.43229999968252,Vw3
5331.210000000138,1.149399996652441,0.9506000006070259,10.256599998584667,-0.10890000012151577,-0.0707000002528468,0.07710000024787005,52.021927,-0.738694,24.379999999861756,Vw3
5331.310000000139,-1.2720999942145224,1.389699997474988,9.232800002750624,-0.196799999843094,-0.25359999943306466,0.25639999953384396,52.021927,-0.738694,24.27999999973734,Vw3
5331.410000000139,2.9128999974401415,-0.43679999908613887,11.222499997515229,-0.08330000006530532,0.15649999989818433,-0.08079999975503616,52.021927,-0.738694,24.089999999862226,Vw3
5331.510000000139,1.0732960370477462,0.21993267417988688,9.436856433162331,-0.1302306931345193,0.08333168306664611,0.09523960420501114,52.021927,-0.738694,23.99099009887232,Vw3
5331.61000000014,0.8066999995562386,1.1108999993634798,9.13240000073928,0.011499999994175631,0.10089999996020016,-0.04289999991097038,52.021927,-0.738694,23.869999999972265,Vw3
5331.71000000014,0.4898683163885495,0.6564445538198256,9.66022178291645,0.0073415841525997115,0.07248415837609803,0.02066435652454727,52.021927,-0.738694,23.850198019774286,Vw3
5331.8100000001405,1.1846500009923755,-0.20425200121731402,10.138225000672142,-0.01952900003814664,0.10061300004039883,0.03921900002547801,52.021927,-0.738694,23.760899999873317,Vw3
5331.910000000141,-1.4813990038009734,-0.49029800039444205,10.34208900028309,0.014058000048143882,-0.026612000181313808,0.05939800002843586,52.021927,-0.738694,23.700599999915536,Vw3
5332.010000000141,0.3110000006170651,-1.397899999278811,10.858299998095765,0.017599999931049496,0.24939999991443998,-0.08409999999665017,52.021927,-0.738694,23.750000000097703,Vw3
5332.110000000142,0.7487227728973673,-0.8863158408593763,9.507507918878357,-0.03131089115840295,0.18870693060708296,-0.0817237623728711,52.021927,-0.738694,23.81930693079126,Vw3
5332.210000000142,0.23130000006391677,-1.2942000009983659,10.16470000067836,0.1161999998689355,0.08910000010521683,0.0013999998911307827,52.021927,-0.738694,23.990000000309045,Vw3
5332.310000000142,0.2763495050147282,-1.9978633673399422,10.642818812562908,0.023823762244524302,0.16325841594732188,-0.07533267337673491,52.021927,-0.738694,24.207821782488796,Vw3
5332.410000000143,-0.23889100074275443,-2.011632000009696,10.271399999458156,0.08319100008683766,-0.011329000252527921,-0.026797999928989895,52.021927,-0.738694,24.615900000584624,Vw3
5332.510000000143,0.369601000883919,-1.4846239992408479,10.525495000371448,0.07360299998531317,0.05402200009667642,-0.026894000000855543,52.021927,-0.738694,24.996200000541844,Vw3
5332.610000000143,-0.7336999995838387,-2.253799999510708,10.225699999815324,-0.0013999998803447158,-0.020599999921320604,-0.031800000015508235,52.021927,-0.738694,25.360000000668702,Vw3
5332.710000000144,-0.44409603918837276,-1.913304950006432,10.09718514833043,0.0818673268521636,0.03415247532609567,-0.042592079223407645,52.021927,-0.738694,25.825346535321245,Vw3
5332.810000000144,0.3803000011141743,-1.5290000000382726,8.968800001799808,-0.03699999990609692,0.027500000163761276,-0.027400000099309617,52.021927,-0.738694,26.39000000062602,Vw3
5332.9100000001445,1.1556465357730854,-1.5556336634047965,10.22127524933336,0.02834653474782741,0.14146039620416567,-0.09650891099088413,52.021927,-0.738694,26.825643564985516,Vw3
5333.010000000145,-1.7530410042541613,-1.2985989996246796,9.678211999189573,0.013555999977472108,-0.010949000223979238,-0.04037399991710891,52.021927,-0.738694,27.46360000092422,Vw3
5333.110000000145,0.31016200307156194,-0.9502919994925776,10.597062001356905,0.09834200012467595,0.033238000067133205,-0.04989800001482162,52.021927,-0.738694,27.925400000668425,Vw3
5333.210000000146,-1.394567002533347,-0.7603829997263641,9.217528997961319,-0.03989500020417329,-0.15826100028177367,0.03910000013078714,52.021927,-0.738694,28.375500000653936,Vw3
5333.310000000146,-1.7700999993735473,-2.1319999985446647,9.684900000098118,0.05859999993833446,-0.10840000011555084,0.023500000018153874,52.021927,-0.738694,28.850000000734802,Vw3
5333.410000000146,-1.3396049498655729,-1.1319009886366498,9.752325742672848,0.016223762314274436,-0.18780594071016798,0.03597524754299397,52.021927,-0.738694,29.35495049578785,Vw3
5333.510000000147,-2.1043320011359032,-0.3934579989240503,9.31195499934855,-0.08349700014666722,-0.20543000002485887,0.060751000036410915,52.021927,-0.738694,29.736200000555666,Vw3
5333.610000000147,-3.0257999987288073,-0.48899999859474425,10.164499999561487,0.03130000002830059,-0.3733999998577677,0.08909999994339882,52.021927,-0.738694,30.01000000037929,Vw3
5333.710000000147,-2.163027721502794,0.46476237764099015,9.866876237185839,0.05050792082034175,-0.2768653463926123,0.0506841583593165,52.021927,-0.738694,30.267425742953034,Vw3
5333.810000000148,-1.938600004187792,0.2834999993352103,9.719999999790634,-0.0398999999806987,-0.3756000000495056,0.05540000015676778,52.021927,-0.738694,30.360000000058935,Vw3
5333.910000000148,-4.780899998460893,-0.16769999978474442,9.577900000003705,-0.02680000008094321,-0.40919999999021567,0.16179999999466307,52.021927,-0.738694,30.4,Vw3
5334.0100000001485,-3.7426999979356883,-0.022500000290917636,9.580400000689718,-0.08139999991589515,-0.40260000001937496,0.15819999992426162,52.021927,-0.738694,30.40000000005871,Vw3
5334.110000000149,-2.3502247504011553,-0.21873762405467223,10.045647525445462,-0.02466732664816993,-0.4156693069501598,0.10711089101301167,52.021927,-0.738694,30.43960396045503,Vw3
5334.210000000149,-3.2378930013565514,-0.6434300006360466,9.618560999350398,0.07806800015372369,-0.21928499970432025,-0.059720000250247846,52.021927,-0.738694,30.48950000007448,Vw3
5334.31000000015,-1.8310000029894928,-0.023400000125085238,10.122199999002419,0.03489999999261598,-0.11540000013793343,-0.12069999989618073,52.021927,-0.738694,30.519999999970462,Vw3
5334.41000000015,-3.8352574287461447,-0.10726138626428812,9.453388117809602,0.02994950494307626,-0.20787524766333543,-0.05109603949965223,52.021927,-0.738694,30.500198019772306,Vw3
5334.51000000015,-2.084882997319937,0.11672900034034689,10.538967001653479,0.12909800015016626,-0.07208099979303431,-0.13108500012214122,52.021927,-0.738694,30.52970000004496,Vw3
5334.610000000151,-0.8767000010163234,-0.35779999877694396,10.519199998593828,0.1024999998887859,-0.1244999998505187,-0.15410000006651917,52.021927,-0.738694,30.549999999910312,Vw3
5334.710000000151,-1.549868317846673,0.4522990111224413,9.587813859981813,0.02883663355229818,-0.025490098860615817,-0.19815940600702595,52.021927,-0.738694,30.49059405931637,Vw3
5334.810000000151,-2.3280080011818627,-0.016978000731383724,10.50692200142242,0.06057200004974987,-0.0026209999664795064,-0.07663199981313464,52.021927,-0.738694,30.598900000166847,Vw3
5334.910000000152,-4.5107310033323795,1.1712490018279624,9.576294998559746,-0.11423100026833169,-0.14505900021857882,0.02191700014910687,52.021927,-0.738694,30.60990000001517,Vw3
5335.010000000152,-0.29777699351134856,-0.8210540030710249,9.686392000183236,-0.05501599990656171,-0.0037419997812694616,-0.16836800029305646,52.021927,-0.738694,30.639700000045508,Vw3
5335.1100000001525,-1.5585999998308557,0.18949999975109677,10.049999999764085,-0.013500000025058398,-0.47499999940944687,0.18509999963863955,52.021927,-0.738694,30.46999999995416,Vw3
5335.210000000153,-1.4478999983088152,0.026600000494390513,9.895599999854165,-0.02990000007216165,-0.08849999999107434,-0.05139999993388964,52.021927,-0.738694,30.439999999833592,Vw3
5335.310000000153,-0.3410683151327245,0.3501643569323067,9.800154455299039,-0.07712772284477061,-0.08265841583261747,-0.008132673200912467,52.021927,-0.738694,30.331089108743715,Vw3
5335.410000000154,-3.4589000058856687,-0.6106999969529965,10.425699998314728,-0.05310000006878662,-0.7482999994276406,0.320499999793488,52.021927,-0.738694,30.3199999998326,Vw3
5335.510000000154,-7.288107926670162,1.371676240666839,9.329264354752544,-0.09785247531622271,-0.37592376180461584,0.1861435641501898,52.021927,-0.738694,30.211089108743707,Vw3
5335.610000000154,0.06296001152478237,-0.9475730036481249,10.098717001217175,-0.10196300000571297,-0.8459150007388275,0.32547900021940945,52.021927,-0.738694,30.23970000004632,Vw3
5335.710000000155,-7.179599989194465,0.3653999981597861,9.931699998925813,-0.12969999976716037,-0.5999000005636526,0.3348000002111018,52.021927,-0.738694,30.29000000016839,Vw3
5335.810000000155,-0.19088711785824852,-0.8247980216505539,9.236947523673411,0.02089405963983801,-0.9644544560117576,0.47133465367740734,52.021927,-0.738694,30.398910891258264,Vw3
5335.910000000155,-5.125699988516815,0.1884999949738162,10.110399999738382,-0.05280000001201073,-1.0619999992405522,0.42059999966862693,52.021927,-0.738694,30.49000000044655,Vw3
5336.010000000156,2.2578643679042,-3.043282183237603,9.942182177956537,-0.060522772289223155,-0.5736831675583511,0.20753069273835598,52.021927,-0.738694,30.77712871331727,Vw3
5336.110000000156,-7.849559016066223,2.714019009136131,9.815363999802532,-0.08871600004436758,-0.9525240006055239,0.49576700045820465,52.021927,-0.738694,30.99780000034369,Vw3
5336.2100000001565,-2.675699991672781,-0.20878600470480047,10.418495000953802,-0.031777999909697326,-0.2305319988544996,0.014787999236333171,52.021927,-0.738694,31.1683000002656,Vw3
5336.310000000157,-0.21551199617977268,-0.9798160011759863,9.731797998900381,-0.10683600012004993,-0.8254170009558426,0.23888700036344956,52.021927,-0.738694,31.249200000125708,Vw3
5336.410000000157,1.581299990994605,-0.42899999481417356,8.915599999734678,-0.179100000020362,-0.10710000079673965,-0.003499999688399982,52.021927,-0.738694,31.34000000010798,Vw3
5336.510000000158,-4.142131381582993,2.86688235814346,8.746972548753444,-0.19204117649101482,-0.613472549818876,0.1945392159988634,52.021927,-0.738694,31.408627451088716,Vw3
5336.610000000158,-5.608010103189595,2.1308828269895326,11.407715155811717,-0.1197404039233832,0.12308080928502119,-0.20181515216076162,52.021927,-0.738694,31.400101010085045,Vw3
5336.710000000158,1.245731010963909,-0.9893650049683642,9.073947996230777,-0.2052290001376633,-0.07799200033317358,-0.07739799979484852,52.021927,-0.738694,31.4,Vw3
5336.810000000159,-2.713599995406929,0.6108999996068768,11.121999997233878,0.10969999973081479,-0.017099999903951956,-0.25609999984613513,52.021927,-0.738694,31.31999999992166,Vw3
5336.910000000159,0.188776242237219,0.36248415802097356,9.374079205142394,-0.060399010171370074,0.04359306940340503,-0.15887227707317497,52.021927,-0.738694,31.27049504942626,Vw3
5337.010000000159,-5.029002008424641,2.881035004047954,10.779329002284435,0.03699900015912044,-0.22527800043269314,-0.029991999794621776,52.021927,-0.738694,31.180899999856933,Vw3
5337.11000000016,0.8621580095984269,-0.6703700057758097,9.18920699740912,-0.057337000153946986,0.10345200053521755,-0.23660000033570994,52.021927,-0.738694,31.011699999728236,Vw3
5337.21000000016,-4.076799997986274,3.064299998803746,9.190100001175491,0.04409999981710692,-0.5525999993154981,0.07289999969190282,52.021927,-0.738694,30.949999999683026,Vw3
5337.3100000001605,-2.81878019599724,2.3169732661252294,9.924456436824215,-0.07015742592626986,-0.12497623693625692,-0.11957524783420158,52.021927,-0.738694,30.75198019770144,Vw3
5337.410000000161,-4.0551840020284065,3.8582560025152497,9.955065000037782,-0.05852899997925932,-0.4511620005366852,0.1346130004159391,52.021927,-0.738694,30.48269999956589,Vw3
5337.510000000161,-0.7209069945644941,1.034678995388977,11.032618001749613,-0.035134999962216584,-0.1078019994369468,-0.1351490004423071,52.021927,-0.738694,30.31169999972667,Vw3
5337.610000000162,0.0667850012311999,0.7912689996493142,9.776992997931618,-0.1289500001535968,-0.5174270006746942,0.1086100004025854,52.021927,-0.738694,30.082299999628134,Vw3
5337.710000000162,0.8876999919438059,-0.22049999396102002,9.762799999320544,0.07629999975027257,0.11989999943643026,-0.2398999997071553,52.021927,-0.738694,29.919999999711486,Vw3
5337.810000000162,-4.088636641754514,3.509797035768151,9.343097029020566,-0.07795742599338515,-0.228218812447203,-0.059008910596973885,52.021927,-0.738694,29.74178217792805,Vw3
5337.910000000163,-0.3566989937888634,-0.2863780062961765,11.012891002749393,0.09612600028845146,0.25528100079982674,-0.3569720004923511,52.021927,-0.738694,29.58159999973984,Vw3
5338.010000000163,-1.1577230013783555,3.6325240065000757,8.878925996467364,0.0041469998460182955,-0.020861000461619872,-0.18140399970667057,52.021927,-0.738694,29.352299999626023,Vw3
5338.110000000163,-1.2410440001236058,2.175421997527555,10.589799002861412,-0.1391620002351128,-0.531669000838918,0.14096200052941252,52.021927,-0.738694,29.12229999962395,Vw3
5338.210000000164,-0.5679069988869946,1.5278879989555048,10.057156999091381,-0.212375000118544,-0.4228509998118012,0.13330999998201404,52.021927,-0.738694,28.931899999689332,Vw3
5338.310000000164,-0.18796899938034117,3.544070003358883,8.934582998144968,-0.1815189999475534,-0.3524989998850779,0.09587699993801768,52.02150723999931,-0.7393404700010736,28.82109999981915,Vw3
5338.4100000001645,0.35327100089262775,-0.28244200638897254,10.312666002307449,-0.04952999978132347,-0.6380090004753338,0.16994800012364267,52.021503,-0.739347,28.562599999572512,Vw3
5338.510000000165,-0.988195002236913,2.9980710055127866,10.444609000195822,-0.01879699995116772,-0.6770350000600127,0.2651460001568552,52.021503,-0.739347,28.421399999769815,Vw3
5338.610000000165,1.0293999979980941,-0.4149999932181033,8.715600001051186,-0.11379999989625816,-0.2547000003395783,0.016200000205680874,52.021503,-0.739347,28.28999999972139,Vw3
5338.710000000166,-0.18000594259356917,3.6821287196450667,9.35064950600042,-0.05112673256964967,-0.459848515190657,0.14045742594800895,52.021503,-0.739347,28.121683168038555,Vw3
5338.810000000166,-0.370399997794216,2.792000000440042,10.005399999204974,-0.08429999992051376,-0.2499000001147224,0.007400000006719455,52.021503,-0.739347,28.04999999972139,Vw3
5338.910000000166,0.9621742596408862,3.0578415846003257,9.525102969498631,-0.036280197939978456,-0.31920693080827856,0.011459405947342027,52.021503,-0.739347,27.881683168037036,Vw3
5339.010000000167,0.6435529994426059,2.517583999088354,8.721765998659128,-0.08688400008577853,-0.43355200019084056,0.11683600017687665,52.021503,-0.739347,27.761199999800517,Vw3
5339.110000000167,1.4005200012836185,3.381023001466969,10.10554100234979,-0.006417999863281232,-0.4762800000701979,0.08602199994618162,52.021503,-0.739347,27.58179999969915,Vw3
5339.210000000167,0.6109529986539658,1.7867919972935566,10.897344001313106,-0.14390300023350427,-0.2106869995508761,0.003232999860766597,52.021503,-0.739347,27.441399999765995,Vw3
5339.310000000168,1.243400000929356,1.86139999845262,8.463800001935427,-0.15189999965138798,-0.35849999991980597,0.08089999980829653,52.021503,-0.739347,27.38999999985088,Vw3
5339.410000000168,1.798746535586722,0.9367465330995908,9.620334655408897,0.05641683203324349,-0.31057920784026144,-0.03365445563805264,52.021503,-0.739347,27.300891088959165,Vw3
5339.5100000001685,4.290883004221073,1.6985120013088233,9.221247999302902,-0.022284000137134045,-0.5672030004364426,0.1697340003472046,52.021503,-0.739347,27.18119999979833,Vw3
5339.610000000169,1.4431189950970418,0.7373869983464194,9.661709000758785,0.029667000090053994,-0.04391199910250121,-0.10797400047747202,52.021503,-0.739347,27.071099999814148,Vw3
5339.710000000169,1.0656000021556107,0.2768000001234409,9.47699999930977,-0.030700000053429665,-0.22800000000133994,-0.005199999986768202,52.021503,-0.739347,26.979999999966502,Vw3
5339.81000000017,2.339857427907135,0.34977029715365643,9.068980197326706,-0.06228415846949309,-0.22879207920926628,0.0026217821915045583,52.021503,-0.739347,26.960198019768345,Vw3
5339.91000000017,1.466400001297794,0.15040000191276012,9.720100001172847,0.0011999999248973492,-0.2818999996162355,-0.1139999999722154,52.021503,-0.739347,26.899999999915803,Vw3
5340.01000000017,2.2294693082269754,1.2750534672570668,10.409703961567521,-0.04295841591659933,-0.0562564352602469,-0.09766336630888142,52.021503,-0.739347,26.850495049420854,Vw3
5340.110000000171,0.20130000091335873,0.17780000087301956,10.954499999764273,-0.09179999972858206,-0.18980000008267042,-0.10340000011504137,52.021503,-0.739347,26.820000000016602,Vw3
5340.210000000171,0.7354747581965158,0.6883825251463971,10.816635922093957,0.0669378643495644,-0.23814951464592238,-0.1706815535133016,52.021503,-0.739347,26.829708737880704,Vw3
5340.310000000171,2.9461744936804997,-0.0845734707830017,9.580204079451486,-0.05311326552704233,-0.289782653150048,0.19807755167668564,52.021503,-0.739347,26.770612244792844,Vw3
5340.410000000172,1.0089999977195896,1.6176999980771642,10.498599997563863,0.006399999832019931,-0.11259999997685381,-0.0350999999816192,52.021503,-0.739347,26.90000000011913,Vw3
5340.510000000172,-0.31763366564411877,0.49908613669324176,9.081372274794393,-0.09132277244501419,-0.09913465344222702,-0.02440693067470969,52.021503,-0.739347,26.969306930812067,Vw3
5340.6100000001725,2.3996190047603374,-2.0961980045050694,10.062348001734923,0.030559000214190155,-0.09385199999102506,0.016092000070418683,52.021503,-0.739347,27.088800000207115,Vw3
5340.710000000173,1.301767998037839,0.9582830053709155,9.12754399835267,-0.04155900012789949,-0.1316180000659347,-0.12813900025217428,52.021503,-0.739347,27.297900000362468,Vw3
5340.810000000173,0.7492659990516255,-0.862989003246439,10.003852001552517,0.026010000119717984,-0.1684320000638496,0.05414400032202399,52.021503,-0.739347,27.53760000041641,Vw3
5340.910000000174,1.2500588244192397,0.35104411981379624,9.36910588122155,0.04038529414170107,-0.11794117638119603,-0.02669411779240647,52.021503,-0.739347,27.75352941214002,Vw3
5341.010000000174,1.101093877257101,0.12442142809921009,10.625644900241838,-0.13835306154496801,-0.18924897972215274,0.10650102065091224,52.021503,-0.739347,28.066836735242763,Vw3
5341.110000000174,1.1593000017571866,0.2418999967372894,9.06470000040985,-0.01950000008388751,0.06299999932804391,-0.12459999959254638,52.021503,-0.739347,28.42000000058208,Vw3
5341.210000000175,2.1655745115571605,-1.6265313758043998,9.29940588276187,-0.06753921576997356,-0.32180392223907384,0.1087333337398715,52.021503,-0.739347,28.753333333914103,Vw3
5341.310000000175,-0.2795999997567381,1.174099997150879,10.114299997283316,0.016399999904389596,-0.0795999998115455,-0.00929999999533186,52.021503,-0.739347,29.12000000067429,Vw3
5341.410000000175,-0.14029306906269032,-0.45748416127642244,8.558557423014962,-0.03835247534351974,0.028320792268420436,-0.006626732668580411,52.021503,-0.739347,29.506138614538386,Vw3
5341.510000000176,1.5642000036291774,0.9608000000026069,10.648199999550567,0.24229999964876123,-0.28340000008654964,-0.005599999686996047,52.021503,-0.739347,30.050000001129664,Vw3
5341.610000000176,3.6317247561189467,0.9622851485174688,10.392160395588373,0.042200989746365686,-0.33270693077996527,0.17271683199742474,52.021503,-0.739347,30.693564357569826,Vw3
5341.7100000001765,-0.4924330073787191,1.963883001783039,8.079434995887397,0.09346200009481814,-0.42329000016038015,0.14499799994747992,52.021503,-0.739347,31.353400001163195,Vw3
5341.810000000177,2.1392940047839044,0.06914099659160544,10.577531004511636,0.06370599994579446,-0.5154780001633251,0.2562730001996394,52.021503,-0.739347,31.89460000095657,Vw3
5341.910000000177,1.3270769984982875,-0.4167860008350916,8.638047996483898,-0.07579400024907486,-0.2981049996093812,0.1423619997941501,52.021503,-0.739347,32.51380000109834,Vw3
5342.010000000178,4.262464005267773,-1.4125890017734624,11.157154004543225,0.004772000146681332,-0.5579530004689197,0.2049560001140855,52.021503,-0.739347,32.92590000072632,Vw3
5342.110000000178,-0.048950007807570195,1.0339860044181766,8.872040995844092,-0.14537500027152897,-0.09896299916974455,0.013242999654045406,52.021503,-0.739347,33.51410000105051,Vw3
5342.210000000178,2.675699999597589,-1.2596999986425692,9.882200000752578,-0.07389999996134737,-0.3039999995183424,0.10889999979085223,52.021503,-0.739347,34.13000000114722,Vw3
5342.310000000179,2.449957425338578,-0.4982148501223691,10.304378218577327,-0.05221683164436339,-0.033801979714464414,-0.008426732883239182,52.021503,-0.739347,34.77356435758739,Vw3
5342.410000000179,1.8670000027533709,0.2877999980090792,9.961599999858084,-0.007799999890723761,-0.035399999969487804,-0.09149999995636046,52.021503,-0.739347,35.320000000833765,Vw3
5342.510000000179,3.403732676017653,-0.8233881208006006,9.882392079066161,0.0531900991190564,-0.018370296999224513,-0.06714356431284436,52.021503,-0.739347,35.785346535486305,Vw3
5342.61000000018,0.812900002394885,-0.17789999769016263,10.24290000261847,0.06259999941482931,0.025299999572622137,-0.05029999957690126,52.021503,-0.739347,36.55000000121242,Vw3
5342.71000000018,2.14280099249126,1.104773269634029,11.696959408556182,-0.2623504956340319,-0.21202673310017503,0.18465049547213824,52.021503,-0.739347,37.22326732794376,Vw3
5342.8100000001805,2.303907000269905,-1.120988004087803,10.445487997688183,-0.2996560000621884,-0.20014399997396765,-0.016841000372226578,52.021503,-0.739347,37.83390000110276,Vw3
5342.910000000181,2.594282000527543,-3.083406003542387,9.620800998517346,-0.15060899972718886,-0.3521630002778733,0.2915640005669554,52.021503,-0.739347,38.552800001301684,Vw3
5343.010000000181,0.989934997064885,0.32309300625657666,9.426281999659755,-0.005747999738216991,-0.12144599957586816,-0.009230000555023321,52.021503,-0.739347,39.01540000083163,Vw3
5343.110000000182,1.079630000194408,-1.1986790028563443,10.49419400196334,-0.11191300019749675,-0.1818660001151913,0.03462600008612094,52.021503,-0.739347,39.47540000083577,Vw3
5343.210000000182,0.202344552845103,2.9206633739176975,12.30591782508391,-0.21405841602686068,-0.1912237623922314,0.2107514854705474,52.021503,-0.739347,40.136732674471354,Vw3
5343.310000000182,-2.0701999883986293,5.0784999887348725,8.965500003870305,0.020800000023232637,0.42049999892499523,-0.09390000025123665,52.021503,-0.739347,40.64000000126069,Vw3
5343.410000000183,4.307720803725376,-1.1145693182393188,11.093222776162477,0.03357227725104512,-0.17049010008905674,-0.23201881213339492,52.021503,-0.739347,41.33306930819625,Vw3
5343.510000000183,1.4721859946521318,-0.22887199825207305,10.129350998182865,0.039937000011504326,0.4588830011717977,0.0612240005434424,52.021503,-0.739347,41.93400000109565,Vw3
5343.610000000183,3.6949999844476404,-4.886199981774817,11.173299993112577,0.09349999995816324,-0.4991999985706381,0.6884999979547283,52.021503,-0.739347,42.420000000964066,Vw3
5343.710000000184,-4.770346550189055,5.033998038007511,7.424389102030897,0.07072772273048558,0.2788198034080186,-0.4247673287757395,52.021503,-0.739347,42.94475247621055,Vw3
5343.810000000184,0.6156410101907674,0.39397099117171486,9.588957004102015,0.1778160001999094,-0.37976900124131924,-0.00416099919575208,52.021503,-0.739347,43.474700000977414,Vw3
5343.9100000001845,0.13887399900888742,1.1899760015720584,9.76326400028328,0.3106690002454728,0.0710780008524231,0.11474300021338242,52.021503,-0.739347,44.03440000103279,Vw3
5344.010000000185,-2.4739620048574475,0.05059499786156496,6.686988994266338,-0.19280100094039493,0.21073600025155892,0.05946999989487642,52.021503,-0.739347,44.624100001088124,Vw3
5344.110000000185,-2.0502459991575,2.4925170045929774,11.850727009724704,0.2209690007841217,0.1841819999477376,-0.18602600045850082,52.021503,-0.739347,45.1151000009081,Vw3
5344.210000000186,-2.5485210009413257,0.9224099970142237,10.048929996528642,-0.19861900079342704,0.484860000563424,-0.12038799987248826,52.021503,-0.739347,45.47640000066721,Vw3
5344.310000000186,-4.583793003819167,2.6742420033258245,8.346506996832662,-0.12340299985045151,0.4174119998673991,-0.06079499988918884,52.021503,-0.739347,46.00470000098706,Vw3
5344.410000000186,-2.585590996202251,1.144828997089156,9.87954300291606,0.18043900057009998,-0.2761020013033518,0.22957300054514299,52.021503,-0.739347,46.27730000050287,Vw3
5344.510000000187,-1.269487997562408,1.4917380006820342,10.674033001465201,0.0018349996582379957,-0.025105999514642097,0.10310699975657606,52.021503,-0.739347,46.626500000651866,Vw3
5344.610000000187,-0.976328999470562,0.5095579981363929,11.757040002032413,0.14968800028296586,-0.23267700039731248,0.24792400027622857,52.021503,-0.739347,46.8973000005053,Vw3
5344.710000000187,-4.3216800063296095,1.9219330026888675,10.099452996845862,-0.049572000379552034,0.19040500080383427,0.012294999551761776,52.021503,-0.739347,47.038600000262015,Vw3
5344.810000000188,-2.7716979969914766,0.3520029969905365,10.311092000434034,0.03264900016003585,0.13975499989562878,-0.00920700003629485,52.021503,-0.739347,47.23800000037611,Vw3
5344.910000000188,-3.5534420015154304,0.16185899966919312,9.973136999353619,0.08676200010117915,0.15533700003065465,-0.16146400028886834,52.021503,-0.739347,47.428100000357325,Vw3
5345.0100000001885,-1.668322996403627,-0.3060910008855996,10.210369000457186,0.042452999914806416,0.009375999722415568,0.03044600036747963,52.021503,-0.739347,47.568600000263295,Vw3
5345.110000000189,-4.347979213066482,1.11862277500267,9.454420790633225,0.016514851436556656,0.2839237629025248,-0.03523366349529196,52.021503,-0.739347,47.62881188130026,Vw3
5345.210000000189,-2.4954595922822618,0.8647848479396907,10.611932325493889,0.15379393965964655,0.15101313104608796,-0.0008646463957382028,52.021503,-0.739347,47.74878787901694,Vw3
5345.31000000019,-2.2783959996210092,-0.19730100203147505,8.017922995001914,-0.17991500064272758,0.02733499976550413,0.17007700032715498,52.021503,-0.739347,47.85890000020886,Vw3
5345.41000000019,-2.3869000020941273,0.9042999984046085,9.449800001522556,-0.04730000004140452,0.14949999985339035,0.054500000188766974,52.021503,-0.739347,47.68000000011292,Vw3
5345.51000000019,-3.488583170408777,0.0649930677132019,10.250790100530873,-0.06908217825918316,0.07237128698225602,0.15380693088163955,52.021503,-0.739347,47.73940594070687,Vw3
5345.610000000191,-3.632500000677555,0.7642000037557719,8.935000001766031,-0.10750000003176928,0.2890999992740341,-0.047999999679470655,52.021503,-0.739347,47.80000000024583,Vw3
5345.710000000191,-3.9872524759243775,2.730635647316233,9.859653467110734,-0.12413366339807295,-0.09099901062620297,0.1198217824984147,52.021503,-0.739347,47.92871287153271,Vw3
5345.810000000191,-3.753298999540126,0.12293899491262783,8.285295996933659,-0.34992100043687113,-0.05777399992830637,0.10318499996453656,52.021503,-0.739347,48.04880000023003,Vw3
5345.910000000192,-7.216197006710191,1.4169610025571302,11.94497200711756,0.03152400074304196,-0.07423000003258956,0.04043199987884352,52.021503,-0.739347,48.149000000191705,Vw3
5346.010000000192,0.8870901148260222,-0.1146881218144431,10.654715839004492,-0.08722277251553535,0.04626237647212153,0.34758217881597203,52.021503,-0.739347,48.17940594065121,Vw3
5346.1100000001925,-1.7246717226280495,1.2375828310019474,11.161653536402582,0.09976666703904749,-0.37755050588826466,0.5016909093815762,52.021503,-0.739347,48.37797979836891,Vw3
5346.210000000193,-2.4574840013706325,0.8052099991313163,9.796939997334238,0.04922999989791522,0.45257100162353314,-0.23840900144286237,52.021503,-0.739347,48.78590000078971,Vw3
5346.310000000193,-6.160369007224041,1.0265190004414035,9.78874300001103,0.0930520000866939,0.5944520002608558,-0.14185099979661764,52.021503,-0.739347,49.05730000052249,Vw3
5346.410000000194,-1.5355919908866493,-0.9749600039168911,6.843450994242518,0.2501180003061522,0.08357399899871565,0.1283810005261871,52.021503,-0.739347,49.34710000056121,Vw3
5346.510000000194,-3.860342004636407,-1.0062880000216745,11.259790008691086,0.35258100019719923,0.7379380012892455,-0.4940850012220932,52.021503,-0.739347,49.686600000657975,Vw3
5346.610000000194,-2.6571000004490157,-0.056800000390042266,8.693900001482316,-0.2769999986794228,-0.12769999808657412,0.4514999978567139,52.021503,-0.739347,49.940000000778525,Vw3
5346.710000000195,-2.8877999953673763,-0.2571999967459864,9.455500003289087,0.40149999847300705,0.8553999982535163,-0.6496999985279279,52.021503,-0.739347,50.340000000578115,Vw3
5346.810000000195,-0.507601975548678,1.4146811913845685,11.145400993399965,-0.383054456978048,-0.04192673442605377,0.10663663514075084,52.021503,-0.739347,50.637029703550496,Vw3
5346.910000000195,-7.717928014273976,-0.8088710044203777,11.404850000478586,0.14686800106109377,0.675760001433805,-0.29932300081594043,52.021503,-0.739347,50.976600000664156,Vw3
5347.010000000196,6.271356027747055,-0.9514880002367536,9.252465995748203,-0.2204350007354599,-0.3717450020813613,0.2957470011824006,52.021503,-0.739347,51.306700000644625,Vw3
5347.110000000196,-5.346612023311155,1.2955900044566482,11.259309004021187,-0.06678999968797572,0.5228560017944339,-0.34407600128028065,52.021503,-0.739347,51.686200000745714,Vw3
5347.2100000001965,1.1378010130897298,-1.4570660055016937,7.0303239915761315,-0.42526300071376405,-0.05546600116455214,0.22746100114590828,52.021503,-0.739347,52.05630000072613,Vw3
5347.310000000197,0.16925699793839022,0.6129080041780273,10.850974007694022,0.10867000107053087,0.29440600070856127,0.005302999545960835,52.02224748000148,-0.7398855600010724,52.58470000104491,Vw3
5347.410000000197,-1.6682450036385927,-0.09157000144518468,10.38866399900158,-0.038261000303429646,0.003276999413053927,-0.1313430002675465,52.022255,-0.739891,52.887000000591485,Vw3
5347.510000000198,-3.999736004606453,-0.36699200053390996,10.135604999506114,0.0571210001930199,-0.261654000521686,0.2039000006703449,52.022255,-0.739891,53.236500000690064,Vw3
5347.610000000198,-1.8802000016595777,0.4917999991386059,9.66230000049332,-0.032200000178835474,-0.13810000025146899,0.2655999995056995,52.022255,-0.739891,53.670000000745965,Vw3
5347.710000000198,-2.7172297046282163,0.057344553594912084,9.911111881680945,-0.12239801998063699,-0.26493168341953455,0.01629306881312409,52.022255,-0.739891,54.0462376245076,Vw3
5347.810000000199,3.5524850126176926,0.6309620011615877,9.495126999158954,-0.13211100001770837,-0.4212340003115873,0.40772100079170226,52.022255,-0.739891,54.347000000596914,Vw3
5347.910000000199,-1.73871301076219,-0.7196980027264137,11.41308400386338,0.0016480002690199558,0.11783900108662576,-0.04023500090834031,52.022255,-0.739891,54.548000000397955,Vw3
5348.010000000199,0.7984999930271455,-0.1533999999806737,9.001600002193339,-0.050100000058373347,-0.18709999960933238,0.015399999880689604,52.022255,-0.739891,54.77000000092688,Vw3
5348.1100000002,-2.7022920862053637,-0.14369702968357584,10.102788121012955,-0.0794069307516485,0.009038614253431387,-0.04450099021874103,52.022255,-0.739891,55.23534653558361,Vw3
5348.2100000002,1.6527560088638666,1.9292620041852702,11.935697003678552,0.13641700043635713,-0.40361200083713406,0.2595230006150576,52.022255,-0.739891,55.56670000065963,Vw3
5348.3100000002005,1.7449170000969811,-0.5083660049863978,9.019046994047205,-0.09078300046522844,0.3923180016227779,-0.1687430008748383,52.022255,-0.739891,55.62940000012048,Vw3
5348.410000000201,-2.1994530080012074,-0.26659299945925036,9.1010720002265,-0.06726099994759166,0.23338699966125337,-0.09261299983675103,52.022255,-0.739891,55.7785000003012,Vw3
5348.510000000201,4.226192013113732,-0.09728299966205659,9.641156001093146,0.020417000177304842,0.28436800010682467,-0.2905920004032029,52.022255,-0.739891,56.15620000076303,Vw3
5348.610000000202,-0.7656180103031698,-0.33171500048105124,10.077448000877792,-0.029487000103471404,0.3791480001920171,-0.11915199964662399,52.022255,-0.739891,56.37780000044374,Vw3
5348.710000000202,2.0653880058721157,1.1081320029384782,11.47542300283944,0.07167300020715385,0.10418699943784054,-0.1200730000054461,52.022255,-0.739891,56.58790000042359,Vw3
5348.810000000202,-2.1872500087628017,-1.676129005727934,8.673345994236609,-0.08144300031546085,0.3263280004603257,-0.2379100002411037,52.022255,-0.739891,57.03550000091174,Vw3
5348.910000000203,-2.1830000019396163,-0.9606000008773355,7.183300004524432,0.10419999995040012,-0.16159999960038962,0.06419999962026975,52.022255,-0.739891,57.19999999995984,Vw3
5349.010000000203,-3.139336635601088,-1.393174258302221,9.414092083727935,0.07974455440589412,0.03542970336951706,-0.12302772315163656,52.022255,-0.739891,57.18019801976186,Vw3
5349.110000000203,-0.34759999681327325,-1.9840999976589393,8.233300007012396,0.011400000373299427,-0.4946999993748383,0.35639999937763456,52.022255,-0.739891,57.16999999980027,Vw3
5349.210000000204,1.2166156894550997,-0.8349823506046241,11.675358830528303,0.1946352944902276,-0.18783725427800307,0.050909803300401735,52.022255,-0.739891,57.07196078411438,Vw3
5349.310000000204,-1.4574880056376407,-0.3138659989619603,11.10455399866707,-0.11873000066064501,-0.35182800035452233,0.10262000012048858,52.022255,-0.739891,57.109200000081685,Vw3
5349.4100000002045,0.3059424280362275,-0.09879090866345577,10.993499999795565,0.010713131596654712,-0.23403737348441223,0.21209494972085963,52.022255,-0.739891,57.26838383871424,Vw3
5349.510000000205,-2.216830005247878,-1.3293490025454355,9.296332996497394,-0.02700500008075231,-0.09251699971031391,0.1036069997736891,52.022255,-0.739891,57.21059999987734,Vw3
5349.610000000205,0.6386970059759118,-0.8110609988991904,10.030214001557685,0.06516500019198973,-0.13070000008213464,-0.05560300032792258,52.022255,-0.739891,57.061499999691996,Vw3
5349.710000000206,1.38228300148198,-0.58235599953674,9.485577998854582,-0.09408200033224935,0.15906900060186835,-0.10125500009137883,52.022255,-0.739891,56.90159999967145,Vw3
5349.810000000206,0.9697399991255164,0.11220700144227902,10.65810000245433,0.0915090003900114,0.029537999724042724,-0.05655599990595177,52.022255,-0.739891,56.90990000002062,Vw3
5349.910000000206,1.2360670005636953,-1.1163200025740652,9.166090996866778,-0.0758900003526964,0.260553000484081,-0.15698100021017405,52.022255,-0.739891,56.78129999973187,Vw3
5350.010000000207,-3.3621260095855043,-1.2294830002097614,10.648473003120023,0.09228400035393394,0.30695500009178356,-0.17859200004290107,52.022255,-0.739891,56.73049999989687,Vw3
5350.110000000207,3.0201630134520636,-1.408502000372466,9.695874997975054,0.12785800007084722,0.25126699988254275,-0.05405999973898391,52.022255,-0.739891,56.73990000002072,Vw3
5350.210000000207,-2.0861650108212477,-0.3550589977918315,10.74688500221977,0.1470100000393613,0.29723000009736744,-0.3271290005740534,52.022255,-0.739891,56.82910000018644,Vw3
5350.310000000208,0.6789420059211166,-1.232430001866344,10.068064998550826,0.06948499983666889,0.06128799950314057,-0.148927999619657,52.022255,-0.739891,56.88940000012484,Vw3
5350.410000000208,-1.7025570050651504,-0.7708529990110233,10.21078800031461,0.04662299995359945,0.1623550002174375,-0.13769499998023296,52.022255,-0.739891,56.95930000014565,Vw3
5350.5100000002085,-0.6655999997884263,-1.0210999991699958,10.0766000001328,-0.024999999855651486,-0.028199999864518606,-0.034899999975460755,52.022255,-0.739891,56.95999999995876,Vw3
5350.610000000209,-0.5640158413718712,-0.6225851476820484,10.140362376370872,0.044306930837904636,0.03684950508643332,-0.023117821757556216,52.022255,-0.739891,56.940198019760594,Vw3
5350.710000000209,-0.10334299902968869,-0.32813399938684185,9.439386998518932,-0.12320100035506328,0.1399650002162981,-0.057947000073771245,52.022255,-0.739891,56.959800000041795,Vw3
5350.81000000021,-1.4982630029671313,-1.279263002022653,8.6710889983862,-0.0763899998971568,0.13674299999097497,-0.05255799998782672,52.022255,-0.739891,57.019400000125934,Vw3
5350.91000000021,0.4083980040723476,-1.1993049998100467,9.453519001675156,-0.025706999893584152,0.0831409998864478,-0.009038999907856893,52.022255,-0.739891,57.08930000014693,Vw3
5351.01000000021,-0.9537450029290595,-1.5112400006632625,9.521395000126986,-0.03133800001301337,0.13249600010578616,-0.03582500005772063,52.022255,-0.739891,57.10980000004198,Vw3
5351.110000000211,-0.5332879990750378,-0.6637919981888615,10.473390002025727,0.02384200011762283,-0.06866300042938653,0.07408700023461329,52.022255,-0.739891,57.18920000016863,Vw3
5351.210000000211,-2.5393999967507663,0.44639999863934554,10.02149999738628,0.13319999964986076,0.12069999950947079,-0.17489999973008358,52.022255,-0.739891,57.340000000668525,Vw3
5351.310000000211,-0.9994990066409404,-0.1984514865136986,8.782787126090453,-0.032740594410710755,-0.11177524801691455,-0.04697920764997718,52.022255,-0.739891,57.656831683839066,Vw3
5351.410000000212,-0.2702109984733435,0.8401440022348338,10.196495003049714,0.02925700013613093,-0.047076999856670854,0.04369700019117608,52.022255,-0.739891,57.81840000033874,Vw3
5351.510000000212,0.4103980014400662,0.2638279987449702,9.101406997627342,-0.009799000084896582,0.11962300035504134,-0.03628300017296884,52.022255,-0.739891,57.839800000042345,Vw3
5351.6100000002125,0.39660799995577656,-0.108796000787517,9.237512000316368,0.05147700013245764,0.09575799994514596,-0.08462000010205403,52.022255,-0.739891,58.03800000042522,Vw3
5351.710000000213,0.9464999922513725,-0.20290000031753005,10.343400001655116,0.14260000002745402,0.19150000015174193,-0.17559999990039943,52.022255,-0.739891,58.23000000053205,Vw3
5351.810000000213,-2.694399987793513,-0.3520999999420535,11.121099996576309,0.15549999986977836,0.2627999998133068,-0.12880000012537518,52.022255,-0.739891,58.480000000379285,Vw3
5351.910000000214,3.0411445667022177,-0.324872277169585,9.51238712527788,0.0943118810574674,0.17507722753546298,-0.18771089121489787,52.022255,-0.739891,58.65821782216271,Vw3
5352.010000000214,-2.9030780129446856,0.36711300149194226,9.157818999269939,-0.00609200021523941,0.3995240004859969,-0.1635499999466172,52.022255,-0.739891,58.9570000006406,Vw3
5352.110000000214,1.7868150102894984,-0.40245600168200124,10.66523900327244,0.09912700023008507,0.06529899927114713,-0.045093999743968716,52.022255,-0.739891,59.19760000051464,Vw3
5352.210000000215,1.341680998931871,-0.25071199965432167,12.531305004008969,-0.23996400073681812,0.1079350000997149,0.04767500019835761,52.022255,-0.739891,59.32870000027877,Vw3
5352.310000000215,-4.930299999439597,-0.7353999958618964,9.681300011158768,-0.26659999849305194,-0.40909999846882517,0.11809999920264148,52.022255,-0.739891,59.57000000031877,Vw3
5352.410000000215,-4.669210890526871,1.1925207962308528,14.880111892383404,0.43547920943267143,0.3042663381698488,-0.25338514931481926,52.022255,-0.739891,59.71851485180496,Vw3
5352.510000000216,2.7063000135536286,1.3431999976125142,12.70639998937252,0.42179999870178997,-0.40939999663464177,-0.12260000119918497,52.022255,-0.739891,59.91000000017073,Vw3
5352.610000000216,8.994220805677001,0.2355762352284969,7.776003949733929,-0.18047722902521263,1.1518871320891957,-0.6789366348664589,52.022255,-0.739891,59.98920792096337,Vw3
5352.7100000002165,-7.747299981791878,-2.116499999634376,5.4432000116228165,-0.22249999959086966,0.6411999997837545,-0.3367999998956278,52.022255,-0.739891,59.91000000057865,Vw3
5352.810000000217,0.6644821964850278,-1.9475891085440806,10.812704962155582,-0.033490098599443074,0.541299009684043,-0.28858217811311093,52.022255,-0.739891,60.1773267332538,Vw3
5352.910000000217,-4.153979010754433,3.495140011935617,9.165381996268598,-0.09852400014680635,0.6744450002942641,-0.3715570001830736,52.022255,-0.739891,60.100799999826265,Vw3
5353.010000000218,-0.5265409919341209,-3.9085600163615237,6.216809993569621,0.5113330013392821,0.3297949992409938,0.0075620008334952304,52.022255,-0.739891,60.16930000015202,Vw3
5353.110000000218,-0.991924001106921,1.9869880131522102,11.444892011581237,0.6107580002054216,0.7871450010151138,-1.0524540023433753,52.022255,-0.739891,60.42740000056698,Vw3
5353.210000000218,1.6987700059382815,-0.11723600476807139,14.785097007240866,-0.46235100236593507,1.141765000770908,-0.42177899858706847,52.022255,-0.739891,60.598300000370735,Vw3
5353.310000000219,-11.186899954868387,4.441899980953128,5.772300008796417,-0.1834999988844012,1.9807999947798964,-1.1593999973244646,52.022255,-0.739891,60.63999999967582,Vw3
5353.410000000219,9.489238659138225,-4.2840406131675675,9.80220099892373,0.32758911003007973,-0.4106851537517522,0.06634257694157042,52.022255,-0.739891,60.49148514818963,Vw3
5353.510000000219,-5.2971999792945255,0.5854999920239359,9.748299994604281,0.17220000012391729,0.5009999982033077,-0.5650999980370719,52.022255,-0.739891,60.44000000013021,Vw3
5353.61000000022,4.149235664336182,-3.053410899090732,7.286616826270158,0.22873465358966094,-0.3187029720994796,0.33044455642466397,52.022255,-0.739891,60.499405940724685,Vw3
5353.71000000022,1.546642994009329,-1.0862379955497121,11.429999009257909,0.2837500001209437,0.305611001404926,-0.4063670016564888,52.022255,-0.739891,60.509900000021986,Vw3
5353.8100000002205,5.329514008497633,-3.391807005187207,9.982050996676769,-0.041311000726204694,-0.6856230022249818,0.3309760016612843,52.022255,-0.739891,60.59910000019872,Vw3
5353.910000000221,0.9587379901656927,1.9337690119304303,11.819785004132406,0.19656400053788617,-0.08477099863739923,0.07317999940823694,52.022255,-0.739891,60.79800000044161,Vw3
5354.010000000221,-0.6452480034781539,0.07848599574151383,8.49467599254202,-0.2099690009121542,-0.5183580009808253,0.21612900032480725,52.022255,-0.739891,60.998000000441614,Vw3
5354.110000000222,2.410871006879363,-1.942184004482039,7.675631998241416,-0.22132700001618466,-0.10769299907038032,0.2423500000554269,52.022255,-0.739891,61.079200000177366,Vw3
5354.210000000222,-3.144836646164141,0.8175396101807355,8.7206287152273,-0.077702969975496,-0.7486663380772752,0.48755148569661355,52.022255,-0.739891,60.88396039560095,Vw3
5354.310000000222,4.57061920970185,-1.1611363682586586,8.631625252274754,0.014488889091715806,-0.28476666558327407,0.20701313066462484,52.022255,-0.739891,60.741414141099334,Vw3
5354.410000000223,7.365674006105744,-0.8523289992588776,13.531198011020438,0.14697100029587007,-0.9653760015414632,0.5571340007938848,52.022255,-0.739891,60.87860000031168,Vw3
5354.510000000223,8.429729002331118,-2.473194003652404,13.102529998924716,0.15275500001001815,-0.9462629999414492,0.45021599975154925,52.022255,-0.739891,61.127500000556566,Vw3
5354.610000000223,-8.958753039284112,2.0342050102140434,10.862675994953666,-0.5943530016869545,-0.378135998717852,0.36871199981849645,52.022255,-0.739891,61.268600000312944,Vw3
5354.710000000224,7.787570038208944,-2.9339550113209607,10.334209998857734,-0.5982369999917292,-0.7899820009428732,0.9387340012889063,52.022255,-0.739891,61.09179999959764,Vw3
5354.810000000224,-4.155734027463336,0.6629560082691204,11.626693002941682,0.070050001514943,0.3412310025740566,-0.12410600242256209,52.022255,-0.739891,61.109800000044885,Vw3
5354.9100000002245,-3.5998509984623266,0.2387569989547591,11.187864998975407,0.1680780002069384,-0.3558430016063536,0.06973300046392805,52.022255,-0.739891,61.11990000002244,Vw3
5355.010000000225,-5.339261003958987,-0.8729180025097454,7.825120992386598,-0.215120000870847,1.1404140034084234,-0.5737790014636065,52.022255,-0.739891,61.030899999798,Vw3
5355.110000000225,-7.858199987592502,0.05830000010503772,8.065499996995479,-0.16199999922404765,0.9615999955172112,-0.595799997427792,52.022255,-0.739891,61.1399999993366,Vw3
5355.210000000226,-2.3573176346729072,0.10486862755583543,6.733441173471293,0.1820196086177399,-1.0258509848671484,0.5445921594304791,52.022255,-0.739891,60.845882352278934,Vw3
5355.310000000226,-9.74469597690522,-0.010612121480882211,6.376173736610419,-0.5059101026142112,0.8942020247266205,-0.27203434537234805,52.022255,-0.739891,60.78060606046894,Vw3
5355.410000000226,-5.348199968943608,-0.9840000072715384,6.095200003210583,-0.5205999980836601,0.5930999997988997,-0.04460000053219083,52.022255,-0.739891,60.79999999938855,Vw3
5355.510000000227,8.365399955385882,-4.194899980498743,7.512900009178974,0.3256000001044874,0.5043000024041079,-0.2796000013060929,52.022255,-0.739891,60.52999999984304,Vw3
5355.610000000227,-11.33489707445546,4.416288138373621,11.566068326039126,0.3717386139661976,1.565884160827406,-0.8563326745774706,52.022255,-0.739891,60.46069306914949,Vw3
5355.710000000227,13.023367056346544,-5.391165022702593,10.741537998014957,0.18904999957972887,-1.268760006528969,0.9104950040675431,52.022255,-0.739891,60.42039999990913,Vw3
5355.810000000228,9.61219994917448,-5.576599979094582,11.072199992199264,-0.05980000011596057,0.8641999992014636,-0.3944999995682174,52.022255,-0.739891,60.639999999181455,Vw3
5355.910000000228,-12.741099967558927,3.6176999887424754,7.641400008304761,-0.11079999982822256,0.5130000014155817,-0.20460000089143449,52.022255,-0.739891,60.27999999970617,Vw3
5356.0100000002285,1.4697911215218316,-1.313686149861617,11.279320800376762,-0.035552475075896386,1.1330990113153434,-0.5950950503956114,52.022255,-0.739891,60.1512871284193,Vw3
5356.110000000229,-10.138699955813488,1.1412999816079763,7.181800003944406,-0.17519999883638884,1.5482999949004632,-0.8396999968403499,52.022255,-0.739891,60.09999999977081,Vw3
5356.210000000229,9.140499988867653,-6.88339998617464,8.902800008707029,0.33250000021177406,-0.676699997294839,0.5388999975169267,52.02225500000259,-0.739891000002473,59.999999999610374,Vw3
5356.31000000023,4.283300007847239,-0.851200007314196,12.701799994209141,0.4248999995161992,0.5035999960041053,-0.544499997495673,52.023384,-0.74097,59.829999999704995,Vw3
5356.41000000023,7.707161394009901,-4.042487136049482,10.175166330825059,0.2138108906038255,-1.2398653505427941,0.5481732698387345,52.023384,-0.74097,59.70128712841697,Vw3
5356.51000000023,-3.1215730252264633,-0.5637609918474427,10.345524000454287,0.31446200023863835,-0.6364709985582842,0.398323999626639,52.023384,-0.74097,59.64059999986206,Vw3
5356.610000000231,-5.61149996536289,-0.957000007525033,5.1538000109286815,-0.34919999953088626,-0.7270000010400098,0.3564000012088085,52.023384,-0.74097,59.49999999929096,Vw3
5356.710000000231,9.38216340094404,-4.214425750092837,9.884592090127232,-0.14613069260059544,-1.1771980208410981,0.879667327940445,52.023384,-0.74097,59.193069306222256,Vw3
5356.810000000231,-4.436999986231477,1.483699990859029,11.66409999215338,-0.25110000008325567,0.2977999987863883,0.02440000033965575,52.023384,-0.74097,59.16999999929096,Vw3
5356.910000000232,1.5230990237113753,-2.4732307022380713,8.267466328763186,-0.2871396040439048,-0.22754653587076695,0.1714297033109855,52.023384,-0.74097,58.863069306219494,Vw3
5357.010000000232,-1.451452007101787,0.42601500687863947,11.873235008519224,0.20304500114817786,0.09538500076815531,-0.15033500075656925,52.023384,-0.74097,58.810499999884144,Vw3
5357.1100000002325,-0.29969999684595167,-1.1352000050224567,9.315499996222611,-0.1352999994725579,-0.08629999953249451,0.10029999945111905,52.023384,-0.74097,58.69999999958506,Vw3
5357.210000000233,1.0549534684978994,-3.292328717889471,7.693123758602063,0.09123465399233985,0.11449207967502852,-0.13544257480583968,52.023384,-0.74097,58.52178217780323,Vw3
5357.310000000233,3.5161760057738194,-2.5571439982148894,8.775206002590792,-0.21151900071950888,-0.3516710011043679,0.3664070011893731,52.023384,-0.74097,58.312099999509584,Vw3
5357.410000000234,-0.20790001248686568,-1.2402999977320195,8.603800001093202,-0.09689999980950179,-0.08570000106562128,-0.042499999343190216,52.023384,-0.74097,58.099999999602645,Vw3
5357.510000000234,-5.550099979600502,-0.270000002042102,9.071500004948811,-0.015399999750522902,-0.541600000046748,0.23850000032515334,52.023384,-0.74097,57.929999999953715,Vw3
5357.610000000234,3.1773257630350544,-1.1436633683848723,11.188727727735959,0.0913326735175535,-0.5616000000468885,0.3776089112172195,52.023384,-0.74097,57.910198019755555,Vw3
5357.710000000235,-3.5429732834347853,0.19056931010842182,10.238817819484408,-0.13784851539629833,0.08385643717131408,-0.18128118944454708,52.023384,-0.74097,57.77277227690302,Vw3
5357.810000000235,2.968898015954536,-1.5767780043056625,8.280171995347505,-0.15239800002374923,-0.425930001254476,0.42019400147033514,52.023384,-0.74097,57.56419999950621,Vw3
5357.910000000235,-0.027638391360774506,1.3192747545178656,10.81750505669375,-0.15745050506215402,0.28711515325322745,0.06297272638478946,52.023384,-0.74097,57.421414141081314,Vw3
5358.010000000236,-2.5708340059701174,-0.482597004354848,10.065065998148667,0.09930600061052139,-0.08902600091178087,-0.05237300026524963,52.023384,-0.74097,57.41009999997646,Vw3
5358.110000000236,-1.6886669978342095,-0.29379399950527274,10.673574001470952,0.13001600006709768,0.5322850014919783,-0.37703200077209587,52.023384,-0.74097,57.1030999992676,Vw3
5358.2100000002365,-3.940799974762177,1.355899993081874,9.118400005067048,-0.10709999985953764,0.30190000099742464,-0.37420000028328937,52.023384,-0.74097,57.00999999997635,Vw3
5358.310000000237,6.7319999661032766,-1.5696999944884082,11.261199997365834,-0.047699999865142645,0.7237000005565207,-0.493999999966988,52.023384,-0.74097,56.9999999998127,Vw3
5358.410000000237,-7.602554489442952,0.7610920847358837,10.147239601318406,0.009329703105554955,0.9590465352116391,-0.480039603927286,52.023384,-0.74097,56.92079207902007,Vw3
5358.510000000238,10.132906042832929,-5.237176014426116,9.358256998136493,0.11899800026137018,-0.14650900265425926,0.26081800177456593,52.023384,-0.74097,56.67249999940706,Vw3
5358.610000000238,-11.464619052372731,0.7222890144777869,7.586516995758156,0.28226200038997246,0.9002140025441061,-0.7506080024503032,52.023384,-0.74097,56.48189999954765,Vw3
5358.710000000238,0.34713468237692346,-3.8589217933327333,5.690052470733241,0.2895851485285126,-0.9100138657616912,0.35593762644607374,52.023384,-0.74097,56.13693069224493,Vw3
5358.810000000239,3.596799989004796,-2.9554999998983145,9.905399990320804,0.24269999844617604,-0.33890000026990197,-0.09049999913933346,52.023384,-0.74097,56.079999999669695,Vw3
5358.910000000239,-1.0174574367701883,-2.912826732571282,5.8434197922724715,-0.40937920947919604,-0.4521673270033708,0.27068811967508466,52.023384,-0.74097,55.94138613828259,Vw3
5359.010000000239,1.7435891157074752,-2.7597831679473255,9.663603969743567,-0.017057424776922514,-0.3542019799580901,0.24724653458796525,52.023384,-0.74097,55.61653465268219,Vw3
5359.11000000024,-2.3080777878351073,1.2254656663140184,12.289006066842123,-0.15946464683298467,-0.21133737339254133,0.1435525250000197,52.023384,-0.74097,55.37242424184265,Vw3
5359.21000000024,-3.5029174785254797,-0.027724274983866426,9.71812426554386,0.22240873879434245,0.0985378648260328,-0.25080873881836274,52.023384,-0.74097,55.37,Vw3
5359.3100000002405,-1.577189790975106,-0.3242122455100358,10.65137143117343,0.06549183630258198,-0.1884612252403448,0.2927448993613376,52.023384,-0.74097,55.3797959183919,Vw3
5359.410000000241,0.5453606111753493,-1.7314919226375052,10.919484849090534,0.04853636360352537,-0.24033434354648003,0.02178383768936981,52.023384,-0.74097,55.320606060460115,Vw3
5359.510000000241,3.037046006009323,-1.917466000417575,9.566392996702506,0.2005630003701342,0.33241000139432464,-0.0912870002680282,52.023384,-0.74097,55.26059999985551,Vw3
5359.610000000242,-0.3156820082468803,0.6532160062807586,12.907018008189834,-0.3504190013490193,0.21345999969543733,-0.05418599990669747,52.023384,-0.74097,55.20059999985497,Vw3
5359.710000000242,1.892451005474841,-0.8414400037129037,10.018617992864748,-0.0997879993744144,-0.06767300068335796,0.16578200053614717,52.023384,-0.74097,55.279200000193384,Vw3
5359.810000000242,0.987299991834652,-0.9654999946436237,10.007300001904985,0.045300000237134985,0.23079999992622469,-0.27679999967711316,52.023384,-0.74097,55.15999999954489,Vw3
5359.910000000243,-2.3878485230405397,1.2485594113125216,10.794725744484772,0.14331980221802149,0.20030495042106,-0.14333465314152227,52.023384,-0.74097,54.97188118766238,Vw3
5360.010000000243,-2.152616999340761,0.49384699809604315,10.004758998044606,-0.21606000088319136,0.27454700018270417,-0.044187999760276625,52.023384,-0.74097,54.90069999983015,Vw3
5360.110000000243,0.6275450068323853,0.7011270005292025,10.559416001384255,-0.1377279997983527,-0.682723002356692,0.16311600050752778,52.023384,-0.74097,55.008900000267886,Vw3
5360.210000000244,-3.319250009778311,1.1025670009822148,10.844775000688013,0.08852300055455084,-0.17710499873235097,0.33498500041767876,52.023384,-0.74097,55.01,Vw3
5360.310000000244,1.2651000000530928,-1.8177999989839955,8.794000003155407,-0.1615999996365551,-0.3479999997709766,0.35359999925018376,52.023384,-0.74097,54.960000000096535,Vw3
5360.4100000002445,1.2868821782710675,-1.4009683158127508,10.088554458610043,-0.012491088744418705,-0.2540396037307127,0.045976236871785425,52.023384,-0.74097,54.99960396049285,Vw3
5360.510000000245,-3.627458012135185,1.2051180064247393,9.609073998784087,-0.06594500013567196,-0.4183310004079937,0.32920800070696093,52.023384,-0.74097,55.11880000029334,Vw3
5360.610000000245,1.8269040136407226,-0.4510060041695525,9.917633000777037,0.0962560004033626,-0.500190000198737,0.016190999217074176,52.023384,-0.74097,55.238800000294425,Vw3
5360.710000000246,-2.1539999936647005,0.7694999975099373,9.16000000179141,-0.11239999976791835,0.16809999930014383,-0.1652999994243701,52.023384,-0.74097,55.290000000240745,Vw3
5360.810000000246,0.42590196713249506,-0.24451961033826353,9.88950980571662,-0.01789019584587781,-0.11690000070127929,0.06911176528268276,52.023384,-0.74097,55.38803921592751,Vw3
5360.910000000246,1.1884454563320384,-0.5639474754992231,10.223639394742387,-0.13736161646659412,0.5900282846190956,-0.3086969706581727,52.023384,-0.74097,55.47909090931479,Vw3
5361.010000000247,-3.7362820122688265,1.7925660058696702,8.175322994896485,-0.18958500012683058,0.377915999454259,-0.14578499958503005,52.023384,-0.74097,55.569100000221646,Vw3
5361.110000000247,-1.499397994290789,0.4208959965158441,7.50278399837261,0.006613000491133503,-0.7863620029013212,0.2322980009397531,52.023384,-0.74097,55.67890000027189,Vw3
5361.210000000247,-3.14920200417689,2.5657920053905556,8.6258890028206,-0.19187500050054448,0.07161500217149808,0.03443699949648932,52.023384,-0.74097,55.798800000296616,Vw3
5361.310000000248,2.350900000686548,-2.719999995738407,8.628000009146051,-0.26489999967521854,-0.4512999979148834,0.23519999907243785,52.023384,-0.74097,55.96000000051436,Vw3
5361.410000000248,2.628424753163745,-0.9973267283995744,12.325128722043306,-0.13361287096142513,0.39157128921974954,-0.13975049597970066,52.023384,-0.74097,56.16792079259503,Vw3
5361.5100000002485,-2.5054150128722523,1.6839900066761546,9.136580991916915,-0.28268100037685173,0.4495990001242941,-0.27121000032003867,52.023384,-0.74097,56.39770000057061,Vw3
5361.610000000249,-4.516807004928306,2.175210001167774,7.439116995812695,0.15496400110453012,-0.4130810021709644,0.23824100128455156,52.023384,-0.74097,56.62770000057269,Vw3
5361.710000000249,5.818800026045553,-2.6543690121589902,12.606336013038712,0.09118899982843799,-0.1236119992500076,-0.01271300064416675,52.023384,-0.74097,56.9072000006972,Vw3
5361.81000000025,1.9211269898972176,-1.1431579960620466,8.760871990160865,0.03604999986255398,-0.8322120017962946,0.4747500012370143,52.023384,-0.74097,57.02880000029988,Vw3
5361.91000000025,3.432299984138255,-2.1296999883849423,10.581400000154028,0.09319999930934683,-0.4727999997820815,0.2626999994274686,52.023384,-0.74097,57.19000000066861,Vw3
5362.01000000025,-2.9095812039679934,2.514260407645462,10.642984158569748,-0.1829386145514923,-0.3856712869109669,0.033789108338813156,52.023384,-0.74097,57.457326733341354,Vw3
5362.110000000251,2.90096701488139,-2.631751013154805,10.600534999890897,-0.10570799979734442,-0.6575450006909853,0.48343500114495386,52.023384,-0.74097,57.568900000275896,Vw3
5362.210000000251,-4.07929301783509,2.807726013914013,11.245184001634346,-0.19429700022649088,0.22446300224158233,-0.08144800144271913,52.023384,-0.74097,57.64920000020066,Vw3
5362.310000000251,1.7438620149869557,-3.1150140152004155,6.770860988606863,-0.2915270002449244,-0.355650001497739,0.1464400005940612,52.023384,-0.74097,57.60049999987414,Vw3
5362.410000000252,4.344433006461152,-4.634957003711254,9.682631007518921,0.169038001173565,0.8450120030680845,-0.5113320016785352,52.023384,-0.74097,57.6,Vw3
5362.510000000252,0.7637279908299819,-1.8325559928367725,7.820708995189692,-0.0824130006512254,0.34368699869427677,-0.28099399939735853,52.023384,-0.74097,57.59009999997483,Vw3
5362.6100000002525,-0.17934200231358866,-0.6506509970566039,9.136714003406972,0.3384230010805,0.05526099927722461,-0.20504299981229568,52.023384,-0.74097,57.500899999772635,Vw3
5362.710000000253,-1.7940820040973064,2.767392008692818,11.455217005882204,0.08797299934995878,-0.2042080006548414,-0.001943999483605019,52.023384,-0.74097,57.47029999992421,Vw3
5362.810000000253,0.3778970056039912,-1.182950010204979,9.49196599491247,0.25914500044496247,0.4905560017859346,-0.45351800116171953,52.023384,-0.74097,57.460099999974645,Vw3
5362.910000000254,-1.450409004739083,1.2352670062963804,12.00927000649846,0.04616899945005237,0.10357999899087522,-0.01873799887474975,52.023384,-0.74097,57.222399999391484,Vw3
5363.010000000254,-1.7395680006926957,-1.36963700673502,8.235675990269806,0.16586900031211874,0.043961999857505506,-0.09557900020816368,52.023384,-0.74097,57.269500000126776,Vw3
5363.110000000254,1.6753780087840997,-2.2596780022193075,10.825057006753848,0.04552799968753622,-0.2076640006452835,0.03952700034935895,52.023384,-0.74097,56.95319999918576,Vw3
5363.210000000255,-2.4234490106238926,1.006520008417485,9.53262299660985,-0.0077740001338451326,0.4271620016382032,-0.20432300063029354,52.023384,-0.74097,56.96980000005089,Vw3
5363.310000000255,-1.2095829967612841,-1.278881005980248,9.538011000048263,0.02803300009371669,0.07759599908172965,-0.04800399959040444,52.023384,-0.74097,56.83139999964249,Vw3
5363.410000000255,-0.4456879980622681,-1.4087250002745204,8.425241997129154,0.10146200018846155,0.12973700014377215,-0.02640199994841568,52.023384,-0.74097,56.681499999616946,Vw3
5363.510000000256,-2.071600004213571,0.9080870059789292,10.103138004357088,0.0005269997377371494,0.07159299984856682,-0.15608800033504272,52.023384,-0.74097,56.47209999946373,Vw3
5363.610000000256,1.473821009220278,-2.239470008208275,9.481451998346557,0.02662600007021752,0.21544100037389552,-0.17353700004177172,52.023384,-0.74097,56.242299999410584,Vw3
5363.7100000002565,-0.6269170055312359,-1.183390997183255,8.784276998211952,-0.05447800021066004,0.22798800002870306,-0.12083399986314786,52.023384,-0.74097,56.11129999966684,Vw3
5363.810000000257,0.12201700200161492,-1.1059709998274336,10.745222005112181,0.06755900031915767,0.11256699969987348,-0.19940100020548507,52.023384,-0.74097,56.08029999992284,Vw3
5363.910000000257,-1.2684999941723505,-0.3709000018934509,10.092200000701316,-0.04229999981906458,0.1409999999301742,0.01969999960984208,52.023384,-0.74097,55.9999999996942,Vw3
5364.010000000258,0.9956584216647482,-1.106543566248429,10.364675248225529,0.02799702988376645,0.11387128705894084,-0.13188415880569918,52.023384,-0.74097,55.881188118506316,Vw3
5364.110000000258,-1.6224260068842207,0.43040100402590387,9.848045998646075,-0.014068000111493725,0.22626200029370336,-0.09379999989676507,52.023384,-0.74097,55.860199999948385,Vw3
5364.210000000258,1.166064007339229,-1.1432470041432214,10.56876700189262,0.06440300020570283,0.0486059995338779,-0.01509099979584573,52.023384,-0.74097,55.770899999767714,Vw3
5364.310000000259,-1.5744310072438819,1.1425490060219348,9.78845599793942,0.037281999926962905,0.14302800025174486,-0.1820060004387406,52.023384,-0.74097,55.601699999559706,Vw3
5364.410000000259,0.15729999363804817,-1.8697999914868977,7.971000005102988,0.17849999987661794,-0.0013999994310428519,-0.02030000051374627,52.023384,-0.74097,55.53999999974079,Vw3
5364.510000000259,-2.2970999920431536,1.4144999921846804,9.939699995206503,0.13089999973405464,0.21809999905571256,-0.21849999922627011,52.023384,-0.74097,55.43999999963711,Vw3
5364.61000000026,0.7725999974622,-1.6005999955641297,8.090400005896639,0.02830000046769279,-0.14619999932885053,0.07999999956630251,52.023384,-0.74097,55.29999999969095,Vw3
5364.71000000026,-0.20304356689230274,0.10474653908595699,10.357330698961455,0.2081019806653564,0.11181980265083635,-0.08673267370069392,52.023384,-0.74097,55.181188118503066,Vw3
5364.8100000002605,-0.6249370010857762,0.7888620017573768,11.156952002046882,-0.09155500079418408,0.015894999740488275,0.001789000237603186,52.023384,-0.74097,55.09089999976527,Vw3
5364.910000000261,-1.3190999937710652,0.742099993441812,10.479399998040245,0.11249999975293082,0.25179999942109316,-0.18079999970227645,52.023384,-0.74097,55.00999999987078,Vw3
5365.010000000261,1.0672366398875732,-1.7703752540779634,9.728607918833811,0.017846534406583667,0.030017821203710715,-0.06674059376190836,52.023384,-0.74097,54.96049504937583,Vw3
5365.110000000262,-1.0792770057378034,0.9063090071427444,11.04888800351026,0.03363100004423157,0.08640800015494138,-0.09252800007118928,52.023384,-0.74097,54.97980000005234,Vw3
5365.210000000262,-0.9180499995157914,-0.9979890051066995,9.040620994655123,-0.14855800048211473,-0.22544400082603375,0.27359900096867895,52.02457398000315,-0.7416758700018662,54.89089999976444,Vw3
5365.310000000262,-1.1472660006129896,-0.8264299994931149,9.49708300126511,-0.061695999764679224,0.027909000680486767,-0.04603400085776521,52.024586,-0.741683,54.790999999737366,Vw3
5365.410000000263,-1.2151380001738703,0.4336910033379413,10.940766003817265,-0.12623900017360762,-0.2574910007640311,0.13305800048379002,52.024586,-0.741683,54.7602999999212,Vw3
5365.510000000263,2.017639008578212,-2.3620320074506815,9.415255995914311,-0.030671999744710146,0.02254200075063617,0.13133599999054482,52.024586,-0.741683,54.750099999973735,Vw3
5365.610000000263,1.8323019994196756,-0.5095979949931857,10.604827003208126,0.05712300023112833,-0.18537100056108577,0.13278500000395316,52.024586,-0.741683,54.70049999986823,Vw3
5365.710000000264,1.2433269984379192,-1.7764120034230313,10.155560998771577,-0.023477000216904416,-0.2676900002134782,0.05389699978994797,52.024586,-0.741683,54.749500000131775,Vw3
5365.810000000264,-3.377980012328835,0.3952330058357014,8.484135995547657,0.08460000029089915,-0.1449479996699617,0.2505060005273208,52.024586,-0.741683,54.690599999841325,Vw3
5365.9100000002645,1.021391011876763,-0.8734620034480667,10.531153005513257,0.06421699994261156,-0.22834500022611576,-0.025393000742347238,52.024586,-0.741683,54.64049999986777,Vw3
5366.010000000265,-1.1936720060371582,-0.921150000092562,8.530023994598611,-0.09440000042314059,0.017409000658776985,-0.08591700015418184,52.024586,-0.741683,54.679600000105786,Vw3
5366.110000000265,0.19729999978885676,-0.8643999969467056,10.120099998879864,0.08439999957192876,0.030800000260576537,0.043999999374458545,52.024586,-0.741683,54.67,Vw3
5366.210000000266,0.11779504929396477,0.28530297334804644,9.698317820662878,-0.07678811923963308,0.12891881214157028,-0.19154455508052037,52.024586,-0.741683,54.67,Vw3
5366.310000000266,-1.5715440045415483,-0.9897050034602144,8.612623997091235,-0.14621500018239686,0.16742100010091737,-0.0845049997057686,52.024586,-0.741683,54.699700000079886,Vw3
5366.410000000266,1.0399490070700494,0.4986350040381644,10.89335200616389,-0.06463099977871976,-0.056237000602595844,0.05678400037705511,52.024586,-0.741683,54.81880000031954,Vw3
5366.510000000267,1.2567780005117937,-0.8535880036778849,10.03866699763888,-0.10300400010544762,-0.021176999899611734,0.03453899993635863,52.024586,-0.741683,54.86950000013314,Vw3
5366.610000000267,1.3728864080754704,-0.7052514558726275,9.398987376936606,-0.026987378434344345,-0.202460194665521,0.08754854383317388,52.024586,-0.741683,54.946893204091225,Vw3
5366.710000000267,0.3966175230431289,0.48655361154631127,10.176831960998781,0.007077319673847313,-0.06233608206379396,0.013790721438208031,52.024586,-0.741683,55.11824742314869,Vw3
5366.810000000268,-0.7454999989746466,0.6245999991898834,9.59850000221273,0.04040000003918211,-0.12889999990733958,0.07739999974028614,52.024586,-0.741683,55.320000000661864,Vw3
5366.910000000268,-0.36203465243729965,0.32162970215805237,10.42602475469379,0.05505346538581969,-0.09424653456056153,-0.0197287131316832,52.024586,-0.741683,55.56752475313885,Vw3
5367.0100000002685,-0.2199959996257312,0.9089370015986854,10.29985799963592,-0.06884700033593036,0.015297000295715221,0.11334600036300854,52.024586,-0.741683,55.68880000032172,Vw3
5367.110000000269,-0.4854050007249583,-0.06727900266876141,8.76508899583344,-0.08158400003120414,0.03412100004815122,-0.02033600036691771,52.024586,-0.741683,55.9672000007532,Vw3
5367.210000000269,0.05362800147202462,-0.8831590021900132,8.910772000437948,-0.0998170000492289,-0.06390800026685826,0.13976900043875587,52.024586,-0.741683,56.148200000484216,Vw3
5367.31000000027,-0.4431999966284725,-0.1873000004811137,9.90539999862756,0.04499999967428203,-0.034299999615109045,-0.013400000128474681,52.024586,-0.741683,56.23000000005331,Vw3
5367.41000000027,0.8091762410040864,-0.3660128717694977,9.395598018425959,-0.07599009933646876,0.10867029741559811,-0.0611227724060376,52.024586,-0.741683,56.24980198025147,Vw3
5367.51000000027,-1.4160960061012684,0.6431880027564213,9.569789000488825,0.0800120004286327,0.08138999992172324,-0.07080700002510255,52.024586,-0.741683,56.349000000269925,Vw3
5367.610000000271,0.20499700449642844,-1.5136110059279848,10.279549001936635,0.04447499989844241,-0.04631300034854566,-0.04684299993419068,52.024586,-0.741683,56.36980000005416,Vw3
5367.710000000271,-0.6464000062089889,0.22940000552148648,9.96449999354789,0.13130000004830228,-0.0845999998698522,0.06789999974855984,52.024586,-0.741683,56.38000000029518,Vw3
5367.810000000271,-2.9372910953339906,2.2666277283080727,7.583905934125228,0.14912178222664527,-0.03658019788931691,-0.02487227747981456,52.024586,-0.741683,56.48891089138505,Vw3
5367.910000000272,-0.6756759937293548,2.08771299945299,10.711963008651349,0.19662200012989117,-0.48506500123233554,0.08834700031331486,52.024586,-0.741683,56.66820000048913,Vw3
5368.010000000272,-4.316095010055696,2.931259002320921,10.420267999111957,-0.02238300060244497,0.8777880037532566,-0.47371100154592205,52.024586,-0.741683,56.72940000016304,Vw3
5368.1100000002725,1.9872560174609077,-2.967926016269473,9.385716997159916,-0.10934400023337919,0.2940359983543497,-0.2789249994479055,52.024586,-0.741683,56.66069999980915,Vw3
5368.210000000273,0.48888199569706425,1.195740011631178,11.323323005364902,0.11977700063336204,0.48748500054938637,-0.38154300028818927,52.024586,-0.741683,56.749100000245384,Vw3
5368.310000000273,-3.453537010849763,1.8068580015707167,8.143517991159452,-0.19004700086249915,0.4205959998096101,-0.2438019996164847,52.024586,-0.741683,56.957900000574455,Vw3
5368.410000000274,2.1994980157301214,-0.9958320077602882,10.989922007954515,0.20676000110517354,0.008257998862546634,-0.16062599977404124,52.024586,-0.741683,56.999600000109425,Vw3
5368.510000000274,-0.23700800689146861,1.7809650077512607,10.878320999611274,0.04843999955136519,0.2991200008152023,-0.12851599991355572,52.024586,-0.741683,57.019800000054715,Vw3
5368.610000000274,0.5681130023018811,-2.8067730127971635,10.565247999136005,0.13352400024042538,-0.16815000130367652,0.08346200058679165,52.024586,-0.741683,57.10910000024701,Vw3
5368.710000000275,-0.5127999995108173,0.30919999708907486,10.543599995789624,0.15429999955723614,0.05669999954185478,-0.057499999637439035,52.024586,-0.741683,57.270000000466936,Vw3
5368.810000000275,-0.3347000000484067,-0.7506000001240083,9.01070000180791,-0.006900000041336084,-0.11009999965625783,0.0744999997367544,52.024586,-0.741683,57.440000000489505,Vw3
5368.910000000275,-0.3523237624247681,-0.7957485149758106,9.668917823594711,-0.02194950499193684,0.015048515196106366,-0.02134158442233461,52.024586,-0.741683,57.61821782227293,Vw3
5369.010000000276,0.6028500026573862,-2.0774580035639265,9.132583998489833,-0.04298900005810451,-0.3496040010177927,0.1703540005358833,52.024586,-0.741683,57.66950000013769,Vw3
5369.110000000276,-1.6620250063474689,0.6856590077470894,10.877816004885686,0.13034700048431397,0.23258200163500847,-0.3284420013974101,52.024586,-0.741683,57.64029999991712,Vw3
5369.2100000002765,-0.7470739973824637,0.9584280006829797,10.582164999125554,0.08240199986130428,0.163457999790575,-0.0544189992211489,52.024586,-0.741683,57.66970000008289,Vw3
5369.310000000277,0.21609999904051008,-2.594699992550471,8.034700005105691,0.17129999974322355,0.20389999993265776,-0.1822999999457977,52.024586,-0.741683,57.74999999983575,Vw3
5369.410000000277,-0.1309297039322244,0.09965644311201771,9.881333668484999,0.07842871261385835,0.17954356428892232,-0.16269603954962042,52.024586,-0.741683,57.69059405924127,Vw3
5369.510000000278,0.40564500151210303,-1.8671610055824461,9.29471199830578,-0.05090300035952296,0.1271269998539178,-0.029245999626894448,52.024586,-0.741683,57.581099999695084,Vw3
5369.610000000278,-1.9038170065027236,-0.3206249955991276,10.602825003691727,0.07917300036903366,0.11382899996412559,-0.09522000018910542,52.024586,-0.741683,57.50079999977752,Vw3
5369.710000000278,-1.5044699988124903,0.5040300022721202,10.047542998402841,-0.02473700029562592,-0.10875300062490259,0.09586300053868992,52.024586,-0.741683,57.44059999983313,Vw3
5369.810000000279,2.278432010649089,-0.9573560041415605,9.458590998356378,-0.216771000538202,0.042153000431621804,0.021965999786281637,52.024586,-0.741683,57.4102999999163,Vw3
5369.910000000279,-1.6714170112395523,0.2126320033392488,9.10105199900894,-0.0008999993861674993,-0.2813170009160056,0.14455400034765242,52.024586,-0.741683,57.4298000000558,Vw3
5370.010000000279,0.1093060051321979,-1.0305220035373495,10.326882003464805,0.0596110001643397,-0.37320500024971826,0.19896300014983095,52.024586,-0.741683,57.12309999913505,Vw3
5370.11000000028,-1.3843999935095184,-0.5078000050682903,8.380600005264377,-0.07319999967617623,-0.18990000021289452,0.15310000009020006,52.024586,-0.741683,56.99999999957981,Vw3
5370.21000000028,0.9325999940627502,-2.3170999914101666,10.259899998051333,0.04239999936403448,-0.26589999967965977,0.1852999999181815,52.024586,-0.741683,56.849999999694916,Vw3
5370.3100000002805,-1.1869049564471865,0.749335652175728,9.56425643369001,-0.1846297036078572,-0.15154356403529218,0.15609207912589712,52.024586,-0.741683,56.741089108605046,Vw3
5370.410000000281,0.83739999616075,-3.1163999909193323,8.562900005864604,-0.18499999958363333,-0.2796999992182893,0.19399999954434316,52.024586,-0.741683,56.60999999989086,Vw3
5370.510000000281,-0.5287165086977202,0.11476505763405775,10.649696122375724,-0.03684465977736329,-0.0015446594116290124,0.031864077213759306,52.024586,-0.741683,56.57116504843443,Vw3
5370.610000000282,-0.018200001379847543,-0.8219999984744352,9.071100001956017,-0.005899999693770432,-0.038500000023448756,0.014799999744017764,52.024586,-0.741683,56.449999999860424,Vw3
5370.710000000282,-0.5076059419729374,-0.28091088956461596,9.764862378192268,0.102713861692153,-0.046816831706600594,-0.07599207946372316,52.024586,-0.741683,56.400495049365475,Vw3
5370.810000000282,0.859145003916028,-0.9487000019219769,10.8315950030257,0.035786999805823796,-0.15144400029847171,0.02863400030129816,52.024586,-0.741683,56.31089999974562,Vw3
5370.910000000283,-1.303199994711783,0.42039999476241374,9.861100000785482,-0.045799999988685884,-0.040900000613507834,0.07529999993607527,52.024586,-0.741683,56.299999999830284,Vw3
5371.010000000283,0.5663999942177596,-1.431299988756459,10.138800001699357,-0.041800000017083186,-0.25779999950458743,0.052699999951550947,52.024586,-0.741683,56.23999999988798,Vw3
5371.110000000283,-1.4778574315391733,2.543749516221956,10.739592080911498,-0.04783960397752165,-0.08265148465187208,0.03557128708014351,52.024586,-0.741683,56.200396039491665,Vw3
5371.210000000284,0.5914910059857159,-0.7587400095730619,9.11140699531924,-0.1624430003280815,-0.202571000348498,0.18805800043725301,52.024586,-0.741683,56.318800000340275,Vw3
5371.310000000284,-0.09319999859973116,1.0479999935695519,9.773400000740873,-0.0413999998558712,-0.06180000014637642,0.009900000411314927,52.024586,-0.741683,56.430000000140474,Vw3
5371.4100000002845,0.40026534793838836,-1.2181386203077516,10.034489109653599,0.009392079352406345,-0.11338415856258033,0.154850495461838,52.024586,-0.741683,56.47950495063587,Vw3
5371.510000000285,0.10701199914317105,-0.35672999745966727,9.721388999092818,0.014652000013654643,0.017770000378347445,-0.019029000503799437,52.024586,-0.741683,56.56910000025602,Vw3
5371.610000000285,0.3659540007550947,0.24461600170766695,9.969957000725701,-0.0798450002725304,-0.0882160003093434,0.059885000232578284,52.024586,-0.741683,56.728400000456595,Vw3
5371.710000000286,-0.7628710032616222,-0.35102300173426176,9.941908999911817,-0.06604899995747819,0.01821400030992404,0.0443649999529121,52.024586,-0.741683,56.94780000062784,Vw3
5371.810000000286,0.5148780037279597,-1.1215780022106667,10.253450000901788,0.10121200048324343,-0.1102910003747427,0.06479200005954658,52.024586,-0.741683,57.167800000629825,Vw3
5371.910000000286,-0.5797000001778513,0.2259000018794933,11.184299998023498,0.09239999961110996,0.10019999905514756,-0.01729999931015277,52.024586,-0.741683,57.3000000006524,Vw3
5372.010000000287,-0.6417792080985203,0.8819396058385897,10.494399007925855,-0.043342574646046864,-0.22960198114221886,0.223492079897291,52.024586,-0.741683,57.52772277292918,Vw3
5372.110000000287,-0.8896030007171163,2.157581003681503,10.460472999921597,-0.047868000009190115,-0.030939999414130087,0.003248999354107135,52.024586,-0.741683,57.708200000516946,Vw3
5372.210000000287,1.651111007377887,-2.2031230126876444,8.95955799564662,-0.12917900023579137,-0.46063900125248025,0.3293830009526432,52.024586,-0.741683,57.9080000005744,Vw3
5372.310000000288,-0.12361400523939814,-0.7036919955079348,10.100918003365592,0.019985000436472472,-0.06008999882166843,0.06906299923278802,52.024586,-0.741683,58.08820000051858,Vw3
5372.410000000288,-1.4070999997068374,3.3319999958608983,9.985700000271754,-0.11859999946676955,-0.42869999919473073,0.1927999999597508,52.024586,-0.741683,58.20000000057092,Vw3
5372.5100000002885,-1.3054168313902073,1.896356431507307,10.07995742601414,0.06635049558236898,-0.14939306850221473,0.1788396039201745,52.024586,-0.741683,58.398019802550714,Vw3
5372.610000000289,-1.8353732688757003,-0.21974060019065234,8.404957420853476,-0.11009802032211531,-0.3924336640834883,0.4009108917373476,52.024586,-0.741683,58.59603960453229,Vw3
5372.710000000289,1.4018999900379694,-3.286699986975395,8.832800004048785,0.015299999655514023,-0.33549999977091544,0.0859000002413979,52.024586,-0.741683,58.79000000014317,Vw3
5372.81000000029,-2.042555455530778,1.2166663496898988,10.232700994157627,-0.10380891123641169,-0.2562920789782799,0.16936534677663762,52.024586,-0.741683,58.83950495063858,Vw3
5372.91000000029,0.25569999336301336,-2.3253999871516458,9.783800004518175,-0.10289999950939219,-0.4074999987718847,0.33569999891230706,52.024586,-0.741683,58.920000000145066,Vw3
5373.01000000029,-2.031899995270613,2.1030999850982948,11.341099991771546,0.06619999934706655,0.015799999337012583,-0.03919999917959616,52.024586,-0.741683,58.97000000008617,Vw3
5373.110000000291,-0.40180098535817343,-3.033137638700157,8.504961377890238,-0.1588495056050092,-0.21271485214974098,0.24357227805011278,52.024586,-0.741683,58.99970297038342,Vw3
5373.210000000291,-0.9574230016801724,-0.08875999119923561,10.31433700539883,-0.029033999612021827,-0.014128999409889237,0.031272999368008564,52.024586,-0.741683,58.990099999970916,Vw3
5373.310000000291,0.26251900361201586,-0.8975250024724849,9.162818996551941,-0.14788600035417068,-0.12783100034104244,0.21611100055109428,52.024586,-0.741683,58.78209999938735,Vw3
5373.410000000292,-1.6071890055464157,0.663150004624201,10.068829002704792,-0.0020849995667546473,0.06900000058349545,0.00594199937507639,52.024586,-0.741683,58.611699999504026,Vw3
5373.510000000292,-2.4339410023803696,1.5073330024410532,10.184525000313629,-0.053862000156960264,-0.042850000335509855,0.03142100008139761,52.024586,-0.741683,58.50109999967908,Vw3
5373.6100000002925,-0.6049569945693289,-2.210561011014983,8.946317996336631,0.12706700053642397,0.22864600080595293,-0.08175400033537475,52.024586,-0.741683,58.460399999882945,Vw3
5373.710000000293,-1.834295003688944,0.7298190088034215,10.777180005449278,0.07444999983903852,0.12259899967836972,-0.145567000185252,52.024586,-0.741683,58.331299999619546,Vw3
5373.810000000293,-0.5277249960883448,-0.7753920045524916,10.130915998028467,0.0053919997968581435,-0.07432200058065697,0.005567000450023812,52.024586,-0.741683,58.16169999950095,Vw3
5373.910000000294,-2.3906999951272523,0.17220000055379403,8.936100004441114,-0.009899999859806346,-0.004899999792327241,-0.13999999936127538,52.024586,-0.741683,57.969999999592794,Vw3
5374.010000000294,-0.7319871238434097,0.360714852038569,10.44788218265594,0.03782277241732684,0.06579306951446341,0.0774257432125513,52.024586,-0.741683,57.83138613820693,Vw3
5374.110000000294,-1.5019550023395412,0.05134399907419546,9.385483996795019,-0.03684100022350052,-0.00705700021878905,0.014160999805357247,52.024586,-0.741683,57.61219999935217,Vw3
5374.210000000295,-0.5443000005146623,-0.42679999960262466,10.70819999445075,0.11409999941764963,0.01119999980773102,0.02960000013858538,52.02458600000366,-0.7416830000010707,57.38999999947484,Vw3
5374.310000000295,-0.7189534658624237,-0.29194851445316267,8.825031677605839,-0.08352376295997606,-0.05404752494520251,0.07662970310921274,52.02582758416209,-0.7420463663377069,57.211782177691404,Vw3
5374.410000000295,-0.9154330005810236,-1.1693240026218434,9.351195001626099,0.07715700048531869,0.030143000253145535,0.0660119999669168,52.02584,-0.74205,57.15059999982277,Vw3
5374.510000000296,-1.5110040017711324,0.12780800389672797,9.159293999411,-0.11920000059077142,0.000408999908725817,0.06005899998257224,52.02584,-0.74205,57.01139999958646,Vw3
5374.610000000296,0.1222420049059052,0.12288299994577964,9.977911002455915,0.006510000382209058,-0.013859000041776339,0.06178200000533315,52.02584,-0.74205,56.79219999934817,Vw3
5374.7100000002965,-0.35532647206956414,-0.3469676484668279,10.28601470678116,-0.1357500004303448,0.23010294190826044,-0.11387647111489119,52.02584,-0.74205,56.654117646651464,Vw3
5374.810000000297,-3.035899989302098,1.1521999916866834,8.814700005267635,-0.04300000020431753,0.2510999998907958,-0.027500000077499753,52.02584,-0.74205,56.58999999964773,Vw3
5374.910000000297,0.5722188226044325,-1.6516613944716243,10.591333668646449,-0.11191089129391046,0.21426831672222027,-0.05363861393906949,52.02584,-0.74205,56.47118811845878,Vw3
5375.010000000298,-2.983299987522412,2.0876999873766255,9.797800002032849,-0.07459999978802621,0.4585999982695125,-0.3020999987293235,52.02584,-0.74205,56.429999999795896,Vw3
5375.110000000298,1.2121902085769687,-2.1568098165661373,10.481329413800967,-0.003325489983748736,-0.12326274683143223,0.12515490323359413,52.02584,-0.74205,56.36137254881516,Vw3
5375.210000000298,0.3925201992715477,-0.6082676717988398,9.43273939070804,-0.06693636383420169,0.32510606200538106,-0.15277676854821873,52.02584,-0.74205,56.270909090638085,Vw3
5375.310000000299,1.9565999907992202,-3.0625999893794216,10.340499998777798,0.014299999917299017,-0.618299999142568,0.3389999995182668,52.02584,-0.74205,56.23000000005907,Vw3
5375.410000000299,-1.1276574349650175,0.4975980304475649,9.93079702847789,-0.013422772360123427,-0.33087425656629177,0.17751485100228104,52.02584,-0.74205,56.24980198025723,Vw3
5375.510000000299,-2.163053003034193,2.418754005695205,9.798593999613063,-0.009838999988338076,-0.10069599931344164,0.06195099965582376,52.02584,-0.74205,56.309400000179416,Vw3
5375.6100000003,0.09657300687635928,0.3913709938002694,10.563956002322612,0.0950410003176196,-0.19324200028732727,0.12396200019135153,52.02584,-0.74205,56.319900000029996,Vw3
5375.7100000003,-0.1921520009441896,0.39317300006808487,9.84444599779669,-0.015869000339224407,0.11022500092229445,-0.007961000401610505,52.02584,-0.74205,56.49820000053988,Vw3
5375.8100000003005,-0.43616700073192805,0.11134899914292518,10.230625001195813,-0.02897900003640086,0.09429199994223995,-0.05196900012965927,52.02584,-0.74205,56.69800000060167,Vw3
5375.910000000301,0.5524890030117359,-0.07524400055836396,10.491109000779485,-0.04286100004181713,0.0388579998321298,-0.009235999868832605,52.02584,-0.74205,56.79900000030084,Vw3
5376.010000000301,0.41680000196512357,0.35809999784203017,9.426100002376748,-0.03890000000745155,0.022699999463488177,0.04760000011713842,52.02584,-0.74205,56.90000000053651,Vw3
5376.110000000302,1.0695722791974314,-0.3587316853313215,10.215604952877342,-0.04137524753222141,-0.1555178223199418,0.08651089120652064,52.02584,-0.74205,57.07821782231994,Vw3
5376.210000000302,0.2734079975533935,-1.5898370037305618,8.695434995342456,-0.17198100039801112,-0.13987599994689162,0.09155300001418235,52.02584,-0.74205,57.278000000603505,Vw3
5376.310000000302,-2.0732780071492587,1.6518310099478872,10.157179004515879,0.01836400058593532,-0.19296200016282708,0.07150299993856153,52.02584,-0.74205,57.45820000054478,Vw3
5376.410000000303,1.7886520118788645,-1.2977740091179844,9.493058997924043,-0.06790900026967152,-0.37575900055720013,0.2171270004458206,52.02584,-0.74205,57.55900000030267,Vw3
5376.510000000303,-1.5540999849873538,0.8167999908949567,11.365399998740275,0.017599999463245045,-0.07330000014993156,0.002500001070811147,52.02584,-0.74205,57.850000000719675,Vw3
5376.610000000303,3.4028307081167695,-2.189536642789525,10.949459404677947,-0.159627723310277,-0.12280495064532879,0.35606435750893806,52.02584,-0.74205,58.08762376309758,Vw3
5376.710000000304,-1.8618210162953952,1.9125610126707562,10.694334999230447,0.2561820012804631,-0.41188500088490987,0.18605299946783976,52.02584,-0.74205,58.19890000033393,Vw3
5376.810000000304,5.5514760229644615,-5.620190023295117,12.500530005562696,0.1295219995974886,0.09168400155767648,0.18954700001613697,52.02584,-0.74205,58.35840000048715,Vw3
5376.9100000003045,-2.5743590252234805,5.514753034481519,10.354758993344358,0.08087799985445826,0.5107190012730336,-0.6117060024644663,52.02584,-0.74205,58.58770000070031,Vw3
5377.010000000305,0.8376000035762278,-0.7452999984422066,8.137400008879784,0.13620000005037788,-0.333399998793042,0.08949999977465692,52.02584,-0.74205,58.80000000090499,Vw3
5377.110000000305,2.0113623798220956,-0.2340128697257442,11.051855454444809,0.1527346535158406,0.06273861507112655,0.015539603734533489,52.02584,-0.74205,59.097029703877375,Vw3
5377.210000000306,-1.1188630096921668,1.0538430039569402,9.3416689946346,-0.016192000521606353,-0.20060000082455343,-0.015791000094365553,52.02584,-0.74205,59.30790000064132,Vw3
5377.310000000306,0.06868400377227424,-0.28346100417749653,10.260838002898122,0.07327900028209358,-0.13370299978467776,0.14962600051273034,52.02584,-0.74205,59.43870000039818,Vw3
5377.410000000306,-0.5987340021030533,1.4395580053731079,10.106454999493073,-0.10528700055532124,-0.05478999975802329,0.11912499990045262,52.02584,-0.74205,59.57860000042882,Vw3
5377.510000000307,-0.07268299835118919,-2.8118790132079465,7.644946992389373,-0.22738500037215403,-0.1849770004052344,0.18859500021594122,52.02584,-0.74205,59.64930000021441,Vw3
5377.610000000307,-2.253418006783591,1.316761012945102,10.16905300790948,-0.055547999463014364,-0.07957799966883838,0.10683299974410237,52.02584,-0.74205,59.709400000184324,Vw3
5377.710000000307,2.4207000013757325,-1.1546000021454728,11.71790000278738,0.13809999897520117,-0.27559999779943706,0.1346999980328854,52.02584,-0.74205,59.60999999978694,Vw3
5377.810000000308,2.8682247538541232,-1.8525207942295827,12.624632676061074,-0.1952663376608037,0.44024158636400684,-0.5052009920706191,52.02584,-0.74205,59.540693069093386,Vw3
5377.910000000308,-3.3713290194333494,2.688263014154045,10.14790899226345,-0.3123510003540283,0.16089399910830476,0.16387700210229328,52.02584,-0.74205,59.678600000431366,Vw3
5378.0100000003085,1.7256780160597582,1.3296869956287212,11.977466005772294,0.12952500137883083,0.1075099998428595,-0.012846000571251903,52.02584,-0.74205,59.630499999845945,Vw3
5378.110000000309,-1.8496000002072746,0.5232999991987621,7.2862000031418805,-0.2232999991932512,0.16119999884697683,-0.04689999932061646,52.02584,-0.74205,59.40999999972445,Vw3
5378.210000000309,-1.916629703177439,0.2641910883081864,8.302239607100265,0.03759108991514287,-0.21167128828099735,0.17280297097597797,52.02584,-0.74205,59.32089108883354,Vw3
5378.31000000031,-0.6890069961547169,-1.6803840060795574,9.089253002432008,0.044853000014566644,-0.19391699993274553,0.09906699976228482,52.02584,-0.74205,59.181399999566096,Vw3
5378.41000000031,-2.2883200050457844,0.5372020070039698,9.218969000381533,0.30220100080552786,-0.04559599953633334,-0.16504000082443404,52.02584,-0.74205,59.0116999994731,Vw3
5378.51000000031,-0.6202277174872111,0.33602079137705443,11.212060402289477,0.2060940590962303,-0.2289653471147067,0.09626732756092529,52.02584,-0.74205,58.92178217794102,Vw3
5378.610000000311,-3.410579806938416,1.012748487009329,8.446134334533498,-0.17018080926798507,0.14801515272273755,-0.10568484914233295,52.02584,-0.74205,58.87050505034806,Vw3
5378.710000000311,-0.7151179914461094,-2.5480620112023074,9.46828600329933,-0.10083899977028399,-0.1353980009020783,0.19167500094031242,52.02584,-0.74205,58.543299998974206,Vw3
5378.810000000311,0.796599989496152,-0.14049999979089006,11.479299993473553,-0.042500000315666704,0.26879999947891897,-0.03869999997197496,52.02584,-0.74205,58.329999999815215,Vw3
5378.910000000312,-2.580330703596874,-0.07327227701814064,9.381082171676637,-0.14398514883123098,0.10127524700249477,-0.029690098981812664,52.02584,-0.74205,58.27059405922075,Vw3
5379.010000000312,0.6365999962809871,-1.1449999965021092,11.4590999961403,-0.05570000019971345,0.21620000008777604,-0.025800000552958512,52.02584,-0.74205,58.21999999929657,Vw3
5379.1100000003125,-0.5555568664700641,-0.023725486692588893,10.22184509417334,-0.11971960804317038,0.24433725498987732,-0.2030549025146279,52.02584,-0.74205,57.994509803217014,Vw3
5379.210000000313,0.8501260045579414,-0.8301840026428374,10.838608002045401,0.059124000574312496,-0.09280800107675785,0.06113600085365711,52.02584,-0.74205,57.77439999931258,Vw3
5379.310000000313,-0.4533020244658623,1.1818959660880088,7.902295950158939,-0.12102424301241316,0.0832333339186535,-0.026351515448926208,52.02584,-0.74205,57.65121212083204,Vw3
5379.410000000314,-3.211972008694824,-0.10885300415393573,7.6236109992126115,0.29497900132360255,-0.29882200121604613,-0.09115500020225627,52.02584,-0.74205,57.42229999927878,Vw3
5379.510000000314,2.012745016636752,-5.981811018560226,9.791675006875144,0.11743599942427521,-0.7037490012702946,0.4217130016265166,52.02584,-0.74205,57.004199998682985,Vw3
5379.610000000314,-5.4536460238857085,2.4939880271116035,9.461258998880782,-0.03002900046259417,0.5917730041281264,-0.3206490023746081,52.02584,-0.74205,56.95049999984276,Vw3
5379.710000000315,3.861837029832998,-1.6785820135285197,11.398991006166737,-0.03387600000754764,0.146925998545192,-0.18593699954808493,52.02584,-0.74205,56.80149999952827,Vw3
5379.810000000315,-0.356829013741661,1.9592200117260319,9.952805995330403,-0.10706100023306987,0.7666930019891363,-0.4235850007616559,52.02584,-0.74205,56.710899999716155,Vw3
5379.910000000315,-2.337632006171641,1.8367129994912685,7.874839993427177,-0.1456180001204807,0.7377559998877196,-0.32323799967262046,52.02584,-0.74205,56.79910000028385,Vw3
5380.010000000316,2.945339016892848,-3.0434220155420135,10.004181006850054,0.07427500070175291,0.09083099794015803,-0.1493459994493211,52.02584,-0.74205,56.50299999905381,Vw3
5380.110000000316,-0.46085301105356047,0.7943370124186897,10.416356001247467,0.036800999873165714,0.45753000119243203,-0.21056400020116361,52.02584,-0.74205,56.31189999939904,Vw3
5380.2100000003165,-1.0938999993366074,0.5106999995701874,9.730500001771157,0.1784999996512124,-0.2511999995635407,0.09959999960120476,52.02584,-0.74205,56.2900000002532,Vw3
5380.310000000317,-0.8843000063184884,0.37490000329571704,10.290099997609298,0.06829999982952648,-0.11330000012754177,-0.0263999996881964,52.02584,-0.74205,56.37000000031337,Vw3
5380.410000000317,-2.8806366399958763,1.4161871320159023,9.534753462950526,0.0144386136905343,-0.1535970298307951,0.07211485179764407,52.02584,-0.74205,56.46900990130416,Vw3
5380.510000000318,0.3591730104448909,-0.6497270066529199,10.4744320030351,-0.018671000104363258,-0.24547600029310535,0.15289400025567412,52.02584,-0.74205,56.51950000015861,Vw3
5380.610000000318,-1.7504580068846227,2.5909540104805826,10.728926000787014,0.1187090004424965,0.1857350013885674,0.0036159995177392212,52.02584,-0.74205,56.47049999984094,Vw3
5380.710000000318,0.13662000613341263,-1.2665030125012815,8.809413993823958,-0.053942000559260336,0.0260569994728701,0.06763800021059746,52.02584,-0.74205,56.49970000009544,Vw3
5380.810000000319,-0.017845000559886165,0.6057910061600238,9.89196900355105,-0.023425999895998348,0.18091900050437607,-0.07515100046226497,52.02584,-0.74205,56.54950000015951,Vw3
5380.910000000319,-0.43319999725934033,0.2529999967940825,8.2308000024091,-0.20269999945888487,-0.013400001153978585,0.020400001016803372,52.02584,-0.74205,56.63000000015804,Vw3
5381.010000000319,0.42531485422410725,-0.751257428946502,8.985453467754141,-0.033195048964171164,-0.374885149668114,0.3389148525013209,52.02584,-0.74205,56.67950495065299,Vw3
5381.11000000032,0.3908349998608292,0.8701210052721752,11.203076007142183,0.06571800031417416,-0.3030619997562111,0.07123599912466344,52.02584,-0.74205,56.69980000006399,Vw3
5381.21000000032,-1.7461190069046695,1.831357003053207,11.426964000651402,-0.03517100032922037,0.2892250019116537,-0.2515670010343727,52.02584,-0.74205,56.838600000447926,Vw3
5381.3100000003205,-1.3758579987301056,1.2995679982456334,10.208626996044975,-0.03728900000352927,-0.12762900137031813,0.16842500137160143,52.02584,-0.74205,57.00830000054543,Vw3
5381.410000000321,-1.1341019992293144,3.174506006094254,10.821584002026498,0.0848660003959308,0.38656300168029945,-0.1886500011711081,52.02584,-0.74205,57.24760000077004,Vw3
5381.510000000321,-2.3747999862284903,2.3568999861549695,9.120600002092935,-0.10099999964780637,-0.32870000009310496,0.16000000010626808,52.02584,-0.74205,57.49000000025684,Vw3
5381.610000000322,1.9146999849545336,-1.955499986035494,9.772499995508165,0.008699999745300061,-0.35769999881001896,0.1930999994813557,52.02584,-0.74205,57.570000000286896,Vw3
5381.710000000322,-2.758369321966902,2.381826746629181,8.377351480659444,-0.07040891114563233,0.011903961585288447,0.03201089057078374,52.02584,-0.74205,57.6591089111778,Vw3
5381.810000000322,-1.7591649965910818,0.011381992132868834,8.584269000719857,0.04482800037815919,-0.13468200048980006,0.144151000370738,52.02584,-0.74205,57.76890000035493,Vw3
5381.910000000323,-1.2077629982372509,-0.029236000052917967,9.219506002063154,-0.08982800044270396,0.10654800079118815,0.0011559995301917148,52.02584,-0.74205,57.849200000258136,Vw3
5382.010000000323,0.07054300414857484,0.1741440006634106,10.16560800306279,-0.0038819997154045938,0.025146999726698052,0.040587000133262933,52.02584,-0.74205,57.95890000035494,Vw3
5382.110000000323,-1.2090450042242185,1.0743280029354354,10.637727001512047,0.0065040000310628105,-0.01242900012004482,0.022288999938845096,52.02584,-0.74205,57.98970000009707,Vw3
5382.210000000324,-0.6082000023137326,-0.443099994099755,9.903700001618253,-0.079400000016189,-0.07979999990480864,0.03169999988732452,52.02584,-0.74205,58.00000000025902,Vw3
5382.310000000324,-1.3227999976187736,1.37919999542893,10.40349999979868,-0.0843999996197988,-0.05040000022921067,-0.0030999995354877375,52.02584,-0.74205,58.079999999807654,Vw3
5382.4100000003245,-0.5873544530591525,-0.03258218279880776,10.341321781976461,0.033025742955283405,-0.12119207943762869,0.14036534700017342,52.02584,-0.74205,58.02059405921318,Vw3
5382.510000000325,-0.9687999977644638,-0.015199999108228739,8.533400004081123,-0.07079999978364743,-0.1003999997058505,0.025999999765001877,52.02584,-0.74205,57.93999999958208,Vw3
5382.610000000325,-0.2802851462744793,0.259453466240235,9.790330697159257,-0.004166336416842761,-0.009805940299273591,-0.046376237859268865,52.02584,-0.74205,57.811287128294055,Vw3
5382.710000000326,-1.1441999957566777,0.4202999983091192,9.445100002585,-0.1392999995020249,0.07509999960672736,-0.15179999895616758,52.02584,-0.74205,57.75999999958502,Vw3
5382.810000000326,0.15903529836747698,-0.09901372718367007,10.239021571216416,0.013641176969327012,-0.04568431411936595,0.1687882363395508,52.02584,-0.74205,57.63254901919223,Vw3
5382.910000000326,1.1034292959870153,-0.8225232346976887,10.218669696849062,-0.051998990127734034,0.2786656576536744,-0.014860606693442913,52.02584,-0.74205,57.50131313088465,Vw3
5383.010000000327,0.05736099652122495,0.09297900304152151,10.478472000857538,-0.11120900019284832,0.31001700009234534,-0.13718400039679116,52.02584,-0.74205,57.49009999996737,Vw3
5383.110000000327,2.715245008819916,-1.4617020051692464,11.217561002434106,-0.07012099986224504,0.0055779989928509965,-0.06781299976670005,52.02584,-0.74205,57.42069999977095,Vw3
5383.210000000327,-0.6892390113417028,1.14411900866506,10.842562998735957,0.11335100060502608,0.17763100057884865,-0.17233700034783273,52.02584,-0.74205,57.350699999770946,Vw3
5383.310000000328,0.5291430041529943,-0.30925200490471405,10.169756997782905,-0.002709000390789029,-0.19303800123438142,0.10696800092923131,52.027107200004195,-0.7424054100011779,57.300499999835935,Vw3
5383.410000000328,-2.58689999494213,1.0472999977413662,9.574999994932702,-0.029000000460633855,-0.020800001029518286,0.0030000005119959904,52.02712,-0.742409,57.29999999980495,Vw3
5383.510000000329,-1.0464049454402309,0.3593792056635212,8.031633658302097,-0.1692970301633262,-0.3343643574645407,0.15894059457109302,52.02712,-0.742409,57.24059405921101,Vw3
5383.610000000329,-2.063570003431761,1.6747440043944966,10.083815006871747,-0.07546199968347515,0.37460700236669775,-0.2855940014825997,52.02712,-0.742409,57.11129999957226,Vw3
5383.710000000329,-2.161299998978387,-0.2341999960074299,9.154400003547938,-0.08449999972585309,0.17339999911334172,0.01480000022916205,52.02712,-0.742409,56.98999999964143,Vw3
5383.81000000033,-1.8510029692732375,0.9784732713278206,10.232023765931745,-0.0012326729925949548,-0.09590693158161917,0.08440396062569056,52.02712,-0.742409,56.881089108551556,Vw3
5383.91000000033,0.7359019888041778,-0.5609554507124935,10.207218811762674,-0.06852376260314505,-0.0718405939702754,0.17302376266909514,52.02712,-0.742409,56.830990098846655,Vw3
5384.01000000033,-0.8430999977334293,-0.7933000001356543,10.467199997149953,0.07889999912625564,0.04479999946490104,0.007500000158535732,52.02712,-0.742409,56.8199999997385,Vw3
5384.110000000331,-0.15656534426326063,-0.8343891090468339,9.603932670411215,-0.18575346622213787,-0.11727920845702947,0.05551980213907104,52.02712,-0.742409,56.740792078945866,Vw3
5384.210000000331,-1.8513120056867527,-0.6501649993829536,8.298102995664795,0.11582700101672044,-0.23067100037353638,0.14816900030802693,52.02712,-0.742409,56.68059999980149,Vw3
5384.3100000003315,1.8920150126017656,-2.240814005336633,10.798214008421969,-0.0765260006548871,-0.4872200008559315,0.21384600021696867,52.02712,-0.742409,56.51169999943601,Vw3
5384.410000000332,-3.2861120174800593,4.482723022585598,9.889435996869462,0.1112830006359944,-0.008956998388615023,-0.10774500107989668,52.02712,-0.742409,56.47039999986729,Vw3
5384.510000000332,3.2561840221008884,-3.4815650269177914,10.470040001977322,-0.058961000576940176,-0.5466200018180749,0.3543990015596295,52.02712,-0.742409,56.38089999970141,Vw3
5384.610000000333,0.3995279901770421,-0.7744639906307982,10.010798998436803,0.031271000309046594,0.44730500335826207,-0.18837000183964225,52.02712,-0.742409,56.30079999973386,Vw3
5384.710000000333,-3.7632999949132735,3.9220999946090718,10.386900002262562,-0.0750999990890429,-0.09559999845196618,-0.02900000060378922,52.02712,-0.742409,56.149999999967044,Vw3
5384.810000000333,-2.235181183021352,2.302595044102647,11.066602972564365,0.1985633672495129,0.36944950650179526,-0.21038613921892463,52.02712,-0.742409,56.14009900986796,Vw3
5384.910000000334,0.6243999935048863,-2.6722999906243254,9.214400001759044,0.024500000247334355,-0.059899998934225915,0.015399999273017238,52.02712,-0.742409,56.04999999959946,Vw3
5385.010000000334,-1.3214999994856378,0.13660000334285233,9.741399997820054,0.09859999945559739,0.25939999910679257,-0.20239999911780743,52.02712,-0.742409,55.93,Vw3
5385.110000000334,-1.167400001318562,1.13809999771679,9.088300000497734,-0.06450000013686004,-0.008199998991609907,0.06189999942836907,52.02712,-0.742409,55.92999999983431,Vw3
5385.210000000335,-1.5613603973573853,0.4559217798963594,9.237012871784568,-0.10539108924568993,0.2930871297206645,-0.10889207977921335,52.02712,-0.742409,55.88049504933936,Vw3
5385.310000000335,-1.893386001111497,0.8186670012520272,9.010106999226245,-0.08857399994164139,0.1818539996129549,-0.10812499999161514,52.02712,-0.742409,55.681999999329214,Vw3
5385.4100000003355,0.15923300696532383,-0.4786580044078723,10.142736003845064,-0.022762999777627524,0.11436999977527969,-0.05879799983296907,52.02712,-0.742409,55.501799999396276,Vw3
5385.510000000336,-2.2278780081576834,1.112693005435884,9.280029997038389,-0.03734600005165213,0.0933059999309069,-0.06869500003521736,52.02712,-0.742409,55.50990000003354,Vw3
5385.610000000336,-1.6062249978056173,0.13523699662451827,8.55206399755709,-0.12145200028518569,0.20427700037766922,0.028517000330586684,52.02712,-0.742409,55.61890000036993,Vw3
5385.710000000337,1.5671120107579788,-0.09646100075300468,12.408176013124278,0.0976780007472874,-0.2404960015147535,0.16651600046545711,52.02712,-0.742409,55.669500000168156,Vw3
5385.810000000337,1.1547999891706107,-0.7737999879355077,11.087599996901082,0.08069999921169321,-0.19270000014659974,0.13060000025921498,52.02712,-0.742409,55.660000000233225,Vw3
5385.910000000337,-2.063318822733181,2.8113485269411584,10.166708907785702,-0.15355742653252644,-0.2362643565825493,0.2076297032300531,52.02712,-0.742409,55.72930693092678,Vw3
5386.010000000338,-0.1641089934211275,1.3061659947507955,10.770706002088755,0.022795000608686528,-0.15918299973595484,0.12504199971605873,52.02712,-0.742409,55.8191000003035,Vw3
5386.110000000338,-0.5997999935941353,1.5145999892199375,9.210800004125307,-0.10239999934142499,-0.14440000022711794,0.029100000317898115,52.02712,-0.742409,55.92000000033499,Vw3
5386.210000000338,1.2935663430357773,-1.6716376345361266,10.43010693481596,0.09225346600472405,-0.2115287130982721,0.12306039635731593,52.02712,-0.742409,56.019009901324885,Vw3
5386.310000000339,-2.183487011972249,1.0266230093494944,9.022441995137598,-0.10469100068111598,0.13241900118017152,-0.08390000071196788,52.02712,-0.742409,56.06950000016952,Vw3
5386.410000000339,-0.6600999998041804,-0.002699996976048081,9.163400006506718,-0.07270000010882599,-0.009799999993618228,-0.01079999975816446,52.02712,-0.742409,56.12000000006717,Vw3
5386.5100000003395,-0.602377227527067,0.8886861416360473,11.081419808483117,-0.10477920802955452,-0.007918811874810075,0.060487128954565594,52.02712,-0.742409,56.139801980265155,Vw3
5386.61000000034,-0.39746399929836,0.05441699710471548,9.36453599403878,-0.09282399995784722,0.042392000172690444,0.0021959997973946613,52.02712,-0.742409,56.20930000023796,Vw3
5386.71000000034,-1.529148003893118,0.10569600020533038,9.103459999163722,0.02966400042017936,-0.08926500045383451,0.08327500028045952,52.02712,-0.742409,56.18029999989801,Vw3
5386.810000000341,-2.1459850020843056,0.44567200116843836,8.164360996775205,-0.07423800036198412,0.09660900064454987,0.009057999741634695,52.02712,-0.742409,56.21960000013634,Vw3
5386.910000000341,-0.11949999712867569,-0.520100002335758,9.845700004068751,0.017899999855471384,-0.16599999845172037,0.13219999911358035,52.02712,-0.742409,56.19999999969609,Vw3
5387.010000000341,0.7223811909884683,-1.2049514874829161,11.03867030109609,-0.024476237768207038,0.2879603975869842,-0.1277009909849147,52.02712,-0.742409,56.11089108880517,Vw3
5387.110000000342,-0.7629120051564872,-0.8450049987337762,9.553323994831208,-0.07152900016096934,0.20716199970540217,-0.13950700003178376,52.02712,-0.742409,56.06049999982912,Vw3
5387.210000000342,0.4881110043708956,-0.2211639978591532,10.312083002671615,-0.11793600015858124,-0.0355570008349439,-0.013374999564243345,52.02712,-0.742409,56.06,Vw3
5387.310000000342,-0.29278300274718805,-1.0873870030199537,9.228325996221717,0.05049400058459555,0.0730780003844761,-0.13367200042079913,52.02712,-0.742409,56.05009999996573,Vw3
5387.410000000343,-0.22560000131768593,-0.4454999954403884,10.38689999626227,0.020799999805587322,-0.03409999970615227,0.10669999967255007,52.02712,-0.742409,55.98999999969141,Vw3
5387.510000000343,-0.609899999470404,0.8842999981549009,9.296800001801984,-0.035899999737238876,0.05159999967375525,0.011199999853342628,52.02712,-0.742409,55.89999999983026,Vw3
5387.6100000003435,-0.45544455392476463,0.3461811862699331,9.822344556261122,0.04073366362963601,-0.0435485151783982,-0.03157227737468057,52.02712,-0.742409,55.85049504933486,Vw3
5387.710000000344,0.08410000111510173,-0.6426999973633767,10.302499999115,-0.03649999992477488,0.07559999980461893,0.019999999659614853,52.02712,-0.742409,55.84000000003404,Vw3
5387.810000000344,0.40845643676094434,0.12423069571131706,10.045074256538934,-0.01461881180580931,0.01876831663590292,-0.07900990133117959,52.02712,-0.742409,55.84990099013312,Vw3
5387.910000000345,-0.4516790030043705,0.7526300021600051,10.189218000510547,-0.06073200016122525,0.14967200045749388,-0.1414790002139335,52.02712,-0.742409,55.8698000000689,Vw3
5388.010000000345,-0.7796999925228003,1.3451999939460604,8.6686000074348,-0.0573999999541551,0.15019999973182457,-0.023700000264383743,52.02712,-0.742409,55.98000000010341,Vw3
5388.110000000345,1.3894999891636497,-0.41109999136801284,10.825499996054935,-0.044100000036956105,0.07240000061867252,-0.10039999982822256,52.02712,-0.742409,56.01000000030797,Vw3
5388.210000000346,-1.7459455553845942,2.086523771003277,9.684014847542345,-0.05479306934386561,0.25140990160841686,-0.05069702953129133,52.02712,-0.742409,56.09910891119888,Vw3
5388.310000000346,2.2199999928072067,-1.0078999991743425,10.292399995748676,-0.040300000287891456,-0.2891999991957702,0.16879999956833563,52.02712,-0.742409,56.15000000044929,Vw3
5388.410000000346,0.13879999160569978,-0.768999994351422,9.062300000381855,-0.12359999929049688,-0.05650000066215717,0.04390000002504532,52.02712,-0.742409,56.280000000411704,Vw3
5388.510000000347,-2.283675255914254,0.8610990155463388,9.172498020183617,0.08115247595662221,-0.2475891095726697,0.051127722797308234,52.02712,-0.742409,56.398811881599585,Vw3
5388.610000000347,0.4476660096644598,-0.37207900438223573,9.865907002428093,0.018948999774655653,-0.31385000022569154,0.16059500038367566,52.02712,-0.742409,56.30099999965278,Vw3
5388.7100000003475,-2.2281900094827667,2.2240490091497755,10.165346001025709,0.08156100022187798,-0.057792999099640696,0.142493999932638,52.02712,-0.742409,56.36930000024306,Vw3
5388.810000000348,-0.19382499275024934,0.20199099279689836,9.702207998361017,-0.005910000309833283,-0.22310400059042387,0.0686439997409933,52.02712,-0.742409,56.528400000557006,Vw3
5388.910000000348,-1.5519999920527552,1.4901999903769463,8.056700010899826,-0.15319999959303265,0.11329999915606005,-0.031699999408517775,52.02712,-0.742409,56.670000000137954,Vw3
5389.010000000349,0.7294851564575766,-1.2723742670433233,11.185808921784718,-0.036368316424947256,-0.12897722856623223,0.13810198078916566,52.02712,-0.742409,56.70960396053392,Vw3
5389.110000000349,-1.6535980084822919,0.9631400079789809,10.088004996019235,0.04360400027783328,0.06382800068830052,-0.04800300066212276,52.02712,-0.742409,56.69019999993019,Vw3
5389.210000000349,-0.443567995648096,1.1003450004031479,9.392608997588441,-0.1140000005584734,0.10955800015427827,-0.08177800011239278,52.02712,-0.742409,56.67019999993019,Vw3
5389.31000000035,-0.5349510003670936,2.6516420054794585,11.121071006134208,0.09121100073103776,0.25760900052176994,-0.2930690007457355,52.02712,-0.742409,56.808600000489925,Vw3
5389.41000000035,-1.954899994285879,0.8764999943430825,8.937600006781228,-0.05889999967203261,0.27709999874152047,-0.010399999480313827,52.02712,-0.742409,56.86999999965331,Vw3
5389.51000000035,-0.3230188061702999,-0.7390445601091625,10.874233670143727,0.034763366664415506,-0.08230594185182688,0.13801584210355058,52.02712,-0.742409,56.77099009866341,Vw3
5389.610000000351,-0.18473199956774566,-1.1942650015560454,9.718964995837096,-0.02568000021753057,-0.0317469998080819,-0.006921000518915671,52.02712,-0.742409,56.62149999947371,Vw3
5389.710000000351,-1.0619270031132237,0.5060800060418928,10.853223004061963,0.18486700074839474,-0.14079300038840742,0.09386700036244341,52.02712,-0.742409,56.53089999968422,Vw3
5389.8100000003515,1.3872710087339797,-0.2859260028753291,10.684916999360842,0.042360999486070916,-0.16011600006472482,0.07391199992542577,52.02712,-0.742409,56.619100000316585,Vw3
5389.910000000352,-0.9367999938742506,-0.143700003168467,9.401100005607894,-0.022899999490508274,-0.060600000502521935,0.041400000049834004,52.02712,-0.742409,56.629999999512115,Vw3
5390.010000000352,0.8035960457262618,-1.0438980229686639,10.994367332337411,0.1218524757567297,-0.20337227772996186,0.055558415891390114,52.02712,-0.742409,56.49138613812625,Vw3
5390.110000000353,-2.344525011276775,-0.3103999973549393,8.099303989629952,0.04073399970586926,0.0966550010738946,-0.033994000319523335,52.02712,-0.742409,56.17319999887144,Vw3
5390.210000000353,-1.6391479973732106,1.5151360064766863,10.111379007272694,0.12969300031988426,0.01634199970304019,-0.11548600028708465,52.02712,-0.742409,56.021499999470976,Vw3
5390.310000000353,1.2519720102992022,-2.8648720157090413,9.349899997206684,0.03110499964464783,0.313391001063935,-0.20936000033236918,52.02712,-0.742409,55.950699999752494,Vw3
5390.410000000354,-0.8538999937417093,0.3331999928698362,10.991699996211258,0.10889999931833462,0.2784999996605685,-0.1509999996553141,52.02712,-0.742409,55.84999999940451,Vw3
5390.510000000354,0.9150108973438952,-1.6821465417796364,9.920808907104469,-0.08377326800801635,0.18255940560135261,-0.0535742570812497,52.02712,-0.742409,55.68168316772167,Vw3
5390.610000000354,-1.9863999875056768,0.9707999887021848,9.609899998753622,-0.02169999972571981,0.25749999995153566,-0.15309999964775542,52.02712,-0.742409,55.53999999947321,Vw3
5390.710000000355,1.5360752600120968,-2.2143485261429903,9.258513860140459,0.05562673294739433,0.24383663361492905,-0.05379306895488284,52.02712,-0.742409,55.39148514798836,Vw3
5390.810000000355,-2.032999987234206,0.5821999903605088,9.97019999974925,-0.010899999758029385,0.47359999837117606,-0.33529999887548634,52.02712,-0.742409,55.18999999912202,Vw3
5390.9100000003555,1.5660099137811714,-2.135423772034817,9.899506930441822,0.05731782202462798,0.014392077575871465,-0.018270295902962586,52.02712,-0.742409,54.94247524664503,Vw3
5391.010000000356,-3.758899981854964,1.9933999835386655,10.127699996741747,0.09060000009576889,0.3835999979673757,-0.269999998722612,52.02712,-0.742409,54.72999999933102,Vw3
5391.110000000356,1.3435752657056272,-2.635609917483947,9.211462372972932,0.11753069316526499,-0.18798416045248062,0.08920792207199024,52.02712,-0.742409,54.54188118744852,Vw3
5391.210000000357,-1.9149000008598887,2.0271999987087552,11.404899985883143,0.20079999954005143,0.2724999981393792,-0.17749999865192354,52.02712,-0.742409,54.49999999932932,Vw3
5391.310000000357,-2.156088119673464,1.6650217808844292,7.445296025459292,0.07179009854904625,-0.24938118998309827,0.20061881323192043,52.02712,-0.742409,54.31188118744681,Vw3
5391.410000000357,-0.047621992383113376,1.4516189992430268,11.14156401348048,0.2547390006648075,-0.01571299913800081,-0.04715900090772482,52.02712,-0.742409,54.07239999914265,Vw3
5391.510000000358,1.027299987001175,-2.135599993189693,8.25740000435854,-0.09249999952932299,0.13830000045970636,-0.06520000040733025,52.02712,-0.742409,53.78999999978766,Vw3
5391.610000000358,-2.6094326862916954,-0.23025345852284462,9.476805944961164,0.03918316878843364,0.2669138618467483,-0.17916039644773463,52.02712,-0.742409,53.73059405919319,Vw3
5391.710000000358,0.21163701033701843,-1.4360280044309182,10.440093003440658,-0.09592200049351807,-0.0034560009827384053,-0.002198999355704667,52.02712,-0.742409,53.57159999942697,Vw3
5391.810000000359,-1.7128690070842423,-0.5530439967528312,9.100824995108063,0.045755000518814565,0.13843900052455924,-0.05207800018741952,52.02712,-0.742409,53.461099999605054,Vw3
5391.910000000359,-0.8869419969329921,1.0716800058597014,10.430432004871596,0.07303900009371214,0.08990499981867958,-0.11932600024199991,52.02712,-0.742409,53.42039999985638,Vw3
5392.0100000003595,1.1918999889475368,-0.536899996381886,9.711600001598487,-0.08619999958775126,0.12530000037383385,-0.07680000023475768,52.02712,-0.742409,53.36999999989329,Vw3
5392.11000000036,-1.8846346645394192,0.470228716496475,10.156550496651116,0.0285524756605795,0.22935940631515878,-0.14214653488868204,52.02712,-0.742409,53.34029702959606,Vw3
5392.21000000036,1.8043270135247695,1.273686002884718,11.26900800402867,-0.1717650007325182,-0.19638900155178673,0.016491000579175352,52.02712,-0.742409,53.122199999208085,Vw3
5392.310000000361,1.575688999029647,-1.8546200114320517,8.796091990945296,-0.2410210002450241,0.15510600129693158,0.12571300039225505,52.028304040004315,-0.7429841900020966,52.921999999278285,Vw3
5392.410000000361,1.656358000303852,1.040041010666936,10.451129006124313,-0.052411999310017915,-0.19492800128902515,0.08264599983905228,52.028316,-0.74299,52.83089999967522,Vw3
5392.510000000361,-0.34279800729028187,0.5807379982180273,10.086652998609571,-0.13831300032009108,-0.17830399992638268,0.22218600051026918,52.028316,-0.74299,52.71119999956696,Vw3
5392.610000000362,-2.660399983166896,1.714799987242054,10.182100000628395,0.02599999998371095,-0.33820000012198687,0.37959999896148255,52.028316,-0.74299,52.679999999493226,Vw3
5392.710000000362,1.9898999893560285,-1.809699990455226,10.355699999122292,0.021499999387861436,-0.37189999842413746,0.09269999959107138,52.028316,-0.74299,52.53999999978496,Vw3
5392.810000000362,-0.9505950601695754,0.8271316927316119,10.113224751595835,-0.14760891150441546,0.06344653623238566,-0.020270297439425086,52.028316,-0.74299,52.48059405919048,Vw3
5392.910000000363,1.0274230073542308,-1.375386008165564,11.356715004564434,0.04087900069672423,-0.041793000401495944,0.08205500037900927,52.028316,-0.74299,52.43049999981866,Vw3
5393.010000000363,0.45795699783946575,-1.1914849992437948,8.484241989430537,-0.18074200081895014,0.053229000352170326,0.004097999710574743,52.028316,-0.74299,52.44980000007254,Vw3
5393.1100000003635,-0.2643640026309278,-0.32463499682405283,9.00989600203755,-0.10231499970367522,0.07192100006508237,-0.01650000007271774,52.028316,-0.74299,52.51930000025452,Vw3
5393.210000000364,-1.1385430031840258,1.956150008344569,11.16429500789189,-0.24722800053521596,-0.15500600083409333,0.1133860004777675,52.028316,-0.74299,52.589300000254525,Vw3
5393.310000000364,-0.49060000197315323,0.5754000051522424,10.181500003701373,-0.24019999958973684,-0.12990000000720392,0.15119999993264335,52.028316,-0.74299,52.58000000028815,Vw3
5393.410000000365,-1.0329762396007252,1.9916376289245656,11.198925746282777,-0.12742772236122196,-0.1318801980270198,0.13268514844736481,52.028316,-0.74299,52.65920792108079,Vw3
5393.510000000365,1.1222750079553718,-1.7205600137200543,8.845969991299212,-0.26678100051723586,-0.1076449999106957,0.16477400011882937,52.028316,-0.74299,52.81840000058321,Vw3
5393.610000000365,-0.9784600078343413,1.7459050129336053,10.190676005051396,0.02622600108672246,-0.11086500001278926,0.11243199980560312,52.028316,-0.74299,53.11700000109622,Vw3
5393.710000000366,0.08127900399071675,-1.3497730115570363,9.929477998984872,-0.07970000040195845,-0.19505000031060427,0.06982499984469787,52.028316,-0.74299,53.22890000040196,Vw3
5393.810000000366,-1.6030999979112779,1.8822999957606543,10.089799998873104,0.09529999949501432,0.09389999949754829,0.052599999516734136,52.028316,-0.74299,53.43000000083259,Vw3
5393.910000000366,-1.031812869194394,0.7227950452574607,9.78158217708876,-0.04281881238714394,-0.043525743077674386,-0.07957821830597644,52.028316,-0.74299,53.657722773111416,Vw3
5394.010000000367,-0.7233999986144578,1.6275999925740305,9.78199999821019,0.006700000024677023,0.11079999922811724,-0.11769999900856433,52.028316,-0.74299,53.75000000029032,Vw3
5394.110000000367,-0.34538019663160463,-0.3984396114005959,9.293683166523593,0.013432673292051046,-0.09979406017930252,0.1527950504982861,52.028316,-0.74299,53.829207921082954,Vw3
5394.2100000003675,-3.484553011658634,1.8695860084882876,8.613421997494719,0.050328000136611706,0.11025700078698626,-0.07487300085455767,52.028316,-0.74299,53.80029999988982,Vw3
5394.310000000368,-0.07971298722088882,-0.08324100734762974,10.47839300696035,0.014069999863789616,-0.05134600060889721,-0.008889999745986046,52.028316,-0.74299,53.75049999981593,Vw3
5394.410000000368,0.029448000276845243,-0.5588970016945726,9.516110996351312,-0.07312300032286338,0.3406240014637456,-0.049780000154621015,52.028316,-0.74299,53.839100000331335,Vw3
5394.510000000369,-2.7058630101744305,1.4388740074461062,10.188211002536153,0.0305440003887614,0.23243299958289143,-0.20058100055921266,52.028316,-0.74299,53.86970000011044,Vw3
5394.610000000369,0.5457999879710662,-1.4438999883355683,9.295300003723257,0.01660000010565807,0.21510000034037255,-0.08410000033050137,52.028316,-0.74299,53.75999999985376,Vw3
5394.710000000369,-2.7118237743987184,1.7150109027472824,10.30361683540443,0.04521386149174,0.3072782181619721,-0.17360495082537353,52.028316,-0.74299,53.720396039457796,Vw3
5394.81000000037,0.6040770125129931,-0.6853350090879489,10.226678999674808,0.06460700007140134,0.16791699947577357,-0.16628299996929372,52.028316,-0.74299,53.630899999667044,Vw3
5394.91000000037,-3.0413999849207505,1.4919999918827724,9.256900002677277,-0.020900000150264733,0.3640999986677748,-0.24899999933297118,52.028316,-0.74299,53.5799999994869,Vw3
5395.01000000037,1.0322633814078128,-0.7008712952415963,9.980167329408518,-0.0614940595561249,0.004199008569477969,-0.06880197953134798,52.028316,-0.74299,53.44138613810104,Vw3
5395.110000000371,1.0236979998153095,-1.2060190018101906,8.78167899548324,-0.041505999923601884,0.11286600042056052,-0.06482199999184098,52.028316,-0.74299,53.410299999888736,Vw3
5395.210000000371,1.122992000373841,-2.00517700297552,9.109862001275065,-0.16168400045098247,-0.18973200113784067,0.19824300098541156,52.028316,-0.74299,53.360499999814564,Vw3
5395.3100000003715,-2.0643000023770766,1.2294000023653202,9.719600004356995,0.013399999410323257,0.2085999979477045,-0.046599998509458854,52.028316,-0.74299,53.319999999816304,Vw3
5395.410000000372,-2.704894061787517,1.8668257449440548,10.893758420206826,-0.1455108916799018,-0.3444693089868732,0.35508316981019417,52.028316,-0.74299,53.27049504932091,Vw3
5395.510000000372,3.007732021477174,-2.8469220177258823,9.42049999442325,-0.07195899971781651,0.16747300194331094,-0.044523001515760274,52.028316,-0.74299,53.34920000029743,Vw3
5395.610000000373,2.166299993465884,-1.8785000004758998,10.223599993991256,-0.10480000034261837,-0.4141999987812681,0.24409999957874187,52.028316,-0.74299,53.36999999996308,Vw3
5395.710000000373,0.4140227657465829,-2.006123762851885,8.612213855380588,-0.1966811884612482,-0.08736831561359876,0.1311297025492627,52.028316,-0.74299,53.360099009864086,Vw3
5395.810000000373,-2.070658425146711,3.0442465537062406,10.225777233869257,-0.04723762319526997,-0.3721801991063244,0.2518386143209123,52.028316,-0.74299,53.45801980234989,Vw3
5395.910000000374,-0.5158737312565058,0.21273433225086613,8.815625247023895,-0.10923636388429832,-0.4075979799108146,0.22885959586261084,52.028316,-0.74299,53.49959595974691,Vw3
5396.010000000374,-2.925198009154002,3.710467013312569,8.70219699962752,-0.04337199974893931,0.48775300337997957,-0.37906200229317044,52.028316,-0.74299,53.59900000037361,Vw3
5396.110000000374,1.182716847306942,-0.8079980370200408,9.636504954031235,-0.020253465261669164,0.06629702807533167,-0.09809999891453697,52.028316,-0.74299,53.6,Vw3
5396.210000000375,-0.10876970222418159,0.14869899390662222,8.97217171456074,-0.12047272765745087,0.20252121267503254,-0.05201111095714601,52.028316,-0.74299,53.71878787924183,Vw3
5396.310000000375,1.8105999932744794,-0.9083999977732472,11.26439999676338,0.01970000035950074,-0.048799999262077426,0.16649999920012012,52.028316,-0.74299,53.9300000006678,Vw3
5396.4100000003755,0.015748508113357707,-0.31414257202649887,10.400637620519689,0.11564059441958055,0.1481306938086127,-0.04696534733603269,52.028316,-0.74299,54.10821782245123,Vw3
5396.510000000376,1.600016006075817,-0.1394049993599068,9.508820996650867,0.07719799985058234,-0.054236000774869425,-0.016231999875360156,52.028316,-0.74299,54.43670000123889,Vw3
5396.610000000376,-0.6328820085492741,0.10871100093666453,8.745024997130546,0.015023999765175301,0.2110990010164447,-0.23132400081887589,52.028316,-0.74299,54.7172000010537,Vw3
5396.710000000377,0.16529999531275066,-1.3065999927370562,10.548999993510995,0.05819999973568283,-0.09369999934684954,0.01679999962570601,52.028316,-0.74299,54.84999999988816,Vw3
5396.810000000377,-1.0795514898445078,0.6223108983656007,8.825633656865227,-0.011998020066790432,0.07976534718902234,-0.0826059409690516,52.028316,-0.74299,54.82029702959092,Vw3
5396.910000000377,-0.6870899984570875,1.6231850037403368,9.899182004156433,0.11303000047909507,-0.07333600059000366,0.029953000432694527,52.028316,-0.74299,54.849700000113174,Vw3
5397.010000000378,-2.676266007595354,1.4886589994496067,9.269075997556993,-0.054000000641308346,0.455938002022762,-0.2810470011894384,52.028316,-0.74299,55.00840000060358,Vw3
5397.110000000378,0.15330000453944834,-0.8975999979793873,10.026500000460015,-0.05210000004158102,0.27449999977186634,-0.11690000024199403,52.028316,-0.74299,54.98999999940064,Vw3
5397.210000000378,1.3531019847350914,-0.36354059203985134,10.148084158875614,-0.06309009905146024,0.21420297006901548,-0.18086039628147127,52.028316,-0.74299,54.831584157816785,Vw3
5397.310000000379,-1.2076130098503755,0.48953700324580623,9.38868299708776,-0.0604279999893866,0.15815999978773193,-0.07547099959403733,52.028316,-0.74299,54.810199999924194,Vw3
5397.410000000379,-0.2852789963689919,0.7646080010204274,10.082811002687151,0.04642100040900488,0.2803600004700334,-0.19587300046510564,52.028316,-0.74299,54.829800000075814,Vw3
5397.5100000003795,-2.746740009461318,2.9202530082434004,10.279287000725141,0.1033360002137894,0.30694400009703915,-0.27125100028391536,52.028316,-0.74299,54.790399999848376,Vw3
5397.61000000038,1.7517090173607341,-1.6676380176916785,9.636313997524942,0.029550999714650347,0.2142389996432179,-0.09419599931759254,52.028316,-0.74299,54.73059999977202,Vw3
5397.71000000038,-0.37229998943243703,0.5398999895517573,9.787399998858364,0.12949999963300537,0.20720000054315202,-0.15879999998983707,52.028316,-0.74299,54.77999999992472,Vw3
5397.810000000381,2.407402980884117,-2.208416842150715,9.487102969153284,0.0329653461669808,0.3500712876728684,-0.1561267326630856,52.028316,-0.74299,54.76019801972656,Vw3
5397.910000000381,-2.1146420175044005,2.2602840172979635,9.409849999714341,0.004774999895258498,0.4529750003904002,-0.26599000042277476,52.028316,-0.74299,54.85900000038088,Vw3
5398.010000000381,1.860780015471272,-1.4504590144508995,10.438898003961894,-0.07598700030965397,-0.3007760029038153,0.17028200168271979,52.028316,-0.74299,54.91940000022853,Vw3
5398.110000000382,-0.5320200093841179,0.5917880080219318,10.344953999597605,-0.13204200021303245,0.24283200212574318,-0.08230400099109722,52.028316,-0.74299,54.96950000019089,Vw3
5398.210000000382,-1.7936050047704373,-0.007237002391136227,9.074422995104337,-0.08507999981674191,0.038816999191755464,0.014496000383314847,52.028316,-0.74299,55.019500000190895,Vw3
5398.310000000382,0.3663999958474109,0.533999995875678,11.072999994752635,-0.04580000007410563,0.07439999959318301,0.022399999670726537,52.028316,-0.74299,55.0600000000764,Vw3
5398.410000000383,-0.7207000012711431,-0.5456999943892281,9.699300001398143,-0.06519999982257829,-0.032100000040185254,-0.06379999990901451,52.028316,-0.74299,55.07999999988627,Vw3
5398.510000000383,-1.0526801992902874,0.9196465402613342,10.064448516248905,-0.01886336615930375,-0.04259504954511496,-0.04003762367143782,52.028316,-0.74299,55.050297029589295,Vw3
5398.6100000003835,-0.5082000038950686,0.3323000033155584,9.650899999798597,-0.08409999967357425,0.026000000039900703,0.05009999928938747,52.028316,-0.74299,54.96999999946799,Vw3
5398.710000000384,-1.523051489041573,1.196161389452461,9.598424752273948,0.0009495052767523049,0.0363960396438405,-0.13504851556173086,52.028316,-0.74299,54.831386138082124,Vw3
5398.810000000384,0.040108006110586514,-0.7318380075217275,9.32465999893876,-0.1115550004402606,-0.0307210002610803,0.20554100133001,52.028316,-0.74299,54.71119999953859,Vw3
5398.910000000385,-1.2933700052409554,-0.0641419973306887,9.939759002399764,0.13876000097667104,-0.03268700000499871,0.12524599967469932,52.028316,-0.74299,54.561499999423226,Vw3
5399.010000000385,1.0690990092287729,-1.4011250052198072,10.732159003053443,0.09863099983427354,-0.18446700058946328,-0.02400100057638975,52.028316,-0.74299,54.39169999934632,Vw3
5399.110000000385,-1.4149660097641432,0.43056100718377954,8.538339991428336,-0.0899000007322915,0.23564100164148916,-0.1497450004836978,52.028316,-0.74299,54.40980000007708,Vw3
5399.210000000386,-1.479801000153785,0.26080299926653494,10.989219009628318,0.06887700062554585,0.11090299949779037,-0.013290999463872882,52.028316,-0.74299,54.400099999961455,Vw3
5399.310000000386,-1.2832889992315977,-0.7639680039915208,9.580877994406771,0.02396999981842675,0.18959200031215145,-0.2182160008051035,52.028316,-0.74299,54.13269999895692,Vw3
5399.410000000386,-2.4131670044169695,0.6859500056984438,10.46215200349556,0.09200800026734393,0.2969240004156966,-0.13387299966272942,52.028316,-0.74299,53.991399999459134,Vw3
5399.510000000387,3.4546140229428994,-1.3897840081578536,10.463279999969094,-0.1518300009542478,0.33185800013212663,-0.11587299993316401,52.028316,-0.74299,53.85139999945913,Vw3
5399.610000000387,-1.7485430205842811,0.35555700690944403,9.251538995260624,-0.08242599971886698,0.3498220000689279,-0.18084200025480102,52.028316,-0.74299,53.83019999992255,Vw3
5399.7100000003875,-2.600899982890828,0.8101999875083941,8.883600005656305,0.06840000020147127,-0.14299999917629247,0.208499998566067,52.028316,-0.74299,53.60999999868269,Vw3
5399.810000000388,1.8149999885899442,-2.413899997676866,10.343499994814378,0.1203999998626681,0.06959999942803949,-0.16159999958992233,52.028316,-0.74299,53.26999999969312,Vw3
5399.910000000388,-1.1299505064802458,-1.8142960372766148,9.00508415322082,0.0849544553079637,-0.07802376294923502,-0.055758415430763084,52.028316,-0.74299,53.19079207890047,Vw3
5400.010000000389,0.6218080069836696,-0.9092809964751722,10.63510000644336,0.2100330004917913,0.06216900055544859,-0.07598500008345314,52.028316,-0.74299,53.02169999934014,Vw3
5400.110000000389,-0.5822000004204819,0.5592999972797789,9.534299999756806,0.10279999984737778,-0.04769999947854076,-0.042699999892085304,52.028316,-0.74299,52.93000000050103,Vw3
5400.210000000389,-0.690219802400466,-0.13951188390695568,9.471824752232177,0.06359207905537625,0.08626039656079781,-0.014977227614912499,52.028316,-0.74299,53.05871287178791,Vw3
5400.31000000039,0.057833002950857915,-0.80712700260223,9.596237000492525,0.06191299999493047,0.05958299988964018,-0.035094000080332595,52.028316,-0.74299,53.01049999980501,Vw3
5400.41000000039,-1.3625999994769362,0.7429999993092775,9.314200002438776,-0.04419999965463875,0.059500000736693405,-0.03750000028702842,52.028316,-0.74299,52.82999999915012,Vw3
5400.51000000039,-1.2285405935366076,0.5659702963393312,9.939249507388032,0.044314851830334415,0.24831188192443815,-0.11106435672252626,52.028316,-0.74299,52.61217821697233,Vw3
5400.610000000391,-0.12560000134323362,-0.5556999956957668,9.296300003855457,-0.027999999745989837,-0.0640999998865473,0.10879999922790203,52.028316,-0.74299,52.560000000154886,Vw3
5400.710000000391,-0.4690653478772066,0.5448940637079934,10.28214158801192,0.036950495303386455,-0.035090098896505745,-0.08862574334596428,52.028316,-0.74299,52.599603960550844,Vw3
5400.8100000003915,-0.9549999978559465,1.0124999968303128,10.79619999873665,-0.014200000294462285,-0.1166999996334558,0.11809999968598357,52.028316,-0.74299,52.590000000115026,Vw3
5400.910000000392,-0.40676470373556195,0.20200980074783437,10.473160783048762,-0.08949411794189707,-0.022974509436909374,0.03780588203852382,52.028316,-0.74299,52.61941176482105,Vw3
5401.010000000392,1.5495495027267265,-0.661454548841749,10.976201012137924,-0.18523838421513555,0.08343333375124279,-0.020422222448589836,52.028316,-0.74299,52.63979797987713,Vw3
5401.110000000393,0.0871719941206075,-0.15658699796310382,8.081986988499214,-0.14937199985391836,0.13390100019595358,-0.06852000018849241,52.028316,-0.74299,52.68950000019635,Vw3
5401.210000000393,-0.6010999996008118,-0.44229999687878885,8.797500007189315,-0.12399999937528627,-0.15459999927588214,0.019599999886058504,52.028316000004374,-0.7429900000028682,52.78000000011787,Vw3
5401.310000000393,-0.4994999990095765,0.3520999992406494,10.627299999030583,0.03499999991286141,0.029700000002723083,-0.009400000067299007,52.02943,-0.74372,52.80999999953319,Vw3
5401.410000000394,-0.24742079108701387,0.15883267250661864,10.380567325761524,0.01282178209092345,0.03039306930965864,-0.02652871293870645,52.02943,-0.74372,52.69118811834423,Vw3
5401.510000000394,0.7926200041250445,3.026712011409999,9.393742996086326,0.05259600015901889,0.07089100016098696,-0.032640000023616667,52.02943,-0.74372,52.76920000031489,Vw3
5401.610000000394,-0.002800006558555327,0.3574000215343361,12.14249999970396,0.45579999948492816,0.20430000054099956,-0.025600001565725446,52.02943,-0.74372,52.97000000058047,Vw3
5401.710000000395,-1.6643686340030166,5.81298825680705,12.067499999704255,0.32530980340700877,0.3413588240698736,-0.4222666682308359,52.02943,-0.74372,53.11705882410931,Vw3
5401.810000000395,0.07439999908471695,0.24929999894480603,9.174700005010218,-0.028999999334055376,-0.08899999837382887,-0.022800000206739852,52.02943,-0.74372,53.17000000074255,Vw3
5401.9100000003955,-0.1574811890357236,-0.018026733730338945,10.444006935712201,0.13971287195425836,0.3229801996488668,-0.0751762378308701,52.02943,-0.74372,53.35811881262505,Vw3
5402.010000000396,2.551117010828063,-0.06148800016291721,10.28513299931472,-0.08115200088892688,0.17622399939736452,-0.0914410000628734,52.02943,-0.74372,53.44910000035589,Vw3
5402.110000000396,-0.23498101126331639,2.4639860101119764,10.928880002584075,0.007383000363435074,0.33508000064205545,-0.1317940001609102,52.02943,-0.74372,53.65790000083229,Vw3
5402.210000000397,0.7742376279144305,-2.6703604166865236,8.790236625079604,-0.06158811909153496,0.13360296948434727,0.27918911055704376,52.02943,-0.74372,53.87564356521933,Vw3
5402.310000000397,-1.2827959680190082,0.38525657846487915,9.665625256249259,0.08400000059585686,0.4189464658197208,-0.4754151546075882,52.02943,-0.74372,54.08787878872142,Vw3
5402.410000000397,1.4046999846899426,-0.7281999885617272,9.605100003550284,-0.03449999987289497,-0.21659999838462485,0.24419999833504208,52.02943,-0.74372,54.150000000708324,Vw3
5402.510000000398,-2.447379223223218,2.149720803511779,10.498367330281187,-0.0025198018531563393,0.1898356451789264,-0.17471089275323695,52.02943,-0.74372,54.328217822490146,Vw3
5402.610000000398,0.6707150126949966,-0.2735320098613663,9.947355997748067,-0.041899000159657945,-0.08834900113512426,0.12087200120559666,52.02943,-0.74372,54.42900000039815,Vw3
5402.710000000398,-0.6858750055841741,0.46954400308811806,9.743303999202091,0.03185100029822078,0.0574980005980342,0.047570999693019714,52.02943,-0.74372,54.64780000087595,Vw3
5402.810000000399,-0.8488950006005838,0.3615689995335001,9.10265099742567,-0.1001590005351381,-0.1522660008515919,0.028880999927770323,52.02943,-0.74372,54.729200000319246,Vw3
5402.910000000399,-1.3626260020647782,0.25338099956860743,10.211237004494704,0.010865000452942267,0.009544000660856727,-0.04198600028493461,52.02943,-0.74372,54.75970000011972,Vw3
5403.0100000003995,-0.3624000092889741,0.615800004131627,9.454499999502511,-0.1995999996941606,-0.1379999986816165,0.1304999989123935,52.02943,-0.74372,54.92000000007985,Vw3
5403.1100000004,-2.6888999880608377,1.6505999833129874,9.329899999830817,-0.12300000020325856,0.19219999896231157,-0.1418999986183965,52.02943,-0.74372,54.939999999722644,Vw3
5403.2100000004,0.2945653584679051,-2.519301006777762,9.287622772108127,-0.17379207941107874,-0.06710693173024404,0.20334752613339477,52.02943,-0.74372,54.87069306902971,Vw3
5403.310000000401,0.9739390026301604,0.7018420132121364,11.79724601016386,0.015285000767681328,0.17621600099578094,-0.14425400142151332,52.02943,-0.74372,54.909600000160346,Vw3
5403.410000000401,-0.32950000145503305,-1.4321999960220888,8.361500007389534,-0.20439999892460986,-0.007799999869745951,0.03830000002065003,52.02943,-0.74372,54.970000000397114,Vw3
5403.510000000401,-0.6922722786820371,-0.4404178178062319,10.203876245009647,0.06371881295604706,0.024675247654942195,0.04344851487212498,52.02943,-0.74372,55.06900990138702,Vw3
5403.610000000402,-0.9011270008329054,-0.4431720000514288,8.121420991473666,-0.05556800049500217,0.12330700039897496,0.015581999886695935,52.02943,-0.74372,55.07,Vw3
5403.710000000402,-1.5970910028161924,2.531056012071576,10.479368009655975,0.1576340008702914,0.24310000048215585,-0.2530890010892705,52.02943,-0.74372,55.07,Vw3
5403.810000000402,1.7551999889327534,-2.1379999871181963,8.918500008168492,-0.07519999936197956,0.08890000078807267,-0.18789999930267512,52.02943,-0.74372,55.009999999761185,Vw3
5403.910000000403,-0.9978693180172769,1.066455458448866,10.950480206202567,0.08351287192626393,0.2849396047498456,-0.014434652766803224,52.02943,-0.74372,54.95059405916672,Vw3
5404.010000000403,2.5433999774129217,-1.0894999890158208,9.592000001092234,-0.11979999943553248,0.12860000055569135,0.07459999840433207,52.02943,-0.74372,54.799999999720754,Vw3
5404.1100000004035,-3.0626396265868507,1.6367376347657039,9.86308911000503,0.020299010466441683,0.26652079263586803,-0.3214396055588457,52.02943,-0.74372,54.7306930690272,Vw3
5404.210000000404,-0.7979419905384444,1.1606839979480186,10.877184004123336,-0.010178000129964209,-0.36213600256860945,0.05921500156804643,52.02943,-0.74372,54.650799999677105,Vw3
5404.310000000404,-3.523334011231791,1.8773100029489214,10.126287996890081,0.08285700038145855,0.20748200235347386,-0.03342500039440306,52.02943,-0.74372,54.60049999979774,Vw3
5404.410000000405,1.4811999911341152,-3.0330999933200316,9.35579999898939,0.014200000046082566,-0.04859999905670991,-0.0033000012538465053,52.02943,-0.74372,54.4599999997195,Vw3
5404.510000000405,-0.7093940682674857,-1.382604943818351,9.106097028692854,0.025586138659921397,0.18446930787352142,-0.31310198145125256,52.02943,-0.74372,54.39069306902657,Vw3
5404.610000000405,-1.4208350028237882,1.1849320104470034,10.648495006326664,0.10311800031704271,0.17155399993756448,0.004263001312362236,52.02943,-0.74372,54.31079999967566,Vw3
5404.710000000406,-1.7132999976617773,1.2590999961010882,9.811199998859001,0.0009999995501873333,0.2990999994566102,-0.3634999985999581,52.02943,-0.74372,54.07999999907628,Vw3
5404.810000000406,-1.136864354093372,0.2979118772824556,9.529912870144155,-0.10989108955950244,0.16513960341606537,-0.018351483746048725,52.02943,-0.74372,53.852277226797455,Vw3
5404.910000000406,3.2799440181050654,-1.7263500082691015,10.707279004844029,-0.04763999973993982,0.33130800068753413,-0.1387490005083364,52.02943,-0.74372,53.66189999922794,Vw3
5405.010000000407,0.9430549902253942,-0.709377995742327,9.219151993843075,-0.018388999882566575,0.3124079999154804,-0.20336000026006018,52.02943,-0.74372,53.49169999930922,Vw3
5405.110000000407,-1.257515008953269,0.5495890051357596,8.60366399753047,-0.04641400011647191,-0.1060750017206078,0.2718930019576241,52.02943,-0.74372,53.27219999910407,Vw3
5405.2100000004075,-4.012899972524716,2.264499985872655,11.493199993262895,0.1275999988752666,0.3304999972938625,-0.32649999776868716,52.02943,-0.74372,53.079999998709056,Vw3
5405.310000000408,2.7302683443543305,-1.202727736923976,9.839734646716629,-0.14843960508706827,-0.33365841855238676,0.22112376461139693,52.02943,-0.74372,52.763168315538515,Vw3
5405.410000000408,-0.4522720133991762,-0.9570319988440823,9.902103000325306,0.04175100079550975,0.07520300171306027,-0.06693500121020338,52.02943,-0.74372,52.65109999955102,Vw3
5405.510000000409,-2.597328721594544,1.9877663487836394,10.50238911138671,-0.06823861432367949,-0.4332435664735934,0.1909306941465071,52.02943,-0.74372,52.630396039523,Vw3
5405.610000000409,0.27376768893029313,-1.6855111266921523,9.938972724870368,0.1442090918053272,0.3998929328138281,-0.34171111335645366,52.02943,-0.74372,52.51121212071627,Vw3
5405.710000000409,-1.520476007536752,0.2640230082129489,10.699954003168676,-0.006060000629971668,0.03101299844020644,-0.025746998671741517,52.02943,-0.74372,52.272399999018226,Vw3
5405.81000000041,3.769299966096829,-2.7393999847450723,10.204799992089288,-0.09490000001377749,0.5504000000575413,-0.23530000054259015,52.02943,-0.74372,51.9599999996353,Vw3
5405.91000000041,-4.514462410198979,0.9879267479543747,8.271928704946998,-0.09826633664746451,0.5644594059982341,-0.3678742579692639,52.02943,-0.74372,51.87089108874358,Vw3
5406.01000000041,-0.6095799834859243,-1.61730801094324,9.444263004934953,-0.11285300006026736,-0.07573200265176383,0.09629800192773541,52.02943,-0.74372,51.67199999918004,Vw3
5406.110000000411,-2.791553009223078,0.636267009463855,9.461646000022188,-0.022216999623220823,0.27479400148164196,-0.19659400123511253,52.02943,-0.74372,51.40269999889062,Vw3
5406.210000000411,1.375758433222538,-2.1558287245496746,10.013845546844998,-0.010125742527901709,-0.014875248741386682,-0.05364851424601441,52.02943,-0.74372,51.12554455331688,Vw3
5406.3100000004115,-0.039000006300383916,-0.33585150726511626,10.921056569421738,0.10868989948820625,0.17133939474675153,-0.05129393939643509,52.02943,-0.74372,50.94181818106947,Vw3
5406.410000000412,-1.524945006117304,-1.0115810028904313,8.936636991707562,0.032580999678383404,-0.03271900085695792,0.07611300052998789,52.02943,-0.74372,50.850899999629384,Vw3
5406.510000000412,-0.6301879962163723,0.7108310071937518,10.642070007177692,0.09436800026025824,-0.008762999891696335,-0.06248700058187481,52.02943,-0.74372,50.76089999962938,Vw3
5406.610000000413,-1.6902999952229105,0.14879999469348562,8.719600006129882,0.008700000053964553,-0.054799999740397794,0.15699999924776684,52.02943,-0.74372,50.53999999897794,Vw3
5406.710000000413,-0.5333693021558956,-1.1363485201554535,10.204154461572486,0.02176930698463173,0.008071287388190532,-0.02517821857365443,52.02943,-0.74372,50.29247524650319,Vw3
5406.810000000413,-0.3540000003299155,-0.28910000741215813,9.868999998204664,0.05629999945950003,-0.05140000053554504,-0.1134999989280841,52.02943,-0.74372,50.11999999942192,Vw3
5406.910000000414,-0.4339000087680692,-2.0841999841048016,9.434200005689823,-0.07459999927274193,-0.18109999973449958,0.14609999962838138,52.02943,-0.74372,49.97999999946736,Vw3
5407.010000000414,-2.5527118899519903,1.7568891247984801,10.809150500736603,0.10114257498433565,-0.11694158389304253,0.05629801943053947,52.02943,-0.74372,49.85128712818049,Vw3
5407.110000000414,1.2543310160290897,-1.561493014055143,9.651135995093737,-0.06282600069390713,-0.24787100055089767,0.13796600034571002,52.02943,-0.74372,49.622299999046604,Vw3
5407.210000000415,-1.177446010344169,1.0347330110128052,9.842844000852274,0.08053500060728572,-0.09169099934048355,-0.0015820005878028343,52.02943,-0.74372,49.392299999046585,Vw3
5407.310000000415,1.280619010419397,-1.0279960087672324,9.019635996536977,0.03725199981222568,-0.26166700071994003,0.18084300077145332,52.02943,-0.74372,49.28109999954303,Vw3
5407.4100000004155,-1.4358080115043366,0.4650060063537238,9.96506600400234,0.17233100056873596,0.15388500175107528,-0.10558800120975834,52.02943,-0.74372,49.09189999921067,Vw3
5407.510000000416,-0.016020993925866645,-0.0008400020190335034,10.490985002166514,0.020645999357731315,-0.26977800179552736,0.143851001058954,52.02943,-0.74372,48.92169999929376,Vw3
5407.610000000416,-2.965599994496197,1.5652999976302098,10.221400002862223,0.1364999997117154,0.24959999851980907,-0.12949999945724958,52.02943,-0.74372,48.67999999901018,Vw3
5407.710000000417,-1.6443128657859436,0.996389106542228,10.908528715732151,0.0672920789197733,-0.10574653613295232,0.0007970302454625988,52.02943,-0.74372,48.44237623663441,Vw3
5407.810000000417,-0.6352589958028934,-0.1231490046944671,8.798581991078384,0.08135100006217008,0.2273000014186462,-0.25945800110237155,52.02943,-0.74372,48.27169999929068,Vw3
5407.910000000417,-1.489470003642662,0.998754004775935,9.916492004801805,0.049522999865225674,-0.045510001164149744,0.042325001283068264,52.02943,-0.74372,48.101699999290666,Vw3
5408.010000000418,1.931899995849392,-1.838399995590651,10.364999998140451,0.022000000118210898,0.3828999995387295,-0.23679999956063572,52.02943,-0.74372,47.94999999954535,Vw3
5408.110000000418,0.9376425700998343,-0.7821623718208557,9.919554453582869,0.0503168318015781,0.2724049500330029,-0.13155247480742122,52.02943,-0.74372,47.84108910845547,Vw3
5408.210000000418,3.2517250098164814,-1.3945080026311096,10.067461000643561,-0.051073000429458,0.49236700093376795,-0.26424900056494427,52.02943,-0.74372,47.731099999540014,Vw3
5408.310000000419,-3.425021028362095,2.7001760173594676,8.696661994190881,0.008191000255212341,0.48380899995432164,-0.3354940002958619,52.02943,-0.74372,47.749800000083816,Vw3
5408.410000000419,1.387999989602344,-1.9305999854041769,9.241200008662844,-0.182799998706468,0.23619999974179173,-0.12340000051143499,52.02943,-0.74372,47.679999999833946,Vw3
5408.5100000004195,-1.0919010004917529,1.550588133400808,11.307338622520138,0.1257148527780693,0.17461584132607216,-0.24538019853099535,52.02943,-0.74372,47.64039603943799,Vw3
5408.61000000042,3.5601590198401514,-1.2023410118261428,9.651038992886004,-0.30838400185462,0.2662680003914189,-0.26036100005837687,52.02943,-0.74372,47.55089999962202,Vw3
5408.71000000042,0.23526198569442114,-1.6377860017278243,7.964365992916508,0.046570001524550875,0.12147199938177991,-0.03200799903067125,52.02943,-0.74372,47.520299999874005,Vw3
5408.810000000421,1.1282360039411845,-2.501814003655823,7.572685998406523,-0.26254100132958164,-0.2761980016843893,0.3776850017319494,52.02943,-0.74372,47.44079999966329,Vw3
5408.910000000421,-0.7457760080071247,-0.9338259932968109,9.881936009833813,-0.005923998895569049,0.006999001221019208,0.01272799843089989,52.02943,-0.74372,47.40039999983164,Vw3
5409.010000000421,-0.5725999825095047,1.0016999843902614,8.925800009950793,-0.11769999894517524,-0.42749999894684293,0.2542999996255998,52.02943,-0.74372,47.33999999974985,Vw3
5409.110000000422,3.580964373955313,-2.705230708705083,11.288869316898083,0.13279505056153465,-0.17740098904409618,0.16538910853586636,52.02943,-0.74372,47.28059405915537,Vw3
5409.210000000422,-1.4105610214441673,0.41134501343661256,10.094601994810949,0.07322699973552799,-0.20836200014257023,0.15440199995697584,52.02943,-0.74372,47.31960000016872,Vw3
5409.310000000422,-0.5370369960531954,0.3153909994542867,9.494239997489128,0.16942200041340633,-0.3545270006226457,0.0985629997620166,52.02943,-0.74372,47.409100000380434,Vw3
5409.410000000423,-2.4432510081791117,1.3066740042381402,8.99854699790883,0.0058619992974477675,0.12127900203790876,-0.04119400059433723,52.02943,-0.74372,47.419900000042276,Vw3
5409.510000000423,0.7341100136494658,-0.1942380064514755,9.786986003387637,0.025287000090038283,-0.11932100104791038,-0.001316999823727863,52.02943,-0.74372,47.44970000012682,Vw3
5409.6100000004235,-1.6833550104823618,1.4263760069998201,9.874398000339738,-0.1311180006701595,0.25647900161863424,-0.20810700088662695,52.02943,-0.74372,47.44009999995764,Vw3
5409.710000000424,0.32367700869404414,-2.7145060177896845,8.215959992900054,-0.3034750007307522,-0.05640100135517456,0.11531200139287717,52.02943,-0.74372,47.40039999983055,Vw3
5409.810000000424,-0.933791005480191,0.9047180156997774,11.769338015309216,-0.0898749990766585,0.42213400206573787,-0.2579960016148925,52.02943,-0.74372,47.36039999983019,Vw3
5409.910000000425,0.6647999968931336,-3.243699979542118,7.524800015531809,-0.27839999853361624,-0.10239999905423088,0.06579999930192229,52.02943,-0.74372,47.20999999983179,Vw3
5410.010000000425,-0.06668515162026856,1.5729336838146764,11.18163169869288,0.06684752621817502,0.12027326827206063,-0.09855643634131644,52.02943,-0.74372,47.17039603943583,Vw3
5410.110000000425,0.7695999877610462,-0.5935999986307048,9.752500001099012,-0.2846999983608468,-0.2860999990082506,0.32429999845661656,52.02943,-0.74372,47.13999999970205,Vw3
5410.210000000426,-2.105799983991168,-0.27190001002411557,10.010699992410059,0.10039999913269865,-0.05310000099583727,-0.0382999987542552,52.029430000004325,-0.7437200000036833,47.06999999945214,Vw3
5410.310000000426,1.6552891249461403,-2.626949514991152,8.227531675565851,-0.10336237710635628,-0.2870603970370845,0.25437326857453313,52.0304468316875,-0.7445853465383429,46.941287128164106,Vw3
5410.410000000426,-3.0707820205152503,1.1650590164320676,10.630448010425182,0.23941700148498724,0.06036700150630492,-0.030691001240260696,52.030457,-0.744594,46.87069999970155,Vw3
5410.510000000427,-0.4226999944514322,0.6581999890101361,11.305599985101475,0.0670000007162712,-0.3376999967810029,0.13629999801124937,52.030457,-0.744594,46.7299999992398,Vw3
5410.610000000427,0.8780920847656251,-1.9182356545723165,7.812827707849219,0.2349207927966586,0.4169534685708324,-0.32993762575440166,52.030457,-0.744594,46.551782177456374,Vw3
5410.7100000004275,3.230668010097065,-2.6334360029754555,9.402391007010948,0.16531999969237104,-0.13791900242727784,0.07298300175903938,52.030457,-0.744594,46.41139999940183,Vw3
5410.810000000428,-0.7068880171316505,-1.6495089957145184,8.238521994895443,0.0812419996394869,0.6459250034145987,-0.36216300189975836,52.030457,-0.744594,46.22189999918649,Vw3
5410.910000000428,-5.603199961801941,1.5222999834287896,9.818100004519536,0.15389999897105894,0.256700000941146,-0.1460000001768625,52.030457,-0.744594,45.93999999893967,Vw3
5411.010000000429,3.3138297411506903,-2.3461158581477046,10.873149509467941,-0.08629802083044541,0.47640297123774056,-0.187287128889652,52.030457,-0.744594,45.692475246464916,Vw3
5411.110000000429,-3.6225350304491166,1.1667260153925398,8.060912987765862,-0.07919599995880906,0.4879060000403328,-0.21007400009697033,52.030457,-0.744594,45.65039999982837,Vw3
5411.210000000429,1.2349180213605302,-1.707010012610703,10.596005011111064,-0.09949400008839077,0.06922999818498565,-0.049226999301884566,52.030457,-0.744594,45.48169999927056,Vw3
5411.31000000043,-1.16099601062227,-0.4004939941978256,9.262233994094629,-0.13147900013802416,0.19904600058219538,-0.09541700020768121,52.030457,-0.744594,45.16319999862405,Vw3
5411.41000000043,2.3497999962006895,-3.147299991621072,11.9399999977366,0.10680000007751957,-0.1717000001550391,0.09059999931936118,52.030457,-0.744594,44.77999999838146,Vw3
5411.51000000043,1.4666316793707561,-1.1995772193477028,11.413861383876256,0.12481980205768188,-0.20773960411536377,-0.0676178224625036,52.030457,-0.744594,44.40376237461983,Vw3
5411.610000000431,-0.08839999517082087,-0.39859999718589556,8.967600010450985,0.08259999972981524,0.087300000002561,-0.07749999987749917,52.030457,-0.744594,44.07000000004268,Vw3
5411.710000000431,1.03179802462894,0.254172280040534,11.391857436188758,0.01992673240320672,0.08789405940850041,-0.049084158293397046,52.030457,-0.744594,44.079900990141674,Vw3
5411.8100000004315,2.1256999682119435,-0.6545999877826121,10.856399984848112,-0.2240000001802,0.47930000137176176,-0.14770000128683497,52.030457,-0.744594,43.59999999883603,Vw3
5411.910000000432,-5.247999966437529,2.1793999788554634,7.341700019661587,-0.26579999871466337,0.7974999981479176,-0.44619999923307535,52.030457,-0.744594,43.32999999863125,Vw3
5412.010000000432,2.5209109246361887,-2.715055466679394,11.892888138464452,0.03172475375999473,0.3687871268616382,-0.26867524675817955,52.030457,-0.744594,43.01316831546357,Vw3
5412.110000000433,-7.001925041962082,2.3266790222503952,9.431323989042045,0.02489899995716168,0.8635590021812926,-0.5201420011068729,52.030457,-0.744594,42.950599999740376,Vw3
5412.210000000433,0.30966603238212365,-0.6936720134264172,8.636868996638203,0.22507700087539131,-0.1821860045928838,0.16841900302081414,52.030457,-0.744594,42.62329999857202,Vw3
5412.310000000433,0.33509998805570873,0.6870000013780556,10.64229999469138,0.04009999985040703,0.3689999972674637,-0.3827999982430327,52.030457,-0.744594,42.55999999952851,Vw3
5412.410000000434,-2.4239099129537687,1.0053168330634596,9.41606237092039,0.005545544404619768,-0.26218812154885074,0.02304158591823363,52.030457,-0.744594,42.45108910843863,Vw3
5412.510000000434,-1.9266019977008997,0.4953829977525015,10.166694003341544,0.037672000142230266,0.043251001365497366,0.05660200012922141,52.030457,-0.744594,42.162899998742475,Vw3
5412.610000000434,-0.2844339928154931,-0.14528100278924344,10.036294999393832,-0.03427000031720639,-0.12546400075434283,0.07373000007386997,52.030457,-0.744594,41.80359999843569,Vw3
5412.710000000435,-1.2010740040959587,-1.3961300054621475,8.9723329953361,-0.17023400059357943,0.03050700069221962,0.0016299996827869867,52.030457,-0.744594,41.631699999261286,Vw3
5412.810000000435,-0.6317459974544248,-1.2500029993019917,9.285132001423014,-0.14882999989984907,-0.0988770005760855,0.0966330004210693,52.030457,-0.744594,41.431999999129125,Vw3
5412.9100000004355,-0.0987249976812401,-1.4981770010986348,9.660046001634672,-0.08167599970563724,-0.02911799968734842,0.18363100037840419,52.030457,-0.744594,41.06369999838884,Vw3
5413.010000000436,-3.6395800155977427,0.27031100778972705,10.304528002818218,0.018495000437625114,-0.31154000124538095,0.24231600025430156,52.030457,-0.744594,40.71349999847593,Vw3
5413.110000000436,0.16877001694340388,-1.7392210089359768,9.847976997959199,-0.01564500015490364,-0.45646500062615974,0.1520179995994323,52.030457,-0.744594,40.22489999786189,Vw3
5413.210000000437,-6.340953028863731,2.8778560204407246,10.788453004165904,0.10082000051490168,0.12006200254745425,-0.19213300151285095,52.030457,-0.744594,39.7744999980364,Vw3
5413.310000000437,4.8553380497433185,-6.716316042581912,8.926305991733205,-0.15470700113380936,-0.6048190032273996,0.48264900299565305,52.030457,-0.744594,39.17599999737646,Vw3
5413.410000000437,-2.327000006277001,-0.25319999976480734,9.722599998200321,0.01069999947287398,0.44029999797335856,-0.30949999865381456,52.030457,-0.744594,38.71999999579858,Vw3
5413.510000000438,-3.7618514914226733,-0.1994376235272901,9.311213859587275,-0.10979505003183782,-0.022967328758396965,-0.0017772263771964614,52.030457,-0.744594,37.75960395619653,Vw3
5413.610000000438,-2.8848039960547416,0.09701100130968196,10.303832004411468,0.08224800085530247,0.31028700149546484,-0.20551100091533142,52.030457,-0.744594,37.11639999719573,Vw3
5413.710000000438,-2.0041049961418573,-1.9367270090146023,10.175794999388744,0.06736999992551002,0.11599699912496181,-0.070088999391373,52.030457,-0.744594,36.2684999962755,Vw3
5413.810000000439,1.513899988836297,-2.333199987145781,9.54210000185778,0.09790000004000717,0.24830000012427758,-0.23479999918155545,52.030457,-0.744594,35.439999997276104,Vw3
5413.910000000439,-1.0327019529414083,0.5990330225976517,9.965886409629785,0.10702621363234817,0.27664951468771987,-0.04810097005313277,52.030457,-0.744594,34.81864077396778,Vw3
5414.0100000004395,1.7591999879803615,-1.757599990603157,10.195700001617176,-0.0033999997626994573,-0.02679999937767825,0.04189999952281488,52.030457,-0.744594,34.32999999758823,Vw3
5414.11000000044,-0.9769764826215364,0.38151765646634805,10.563837256520973,0.050619608080707534,0.11486666728969579,-0.0667274514581197,52.030457,-0.744594,33.78098038974236,Vw3
5414.21000000044,-1.9361707111315343,1.106142427303711,9.814422218824495,-0.043429293356397565,-0.23787171876813737,0.2031242436455572,52.030457,-0.744594,33.46313131175356,Vw3
5414.310000000441,1.6616650160640367,-1.0355960095692012,9.83224200011375,0.10212000065252569,0.3022080024213994,-0.1253540014752372,52.030457,-0.744594,33.18279999876549,Vw3
5414.410000000441,-0.8369999910093207,-0.16220000352316186,8.81040000497444,-0.10289999912958206,0.25839999866270963,-0.18309999932567722,52.030457,-0.744594,33.009999999475916,Vw3
5414.510000000441,1.20121783076882,-0.9609128748087082,9.938122777249434,0.09442673354329435,-0.044768318168372956,-0.030228712197267193,52.030457,-0.744594,32.891188118288035,Vw3
5414.610000000442,-1.7418999920761256,0.713899988159265,10.473599994741779,0.043800000302845525,0.20709999783194113,-0.10159999909759035,52.030457,-0.744594,32.66999999912473,Vw3
5414.710000000442,0.05077327524705555,-1.9649118930235472,9.283996034348096,0.11231485178785833,-0.28339505167203766,0.10255841674358937,52.030457,-0.744594,32.471980197144916,Vw3
5414.810000000442,0.23019998847305154,-0.8780999950424362,10.656799997266951,0.12399999935754735,-0.06470000013172905,0.03569999998118157,52.030457,-0.744594,32.31999999943107,Vw3
5414.910000000443,-2.3776217937234834,0.24348416338128331,10.03848316557944,-0.02134653529693889,-0.09450198032995817,0.0314425742385774,52.030457,-0.744594,32.19128712814304,Vw3
5415.010000000443,1.1482220158840457,-2.231289011117238,9.494531997595125,-0.016067999969894782,-0.22874700059900535,0.199898000753516,52.030457,-0.744594,32.00189999915882,Vw3
5415.1100000004435,-2.0871570146586755,1.2137480155499163,10.22229400328548,0.08201000043918799,0.14619900168621566,-0.03481200105937465,52.030457,-0.744594,31.8415999992902,Vw3
5415.210000000444,-2.4657100015482802,0.5003599966461321,10.727274002229702,0.03052999976487434,0.02070599942061488,-0.07482000016858067,52.030457,-0.744594,31.592499998890915,Vw3
5415.310000000444,-2.827877001610546,-0.7536100055966796,8.944062991970387,0.0034679998808649602,0.2626430010922194,-0.28904000096019283,52.030457,-0.744594,31.35239999893312,Vw3
5415.410000000445,-1.0729629921035857,-0.344360998105803,10.43753200678728,0.07151000030673454,0.14709199947010496,0.011245001358078321,52.030457,-0.744594,31.07279999875528,Vw3
5415.510000000445,1.4398970112038125,-0.790946002024448,10.367956999619027,-0.10253500078461807,0.2744020005770166,-0.15568300076328004,52.030457,-0.744594,30.77299999866637,Vw3
5415.610000000445,-1.0704880114086923,-1.516517003244163,9.818837997533135,-0.027871999656117835,0.33242700025523897,-0.1166119998164774,52.030457,-0.744594,30.46309999861913,Vw3
5415.710000000446,1.6492690123528384,-0.7787259966475258,10.632426003685673,-0.008586999916700415,0.0759959988436058,-0.023634999583502084,52.030457,-0.744594,30.242199999020002,Vw3
5415.810000000446,-1.29359401339326,-0.8577260003901123,9.006308992631164,-0.027705000087038786,0.27407300090475695,-0.11556200041867885,52.030457,-0.744594,30.101399999375108,Vw3
5415.910000000446,1.1109999730409255,-1.0299999979077912,8.699200006389814,-0.1650999994835799,0.07350000234776602,0.06939999855950628,52.030457,-0.744594,29.919999998850436,Vw3
5416.010000000447,-4.926029729917412,-0.5614851464235708,10.13009109549589,-0.04945643512737337,0.5992425766041503,-0.25317425886559725,52.030457,-0.744594,29.662574256276688,Vw3
5416.110000000447,3.789356039647112,-2.0374440066892534,10.183208000175327,-0.07730700013104783,-0.09186600314604232,0.10207900161953648,52.030457,-0.744594,29.39269999879239,Vw3
5416.2100000004475,-2.6657020295637386,-2.0562610000174435,9.214488995621663,-0.03829699982243329,0.3488770020230081,-0.2094170014236646,52.030457,-0.744594,29.01379999830037,Vw3
5416.310000000448,-2.598399984577451,-1.150599999931537,11.899599984551049,-0.06360000044657646,-0.14589999952612778,-0.11849999771342118,52.030457,-0.744594,28.80999999870233,Vw3
5416.410000000448,0.8481999958620214,-1.1353000008070855,8.447100014663388,-0.16339999883820516,-0.039999999307895245,0.392499999036647,52.030457,-0.744594,28.51999999884575,Vw3
5416.510000000449,-0.07467129126486316,-1.315300000806729,11.717397044359878,0.09570891205237064,0.11435643633536333,0.1776485138885578,52.030457,-0.744594,28.262574256272007,Vw3
5416.610000000449,-1.4655440062673772,-2.992675007600699,8.107295983475607,-0.16830700120937564,0.22361200048860036,-0.16288200153495952,52.030457,-0.744594,27.913499998428215,Vw3
5416.710000000449,-0.4848469954879897,-1.0651409911794179,10.68875301187709,0.1482750014483162,0.33350100049355025,0.021998000854169725,52.030457,-0.744594,27.632799998742545,Vw3
5416.81000000045,-0.03444799799844139,-3.3741780105846813,8.17624598845954,-0.0643200009809797,0.24599499959725835,-0.31675900154841796,52.030457,-0.744594,27.20429999806504,Vw3
5416.91000000045,0.12919999575786908,-0.09580001800442915,9.896000001318507,0.12689999942811245,0.7151999986231015,-0.5653999975880876,52.030457,-0.744594,26.81999999884107,Vw3
5417.01000000045,-0.8130772319630365,-4.095007938788585,10.18887128844664,-0.00012970354193295175,0.4093584144652916,-0.029657423331723165,52.030457,-0.744594,26.56257425626732,Vw3
5417.110000000451,-0.044999991428475286,-1.7916000003858996,10.927099989863438,0.060699999746306806,0.5119000003175631,-0.3064999997306743,52.030457,-0.744594,26.2599999987494,Vw3
5417.210000000451,1.8550990184687508,-1.8771445548411754,8.680070286897593,0.004462375984041984,0.582296039921384,-0.2467970294337629,52.030457,-0.744594,25.982772275977673,Vw3
5417.3100000004515,0.5231459938346048,-0.35419199304574533,10.726799009443274,0.13230300058599717,0.2527359984927629,-0.09928399932951443,52.030457,-0.744594,25.692899998689754,Vw3
5417.410000000452,0.9189640018687225,-1.462945005130402,9.782845995596574,0.033411999542759405,0.3070180002629585,-0.1157190000817792,52.030457,-0.744594,25.412799998734908,Vw3
5417.510000000452,1.0679370006610107,-1.49063500007455,8.588069994591729,0.08417700023630122,0.10148199905931327,0.025670000646100866,52.030457,-0.744594,25.22189999914154,Vw3
5417.610000000453,2.270567005492842,-2.1576640030495167,9.743508005338464,-0.0042020004065418115,0.08672799994205194,-0.018638000209156264,52.030457,-0.744594,24.932899998687112,Vw3
5417.710000000453,1.7216669974343888,0.0933940103249209,9.740251999931186,-0.022623000080132905,0.2922230009403166,-0.09057800032686983,52.030457,-0.744594,24.702299998958726,Vw3
5417.810000000453,0.1787279929560539,-0.323162002013204,9.827220000399192,-0.06814200020776193,0.44695800069949543,-0.15307600028306428,52.030457,-0.744594,24.46239999891129,Vw3
5417.910000000454,-1.5339148592583056,1.7886475344453516,10.926411886218627,0.04755346587854291,0.08043564187854124,0.017050495831579526,52.030457,-0.744594,24.42079207902834,Vw3
5418.010000000454,-0.8300323198153922,-2.0055474925084598,10.309224239464612,-0.03196464684359268,0.22663232394347743,-0.15580101091709622,52.030457,-0.744594,24.271515150827824,Vw3
5418.110000000454,0.44074000579990713,-1.3101199966273267,10.523866001015438,-0.06398500014317952,-0.0036580010645283767,0.0037700007408972003,52.030457,-0.744594,24.081899999136375,Vw3
5418.210000000455,-0.10436500256137382,1.0737950109114072,10.02189299768499,-0.004503999725453456,0.04152000021818269,0.09351000040454706,52.030457,-0.744594,24.01069999968182,Vw3
5418.310000000455,0.0865999966830458,-0.30779999681046516,9.92070000003647,0.004799999894192448,0.01789999994957257,0.024000000177846738,52.030457,-0.744594,23.929999999549754,Vw3
5418.4100000004555,-0.6428059439161368,0.3935861418083227,9.928719802016724,-0.018467326838644247,0.0068108910386035955,0.06310891106921054,52.030457,-0.744594,23.83099009855896,Vw3
5418.510000000456,0.8167830067485028,-0.46604600398706847,10.4186520022536,0.08465600047549685,0.1347070005889056,-0.0009490002965023558,52.030457,-0.744594,23.800299999863363,Vw3
5418.610000000456,-0.37359999596897575,-1.032100000137883,10.146799996849236,0.0016000002191518435,0.0475000004191279,0.007799999728799594,52.030457,-0.744594,23.749999999452122,Vw3
5418.710000000457,0.5093000012892348,-1.0622999948127736,9.456700003481657,0.04959999938476555,0.13929999967814333,-0.05159999943042219,52.030457,-0.744594,23.62999999941234,Vw3
5418.810000000457,0.7916762389149805,0.0738386190565925,10.219274260912757,-0.08515247586370567,0.0688049501726977,0.07315247581797882,52.030457,-0.744594,23.501287128124307,Vw3
5418.910000000457,0.1335759969472271,-2.2272420106810467,10.028404999083163,0.03962600058256929,0.2736240009493044,-0.11538300087659759,52.030457,-0.744594,23.38119999945127,Vw3
5419.010000000458,0.16590600018016666,1.425864016981392,9.318351996729563,-0.06602000049385784,-0.039219001454594116,0.08812500094884722,52.030457,-0.744594,23.271099999496997,Vw3
5419.110000000458,-0.43512500278342003,-3.2262340217019707,10.065283003489927,0.0951610007509507,0.21876200120866873,-0.08423800080730637,52.030457,-0.744594,23.23039999981673,Vw3
5419.210000000458,-0.47961200017777583,2.3060400258233207,9.288027996367507,-0.06447100074638376,-0.0715410013557701,0.09408100083343895,52.030457,-0.744594,23.190399999816727,Vw3
5419.310000000459,1.361699998535436,-1.4663999954769622,10.654399995858194,0.11729999907914472,0.2537999982731127,-0.13319999883542896,52.03107,-0.745327,23.18,Vw3
5419.410000000459,1.0421950480381423,-0.4796673222027048,9.750835639416204,-0.08359109003117716,-0.12293267499686017,0.12085940710694956,52.03107,-0.745327,23.18,Vw3
5419.5100000004595,1.2953999945918035,-2.536899989218054,10.32009999796716,0.09629999954989107,0.16929999909381133,-0.06139999953060069,52.03107,-0.745327,23.21999999995407,Vw3
5419.61000000046,0.11789999759919154,-0.1894000006579555,9.877500002294186,-0.001699999665098837,-0.027999999807260964,0.04080000002870582,52.03107,-0.745327,23.210000000227826,Vw3
5419.71000000046,-0.4037831707166065,-0.3323702976873752,10.376014853778347,0.07107227756247976,0.013881188311467948,0.047037623791069696,52.03107,-0.745327,23.25950495072278,Vw3
5419.810000000461,0.4125020038245865,-1.4162660050395313,10.14231099888876,0.05556399992441164,0.1406240005881143,-0.01903200030788428,52.03107,-0.745327,23.398600000645263,Vw3
5419.910000000461,-0.4070380038541606,-1.1190129985651756,10.082776999734053,-0.0035050002742436637,0.1312079999502213,0.03237400024244061,52.03107,-0.745327,23.548500000691373,Vw3
5420.010000000461,-0.10236199854259082,-1.7496980029507696,9.115563995499638,0.0839110004097523,0.005567999415561381,0.052799000092643655,52.03107,-0.745327,23.76780000101401,Vw3
5420.110000000462,-1.846154008149172,0.2231080092325881,10.361615005858113,0.0014419996111525168,0.009052000022167078,0.0396349999376551,52.03107,-0.745327,23.98780000101599,Vw3
5420.210000000462,-0.466513993481827,-0.11696300167965104,9.530522996063882,-0.04355400020597315,-0.09623600049137991,0.18869300069596762,52.03107,-0.745327,24.257300001246925,Vw3
5420.310000000462,-0.611790000744985,0.20570400152513707,10.47546900445649,0.046981000425243,-0.05057199978159445,0.03476999927352392,52.03107,-0.745327,24.50750000115681,Vw3
5420.410000000463,0.2272090039290634,-0.9229660052908858,10.826452001595502,-0.06753400053954633,0.1645320010032045,-0.016003000229978158,52.03107,-0.745327,24.72780000101801,Vw3
5420.510000000463,-1.6958999997460744,-0.9398999982862319,9.292000002420542,-0.10599999932393477,0.09670000077598538,-0.054300000423973115,52.03107,-0.745327,25.03000000155839,Vw3
5420.6100000004635,-1.6410485145971745,-0.5697019784816515,9.814871289552928,0.04003960463748703,0.2643237631534004,-0.14588415884045797,52.03107,-0.745327,25.36663366492709,Vw3
5420.710000000464,1.314056013836938,-1.324439003551963,10.389845002668261,-0.004832000216984551,0.15729799949092088,-0.04146399950668468,52.03107,-0.745327,25.647200001298195,Vw3
5420.810000000464,-0.8989450105242129,-0.8351199976679959,10.348079999777019,0.11221300055141206,0.3264800007990133,-0.0998990002791901,52.03107,-0.745327,25.956900001440083,Vw3
5420.910000000465,-0.23305499676904284,-1.9045470050417799,10.04525399858126,0.09181799989872773,0.3647310001714196,-0.25266300071401593,52.03107,-0.745327,26.197600001114925,Vw3
5421.010000000465,-1.7447999896625257,-0.5933000072254961,9.25580000329695,0.04159999987265801,0.23160000079193704,-0.07600000069526867,52.03107,-0.745327,26.40000000153368,Vw3
5421.110000000465,0.47949999432769225,-2.147999994659649,9.965200000117568,0.014200000140159437,0.4019999979902797,-0.22559999888241292,52.03107,-0.745327,26.730000001290943,Vw3
5421.210000000466,-0.7386188175510826,-1.001168311493604,9.990447524869994,0.04429901004108991,-0.029584160424706907,0.014400001117111622,52.03107,-0.745327,27.007227724062673,Vw3
5421.310000000466,1.2499900094251677,-2.899707008997514,9.761712998921306,-0.03935200039547464,0.35734800184306104,-0.18120000093272318,52.03107,-0.745327,27.356500001632266,Vw3
5421.410000000466,-0.5866999855404633,-1.7683000091041357,9.182299998608602,0.1544999995523692,-0.11899999754934851,0.07699999880631792,52.03107,-0.745327,27.70000000143205,Vw3
5421.510000000467,2.5124089253444866,-3.719587137813141,8.884082176827015,0.058559405493153346,0.4062475272020861,-0.17884158535159111,52.03107,-0.745327,28.00693069450075,Vw3
5421.610000000467,-4.708152034226673,1.695901025652716,10.616867008192663,0.08195400011494869,-0.31813000344378795,0.18321700172095945,52.03107,-0.745327,28.31690000144854,Vw3
5421.7100000004675,-2.0417729870689554,-1.3013700144062486,10.09861199747108,-0.015711000462140093,0.012882001597163628,-0.009219000925682036,52.03107,-0.745327,28.60710000135511,Vw3
5421.810000000468,-0.38772799230872934,-0.6018769965462318,9.783131998533658,0.08804200049533506,-0.35485100175520895,0.2028380010122064,52.03107,-0.745327,28.936700001545,Vw3
5421.910000000468,-1.5548450055972076,-0.7446830007102437,10.449636003166836,0.05890499985720214,-0.33226599987546157,-0.015968001044999375,52.03107,-0.745327,29.246900001451387,Vw3
5422.010000000469,-2.1029840025357154,-0.830251000397493,9.534115995638345,-0.054359000534204435,0.22843900265042189,-0.24213800105904507,52.03107,-0.745327,29.6658000019664,Vw3
5422.110000000469,-2.6434950025354316,-0.133347996693853,9.458964999688055,-0.06698400005441446,0.06560199920160867,-0.17232799965850243,52.03107,-0.745327,30.125400002157814,Vw3
5422.210000000469,1.5295930197992695,-3.460422015798322,9.515324000270201,-0.0787820000553537,0.49296600203307583,-0.22110000023454957,52.03107,-0.745327,30.585400002157854,Vw3
5422.31000000047,-2.1750000127227027,0.33900000821039067,9.484300005954937,0.04619999965881943,-0.1726999974357488,0.04079999847290019,52.03107,-0.745327,30.94000000154869,Vw3
5422.41000000047,-4.885999961534596,2.0884999769462693,10.753199988403068,-0.02649999890967434,0.3736999954226806,-0.2845999972704614,52.03107,-0.745327,31.270000002048434,Vw3
5422.51000000047,3.2944950879541475,-2.8143713101727306,8.28686335474459,0.20538118920867815,-0.5997653511100443,0.29589505223333906,52.03107,-0.745327,31.705643566404007,Vw3
5422.610000000471,0.6635019870961494,-2.1571339966405345,9.554249006145834,0.14087499968213635,-0.14172499777495468,-0.049849001672198134,52.03107,-0.745327,32.15550000211909,Vw3
5422.710000000471,-1.13867300844215,0.6308110132276203,9.013790997367098,0.09564999978808683,-0.4541960015088218,0.21548400127901374,52.03107,-0.745327,32.625300002213315,Vw3
5422.8100000004715,-3.865834012911787,1.9365940060892906,10.597744007575518,0.09638800000566182,-0.4051279997508798,0.0950439994130577,52.03107,-0.745327,32.88740000122673,Vw3
5422.910000000472,1.013099987138412,-0.5747999907912527,9.234800004553431,0.04809999995139516,-0.41670000017151904,0.17970000022619945,52.03107,-0.745327,33.13000000023368,Vw3
5423.010000000472,-1.7116524881037145,1.3760910983137933,10.199453469898055,0.03780297024844526,-0.45303663383481335,0.22762079230531243,52.03107,-0.745327,33.17950495072863,Vw3
5423.110000000473,-0.23301099280933357,-0.11355600720626668,9.726375997694978,-0.020215000276545915,-0.4122159998033451,0.11543799946203546,52.03107,-0.745327,33.26910000042546,Vw3
5423.210000000473,-2.3133330100064273,3.0390020151266435,10.402719003252903,0.04790600032807958,-0.39566299992294385,0.18864900035502563,52.03107,-0.745327,33.41850000070911,Vw3
5423.310000000473,-1.347200003639725,0.5038000033247488,9.640300004213398,0.08970000063799234,-0.29290000013620593,0.14679999893541829,52.03107,-0.745327,33.50000000009459,Vw3
5423.410000000474,-2.1168000003762626,1.2068000089092572,10.531199984626722,0.2245999985038641,-0.3216999994759536,-0.07829999948299098,52.03107,-0.745327,33.5200000002815,Vw3
5423.510000000474,-2.1962059409701644,3.0869980287075123,7.2868435489895855,-0.09114257575293608,-0.21110594007023215,0.03080891140788196,52.03107,-0.745327,33.57940594087543,Vw3
5423.610000000474,-1.0845369946675147,-0.40028501680608386,11.044417018167085,0.08380100085371017,0.03185700115931844,-0.07294100050254532,52.03107,-0.745327,33.60970000014236,Vw3
5423.710000000475,-1.8892999933195687,1.3149000048058492,11.335999989843977,-0.19579999894002445,-0.3954999987308497,0.17099999913744784,52.03107,-0.745327,33.56999999962395,Vw3
5423.810000000475,-0.4821712804383982,2.3271772325357314,9.196792069036873,0.02746732779421701,-0.12817326605570467,-0.01068316918065998,52.03107,-0.745327,33.49079207883132,Vw3
5423.9100000004755,-0.2028789987262275,-0.5221170137328741,9.430523001225275,0.04177800005800681,-0.416560001397869,0.027496000192088126,52.03107,-0.745327,33.499900000047546,Vw3
5424.010000000476,-1.4462000085572264,2.6679000068010685,10.868799992106327,-0.09440000007991184,-0.13690000154971893,-0.03469999929839305,52.03107,-0.745327,33.38999999947677,Vw3
5424.110000000476,-3.2451999831915224,4.097699975348321,9.209300003353958,-0.11119999982116632,-0.46269999796016364,0.11279999840889934,52.03107,-0.745327,33.2799999996697,Vw3
5424.210000000477,0.28173070987079774,-1.0749732919681643,9.913062379590187,-0.07367524734599315,-0.034680195980813566,-0.2210613877290531,52.03107,-0.745327,33.21069306897677,Vw3
5424.310000000477,1.4018000077247652,4.629399992184639,9.127399999455005,-0.10769999883923263,-0.4080999979960248,0.2743999979238307,52.03107,-0.745327,33.0299999993394,Vw3
5424.410000000477,3.022691096845061,2.98949900207411,9.013043563810639,0.1358643575981217,0.012395051511879196,-0.1612435664356648,52.03107,-0.745327,32.89138613795229,Vw3
5424.510000000478,1.499449992578224,5.870038013966303,9.468884002203145,0.027617999466395773,-0.3222770016337453,-0.009971999249708569,52.03107,-0.745327,32.721699999188615,Vw3
5424.610000000478,3.260554008581509,1.6931859796838316,9.715060001166771,0.16094200064937528,0.12712600218721837,-0.1518510006928901,52.03107,-0.745327,32.620999999521814,Vw3
5424.710000000478,-0.4274660179007195,0.5744709948015516,10.813826005295521,0.08052599960501164,-0.1739130014761852,-0.14092499994022575,52.03107,-0.745327,32.59029999985655,Vw3
5424.810000000479,1.1567200078475683,0.7245740007790077,9.729563994699298,0.057127999890766445,-0.018005999230574193,-0.2088130003291379,52.03107,-0.745327,32.59,Vw3
5424.910000000479,2.0618230043009134,-1.0008550083579626,9.548021999174985,-0.047545000505454314,-0.11926100049778868,0.0313670011656591,52.03107,-0.745327,32.530599999712535,Vw3
5425.0100000004795,3.899499991174168,-0.29810001013418874,11.008399989535045,-0.11490000026005785,-0.24669999956055919,0.019599999995254417,52.03107,-0.745327,32.51999999947799,Vw3
5425.11000000048,2.058113852547373,-2.4124564457926043,8.825033652886045,-0.1691574260030132,-0.15501683124308352,0.018609900985346473,52.03107,-0.745327,32.41108910838811,Vw3
5425.21000000048,2.987599998161877,-0.2931000058514692,10.729599992703136,-0.011200000488295999,-0.30809999977035346,0.0983999995806455,52.03107,-0.745327,32.380000000190186,Vw3
5425.310000000481,2.604827720931466,-1.5116148573451764,9.210095042197414,-0.11288316880584189,-0.26027821759179975,0.011073266906764814,52.03107,-0.745327,32.4196039605865,Vw3
5425.410000000481,3.2623200032125634,-1.49588199986438,10.516550006420317,0.015493000628565873,-0.21178499976675252,0.018318000039435654,52.03107,-0.745327,32.42,Vw3
5425.510000000481,0.5765959869208284,-1.9925800024142315,8.82264499170649,-0.08596200049919767,-0.13308999962007112,-0.0853520005040069,52.03107,-0.745327,32.45960000019237,Vw3
5425.610000000482,2.9599510117319086,-4.059176010033482,10.492558008211228,0.05288700068081589,-0.3446550010335104,0.01646100050061411,52.03107,-0.745327,32.519400000289096,Vw3
5425.710000000482,2.358322996953375,-1.872200989254662,9.913916997100817,-0.03301800042497592,-0.21116999933989,-0.05457200035077377,52.03107,-0.745327,32.569500000240915,Vw3
5425.810000000482,3.6527610063426224,-2.025229000854919,10.361716002212846,0.05232900042046,-0.3209770005421086,-0.030945999881247806,52.03107,-0.745327,32.59970000014482,Vw3
5425.910000000483,1.254800007693744,-1.8597000198112337,9.870599993776331,-0.01899999899741306,-0.19100000043899398,-0.005599999730035597,52.03107,-0.745327,32.610000000289766,Vw3
5426.010000000483,2.8478999919956003,-5.961899967530061,8.581900015274345,0.188600000289765,-0.28189999891170764,0.050299998469887724,52.03107,-0.745327,32.670000000191266,Vw3
5426.1100000004835,1.1904742494097011,0.7614663691508259,11.744672292524285,0.24860000029018645,-0.0565534642566595,-0.26653168470065447,52.03107,-0.745327,32.709603960587586,Vw3
5426.210000000484,3.296856010371414,-2.1809990147034766,9.756996990134969,-0.12432700182481557,-0.46396200200134824,0.20213400230508116,52.03107,-0.745327,32.70009999995164,Vw3
5426.310000000484,3.875868002728994,-4.653730011953885,8.316642993050078,-0.08087699976886895,-0.23079699883853008,-0.09920800149823325,52.03107,-0.745327,32.90790000101755,Vw3
5426.410000000485,3.6753819989911447,-4.549600999369587,10.76482601205296,-0.1343550002640855,-0.7816120027077245,0.23291400164072218,52.03107,-0.745327,33.0684000007753,Vw3
5426.510000000485,2.0478189920439998,-5.310501003730632,9.326578992838678,-0.15004700007413777,-0.5668259989213681,0.1916509997814632,52.03107,-0.745327,33.04029999985463,Vw3
5426.610000000485,0.9140000029063273,-3.4305000030404873,9.932300001249759,0.010400000528466848,-0.5036999996124256,0.14119999915849227,52.03107,-0.745327,33.170000000240435,Vw3
5426.710000000486,1.5124158444893,-4.056539606999643,10.189626733922516,0.1192118817163701,-0.42389801941456384,-0.032067327573837734,52.03107,-0.745327,33.219504950735384,Vw3
5426.810000000486,2.59908400530922,-3.066265995104195,9.716207997661531,0.13812000008754668,-0.34785999963035846,0.016393000246589837,52.03107,-0.745327,33.32890000053501,Vw3
5426.910000000486,2.2631039982957257,-2.767119998579772,9.920785001028692,0.09444299978453385,-0.4166970003419248,-0.04814300031955139,52.03107,-0.745327,33.498300000826845,Vw3
5427.010000000487,2.025068998847767,-3.4489830033642876,9.391071997387169,0.012126999597764088,-0.46957300025632204,0.08999800068190417,52.03107,-0.745327,33.49009999995136,Vw3
5427.110000000487,0.8153949940576206,-2.975353997634743,9.47044400041711,-0.07007800040054414,-0.457031999935679,0.08496499996832681,52.03107,-0.745327,33.440499999756355,Vw3
5427.2100000004875,2.246699994174992,-4.7213999998810525,10.312900003005371,0.12519999989762728,-0.5242999995710095,0.10259999946619937,52.03107,-0.745327,33.429999999756255,Vw3
5427.310000000488,1.0518000086002839,-4.697000010566327,10.929399995777368,0.10420000003704917,-0.4363000008477437,-0.006899998559957021,52.03107,-0.745327,33.38000000024375,Vw3
5427.410000000488,2.81599998769187,-6.864499981255646,10.063200000457934,0.11179999960589614,-0.6101999987408019,0.28849999800481896,52.03107,-0.745327,33.43000000072534,Vw3
5427.510000000489,0.29590097779587277,-3.0265791891840417,10.156962376695372,0.031106930299125313,-0.3523782165630948,-0.12001485347952023,52.03107,-0.745327,33.5785148522102,Vw3
5427.610000000489,1.3753420054573662,-2.3597479968951998,9.962077999032562,-0.033159000313512425,-0.6164070013171434,0.1243900012276384,52.03107,-0.745327,33.728500000733646,Vw3
5427.710000000489,2.028317003170888,-3.44447900539046,10.529647002813839,0.054409000435795274,-0.3624919987322319,-0.08426700104326751,52.03107,-0.745327,33.78940000029346,Vw3
5427.81000000049,-0.12597401069492475,-4.0890010031355635,9.430757994532486,0.020946999829967068,-0.4598900004949085,-0.16510500038955672,52.03107,-0.745327,33.859300000343005,Vw3
5427.91000000049,0.5328999998374031,-4.65729999602681,10.574599993838305,0.1677999991695422,-0.576099999769452,0.23469999931854893,52.03107,-0.745327,34.030000000728045,Vw3
5428.01000000049,0.49973168300578563,-3.846804946523465,9.317669300771486,-0.0016059414241816061,-0.5290702967992482,0.09569009832872533,52.03107,-0.745327,34.1785148522129,Vw3
5428.110000000491,3.389804014332841,-3.5703109986691217,11.219859009494844,0.12975600065979373,-0.5637450001742759,0.126871000161512,52.03107,-0.745327,34.378000000981835,Vw3
5428.210000000491,0.6136732534210703,-3.460954454916916,9.078451474437948,-0.12835841712768786,-0.590663366468305,0.18699207950430283,52.03107,-0.745327,34.50742574320589,Vw3
5428.3100000004915,-0.5413919247043372,-2.0615575687453385,10.00806869175316,-0.11152525241446762,-0.4074747465526992,0.05495959529091221,52.03152535353764,-0.745937767679833,34.73767676881939,Vw3
5428.410000000492,3.1602960184458375,-3.0110650047880285,10.755847003665657,-0.20238000045248963,-0.5550900007426731,0.1031990002464101,52.03153,-0.745944,34.93800000098367,Vw3
5428.510000000492,-1.9012940253325334,-3.339778001584697,8.724790989872593,-0.25735400026854277,-0.40869399926519623,0.035191999659649115,52.03153,-0.745944,35.20730000132796,Vw3
5428.610000000493,-1.6029339982586674,-3.1207449988938056,10.34354100815923,-0.1011829992199974,-0.42343600008080884,-0.006090000202022147,52.03153,-0.745944,35.51690000152749,Vw3
5428.710000000493,-1.8783820013885584,-6.475887016710496,10.516421000778047,-0.0959369999817684,-0.7621800016851914,0.25812700131711014,52.03153,-0.745944,35.81700000147824,Vw3
5428.810000000493,1.5426999887007962,-1.7470000043642815,10.642499992733681,-0.15440000044999638,-0.28570000063253287,0.12529999948801931,52.03153,-0.745944,36.11000000146419,Vw3
5428.910000000494,-0.7494782291370861,-2.6323465390239655,9.168440586782735,-0.24568712916350885,-0.41401683231660247,0.021438613348675944,52.03153,-0.745944,36.407029704436574,Vw3
5429.010000000494,0.7431910075573724,-2.0183909968944134,9.416842001312135,-0.0838439991884303,-0.23304099909118015,-0.2187840011926718,52.03153,-0.745944,36.77630000182653,Vw3
5429.110000000494,-0.576911006671065,-5.38067401682776,10.604332005918845,-0.051608999847182216,-0.45127700109939783,0.20836100214587816,52.03153,-0.745944,37.05720000138476,Vw3
5429.210000000495,0.5714640058042151,-4.563101995745751,10.129318997567234,-0.10713600027893469,-0.34450099945548385,0.1894349998837772,52.03153,-0.745944,37.39660000168152,Vw3
5429.310000000495,-1.167599992193488,-3.44800000418199,7.934300016061251,-0.2484999975379312,-0.23640000033555852,-0.08350000002596293,52.03153,-0.745944,37.71000000156757,Vw3
5429.4100000004955,0.4102217899958118,-4.293247528940403,11.180537639846428,0.24912376484180154,-0.3042217825142527,-0.08874752477847503,52.03153,-0.745944,38.02683168473811,Vw3
5429.510000000496,-2.526999981176261,-4.868599972267501,9.599699999915735,-0.08239999956975444,0.4000999988639138,-0.357899999919205,52.03153,-0.745944,38.2900000019827,Vw3
5429.610000000496,1.2705999856221692,0.7262999591262113,9.582699997855839,0.004400000550667525,0.17090000060966762,-0.34159999937017405,52.03153,-0.745944,38.69000000157333,Vw3
5429.710000000497,-1.6247465490255601,-7.5046901398673835,9.150917819638872,0.11529108965935875,0.29367227783714717,-0.21476831620210843,52.03153,-0.745944,39.00683168474102,Vw3
5429.810000000497,1.8054590173756149,2.258253049453444,8.680903997660774,0.06313799973246098,0.6495180017812727,-0.5956400019195178,52.03153,-0.745944,39.39610000193941,Vw3
5429.910000000497,-1.7182540178757126,-5.968893041825867,9.93597500632806,0.12021800028942484,-0.21206100434584796,-0.22300299810879276,52.03153,-0.745944,39.72670000164106,Vw3
5430.010000000498,2.3871999798007746,4.5888999479345856,10.235199997313043,-0.15849999904737364,-0.035300001193492074,-0.20529999821493386,52.03153,-0.745944,40.140000001034394,Vw3
5430.110000000498,-1.6729980400297233,-5.876644606594369,9.695100987408258,0.03298514946882283,-0.275200991294187,0.15351188297570514,52.03153,-0.745944,40.347920793115065,Vw3
5430.210000000498,3.3205010154224133,2.414880240255715,10.294384161457629,0.09165346563202573,0.36972277553350236,-0.2875178240187716,52.03153,-0.745944,40.80089109137706,Vw3
5430.310000000499,1.2138343321874236,0.5701545351957451,9.155149489085307,-0.03073939456856406,-0.4930626307232811,0.3740575791726386,52.03153,-0.745944,41.18616161807736,Vw3
5430.410000000499,3.40781101117463,6.935100032192756,10.231707005486744,0.08620600059594033,0.429887004698146,-0.272104003292146,52.03153,-0.745944,41.526600001696984,Vw3
5430.5100000004995,-0.8657000014880504,-2.453700016679018,9.335100006569174,-0.09549999903103695,-0.8301999959723766,0.4481999985752288,52.03153,-0.745944,41.90000000158198,Vw3
5430.6100000005,-1.1637198034703418,-5.79409605630644,10.65074357093485,0.09855940691092016,-0.023566332600374218,0.16285346391975924,52.03153,-0.745944,42.21683168475252,Vw3
5430.7100000005,2.115843016579229,5.502555057225018,8.50599698910102,0.07456199986899424,-0.6488030031986407,0.4530400014800652,52.03153,-0.745944,42.655600002200096,Vw3
5430.810000000501,2.561335002086342,1.0035009766565155,10.130867008331844,0.08944700007664112,-0.39294899867305655,0.2752259990853157,52.03153,-0.745944,43.13520000240443,Vw3
5430.910000000501,1.1532999939322988,2.986599966978937,6.338500025935564,-0.3650999971836405,0.34940000107693175,-0.2985000001869221,52.03153,-0.745944,43.4300000019043,Vw3
5431.010000000501,-0.05749998662329472,-3.6026999598673783,11.513899977651034,0.19689999816686066,0.5642999997298901,-0.3358000003212253,52.03153,-0.745944,43.81000000180408,Vw3
5431.110000000502,2.61179997218941,4.405699953741637,7.0541999993279605,-0.16889999727754557,0.5104000000467246,-0.3999000002311377,52.03153,-0.745944,44.170000001938575,Vw3
5431.210000000502,-2.9277049782946656,-4.808359452180702,6.920338613189612,0.37337723044415255,0.5197069307397755,-0.4459396041914426,52.03153,-0.745944,44.5561386157992,Vw3
5431.310000000502,1.731399983005164,0.023599996119371608,12.45969997545367,0.22870000034993754,0.7724999969932212,-0.5093999981255476,52.03153,-0.745944,44.970000002187106,Vw3
5431.410000000503,-1.6537485318700973,-0.7493703009157606,7.570393044726259,0.2984029706474568,0.17358910589990573,-0.13603366148926177,52.03153,-0.745944,45.4056435665466,Vw3
5431.510000000503,3.559994026648792,6.940843039092369,11.108468018215655,0.4487880007601587,0.9677180040632294,-0.6080940024162188,52.03153,-0.745944,45.82580000211155,Vw3
5431.6100000005035,-5.476799959375908,-7.6984999203941005,7.741900003015678,-0.11659999855277421,0.317500005487086,-0.00160000508000697,52.03153,-0.745944,46.35000000254424,Vw3
5431.710000000504,2.5857742980338623,8.100708000366676,8.34041485449964,0.17062772421893402,1.4065099064750277,-1.0098178268601878,52.03153,-0.745944,46.854950497592746,Vw3
5431.810000000504,-1.1024310192081086,-2.4569610546131084,10.35966401026074,0.00906099916192521,0.49026499527479206,-0.37729099672489863,52.03153,-0.745944,47.06790000105958,Vw3
5431.910000000505,1.7217880145881124,6.766936047562736,8.270408989248129,-0.10229200055906298,0.8342310018008084,-0.5210820007659365,52.03153,-0.745944,47.24820000090823,Vw3
5432.010000000505,0.9245000000940257,-0.6872000018914013,10.786199996479478,0.12139999879894536,-0.04189999864998886,-0.03839999951205609,52.03153,-0.745944,47.44000000108872,Vw3
5432.110000000505,0.9431274510745109,-1.0619058842462135,10.08874901608384,-0.116541177672831,0.22555098174350346,0.05826666715509326,52.03153,-0.745944,47.6556862755996,Vw3
5432.210000000506,-0.16040000245579777,3.0467999884189485,9.28719999330451,0.13059999894207935,-0.08090000100084399,-0.023899999320086976,52.03153,-0.745944,47.84000000110148,Vw3
5432.310000000506,-0.6460435668156446,0.756601968600882,7.963140587354616,-0.07860792185146928,-0.27882079308144203,0.11055544622541186,52.03153,-0.745944,48.05782178328123,Vw3
5432.410000000506,2.4681940159542743,10.397090049428577,8.45212700256891,0.30747900198554917,0.03233700160170666,-0.135303001264452,52.03153,-0.745944,48.317400001316614,Vw3
5432.510000000507,1.5132999876086435,2.286700002413067,10.268799986453521,0.09660000025630372,-0.2937999965361381,0.43809999807596667,52.03153,-0.745944,48.4000000010533,Vw3
5432.610000000507,-0.9327396163689334,2.7630366360797787,7.594740580494145,0.14719405966259966,0.3899623797062883,0.05829801787527922,52.03153,-0.745944,48.60792079313397,Vw3
5432.7100000005075,1.6317999804643402,6.9174999480015495,11.248899985497113,0.24729999961359803,0.17610000420670657,-0.2560000012722624,52.03153,-0.745944,48.81000000050248,Vw3
5432.810000000508,-2.2176059601567575,-3.3285396560308147,8.391177213199814,0.1711613857516771,1.0050108953016377,-0.5066930705809539,52.03153,-0.745944,48.90900990149326,Vw3
5432.910000000508,0.42957201378665166,0.9177730223240284,11.700385017134213,0.25385700042841886,0.7322389985571991,-0.5261290000869034,52.03153,-0.745944,48.9595000002541,Vw3
5433.010000000509,-2.4717200150327763,-3.2777770217629683,8.950516985710731,-0.16238700214107804,0.8462200005996848,-0.3710679992031307,52.03153,-0.745944,49.10850000076231,Vw3
5433.110000000509,1.9989430231425156,8.75492506209843,8.973880000264735,0.010313000909775744,1.140242001505941,-0.6195740012860065,52.03153,-0.745944,49.278300000865485,Vw3
5433.210000000509,-0.8661010149675286,-0.7085770492942309,10.553153008118889,-0.09264200053864574,0.39812599616838595,-0.17818399771711957,52.03153,-0.745944,49.29980000010182,Vw3
5433.31000000051,-0.48959999790892883,9.057376050809967,8.00034698676658,-0.13498300021267723,0.8478810023557701,-0.43317900133675546,52.03153,-0.745944,49.25049999974499,Vw3
5433.41000000051,2.056820013097479,6.404799985821265,12.944893025606898,-0.12292599993573668,-0.26224000574289774,-0.10513999829651172,52.03153,-0.745944,49.259900000051,Vw3
5433.51000000051,-1.395568017918249,1.4005669743625004,6.373088965884841,-0.41999800153109934,-0.2105359996756232,0.49220000306015865,52.03153,-0.745944,49.26,Vw3
5433.610000000511,-0.16249999290027003,8.43799995369968,9.17840001222273,0.13389999918268844,-0.11530000300052028,0.08900000206984784,52.03153,-0.745944,49.5699999992915,Vw3
5433.710000000511,1.2265099080870772,-0.6203168779655428,11.569687140930863,-0.026000990916004663,-0.7023297059696544,0.49395049711855055,52.03153,-0.745944,49.43138613790563,Vw3
5433.8100000005115,-1.2410999901335416,-1.5696000008551307,8.25100001350728,0.22029999919189394,0.1913999969720302,-0.03599999719181869,52.03153,-0.745944,49.700000001482294,Vw3
5433.910000000512,0.6891999947771358,-1.7368999673673393,10.893599987358108,0.062199998914975546,-0.40099999648019913,0.5133999979835647,52.03153,-0.745944,49.99000000179216,Vw3
5434.010000000512,-0.3308000040193038,4.636099983865496,8.424700003211184,-0.149699999937642,0.2863999987482768,0.1195999991695737,52.03153,-0.745944,50.340000001216744,Vw3
5434.110000000513,-1.115750499074322,1.4851098848334634,9.051828716086876,-0.13752178211577426,0.04194455320200538,-0.042578218653347585,52.03153,-0.745944,50.577623763594644,Vw3
5434.210000000513,0.4502030081512649,-1.1739590136090279,13.51735702309602,-0.21818400041840802,0.441836002083836,-0.10587700031944632,52.03153,-0.745944,50.768100000974236,Vw3
5434.310000000513,0.5435180004016784,-2.768858008137328,8.451227973481004,-0.35859000072425395,0.12642699834243432,-0.22015200058967632,52.03153,-0.745944,51.13630000190052,Vw3
5434.410000000514,1.2257170035355522,1.4105240217670438,10.561364011216376,-0.04795199838092978,0.1499300001386894,-0.382373000835732,52.03153,-0.745944,51.575600002260124,Vw3
5434.510000000514,-0.2096320074830631,0.5720969954299278,9.210762992879069,-0.11251600035134646,0.10495699976525535,0.24049200324019515,52.03153,-0.745944,51.867100001489625,Vw3
5434.610000000514,0.7647999997838969,0.8976000036232954,9.66440000249691,0.03439999951223889,0.1481999988985875,0.028999999745671065,52.03153,-0.745944,52.220000001630964,Vw3
5434.710000000515,0.722819801764178,1.601461389760515,10.149449507446443,-0.06035247573509815,-0.06576039714059262,-0.02040594084829046,52.03153,-0.745944,52.536831684798656,Vw3
5434.810000000515,1.773087005470729,-2.7667060227808715,10.98639500433256,0.056609000613929907,0.013874000425781796,0.28738600160518696,52.03153,-0.745944,52.936000002061895,Vw3
5434.9100000005155,1.5608509988396468,1.7562670237807962,8.9353029892764,-0.04981300056033045,0.09241500040465449,-0.2632070028830986,52.03153,-0.745944,53.35580000216503,Vw3
5435.010000000516,-0.32032100978335976,-3.8161470292552298,7.270010991437305,0.43152700251195064,0.24853100080879345,-0.3192900002628965,52.03153,-0.745944,53.71640000185574,Vw3
5435.110000000516,-0.24901199952905795,-1.1691109858970417,12.430605027004292,0.38630599973870977,0.5541290015858147,-0.4783980008272468,52.03153,-0.745944,53.997200001445876,Vw3
5435.210000000517,-2.793489013276978,-1.999041004471446,5.651998964369406,-0.2242380031820131,-0.33479000465270004,0.0642030028386118,52.03153,-0.745944,54.2772000014459,Vw3
5435.310000000517,1.0946326937097197,-0.6379712799744641,10.741390125952758,0.1315871306035712,-0.08512574122317235,0.1541930697482476,52.03153,-0.745944,54.623069308722584,Vw3
5435.410000000517,0.6533100982631838,1.2218050601759551,11.185630304825178,-0.190043436079787,-0.09583737382150037,0.07848989858128395,52.03153,-0.745944,54.85767676887858,Vw3
5435.510000000518,-0.7555230073337961,0.7675769975288464,8.815673987598192,-0.11419999958615809,-0.023135999619265435,-0.046050000646627995,52.03153,-0.745944,55.14710000150018,Vw3
5435.610000000518,1.2905890107843183,1.1879060022251628,10.40074700842235,-0.03172499957248269,-0.05635700017774356,0.017743000340459246,52.03153,-0.745944,55.22920000041456,Vw3
5435.710000000518,-0.8207630111607296,2.976477009339733,6.435813979160628,-0.35116500167641546,0.32108400197749665,0.12264700054567712,52.03153,-0.745944,55.40820000093278,Vw3
5435.810000000519,2.769399993254998,7.709999885666548,11.593699999406136,0.14009999892262698,-1.3612000012647198,0.46020000314845455,52.03153,-0.745944,55.44000000030797,Vw3
5435.910000000519,1.4683108843349684,-14.344554569933901,11.479145543959786,-0.06772178325705056,-1.6051603973060373,1.067526735825988,52.03153,-0.745944,55.49940594090244,Vw3
5436.0100000005195,1.587564000693546,10.763357132813573,10.450874994614116,-0.14929700041685448,0.2627080098072414,-0.06598900597560609,52.03153,-0.745944,55.737600001245895,Vw3
5436.11000000052,-0.3495999923917509,-10.56699992022284,10.504600009077773,-0.299699998290964,-0.8141999917221466,0.4689999946174122,52.03153,-0.745944,55.450000001133176,Vw3
5436.21000000052,1.1128752551301044,4.767950574796286,12.249550504123821,0.028814853193533718,0.7769881270865822,-0.5656534707270725,52.03153,-0.745944,55.66782178331096,Vw3
5436.310000000521,1.199374000378196,5.313934002066013,10.410452990230976,-0.26024700153831004,-0.09394200466650238,0.15462000384447294,52.03153,-0.745944,55.74920000041674,Vw3
5436.410000000521,-0.5177480090393574,5.151480999124299,11.092026003685133,0.191804002394242,0.5821800036049073,-0.4969440034673792,52.03153,-0.745944,55.83910000046885,Vw3
5436.510000000521,1.1802730090263336,-2.0380950378228766,10.107020994779656,0.07868899938060189,0.15577699771984393,-0.010579997405716912,52.03153,-0.745944,55.95880000062513,Vw3
5436.610000000522,-1.4074999826358947,0.8707999890540079,10.418699991266775,-0.013799999882151099,0.1761999980968436,-0.034799998908347014,52.03153,-0.745944,56.200000001188826,Vw3
5436.710000000522,1.9186386312189023,-1.2259326842091651,8.745828704141378,0.008774257543546757,-0.1883544573479787,0.1743089119823278,52.03153,-0.745944,56.427722773465604,Vw3
5436.810000000522,1.691430998624644,-2.243434005262004,11.766618016039024,0.18690300093938222,-0.30238500058286655,0.20817900016780283,52.03153,-0.745944,56.64780000115005,Vw3
5436.910000000523,-0.5417690117782912,3.347326029574588,8.36734598188848,0.015053999083080083,0.006667001637805092,0.33680400067749616,52.03153,-0.745944,56.81830000088869,Vw3
5437.010000000523,-0.6221160003052915,1.1012589878411405,8.251519999571338,-0.08223500050446278,-0.3987730021574279,-0.18135300274291838,52.03153,-0.745944,57.08730000141146,Vw3
5437.1100000005235,-1.1325500026968478,2.8905910095876868,8.187141999663812,0.07312100082685877,0.046659002377939074,-0.3093600006493381,52.03153,-0.745944,57.15930000036656,Vw3
5437.210000000524,0.878959416603889,-0.8361425940597251,8.440665347878578,-0.13270990208680028,-0.162777228854199,-0.1887613854943796,52.03153,-0.745944,57.238415841998794,Vw3
5437.310000000524,0.35565555253638026,-1.1343292941204313,9.22851313550278,0.0639505061256028,-0.012774746648686663,0.17451818374954267,52.0320645454574,-0.7445135959519394,57.33898989951977,Vw3
5437.410000000525,-0.6877190054981058,-3.142439010628482,11.058100009652241,-0.0017160003588115869,-0.1068340005067427,0.3278880007931625,52.03207,-0.744499,57.4093000003672,Vw3
5437.510000000525,0.464951006163271,1.8700640266674657,9.277471990467362,-0.02338800011121061,0.03268100074437669,-0.2520270030808487,52.03207,-0.744499,57.46940000031475,Vw3
5437.610000000525,-0.308667004168623,-1.4817300180607051,9.722719002459765,0.06144100045138626,-0.04975300044508051,-0.05643499893065074,52.03207,-0.744499,57.52940000031529,Vw3
5437.710000000526,2.8466999719641772,1.851299972744902,13.111499974823191,0.3325999992739261,0.3550999987315827,-0.15719999970020174,52.03207,-0.744499,57.650000000416384,Vw3
5437.810000000526,-2.486468344904965,-3.3333534926380484,8.322193044096483,0.1944811873917678,0.11381287001701662,-0.10017029672950413,52.03207,-0.744499,57.72920792120902,Vw3
5437.910000000526,1.726110022682462,3.7008240376774157,11.58644401761115,-0.023116001149651788,0.015369999489394562,0.11820000115807416,52.03207,-0.744499,57.96760000126335,Vw3
5438.010000000527,-0.567099992334097,-0.6255999903163425,10.792699998459833,-0.1224999990177133,-0.20229999918455607,0.09019999897391709,52.03207,-0.744499,58.030000000469244,Vw3
5438.110000000527,0.8886425819335534,1.2133109007856824,10.500224750933025,0.06403465444894343,-0.04744851403495354,-0.10465148617596637,52.03207,-0.744499,58.11910891136096,Vw3
5438.2100000005275,-0.479038007362258,0.48939799604625334,10.134464998067422,-0.048247000607984786,-0.15925500060376632,0.2101010016868545,52.03207,-0.744499,58.21900000052731,Vw3
5438.310000000528,-0.6331840007479415,-0.7329290064816312,8.585211991753628,-0.09107900022237525,-0.06694399950137238,0.20795399997147682,52.03207,-0.744499,58.40810000100359,Vw3
5438.410000000528,-0.1740519975427376,0.6837660076242748,10.549600010564326,0.10996500107492024,0.02834700050339016,-0.06860700147530821,52.03207,-0.744499,58.55850000079233,Vw3
5438.510000000529,-0.1426699998573816,0.7543330002994987,9.969758996799536,-0.09748400111770579,-0.18681700115309624,0.08016900080869922,52.03207,-0.744499,58.659000000528216,Vw3
5438.610000000529,1.969963011289764,-0.545960006952594,9.717585998684616,0.01781400062753244,0.03434400119368733,-0.001559000444987177,52.03207,-0.744499,58.81840000084659,Vw3
5438.710000000529,-0.20362901173124892,-2.9732150129027333,9.692032999876714,-0.025550000238106618,0.18609000079898,-0.34216800181595985,52.03207,-0.744499,58.87940000031748,Vw3
5438.81000000053,-1.4434010065187926,1.5118500241426944,9.901779001124186,0.003403000157417787,0.3582760009137652,0.007038001887953449,52.03207,-0.744499,59.01860000074204,Vw3
5438.91000000053,-0.10739999769478842,-2.163199970811853,11.496199993261285,0.10389999974800694,0.20600000107097052,-0.10170000091399985,52.03207,-0.744499,59.080000000104995,Vw3
5439.01000000053,0.327352477551875,3.341552504424766,10.225308904154893,0.05637524727285356,0.4079801990903723,-0.27407623853742075,52.03207,-0.744499,59.09980198030298,Vw3
5439.110000000531,0.6909710019267657,-0.19799101927774565,9.611471996776158,0.025308999835940867,-0.004711002224089766,0.10525100204357163,52.03207,-0.744499,59.19900000053094,Vw3
5439.210000000531,-0.8111900080756705,-1.7234580079864719,9.934773001766454,-0.013016000203882813,0.05891500036369721,-0.21047200171388983,52.03207,-0.744499,59.2,Vw3
5439.3100000005315,-0.9082999923104942,-2.010099981134364,10.829599994773744,0.09509999893981373,-0.033199999632405656,0.014699999839078869,52.03207,-0.744499,59.18999999989482,Vw3
5439.410000000532,0.5394227799769019,1.5417812070093957,9.84563959872723,-0.10450396145762787,0.036007921160159655,-0.015597029864104233,52.03207,-0.744499,59.17019801969666,Vw3
5439.510000000532,-2.568560016774685,-0.9046300133335874,8.937572995174486,-0.10927200001489192,-0.2631710016109867,0.15685500092808577,52.03207,-0.744499,59.17990000005319,Vw3
5439.610000000533,0.625617017358747,1.2535470117488399,9.999284005762274,-0.11078500000799131,0.063569001774606,0.06474799949494853,52.03207,-0.744499,59.15029999984017,Vw3
5439.710000000533,-0.2727999945268302,-1.2970999901143112,8.271100016287589,0.1025000004918043,-0.08529999939896447,-0.013100000566735865,52.03207,-0.744499,59.09999999978893,Vw3
5439.810000000533,0.7541306985496896,0.5577514950472318,11.327139620269449,0.19477722821522475,0.02747227782955039,-0.11943663423084908,52.03207,-0.744499,59.06039603939261,Vw3
5439.910000000534,-1.232727010765791,-1.176099009446551,7.870622981202425,0.10432299950741955,0.048004000104599966,-0.16386200023374892,52.03207,-0.744499,59.09960000021347,Vw3
5440.010000000534,0.6877940698811535,-3.465408923152469,10.609752490222546,0.2486653473187469,-0.10735742658222086,-0.12901287109666068,52.03207,-0.744499,59.1,Vw3
5440.1100000005345,-1.1602999935053002,-1.5426999602688085,8.549700003212404,0.09089999992798962,0.7259999988822508,-0.48279999855714517,52.03207,-0.744499,59.1200000001059,Vw3
5440.210000000535,0.05415545203684835,5.886705980310532,9.150393072518144,0.07743465339336283,0.5169900978925659,-0.21299801835965987,52.03207,-0.744499,59.13980198030388,Vw3
5440.310000000535,0.21259999111148487,-1.523299976552683,10.254499991947018,-0.08979999955311213,0.3789000006862165,-0.20060000004341802,52.03207,-0.744499,59.120000000582436,Vw3
5440.410000000536,-1.4494792168209818,2.861155469022667,8.748658407778024,-0.006235643116881628,0.5072168323702859,-0.20871881192466318,52.03207,-0.744499,59.22891089167231,Vw3
5440.510000000536,0.06170000681708332,-1.670399986859625,10.38069999886656,0.24099999863849272,-0.07369999939906983,0.03149999912379821,52.03207,-0.744499,59.34000000090166,Vw3
5440.610000000536,1.3342742642517642,0.7825703101873069,10.169115840449232,-0.013158417204876593,0.038478218423500285,-0.1320643573129942,52.03207,-0.744499,59.50831683258601,Vw3
5440.710000000537,-0.3984690094573,-2.957177020395605,10.547655002062466,0.27090500155288316,-0.03564000040766536,0.19042600175617944,52.03207,-0.744499,59.66840000085824,Vw3
5440.810000000537,-0.028999992452508692,5.005199987923802,11.461499998417821,0.3306999967192905,0.1730999961752506,-0.32939999759166705,52.03207,-0.744499,59.71000000090319,Vw3
5440.910000000537,1.377534661022717,2.754704938403044,11.166648513267235,-0.280686141898865,-0.5396722810574786,0.1194118835996042,52.03207,-0.744499,59.878316832587544,Vw3
5441.010000000538,-2.838472022958236,-5.661416045555399,9.203103989359086,-0.05038799871690064,-0.12189199769385994,0.41179200156250123,52.03207,-0.744499,60.038400000859696,Vw3
5441.110000000538,-0.2717999640004347,-1.5852999964965326,8.580600025135192,-0.041899999288857986,-0.29510000062851305,0.517099996385117,52.03207,-0.744499,60.36000000021323,Vw3
5441.2100000005385,6.414338649847705,-0.9346069271908912,13.248916856809112,0.09017920863167242,-0.4118326738956085,-0.15428614222741444,52.03207,-0.744499,60.3996039606092,Vw3
5441.310000000539,0.5450609676737548,1.5970930137513637,10.333915983871652,-0.3106380021899102,0.046558002502600504,-0.12842899982262912,52.03207,-0.744499,60.50890000059303,Vw3
5441.410000000539,-0.707355006493824,-2.4003640219080973,8.591002990671429,-0.23361899955845233,-0.3353950021053037,0.10257000125617352,52.03207,-0.744499,60.74760000129391,Vw3
5441.51000000054,0.37900500598165054,0.35961101525145667,10.439058010158293,-0.17904299970725226,0.2477700031970425,-0.054094000865843234,52.03207,-0.744499,60.957900001132174,Vw3
5441.61000000054,-0.644699988656033,-5.259999955419514,9.252500005684286,-0.22389999875209943,-0.39769999542347306,0.16319999766038704,52.03207,-0.744499,61.21000000042791,Vw3
5441.71000000054,1.4551019915378272,2.9919802425839404,10.304678223503984,0.0070901002573439675,0.44942871744613583,-0.26986930926944813,52.03207,-0.744499,61.289207921219834,Vw3
5441.810000000541,1.9670410026825222,2.599497997404569,9.910685997789718,-0.002183000063289999,-0.0631370028469681,0.07744800192141948,52.03207,-0.744499,61.428600000757314,Vw3
5441.910000000541,0.6146999965988764,2.741199989655389,10.450599994605822,0.053899999602255236,0.4044999982661575,-0.2267999991379491,52.03207,-0.744499,61.64000000086584,Vw3
5442.010000000541,-0.013800000903880148,0.8295999875632093,9.453800005691177,-0.019599998723744804,0.08410000107640499,-0.06750000098532045,52.03207,-0.744499,61.800000001285895,Vw3
5442.110000000542,-0.18082970387535036,-1.4686178342351113,10.505483174015396,0.21624158543632752,0.28301089216691094,-0.2495792089073914,52.03207,-0.744499,62.0376237636638,Vw3
5442.210000000542,3.465155019964785,2.7521340232273177,11.619652006040642,0.1689019997279869,0.18431699944892965,-0.09953399916878869,52.03207,-0.744499,62.158800000650224,Vw3
5442.3100000005425,-2.019329030270221,0.9277609897630197,8.826426984625261,0.052569999364971795,0.3778350010665218,-0.18581300048142738,52.03207,-0.744499,62.259000000542756,Vw3
5442.410000000543,1.3958400190294546,2.906126010949807,10.932540011702084,0.14386600050694553,0.2906999995115086,-0.29470900059216015,52.03207,-0.744499,62.19069999962006,Vw3
5442.510000000543,-0.31750001177327386,-4.9446999568393935,10.994899966993438,0.02930000000913907,0.39490000024890526,-0.24009999973442936,52.03207,-0.744499,62.13999999994624,Vw3
5442.610000000544,-2.485816843471672,3.004309944206539,4.915989075861633,0.030983168325982576,0.4407415844076431,-0.1911891086449769,52.03207,-0.744499,62.130099009847164,Vw3
5442.710000000544,-2.5573960002740135,-1.1491430232460296,7.044684012023977,0.5782720030054506,-0.4140610046968321,0.07491700145868738,52.03207,-0.744499,62.30820000097862,Vw3
5442.810000000544,-2.281887998481716,-3.816192014435677,10.751184020267019,0.3550109987414799,-0.4298280000392096,0.07156099996678073,52.03207,-0.744499,62.39910000049012,Vw3
5442.910000000545,-0.4864000030793969,0.6129999826946417,7.518400007359483,-0.35299999916016445,-0.20720000016559376,0.21659999983386682,52.03207,-0.744499,62.49999999989212,Vw3
5443.010000000545,-1.0516475278307522,-2.5635346707644118,8.869291096465718,-0.1988415833188857,-0.23759603976949395,0.18610495032897675,52.03207,-0.744499,62.480198019694136,Vw3
5443.110000000545,2.1607999836754797,1.6094999859848684,11.125399984231546,-0.27329999997380655,0.09779999906522134,-0.0216999993822712,52.03207,-0.744499,62.63000000065484,Vw3
5443.210000000546,-0.8306999950238934,-0.9587999954853043,8.235800016999805,-0.2684999995321055,-0.07349999944619877,0.09149999939433055,52.03207,-0.744499,62.75000000102656,Vw3
5443.310000000546,0.08118119310132343,-0.13147326280622607,11.351047541774161,-0.1827574252740775,0.027985149069365528,-0.01949009961635001,52.03207,-0.744499,62.93811881290907,Vw3
5443.4100000005465,-0.06959999409118572,-0.9518999889137306,9.271900006904184,-0.0747999995058679,-0.03369999946596563,0.08969999866245434,52.03207,-0.744499,63.19000000092923,Vw3
5443.510000000547,1.0113999951373687,1.0762999931409025,10.534999992851363,0.015599999512925065,0.06399999974942701,-0.15499999862157793,52.03207,-0.744499,63.36000000124475,Vw3
5443.610000000547,0.1217960347350805,-0.17855149201642617,9.22717821066396,-0.07350891137878993,0.018158415590689182,0.09717821920197547,52.03207,-0.744499,63.58772277352358,Vw3
5443.710000000548,-0.06104300096163373,-0.6337290024470486,7.745335991880024,0.36011100240216865,0.12630300060040536,-0.2676890020310886,52.03207,-0.744499,63.7781000010399,Vw3
5443.810000000548,1.2671660073647353,1.920851014170839,12.44270202609399,0.12155399865467759,-0.3031510023841919,0.0564880018156918,52.03207,-0.744499,64.01760000131571,Vw3
5443.910000000548,-1.0479790128948052,-5.645907042045037,9.548118983707294,-0.08820600114798359,0.9270300068363683,-0.5253890032405593,52.03207,-0.744499,64.24770000126092,Vw3
5444.010000000549,0.4241920082825865,-6.25591300295329,11.120121008869736,0.042360000734621775,0.4038109970335534,-0.34428899896440257,52.03207,-0.744499,64.37870000071268,Vw3
5444.110000000549,0.06765399793858246,-7.525233007010687,12.677037008546042,-0.015304000327278869,1.2501960047246767,-0.883831003003168,52.03207,-0.744499,64.41960000021965,Vw3
5444.210000000549,0.6542370032744903,9.6756250954808,9.318085981282195,-0.2965650015567969,0.878837997892421,-0.5853699983141565,52.03207,-0.744499,64.64770000126302,Vw3
5444.31000000055,0.5656000018617554,-2.557899962031719,11.85449999558846,0.3879999986913866,0.3088000010567896,-0.2991000004057463,52.03207,-0.744499,64.75999999978245,Vw3
5444.41000000055,0.9045108929532448,4.3537832063336595,11.051430688652127,0.14978217690753517,0.5011762386819032,-0.3729613865448789,52.03207,-0.744499,64.72039603938612,Vw3
5444.5100000005505,-0.4689920076500148,-1.0667490305005014,8.998158988636636,0.004344999205186106,-0.02744100294768692,-0.00017299792468322694,52.03207,-0.744499,64.69029009983494,Vw3
5444.610000000551,-0.13620199807059202,1.0103590118678978,10.300833007364476,0.15130100082586595,0.26093300163465266,-0.18539100105175324,52.03207,-0.744499,64.72959990022044,Vw3
5444.710000000551,0.3324020025883804,-1.6551580149539855,10.454681000781802,-0.10291700142311339,0.11193499915428606,0.005849001074910654,52.03207,-0.744499,64.73,Vw3
5444.810000000552,-1.8753520123328355,1.1499910157879942,8.151379987152836,-0.034615999604872466,0.25414800080129213,-0.15792600092380374,52.03207,-0.744499,64.70029999983444,Vw3
5444.910000000552,1.185799986488661,0.8853999717556771,10.45149999876797,-0.1756000006083628,-0.07039999742224709,0.2790999975053299,52.03207,-0.744499,64.62000000010933,Vw3
5445.010000000552,-1.2616257560807478,-4.230738642095574,10.22833168193673,-0.2857980204101247,0.3965306956461348,-0.17278119061258684,52.03207,-0.744499,64.6398019803073,Vw3
5445.110000000553,3.035151024127578,6.910842062494348,8.382422989705884,0.24334400296060182,-0.9230240073937659,0.4143240033033153,52.03207,-0.744499,64.52119999933667,Vw3
5445.210000000553,0.8295199874410044,1.3926809685577366,10.892458014118919,0.20731799976894102,-0.2532999961858685,0.22724999892209324,52.03207,-0.744499,64.20319999823113,Vw3
5445.310000000553,-1.1331999835832784,-4.720699912847658,10.990499997984115,0.0645000010982806,0.6387999991656134,-0.09640000474571093,52.03207,-0.744499,64.33999999895975,Vw3
5445.410000000554,1.8356118976256925,11.03999315656997,10.625945542536007,0.26311386248581425,0.48790891005564263,-0.954617826533917,52.03207,-0.744499,64.15188118707725,Vw3
5445.510000000554,-0.9575860157876939,4.30343796144268,6.474496976802377,-0.16495600240519542,1.44085900533805,-1.0372520004141543,52.03207,-0.744499,63.97179999900337,Vw3
5445.6100000005545,2.3157480184964387,3.514960995973176,8.844834013512958,-0.11168199967723294,1.5635580006333334,-0.83643599887087,52.03207,-0.744499,63.97990000005546,Vw3
5445.710000000555,-1.7375210228929898,-12.320717088669783,11.426073014323439,0.3180650024041549,0.21047899241374046,-0.17446599630309179,52.03207,-0.744499,63.79189999894628,Vw3
5445.810000000555,1.935185020839286,2.5875960845481156,11.868789002339177,0.25884199964337407,0.9650400043106185,-0.782194003447384,52.03207,-0.744499,63.69099999944451,Vw3
5445.910000000556,-2.888101027274552,-0.375532017480511,8.097832978817074,0.23424199986556873,-0.2034190065999094,0.07755300485896877,52.03207,-0.744499,63.472199998777896,Vw3
5446.010000000556,1.4977030248847853,5.9456320356454,9.734186009395746,0.2534040001088782,0.47364100386573266,-0.41246200279861495,52.03207,-0.744499,63.44029999983335,Vw3
5446.110000000556,-2.0367460201161425,-3.3866860528102993,8.441725992641032,-0.15497300229626926,-0.4238640050832847,0.24787900373957494,52.03207,-0.744499,63.41029999983308,Vw3
5446.210000000557,-2.433899995753776,-1.4196000240163764,8.656200004113959,-0.008800001551896924,0.33099999540437913,-0.13909999786063074,52.03207000000471,-0.744498999990262,63.269999998567144,Vw3
5446.310000000557,-1.6710287086197053,-5.734352499294207,9.39530891501024,-0.287611882741974,-0.4946435689578557,0.24525643778563327,52.032916534658185,-0.7427494950397546,63.012574255991076,Vw3
5446.410000000557,-2.575487005134591,-4.518615992913116,8.481999994816922,-0.23466299968622875,0.008534002879115987,0.13920999938137463,52.032925,-0.742732,63.00009999994427,Vw3
5446.510000000558,-1.212599993847405,-1.6362999853388736,8.569600007381899,-0.21759999955674378,-0.5163999987281914,0.46099999788252705,52.032925,-0.742732,62.9999999991168,Vw3
5446.610000000558,-0.10903563740401045,0.9934029849766273,9.893659413331793,-0.13809504906113587,-0.288281186845401,0.08119801768183954,52.032925,-0.742732,62.84158415753153,Vw3
5446.7100000005585,-0.1086920000602888,0.8180369988628862,9.927690000117227,-0.170069000184774,-0.07661499881934428,-0.02298600056604487,52.032925,-0.742732,62.68159999910683,Vw3
5446.810000000559,-2.1549320115561,-4.3712040292961785,9.470024997414024,-0.07377599945428906,-0.3488290015493494,0.15756600102544452,52.032925,-0.742732,62.6007999995527,Vw3
5446.910000000559,-1.1445149941765658,-2.98374399186788,9.07454799779252,0.19212400149625639,0.3318960038602966,-0.2269970021823201,52.032925,-0.742732,62.6,Vw3
5447.01000000056,-1.8016570037702753,-3.3304510020402986,8.855769998786668,0.01778799900025918,-0.12244100260502933,-0.06121399904163549,52.032925,-0.742732,62.61980000011182,Vw3
5447.11000000056,-0.3516149917590179,2.2327690314915842,9.88122000581321,0.27696400147626427,0.24127900208390718,-0.377488001798847,52.032925,-0.742732,62.57049999971998,Vw3
5447.21000000056,-0.2831429996958936,1.8324119974170556,10.951890005998122,0.025565998562915193,-0.2622760028696892,0.19845000327628454,52.032925,-0.742732,62.53039999977598,Vw3
5447.310000000561,-1.3895190062719713,3.60742401008362,7.986659983137871,-0.07600000056094905,0.4351040039804945,-0.16279200207999908,52.032925,-0.742732,62.53990000005609,Vw3
5447.410000000561,-0.13500000478484622,2.2700999532805213,10.185900005199326,0.10149999902325132,0.20160000200739078,-0.17800000159291152,52.032925,-0.742732,62.49999999983332,Vw3
5447.510000000561,-0.9876732721098896,-6.055444601158429,11.112434658662837,-0.07255940691699792,0.5593227742839098,-0.4618613877309631,52.032925,-0.742732,62.47029702953635,Vw3
5447.610000000562,0.9892450112680733,0.2279900361331233,9.89598099304363,-0.08014100003314965,0.6104200002696921,-0.3059039990987789,52.032925,-0.742732,62.56900000056186,Vw3
5447.710000000562,0.02345799440492191,2.0536090099961872,8.655999993032841,0.06463700082201235,-0.04517300372349686,0.03764600194069084,52.032925,-0.742732,62.560099999943816,Vw3
5447.8100000005625,2.0191999854358333,3.061799980991641,9.102799998908376,-0.016199999703536826,0.20299999682817468,-0.18269999786028532,52.032925,-0.742732,62.57000000033063,Vw3
5447.910000000563,-0.5719764851653406,-0.3200627641232856,8.908584312632897,0.03654509833594224,-0.3613137286648392,0.19798627665141946,52.032925,-0.742732,62.62882352974269,Vw3
5448.010000000563,0.0787999981416286,-1.2668000043535081,10.325099997333238,0.04079999992183909,-0.12260000114672448,0.1160999995665622,52.032925,-0.742732,62.54999999978136,Vw3
5448.110000000564,-0.2512970892380032,-2.0401009752296164,9.851410676943464,0.026916504776166333,-0.3262893215356855,0.039109708304195134,52.032925,-0.742732,62.51116504832494,Vw3
5448.210000000564,-1.0462071474189452,-2.854641841333308,9.79958775488347,0.031943877582655655,-0.3593224491360425,0.25980102170405794,52.032925,-0.742732,62.53969387772358,Vw3
5448.310000000564,-0.1763679949932423,2.5820020310511573,9.553382998598131,0.026950999971206063,0.29528500373474315,-0.21706000273260118,52.032925,-0.742732,62.64890000062105,Vw3
5448.410000000565,0.281599987844456,3.8812999628132525,9.029699993783288,-0.048199998668210536,-0.087799997943577,0.01609999982717236,52.032925,-0.742732,62.689999999887036,Vw3
5448.510000000565,-1.8705999839259,-2.7027999577628448,7.929000029938153,0.18760000058343448,0.2763000006941345,-0.014500002162039892,52.032925,-0.742732,62.67000000090368,Vw3
5448.610000000565,0.9753999979511372,4.775499961654115,13.229699985246842,0.29089999713618486,0.39919999614143903,-0.397299997211799,52.032925,-0.742732,62.829999999943986,Vw3
5448.710000000566,0.6132217801300726,-2.002915879916614,10.621779193172802,-0.21533762662518846,-0.2828792117780019,0.0955712899159375,52.032925,-0.742732,62.820099009845,Vw3
5448.810000000566,0.18538499757295024,1.5974480209864756,8.287019986791412,-0.22792400004304686,0.25529500311806513,0.03694199963636734,52.032925,-0.742732,63.11700000169922,Vw3
5448.9100000005665,2.452218824870588,3.901698032768955,11.260851502290375,-0.16820792045010538,-0.5760930740934431,0.3028158431084647,52.032925,-0.742732,63.247425743303054,Vw3
5449.010000000567,-0.24233637947533282,1.9589908975978723,10.302793933506678,-0.23401616200349662,-0.30345454378105224,0.31404040407415995,52.032925,-0.742732,63.13121212052556,Vw3
5449.110000000567,0.8850300066205721,6.550417026427259,9.251909994037515,-0.13758099944346347,-0.6173000018154098,0.4048830005202283,52.032925,-0.742732,63.209200000453855,Vw3
5449.210000000568,-5.149527034648216,-5.4550620690649625,7.299217988870226,-0.33024400110968694,-0.7026700004708795,0.5430140007863119,52.032925,-0.742732,63.328800000680786,Vw3
5449.310000000568,2.076097041823065,4.095797055517288,9.258610011358819,-0.2470599995113265,-0.2719589975231072,0.12127399757140639,52.032925,-0.742732,63.419100000511406,Vw3
5449.410000000568,-2.47488702654392,-5.4526640553664585,8.072581993077772,0.07713400185585259,0.06286200189676544,-0.18326700172345406,52.032925,-0.742732,63.48930000039777,Vw3
5449.510000000569,0.20159998804768628,1.8351999690445373,10.379499996812829,0.1708999985496486,0.5621999967098354,-0.29669999810221775,52.032925,-0.742732,63.460000000337686,Vw3
5449.610000000569,-1.901073279293815,-3.6105426052511382,9.81880692750196,-0.08424851630362867,-0.01661188448234885,0.03716138803874108,52.032925,-0.742732,63.51940594093217,Vw3
5449.710000000569,0.868215016041312,3.0472000385879365,9.870719000330672,0.014675000583372191,0.3665710022361652,-0.26293500174442513,52.032925,-0.742732,63.57940000034149,Vw3
5449.81000000057,-0.8394000082002402,-2.1054999916261385,9.963899998714187,-0.05520000002818533,-0.06449999881903463,0.014699999506193002,52.032925,-0.742732,63.58000000028185,Vw3
5449.91000000057,-2.279697037913327,-0.6347079124078869,9.738058414554182,-0.06015049507772505,0.14292574375667969,-0.07203267376174294,52.032925,-0.742732,63.62950495077725,Vw3
5450.0100000005705,-0.02808898695205464,-0.0631249967934514,10.83628400633671,-0.10118600023600197,-0.025379000981061356,0.028278000582594262,52.032925,-0.742732,63.620099999942994,Vw3
5450.110000000571,-0.5982100034200114,-0.34826300167689045,8.719196987726212,-0.08872999992577604,-0.1880740009283704,0.05405000014273837,52.032925,-0.742732,63.530899999486145,Vw3
5450.210000000571,-1.581700002106448,0.8237999663122544,10.493699988988554,0.018599999405419655,-0.023500002491411577,-0.03429999790954461,52.032925,-0.742732,63.55000000011423,Vw3
5450.310000000572,-1.9504999849705045,-5.074299945499205,8.565800007327846,-0.08549999900244461,-0.45969999568291503,0.33169999692307317,52.032925,-0.742732,63.56999999983035,Vw3
5450.410000000572,0.6808861536618394,4.467779262488608,9.84877030436656,0.08915346634531678,0.29614158848080985,-0.20701287436783944,52.032925,-0.742732,63.54029702953311,Vw3
5450.510000000572,-2.065790016018137,-3.4847080464886258,9.371747997170377,-0.041661000765736714,-0.19139900285993217,0.08667900172762558,52.032925,-0.742732,63.39149999914219,Vw3
5450.610000000573,-0.4345599904003332,1.7408950307034692,10.232753005010041,0.04659500051835909,0.09188800166791347,-0.1405740013322688,52.032925,-0.742732,63.27119999931268,Vw3
5450.710000000573,-0.6918999990332338,-1.408999987539896,10.457200000069657,0.025399999689915805,-0.11389999844002933,0.1223999986259675,52.032925,-0.742732,63.14999999971913,Vw3
5450.810000000573,-0.523174508836313,0.7656078556082175,10.469356862814815,-0.02871764736917795,0.15835490352211445,-0.11740392294385733,52.032925,-0.742732,63.100980391875744,Vw3
5450.910000000574,0.010488891993184146,1.8806656628385694,8.987820193345907,-0.18194747563814145,0.08124242375913468,-0.017270706456454135,52.032925,-0.742732,63.090101010043064,Vw3
5451.010000000574,2.270229013063519,1.337892996791346,11.273361013332007,0.14131900188228042,-0.11443200112902405,0.063594000462395,52.032925,-0.742732,63.00089999948368,Vw3
5451.1100000005745,-1.9628999883084421,-1.1814000110254654,8.120600009891643,-0.22599999891520467,-0.35240000003832006,0.2117000001746943,52.032925,-0.742732,62.85999999977459,Vw3
5451.210000000575,0.07111961952671497,-3.099537265919901,9.841482362826067,-0.03727450871986665,-0.35906666670496057,0.24209215703732018,52.032925,-0.742732,62.82078431350023,Vw3
5451.310000000575,1.9566747583086588,3.163599026904147,11.21988586647833,-0.13130202077635644,-0.2736727267704737,0.2038959593680853,52.032925,-0.742732,62.78040404017152,Vw3
5451.410000000576,-0.04579999215666177,-1.8601999581966033,12.11149998409957,-0.06920000123977185,-0.5651999964328772,0.3054999987493979,52.032925,-0.742732,62.86000000051301,Vw3
5451.510000000576,1.3165762454644017,5.400988160600893,9.349618795986228,-0.28454653589281065,0.05440396396193503,0.0882722759775511,52.032925,-0.742732,62.949108911403926,Vw3
5451.610000000576,-0.3919050100266599,-2.739143047817282,10.74651100829397,-0.0529609986390949,-0.3691590025021978,0.2823180011424455,52.032925,-0.742732,63.03910000051877,Vw3
5451.710000000577,-0.48110000803271125,-0.447700002482319,11.826099987951505,-0.3314999999982873,0.30599999720539295,0.019100000474997565,52.032925,-0.742732,63.04000000074218,Vw3
5451.810000000577,-1.8741693149731888,-0.8781950519902931,9.736595037441779,-0.33120297029531487,-0.17865346814454586,0.10147623809933853,52.032925,-0.742732,63.16871287203022,Vw3
5451.910000000577,2.4481000252870126,2.679619020772876,11.567693010800093,-0.010142998127721903,-0.043612999184234086,0.07873799986259569,52.032925,-0.742732,63.150199999884535,Vw3
5452.010000000578,-1.2152540216186636,-2.83127103234717,9.702033989011118,-0.08877300047745112,-0.36038600185553554,0.26630300109519317,52.032925,-0.742732,63.308400000923726,Vw3
5452.110000000578,0.03657700753028226,0.11982501756371944,9.077812996465283,0.1182010012137036,0.12169800283448068,-0.08196300204519757,52.032925,-0.742732,63.47830000098298,Vw3
5452.2100000005785,-0.9382220057696642,-1.786141011309768,10.38404400766513,-0.033645000899160935,-0.17119200173934146,0.04092300073841061,52.032925,-0.742732,63.598800000693885,Vw3
5452.310000000579,-0.014431994537561499,0.5047620135159445,10.087528998187874,-0.11133100044535785,0.30862300282446065,-0.03254500043724991,52.032925,-0.742732,63.7386000008108,Vw3
5452.410000000579,-0.054302000288415725,1.964590008403438,9.4220899961255,-0.027355999504249273,0.17955299921641268,-0.09844200038107942,52.032925,-0.742732,63.77960000023166,Vw3
5452.51000000058,-1.7581000016806831,-1.8161999859912477,9.84199999440843,-0.07510000071758861,-0.08950000003441672,0.10379999892390389,52.032925,-0.742732,63.76000000114722,Vw3
5452.61000000058,-2.0481990115837108,0.6018198160059345,8.876851479550167,-0.19896138685707246,-0.09544059409386439,-0.08194257533482646,52.032925,-0.742732,63.95801980312881,Vw3
5452.71000000058,1.195110019020087,2.2512830095228047,9.178753001825442,-0.07971699929406999,0.1304180013236913,0.04450400075175455,52.032925,-0.742732,64.11840000092809,Vw3
5452.810000000581,3.0369270106158446,2.9483250039940856,8.59265199654214,0.061486000821474526,-0.05767700111718213,-0.05508100059199612,52.032925,-0.742732,64.15960000023237,Vw3
5452.910000000581,0.33200698401934003,-2.438320031651084,11.889043019379317,-0.30825100217804535,0.44935900298675147,-0.26687100123687885,52.032925,-0.742732,64.1401999998838,Vw3
5453.010000000581,0.17579999924474285,0.4720520173988003,10.130994989487402,-0.2778449997995664,0.40123799968743973,-0.016549998518534115,52.032925,-0.742732,64.19940000034859,Vw3
5453.110000000582,-0.043399001280690214,-3.9779480263306652,12.138737011906754,-0.017723998473179903,0.23051899899976988,0.08272300056848447,52.032925,-0.742732,64.22970000017456,Vw3
5453.210000000582,1.2600120076737877,2.760280039870179,10.257706988823898,-0.1141990005824584,0.6886550027028164,-0.41605200293731254,52.032925,-0.742732,64.388400000931,Vw3
5453.3100000005825,-2.4226680217562278,-6.101792052571141,10.744093002976243,0.15219900157408048,-0.3067980058872124,0.21160900372452734,52.032925,-0.742732,64.54840000093245,Vw3
5453.410000000583,2.406699992619979,6.4408999771690985,12.641799979558758,0.3917999970669969,0.6471999927738873,-0.3790999947642018,52.032925,-0.742732,64.6400000005247,Vw3
5453.510000000583,1.1407999885301814,2.524699974614707,9.135500001886335,-0.11129999850905632,-0.5922999935813807,0.518999994717915,52.032925,-0.742732,64.7300000016162,Vw3
5453.610000000584,-0.826625754057895,-1.8296564610594412,9.459064358324252,0.14444257575016567,0.5086901054362536,-0.38703960924884484,52.032925,-0.742732,65.00722772439043,Vw3
5453.710000000584,-2.5043520097757326,-6.423240026826645,8.1507479922672,-0.17950200192502777,-0.5406890062519625,0.37718900455924564,52.032925,-0.742732,65.18819010105061,Vw3
5453.810000000584,1.7972000066558316,3.3563000023245984,10.505600002186428,0.2812999990472674,0.46279999563176716,-0.38529999708803747,52.032925,-0.742732,65.2800000005203,Vw3
5453.910000000585,2.9371009967628483,3.7544188142085826,10.880055447733614,0.11813168221443815,-0.2853188162546756,0.1134128742025941,52.032925,-0.742732,65.36910891141203,Vw3
5454.010000000585,0.8206929874350846,-4.067946046215364,9.514035991911404,0.04393299957148453,0.6774990057297137,-0.5096560037087341,52.032925,-0.742732,65.55810000111074,Vw3
5454.110000000585,4.569021022295461,4.31819305006481,11.459113011585394,0.21397500100999683,-0.16370400503300442,0.08384100354757718,52.032925,-0.742732,65.8174000015223,Vw3
5454.210000000586,1.2406098810863768,5.516616838263074,9.06771087683342,0.17276732647884213,0.5909802025325488,-0.49831683516088665,52.032925,-0.742732,66.00623762486347,Vw3
5454.310000000586,-0.03101818902039688,0.9400292654093549,12.947612144720166,0.4692656583450343,0.12402221933576818,-0.06345858318537284,52.032925,-0.742732,66.30696969874671,Vw3
5454.4100000005865,-2.2469410130532115,-2.8811760223568283,10.378752984545969,-0.2675270043823466,0.2738370009165807,-0.09632200022166826,52.032925,-0.742732,66.49810000111421,Vw3
5454.510000000587,3.400827033586261,2.654499033016257,12.1258860105052,0.05892700197800815,0.37459800058759685,-0.22926100078522177,52.032925,-0.742732,66.69800000117286,Vw3
5454.610000000587,0.7716359840623652,-0.9776430218819447,10.829772992204443,-0.3364720023657427,-0.2545350037383199,0.11510800205093677,52.032925,-0.742732,66.88810000111592,Vw3
5454.710000000588,-1.5856630138240684,-2.2134930071108467,8.161913984251239,-0.22694699932632847,0.07084900196815452,0.024351999440858516,52.032925,-0.742732,67.1573000015858,Vw3
5454.810000000588,2.3541999917279925,5.316099959065779,11.0191999995323,-0.10089999954916978,-0.41189999829673435,0.29829999891219033,52.032925,-0.742732,67.4300000014543,Vw3
5454.910000000588,0.9462791996388955,-1.651028753854443,10.939596039135703,-0.024167326281304094,-0.12199900819568821,0.11315148405940473,52.032925,-0.742732,67.67752475393128,Vw3
5455.010000000589,0.18247299554523588,3.1743550290856746,8.025130982687422,0.18677700124883986,-0.09197399983882143,0.0322979995305821,52.032925,-0.742732,67.93739010152939,Vw3
5455.110000000589,0.7445460033899309,-1.0704240255546833,10.439317014541826,0.2039480000895498,-0.19871900063686398,0.06476400019795218,52.032925,-0.742732,68.16769990135509,Vw3
5455.210000000589,0.46478399830088424,3.366247026660917,7.777931984015115,0.012039998857044182,0.3155940030671277,-0.10141800099095448,52.032925,-0.742732,68.45710000170854,Vw3
5455.31000000059,0.15143599814959413,2.926993997112281,10.009881013464417,0.14612600081073265,-0.2679530035090445,0.0648040010007297,52.03358335000392,-0.7406826999877859,68.68769010135708,Vw3
5455.41000000059,1.560238008415464,-0.12828801818098956,9.923007999346213,-0.13514500168462693,0.2641650032069868,-0.12041200111403705,52.03359,-0.740662,68.93749000147517,Vw3
5455.5100000005905,-2.8740650265144345,3.5500340221072615,7.479569985443171,0.05069400112465813,-0.23341900299810486,0.25013800221981314,52.03359,-0.740662,69.15779990129819,Vw3
5455.610000000591,-0.6551669864864631,4.744513006906577,7.6283480010353655,-0.22687700166828675,0.15413400234375674,-0.10220300212569167,52.03359,-0.740662,69.38770000135922,Vw3
5455.710000000591,-1.1071040028342993,-5.193300059392634,11.691773024245785,0.127690002133407,-0.7174560052265516,0.3092080024773524,52.03359,-0.740662,69.56820000106374,Vw3
5455.810000000592,2.0470910188860394,8.0870400799974,8.42877398024687,-0.26737300238346795,0.4463550070107223,-0.4446430045319629,52.03359,-0.740662,69.81750000147967,Vw3
5455.910000000592,-0.029700012607064785,3.271605970402401,5.972473985514306,-0.28773500009766034,-0.6317900065166095,0.5715580061212329,52.03359,-0.740662,70.13680000189402,Vw3
5456.010000000592,3.4168710207329984,8.453948031282092,12.777911040833274,0.13463200252614793,0.6169750075316851,-0.2731630051120759,52.03359,-0.740662,70.29840000094701,Vw3
5456.110000000593,0.04728997961424897,6.768557989591945,6.739490963430725,-0.33570600284179386,0.7404810006633225,-0.20022399951154815,52.03359,-0.740662,70.36930000041495,Vw3
5456.210000000593,-2.2321455579928515,-7.351697114118912,10.347563388303108,0.35004950908398724,0.6100574249551866,-0.1743069305428672,52.03359,-0.740662,70.51702970385038,Vw3
5456.310000000593,2.2467343708423737,6.976189987514889,8.72986362611441,-0.06779394200976796,1.197181821754745,-0.7372505084639154,52.03359,-0.740662,70.6387878795075,Vw3
5456.410000000594,-2.7089999637932665,-8.996299900527623,11.46910000832342,0.3312000007232644,-0.251599994072172,0.24169999509650253,52.03359,-0.740662,70.66999999952958,Vw3
5456.510000000594,3.387435679759012,7.752710000429294,12.870585156835496,0.4529821789408449,0.7465188178070388,-0.5839435692582974,52.03359,-0.740662,70.59079207873766,Vw3
5456.6100000005945,2.459999951632071,9.760899880776844,7.269000004104769,-0.20199999488522116,-1.320499993758582,0.819299996825933,52.03359,-0.740662,70.74000000134123,Vw3
5456.710000000595,-5.671666715002691,-10.28302168777197,7.959098043317748,0.657901965895719,-0.2711862682725026,0.2856725458476346,52.03359,-0.740662,70.96549019741879,Vw3
5456.810000000595,3.5686515722895775,9.464405172938433,13.089786899780192,-0.5677181893703027,-1.0190545501265742,1.0299959641837753,52.03359,-0.740662,70.900707070286,Vw3
5456.910000000596,-4.843499961203945,-8.338899924965945,7.079700014785629,0.43649999910583165,0.8540999980382559,-0.7567999974142255,52.03359,-0.740662,70.91000000011796,Vw3
5457.010000000596,1.6689752863079041,4.256644629464548,9.561680212800512,0.2864009892051389,0.524793067345839,-0.3227405914744914,52.03359,-0.740662,70.92980198031596,Vw3
5457.110000000596,-1.1890730176104738,-1.8033160372666668,10.272075004130205,0.02126299841173529,0.3613179990349935,-0.16910799910059965,52.03359,-0.740662,70.96960000023857,Vw3
5457.210000000597,1.0714680137965829,6.578801050874748,9.100998992903097,0.0038489999111321633,0.8288610028264743,-0.4255940015542925,52.03359,-0.740662,70.99970000017893,Vw3
5457.310000000597,-0.6081010102734585,0.08059996027763283,8.88674399877906,0.15546700091570512,-0.19223800618952136,0.007895002631233494,52.03359,-0.740662,71.12870000077652,Vw3
5457.410000000597,-0.6447040001170783,3.944895023717302,7.690066992791923,-0.04911800124365759,0.1918160023797943,-0.13174500086912672,52.03359,-0.740662,71.16960000023893,Vw3
5457.510000000598,-0.33314899811898285,2.6503769919496767,9.877681013272252,0.264016001901924,-0.35157100330268143,0.22221000214444317,52.03359,-0.740662,71.23930000041813,Vw3
5457.610000000598,0.8273100069934061,-0.7193980202814756,11.714075010962718,0.19136599954174943,-0.0025809978577085446,0.0007729986402043032,52.03359,-0.740662,71.12119999928211,Vw3
5457.7100000005985,-2.3153380190613597,1.255113012136646,7.7123069757069675,0.23742700028297103,0.047134000278783304,-0.030210000173491756,52.03359,-0.740662,71.1596000002393,Vw3
5457.810000000599,0.9201960197742745,2.503594007433028,13.019482032364767,0.4295640011599502,0.15986600067943363,-0.17306000086277284,52.03359,-0.740662,71.1500999999401,Vw3
5457.910000000599,-0.24549999479390194,-0.580999974955185,9.758699995881646,-0.14379999819896186,0.211100002532135,0.023399997596044317,52.03359,-0.740662,71.00000000053409,Vw3
5458.0100000006,0.6231138665905158,3.597613886422675,9.07157128301172,0.15669505130539332,0.6335752500560505,-0.37768911131405214,52.03359,-0.740662,71.089108911425,Vw3
5458.1100000006,-1.7740980145825929,-0.4299950246653559,7.943029993201351,0.037830999261329434,-0.07440600431681232,0.3397130043726176,52.03359,-0.740662,71.00089999945995,Vw3
5458.2100000006,1.2291376421071227,10.305099075197168,7.769379206937242,0.09227524786210527,0.9175158476380968,-0.7227881252940438,52.03359,-0.740662,70.83336633562398,Vw3
5458.310000000601,-2.589708104601427,-5.955256666704834,8.154239396319579,0.1352727275295031,-0.6576212219041893,0.3415191985783663,52.03359,-0.740662,70.69140424157435,Vw3
5458.410000000601,0.40069401839346863,-3.6682989850963983,12.386589025668282,0.3470650012830836,0.4410380067681908,-0.27397100380357653,52.03359,-0.740662,70.62069989957938,Vw3
5458.510000000601,-1.5342460119317758,-5.9414880139498525,10.208135986516504,0.1634759988725692,-0.6719440068246825,0.47338700457522953,52.03359,-0.740662,70.6001999998798,Vw3
5458.610000000602,-0.7394289950471599,2.036381048643041,11.944237010691129,0.20575400026843682,-0.19423999702673106,-0.16012400389775094,52.03359,-0.740662,70.6099000000602,Vw3
5458.710000000602,0.41046800694094243,5.526562020727729,9.034767982203453,-0.38126600357158785,-0.09039899939871647,-0.3356920010280202,52.03359,-0.740662,70.5208999994583,Vw3
5458.8100000006025,-2.0798290152330003,-0.3262330358458634,6.6326649855542374,-0.09257599820610946,-0.8529870046492869,0.6620050060851228,52.03359,-0.740662,70.49029999981916,Vw3
5458.910000000603,-0.31889999903219307,6.685999941842339,6.536600014325955,-0.4341999989399348,0.3990999957838591,0.2785999994271548,52.03359,-0.740662,70.5799999992161,Vw3
5459.010000000603,-0.15840000287527117,-2.9588000018388363,8.91240001584026,-0.2583999989593859,-0.3000999943103542,0.18359999544649233,52.03359,-0.740662,70.44999999826864,Vw3
5459.110000000604,-0.6352316860469372,-3.263750496890483,11.539330708928018,-0.08582574153243117,0.6434643621319169,-0.5715485194102968,52.03359,-0.740662,70.16287128539533,Vw3
5459.210000000604,-0.09648999668566283,3.2429450396965827,9.08792698489109,-0.06400299987744801,0.02929899619726606,0.2301260049346796,52.03359,-0.740662,70.23920000048295,Vw3
5459.310000000604,-0.042276470290874744,-1.0247823793884958,9.470838237783772,0.07945882440372287,0.24439117782174247,0.015647057464674624,52.03359,-0.740662,70.19146088205672,Vw3
5459.410000000605,-0.7026765347377815,1.4271683834486848,8.027111215413862,-0.13593469524717733,0.12034795836868412,-0.1378867356088126,52.03359,-0.740662,70.28897949041294,Vw3
5459.510000000605,1.0667580108479822,-1.1877180161323075,12.677772028494243,0.2588890024251063,0.17592500034765296,-0.16860500017836108,52.03359,-0.740662,70.33950000030231,Vw3
5459.610000000605,1.0959999923054948,1.495799974890945,13.058099974617763,0.0981000012411274,0.2547999994960381,-0.1547000002992274,52.03359,-0.740662,70.23000000078744,Vw3
5459.710000000606,-0.17430000458835532,-2.649499978241202,8.86770001162262,0.30299999968199515,0.17159999989581556,-0.2040999997395389,52.03359,-0.740662,70.36,Vw3
5459.810000000606,-0.9317999798456009,0.9427000113876013,10.786500006532219,0.2504999972676474,0.15439999699717089,-0.1610999972562526,52.03359,-0.740662,70.35999999982008,Vw3
5459.9100000006065,2.3955267528510364,2.8227000114008063,11.864915848123951,-0.20058911164641213,-0.34134257726373685,0.29187029977663204,52.03359,-0.740662,70.33029702952284,Vw3
5460.010000000607,2.948451003183166,5.605580016931606,12.044495001033969,0.22535200263677008,0.1482050030291322,-0.03881400205338176,52.03359,-0.740662,70.43889010066702,Vw3
5460.110000000607,-3.8196820415525283,-4.856540064353034,8.570903978680173,-0.1797640025119304,-0.43901800363306775,0.41082400277915704,52.03359,-0.740662,70.41029989981786,Vw3
5460.210000000608,0.9865999721492912,5.781999941415463,10.458099976545853,0.33589999845708274,0.20899999722756119,-0.1587999968558174,52.03359,-0.740662,70.47999999921802,Vw3
5460.310000000608,-3.597558443724491,-3.8608713457809802,6.597604927013787,0.08193960241569509,-0.2473366364390104,0.3587247556230651,52.03359,-0.740662,70.35128712792998,Vw3
5460.410000000608,0.47519802530449473,0.8897400297800111,11.349610029433308,0.5803400030777545,0.4557520043477843,-0.5565030056549175,52.03359,-0.740662,70.39950000030413,Vw3
5460.510000000609,-0.99017800925881,4.28787002057716,9.769251989993041,-0.055328003936606085,-0.05605800318845633,-0.013577996607171072,52.03359,-0.740662,70.23169999896598,Vw3
5460.610000000609,1.3628780145721404,2.321008987689642,9.304824997243585,0.0497730006865146,0.35846000258280564,-0.3032180018164921,52.03359,-0.740662,70.25970000018275,Vw3
5460.710000000609,-1.286002016446138,-1.9525370261713992,8.522753995215648,0.160097000671905,-0.27981000395345723,0.09772000248537838,52.03359,-0.740662,70.2005999996345,Vw3
5460.81000000061,0.4379140107895525,1.5851320220647136,11.133351016135524,0.3403900011042118,0.3576950039684519,-0.34548200275625907,52.03359,-0.740662,70.02179999890188,Vw3
5460.91000000061,-2.2917490169300763,-0.058631010352292234,6.530361971471867,0.30190699975170115,-0.0854580027709419,0.04451500243113232,52.03359,-0.740662,70.09920000048805,Vw3
5461.0100000006105,-0.1541719866565301,2.795301017691445,12.160854034985123,0.7432380027221361,0.14581800145318877,-0.39373300272518647,52.03359,-0.740662,70.15940000036603,Vw3
5461.110000000611,-2.5142400146999684,-3.4944740389958513,7.677366971976581,-0.2737820063040013,0.014252999173355874,0.1468940033640077,52.03359,-0.740662,69.91249999847257,Vw3
5461.210000000611,-0.7052159886870879,2.8452180395194304,10.404589017114171,0.12991800255511982,0.26762700157205244,-0.16410300195330416,52.03359,-0.740662,69.93969010018324,Vw3
5461.310000000612,-0.3435659978792213,3.373814002867273,11.580307007093534,-0.0835020013449139,-0.240442003156081,0.3543310032239996,52.03359,-0.740662,69.85089989944936,Vw3
5461.410000000612,-0.5136470010726428,3.573431001204811,7.103734972259973,-0.19935200070244954,0.16208200251976232,-0.13153900303558552,52.03359,-0.740662,69.76089999944931,Vw3
5461.510000000612,-0.6719190009673979,-0.39747002455513947,9.626658015873646,0.23975300272107414,-0.03546300124641963,-0.15253800009912616,52.03359,-0.740662,69.78970000018357,Vw3
5461.610000000613,1.6359999799670573,2.7227999914271117,11.955999966172142,0.23369999851666276,0.1811999971170819,0.0382000029854893,52.03359,-0.740662,69.70999999951445,Vw3
5461.710000000613,-1.6320198220066662,1.324285139944734,6.437584124598916,-0.008280199502659819,-0.28909703258495667,0.5252297059548215,52.03359,-0.740662,69.63079207872254,Vw3
5461.810000000613,-0.5482769930793081,-1.1584630153038302,9.966596022218386,0.20809000135627642,0.38237000419156925,-0.3389220053870563,52.03359,-0.740662,69.67950000030686,Vw3
5461.910000000614,-0.9890340028021947,-3.2842790130235153,7.71253398580246,-0.3885510037123248,-0.3945830048587329,0.04790400245238052,52.03359,-0.740662,69.59089999944767,Vw3
5462.010000000614,0.05223600648322013,-1.4273709883573298,9.81067301314994,-0.12155799830739106,-0.09847099811530013,0.2724720013673433,52.03359,-0.740662,69.48109999932493,Vw3
5462.1100000006145,1.2128830071399155,9.442000067361173,10.944563006906364,-0.20592000054085613,-0.7151400038474539,0.630407002208291,52.03359,-0.740662,69.41069999956977,Vw3
5462.210000000615,-0.7300570121344097,0.08422994122405036,10.464759996951493,-0.3596560009489707,-0.6943729998322092,0.472926999000016,52.03359,-0.740662,69.30109999932392,Vw3
5462.310000000615,0.5185880078860259,6.46419004026108,9.594044994617288,-0.17379299883482305,-0.33839299778844123,0.4100189996189939,52.03359,-0.740662,69.2603999997538,Vw3
5462.410000000616,-0.4796870062863857,-2.9897450591860792,9.79339800129384,-0.0035999989536027177,-0.304604999812264,0.3367339995482026,52.03359,-0.740662,69.2798000001231,Vw3
5462.510000000616,0.02430600319705145,1.6355090293551373,9.187639996220659,-0.14733100090421036,-0.09857799872093317,0.1912619991000983,52.03359,-0.740662,69.18099999938448,Vw3
5462.610000000616,-1.966340012427193,1.954856001691479,9.40741800140669,0.14869500185236678,0.29791600245585004,-0.2542150027646807,52.03359,-0.740662,69.18,Vw3
5462.710000000617,-2.395899978498281,-3.751699932850018,9.541100006565662,-0.032799998189161836,0.2306000022528634,0.09549999553578938,52.03359,-0.740662,68.95999999981683,Vw3
5462.810000000617,1.091030714595517,7.138003037523498,10.605852481820666,0.2608633681495344,0.5959465369088949,-0.6284604005088996,52.03359,-0.740662,68.93029702951961,Vw3
5462.910000000617,-1.1525850142082368,-1.168001052473862,9.870336995347056,-0.07507700211317819,-0.08221300425166744,0.0531420042954992,52.03359,-0.740662,68.85079999950612,Vw3
5463.010000000618,0.23406100879040137,0.728881012358666,9.990609000796994,0.07623700096491308,0.8070480055882234,-0.46757000329045856,52.03359,-0.740662,68.89950000030868,Vw3
5463.110000000618,-0.8793100070418358,1.389331003999441,8.325828989595518,0.08908600007048019,-0.3801170074702809,0.17753000406188424,52.03359,-0.740662,68.7811999992581,Vw3
5463.2100000006185,1.3020510136937589,0.9544579972438133,10.040906010815776,0.2969020012971017,0.3163430044248604,-0.2398180026473735,52.03359,-0.740662,68.70079999950539,Vw3
5463.310000000619,-1.208199982075174,5.564699976510904,6.011400037145961,0.22930000085849098,-0.5262999994905389,0.27239999968219913,52.03359,-0.740662,68.6200000007348,Vw3
5463.410000000619,1.6901168496283512,1.766680174504029,12.017637660950523,0.36811188204758477,-0.4439237618661979,0.22101386106797682,52.03359,-0.740662,68.73881188192375,Vw3
5463.51000000062,-3.3059999667737796,-2.064100049427851,8.71640003677623,-0.12949999704544074,-0.7595000030508369,0.5429999999766971,52.03359,-0.740662,68.75999999963207,Vw3
5463.61000000062,2.0585544887094454,-10.044496089087865,14.654122809095163,0.34752970592820687,-1.2520742604800392,0.5392376237390469,52.03359,-0.740662,68.70059405903758,Vw3
5463.71000000062,2.7691640041148196,6.115660101717152,11.036144976967304,-0.38426000461336024,-0.13226099295532445,0.10280799726670803,52.03359,-0.740662,68.85840000099212,Vw3
5463.810000000621,1.3081249907940353,-3.7710770630433164,10.369656996052457,-0.3277459995988497,-0.589269002937836,0.6345840033632044,52.03359,-0.740662,69.05800000124195,Vw3
5463.910000000621,1.3564620003961882,2.636551040829129,11.097484004605224,-0.1986969991945827,0.3770910060912399,-0.004391004041989999,52.03359,-0.740662,69.06,Vw3
5464.010000000621,0.06147424928973444,3.354621786274536,8.388869289875114,-0.15250693041115893,0.014228710531061395,-0.13293465423167503,52.03359,-0.740662,69.04039603948087,Vw3
5464.110000000622,-0.9142111171365563,2.550242419054335,9.203824247944008,-0.142096969636665,0.22833838524486544,-0.20043636404907395,52.03359,-0.740662,69.07959595984723,Vw3
5464.210000000622,-0.32564299624189286,0.1779779851504082,9.757893003424773,-0.08913399966790844,-0.014722001541054047,0.06521000167289565,52.034403780005114,-0.7385057799864552,69.16910000055971,Vw3
5464.3100000006225,0.29588300387191446,1.9515440113074602,10.198505002737182,-0.07662099992464184,-0.035317000113971424,0.04374399984803809,52.034412,-0.738484,69.28880000074736,Vw3
5464.410000000623,-0.654537006018153,-0.8368510176558646,9.70888999689221,0.04863600078722398,-0.04936000008719253,0.17556600083082025,52.034412,-0.738484,69.42860000087194,Vw3
5464.510000000623,-1.7688420069492445,-2.1741780082347115,7.548768986442185,-0.35352500253792535,-0.12404700046897124,0.22293500028960375,52.034412,-0.738484,69.54880000074736,Vw3
5464.610000000624,-0.3196509907997396,2.563412029930317,8.77350900785306,-0.18365699890415177,0.1850700019521941,-0.10666600207942972,52.034412,-0.738484,69.68859010087313,Vw3
5464.710000000624,-0.18759999773167338,2.920599960166529,10.732200000518281,-0.04750000043797483,-0.3143999972671359,0.2720999982221558,52.034412,-0.738484,69.71000000055595,Vw3
5464.810000000624,0.17596435870652377,-3.4638554854228683,10.815269307449558,-0.11769802024044809,0.1236198047161387,-0.012850496829350633,52.034412,-0.738484,69.79910891144768,Vw3
5464.910000000625,0.01139899893876592,-0.8319299829915221,10.44197899763955,0.11811100149222381,-0.3078970027502141,0.1664600011493059,52.034412,-0.738484,69.91880000074956,Vw3
5465.010000000625,0.006927999982510562,-2.118529008289369,10.100708997870662,0.05713999960024142,-0.3479400002248642,0.07345799940161138,52.034412,-0.738484,69.98930000043723,Vw3
5465.110000000625,0.6389160039933399,3.0391680326723263,10.359749001658262,-0.02111600049041016,-0.10802699848185526,-0.14866600139741876,52.034412,-0.738484,69.98009999993745,Vw3
5465.210000000626,-2.01532501681118,-3.840184043797266,9.469221994356449,-0.5194740031439251,-0.5029860025108864,0.49943100410912145,52.034412,-0.738484,69.96019999987489,Vw3
5465.310000000626,0.647927017022055,5.003661056403372,13.52276402570629,-0.01197699675695818,0.29321700506345527,0.0014959968076990737,52.034412,-0.738484,70.06890000068907,Vw3
5465.4100000006265,3.0951550153133693,2.2523009820204947,12.833476995378739,-0.013928000045103809,0.007863998143226636,0.05867100039403187,52.034412,-0.738484,70.00069999956149,Vw3
5465.510000000627,-0.6664148754684862,-4.03878716838333,8.16310195065924,0.396408913490914,0.5971356473160024,-0.20015841748518012,52.034412,-0.738484,70.0784158420809,Vw3
5465.610000000627,1.969027290087737,8.646566748682122,11.610362648933378,0.45350202051442745,0.7540212130489286,-0.6835212151819159,52.034412,-0.738484,70.28787878920953,Vw3
5465.710000000628,-2.147599984906763,-6.172599916927263,7.891000011695047,0.14030000096831174,0.35620000371259375,-0.3743000005666789,52.034412,-0.738484,70.18998999893323,Vw3
5465.810000000628,0.25749997841223377,7.0649999143734155,9.754599993118681,0.29459999880640975,0.9477999921636856,-0.4645999950640912,52.034412,-0.738484,70.01999999919225,Vw3
5465.910000000628,-3.182500021611928,-6.579554541167966,8.658065339645633,0.10440197900309364,-0.300912879132214,0.3219346584067798,52.034412,-0.738484,69.89128712790423,Vw3
5466.010000000629,0.01822202053030475,6.102421081346573,11.30703201688011,0.2457530009090933,0.4684030049613752,-0.5498150055820966,52.034412,-0.738484,69.86029999981152,Vw3
5466.110000000629,-0.6829870046639717,4.043306986091135,9.901666990897926,-0.01881300169055597,-0.5980480068276568,0.2611190052100836,52.034412,-0.738484,69.81049999968542,Vw3
5466.210000000629,-0.9029999927846742,-3.047199992943575,10.489899985408579,0.20539999852378385,-0.007100002467007081,0.08320000130360666,52.034412,-0.738484,69.89000000012463,Vw3
5466.31000000063,0.24343565078773488,-1.9260118741238186,8.171484143808136,-0.02915445692340818,-0.3990802004895623,0.29032871417634865,52.034412,-0.738484,69.90980198032278,Vw3
5466.41000000063,-1.1401090088784538,-1.812928999351648,9.902580011165012,0.03978000045365743,-0.28994199928044895,0.17399599924642464,52.034412,-0.738484,69.7812999991809,Vw3
5466.5100000006305,1.890248019376212,10.105423075847108,9.598153997949721,-0.1436400011719483,-1.032290004731899,0.7614540037464541,52.034412,-0.738484,69.58199999873983,Vw3
5466.610000000631,-3.122357032144021,-9.261063124200241,9.855864001663264,-0.21450300043979315,-0.4911419965031081,0.6026639989500491,52.034412,-0.738484,69.41169999892733,Vw3
5466.710000000631,0.8989660259551111,9.097571118265682,11.501999010475052,-0.17698599975643817,-0.8096270020652278,0.6807940005085773,52.034412,-0.738484,69.55850000094648,Vw3
5466.810000000632,-1.9286999956776156,-7.407399905156861,8.435300011996384,-0.3220999985286977,-0.7273999998485146,0.37410000010856453,52.034412,-0.738484,69.50000000012624,Vw3
5466.910000000632,-1.2438999930368995,7.618699945382281,10.335900003312574,-0.08900000003442121,-0.7034000016490896,0.39130000296961276,52.034412,-0.738484,69.5199999995619,Vw3
5467.010000000632,-0.14231583462324027,-1.0219931239075324,10.859959409252129,-0.09444554458886588,-0.9642910907574835,0.8611019831667018,52.034412,-0.738484,69.45069306886899,Vw3
5467.110000000633,-0.4951250023255368,6.626272049439329,10.481178997545372,-0.12548700019806613,-0.3533969960785439,0.5219729978022886,52.034412,-0.738484,69.34109999930392,Vw3
5467.210000000633,-1.8313400085175986,-2.8553370611058604,7.774896982726235,-0.3430060013883812,-0.5463880012732101,0.23496399818763725,52.034412,-0.738484,69.37960000025312,Vw3
5467.310000000633,-0.801339993320711,1.4736970283286759,11.535043024243791,-0.10809499848226783,0.037878003752822464,-0.11242000220530599,52.034412,-0.738484,69.39980000012675,Vw3
5467.410000000634,-2.796144012836586,-3.7342430336231605,8.216506978512534,-0.30488800127504,-0.37487100267999224,0.3675170030944436,52.034412,-0.738484,69.34059999961977,Vw3
5467.510000000634,1.2716999903118342,1.211799999568936,10.909299983326694,-0.04000000207608082,0.18879999799301622,-0.006099999448491508,52.034412,-0.738484,69.32999999955625,Vw3
5467.6100000006345,-0.25659998983333504,1.1438000065424925,8.279100026570351,-0.36749999668569866,-0.12779999890068025,0.08089999815145832,52.034412,-0.738484,69.25999999981144,Vw3
5467.710000000635,1.3448851586783437,2.1743940659463914,12.464545571116513,0.1545792112340592,0.045368317930659874,-0.21028812065984606,52.034412,-0.738484,69.23029702951447,Vw3
5467.810000000635,-2.336750023736956,-0.4573130169603252,6.265241959935068,-0.1853140022154493,-0.049920000622817054,0.22388500280585444,52.034412,-0.738484,69.14089999942803,Vw3
5467.910000000636,0.8523999910493295,0.6933000010228438,10.695400010669047,0.34809999927110574,-0.008400000301502897,0.07979999897023228,52.034412,-0.738484,69.16999999968527,Vw3
5468.010000000636,-0.5555208010270893,0.854191090131436,12.373617832447902,0.23344653392479822,-0.05582574287566637,-0.08218019904924882,52.034412,-0.738484,69.12049504919034,Vw3
5468.110000000636,0.7415560084289731,2.518307010687688,8.86342597732629,-0.39922100405983224,-0.3028100015847284,0.11063600124996249,52.034412,-0.738484,69.04079999949086,Vw3
5468.210000000637,-3.3119220261439373,-4.6874450464319315,6.352997984090118,-0.33768599956339795,-0.17333299915161718,0.41435200193988797,52.034412,-0.738484,69.06970000019092,Vw3
5468.310000000637,-0.43121298118998963,-1.5062699790504173,8.745877015565917,-0.4039240004308463,-0.4517740018011415,0.4644250003027396,52.034412,-0.738484,69.07990000006373,Vw3
5468.410000000637,-4.127299958843861,-1.6265999769147426,7.140500043268362,-0.474699998468591,-0.23580000151355746,0.2127000007759054,52.034412,-0.738484,68.87999999936244,Vw3
5468.510000000638,2.327999981754542,1.9942999858462616,13.927099953832123,-0.2345000013237173,-0.4731999970703996,0.33439999931951964,52.034412,-0.738484,68.7800000007575,Vw3
5468.610000000638,-0.5337821964833798,-0.22570001416933128,6.6857138151674,-0.44212376370141326,-0.013695046572122616,0.22766732605144324,52.034412,-0.738484,68.89881188194646,Vw3
5468.7100000006385,-0.19857499765437536,6.109088040984286,7.276600004276377,0.22454500431148144,-0.6732910042821212,0.4531120014603508,52.034412,-0.738484,68.98910000057444,Vw3
5468.810000000639,-0.0409549990060975,-2.2362550542939212,12.202115031756941,0.2978280004295193,-0.3171649976574581,0.09692099768558138,52.034412,-0.738484,68.83159999897734,Vw3
5468.910000000639,-1.7730999836434005,0.8812000049111579,7.078500006005059,-0.1442999981705019,-0.028400001738972783,-0.08929999939227745,52.034412,-0.738484,68.61000000088626,Vw3
5469.01000000064,0.7851178381337096,1.6493188167908244,8.017707926795278,0.14183861569031744,-0.30038019975823593,0.005749505558029305,52.034412,-0.738484,68.74861386227212,Vw3
5469.11000000064,0.8108980000012801,5.735404026368533,10.169658013852505,-0.39970100351977295,0.4302920047416761,-0.34128500224986397,52.034412,-0.738484,68.70049999967996,Vw3
5469.21000000064,-4.668210926503428,-2.6665317377406303,4.961649471148567,-0.5865366348354385,-0.19727228133187602,0.24292673647204832,52.034412,-0.738484,68.68039603947726,Vw3
5469.310000000641,0.7977949859700892,1.7949343737308001,10.568608118172179,0.30437172302278637,0.3589929330151597,-0.34497980190274025,52.034412,-0.738484,68.72949494981869,Vw3
5469.410000000641,1.3149510029799798,2.9013020068573505,12.51582001223016,0.1602479990077418,0.03631799787318302,-0.012123997805237596,52.034412,-0.738484,68.5715999989744,Vw3
5469.510000000641,0.519199996310279,2.158999996116016,9.967400004237591,0.20029999956386127,0.4916999978650152,-0.42689999903122605,52.034412,-0.738484,68.36999999942864,Vw3
5469.610000000642,-0.05624554824821815,1.5532574218543358,10.628291093351145,0.1322801975831855,0.1587297008329735,-0.27581089011927373,52.034412,-0.738484,68.28089108853692,Vw3
5469.710000000642,-0.999629006079465,-0.9008720158729815,9.75835399431659,0.02071999928106845,0.40468200161631224,-0.2640039999332421,52.034412,-0.738484,68.28,Vw3
5469.8100000006425,0.49239999701326626,2.672099967222218,9.998800005431175,0.02539999969865649,-0.28009999730570934,0.10149999848883223,52.034412,-0.738484,68.16999999949141,Vw3
5469.910000000643,0.027251482158513973,-2.4326525080611607,10.844641589595533,-0.02153069337098007,0.13950396309327756,-0.13384653616628617,52.034412,-0.738484,68.09079207869877,Vw3
5470.010000000643,-1.908890012541275,-1.130270991212108,10.028825994647942,0.010967000214056617,0.20201100037861666,-0.08917499969466398,52.034412,-0.738484,67.91179999884294,Vw3
5470.110000000644,-1.5518039975513156,-2.6055600096814446,8.996740993343362,-0.05582200043643746,-0.22775300279822064,0.2912620024705707,52.034412,-0.738484,67.73179999884132,Vw3
5470.210000000644,-1.0585439968174377,0.6892670215215633,10.009169006650295,0.01517600046605485,0.10648000220152978,-0.0704080023766222,52.034412,-0.738484,67.57159999897004,Vw3
5470.310000000644,-1.5991890035525151,1.3064040038006945,10.277692001681176,-0.12656100092761188,-0.20383100204280885,0.21052500185328987,52.034412,-0.738484,67.2531999979372,Vw3
5470.410000000645,-0.3510629918370294,3.162808012049455,13.160903018756848,-0.0034579991890533734,-0.0025649986688356385,-0.1344860022652357,52.034412,-0.738484,66.85399999742147,Vw3
5470.510000000645,-0.6494000117838212,3.2480999387588607,13.180499970987041,-0.17050000060716336,-0.44880000150162797,0.24510000105024576,52.034412,-0.738484,66.46999999840388,Vw3
5470.610000000645,-2.476825754370914,-6.249127784080124,8.681193040262368,-0.26465841644940885,-0.6816712886319766,0.40797128818010264,52.034412,-0.738484,66.2224752459269,Vw3
5470.710000000646,-2.0652419971970604,1.8388440533578487,9.059722002761625,0.29978900368668543,0.07206300492999773,-0.22776200415599396,52.034412,-0.738484,65.74479999690139,Vw3
5470.810000000646,-0.7423189913900452,-1.0550340194359116,9.85105000513921,-0.07753100250108236,-1.1859160082641087,0.6213580055865479,52.034412,-0.738484,64.86879999431132,Vw3
5470.9100000006465,-0.2859749971071333,11.188821080146303,9.646149998610131,-0.03328599968582499,0.834463013276157,-0.5159250074826663,52.034412,-0.738484,64.32539999650916,Vw3
5471.010000000647,-4.214869025684131,-10.627877143268332,8.048218989579862,-0.1901110010272101,-0.37428300802697767,0.21272300483351148,52.034412,-0.738484,63.646799995604134,Vw3
5471.110000000647,-0.664760976526404,-1.4517269385489069,10.902110018766708,0.06946200170771208,0.8290200079494707,-0.7476240063285038,52.034412,-0.738484,63.16479999689271,Vw3
5471.210000000648,-1.959258008701815,6.227887049596203,10.755374998850936,0.07982200005049409,0.555090998128482,-0.14775799601355633,52.034412,-0.738484,62.64519999663373,Vw3
5471.310000000648,-1.9990340001724374,0.015128958816656102,9.45650199150649,-0.13156400138468452,0.6185300004343346,-0.4243440018514321,52.034412,-0.738484,62.07569999630491,Vw3
5471.410000000648,-1.6408209976526156,5.089502033643898,9.082544997637058,-0.13775900002657906,0.6829560004174856,-0.24513899880783213,52.034412,-0.738484,61.4462999959159,Vw3
5471.510000000649,-6.053392028918012,-2.206677048116517,7.027520986567205,0.34957700319143137,-0.02682400465198287,0.3215940036990266,52.034412,-0.738484,60.63809999474902,Vw3
5471.610000000649,1.2580960482359291,1.0908420221094333,10.336962021836781,0.3291559998338125,0.38467100274534005,-0.6975480067202082,52.034412,-0.738484,59.877599995066305,Vw3
5471.710000000649,-3.2422910299979177,-4.704517038225615,6.587809975194865,-0.5140850055277602,-0.07570700304659761,0.1339960055206193,52.034412,-0.738484,59.16709999539083,Vw3
5471.81000000065,-2.4266059943404077,10.437159099813861,5.838284995329179,-0.2801489984079552,0.908016006490394,-0.3298290031015294,52.034412,-0.738484,58.56599999609953,Vw3
5471.91000000065,-3.897059009712974,-9.204449129985873,8.790507019433099,0.3569890041677181,-1.0191330127202844,0.7638050072127334,52.034412,-0.738484,57.629399993889166,Vw3
5472.0100000006505,-1.4635319839220085,0.9926790682729578,12.331633023056694,0.3490449999057371,-0.04464099347246009,-0.359838007451316,52.034412,-0.738484,57.15469999694458,Vw3
5472.110000000651,1.0653060164661161,10.43597406140519,11.245231992622992,-0.33152700447424766,-1.268041008110672,0.7166110071537184,52.034412,-0.738484,56.67479999687525,Vw3
5472.210000000651,0.19326399409935302,3.978677956918246,10.751373996827034,0.04839300254344969,-0.6712539959937576,0.6265209993353309,52.034412,-0.738484,56.095799996224216,Vw3
5472.310000000652,-2.7451218014612473,7.7824198274549605,10.872553466176315,-0.2033356452471451,-0.7342039608509345,0.5142475240201266,52.034412,-0.738484,55.52148514477245,Vw3
5472.410000000652,-1.3468999973876565,-7.0975999503302605,8.697000013156272,-0.2641999979843351,-0.8279999934776188,0.5556999966396889,52.034412,-0.738484,54.88999999478314,Vw3
5472.510000000652,-0.9463000317356929,0.5191999705131102,10.714499978532743,0.04489999771504044,0.17219999609058204,0.04040000094717029,52.034412,-0.738484,54.089999995867835,Vw3
5472.610000000653,-5.812933695136212,-4.002582207736472,7.422519780489819,-0.3054960418913811,-0.42730495440867833,0.18564752570066573,52.034412,-0.738484,53.45633662952675,Vw3
5472.710000000653,-2.44085297744321,4.092079053675275,8.963007010375222,0.12006600282930929,0.48690500606793496,-0.3004750032151242,52.034412,-0.738484,52.93519999660535,Vw3
5472.810000000653,-1.6014299946852766,3.360618994627096,11.273324015150557,0.15004100016931282,-0.05503200363989913,-0.06324599840100698,52.034412,-0.738484,51.88059999307059,Vw3
5472.910000000654,-0.9687089958756389,3.9059090036549855,10.694480996024689,0.25088400066418626,0.4497450033699607,-0.324437001740874,52.034412,-0.738484,51.16709999535854,Vw3
5473.010000000654,-1.3721000254280367,1.6953999665934105,11.026899986532994,0.1299999994898077,0.11400000421685598,-0.139500001732582,52.034412,-0.738484,50.43999999676274,Vw3
5473.1100000006545,-5.2606148769404975,-3.41321389482861,8.96749404592447,0.051980197509061674,0.7588514893699001,-0.4044504967839479,52.034412,-0.738484,49.94495049180876,Vw3
5473.210000000655,-0.904493970938085,7.479952072368713,10.339533009208767,0.17435600081436733,0.8531130005806622,-0.4647180003809982,52.03536042000627,-0.7366643799879679,48.99949999378096,Vw3
5473.310000000655,-6.844899971434736,-4.919299928903126,8.251500012229721,0.07020000083622581,0.4068000023947359,-0.2492000017732964,52.03537,-0.736646,48.069999993189704,Vw3
5473.410000000656,-2.48270000269505,5.937899948521367,10.119099993699647,0.19789999834765074,0.7724999955993621,-0.519999996793988,52.03537,-0.736646,47.029999994805976,Vw3
5473.510000000656,-2.893690101704137,-1.9124960910670419,9.15830791449363,-0.054080199671652035,0.10141088668980058,-0.031089105705847664,52.03537,-0.736646,46.23792078688675,Vw3
5473.610000000656,-3.3317170028772027,-0.6410359910487025,8.582122996243159,0.061804000785109406,0.47872100254635397,-0.3483460021360753,52.03537,-0.736646,45.30929999389505,Vw3
5473.710000000657,-3.357583000142451,-0.8816320016857766,9.29830800478687,-0.10361700110481392,-0.06833500365317252,0.023115002484682456,52.03537,-0.736646,44.270399993172866,Vw3
5473.810000000657,-2.796964996276081,2.327360021324612,9.040378998238944,-0.046394999608873486,0.26675900226196025,-0.052696000528513816,52.03537,-0.736646,43.58679999552998,Vw3
5473.910000000657,-3.604199994752504,0.30360000303195905,10.972699992932807,0.06019999886325949,-0.08499999943618713,-0.041299998998678755,52.03537,-0.736646,42.65999999374988,Vw3
5474.010000000658,-2.8061801927738865,0.7646891119419367,9.897947517687411,-0.11267128826511091,0.0007425748210687644,0.11097722872379184,52.03537,-0.736646,41.70950494424682,Vw3
5474.110000000658,-3.9083860073817833,-1.2613880135023314,9.985309000652341,0.0812240013007316,0.3773050024981156,-0.33616800298325683,52.03537,-0.736646,40.729799993549,Vw3
5474.2100000006585,-2.6449749915247214,-3.528309014936897,9.523276996921252,-0.03946100081560158,-0.10390100322488471,0.14499400322949269,52.03537,-0.736646,39.63099999275898,Vw3
5474.310000000659,-2.02260000212472,1.9917999964579305,9.9616000024181,0.12459999890927993,0.3155999997255271,0.024899999287413602,52.03537,-0.736646,38.71999999452358,Vw3
5474.410000000659,-2.345273269453719,1.4538792043749442,10.328827725192955,-0.04104356544831918,0.2739168314084027,-0.08331782249552475,52.03537,-0.736646,37.888316826200914,Vw3
5474.51000000066,-2.8499350033387647,1.7536180020316037,10.382990000336184,0.17797100146932016,-0.048646002144983325,-0.15092800044297136,52.03537,-0.736646,37.028599994331024,Vw3
5474.61000000066,-2.806699989672623,0.9491000316679212,9.464500002749041,0.09909999944561525,-0.004500000243850838,0.09259999922203084,52.03537,-0.736646,36.25999999555446,Vw3
5474.71000000066,-1.2426405837351273,5.7451396356188145,9.880836636411583,0.015139603406177635,-0.0414306933130846,-0.025221782955953564,52.03537,-0.736646,35.58673266882312,Vw3
5474.810000000661,-2.2361070067375066,-2.049680052363901,9.308423996150374,-0.07331500058497922,-0.45265000274312284,0.5037450035396199,52.03537,-0.736646,34.807799994844245,Vw3
5474.910000000661,-2.625866002534284,2.212448028986284,10.430903007533445,-0.1742890006682736,0.2901550049872642,-0.1686540045252235,52.03537,-0.736646,33.84959999365438,Vw3
5475.010000000661,-5.134699986663346,-5.994099920155525,10.76820000155219,-0.17619999869527042,-0.5533999914652485,0.3879999961447303,52.03537,-0.736646,32.759999993060646,Vw3
5475.110000000662,-3.117670283678882,6.081543644285728,11.002952476801363,0.021126733979382917,0.7373920877517387,-0.19506931079005818,52.03537,-0.736646,31.710495042558225,Vw3
5475.210000000662,-4.374798008539989,1.4826729684446658,8.64385298421141,-0.04629900046400036,0.18807899624100144,-0.015373998759576818,52.03537,-0.736646,30.769399993778027,Vw3
5475.3100000006625,-3.089231674477663,0.014202960787629282,10.258499020867472,0.10140198119127487,0.6335851515346356,-0.4202821809404166,52.03537,-0.736646,29.897425736801043,Vw3
5475.410000000663,-3.2944999973131215,4.774299973876291,10.209199999768927,0.01630000000656457,0.4393999996698021,-0.09310000033151082,52.03537,-0.736646,28.769999992713327,Vw3
5475.510000000663,-2.889252472561449,0.8342009639831067,10.174348514620482,0.017290099016463598,0.38959801947188094,-0.14310000033141176,52.03537,-0.736646,27.670990091725404,Vw3
5475.610000000664,-4.576399996186379,0.4203999927093722,9.544700003444476,-0.05829999904725882,0.35729999913091415,-0.13839999939582268,52.03537,-0.736646,26.369999991568076,Vw3
5475.710000000664,-4.001999993838587,-0.677699984920875,10.063500002685306,0.08519999974888941,0.22640000022152948,-0.04740000057847465,52.03537,-0.736646,25.099999991257146,Vw3
5475.810000000664,-3.0739801918518714,1.5934881339069584,10.4679554482327,0.04737821757040594,0.2597663368554272,-0.13452871345037376,52.03537,-0.736646,23.783168308079578,Vw3
5475.910000000665,-3.35932400197797,-0.2259920123676309,8.900968989452819,0.08610500026253301,0.21574799970224104,-0.027786999277535737,52.03537,-0.736646,22.57209999195785,Vw3
5476.010000000665,-3.1526179985922913,1.2628730101204815,10.400097010170994,0.11105200016483086,0.2974700005516517,-0.12114600063406708,52.03537,-0.736646,21.39179999215724,Vw3
5476.110000000665,-3.506306002391954,-1.260854017068463,9.339566992767566,-0.06303900117201759,0.06762999844928963,-0.029732999379050315,52.03537,-0.736646,20.073199991214857,Vw3
5476.210000000666,-2.8198699953611164,2.8477400277933693,9.17851699899036,0.027666000621623735,0.24597500121462879,0.044262000491175936,52.03537,-0.736646,18.91159999227962,Vw3
5476.310000000666,-3.2061000023169424,1.6057999355520922,10.508699995337112,-0.07739999967503484,-0.49859999928744964,0.20420000204405062,52.03537,-0.736646,17.819999993078834,Vw3
5476.4100000006665,-3.5541198042995847,-8.074695114020852,9.808303955728231,-0.02858811848657318,-0.39157029631640083,0.5112297050165042,52.03537,-0.736646,16.780396032675494,Vw3
5476.510000000667,-2.1301999988541374,-0.3494000072844114,8.989500007065931,-0.1675999997841607,-0.44560000090296076,0.5707999983036482,52.03537,-0.736646,15.859999994521509,Vw3
5476.610000000667,-1.9583188107341183,-1.4420732746188187,10.049400997172388,-0.1352237621601709,-0.5810455454583676,0.3163445527573066,52.03537,-0.736646,15.038217816297916,Vw3
5476.710000000668,-2.0369880005419034,2.799149028664167,9.348684995204954,-0.12490099993259572,-0.10551699678528337,0.10570199859719032,52.03537,-0.736646,14.1983999943941,Vw3
5476.810000000668,-1.9840000012141825,-4.5764999610523,9.604100005713335,-0.1000999996047462,-0.41529999754982305,0.3746999972008364,52.03537,-0.736646,13.419999994910611,Vw3
5476.910000000668,-2.165881189334272,1.2577574647312524,10.459941589877761,-0.04089207881225114,-0.048270294576948036,-0.044606933495178025,52.03537,-0.736646,12.657623757281495,Vw3
5477.010000000669,-2.2683830006796395,-2.639742026703073,9.367322992566738,0.09988400094628239,0.1392430012409932,-0.07770800019513732,52.03537,-0.736646,11.828299994453289,Vw3
5477.110000000669,-1.8009319968334454,0.9928040248238608,10.651912008758213,0.06783799977381752,0.38374900164015746,-0.25867500122125153,52.03537,-0.736646,11.077499994981158,Vw3
5477.210000000669,-2.6768050059524278,-2.2121520219145685,9.601541992811581,0.0017639995556591598,-0.05276600296717965,0.0910490023762866,52.03537,-0.736646,10.317599994914172,Vw3
5477.31000000067,-2.095956996008283,0.801924020622641,10.07243500325998,0.0395120002599943,0.17020300153919307,-0.08152100119208729,52.03537,-0.736646,9.240799992763046,Vw3
5477.41000000067,-2.8279999941179725,0.02190000581167925,9.604500003344187,0.036900000071011727,-0.09899999886182141,0.06509999932970241,52.03537,-0.736646,8.219999994027052,Vw3
5477.5100000006705,-1.9504752416444635,0.8889297087802586,10.103410894432308,0.04749405947693133,0.07080198133586199,-0.03490000067009949,52.03537,-0.736646,7.328910885117926,Vw3
5477.610000000671,-2.135839001315827,0.16787099505407443,9.612607996639642,-0.03565900056430925,-0.1423300014560654,0.09369100087833628,52.03537,-0.736646,6.468599994229418,Vw3
5477.710000000671,-1.446482995314358,-0.40201800381266184,10.283275004579624,0.01260400033281947,-0.03104599923102598,0.028966999552438324,52.03537,-0.736646,5.578899994028038,Vw3
5477.810000000672,-1.0005339970207627,0.5087430062198468,9.707880996048512,-0.04323100038231531,-0.10335800049855529,0.07265200030101451,52.03537,-0.736646,4.698799994087215,Vw3
5477.910000000672,-0.6875999980382181,-0.7971999896740267,10.025799998002949,0.013599999711189506,-0.06999999991415541,0.056100000055898804,52.03537,-0.736646,3.8699999957410434,Vw3
5478.010000000672,-0.3957188099199844,0.739136643986296,9.72867128513225,-0.029370297318428336,-0.057227722686457934,0.06441683173905065,52.03537,-0.736646,3.236336629405665,Vw3
5478.110000000673,-0.11094699808449032,-0.5703180090036357,9.954588001555551,0.004751000234813098,-0.06076300002489422,0.03618599980757437,52.03537,-0.736646,2.6953999963667887,Vw3
5478.210000000673,-0.23016700082959446,0.6850840086229381,9.738901998518438,5.0999965685874504e-05,0.10175800110478028,-0.05419000061227165,52.03537,-0.736646,2.353399997712392,Vw3
5478.310000000673,-0.06379999858731158,-0.2240999961271014,9.726799999086419,0.037899999684144196,0.041600000145933375,-0.01920000000266545,52.03537,-0.736646,2.0499999984673662,Vw3
5478.410000000674,0.1461009915131726,0.35134554843139576,9.591057424828039,-0.009030693385492367,0.06328316846291736,-0.01959603960662863,52.03537,-0.736646,1.8222772261885392,Vw3
5478.510000000674,0.17010000072245893,-0.09669999819924414,9.75220000208246,0.03269999989823573,0.010600000194767381,0.01079999974120874,52.03537,-0.736646,1.6499999992586707,Vw3
5478.6100000006745,0.2773000004282927,0.17049999858082088,10.061199998501309,0.0176,0.03949999978418321,-0.027599999845654245,52.03537,-0.736646,1.5399999992650202,Vw3
5478.710000000675,0.34076534696282046,-0.0397970311217328,9.839120790580957,0.0176,0.007519801764444584,-0.004728712716986685,52.03537,-0.736646,1.431089108176127,Vw3
5478.810000000675,0.8394690033986689,0.42003400315209477,10.017971001235573,0.031856000097278535,0.03432600018509943,-0.024993000139837893,52.03537,-0.736646,1.3804999996622271,Vw3
5478.910000000676,0.6690719988029175,0.04048099737817312,9.668448997602457,0.008437999839218033,0.012621999850026908,-0.005102999862862445,52.03537,-0.736646,1.3304999996622229,Vw3
5479.010000000676,1.0663690027231603,0.25182600146865547,9.882106001482166,-0.0031850000776887637,0.017746000036479942,-0.0016329999777067025,52.03537,-0.736646,1.3002999997973337,Vw3
5479.110000000676,0.9344999981232524,0.20380000038941354,9.859899999862677,-0.010399999992039246,0.012700000034496598,0.0033999999840784926,52.03537,-0.736646,1.3500000003980377,Vw3
5479.210000000677,0.6571470569478699,0.2613490199970309,9.839605882215698,-0.009223529403808568,0.01779803925016287,0.001047058807617136,52.03537,-0.736646,1.4088235298095715,Vw3
5479.310000000677,0.6958960003060741,0.18370799945556723,9.8233239998903,-0.0008699999424418084,0.031032000090738796,-0.004978000041306467,52.03537,-0.736646,1.5472000009480174,Vw3
5479.410000000677,0.8749818194134027,-0.0234030317234577,9.782117171434592,-0.006045454582402079,0.003582828091248484,0.0029181818736031175,52.03537,-0.736646,1.6588888896415237,Vw3
5479.510000000678,1.1252900017002072,0.330504002435835,9.83981300039762,-0.007882000012192723,0.03012900018356821,0.005772000018966456,52.03537,-0.736646,1.8184000010837975,Vw3
5479.610000000678,1.225414000668778,0.253117999445172,9.78307899960728,-0.008890000006782738,0.021291999937598803,-0.00776300009292352,52.03537,-0.736646,1.9784000010852383,Vw3
5479.7100000006785,1.0684999984204915,0.5320999956468527,9.939099997985585,-0.002600000131625711,0.04459999972996375,-0.014699999803918399,52.03537,-0.736646,2.150000001085573,Vw3
5479.810000000679,0.835700000773202,-0.10949999944041942,9.642200001169543,-0.021999999908639906,0.004800000472251071,0.014199999705094992,52.03537,-0.736646,2.3100000010748247,Vw3
5479.910000000679,0.9496603968136064,-0.027024751915087658,9.814576238794517,-0.008534653373891862,0.07440396086877957,-0.02926534682986377,52.03537,-0.736646,2.4684158426600957,Vw3
5480.01000000068,1.1109820010989335,-0.1282690007002474,9.722150999354088,-0.00760799999456646,0.0383709997480196,0.0022770002193791654,52.03537,-0.736646,2.6581000012904656,Vw3
5480.11000000068,1.4458340022891925,0.17720400210556744,9.76515600030196,-0.002154999962594894,0.06661100019654684,-0.007498000069369471,52.03537,-0.736646,2.828300001156158,Vw3
5480.21000000068,1.8612285742587342,0.23602285752560911,9.694508570940256,0.006197142914134691,0.04521428556532979,-0.015520000054401299,52.03537,-0.736646,3.0280000013600326,Vw3
5480.310000000681,2.183338949521101,0.3082673689199754,9.83169473786719,-0.025161052862402413,0.023615789326731383,0.0011178948608559537,52.03537,-0.736646,3.2774736859309495,Vw3
5480.410000000681,2.869105004695574,0.02912699807478064,9.775977999606376,-0.047577000151865556,0.022508999993870897,-0.00553100004698979,52.03537,-0.736646,3.5770000020430346,Vw3
5480.510000000681,4.199531009104442,0.4768490030992831,9.921128001002447,0.05120000068101146,0.06625800030100705,-0.03421100019681231,52.03537,-0.736646,4.005700002928349,Vw3
5480.610000000682,3.89090000254681,-0.28019999317001,9.517399999679201,0.015699999927735693,0.027799999893291957,0.022999999842639406,52.03537,-0.736646,4.650000006078306,Vw3
5480.710000000682,4.264266339179734,0.7210871355408774,9.470370296708998,0.005105940521816087,0.012156435536887306,-6.930708800796312e-05,52.03537,-0.736646,5.5410891149874315,Vw3
5480.8100000006825,4.032478998375568,1.0497810021980019,9.269325998616605,-0.029848000240353115,0.08674500051553011,0.010392000073744705,52.03537,-0.736646,6.658800007647599,Vw3
5480.910000000683,5.018417006816697,-0.31488300943466796,9.533709001837497,0.027121000395358825,0.06166099982178126,0.02960700013178627,52.03537,-0.736646,7.877800008330531,Vw3
5481.010000000683,5.601016003949491,0.8314810080020898,9.007838996354367,-0.05605400057767454,0.08921900019187534,-0.06573500065893137,52.03537,-0.736646,9.196800009013362,Vw3
5481.110000000684,4.943199996768553,1.2713999894131505,9.101600001962433,-0.06710000007448852,0.14379999992889733,-0.031299999599793515,52.03537,-0.736646,10.640000009954376,Vw3
5481.210000000684,4.470724749244736,-0.27652080266299106,9.388530695031173,-0.07799108918337784,0.13340396032495752,0.027214851885239075,52.03537,-0.736646,12.095445554505947,Vw3
5481.310000000684,5.559851007564591,1.0062860089783732,10.381697006848457,-0.056517999850748415,0.21101500053744265,-0.15990400129807805,52.03537,-0.736646,13.446500009242644,Vw3
5481.410000000685,3.8231000010642564,0.4881000188806161,9.530600001986063,-0.12479999935966571,0.10790000080264363,0.06279999843374917,52.03537,-0.736646,14.910000010341228,Vw3
5481.510000000685,3.978499996686956,3.2449999744239224,9.820599999106983,-0.03129999999186318,0.22510000001762978,-0.16589999927921284,52.03537,-0.736646,16.420000008204635,Vw3
5481.610000000685,3.494737620445934,-0.48955448104785315,9.690203959502107,-0.03011188117997364,0.22767425744339045,-0.060652474525998354,52.03537,-0.736646,17.618019810193246,Vw3
5481.710000000686,3.440999999313562,2.4771000021333216,9.772500004892654,-0.003800000602924749,0.35469999821974246,-0.15459999806969024,52.03537,-0.736646,18.78000000950557,Vw3
5481.810000000686,3.340900989411869,2.788189111046398,10.485965351432318,-0.09172079268275021,0.09509603782187948,0.12688515044713836,52.03537,-0.736646,20.166138623376693,Vw3
5481.9100000006865,1.90170001300115,2.7106000102367993,9.523000009133371,-0.1295999985525572,0.20419999942075093,-0.05110000013869344,52.03537,-0.736646,21.190000006730713,Vw3
5482.010000000687,3.795066349631063,4.201392089441767,10.853099019031726,0.08119208065494599,0.11984356377735368,-0.07129801994063362,52.03537,-0.736646,22.17019802653075,Vw3
5482.110000000687,3.413247997217531,-0.04000702955204716,9.126771987921554,-0.023719000743045685,0.1184059999958758,0.16907000167030617,52.03537,-0.736646,23.13040000659874,Vw3
5482.210000000688,2.527399998172132,3.099099989177114,9.54990000373062,0.03439999941317601,0.06310000191841068,0.022099999145633285,52.03537000000204,-0.7366459999972838,23.940000007080013,Vw3
5482.310000000688,2.2615584140118488,1.525040583225464,10.092474261160174,-0.050946535240888796,0.3421099029104694,-0.10215742659781374,52.03566702970502,-0.7362509504923305,24.969702977384273,Vw3
5482.410000000688,2.267300007615626,3.8814999708497124,9.919100004955746,-0.03689999940081139,0.3421999994280782,-0.09269999933332598,52.03567,-0.736247,25.59000000531703,Vw3
5482.510000000689,3.3734386214748207,-0.352460425181504,10.63890198515234,0.05012970356931323,0.2591306924975497,0.004131683834799019,52.03567,-0.736247,26.362277233038274,Vw3
5482.610000000689,2.1003709910605455,3.6182640279369167,9.440873991609827,-0.06393900080014706,0.4812480015520509,-0.1806240012929163,52.03567,-0.736247,27.082800004962152,Vw3
5482.710000000689,0.9954299923981582,3.921249001827061,9.61858200132188,0.060927000877347634,-0.023875003532134065,0.12588500214684833,52.03567,-0.736247,27.941400005927093,Vw3
5482.81000000069,2.113400003679742,3.1643999823084354,9.747200000640252,-0.0027000002177402357,0.20939999943756127,0.00020000034333334944,52.03567,-0.736247,28.920000004778,Vw3
5482.91000000069,2.6471623799211144,0.5981623585280347,9.840071287769616,-0.03428415863380366,0.12781584102114668,0.050001980541702955,52.03567,-0.736247,29.61306931171356,Vw3
5483.0100000006905,1.950886995109216,1.531810006687131,10.04701900143611,-0.06519100021324288,0.11789199993651021,0.007137999697733398,52.03567,-0.736247,30.194200004002617,Vw3
5483.110000000691,2.2138720018850666,-2.5946210288695726,9.546476996491759,-0.008475999601980089,-0.1037620015464732,0.1948990013136039,52.03567,-0.736247,30.843500004491545,Vw3
5483.210000000691,1.3972759942811526,-1.1582309896824419,10.815827008895447,-0.03453100018588327,0.0858620013391888,-0.1114860021518235,52.03567,-0.736247,31.434100004076996,Vw3
5483.310000000692,0.3263000084834784,0.3181999792334084,9.548500003967991,-0.0612999996078547,-0.06249999886257332,0.02779999902408517,52.03567,-0.736247,31.960000002121554,Vw3
5483.410000000692,1.5536267411653664,-2.686156456431258,10.122559409912617,-0.004567326340129477,0.10205445658412704,-0.11338811978878771,52.03567,-0.736247,32.26693069519302,Vw3
5483.510000000692,0.7402399942293424,-0.40821298386914373,10.057415999504581,-0.058252000379175106,-0.09578500139422964,0.047560001134757626,52.03567,-0.736247,32.38880000083031,Vw3
5483.610000000693,2.2909520109106207,-5.666649036962948,9.262719994443536,0.07910700096510634,0.09208200132883984,-0.10078500104963106,52.03567,-0.736247,32.489000000692826,Vw3
5483.710000000693,0.3981779866435293,-5.172034996165159,8.956016997909716,0.0566409998330268,-0.1396400016350903,-0.12932700018914392,52.03567,-0.736247,32.5494000004157,Vw3
5483.810000000693,1.1772360055942812,-4.034533992067831,8.98824400024697,0.0028409996246892277,-0.08982699963440152,-0.11276999988206501,52.03567,-0.736247,32.45099999930627,Vw3
5483.910000000694,1.2261870002865163,-1.5853239829172385,10.25322600886189,0.019031000117242798,-0.09296300002566854,-0.10240299992854433,52.03567,-0.736247,32.47970000020812,Vw3
5484.010000000694,1.2372920000749243,-4.941352023689983,9.167099992299438,0.1446330008789741,-0.1523010004155529,-0.22209000083943067,52.03567,-0.736247,32.50970000020812,Vw3
5484.1100000006945,0.8500999993340409,-2.839400016435704,9.168799998965286,0.04090000039902504,-0.1439000006109211,0.05319999986859692,52.03567,-0.736247,32.41999999993121,Vw3
5484.210000000695,0.7542584151758149,-5.204746551084483,9.019889107876473,0.0983257429731687,-0.23182079268995484,0.03428910877952548,52.03567,-0.736247,32.41009900983221,Vw3
5484.310000000695,1.1892999959526478,-3.7017000122672683,10.223499994972284,0.08239999908361835,-0.21610000194215118,-0.049299998565573766,52.03567,-0.736247,32.39,Vw3
5484.410000000696,0.606824748423804,-5.467145556834124,9.499935638531557,-0.04948118903611984,-0.4956049524391638,0.15713564500023264,52.03567,-0.736247,32.39,Vw3
5484.510000000696,0.9258190022821434,-4.437478992641635,9.94433800317316,-0.05357200001947578,-0.35415699898656416,-0.023653001284705516,52.03567,-0.736247,32.29099999930443,Vw3
5484.610000000696,1.0540380008789372,-6.348688013519754,10.40687400322184,0.04361800068392741,-0.3050809996650009,-0.07816800037051873,52.03567,-0.736247,32.25039999972142,Vw3
5484.710000000697,1.3478450020580772,-4.360577985876923,10.12350899797396,-0.08132800088591349,-0.5425960016743208,0.13652600151413197,52.03567,-0.736247,32.28960000027859,Vw3
5484.810000000697,0.09369799114475441,-4.795502003206522,9.327114994410554,-0.028050999615747335,-0.5191609998179856,0.03672999928170556,52.03567,-0.736247,32.33950000034869,Vw3
5484.910000000697,-0.06314400101538868,-4.759707999715467,9.737573002947835,-0.08838500042889015,-0.6797750011332463,0.04797600008647541,52.03567,-0.736247,32.478600000976336,Vw3
5485.010000000698,-0.9524320062541249,-6.676534013505506,9.735958999958855,-0.08385199996373612,-0.7606000005579059,0.14561500068692163,52.03567,-0.736247,32.43049999965131,Vw3
5485.110000000698,0.4292530098087777,-3.922810980440402,10.46751000516031,-0.03241899963759125,-0.46905299793797106,-0.09030700167099062,52.03567,-0.736247,32.22209999853361,Vw3
5485.2100000006985,-0.9067000003063682,-5.20969999839001,10.586899991875363,-0.02039999987205841,-0.6424999982738259,0.1551999989432716,52.03567,-0.736247,32.069999999446736,Vw3
5485.310000000699,-0.9505613864452901,-4.9792049488834405,9.42373167503551,-0.002083168188761437,-0.395371285400803,0.003912870229337728,52.03567,-0.736247,31.990792078654103,Vw3
5485.410000000699,0.19997400812891464,-4.723162998207947,9.723554002199686,0.032255000241224456,-0.4994240007523406,-0.0196770001559219,52.03567,-0.736247,31.93059999958048,Vw3
5485.5100000007,-1.1989999859261045,-4.333799971422874,9.062400010612205,0.03959999977979243,-0.32649999963921966,0.009599998340133448,52.03567,-0.736247,31.88999999944602,Vw3
5485.6100000007,0.8132772418108016,-0.24785937733476793,10.579726743296131,0.008114851264719794,-0.2749158412230157,-0.22772673433480084,52.03567,-0.736247,31.81079207865338,Vw3
5485.7100000007,-1.780398018484326,-3.3746040224007463,9.818640994510432,0.0616560003808603,-0.22351399964014304,-0.18950999971295454,52.03567,-0.736247,31.62189999866979,Vw3
5485.810000000701,0.4240660157965874,-3.6455860016922412,10.609928005658563,0.1142740003687319,-0.2648770002965277,-0.13959999964949438,52.03567,-0.736247,31.590299999789696,Vw3
5485.910000000701,-1.486969013691628,-3.5178149990781584,10.133394996568507,0.09975199989344491,-0.3678640007262571,-0.02990299922677457,52.03567,-0.736247,31.44149999894847,Vw3
5486.010000000701,0.8181999893129843,-2.1610000016509923,10.639799984064245,0.10829999894608654,-0.44349999752351166,-0.027500000499185624,52.03567,-0.736247,31.58000000055542,Vw3
5486.110000000702,-0.7058594166383143,-2.3964455462071013,8.367225726622541,-0.04199703075793941,-0.09033168068934788,-0.09868811931156682,52.03567,-0.736247,31.65920792134806,Vw3
5486.210000000702,-0.6723000040577547,0.08749997037706958,8.942200014981784,-0.04850000057074125,-0.16680000038095763,-0.11200000003128302,52.03567,-0.736247,31.83,Vw3
5486.3100000007025,-1.2502207961410219,-4.131509930642663,11.075962391234395,-0.12978712928418346,-0.22105742612391294,-0.11645544557586877,52.03567,-0.736247,31.83,Vw3
5486.410000000703,-0.2148999892859579,-1.6652000224380943,10.09910000090351,-0.09659999880761733,-0.10390000020116673,-0.06100000036892167,52.03567,-0.736247,31.830000000487253,Vw3
5486.510000000703,1.3090604067506268,-4.8567841808476135,10.227614852388403,0.0730039615880863,-0.13251386158724865,-0.11347524789357019,52.03567,-0.736247,31.899306931180185,Vw3
5486.610000000704,0.8007879962786243,-1.2787639743388355,9.048126991606495,-0.016974000651662977,-0.07537999959183098,-0.14706600023504907,52.03567,-0.736247,32.15740000182972,Vw3
5486.710000000704,-0.624556010094573,-5.007270026763567,9.392303002531383,0.11060200091346595,-0.10628200022379213,-0.0567159993553661,52.03567,-0.736247,32.546100002744616,Vw3
5486.810000000704,-0.20990000719858146,-2.7198000256589374,10.260299983188293,0.1358999993333604,-0.09719999969307827,-0.16939999966984795,52.03567,-0.736247,32.91000000204145,Vw3
5486.910000000705,-1.2324999914049148,-6.36479995914892,7.872100015310083,0.04120000045431962,-0.053599999577084965,-0.12250000098191659,52.03567,-0.736247,33.20000000258216,Vw3
5487.010000000705,-0.013094050813271085,-0.5691563948039651,10.044179223226571,0.10565544599874639,0.006400000422796169,-0.2618069316747099,52.03567,-0.736247,33.5663366362448,Vw3
5487.110000000705,-2.264999983190845,-3.637100001336068,10.182999997357912,-0.03379999934105037,-0.2884999999042671,-0.005099999627550213,52.03567,-0.736247,34.050000003214386,Vw3
5487.210000000706,0.11668318512126818,-3.8264069320287617,9.80864356171509,0.05956633729242802,-0.2749356434686504,0.047672277600068015,52.03567,-0.736247,34.50544554776794,Vw3
5487.310000000706,0.1695070002069952,-4.671978006020522,8.897465993524511,0.008821999631223598,-0.3925110008399907,0.1767020009169957,52.03567,-0.736247,34.8268000022607,Vw3
5487.4100000007065,-1.5684000085934768,-4.188200005270694,10.68570000863266,-0.14769999851387844,-0.16220000447375763,-0.05329999863142479,52.03567,-0.736247,35.230000002658784,Vw3
5487.510000000707,-2.784439612551464,-4.934041589427632,11.907284167046079,0.06259703118867518,-0.7952693114031965,0.14036336770482521,52.03567,-0.736247,35.606237626420416,Vw3
5487.610000000707,-4.20189998477147,-5.377899986084358,11.053799993147617,0.08449999950468919,-0.6651999975360564,0.1946999980096492,52.03567,-0.736247,35.7000000008407,Vw3
5487.710000000708,-2.049721766953951,-3.411266322721918,10.085384151565377,0.01449999950482786,-0.31698217575456805,-0.08658713070266486,52.03567,-0.736247,35.818811882028584,Vw3
5487.810000000708,-1.732090997881513,-2.6999859950519056,9.16242499346605,-0.00560400013882429,-0.5523870017090969,0.22799400227076871,52.03567,-0.736247,36.06750000177072,Vw3
5487.910000000708,-3.2111300106031955,-3.5710310062818795,11.096471013903148,0.10389200078479228,-0.11632899686295578,-0.2869660037072227,52.03567,-0.736247,36.31750000177074,Vw3
5488.010000000709,-4.3570760080915765,-2.4196199916987675,7.555960974528957,-0.037164001017113465,-0.52156200293093,0.13765800307542247,52.03567,-0.736247,36.29029999978751,Vw3
5488.110000000709,-1.4192899788730307,-1.727373995124982,11.826896030852893,0.21771100183611022,-0.24741099800644817,-0.16717700221482126,52.03567,-0.736247,36.210799999432645,Vw3
5488.210000000709,-5.037452026132815,-4.853652022444944,10.057115987010187,-0.0034400016028050817,-0.7354420035162422,0.12382900210705039,52.03567,-0.736247,36.11099999929079,Vw3
5488.31000000071,-5.155183000580156,-3.3547599890217583,9.396487995392832,0.12399000093023911,-0.15986399583593736,-0.29206900300445926,52.03567,-0.736247,36.21890000078112,Vw3
5488.41000000071,-1.8760309764731713,-2.6132339947920147,10.361586006969072,0.03184399932965118,-0.6938470038722586,0.21790600368833868,52.03567,-0.736247,36.28930000049708,Vw3
5488.5100000007105,-0.030704987001339834,1.0443290261826603,10.179438998623088,0.08525100038985328,0.0394380052988802,-0.1648810027829418,52.03567,-0.736247,36.18109999921887,Vw3
5488.610000000711,-2.449956453144989,-1.7822524958068429,11.12241089787348,0.09648415849255282,-0.4393762411151797,-0.08244455383542161,52.03567,-0.736247,35.934950493290074,Vw3
5488.710000000711,-8.282783880345672,-4.838801031857588,11.917382833912118,-0.054952526352815015,0.09267071100216012,-0.32471010278047585,52.03567,-0.736247,35.712222220642175,Vw3
5488.810000000712,-3.340913964037812,-1.753671977594291,8.864714977990834,0.02814500060869602,-0.11801600155484455,-0.09247099831202546,52.03567,-0.736247,35.630799999430465,Vw3
5488.910000000712,-4.932513011808853,-4.253828018205583,10.225245010006237,0.14344400082299602,-0.20880500063718116,-0.05208399972661725,52.03567,-0.736247,35.3428999979354,Vw3
5489.010000000712,-2.818817984680598,-1.2639589783151943,8.776871989483308,-0.12289800192364636,-0.6452010031317987,0.2535170021948933,52.03567,-0.736247,35.221199999145675,Vw3
5489.110000000713,-5.266599980010064,-3.5515999716850994,10.631599994273058,-0.012000000702454086,-0.4428000002922774,0.030400000124253184,52.03567,-0.736247,34.90999999816444,Vw3
5489.210000000713,-2.463134633480963,0.41939012731693426,9.828431677442966,-0.11051485218740743,-0.48379009930209715,0.04782574269847609,52.03567,-0.736247,34.65257425559069,Vw3
5489.310000000713,-5.230999982558665,-1.4211000043954565,10.861299995947652,0.11029999921706374,-0.7037999979660601,0.15769999929966388,52.03567,-0.736247,34.31999999950581,Vw3
5489.410000000714,-2.7849603785810886,-2.0375356479641424,10.292983164260491,0.0004980190182726912,-0.4185524732115813,0.05948217751679577,52.03567,-0.736247,34.250693068812254,Vw3
5489.510000000714,-4.205100004487196,-0.8704999970806448,10.00940000041552,0.002900000293434823,-0.4294000000928139,0.04539999996216047,52.03567,-0.736247,34.24000000028558,Vw3
5489.6100000007145,-4.833599981865133,-0.46160000420282726,10.067600003713041,0.04400000079130361,-0.442399999206573,0.04009999933468211,52.03567,-0.736247,34.27999999851365,Vw3
5489.710000000715,-2.2967682987018416,-1.0495207962808704,10.587005944306071,0.154693070098015,-0.33140990019689187,-0.052969307595826576,52.03567,-0.736247,34.07207920643486,Vw3
5489.810000000715,-5.1580999889819115,-1.257299992978773,9.698400007865613,0.039400000703538274,-0.4063999982361998,0.033199999128008896,52.03567,-0.736247,33.84999999865521,Vw3
5489.910000000716,-3.6168128602582144,-0.27512177515009206,10.798697037576312,0.13781584228838795,-0.1596673249671401,-0.08878019889264985,52.03567,-0.736247,33.661881186772696,Vw3
5490.010000000716,-2.154019989538334,0.06823100241076285,9.670011991762333,-0.09315700167658575,-0.6878400038354672,0.22937400230843605,52.03567,-0.736247,33.57089999935599,Vw3
5490.110000000716,0.4724180189019811,0.06150199992691979,10.68176400740546,0.04250600099876284,-0.206416996477104,-0.12320600257500267,52.03567,-0.736247,33.371999998567055,Vw3
5490.210000000717,-5.888878046228834,0.17099300079314528,9.661014992537844,-0.07965200089416921,-0.71362700370636,0.21296800245896533,52.03567,-0.736247,33.221499998925275,Vw3
5490.310000000717,-1.1645000110127743,-0.9441999951315307,10.565299985576956,0.06679999899806462,-0.4923000011580443,0.11680000073371188,52.03567,-0.736247,33.02999999893562,Vw3
5490.410000000717,-2.7011336743899035,-0.2648930644336901,8.552824738038069,-0.07300198120093712,-0.6538841595750208,0.21917623835819333,52.03567,-0.736247,32.88148514744943,Vw3
5490.510000000718,-6.899547030311931,-1.8084400112343468,10.074526011172651,0.05321100092471728,-0.6376799998708695,0.18455999974173914,52.03567,-0.736247,32.80079999942608,Vw3
5490.610000000718,-3.6087029170069527,0.8318176663178636,8.830276461452788,-0.16679411925174417,-0.6442941176963255,0.2090470590037046,52.03567,-0.736247,32.56705882184027,Vw3
5490.7100000007185,-5.832074764682227,-0.19379394758241653,10.044771726445319,-0.04661616067683322,-0.6583151516174258,0.26251313170336965,52.03567,-0.736247,32.40323232207176,Vw3
5490.810000000719,0.5304869157319292,0.3305171757323362,10.359452527372346,-0.039149494913898235,-0.7088868690559122,0.19173333280592073,52.03567,-0.736247,32.12282828079418,Vw3
5490.910000000719,-5.030270040872717,-1.0124780097970818,10.112820998186871,-0.011478999799340351,-0.7853330005516342,0.34108400109032266,52.03567,-0.736247,32.05069999949655,Vw3
5491.01000000072,-0.30840004771114926,0.7940999914767686,9.992599998477841,-0.11019999992449754,-0.42590000238402603,0.011600002094125057,52.03567,-0.736247,31.989999998931566,Vw3
5491.11000000072,-6.940380245777533,-0.3906524837790777,9.781015840060514,-0.09970495041947332,-0.7572861410002151,0.3026891110070607,52.03567,-0.736247,31.841485147445376,Vw3
5491.21000000072,-1.6041709607023469,0.682342007891072,10.578919005819287,-0.11652900012314046,-0.3980619973629216,0.07750399834084415,52.03567,-0.736247,31.562799997983664,Vw3
5491.310000000721,-7.138699961005737,0.5361000007944914,10.462300003657942,-0.0815000001597541,-0.7243999949406449,0.2317999967992126,52.035767,-0.735573,31.339999999001538,Vw3
5491.410000000721,-1.7252346144330604,0.6463970304982363,10.970121785839725,-0.10367821798169205,-0.022023757311949166,-0.21255643884747283,52.035767,-0.735573,31.201386137614424,Vw3
5491.510000000721,-1.579425999332327,0.48464499881390694,8.384666981132828,-0.12290800013843761,-0.42862200301246006,0.028124001785268304,52.035767,-0.735573,31.071299999062663,Vw3
5491.610000000722,-6.308918034495241,-0.025563003708552356,9.513137008419866,-0.05201799948165453,-0.06699499733247005,-0.1629450014113724,52.035767,-0.735573,30.911599998844913,Vw3
5491.710000000722,-2.9626000114998816,1.0308999984813636,8.688800008956667,-0.10969999780712904,-0.20990000046188284,-0.01830000034676962,52.035767,-0.735573,30.789999998284024,Vw3
5491.8100000007225,-4.555075259035819,0.8206029687769162,9.929097038668347,0.19396336853163754,-0.27386039650193605,-0.06631980232730493,52.035767,-0.735573,30.55237623590612,Vw3
5491.910000000723,-3.644917468963586,1.6138640834796392,10.5195446644165,-0.11403301198067822,-0.5058524288743796,0.20069223496360553,52.035767,-0.735573,30.482718446110486,Vw3
5492.010000000723,-3.645299986085258,1.0087999968493706,8.796600006694282,-0.11039999905788955,-0.44890000125924945,0.03860000068439026,52.035767,-0.735573,30.299999999713645,Vw3
5492.110000000724,-1.7208445405271864,0.5730574225888845,9.722441590859201,0.019897030645995933,-0.6230584171020569,0.13325346603158975,52.035767,-0.735573,30.260396039317328,Vw3
5492.210000000724,-4.70842802198197,0.9915290030911691,9.088991995301365,-0.08374000076718316,-0.603514999844392,0.1849870003712877,52.035767,-0.735573,30.131299999059113,Vw3
5492.310000000724,-3.772500007859601,1.0353000013045577,9.927799999640888,-0.05269999949537992,-0.43250000037703146,0.013500000511071187,52.035767,-0.735573,30.019999998351384,Vw3
5492.410000000725,-4.858143572223662,1.2154980211078035,9.878196039244502,0.01700297080213936,-0.48457920829818935,0.08409405991750762,52.035767,-0.735573,29.792277226072557,Vw3
5492.510000000725,-3.9170159930316,1.163443999605781,9.500212997236844,0.03294600011159875,-0.3695669991543134,-0.04706800096525669,52.035767,-0.735573,29.601899998623132,Vw3
5492.610000000725,-2.990461993279793,1.4145580018443928,9.159304997529443,-0.009371000311268488,-0.3082079995588549,0.02585000054417569,52.035767,-0.735573,29.520799999419545,Vw3
5492.710000000726,-4.069309007974813,0.7572649951640315,10.023536006358952,0.006634000120445731,-0.32779600014801763,-0.009139000261933185,52.035767,-0.735573,29.43089999934698,Vw3
5492.810000000726,-2.5930229890861347,1.3840020046480004,9.95052599939993,-0.06824200055066963,-0.36581800027751427,0.0041620001002538355,52.035767,-0.735573,29.360699999491466,Vw3
5492.9100000007265,-3.3063430053447584,0.936286996667608,9.690121998095153,-0.0029669995154337214,-0.326896999711585,0.044890000297859334,52.035767,-0.735573,29.21149999891027,Vw3
5493.010000000727,-2.479921993881533,1.597574004886346,9.015982995072244,-0.04407800030657717,-0.4339150007882375,0.02015399981547251,52.035767,-0.735573,29.051599998837624,Vw3
5493.110000000727,-4.344184013759245,1.527475999435548,11.012762014720849,-0.013314999770873224,-0.17819399811315922,-0.13909400116818282,52.035767,-0.735573,28.960899999345354,Vw3
5493.210000000728,-1.3574207700011418,0.5029811805991364,9.999479200329116,0.07247326795457228,-0.47309010119509964,0.047694060789779724,52.035767,-0.735573,28.90118811837988,Vw3
5493.310000000728,-2.170681824676876,0.7420494968798419,10.202515153179194,0.11993333367320384,-0.3933747468376742,0.10871616204136758,52.035767,-0.735573,28.909898989972554,Vw3
5493.410000000728,-3.069700003387189,0.6219000042945746,8.937800006834966,-0.08379999996537797,-0.2867000004724465,0.12929999930972325,52.035767,-0.735573,28.88000000007213,Vw3
5493.510000000729,-3.5346504984357727,1.2114049547884562,9.876017828615286,-0.07904752471786264,-0.3515514856208329,0.03454752406238619,52.035767,-0.735573,28.88990099017112,Vw3
5493.610000000729,-4.615628007927923,1.974452005576964,11.107555009002041,-0.0629619998818687,-0.03242999764466603,-0.18132900158310528,52.035767,-0.735573,28.830599999562477,Vw3
5493.710000000729,-3.204265989524102,1.6704479977044322,9.138414985404768,-0.09269800022022283,-0.25858300168959036,0.1432990024071376,52.035767,-0.735573,28.77059999956247,Vw3
5493.81000000073,-3.6668820035176943,0.44316499097212736,10.44311900976967,0.15063900179681317,-0.3174290004168957,0.004633998953015028,52.035767,-0.735573,28.849200000584094,Vw3
5493.91000000073,-3.08189998858308,2.263299983151926,9.356200007154285,0.05179999981199574,-0.11159999983513473,0.006399999260998635,52.035767,-0.735573,28.970000001301567,Vw3
5494.0100000007305,-1.5186326618535033,-0.04363070991281104,10.335803967548383,0.026057425554620994,-0.08902574240943688,-0.09478811955068209,52.035767,-0.735573,29.148217823083392,Vw3
5494.110000000731,-5.55754502993911,0.534230004437319,9.687249995138687,-0.037164000464931624,-0.34620000190066386,-0.008481999355236344,52.035767,-0.735573,29.179700000219306,Vw3
5494.210000000731,-3.4040970426087096,1.1592441222205432,9.703602941346443,0.015194118038641444,-0.1487617632277655,0.002494117721645989,52.035767,-0.735573,29.247941176972617,Vw3
5494.310000000732,-7.029835742146452,1.3876387770920886,9.910474491351662,0.05164081658943116,-0.5629673501100135,0.19185102183469757,52.035767,-0.735573,29.378673470358695,Vw3
5494.410000000732,-2.088599999643352,2.3667999781966294,9.579400004279776,0.06369999927365592,-0.23500000220367864,-0.04539999882567125,52.035767,-0.735573,29.510000001957216,Vw3
5494.510000000732,-2.03988712835632,-0.6112198237776689,10.163954459724163,-0.03550792151822675,-0.5359901012129834,0.1149960407779714,52.035767,-0.735573,29.777326734629952,Vw3
5494.610000000733,-4.4703450179949735,2.0029930195720524,9.40423299433292,0.04270000058627483,-0.6922520011344417,0.24213200092924564,52.035767,-0.735573,29.95820000131912,Vw3
5494.710000000733,-0.5864000173174635,-1.301599975992886,9.438900000028307,0.006399999434605865,-0.09690000151836269,0.04269999955000724,52.035767,-0.735573,30.120000002104806,Vw3
5494.810000000733,-2.948776254957819,1.9733505190796214,9.442761386166946,-0.07072871343722299,-0.3040287143911047,-0.018686139064285318,52.035767,-0.735573,30.40712871497811,Vw3
5494.910000000734,-5.559765019176873,0.715040990431008,9.970767003913155,-0.08476600009832413,-0.3065950000036688,0.05386100054225022,52.035767,-0.735573,30.59810000139415,Vw3
5495.010000000734,-5.611399969364707,2.12070000237484,9.824099993005557,0.0015000003996823994,0.01859999508317979,-0.14739999667391573,52.035767,-0.735573,30.76000000188941,Vw3
5495.1100000007345,-1.4374395732957854,2.444264358812756,8.871129695969161,0.05595544594461934,-0.6513009950205354,0.30576832016095035,52.035767,-0.735573,31.017425744465474,Vw3
5495.210000000735,-0.16650003760632537,0.9155000155234302,9.276499992870274,-0.15579999999632563,-0.11850000345169245,-0.09839999860962272,52.035767,-0.735573,31.140000001249284,Vw3
5495.310000000735,-5.283900001955494,3.027899995476864,8.306300010541735,-0.15529999897926317,-0.5881999960566783,0.09079999855597708,52.035767,-0.735573,31.310000000293947,Vw3
5495.410000000736,-5.54999997682362,2.412399990177685,9.7407999976557,-0.01640000103810716,-0.051600000928104225,-0.10569999988999706,52.035767,-0.735573,31.3500000001457,Vw3
5495.510000000736,-2.4000989867308506,1.0774494951308249,9.422186136270192,-0.15748910994871876,-0.17773861478924047,-0.09074950484052173,52.035767,-0.735573,31.36980198034368,Vw3
5495.610000000736,-3.7421260102179446,2.537319010959582,10.56957800855939,0.044050001509787134,-0.28978100082412284,-0.09129300000515538,52.035767,-0.735573,31.340299999779056,Vw3
5495.710000000737,-3.569900008562388,1.312300005274268,9.137399999525162,-0.06709999880670695,-0.32609999935010753,0.02189999919182841,52.035767,-0.735573,31.360000000437637,Vw3
5495.810000000737,-4.7321772362933245,2.0282405993387025,9.072944553980156,0.09488019921423278,-0.23788217756730964,-0.08780297110597184,52.035767,-0.735573,31.419405941032117,Vw3
5495.910000000737,-1.992292979505439,1.0946029929924865,9.90657300621407,-0.037942001001389364,-0.45638400163407866,0.03178100089889074,52.035767,-0.735573,31.42,Vw3
5496.010000000738,-1.6614609977428183,0.6999899971315136,10.812435006684533,0.07633200086128333,-0.14645299767497744,-0.12351900116582959,52.035767,-0.735573,31.439800000147482,Vw3
5496.110000000738,-3.6435000115865592,2.089600007826009,8.204999991540774,-0.07819999792705447,-0.4164999983811282,0.052799998776706214,52.035767,-0.735573,31.44000000095056,Vw3
5496.210000000739,-5.21241090267256,3.1493029781209394,7.059554446988587,0.2024930713793202,-0.1972920775894833,-0.1128435655794013,52.035767,-0.735573,31.56871287223743,Vw3
5496.310000000739,-3.7611179890463866,1.7073719891543109,9.079085015164894,0.12916899943154747,-0.12619599948550983,-0.11964800003843892,52.035767,-0.735573,31.520499999630395,Vw3
5496.410000000739,-6.714716022164746,4.790113023127947,8.161772992997378,0.061574999501027114,-0.2187580006963444,-0.06277499957494902,52.035767,-0.735573,31.56950000036961,Vw3
5496.51000000074,-1.616600030690289,-1.1869999617969191,10.93609998032486,0.1429999994589794,-0.024400003727111992,-0.22339999739373037,52.035767,-0.735573,31.57000000117136,Vw3
5496.61000000074,-5.767194090125383,3.9796337016057066,8.27520889119726,0.06983168262678233,-0.5284594096712465,0.1290752501334978,52.035767,-0.735573,31.72841584275663,Vw3
5496.71000000074,-3.6348168154354235,1.8546722609594646,10.103134667326259,0.07850990106042924,-0.30452574086288886,-0.039522773563684555,52.035767,-0.735573,31.88683168434049,Vw3
5496.810000000741,-1.4211403876337694,1.5441202000044592,9.617636359681974,0.04583535328684755,-0.7754474783433264,0.2918828308150444,52.035767,-0.735573,32.15727272929371,Vw3
5496.910000000741,-3.6381820167608,2.0418450037459475,8.60249999244141,0.10460300044239974,-0.5401259982022415,0.04888899815555617,52.035767,-0.735573,32.288700000963345,Vw3
5497.0100000007415,-1.4788399836675206,3.8432550134461363,8.445482998901042,0.041146999520548344,-0.4318689992078303,-0.03210700058764321,52.035767,-0.735573,32.37910000066694,Vw3
5497.110000000742,-3.6259890162566144,-2.003459043953178,9.231248005899895,0.013967999801160487,-0.3528869994160944,-0.0066649998033863,52.035767,-0.735573,32.57800000148387,Vw3
5497.210000000742,2.779378048168721,-4.45434201792397,10.28889700786687,0.11705600077459329,-0.3765530001832611,0.01854800018697079,52.035767,-0.735573,32.79780000163228,Vw3
5497.310000000743,2.1576359948476065,-1.698777979142314,10.488392001417353,-0.06910900140472555,-0.3733349999740003,-0.06832000065370622,52.035767,-0.735573,32.96830000126284,Vw3
5497.410000000743,2.8274000241322677,-7.8424999629890655,8.347599993724883,0.24429999903774094,-0.0427000007720364,-0.28979999838533677,52.035767,-0.735573,33.18000000222917,Vw3
5497.510000000743,6.075099972327374,-2.8616000077454515,7.503100023618918,0.1148000008762189,-0.14659999896781267,-0.07250000194960544,52.035767,-0.735573,33.480000002942795,Vw3
5497.610000000744,2.350941556459632,-3.903976245376535,10.681713885027383,0.23272079295625508,-0.0076891078777280575,-0.33487623957521073,52.035767,-0.735573,33.876039606905984,Vw3
5497.710000000744,3.6078280097225166,-6.423951018853739,10.145437995732268,0.20726899979992677,-0.3043890022394812,-0.2012759989765772,52.035767,-0.735573,34.1770000022313,Vw3
5497.810000000744,3.9141380022057035,-5.395147992070786,7.27850097847838,0.13769999947873313,-0.11791399857470741,-0.14693499960160317,52.035767,-0.735573,34.477000002234,Vw3
5497.910000000745,3.990954000555528,1.0564400484486258,10.114462021549436,0.25025600085190947,0.07299100142158661,-0.22609500059946425,52.035767,-0.735573,34.65820000134041,Vw3
5498.010000000745,4.7875610059864515,-4.70049204379291,8.515839987757525,-0.11450400275232281,-0.34387000314997984,-0.09008199897085767,52.035767,-0.735573,34.947100002159566,Vw3
5498.1100000007455,2.8855929856155926,0.6642170408449157,8.955592003435617,-0.03395099936551442,0.02661500282200696,-0.14394200041603167,52.035767,-0.735573,35.28660000253496,Vw3
5498.210000000746,3.771160006814652,-5.604031047619805,9.515887004184972,0.056000000671027,-0.5577590044295238,0.1308190020734735,52.035767,-0.735573,35.51770000171485,Vw3
5498.310000000746,4.061361002119273,-3.4431719832249676,10.073326004160913,0.06521600006270482,-0.03989099605034263,-0.10875200182739764,52.035767,-0.735573,35.866500002612696,Vw3
5498.410000000747,3.588009996409359,-4.139242005418061,9.683790997020738,0.08222900012765066,-0.5720710040527217,0.2992540030949685,52.035767,-0.735573,36.15710000216483,Vw3
5498.510000000747,4.2524400050463065,0.8544850377091979,10.006401002462688,0.029335999599878648,-0.23505899741787362,-0.039932002588844884,52.035767,-0.735573,36.50650000261273,Vw3
5498.610000000747,0.6107529724562348,1.7838230066346294,10.34917100256282,-0.05594400063977053,-0.011522998338539925,-0.014293999780265732,52.035767,-0.735573,36.87630000276537,Vw3
5498.710000000748,0.4749989992533428,1.3694749968048456,10.08104299794987,-0.01106199965469909,0.3083910023984212,-0.2964470021323452,52.035767,-0.735573,37.33540000343807,Vw3
5498.810000000748,1.1293800049537785,1.5707240015534811,9.438066995160712,-0.018520000059864393,-0.3505120050046636,0.2711380043117332,52.035767,-0.735573,37.666700002469405,Vw3
5498.910000000748,1.6971320042414442,0.07176198865406236,10.237757006093522,0.04515600048191425,-0.14197399837316527,0.005441997948122834,52.035767,-0.735573,37.95710000217011,Vw3
5499.010000000749,-1.2740000042005724,2.876099998208754,10.015499997840426,-0.1488000002171432,0.26419999820208384,-0.22779999697333492,52.035767,-0.735573,38.390000002816194,Vw3
5499.110000000749,-1.8351881230163953,2.6367930675140037,9.72698514635325,-0.177809901207446,0.024001978398416557,0.17655643867306953,52.035767,-0.735573,38.766237626581216,Vw3
5499.2100000007495,1.6646999821681696,-0.12419997868891466,9.439099999427915,-0.06839999962380418,0.19500000087556424,0.13529999732878706,52.035767,-0.735573,39.21000000230021,Vw3
5499.31000000075,-0.7147059584426023,2.7194633876676924,9.362763365764012,-0.018201979821471398,0.3118316840447017,-0.22113564623807289,52.035767,-0.735573,39.51693069537168,Vw3
5499.41000000075,1.85124101962273,-0.7886770267970027,10.53851600891458,0.0625890006083579,-0.049934002749987716,-0.0434309986265064,52.035767,-0.735573,39.945700003225575,Vw3
5499.510000000751,1.8699749999437398,-0.890631000501839,10.782852001761311,0.07112200005851038,0.15756700160003378,0.12283900124597097,52.035767,-0.735573,40.375700003225575,Vw3
5499.610000000751,0.1726000144603048,0.7110999907924431,8.448100001634138,-0.08969999843354756,-0.1941999976265196,0.28979999808693463,52.035767,-0.735573,40.76000000290084,Vw3
5499.710000000751,2.097451499605006,-0.5145435735615643,8.665624754108954,0.11881485305118789,0.12174059643226046,0.03514653274090451,52.035767,-0.735573,41.146138616761455,Vw3
5499.810000000752,-0.2650000073471529,-0.16079997627275297,9.57980001224826,-0.11409999873265368,0.1237000017729326,-0.02870000101042133,52.035767,-0.735573,41.56000000270448,Vw3
5499.910000000752,-1.2429999983162219,2.9975999951862264,11.210199989481787,0.05460000025543384,0.35969999781801415,-0.1631999964998862,52.035767,-0.735573,41.920000002532,Vw3
5500.010000000752,-1.0191386121780515,2.357599995187494,9.811784147900397,0.08856039629497053,0.06960098791759872,0.30214653815265735,52.035767,-0.735573,42.25663366589767,Vw3
5500.110000000753,2.0599210233979006,-2.3419940356897233,10.03104400177372,0.07810899991793908,0.47933200313788893,-0.39817900536106204,52.035767,-0.735573,42.616400002710265,Vw3
5500.210000000753,-2.741685036750936,5.659597061209901,9.691057997396605,0.12868800038546513,-0.24533800554256652,0.22533000479572785,52.035767,-0.735573,43.15460000406545,Vw3
5500.3100000007535,-1.7521879920945451,3.651999984095623,10.238238004192423,0.2425550008630574,0.10271000270600533,-0.13677800280550187,52.03582937000047,-0.7363105500056155,43.625300003542684,Vw3
5500.410000000754,-3.189179011020886,1.8736499866205645,6.989867975225054,-0.01558100197412629,0.05076099957713446,-0.03179799917235944,52.03583,-0.736318,43.89730000203518,Vw3
5500.510000000754,-0.8388879819939179,1.0826109941122946,9.685143020771669,0.17900800150151186,0.027132999824371354,0.042659000558544324,52.03583,-0.736318,44.20690000233669,Vw3
5500.610000000755,-1.7427290070720258,2.07064100759124,10.683395007399552,-0.20628800295227462,0.18747800122407704,0.07409000023394813,52.03583,-0.736318,44.53670000249041,Vw3
5500.710000000755,-1.0708809948070435,2.3745320022398917,9.85813499363427,0.0017590016157709998,0.2438470004173383,0.05489699985132794,52.03583,-0.736318,44.91620000286779,Vw3
5500.810000000755,-3.8539190212930254,3.039909005055592,9.854254000034757,0.05874600041859183,-0.159322003081259,0.10776400040499137,52.03583,-0.736318,45.375400003475676,Vw3
5500.910000000756,-1.8524000411007635,2.378000006971977,10.439499984952295,0.07469999861787692,-0.062000001418041815,0.05740000093388717,52.03583,-0.736318,45.80000000142178,Vw3
5501.010000000756,-7.290518852971179,3.300475254494901,8.448509885946336,-0.10817128851047365,-0.24962376379390774,0.18096435736928596,52.03583,-0.736318,45.9881188133026,Vw3
5501.110000000756,5.185332095747479,-2.5701080449294778,10.383355014936903,0.05592400126787793,-0.6455200030108318,0.5056330024714542,52.03583,-0.736318,46.33650000264772,Vw3
5501.210000000757,-4.05161907155048,3.7627320488456597,11.58189300900764,-0.3601800031924279,0.25298400689624945,-0.013226003989778246,52.03583,-0.736318,46.62710000219385,Vw3
5501.310000000757,1.9555999375250837,-1.0677999749375102,11.26970000727031,-0.3444999998007108,-0.3544999947390648,0.4332999963004133,52.03583,-0.736318,46.92000000172318,Vw3
5501.4100000007575,-6.300637686295282,2.2442792330065453,12.230492086484979,-0.3181633661371595,0.34074753001829367,-0.05561089479212966,52.03583,-0.736318,47.147722774002006,Vw3
5501.510000000758,-2.597241971035165,-0.2018570189677935,7.12962096090179,0.19521700392565072,0.050006997722471136,-0.031096999775049525,52.03583,-0.736318,47.23910000068167,Vw3
5501.610000000758,0.970548027035246,3.3079940270761954,13.06156004583222,-0.13877400259796804,0.20698400122542798,-0.14653100088646367,52.03583,-0.736318,47.606300002805746,Vw3
5501.710000000759,-0.7831260137058482,1.4744809856821885,9.150614969580054,-0.17724600026844475,0.12098499932888813,0.04455800147265451,52.03583,-0.736318,47.88720000212329,Vw3
5501.810000000759,0.9065500130965259,4.7020080248963065,12.247315024055851,0.22137000305965213,0.4575910025881772,-0.2638650023801512,52.03583,-0.736318,48.048400001214745,Vw3
5501.910000000759,0.6762000018948107,-1.6275999937681782,8.4364000034069,-0.23369999850746065,-0.24039999402833884,0.35339999538854217,52.03583,-0.736318,48.14000000015038,Vw3
5502.01000000076,0.9257049523893659,-0.8070059343638634,8.88501386479215,-0.03716534504250349,0.5459366396334697,-0.25382772738253206,52.03583,-0.736318,48.15980198034836,Vw3
5502.11000000076,7.684950051878762,0.5052280100124111,9.461720004393541,-0.111529000586059,-0.551040008483033,0.28618400419286827,52.03583,-0.736318,48.249100000684116,Vw3
5502.21000000076,-5.603583102555467,-3.7879020330644613,10.285834006283297,0.07797800146098423,0.19980300585077826,-0.05014700262475469,52.03583,-0.736318,48.26980000015203,Vw3
5502.310000000761,0.33505104668891317,-1.2589839802251919,10.182724999143831,0.12524200034855537,-0.6286540064277258,0.4861480041491786,52.03583,-0.736318,48.31950000038052,Vw3
5502.410000000761,0.32878299948020495,1.9297530243131678,12.515030017937878,0.3200370014939352,-0.2390209969398301,0.004717996257171009,52.03583,-0.736318,48.21109999916285,Vw3
5502.5100000007615,-2.596162022479806,-2.2622340324708303,8.843622971595444,-0.07637600306245296,-0.3554830009261942,0.19968100153655383,52.03583,-0.736318,48.269400000456635,Vw3
5502.610000000762,0.545300018687928,-0.027400012445790243,12.385799962005363,0.24549999584436022,-0.34270000042182724,0.26090000145488895,52.03583,-0.736318,48.289999999019,Vw3
5502.710000000762,2.9972802167028725,-1.6603703094722582,7.400651447163754,-0.2997475289070349,-0.39804653507518295,0.4517910905634217,52.03583,-0.736318,48.16128712773213,Vw3
5502.810000000763,2.1587179933494136,-2.668383007641537,9.233582014508011,-0.1428399987489147,-0.22594399866957762,0.1731339978380636,52.03583,-0.736318,48.14019999984743,Vw3
5502.910000000763,-1.1805580256643369,1.1916090298211932,13.074990029454256,-0.15248600008696672,-0.7063300037151573,0.46363700226037186,52.03583,-0.736318,48.21920000061029,Vw3
5503.010000000763,7.385336066265589,-2.106986025719263,8.287745962813336,-0.2692220008986561,-0.26579899656786604,0.36809499924094835,52.03583,-0.736318,48.33880000091544,Vw3
5503.110000000764,3.2274759672527544,1.3400410268532617,11.953282028654986,0.06402200258000279,-0.5901780025372318,0.507779001085312,52.03583,-0.736318,48.53800000152753,Vw3
5503.210000000764,0.66702998057719,-0.9415980178738734,7.656282966559619,-0.28117900268925344,-0.5901339999740316,0.17972799745815526,52.03583,-0.736318,48.619200000611016,Vw3
5503.310000000764,0.02007799519936493,0.26359000948962763,11.85168003274342,0.022893002375847904,-0.9865950030625269,0.3603420014207678,52.03583,-0.736318,48.659600000305865,Vw3
5503.410000000765,10.221999901810722,-2.9898999615535455,10.776499997316087,0.07959999991290913,-0.8418999962172269,1.0520999951842536,52.03583,-0.736318,48.79000000128743,Vw3
5503.510000000765,-2.6151288110351327,2.0365356820008533,10.425608908207872,0.0682138612990703,-0.34734554077266205,0.4224960347894612,52.03583,-0.736318,48.95831683297027,Vw3
5503.6100000007655,0.6273510260674158,2.2529220012846523,11.18974600593635,-0.08287500116751767,-0.6384100022891002,0.11721999768793218,52.03583,-0.736318,49.257000002296756,Vw3
5503.710000000766,-3.7557820341592936,-0.3855320204168726,8.792789981403711,0.04232000097996089,0.00695100501387802,-0.06657400139797545,52.03583,-0.736318,49.86390000467012,Vw3
5503.810000000766,1.649847042197841,0.906381010208945,10.320127012013275,0.04508500001149742,-0.09757800086000723,0.11930400145327423,52.03583,-0.736318,50.09770000176294,Vw3
5503.910000000767,2.7866730083755886,-0.047530007488743475,10.01721799753339,0.020448999809140517,0.07752000136437702,-0.25232700289201937,52.03583,-0.736318,50.258400001226406,Vw3
5504.010000000767,-0.3115940240728228,0.6664890056039103,9.331889994718788,0.06752200036638889,-0.33056000317332634,0.29711200428322404,52.03583,-0.736318,50.764900003909176,Vw3
5504.110000000767,1.0929950111312,2.624001015117098,9.383806000455838,0.2226380011986856,-0.4286510007282667,0.5302020017634952,52.03583,-0.736318,51.027400001995254,Vw3
5504.210000000768,-0.001300008595030544,-1.5873620327977154,4.536468962420531,-0.06359300223087089,-0.22843199844061587,-0.08516100478789246,52.03583,-0.736318,51.42600000306965,Vw3
5504.310000000768,0.3173999826695894,-1.2007999805916596,11.392600009057071,0.38269999885932626,0.3166999979189997,-0.7626999929686601,52.03583,-0.736318,51.69000000222608,Vw3
5504.410000000768,-1.940299971468773,1.327599990615649,12.572499978248516,0.23409999869959816,0.04560000208870861,0.15329999860144028,52.03583,-0.736318,51.98000000372848,Vw3
5504.510000000769,1.772175276048625,0.10651088170717715,9.742202948551153,0.0648920779078542,0.31738218030599197,-0.02868019941800118,52.03583,-0.736318,52.465148518579,Vw3
5504.610000000769,-2.53729503377275,0.8610550059576347,9.468973998096942,0.040924999826924754,0.30455699987923196,-0.4340240031353543,52.03583,-0.736318,52.67790000161537,Vw3
5504.7100000007695,3.780299959525564,-0.25619999141282834,8.378000019464357,-0.1373999982935358,0.26630000034891094,-0.40209999798271556,52.03583,-0.736318,53.15000000167599,Vw3
5504.81000000077,-1.479997070214354,0.8598396125554066,10.907702989779155,0.08438217992584371,0.31164653500269485,-0.13992178015909185,52.03583,-0.736318,53.36782178385574,Vw3
5504.91000000077,3.160693036510119,-0.2598770087973312,8.654613982275954,0.297272001638862,0.1276629985652256,-0.1028479997319906,52.03583,-0.736318,53.66700000231043,Vw3
5505.010000000771,-2.603101045206561,0.658508007233173,9.44181600630284,0.035267997945261365,0.34231300168430034,-0.34257500186759415,52.03583,-0.736318,54.0858000032346,Vw3
5505.110000000771,3.8056720503706534,-0.3210110077019418,9.557415000836581,0.05408300016731618,-0.23771900453449984,0.19801500422916718,52.03583,-0.736318,54.54540000354679,Vw3
5505.210000000771,-2.7601376753951796,1.9295326908687769,10.322564362384966,0.049202970257342105,0.3349128757916713,-0.2916960434597633,52.03583,-0.736318,54.88326732932763,Vw3
5505.310000000772,-1.051300010187461,1.7845000005730398,9.82319999847755,0.03710000013728277,-0.4989999968209013,0.04070000095326686,52.03583,-0.736318,55.18000000269938,Vw3
5505.410000000772,-2.3722000040831874,1.858799999674148,9.625800003703285,0.0548999998494286,-0.08680000431869649,0.16430000147559967,52.03583,-0.736318,55.53000000378359,Vw3
5505.510000000772,-2.900999930261749,1.8165999673095798,10.1053999944253,0.03540000016578751,-0.6460999897075481,0.35539999444346887,52.03583,-0.736318,56.02000000242247,Vw3
5505.610000000773,6.130568697234327,-2.4170274836919514,9.38343921010797,0.05687058840118883,0.6868411867696959,-0.36420784869737927,52.03583,-0.736318,56.33372549262011,Vw3
5505.710000000773,-5.100949584950411,1.581435385736642,10.580240413592744,0.051459595913536126,0.4879020184228615,-0.43997373785775595,52.03583,-0.736318,56.71616161912818,Vw3
5505.8100000007735,2.955644063879422,-1.3591760233090717,8.525479983843665,-0.0011690004108723048,0.15464299741328413,0.045490003799214696,52.03583,-0.736318,57.05660000263082,Vw3
5505.910000000774,-6.304925073025478,1.4683350223351566,10.280561013880838,0.15897700125584477,0.7592590047517823,-0.5658750048167799,52.03583,-0.736318,57.45600000309512,Vw3
5506.010000000774,3.9618420809822563,-2.3086570297464206,9.344040992539988,0.04704699911247445,-0.0715460065415352,-0.26044799756414083,52.03583,-0.736318,57.826300002862986,Vw3
5506.110000000775,-0.9542850392879112,-1.266118991541266,11.049674013422111,0.07411500022078388,0.26610400270828233,-0.05682499843127242,52.03583,-0.736318,58.127000002324046,Vw3
5506.210000000775,2.7552180294242525,-0.9228569973993677,10.233914993480989,0.07133099997598463,0.15297799908741588,0.22309300217455313,52.03583,-0.736318,58.49630000286635,Vw3
5506.310000000775,0.2496919800735471,-0.035132993071656404,9.648428995479087,-0.05126200096018016,0.028247999032063917,-0.29919600411372826,52.03583,-0.736318,58.80690000240433,Vw3
5506.410000000776,0.3560660010346489,0.32713100276811247,10.180566004214604,0.012246000507241665,0.0717480003505707,0.05180100279138039,52.03583,-0.736318,59.16640000279216,Vw3
5506.510000000776,-2.2032999787131513,-1.4912999904960784,9.410100002907326,-0.007399999804898079,0.14819999857821395,-0.16299999899683815,52.03583,-0.736318,59.6400000013058,Vw3
5506.610000000776,0.5405614074447347,-0.2662504855369787,9.784852478157484,0.017748515046763707,-0.03506732815574656,-0.03369306830286062,52.03583,-0.736318,59.80831683299015,Vw3
5506.710000000777,-1.984022020016833,1.0011220098445732,9.645742998879498,-0.06654600066313816,0.11259000117252767,-0.03487500001941271,52.03583,-0.736318,60.166400002795434,Vw3
5506.810000000777,1.8022000009112866,-0.6770999982835512,9.09500000619675,-0.09289999920791116,-0.26089999967624333,0.21629999923328874,52.03583,-0.736318,60.56000000269157,Vw3
5506.9100000007775,1.919526733585378,-0.456109899272098,9.892821788380571,0.009080198812607104,-0.21921683135911885,0.1175871279454667,52.03583,-0.736318,60.906534656159344,Vw3
5507.010000000778,-1.8095210292923283,-1.8047550106078671,8.629738990018732,0.12345500089014347,-0.08495199894893102,0.17560400046334107,52.03583,-0.736318,61.11790000163258,Vw3
5507.110000000778,0.6697760197879639,-0.6453489907777068,10.855290017597778,0.05500299945284225,-0.2619980014025295,-0.03041300162435026,52.03583,-0.736318,61.40710000225712,Vw3
5507.210000000779,1.2763300045687815,1.1757250142239328,10.139260994192899,0.08924700027474956,-0.1853919993835647,0.03828500055650408,52.03583,-0.736318,61.707000002334986,Vw3
5507.310000000779,2.1194851551033786,-0.5484000137108003,10.579946538179893,0.18997227801754385,-0.3936762392689658,0.29228317030989576,52.03583,-0.736318,61.86683168440241,Vw3
5507.410000000779,-2.830730039485479,-1.8526020100877472,9.040109987687323,-0.028598001753611796,-0.03490799711444781,-0.0031660023893057554,52.03583,-0.736318,62.21300000272663,Vw3
5507.51000000078,1.7187424612230204,0.4148979980336496,9.851497986500974,0.16012828436471357,-0.3148676790526453,0.20283535522212146,52.03583,-0.736318,62.42787878953171,Vw3
5507.61000000078,-1.1375690228822064,-1.178073012737301,8.434697988767583,-0.1936070028030332,-0.10593999833050621,0.16777599970666837,52.03583,-0.736318,62.54880000093616,Vw3
5507.71000000078,1.2900820193616722,-2.363887009215869,9.72551601028545,0.00891800162426476,-0.15042900036744894,0.13740299976361564,52.03583,-0.736318,62.65890000085816,Vw3
5507.810000000781,0.24203699153579628,-2.3644139999109606,9.743551000038272,-0.007117000142931561,-0.09506399955948963,0.0638399994220254,52.03583,-0.736318,62.81840000124968,Vw3
5507.910000000781,1.6036999854655143,-0.47009998950695137,9.165100024586907,0.2247999964101289,0.08609999727341673,0.057900000510160136,52.03583,-0.736318,62.91000000156251,Vw3
5508.0100000007815,-0.2566999980723863,0.8729999785796636,12.312199956798867,-0.2346999970057012,-0.26289999881651327,0.12319999921564997,52.03583,-0.736318,63.110000000154706,Vw3
5508.110000000782,-0.009967324803326572,-1.868782199657416,6.782496986462997,0.1485673297296641,-0.11141485030059778,0.022803959610984414,52.03583,-0.736318,63.129801980352866,Vw3
5508.210000000782,-1.0720000010338524,-1.460200021511873,7.624100000013166,-0.3501999994850099,0.01979999958955675,0.069100000226131,52.03583,-0.736318,63.08000000038721,Vw3
5508.310000000783,-1.2041782188565628,-4.210497051234162,7.625783168330009,-0.2843584153261316,-0.03267524793556431,0.09801089131544297,52.03583,-0.736318,63.12950495088261,Vw3
5508.410000000783,-0.6240999826382206,-1.0215999943254204,13.608699962130187,-0.08470000221897077,-0.028900001017997418,0.11550000059312113,52.03583,-0.736318,63.14999999961234,Vw3
5508.510000000783,1.5930287302286743,-0.29694652898032137,8.772660358179369,-0.36806633885207274,-0.15890000101773988,0.1912425748503968,52.03583,-0.736318,63.10049504911739,Vw3
5508.610000000784,-0.4379610162547152,1.2338110120615173,8.800134000600373,-0.001233997073383175,-0.21474900043186015,0.2711010006262364,52.03583,-0.736318,63.09009999992163,Vw3
5508.710000000784,-0.7348000251543712,-0.22619998617958423,9.96270000959766,0.029499998028509732,-0.2777999996295289,0.08210000009223346,52.03583,-0.736318,63.00999999938511,Vw3
5508.810000000784,-3.9433294369350986,1.5366431510841203,11.186915695878282,-0.22197059020804008,-0.23054509766850867,0.09386470597464515,52.03583,-0.736318,62.9315686268357,Vw3
5508.910000000785,4.9972152236164415,-2.9576798342484123,6.916426228236153,0.16707879103420012,-0.16515757524158145,0.017481817568331864,52.03583,-0.736318,62.880505050108745,Vw3
5509.010000000785,-2.242543058112073,-0.9761819839279013,12.118907041583281,0.33514300130023766,0.3716840042499018,-0.20288200174045093,52.03583,-0.736318,62.68199999843061,Vw3
5509.1100000007855,-2.386967647616923,-0.1771911702960839,11.700485290378765,-0.22138529854472278,-0.4613911831208243,0.22089117984920675,52.03583,-0.736318,62.54411764598111,Vw3
5509.210000000786,-1.6874336677866193,-1.3889642957194532,9.338206103432668,-0.2192959182134336,-0.10721326223186417,0.12611020320945715,52.03583,-0.736318,62.34204081472327,Vw3
5509.310000000786,-1.1862676431368127,-1.8267205916101192,10.684567657941653,0.03451470789615016,-0.46824117936836007,0.12082647055509588,52.03583,-0.736318,62.1361764689698,Vw3
5509.410000000787,3.3152469751539466,-1.465358160230827,9.872203054300806,0.0033010200927572064,-0.2719377534206777,0.2778795931111999,52.03676040817081,-0.7375542551120647,61.833061222082115,Vw3
5509.510000000787,-3.9026250577103787,-1.3094359987919164,9.387110996216087,0.05022200037595314,-0.3222700004168518,0.19554799933303713,52.03677,-0.737567,61.69139999889888,Vw3
5509.610000000787,1.5340430438250579,-3.875267020419987,8.949273996555855,-0.035826000688199154,-0.6149490023236563,0.29330400078426355,52.03677,-0.737567,61.45239999811021,Vw3
5509.710000000788,-7.014984068439598,0.539445035319829,10.513852012479068,0.049133000682695153,-0.31654399760308644,0.18846899915824555,52.03677,-0.737567,61.271799998582644,Vw3
5509.810000000788,4.420017091747364,-1.2346270144838531,9.535343992082087,-0.09929200118879065,-0.9548220051067546,0.548156002872648,52.03677,-0.737567,61.06209999834452,Vw3
5509.910000000788,-7.134499895368843,3.5525999603103005,9.638999987904231,-0.1720000004442323,0.24819999229971268,-0.22389999468873012,52.03677,-0.737567,60.98999999828241,Vw3
5510.010000000789,6.13460901549596,-1.480766376313392,8.10503959186767,-0.22833663410748706,-0.7283346611636992,0.449664361745579,52.03677,-0.737567,60.77217821610462,Vw3
5510.110000000789,2.3525000164753327,-0.7450000247195774,12.115399969604958,-0.23250000095429535,0.7669999931365036,-0.3213999968027623,52.03677,-0.737567,60.629999999071245,Vw3
5510.2100000007895,4.4394608007808705,-3.876274534511214,8.26520389118869,-0.35338235389499756,-0.10241177156596781,0.08360000319564875,52.03677,-0.737567,60.51235294024818,Vw3
5510.31000000079,2.10168078889558,-1.042554522102329,11.65393538147836,0.1612242465928273,0.5271979850144974,-0.25516060885722136,52.03677,-0.737567,60.519898989978806,Vw3
5510.41000000079,-1.353544027383467,2.580205028678523,11.109753995374456,-0.061299001818136994,0.21066399742094782,-0.2113779996223079,52.03677,-0.737567,60.51009999992098,Vw3
5510.510000000791,-1.210299995668877,0.38839999112514983,11.619799994929108,-0.08730000062674827,-0.11230000220428865,0.010300001877083378,52.03677,-0.737567,60.40000000007903,Vw3
5510.610000000791,-0.6622999534390736,-0.7345000297656334,10.978199985645745,-0.16659999984095666,-0.39120000009020367,0.24780000035290212,52.03677,-0.737567,60.41000000071213,Vw3
5510.710000000791,5.222099966243735,-4.496299957629181,9.16410000188649,-0.14650000011046307,-0.4026000010529247,0.29240000010262884,52.03677,-0.737567,60.50000000125348,Vw3
5510.810000000792,0.9559613523523849,0.8585515275569442,9.402515843472322,-0.16046039615016508,-0.5356693079845525,0.30537029713242286,52.03677,-0.737567,60.65841584283875,Vw3
5510.910000000792,0.9946999810302765,-1.2070999739697683,8.31410003037148,-0.33769999486579794,-0.6372999877464652,0.5497999907527891,52.03677,-0.737567,60.71999999984313,Vw3
5511.010000000792,-1.3999534843115145,2.0788406200831275,12.14806042640349,0.31041881701410623,0.9095316954187873,-0.6175267419181655,52.03677,-0.737567,60.70019801964516,Vw3
5511.110000000793,6.160094060738614,-2.674851038334481,10.800399988899818,-0.3160070050688191,0.3168429951293983,-0.32130999753417366,52.03677,-0.737567,60.70990000007929,Vw3
5511.210000000793,-3.463320077686313,-1.4365959896957408,7.552465974099805,-0.07044499798212223,0.8471810042966129,-0.487985001359788,52.03677,-0.737567,60.878300001347895,Vw3
5511.3100000007935,5.0065560686968675,-2.8026700110573515,9.870357018846711,-0.11561800038260181,0.026246993374321015,0.07450100452375052,52.03677,-0.737567,61.048300001349425,Vw3
5511.410000000794,-6.302799900598882,-1.2961000095970459,8.56390000330488,-0.12539999924846204,0.6276999947054307,-0.46199999597659896,52.03677,-0.737567,61.15000000007861,Vw3
5511.510000000794,6.216408020168397,-2.5048128808817802,8.980137627066432,-0.030746533902114875,-0.03913168846156512,0.04473267728972391,52.03677,-0.737567,61.1599009901776,Vw3
5511.610000000795,-5.045083091402766,1.2929170305820237,11.55473602063331,0.0178190003822455,0.2207080021393033,-0.2247270022036731,52.03677,-0.737567,61.12039999968212,Vw3
5511.710000000795,0.7283210472678592,-1.2507180207273207,10.871562994307576,-0.12851700117853757,-0.8434240085636684,0.4380770053427565,52.03677,-0.737567,61.11009999992053,Vw3
5511.810000000795,7.786308056242461,-4.779618028149874,7.584826973644203,0.20165000266525557,0.5517980112990925,-0.2832460058508327,52.03677,-0.737567,61.07039999968176,Vw3
5511.910000000796,7.9133310004527,-2.97686698522795,10.8492910265009,0.11005899923701215,-0.4573630082241976,0.08639200302967442,52.03677,-0.737567,60.92149999880659,Vw3
5512.010000000796,-2.944519087263057,1.8857700389290888,10.164552994229457,0.04890799951627048,0.6747600091813135,-0.40133500395019256,52.03677,-0.737567,60.90019999984088,Vw3
5512.110000000796,-0.020839975594989735,-0.23696401747220341,8.889505989799916,-0.10020000119476224,0.03577099476614476,-0.17572899814493248,52.03677,-0.737567,60.73169999864594,Vw3
5512.210000000797,4.950989039754973,-4.0074360301593295,9.797004007404425,0.0016560008315640307,0.48242200364645604,-0.3091290010920252,52.03677,-0.737567,60.77950000039826,Vw3
5512.310000000797,0.6117349646464874,-0.7260279732641801,8.471680989250013,-0.026604000236035628,0.6149080010302637,-0.3485160003062084,52.03677,-0.737567,60.641399998883614,Vw3
5512.4100000007975,2.484238015439777,-2.632504015626375,10.632240017511492,0.1458550013915097,0.2723729972305368,-0.3237539997974536,52.03677,-0.737567,60.46179999856463,Vw3
5512.510000000798,-3.9747999579863875,1.546499973073381,9.918799990410314,0.07170000000236919,0.6627999935866062,-0.32349999686714287,52.03677,-0.737567,60.439999999131295,Vw3
5512.610000000798,1.2925267747238767,-1.8293416111087462,8.716522762679096,0.07199702970534157,-0.14125941235963546,0.06927228036333866,52.03677,-0.737567,60.331089108041425,Vw3
5512.710000000799,2.9546430129785524,-3.073177009758064,10.293549012814095,0.09071100015088554,0.2606590033059104,-0.31557300313506653,52.03677,-0.737567,60.23099999920166,Vw3
5512.810000000799,4.133899940350916,-2.6062999637045463,9.588200018492838,0.2029000004814937,-0.020399996843804852,0.08809999554559031,52.03677,-0.737567,60.0999999993675,Vw3
5512.910000000799,-3.33590203989957,1.9389475610798543,11.904041602667519,0.2631970301848875,0.3748475279114466,-0.46972178663654557,52.03677,-0.737567,60.020792078574864,Vw3
5513.0100000008,3.5841460564699097,-2.9156050395586695,7.903938967519451,-0.019241002285043607,-0.4033000063140415,0.2604680059399945,52.03677,-0.737567,60.02,Vw3
5513.1100000008,-0.23847403146654766,0.7748230302271213,12.074463034035817,0.28282000246445016,0.11706400426957986,-0.12057600313977351,52.03677,-0.737567,59.901199999039825,Vw3
5513.2100000008,-3.4996560260402525,2.1134600105140398,11.770598997200256,-0.12425700331504325,0.04240799935347456,-0.05698199945429412,52.03677,-0.737567,59.91980000016003,Vw3
5513.310000000801,-0.7251000359874626,-1.5452999716555345,11.776599994630487,0.3031999990340266,0.73319999844842,-0.33300000227903165,52.03677,-0.737567,59.85999999976227,Vw3
5513.410000000801,-5.2215356795834005,1.996185176884192,11.105708905516865,0.18250692972624816,0.5393386123084445,-0.6177524775285566,52.03677,-0.737567,59.83029702946503,Vw3
5513.5100000008015,6.238999930460526,-5.8877999387746405,6.681500022314036,0.21249999960809424,0.5603000008171315,-0.33070000126774374,52.03677,-0.737567,59.889999999048,Vw3
5513.610000000802,-2.439712940887561,1.7532891701899196,9.46635150748211,0.16358910851864178,0.6622801988376498,-0.48891782305103326,52.03677,-0.737567,59.771188117859055,Vw3
5513.710000000802,3.8385139129349137,-3.4985584589939176,7.622217806621427,0.1043861381383514,-0.1994703040170801,0.08713069774740428,52.03677,-0.737567,59.77,Vw3
5513.810000000803,2.692011100664847,-0.9836605845752509,10.25425658752957,0.21317777867877916,0.22231818541651052,-0.21559192176759912,52.03677,-0.737567,59.80959595992036,Vw3
5513.910000000803,1.8866039935737187,-2.337950011200228,8.664928986889711,-0.1363580028438141,-0.29631600424243765,0.0167210019100604,52.03677,-0.737567,59.869400000481725,Vw3
5514.010000000803,0.3439019875536964,0.23843502100745306,10.49594001498181,0.015233001258118828,0.1486520036515152,-0.1701880015351137,52.03677,-0.737567,59.95910000072259,Vw3
5514.110000000804,1.0699000090875126,-1.4356999912038355,9.217800015451797,-0.14759999781409341,0.08079999804175884,0.018700000040597683,52.03677,-0.737567,60.06,Vw3
5514.210000000804,2.200197038788244,-0.34164058526540897,11.1396812035668,0.12428119030417983,-0.1627643583934022,0.02374950499108273,52.03677,-0.737567,60.06,Vw3
5514.310000000804,-0.5205040222063251,0.26260700482252886,9.925755989976736,-0.13020200209059407,-0.05095399907138355,0.023601999998390612,52.03677,-0.737567,60.17880000096563,Vw3
5514.410000000805,0.9691740123328738,-0.9731570100933862,9.467106996373206,-0.033997999196906686,-0.06653100013599475,0.08597000050696271,52.03677,-0.737567,60.29880000096564,Vw3
5514.510000000805,0.6947999967828035,-0.14710000769084636,10.656299983593666,-0.08080000080892732,-0.0354999995999633,-0.03389999904619017,52.03677,-0.737567,60.44000000120735,Vw3
5514.6100000008055,0.2951000070089714,-1.1025999944590432,8.61800001052343,-0.18129999874660283,0.014199999330617304,0.0845999997159711,52.03677,-0.737567,60.59000000031914,Vw3
5514.710000000806,1.164901987205268,-0.4149762320841678,9.923940604580249,-0.02575544429146545,-0.06886930759991121,0.04935247496356569,52.03677,-0.737567,60.629603960715095,Vw3
5514.810000000806,2.068299960810124,-0.1454999713582074,9.239000012932483,-0.13209999996615587,-0.07400000156166424,0.0716000015519945,52.03677,-0.737567,60.700000000805815,Vw3
5514.910000000807,-2.795099924522302,3.408899937161212,10.84389998208755,-0.1278999998523699,-0.26780000451441516,0.26420000079058736,52.03677,-0.737567,60.800000001532766,Vw3
5515.010000000807,6.560999958150308,-4.380499970448422,8.623500029823147,-0.10960000091455095,-0.8273999898552737,0.36219999433777145,52.03677,-0.737567,60.990000001198105,Vw3
5515.110000000807,1.3733761957376336,-0.7173316535910099,12.320331713017431,-0.22296633754901057,0.4301247626288064,-0.33968119378597034,52.03677,-0.737567,61.138514852684295,Vw3
5515.210000000808,2.0287560057682885,-3.079668019565673,7.2580079584108335,-0.3123090007194212,-0.2917810059903321,0.33838000558742387,52.03677,-0.737567,61.22910000072668,Vw3
5515.310000000808,4.1940010176208204,-4.318234009914995,10.187390024338864,0.1937790041394662,0.6821870080129913,-0.46749000663640233,52.03677,-0.737567,61.35870000105083,Vw3
5515.410000000808,3.469933993909961,-4.003799997332475,8.10889898278315,-0.06166800212755272,0.10997999524695656,0.014746004004519864,52.03677,-0.737567,61.488700001050844,Vw3
5515.510000000809,0.08539997950869446,-2.238199969450767,9.584400006633237,0.18479999832047664,0.4269999974214754,-0.2921999982604365,52.03677,-0.737567,61.58999999887926,Vw3
5515.610000000809,-2.4489564561526707,1.5401168622589392,10.404796046242959,-0.022922773958210074,0.10808910633012647,-0.07705148340744017,52.03677,-0.737567,61.45138613749214,Vw3
5515.7100000008095,-0.8904999985870684,2.803299974678632,10.926299989142947,0.08049999843078846,0.23199999876739155,-0.18289999821680508,52.03677,-0.737567,61.409999999919854,Vw3
5515.81000000081,-0.7159455431402978,-0.32491784712551786,9.585012860420655,-0.11336138770918704,0.07972277104354972,0.03739703148771256,52.03677,-0.737567,61.40009900982078,Vw3
5515.91000000081,0.6116080108496584,-0.8506060040459376,11.265688013863453,-0.13361500014987954,0.27451700160654674,-0.08949600105644825,52.03677,-0.737567,61.26139999886578,Vw3
5516.010000000811,-0.44380400874648407,1.0460910155623573,8.98976198123508,-0.21646500067648333,0.3321380004553097,-0.10426400011018172,52.03677,-0.737567,61.37880000097219,Vw3
5516.110000000811,2.5614999622679466,-0.9288999814476372,11.512099983564969,0.14969999857586097,0.11610000107553421,0.04829999802243074,52.03677,-0.737567,61.350000000321295,Vw3
5516.210000000811,-2.0894901367327408,1.357931701716149,9.486258399410566,-0.025844555879236814,0.24867425850101416,-0.1954623782147101,52.03677,-0.737567,61.38960396071726,Vw3
5516.310000000812,-1.4187449941172803,0.4776229925924016,8.351259990857223,0.12228600122932194,-0.15510800332257957,0.12642400266001239,52.03677,-0.737567,61.54840000129915,Vw3
5516.410000000812,2.409306031337505,-1.0879780127659289,10.414743017016638,0.14360000016239574,-0.07465399930657021,0.04168899927815095,52.03677,-0.737567,61.658900000893176,Vw3
5516.510000000812,-0.47636202398422656,1.848678024214828,10.59083300127237,-0.13775600230926735,0.1893420021582394,-0.030381000583812684,52.03677,-0.737567,61.679800000162395,Vw3
5516.610000000813,0.2608550062957484,0.008884984648778627,10.541711999583805,0.01958200131523835,0.21526500019102657,-0.14584100094212685,52.03677,-0.737567,61.90770000186962,Vw3
5516.710000000813,-0.6545750075801822,-0.48114100386853487,9.283701989674695,-0.060376000669819865,0.14095299938789518,-0.09423299956673062,52.03677,-0.737567,62.00900000081289,Vw3
5516.8100000008135,0.8994999972934626,-1.5228999991555152,9.665699992046225,0.1426999988608714,0.2001999994243979,-0.08770000048624288,52.03677,-0.737567,62.16000000088554,Vw3
5516.910000000814,0.5666287101624117,-1.4190386130161718,8.687482170257177,0.0026009889588972657,0.1294079202159799,-0.14750198068468273,52.03677,-0.737567,62.268910891975416,Vw3
5517.010000000814,0.7668999933123234,0.08290000911838677,9.568600001619936,0.12289999913684,0.2316999994124709,-0.19839999872984113,52.03677,-0.737567,62.36000000169247,Vw3
5517.110000000815,-0.05468416510928875,1.203098028928235,9.767609902611433,0.016860395175699164,0.15952178159018177,-0.0423603947683491,52.03677,-0.737567,62.56792079377314,Vw3
5517.210000000815,2.6595010224036324,-0.7694620163251022,10.179163003370443,-0.0352840004203889,0.22869400057518324,-0.20761500137278158,52.03677,-0.737567,62.71850000122206,Vw3
5517.310000000815,0.07874597851200305,-0.12421999451911725,9.692556995957034,-0.010950999795282503,0.21940099991762363,-0.07040299885570261,52.03677,-0.737567,62.819000000815606,Vw3
5517.410000000816,1.6633999722993866,-0.5567999843314719,10.592499999331999,0.05629999972456088,0.15820000055168598,-0.10800000009935194,52.03677,-0.737567,62.91000000129238,Vw3
5517.510000000816,-1.7320455722483425,1.3637940750706636,10.51061881121335,0.022537623487004,0.22582376292778966,-0.12017821792111,52.03677,-0.737567,63.06841584287623,Vw3
5517.610000000816,0.3588370175249058,-0.6872880170750051,8.49534798338551,0.13149600090143482,0.0011759981416071819,-0.015062999132042357,52.03677,-0.737567,63.277900001714684,Vw3
5517.710000000817,-0.45486400688821454,1.0244980142908404,9.75259501053727,0.151608000156773,0.0931480007773329,-0.038552000202498486,52.03677,-0.737567,63.42850000122479,Vw3
5517.810000000817,0.9244820114586854,-1.280639019177644,8.635711990671528,0.14972099998283403,0.12746300027547275,-0.07592500030653496,52.03677,-0.737567,63.4993000005722,Vw3
5517.9100000008175,-0.352262010657726,1.173375020456327,10.543613015847626,0.18524100029345938,-0.02317500124658936,-0.11530600032206964,52.03677,-0.737567,63.608900000899176,Vw3
5518.010000000818,-1.1258180062795407,-0.07533401051712696,8.022362979022148,-0.11268700246293362,0.20616800190625992,-0.04956799945395299,52.03677,-0.737567,63.68920000065395,Vw3
5518.110000000818,1.9013450250860917,-0.7683300056219686,11.157374026126195,0.029830001202953982,-0.06820500228724921,-0.03375299987479458,52.03677,-0.737567,63.72960000032733,Vw3
5518.210000000819,-2.4960999942904447,0.0504999960572054,8.637300011680884,-0.0982999990112622,0.23129999964583736,-0.09749999999351648,52.03677,-0.737567,63.63999999910852,Vw3
5518.310000000819,-1.7985752418102976,-0.43118317226300956,10.064329714661204,0.022492080197507022,0.1880326729128602,-0.09670792078559011,52.03677,-0.737567,63.53108910801864,Vw3
5518.410000000819,0.03469999200991075,-0.6944000109604098,11.152199980779326,-0.1774999998077121,0.19959999976876772,-0.18439999772905566,52.03791,-0.738804,63.4899999997566,Vw3
5518.51000000082,-0.9403495129386525,-2.031924763433008,8.806655426328525,-0.15403465327310512,0.1713821779866454,0.09272871514168246,52.03791,-0.738804,63.460297029459625,Vw3
5518.61000000082,0.7342860139541181,-2.572178004364865,8.638659998802574,-0.23666300068646975,-0.14589800262613647,0.2950840016534325,52.03791,-0.738804,63.281799998523724,Vw3
5518.71000000082,-1.25711301663867,-0.739564984773653,8.032507994990437,-0.19621699965799155,-0.049208999172454373,-0.0443510028287461,52.03791,-0.738804,63.09189999844169,Vw3
5518.810000000821,-1.5601440023449602,0.13000400705787063,10.792658022942186,0.19990300328179492,0.0712930009910249,0.05387300084323327,52.03791,-0.738804,62.84249999794734,Vw3
5518.910000000821,-0.4259849905699695,-2.5312320221427136,10.123738994220462,0.06708199886527627,0.16823300079397818,-0.2478420025108432,52.03791,-0.738804,62.73109999909681,Vw3
5519.0100000008215,-0.527399975335768,1.5743999591550495,11.045899985700078,0.23069999744429376,0.1390999976735999,0.01700000151325781,52.03791,-0.738804,62.60999999926817,Vw3
5519.110000000822,2.475768341517009,-3.3989663775135464,9.30471186687597,-0.08048812136977315,-0.144167329061063,0.20125742725712625,52.03791,-0.738804,62.52089108837646,Vw3
5519.210000000822,1.5943069924320015,-0.2122909731285496,11.126819015273268,0.13766500183713226,0.4125480046458486,-0.1646850030536673,52.03791,-0.738804,62.55960000032879,Vw3
5519.310000000823,-5.1650170561066675,1.5109240140515592,9.570804986912037,-0.12512300220285918,-0.8215770103049703,0.3233330040872624,52.03791,-0.738804,62.42139999884797,Vw3
5519.410000000823,-2.8884839805106113,0.5568099919274234,9.93001100311794,-0.03493799922812672,-0.35672199603201177,0.2984019997514864,52.03791,-0.738804,62.29129999893024,Vw3
5519.510000000823,-3.6434350064720507,3.191686021982753,10.287824002942664,0.03351800056121278,-0.44604900078257087,0.34859000041967525,52.03791,-0.738804,62.23059999950626,Vw3
5519.610000000824,4.006251063719566,-4.588740064964317,8.977570989067443,0.014696999837712776,-0.8086470030093159,0.48651200114342474,52.03791,-0.738804,62.16069999942334,Vw3
5519.710000000824,-2.3817930538000445,-0.9695539692276962,9.165171001671494,0.22645900176376033,-0.09029299399201118,-0.12689000511581117,52.03791,-0.738804,62.2095000004119,Vw3
5519.810000000824,3.815442052169031,-1.6099540056459134,11.886433022652103,0.3920490013615838,0.4959520048228602,-0.27229400115953173,52.03791,-0.738804,62.34860000115459,Vw3
5519.910000000825,-6.423599893630937,3.4752999121584534,8.329899983393704,-0.5983999964528798,-0.6066999998531657,0.4882000018337787,52.03791,-0.738804,62.32000000049495,Vw3
5520.010000000825,6.4709999140270495,-7.173299922168357,6.3168000394030095,-0.1684000014105173,-0.5889000001176111,0.710499998687492,52.03791,-0.738804,62.37999999975498,Vw3
5520.1100000008255,-3.9510792939669432,2.2618485927493994,11.093433702802896,-0.3393901004216193,-0.6031574258602855,0.5513910877952852,52.03791,-0.738804,62.35029702945774,Vw3
5520.210000000826,-0.21805996799892613,0.40471198372535677,11.822122005678622,-0.07439399777577671,-0.5516219995690258,0.33041599817042366,52.03791,-0.738804,62.47870000107331,Vw3
5520.310000000826,-5.9904999387158915,1.1157999628977344,10.88899997863576,-0.29519999930990787,-0.35280000002779993,0.38279999925594327,52.03791,-0.738804,62.35000000122647,Vw3
5520.410000000827,1.4304901603461326,-3.376972314361545,8.301970275647292,-0.2116356428736773,-0.35616633666148695,0.2927009893543203,52.03791,-0.738804,62.49851485271266,Vw3
5520.510000000827,0.9524779953896123,-0.5317929758710926,10.140666015566877,-0.06467599878004085,0.06098600348299993,-0.06489700297798973,52.03791,-0.738804,62.38119999900817,Vw3
5520.610000000827,2.5010999728353744,-3.1318999803374,9.620900000347445,0.0302999998852776,-0.23429999448431085,0.20019999664109198,52.03791,-0.738804,62.299999999262496,Vw3
5520.710000000828,-0.7810782449799056,-0.756157406084681,9.662880198367164,0.0164386137466912,0.4321356490787253,-0.2056415875165199,52.03791,-0.738804,62.21089108837159,Vw3
5520.810000000828,-4.839699927805193,0.399899979905552,9.785999995229187,-0.07679999865119233,0.05640000308931037,-0.08260000208221159,52.03791,-0.738804,62.069999999016666,Vw3
5520.910000000828,3.8832703692857775,-2.028020812190709,9.20956435166078,0.0861702983796553,0.42966732982460537,-0.33418416049982025,52.03791,-0.738804,61.95118811782771,Vw3
5521.010000000829,-1.8341999844642836,-0.26110000123790245,8.870800007990171,-0.06329999908203258,0.43139999533387074,-0.1876999985832621,52.03791,-0.738804,61.73999999860541,Vw3
5521.110000000829,0.04084952049938173,-0.4105059418330112,9.835156443640509,0.04749208012666639,-0.13176832150176798,-0.016709899572160097,52.03791,-0.738804,61.57168316692106,Vw3
5521.2100000008295,1.00693100793518,-1.758994011282899,10.156353002609677,0.015038999718881167,-0.12413399988887928,0.08895000087072202,52.03791,-0.738804,61.431399998839034,Vw3
5521.31000000083,-1.6022480219593784,0.12523001591415728,9.324335992996774,-0.19904100179231432,0.22764800294872645,-0.09186300152500296,52.03791,-0.738804,61.31119999900381,Vw3
5521.41000000083,-0.9574799943714571,-0.9970700095718438,9.142847998548865,0.17886100318701714,-0.18826300351742423,-0.053604999663781724,52.03791,-0.738804,61.22089999925285,Vw3
5521.510000000831,0.2755140102824679,-2.2713450105888002,9.624418004052883,0.052118998905007624,-0.3594140013996642,0.2761730027619709,52.03791,-0.738804,61.03189999842268,Vw3
5521.610000000831,-5.800996051114066,-0.38260698403765825,8.16241698768605,0.2841430019588296,-0.24507199902598717,0.33741500048617534,52.03791,-0.738804,60.98049999958446,Vw3
5521.710000000831,1.4743900615911958,1.3208870141391311,14.009588049209793,0.3248130003216272,-0.8242380048717796,0.17316499861625503,52.03791,-0.738804,60.98990000008311,Vw3
5521.810000000832,3.639399948075041,-3.8510999150882617,6.815900058960066,0.528899998547757,0.7140999916007654,-0.6708999942974319,52.03791,-0.738804,60.85999999975061,Vw3
5521.910000000832,-2.6070000217450637,6.363499954450209,13.908599929387213,0.35419999635834687,-0.29629999104649307,0.0150999952823282,52.03791,-0.738804,60.83000000191403,Vw3
5522.010000000832,-5.219999936641681,0.8899999931315681,5.423400056504717,-0.08339999845509719,0.7795999958514209,-0.5517999959000338,52.03791,-0.738804,61.05999999859929,Vw3
5522.110000000833,2.3934654099464483,0.06465345847230553,12.21330104665142,0.10224356590264239,0.281085144362771,-0.05912672856984075,52.03791,-0.738804,60.89168316691494,Vw3
5522.210000000833,1.4920739917759742,0.03263999980010471,9.97657898061099,-0.1939890025078531,0.263625999895055,-0.09429500033732331,52.03791,-0.738804,60.939500000416444,Vw3
5522.3100000008335,-3.496199962943674,1.687499993797963,8.47940001722944,-0.18419999829751238,0.5398999944133,-0.2344999974338958,52.03791,-0.738804,61.04000000098982,Vw3
5522.410000000834,0.9518198390677659,0.9430445482481795,10.547518829125153,0.02015643734748737,-0.1306940649973507,0.07351980454846568,52.03791,-0.738804,61.15881188217877,Vw3
5522.510000000834,-7.9359750752301945,0.5458369967173037,8.458410982230747,-0.14481300140663164,0.6941010070031413,-0.33217100344278727,52.03791,-0.738804,61.348100001584235,Vw3
5522.610000000835,4.4240401049727485,-0.9313190124212742,11.211872023395166,-0.0020589987821625355,-0.9490180139245813,0.49787400703324086,52.03791,-0.738804,61.46880000100165,Vw3
5522.710000000835,8.705699990078552,-4.907099975469999,11.473699984512718,0.007900000311646916,0.27179998490372426,0.13150000584606625,52.03791,-0.738804,61.59000000140531,Vw3
5522.810000000835,7.517383158387036,-1.9690801734691648,9.618749489450185,0.04522673298517642,-1.5363188269901638,0.8316980256529645,52.03791,-0.738804,61.75831683308965,Vw3
5522.910000000836,11.355610032497477,-5.357378028847465,11.857598019053933,0.33953100248097223,-0.8374419939483999,0.5981299979694299,52.03791,-0.738804,61.82930000058494,Vw3
5523.010000000836,-8.556970168403616,3.964887078977476,10.937226992038996,-0.3497080058426938,-0.7883229996465304,0.6274790002682358,52.03791,-0.738804,61.988400001337006,Vw3
5523.110000000836,1.9846830907772848,1.0203969743211632,11.132135001727425,-0.15681899831105411,-0.9320440012179818,0.4548469985385892,52.03791,-0.738804,62.21770000192401,Vw3
5523.210000000837,-4.764926057950129,1.7163600061401671,9.670979987636013,-0.13430699982683725,-0.13051099321486415,0.24450699823742067,52.03791,-0.738804,62.398200001505764,Vw3
5523.310000000837,1.842026789133266,-1.5547683445572722,9.584155444935284,-0.0556841577526888,-0.3918564379223231,0.23730297025392477,52.03791,-0.738804,62.537227723932794,Vw3
5523.4100000008375,-1.8184717496044276,-0.89946262009685,8.592108072343144,-0.19545757696552313,0.02588182179804721,-0.10243434633663154,52.03791,-0.738804,62.74787878965518,Vw3
5523.510000000838,1.2619930263853651,-1.009019000989022,10.646447017463231,-0.03760899865255174,-0.05543500072438952,0.07715100154843493,52.03791,-0.738804,62.75,Vw3
5523.610000000838,-0.1472470122004339,-0.8928849990065613,10.603147999456752,-0.01976399986251143,0.26723200273971126,-0.2222570025510836,52.03791,-0.738804,62.86880000100601,Vw3
5523.710000000839,-2.166946016980022,1.2255140179290387,10.501915999148231,0.002081000183599531,0.18654799928907578,-0.08867999884307143,52.03791,-0.738804,62.93930000058685,Vw3
5523.810000000839,2.7785410420961636,-1.947335027078544,8.043719979169705,0.2164370018153073,0.29776800095003597,-0.4040010026847749,52.03791,-0.738804,63.00930000058747,Vw3
5523.910000000839,-3.493737053597887,0.0998950176287301,11.483801029373385,0.14969599941587258,0.21237399926648368,-0.04575099693584889,52.03791,-0.738804,63.02980000016785,Vw3
5524.01000000084,-0.399202973224976,0.03912599930676834,9.457025982521497,0.055345999206056706,0.15764399954344063,0.03779300067728565,52.03791,-0.738804,63.00029999974822,Vw3
5524.11000000084,-0.6213340021558607,-1.0509970092443235,10.308489007402684,0.04598499992858607,0.031666998935512336,-0.052084000769590154,52.03791,-0.738804,63.009900000084016,Vw3
5524.21000000084,-0.5545999994118789,-1.1148660004486524,10.32363600005377,-0.021222000569637307,0.09227500052510813,-0.01617199968745564,52.03791,-0.738804,63.18820000151231,Vw3
5524.310000000841,-3.1969030224541366,1.1761530194683265,11.723164011889413,-0.05011500023970592,0.25199300135160496,-0.08846600061734788,52.03791,-0.738804,63.28900000084107,Vw3
5524.410000000841,-1.211226982903316,0.05446399027372184,10.54187498984393,-0.2769120019243968,-0.3299060049573402,0.22334300265529744,52.03791,-0.738804,63.36920000067286,Vw3
5524.5100000008415,5.23924905462915,-3.9881820342471985,8.645433983990836,-0.2775169999857016,-0.21284199895537553,0.18640499965936158,52.03791,-0.738804,63.459100000756976,Vw3
5524.610000000842,-2.899930069775122,0.0818770349616571,9.255743005352485,-0.002081997657603585,-0.42900400184899445,0.272922000739261,52.03791,-0.738804,63.52930000058939,Vw3
5524.710000000842,3.037093051199008,-1.5653420143626997,10.782047012927103,0.12197500103144021,-0.26636499859808327,0.2279629996101577,52.03791,-0.738804,63.72800000168398,Vw3
5524.810000000843,0.7043769796213906,-0.5270599910147669,7.601679972791432,-0.30131200361432264,-0.578431002671126,0.4636150020102984,52.03791,-0.738804,63.918100001601495,Vw3
5524.910000000843,6.288799893638144,-1.7324999757311954,8.427200022503298,-0.1676000004307331,-0.6606999979147843,0.4619999980007641,52.03791,-0.738804,64.14000000100171,Vw3
5525.010000000843,-6.3267446607923095,1.1460148757482505,11.0963089333891,-0.21868910934152297,-0.413373265242007,0.2248712851299467,52.03791,-0.738804,64.25881188218959,Vw3
5525.110000000844,3.1776999290487518,0.1772000180150405,10.722299996396659,-0.1270999995052925,-0.70699999276741,0.636799995454875,52.03791,-0.738804,64.38000000041782,Vw3
5525.210000000844,-5.228735714498951,2.3116554635553666,10.295369303328197,-0.06848613811927001,0.14993070030019928,0.09828514397079324,52.03791,-0.738804,64.42950495091279,Vw3
5525.310000000844,-0.910962962441598,-1.7315440346804705,9.034888989281457,-0.102550000295649,-0.5027210056418274,0.29396900171560886,52.03791,-0.738804,64.62800000168941,Vw3
5525.410000000845,-1.860499983869546,3.4422999578752713,9.07719999310093,-0.1340000011109451,0.4194999959058997,-0.08029999893004612,52.03791,-0.738804,64.75000000041828,Vw3
5525.510000000845,0.048608927017761205,-1.543343606471287,8.260665339637201,-0.26548514962553604,-0.06505445953868494,0.04633366443603966,52.03791,-0.738804,64.79950495091323,Vw3
5525.6100000008455,3.481199942954205,-1.097699991471353,12.074399962750817,-0.15500000109706671,0.4768999990076152,-0.2879999991449579,52.03791,-0.738804,64.92000000066997,Vw3
5525.710000000846,-3.2631564926759977,-0.08938315979018219,7.670538576620927,-0.2847029713938395,0.3595732663345803,-0.1869108902342671,52.03791,-0.738804,64.99920792146189,Vw3
5525.810000000846,0.9304999926597024,0.18989999602543614,10.60129999585627,-0.022400000776321264,0.13529999925550204,-0.021599999777236832,52.03791,-0.738804,65.07000000142367,Vw3
5525.910000000847,0.06267821047538913,-0.28000099407687434,10.11139900575382,-0.1141821789947877,0.047280197274685784,0.004736633886314491,52.03791,-0.738804,65.23831683310802,Vw3
5526.010000000847,-1.534851013586112,-0.05719799805465228,9.041655990894622,0.004690001024312759,-0.19040800202492245,0.156767001297745,52.03791,-0.738804,65.30930000059259,Vw3
5526.110000000847,1.9514230299798805,-1.5766290130259983,9.304338002340629,0.055004000420330185,-0.3703070015194597,0.11424499962288925,52.03791,-0.738804,65.35950000042372,Vw3
5526.210000000848,-0.2468380191201438,-0.09650598719843573,10.928720013881215,-0.22991700244319535,0.2196230050652025,-0.08845700173133823,52.03791,-0.738804,65.31049999957628,Vw3
5526.310000000848,1.783999987464865,-0.6680999763002358,11.841600015381054,-0.1025000022164764,-0.04570000044648445,-0.006300000128406244,52.03791,-0.738804,65.3699999996643,Vw3
5526.410000000848,0.3051881062663593,2.1278406177788085,13.656154470839343,-0.3639851507331645,-0.0983732677735871,-0.021448514979997793,52.03791,-0.738804,65.33039603926798,Vw3
5526.510000000849,5.893404048013696,-2.0344740359076203,6.693017940175457,-0.6779550026680874,-0.46322000312195916,0.5906160052462488,52.03791,-0.738804,65.37950000042417,Vw3
5526.610000000849,1.5782589624975776,-3.258959010141,6.907125002441619,0.3748340090581952,0.870491011472638,-0.7533620115821922,52.03791,-0.738804,65.38990000008492,Vw3
5526.7100000008495,1.739525001762231,-1.025975980742,10.655962032134601,-0.14870400458264993,-0.08986300835424899,0.04658200697928405,52.03791,-0.738804,65.2018999983864,Vw3
5526.81000000085,1.2001689953504293,-0.9101409991999916,10.02891599429027,0.10478500222319023,0.5202380053237543,-0.28496800291777785,52.03791,-0.738804,64.9722999980446,Vw3
5526.91000000085,4.156799936646872,-1.5211999802577698,9.043400012042525,-0.057399998582984744,-0.5960999953507081,0.3131999981889484,52.03791,-0.738804,65.00999999856867,Vw3
5527.010000000851,-3.293200063338368,0.8003841781534728,10.459538625901104,0.10923366478302177,-0.04936732208446448,0.10022970115966737,52.03791,-0.738804,64.84168316688584,Vw3
5527.110000000851,2.4625090501208264,-2.631401029701766,7.526568974664263,-0.20500900271578942,-0.4357420033685661,0.3615390022647182,52.03791,-0.738804,64.7112999988936,Vw3
5527.210000000851,0.1599529796990229,-1.1574409870285838,10.283749023958949,0.2260140037328674,0.27032800610399565,-0.24267000521716303,52.03791,-0.738804,64.75950000042555,Vw3
5527.310000000852,-2.0706999845268044,0.28429998915915455,12.349999968516707,0.14449999991992843,0.26859999892956976,-0.17469999931897037,52.0379100000099,-0.7388040000109066,64.84999999991571,Vw3
5527.410000000852,-0.25307622213780046,-0.9891653573844434,8.651683136807563,0.13509405932580298,0.14285742467126084,-0.09469999931840846,52.03907336634654,-0.7400851881297275,64.84009900981664,Vw3
5527.510000000852,-1.9307999723635196,2.0508999813098954,12.446399981641493,0.32229999588330005,0.12730000029194058,-0.1609999989436138,52.039085,-0.740098,64.86000000067492,Vw3
5527.610000000853,1.312170324688962,-0.14226833553719187,10.292142555883787,-0.160769311050786,0.16155742603475545,-0.037039602903139165,52.039085,-0.740098,64.93919802047746,Vw3
5527.710000000853,-1.2916710227120325,1.595525015160403,12.45879701885178,0.11961900245722204,0.08735299935776182,-0.017385999841359495,52.039085,-0.740098,65.01919990068241,Vw3
5527.8100000008535,2.310743031297979,-1.0799950232278015,7.668212958493912,-0.3266630038737193,-0.24158500283036805,0.3756320033879036,52.039085,-0.740098,65.02990000008538,Vw3
5527.910000000854,-2.9296999922360687,0.44880000730817443,10.477500010967757,-0.20419999874772574,-0.08190000345580342,0.15810000174100788,52.039085,-0.740098,65.080000000761,Vw3
5528.010000000854,-2.0205910813467804,1.3045425815639047,11.761757436707788,-0.0575663353816796,-0.4865534688015364,0.36196138787921783,52.039085,-0.740098,65.16910891165192,Vw3
5528.110000000855,3.557599939803121,-0.5444999903706663,10.47269999246481,-0.1484999983942646,-0.12029999932537105,0.04139999860841908,52.039085,-0.740098,65.2500000011004,Vw3
5528.210000000855,-3.48358817899481,0.5818366432904687,9.591313853852693,0.039321783783581116,-0.04138910823641846,-0.12137227861898123,52.039085,-0.740098,65.37871287238727,Vw3
5528.310000000855,5.712301080085675,1.9963260121276334,11.35559001532425,0.11802400066396526,-0.6945940056522609,0.37566300430978483,52.039085,-0.740098,65.32059999948662,Vw3
5528.410000000856,-4.867099972308245,-2.2065999906146305,9.777799992142421,-0.15789999966359775,0.356699994785341,-0.12359999690882742,52.039085,-0.740098,65.38000000110156,Vw3
5528.510000000856,-1.6314564079582201,-1.1099663272504665,8.859681180263053,-0.11859306897060629,-0.25260693590652117,0.23758812190233825,52.039085,-0.740098,65.50871287238844,Vw3
5528.610000000856,-0.05687798665690069,0.6361730150124858,12.399551030705917,-0.049691999407277906,0.26837600456019145,-0.06639300266125367,52.039085,-0.740098,65.54960000034261,Vw3
5528.710000000857,-0.5549120044437499,-0.6039960108815341,9.179388971829127,-0.26095900183386056,0.15866199900469596,0.04741900101157838,52.039085,-0.740098,65.69850000128481,Vw3
5528.810000000857,2.322978024970493,1.0292740142558692,10.865239014886091,0.07557900293331704,-0.0368370016831632,0.027512999817364363,52.039085,-0.740098,65.82870000111468,Vw3
5528.9100000008575,-2.4168290413043882,-0.047555009470573006,8.834586982261861,-0.09256700148596679,0.29106800285703477,-0.1352580014079385,52.039085,-0.740098,65.7210999990568,Vw3
5529.010000000858,0.8913970290702435,-0.11631700049989535,10.947152018476405,0.011333000914902788,-0.2742560049252124,0.18861200281930682,52.039085,-0.740098,65.71009999991425,Vw3
5529.110000000858,2.242099011416964,-0.9692900073904263,9.428358986644874,-0.10570700102401609,0.08719100318363426,-0.1123270026377213,52.039085,-0.740098,65.83870000111587,Vw3
5529.210000000859,1.1072969900455654,0.42889001219733713,10.072338005718414,-0.10620699999399147,-0.39825900424117117,0.2440690031167157,52.039085,-0.740098,65.91920000068669,Vw3
5529.310000000859,2.3554750109341254,-0.29108400637229676,9.392731994043586,-0.1348110002483271,-0.2407409985899489,0.23086999985392523,52.039085,-0.740098,66.08830000146075,Vw3
5529.410000000859,-5.358199961667527,-0.13910000468795441,10.094599994474699,-0.029100000069778954,-0.40040000107987184,0.1989000014551465,52.039085,-0.740098,66.21999999982981,Vw3
5529.51000000086,-0.8981999616763625,-0.6845455492413293,9.45172870734726,-0.03721881195095099,-0.5260435654360586,0.36820693214788036,52.039085,-0.740098,66.20019801963183,Vw3
5529.61000000086,-4.600999941951476,-1.703499988516882,11.040900003397232,0.17019999973081118,0.02689999639832174,0.02340000101030994,52.039085,-0.740098,66.18999000068159,Vw3
5529.71000000086,2.145831741203475,-0.3688465231729914,11.435751488544964,0.13891287101800187,-0.39171386498698757,0.14082574358433472,52.039085,-0.740098,66.2692078224636,Vw3
5529.810000000861,-2.61730604201565,-0.7858530037431248,8.932821978195674,-0.07316100184185506,0.464212007481083,-0.23340800326522407,52.039085,-0.740098,66.28980000017222,Vw3
5529.910000000861,0.7484100296990421,-0.3640049962930016,9.475067004936637,-0.03421499964264706,-0.04942400454311813,0.06385900261857894,52.039085,-0.740098,66.25039999965557,Vw3
5530.0100000008615,1.7747810086272748,0.5609010080072888,11.36021601634696,-0.1580450010806697,0.36793100367599907,-0.20940900240330612,52.039085,-0.740098,66.11139999879447,Vw3
5530.110000000862,-0.059075016054597196,-0.49246600925261963,9.838660986586547,-0.25057800079475645,0.22389799870873628,0.013718001967065269,52.039085,-0.740098,66.060499999569,Vw3
5530.210000000862,2.1079230190303937,1.1646530145221288,10.524416006106414,-0.17665599934832732,0.28546300054909457,-0.04181600050340852,52.039085,-0.740098,65.8421999981036,Vw3
5530.310000000863,-2.1080735663341708,-0.4816029556655448,8.951188221526326,-0.05709999896500573,0.3878176479449951,-0.250591178284365,52.039085,-0.740098,65.76235294050001,Vw3
5530.410000000863,-0.23374692095913652,-1.4871530697214754,9.604966332772594,0.03033571503151187,-0.15912959672976568,0.17544286098895384,52.039085,-0.740098,65.6016326516524,Vw3
5530.510000000863,-3.3601120274301954,-0.8831009946490928,10.619525008780112,0.08386800045906834,0.2016980031944942,-0.13056400270608692,52.039085,-0.740098,65.45149999870564,Vw3
5530.610000000864,0.4657340336592508,0.04152300801357256,10.42447299820932,-0.16577300218284988,-0.06724600237893488,0.05123200161359853,52.039085,-0.740098,65.44009009991355,Vw3
5530.710000000864,0.20255199736362173,0.7931020064769214,10.267959998652442,-0.07682399920183043,-0.019806999562043327,0.021518999724441462,52.039085,-0.740098,65.54889990095029,Vw3
5530.810000000864,-0.008697001818506772,-0.3620560101552748,9.79407099587442,-0.025706999561586813,0.13385300133772227,-0.1105690011509427,52.039085,-0.740098,65.56980000017293,Vw3
5530.910000000865,-0.6333120054374183,-0.8979060045778773,9.54813599789352,-0.024110999990487977,-0.03131600145620425,0.05946900149684656,52.039085,-0.740098,65.48089999922175,Vw3
5531.010000000865,1.7197680206082306,0.008392007962428116,10.594803009163536,-0.0016269998037064318,0.23202300231488052,-0.178776002096104,52.039085,-0.740098,65.40079999930822,Vw3
5531.1100000008655,0.960113993149406,-0.15475900150706146,10.001400994718793,-0.04436600037568332,0.018285998107733348,0.05857800209655531,52.039085,-0.740098,65.4792000006925,Vw3
5531.210000000866,-0.9146430163233518,-1.1378870085810782,9.930454999433007,-0.045988000010387664,0.04837400028219828,-0.052553000992887774,52.039085,-0.740098,65.56910000077907,Vw3
5531.310000000866,1.0720420175543528,0.21147001189758408,10.114435001616096,-0.02857599984748909,-0.08306900115336377,0.13400400164295845,52.039085,-0.740098,65.65910000077989,Vw3
5531.410000000867,1.2913999916462786,0.1257000026817197,10.170100009026319,-0.11699999970097179,0.22489999962383117,-0.06340000069079851,52.039085,-0.740098,65.68999000043347,Vw3
5531.510000000867,0.3276000275437211,0.4351000033665883,11.21150000631439,-0.08249999980262164,0.1815000006822426,-0.14309999960009429,52.039085,-0.740098,65.74000000077234,Vw3
5531.610000000867,3.5054218097442593,0.823515844953475,11.940014857804657,-0.05972772257473892,0.26021287196992415,-0.09696138573838407,52.039085,-0.740098,65.82910891166406,Vw3
5531.710000000868,-1.1278780408763498,-0.498705011619598,10.016502983081969,-0.13167100063237677,0.4659300017956378,-0.2933120017245062,52.039085,-0.740098,65.89930000060723,Vw3
5531.810000000868,4.193869047091937,2.1253590231339325,11.872753016452783,0.13004900230201774,-0.3516210071891381,0.19682900431660894,52.039085,-0.740098,65.99900000086836,Vw3
5531.910000000868,-4.882373080086915,-2.448926040356504,9.721817980967124,0.06379599939561632,0.08797600392849392,-0.042037002138788776,52.039085,-0.740098,66.12870000112888,Vw3
5532.010000000869,-0.9841079649978495,-0.3245279809584405,9.289049996396276,-0.013427000671247968,-0.6348530063798948,0.4225820040969572,52.039085,-0.740098,66.11019999982632,Vw3
5532.110000000869,5.419029055868707,-1.4080340097062438,9.468446001611623,-0.049543000310328586,-0.28471099686107415,0.20346099803458562,52.039085,-0.740098,66.11990000008693,Vw3
5532.2100000008695,-0.5357020528502936,-0.9521179958987518,9.748292002440929,-0.043761999946104836,-0.46029000157339106,0.30703100092925695,52.039085,-0.740098,66.17940000052157,Vw3
5532.31000000087,4.961499933107094,0.6209999867641506,8.941700014231875,-0.11420000040460808,-0.5609999950870249,0.3643999972985954,52.039085,-0.740098,66.09,Vw3
5532.41000000087,-2.731965413481598,-0.9012772409693139,10.57853169741169,-0.16073465387028146,0.004049509867439016,0.053706927989482456,52.039085,-0.740098,66.09,Vw3
5532.510000000871,1.5056190379235912,0.10805100900555853,10.124154995862265,-0.1560519999547503,-0.24037400219809069,0.2606780018465354,52.039085,-0.740098,66.05039999965193,Vw3
5532.610000000871,-1.234581024494088,-0.6552850068075429,10.450852002916399,-0.15649500000435543,0.17992900372041154,-0.04697100272563037,52.039085,-0.740098,65.94109009904173,Vw3
5532.710000000871,-0.3581369920407973,-1.678642008935701,8.429946982188703,-0.17649800017596134,0.01233599848777761,-0.024161999771772892,52.039085,-0.740098,65.88059989947743,Vw3
5532.810000000872,-1.7366830122227712,-0.15261798646836255,11.170709024320848,0.04189200192536768,0.10316500081531649,-0.0529070002554949,52.039085,-0.740098,65.76119999895361,Vw3
5532.910000000872,0.959524023872018,-0.2952030013925925,8.880910979585483,-0.1453860016690182,-0.025689001143198997,0.12094100153385737,52.039085,-0.740098,65.76,Vw3
5533.010000000872,-1.2410950196244803,-2.077612015685632,10.00085101007079,0.3264150041725455,-0.2464830019332358,0.030629999189035056,52.039085,-0.740098,65.76990000008719,Vw3
5533.110000000873,1.3017870226196064,1.1959520290223695,11.893499016586082,0.13220999824545948,-0.36601500103439333,0.2402730018566705,52.039085,-0.740098,65.71059999947624,Vw3
5533.210000000873,-0.6571999854820872,-1.1029999937680341,9.748699997193064,0.04579999866698693,-0.11660000148256641,0.05660000131313025,52.039085,-0.740098,65.69999999904908,Vw3
5533.3100000008735,1.0055722917573147,-0.3892376175253971,9.427214848675955,-0.10687326866081809,-0.2864019816817789,0.206996040918147,52.039085,-0.740098,65.5910891079592,Vw3
5533.410000000874,-2.689310032759673,-1.8506660129623098,11.240452016032929,0.1386050021801917,0.2894660050978911,-0.30828000456136295,52.039085,-0.740098,65.55039999965047,Vw3
5533.510000000874,3.3654999733266786,2.4033999769681587,9.24929999772494,-0.1347999989814587,-0.007899993420586558,0.1188999967721673,52.039085,-0.740098,65.47999999904809,Vw3
5533.610000000875,0.3137177950874217,-0.23174853790183558,8.989002968020142,-0.018265345515293643,0.7448722838124234,-0.25040693392349594,52.039085,-0.740098,65.37108910795823,Vw3
5533.710000000875,-8.30069407584467,-4.781608039968337,9.393290003595155,-0.05135400030265791,-0.7140870129574322,0.45681900628146344,52.039085,-0.740098,65.37,Vw3
5533.810000000875,-6.467096983015324,-4.328735995590305,11.68885402026743,0.21005600231517688,0.2081350082878779,-0.1484140054166732,52.039085,-0.740098,65.22149999868655,Vw3
5533.910000000876,-0.6582789487932548,-1.6785189766036863,9.206606977840096,-0.15399600324338286,-0.610040007320378,0.5094920058738153,52.039085,-0.740098,65.14079999929949,Vw3
5534.010000000876,1.4406999694686196,0.9951999665401806,10.281399995471629,0.02319999959763234,-0.25940000011793535,0.07860000066945654,52.039085,-0.740098,65.19999999956642,Vw3
5534.110000000876,-2.045240624615271,-2.825097063189623,9.7643702924977,-0.022740594462096274,-0.2728653466526834,0.15503564423434985,52.039085,-0.740098,65.15049504907103,Vw3
5534.210000000877,0.5978999838440744,0.6935999861262622,10.255799997758144,-0.005199999176729034,-0.2943999956399079,0.23229999723384462,52.039085,-0.740098,65.01999999991232,Vw3
5534.310000000877,-1.244799983845828,-0.8888000029721923,10.000099989229968,0.0887000008451898,0.20289999730398486,-0.08319999966508039,52.039085,-0.740098,65.00999999886022,Vw3
5534.4100000008775,0.5976999877075128,-1.2277999844714587,8.771700025756349,0.18510000036323057,-0.10459999966196963,-0.04499999889466677,52.039085,-0.740098,64.87999999956551,Vw3
5534.510000000878,-0.8028940716956533,0.5415069462181055,11.70635349109707,0.22648613897700995,-0.06608514817689742,0.08094059516448966,52.039085,-0.740098,64.83049504907056,Vw3
5534.610000000878,0.7457160138640766,0.1418159962968229,9.610664981145945,0.08334999872637408,0.11853900163463298,-0.07511100139571833,52.039085,-0.740098,64.8597000002635,Vw3
5534.710000000879,-1.4252120194014766,-0.8316100085992599,9.866004002455927,0.19179000097499269,0.004371998970548255,-0.02640799955378713,52.039085,-0.740098,64.74119999894594,Vw3
5534.810000000879,0.9417366548767363,0.39600199118548873,8.46192176968589,0.223972277503628,-0.03620396074592573,-0.014039603855082053,52.039085,-0.740098,64.64198019714944,Vw3
5534.910000000879,-1.2310363835640292,-1.336862642034587,8.136827270065455,0.08116363507669125,-0.06620202046402766,0.01866868716000363,52.039085,-0.740098,64.61030303003658,Vw3
5535.01000000088,-0.08025298957787896,-0.3901439914322832,11.051627025915057,-0.11038000168822007,0.15664600198190004,-0.060398000705183585,52.039085,-0.740098,64.471399998769,Vw3
5535.11000000088,-2.0524590176397206,-1.6191870110137134,9.256826983780892,-0.16556200047353775,-0.10919200238353202,-0.0066509995150198925,52.039085,-0.740098,64.41059999947188,Vw3
5535.21000000088,1.8153290345659725,2.0212020324772797,9.82052000517552,-0.05205199898602021,-0.27812100147784036,0.24862700226473083,52.039085,-0.740098,64.44960000035208,Vw3
5535.310000000881,-2.3036970370084737,-3.0313910452960173,10.075385002215944,-0.1082210005101518,-0.1111039984986206,0.06755499836557585,52.039085,-0.740098,64.47970000026433,Vw3
5535.410000000881,1.5511380346818688,0.43932303134690454,8.749517988177397,-0.11444300005022272,-0.4447130029842867,0.29676600205648807,52.039085,-0.740098,64.41069999938323,Vw3
5535.5100000008815,-2.05537303244828,-2.8092270292287393,10.564828016275683,0.03310900131372051,0.13609900519937262,-0.0068100027225998505,52.039085,-0.740098,64.29119999894269,Vw3
5535.610000000882,1.9869999800497062,1.0808999843557725,9.539499995726576,-0.06090000017467755,-0.09079999827439751,0.11729999826822204,52.039085,-0.740098,64.32000000017644,Vw3
5535.710000000882,-0.2744000076420337,-0.6923999966222718,9.055100012750115,-0.08070000027863855,0.10479999802332583,-0.07899999839717317,52.039085,-0.740098,64.33999999965062,Vw3
5535.810000000883,-1.1406376314104942,-0.3095287094908697,10.500347537512742,-0.11228415869470199,-0.11925940791884196,0.10268316992093461,52.039085,-0.740098,64.3003960392543,Vw3
5535.910000000883,-1.1956320004132062,-1.6162620116880853,9.326304989400553,-0.20882800085819753,0.038979001431212135,0.060741999609749686,52.039085,-0.740098,64.28019999982342,Vw3
5536.010000000883,0.2260350126831352,-1.7215700008211148,9.477353001454167,-0.01962099830391209,-0.40727600399432684,0.2825550019821538,52.039085,-0.740098,64.20079999929366,Vw3
5536.110000000884,2.1579999603421154,1.9046999743815443,10.726899990442861,0.11879999811202947,-0.06490000172341862,0.008300001150112781,52.03908500000929,-0.740098000014442,64.16999999982495,Vw3
5536.210000000884,-2.3280396436093924,-0.9932208176919226,9.64581088153411,-0.09476435832319104,-0.2598504967725373,0.13839901105084512,52.04013549505879,-0.7417316633807755,64.15019801962697,Vw3
5536.310000000884,2.4281999763045254,0.34149998597282544,10.113400003556247,0.15049999792472038,-0.23139999775754266,0.10629999922450539,52.040146,-0.741748,64.19999999921225,Vw3
5536.410000000885,-0.2521960633182614,-1.2452326873056463,10.515677231281845,-0.0842524773244532,0.022263368580872633,0.0185772269466615,52.040146,-0.741748,64.11089108832054,Vw3
5536.510000000885,1.592892016728631,0.6273250168763824,9.584050991638339,0.10377700170135166,-0.1328080014085033,0.06551700042732858,52.040146,-0.741748,64.02089999920373,Vw3
5536.6100000008855,0.2900000047107809,-1.3793999937148658,8.61610001005832,0.0694999995868967,0.04779999859404546,-0.05449999912467709,52.040146,-0.741748,63.91999999964917,Vw3
5536.710000000886,0.8217821829275491,-0.6698950432212217,9.751545554610527,0.022866336220652456,-0.11091287269276884,0.04431188206324597,52.040146,-0.741748,63.88039603925321,Vw3
5536.810000000886,-0.03429900771385552,-1.600132008393838,10.088907002919402,-0.026011000433522048,0.11985300208072851,-0.05469000089541364,52.040146,-0.741748,63.74139999875884,Vw3
5536.910000000887,1.9514540178605826,0.3875270178845196,10.65729200506047,-0.2537050020346489,-0.19212500281481928,0.049141000938864116,52.040146,-0.741748,63.57169999849285,Vw3
5537.010000000887,-2.3800440389695106,-1.960479021207336,12.480442016275417,-0.06433599828362518,0.20485800358346437,-0.06949100107184772,52.040146,-0.741748,63.57990000008866,Vw3
5537.110000000887,-0.9138539864627211,-1.0670659917768175,9.529096973378934,-0.33791700246979467,-0.1856150035365187,0.13898200187963528,52.040146,-0.741748,63.53049999955627,Vw3
5537.210000000888,3.29939603763214,0.7700370163852985,7.455937981684461,0.3272530059877381,0.4158840054277465,-0.2820260037930329,52.040146,-0.741748,63.44089999920128,Vw3
5537.310000000888,-2.6478999992099763,-2.4552000138262984,12.000199981682995,0.09710000128445391,-0.059299993554651154,-0.08710000319471291,52.040146,-0.741748,63.279999999112334,Vw3
5537.410000000888,-2.558899971011504,-4.012799945871763,9.936700007055471,0.2417999994703388,0.6667999976104265,-0.4469999985225241,52.040146,-0.741748,63.179999999651535,Vw3
5537.510000000889,0.7034529701812562,2.078768681609634,10.730719614902574,0.18219215633278626,0.39787842898163284,-0.28072548871777225,52.040146,-0.741748,63.140784313376834,Vw3
5537.610000000889,3.50428588340945,5.018842449816068,9.479529281431484,0.017765655084415327,0.7286697000202096,-0.4208363649379516,52.040146,-0.741748,63.050909090100646,Vw3
5537.7100000008895,-3.1921999438831326,-6.708799920551303,9.086400001189796,-0.0006999982817952162,0.8924999937683151,-0.5122999974451501,52.040146,-0.741748,62.94999999867898,Vw3
5537.81000000089,3.1167109472502887,2.2231802775312364,9.22016237742836,0.19246831855124472,0.19190593435745362,-0.2250722746708555,52.040146,-0.741748,62.801485147192786,Vw3
5537.91000000089,0.24613297362084463,1.8096789954786985,11.101015016900355,0.08609399902612642,0.4503190023866134,-0.25467200029198406,52.040146,-0.741748,62.61189999830863,Vw3
5538.010000000891,1.3614350102951078,1.4421609967409952,9.264442983315071,0.08569300000623137,-0.09249000490497578,0.03398100259847986,52.040146,-0.741748,62.520899999198825,Vw3
5538.110000000891,-0.42434501617784104,-0.5204130176321091,10.164915008273823,0.01441999935841115,0.08416000163961593,-0.03566700065317309,52.040146,-0.741748,62.41109999901979,Vw3
5538.210000000891,-0.7522710027882666,-1.2576530064578357,10.27181400087863,0.024689000098912624,-0.059629001310815055,0.037949000669219635,52.040146,-0.741748,62.35059999946534,Vw3
5538.310000000892,0.6487170126513085,1.2365330225382931,9.362494991798014,0.027077000020516117,-0.15851600087773304,0.06305400021943325,52.040146,-0.741748,62.3202999997324,Vw3
5538.410000000892,-0.3368020090075595,-1.8630360281555367,9.440123000782297,0.09689500062887003,0.12314500254670055,-0.09252600140403036,52.040146,-0.741748,62.38930000062441,Vw3
5538.510000000892,0.621320008723899,0.37626202046102186,10.2951720076963,0.111460000124882,-0.0976410020150601,-0.02489899937648206,52.040146,-0.741748,62.33059999946479,Vw3
5538.610000000893,-1.0707000065640178,-0.08830000974654505,10.1106000000168,0.06029999927577387,0.27059999769644805,-0.1740999988141792,52.040146,-0.741748,62.279999999911574,Vw3
5538.710000000893,-1.8056505016120665,-1.1795871384572543,10.112481188135611,-0.02078910963495658,0.0126792056177511,-0.04132772158671946,52.040146,-0.741748,62.27009900981258,Vw3
5538.8100000008935,1.314014028232328,1.373897023152726,8.699868987246024,0.16263900166340667,0.1838450015686613,-0.22265500164910548,52.040146,-0.741748,62.319500000446915,Vw3
5538.910000000894,-1.1411000015493598,-2.1035000074848464,10.032199995739036,0.10079999927404497,-0.18449999836213102,0.11669999852484507,52.040146,-0.741748,62.41000000080463,Vw3
5539.010000000894,-1.3143999538590303,-2.940699950312108,9.555599997233807,0.01959999953970563,-0.0013000043719113151,-0.048299997164763735,52.040146,-0.741748,62.50000000106222,Vw3
5539.110000000895,3.84659014518712,2.6170228220041563,9.246194056637576,-0.031885148975507475,-0.49030990536544505,0.2688287157087509,52.040146,-0.741748,62.618811882251165,Vw3
5539.210000000895,-1.5608580493379023,-4.447282064348104,10.49950901135518,-0.05724900022458042,0.2925430071194677,-0.1680550039771313,52.040146,-0.741748,62.78830000152106,Vw3
5539.310000000895,-0.9261000187707604,-2.1204000238418077,9.276700014358958,-0.14429999683225697,-0.43759999351742435,0.3035999957680725,52.040146,-0.741748,62.91000000141773,Vw3
5539.410000000896,-3.02352576135975,-4.784459429801113,10.881155459914782,0.20966039920983318,0.28675644213122775,-0.16927129136396168,52.040146,-0.741748,63.068415843003,Vw3
5539.510000000896,1.7703650435600444,1.4936160570387136,8.816813981178765,-0.15438700332555655,-0.458598006808748,0.2912010042086697,52.040146,-0.741748,62.961099999014785,Vw3
5539.610000000896,0.5612049886092991,-0.24212401629573965,10.721449017438845,0.13682100267083017,0.011574004326762866,-0.030701002957726986,52.040146,-0.741748,63.029300000627586,Vw3
5539.710000000897,-0.18099998047367824,-3.4279999445179703,9.460600003923554,0.0008000001553795157,-0.42639999685778224,0.31719999735144516,52.040146,-0.741748,62.909999999644846,Vw3
5539.810000000897,1.9964257621158734,2.7589307485947927,9.898124756401876,0.018126732828768543,-0.07600395725136072,0.021853462695905324,52.040146,-0.741748,62.870396039248526,Vw3
5539.9100000008975,2.298469002540741,1.842778991133882,8.57609798797568,-0.09515400102850197,-0.5205740040619545,0.38312100330179644,52.040146,-0.741748,62.810599999461516,Vw3
5540.010000000898,2.787291004405686,2.244641003732583,9.190855005694456,-0.1338210003401416,-0.37511499864033115,0.1596939979412011,52.040146,-0.741748,62.651599998564045,Vw3
5540.110000000898,-1.1218640355180187,-4.1363040579413735,10.355203010508252,-0.10746999975743968,-0.39825100022369453,0.22610600062346986,52.040146,-0.741748,62.60049999955081,Vw3
5540.210000000899,1.716431026115028,2.800480063533482,9.890709995678789,-0.020574999213916895,0.20470700547383341,-0.21127500397533444,52.040146,-0.741748,62.5207999992813,Vw3
5540.310000000899,-0.06996201649101641,-1.7568520420395917,10.222500003057554,0.06088600073201479,0.3797930015350728,-0.23896500021133105,52.040146,-0.741748,62.44079999928057,Vw3
5540.410000000899,1.4255090137510462,1.5515100304769442,10.97344900679054,-0.03779500090378663,0.08281699728684155,-0.15089199919783317,52.040146,-0.741748,62.410299999730206,Vw3
5540.5100000009,0.5543539919477558,-1.4208340273078455,9.100296982916186,-0.09067600047122806,0.23928900144875648,-0.07426499931204301,52.040146,-0.741748,62.41,Vw3
5540.6100000009,0.8161999970700993,1.5133999909942017,10.53059999184958,0.10249999872593434,-0.0683999996092265,0.022999999645242495,52.040146,-0.741748,62.31999999828924,Vw3
5540.7100000009,0.49080000520538036,0.5132000024114667,9.62540000699459,-0.03899999970224404,-0.024999999812788172,-0.01640000046357215,52.040146,-0.741748,62.129999998662775,Vw3
5540.810000000901,1.068918817090629,0.7810217845915656,10.402231690168364,-0.005930692771318698,-0.004207920604721336,-0.06788514897878527,52.040146,-0.741748,61.98148514717658,Vw3
5540.910000000901,0.6885009964847731,1.0500100024239836,9.499595991713399,-0.003619999981977817,0.13073900122640955,-0.06760799999279112,52.040146,-0.741748,61.91069999936922,Vw3
5541.0100000009015,-0.032556006527634684,-1.2390510208597754,10.267946007077311,0.02570400026672831,0.21724000077495387,-0.1387810006478975,52.040146,-0.741748,61.83079999927911,Vw3
5541.110000000902,1.751704016322765,0.531284016340805,9.094531989237222,0.02144599995850756,-0.03207300227937818,-0.007136998794013222,52.040146,-0.741748,61.7903999996392,Vw3
5541.210000000902,0.6084309894184192,0.05548899549982894,10.070026008996734,0.059317000345473145,0.12914600149193886,-0.0816340006909463,52.040146,-0.741748,61.661299998827374,Vw3
5541.310000000903,1.4089950074084507,1.3619530119609686,10.016342999419424,-0.005046000590509053,-0.121155002297929,0.09332500160268131,52.040146,-0.741748,61.49169999846504,Vw3
5541.410000000903,-0.0037470129597276802,0.6071579929950836,9.948379999386008,0.004893000096613314,-0.04539099928578383,-0.04142100124513791,52.040146,-0.741748,61.34149999864561,Vw3
5541.510000000903,0.8420120078446398,-1.2251700166409658,9.435374995327345,-0.019849000226634966,-0.019651999772462108,0.0324400006862254,52.040146,-0.741748,61.23109999900677,Vw3
5541.610000000904,0.7401999882385586,1.3899999623893449,9.426700014231882,-0.040399997802561746,-0.1011999966738572,-0.04870000184387894,52.040146,-0.741748,61.12999999883639,Vw3
5541.710000000904,-0.5607901107687652,-2.7702970673053846,11.000957439971337,0.2026693091276498,0.2667207954046218,-0.25266039788307887,52.040146,-0.741748,61.00128712754951,Vw3
5541.810000000904,0.7378000119162914,-0.4404999682485836,10.549999984514997,0.10480000016559107,0.11330000221981543,-0.13480000091656896,52.040146,-0.741748,60.81999999865737,Vw3
5541.910000000905,2.055918823806738,3.071678249597867,8.837128697374254,0.12311683184888805,0.3588445566769856,-0.23618613953114242,52.040146,-0.741748,60.67148514717118,Vw3
5542.010000000905,-1.315116030927876,-2.6918280529928493,11.508642024571124,0.175770000479516,0.3679330000606181,-0.23878400001447597,52.040146,-0.741748,60.471999998190505,Vw3
5542.1100000009055,2.6729710367955533,2.9545740521888453,8.603716973177436,0.006910998450437078,0.11842099771686257,-0.08267699857179384,52.040146,-0.741748,60.37099999909435,Vw3
5542.210000000906,-0.8443610325483935,-1.815238044161629,9.782197011051727,0.14013700123440997,0.30815800175878516,-0.19603900105146732,52.040146,-0.741748,60.27099999909434,Vw3
5542.310000000906,0.2547058927416955,1.7304765034886225,9.585917645150575,-0.008067648427822205,0.05677646826955485,-0.025794116078173918,52.040146,-0.741748,60.1244117633733,Vw3
5542.410000000907,0.5867316354347266,-0.2639163461882079,9.476364284749446,-0.05021224524948324,0.10155918416375292,-0.09325102108715974,52.040146,-0.741748,59.99132652940966,Vw3
5542.510000000907,1.3506150069669607,0.9132900109785158,9.472230999971897,-0.0008029995439972418,0.08952699988486609,-0.05964699968542155,52.040146,-0.741748,59.851399998730805,Vw3
5542.610000000907,-0.5208999906877865,0.10970000380684586,8.97710000352915,-0.06830000044844572,0.1758999990195305,-0.08540000009885577,52.040146,-0.741748,59.66999999973039,Vw3
5542.710000000908,0.505040603369587,0.5291059444000744,9.3659118847165,-0.11770594104240725,0.06788019703954648,-0.09629108920774508,52.040146,-0.741748,59.64029702943342,Vw3
5542.810000000908,-1.0608790144622544,-1.612030019684508,9.528992001460669,-0.1111709999355053,0.25262300170502183,-0.08145099986283522,52.040146,-0.741748,59.59049999954581,Vw3
5542.910000000908,0.6295000079217834,0.6062999917417701,10.882599983851472,-0.08310000074575953,-0.06789999961587537,0.01590000040931314,52.040146,-0.741748,59.520000000719676,Vw3
5543.010000000909,1.501381196038868,-0.3026108993455382,9.105273251181726,-0.16517920866638902,-0.02562277189318684,0.060949505359718936,52.040146,-0.741748,59.59920792151159,Vw3
5543.110000000909,-0.0066790139311634356,0.32942400588853293,10.53418701328739,0.18584600323160075,-0.23319900191040888,0.20000000127299972,52.040146,-0.741748,59.6,Vw3
5543.2100000009095,-0.33602800288428253,1.8254540136812465,10.934405003541702,0.014862998396913601,-0.1668909993716774,-0.011846001958620622,52.040146,-0.741748,59.48119999890884,Vw3
5543.31000000091,0.3134000155667673,-1.1406999592285232,9.057100004635721,-0.04020000008374555,-0.16200000220259805,-0.01009999733815214,52.040146,-0.741748,59.45000000027015,Vw3
5543.41000000091,2.0249841739946306,3.342171327931677,9.56680297493633,-0.04940792087588944,-0.4041782200260813,0.2825732699906362,52.040146,-0.741748,59.47970297056738,Vw3
5543.510000000911,-0.06481801937096376,-1.7680290473952387,10.079374004665706,0.012672000571608173,0.14285000505163287,-0.03852700297909806,52.040146,-0.741748,59.47009999990898,Vw3
5543.610000000911,-0.3008000321402113,-0.9475000204936223,9.78140001707893,-0.05999999735810161,-0.1814999959537672,0.15639999820926861,52.040146,-0.741748,59.369999999088684,Vw3
5543.710000000911,-3.8275999323976677,-3.1962999412256807,11.655499966317485,0.22989999541455824,0.2624999938274288,-0.04009999670122489,52.040146,-0.741748,59.270000000090235,Vw3
5543.810000000912,3.5905188795356247,3.2531059994136777,7.959460362331129,-0.27326832142065904,-0.4148267388505959,0.3218802013211196,52.040146,-0.741748,59.27990099018931,Vw3
5543.910000000912,-2.07769997165084,-1.710299945104233,10.708999987446896,-0.16100000010308121,-0.01500000595590518,0.09420000377934067,52.040146,-0.741748,59.259999997993106,Vw3
5544.010000000912,1.0299999971513347,4.307499951112966,9.332900011067705,-0.17229999675934973,-0.6678999876479562,0.50849999101415,52.040146,-0.741748,59.039999999187124,Vw3
5544.110000000913,0.717722769426369,-1.0516089598157645,10.5461673378089,0.18294752799562075,0.6861594183021485,-0.4765495139432637,52.040146,-0.741748,58.950891088295414,Vw3
5544.210000000913,-1.2764880183609004,-2.6480160142271414,9.815799993153005,0.23887100048294135,0.7955320008837188,-0.4259109994421982,52.040146,-0.741748,58.88069999936095,Vw3
5544.3100000009135,6.266901069815927,2.793478050372302,7.228854976190082,0.17504999940600857,-0.002133007371890816,-0.019003996249629396,52.040146,-0.741748,58.84039999963447,Vw3
5544.410000000914,-0.46661306286045523,-0.3023720290857659,10.914310034259941,0.031047998676756672,0.1887900018368226,-0.029948000138903995,52.040146,-0.741748,58.820199999817234,Vw3
5544.510000000914,0.7090999765724655,-1.0808000245868294,9.727600000871508,-0.15159999899907858,-0.38629999256005865,0.1434999965746043,52.040146,-0.741748,58.68999999873301,Vw3
5544.610000000915,-1.8539693303762301,-3.770701014704733,9.822946535525643,-0.042095048503259916,0.42766040348526246,-0.23125247867555257,52.040146,-0.741748,58.551386137345894,Vw3
5544.710000000915,-0.19214498440805938,-0.8910589731438083,9.593526997871374,0.03592300071076198,0.07840999669774684,-0.053433998322345605,52.040146,-0.741748,58.40149999862787,Vw3
5544.810000000915,4.227399956802505,3.768599961282144,9.389500014365646,0.007500000649525096,-0.34439999719354425,0.37059999774613883,52.040146,-0.741748,58.24999999954705,Vw3
5544.910000000916,-0.4938871719435278,-0.4630832070644102,10.959599024277665,0.0784900996599247,-0.037667323924063134,0.1242633640810423,52.040146,-0.741748,58.20049504905166,Vw3
5545.010000000916,2.7831220307460676,-0.146425996679813,9.08717198253651,-0.014652000868046702,-0.0658840002893489,-0.05105400159874425,52.040146,-0.741748,57.95249999771085,Vw3
5545.110000000916,-2.023113044807941,-2.62750202300386,9.851388007251833,0.10557600112187127,-0.1392620006764224,0.03570600081940596,52.040146,-0.741748,57.65299999725031,Vw3
5545.210000000917,3.760288053997005,-0.2463059777218355,9.931966000672764,-0.05556000150317575,-0.4469000028413688,0.3105330025361508,52.040146,-0.741748,57.481699998441826,Vw3
5545.310000000917,1.65486197994225,-1.5018720118610647,10.173765002234042,-0.0770000001834942,0.11420100522866711,-0.01112300300655239,52.0410310600082,-0.7434349600156337,57.36119999889903,Vw3
5545.4100000009175,3.649234018685399,0.9049580224250475,9.691297995506183,-0.02106699947978881,-0.19313800290107203,-0.023211000081655726,52.04104,-0.743452,56.90459999577959,Vw3
5545.510000000918,1.193510977052906,-2.197218028975856,10.983894012024493,0.014447000323870463,0.26890100431123887,-0.18170000146796805,52.04104,-0.743452,56.41489999550434,Vw3
5545.610000000918,0.1985969910026265,-2.297011000632764,10.36557799414257,-0.08113100088991068,0.15519599890161695,0.018660001873496146,52.04104,-0.743452,55.875399995040745,Vw3
5545.710000000919,0.8379000158561306,-0.8469999925430529,9.996399999409737,0.06239999984811438,0.06649999768897397,-0.11939999855026545,52.04104,-0.743452,55.299999995088726,Vw3
5545.810000000919,2.564038629729641,-0.035217814319529306,9.932142573666711,0.04586534638265171,-0.1850841607286347,0.0384217836290609,52.04104,-0.743452,54.76534652973844,Vw3
5545.910000000919,0.9924489852461693,-1.3983490127332112,9.200483993211895,0.006396999635038272,0.17652200338118196,-0.019004000547902244,52.04104,-0.743452,54.066999993564906,Vw3
5546.01000000092,0.8903000366261089,-1.1815999666303747,11.04329997776815,-0.0638000013064171,-0.12010000027584974,0.005500002609192619,52.04104,-0.743452,53.59999999535699,Vw3
5546.11000000092,4.87356736338676,2.447508944286205,8.62547819557295,-0.20587920922820713,-0.15010000027606046,0.2892623788488095,52.04104,-0.743452,53.095049500303936,Vw3
5546.21000000092,0.826800026638084,-0.41680002765417873,11.296099940210802,-0.033400003467480066,-0.4805999971394429,0.4119999978575438,52.04104,-0.743452,52.44999999562578,Vw3
5546.310000000921,3.7209584424999957,-3.421354483120827,4.80015934610577,-0.4101326767374529,-0.16980791792933908,0.17922772062818612,52.04104,-0.743452,51.974752470869966,Vw3
5546.410000000921,3.823952000688996,-2.8654189945479023,4.9944810024124076,0.3573100071755095,-0.04443499886241921,-0.14811700302403058,52.04104,-0.743452,51.22749999309161,Vw3
5546.5100000009215,-2.7664999093950704,-5.40919991781395,9.691400003855223,-0.02469999994096408,-0.530199988525564,0.22609999357760757,52.04104,-0.743452,50.569999996869306,Vw3
5546.610000000922,7.0677719352946475,3.5112855191060355,10.109846605798229,-0.018292232950653582,0.7152369046820586,-0.47098738506526194,52.04104,-0.743452,50.23019417162557,Vw3
5546.710000000922,6.45060407296187,4.185508167130278,9.411726523857013,-0.1616204095274837,-0.18968572324251365,0.19511735346914771,52.04104,-0.743452,49.81418366961194,Vw3
5546.810000000923,-1.8974999375085775,-0.8008999957139242,11.319899974424162,0.054299997751042925,0.5355999927098363,-0.4860999925856551,52.04104,-0.743452,49.28999999680416,Vw3
5546.910000000923,4.878638676400403,-0.33614752046313523,8.546632647672011,-0.18956138838928377,-0.2548950568006666,0.31786040345959576,52.04104,-0.743452,48.94346534333638,Vw3
5547.010000000923,-1.2031830573300795,-1.519995011079859,11.161111024632266,-0.0249869984430052,0.2216070045159309,0.023454997180427373,52.04104,-0.743452,48.6231999970466,Vw3
5547.110000000924,1.430767025158865,-1.0432369954390146,9.350557982855426,0.029467000492405353,0.0342419982059077,-0.09176700104670779,52.04104,-0.743452,48.11509999528843,Vw3
5547.210000000924,0.9014999999240635,0.22179998129949222,9.547199991125494,0.07239999904759156,-0.08549999609338708,0.10299999776673485,52.04104,-0.743452,47.67999999835318,Vw3
5547.310000000924,0.8932821781418275,-1.801962394952346,8.586803951514787,-0.030669307883825436,0.33727228113730523,-0.13868317055179435,52.04104,-0.743452,47.501782176569755,Vw3
5547.410000000925,-3.1131320374230267,-2.05970100221849,10.407908017100588,0.1434310016358934,-0.030443003474308394,-0.1057569996698621,52.04104,-0.743452,47.08419999611602,Vw3
5547.510000000925,0.6194000099941049,-1.1866999927771003,8.669200009777976,-0.12399999942762617,0.6803999956105795,-0.4028999970062559,52.04104,-0.743452,46.78999999825998,Vw3
5547.6100000009255,1.6998950595066449,-0.4058089036627044,9.726328722656689,-0.062118811308379644,0.20584554016170187,-0.07923663066734887,52.04104,-0.743452,46.601881186377476,Vw3
5547.710000000926,-0.3901584354807772,6.439469370848558,12.557125768938224,-0.33546534909572967,0.8596950556616125,-0.3605514878085521,52.04104,-0.743452,46.433366335075945,Vw3
5547.810000000926,4.274567721272689,-5.534309205423954,7.435146415680843,-0.22300403928842016,0.7694565646775902,-0.42539697025571577,52.04104,-0.743452,46.06373737027446,Vw3
5547.910000000927,2.3281459813332197,1.6534480684294168,10.595345030071993,-0.13002699914106497,0.36972699626868244,0.002373004009290025,52.04104,-0.743452,45.5253999949965,Vw3
5548.010000000927,0.40462598218566903,-3.929362052942643,8.759372982512751,-0.1826590005012771,0.5031120012860861,-0.3415820032596909,52.04104,-0.743452,44.787399993143346,Vw3
5548.110000000927,2.6226020209590892,-0.4375479667518616,11.468742025559367,0.2018110036069519,0.08107699603318769,0.10792400424412746,52.04104,-0.743452,43.918699991930964,Vw3
5548.210000000928,-2.1549140449700133,-5.9910420523639205,10.229396988130981,0.03759799842513131,0.6100140049954315,-0.273897003619972,52.04104,-0.743452,43.00909999155989,Vw3
5548.310000000928,2.5209999952456164,-1.1981999832172578,8.83220001816592,0.08590000206502592,-0.01479999537549229,0.05949999685422153,52.04104,-0.743452,42.139999991187,Vw3
5548.410000000928,2.008500024565451,0.6109000068430949,10.790399987332506,0.30849999440085346,0.4836999926585903,-0.2795999926503157,52.04104,-0.743452,41.189999990070476,Vw3
5548.510000000929,4.653945569114665,1.3478306999109417,9.426241571493623,-0.29447030262765495,-0.3068940667457841,0.5118851558629678,52.04104,-0.743452,40.120693059379526,Vw3
5548.610000000929,-1.4665100576998888,5.261542036668098,7.979079986543817,0.05491000333616691,0.14624300432772402,-0.14825200627087864,52.04104,-0.743452,39.258599992008065,Vw3
5548.7100000009295,1.0571810242724782,4.761449994935296,9.14844201111261,-0.2501820028975683,-0.31063800433241295,0.29921200426364436,52.04104,-0.743452,38.061999988848356,Vw3
5548.81000000093,8.153781066434231,3.1427949848423276,10.725194014702803,-0.0957909985200456,-0.03423899735915109,0.13619299842516483,52.04104,-0.743452,37.09959999107004,Vw3
5548.91000000093,2.3692509449769714,-0.7650910365657428,10.83445600087812,-0.4092180029599377,-0.961505008739351,0.34200400194972647,52.04104,-0.743452,36.149499991162976,Vw3
5549.010000000931,0.7911429857277421,7.722965080123896,5.507021949934076,-0.517934000991607,-1.1221720014213654,1.0540290066705573,52.04104,-0.743452,35.27869999190715,Vw3
5549.110000000931,8.09359993456214,-9.521399881270202,8.749300024088981,0.3129999972659689,-0.07780001002601025,-0.02759999270156616,52.04104,-0.743452,34.29999998801268,Vw3
5549.210000000931,1.0672633009126935,3.227114970189689,11.335834677549204,0.01943564083090693,-1.1543346634892242,0.7560633736335151,52.04104,-0.743452,33.012871275143944,Vw3
5549.310000000932,2.290336012175947,2.6895179937386704,9.420903981728625,0.057189000383061406,0.87667601922204,-0.47478801166147044,52.04104,-0.743452,31.92089998984095,Vw3
5549.410000000932,0.010856978416935448,8.547560055213573,9.170035997822774,-0.0386280009059351,-0.051417008931662456,0.17649500624927444,52.04104,-0.743452,30.73189998890882,Vw3
5549.510000000932,1.058682010082722,4.259313959070747,10.521525012745537,0.05445000088543039,0.9404840094284357,-0.572170007111404,52.04104,-0.743452,29.819099991518506,Vw3
5549.610000000933,6.205799951228109,-0.6329999251601988,9.220700004981683,-0.07139999912044478,-0.594299999933479,0.47169999930337747,52.04104,-0.743452,28.689999989097952,Vw3
5549.710000000933,0.9791662878721263,7.3871980946258935,9.754561391119239,0.022857426621942747,-0.587171287062206,0.39704653395699074,52.04104,-0.743452,27.521683157417097,Vw3
5549.8100000009335,5.0186690385966175,-0.7250480772772825,9.473987997303064,-0.12004700135687223,-0.11972099559133254,0.15424499771675662,52.04104,-0.743452,26.361599989167434,Vw3
5549.910000000934,0.6987529588610633,7.350493076955857,9.523075000490271,-0.07091099952280217,-0.5075350037027191,0.39395400228419947,52.04104,-0.743452,25.10259998823348,Vw3
5550.010000000934,3.9422920310113225,-2.13376709024082,10.646161010588937,-0.0443629997543972,0.3090120077397569,-0.10859900476357376,52.04104,-0.743452,23.931699989073945,Vw3
5550.110000000935,4.056680000766496,0.18925902284625806,9.43692898847545,-0.0905310004383984,-0.1451290043662236,0.14528400244530956,52.04104,-0.743452,22.67259998822213,Vw3
5550.210000000935,3.475973994509217,0.5063440027631518,10.476376009930895,0.0032480008898919666,0.426776005444045,-0.21711300344646187,52.04104,-0.743452,21.313599987287258,Vw3
5550.310000000935,3.0128189956781823,3.2351660257624864,8.688367983000912,-0.12568800122758705,0.06649799653992605,0.042639002489793576,52.04104,-0.743452,20.072399988397805,Vw3
5550.410000000936,1.2306000192001616,4.956399980291133,10.602499987870752,0.010699999284661706,0.3510999990947079,-0.16979999955337688,52.04104,-0.743452,18.79999998823213,Vw3
5550.510000000936,3.282184177611939,2.850459386235899,9.306460383912924,-0.06573564427954331,0.2543673258275728,-0.12207722727624368,52.04104,-0.743452,17.542574245660365,Vw3
5550.610000000936,2.1490529890861456,3.328855004724997,10.121437007832537,0.03566800096654062,0.2525089999915709,-0.1289260000693062,52.04104,-0.743452,16.233099987730927,Vw3
5550.710000000937,2.483207003271472,0.7447529755056372,10.439967002934303,0.005415999704040893,0.2356699998407815,-0.0908849996394169,52.04104,-0.743452,14.952799988011783,Vw3
5550.810000000937,2.398292999162831,1.3031950055358186,9.70337199299515,-0.04360800046124009,-0.05526300275337831,0.05087200133872122,52.04104,-0.743452,13.71239998837525,Vw3
5550.9100000009375,2.0518899967281636,1.4215640010649875,9.803612001019989,-0.03598199992312591,0.04753200100123821,-0.012050000609367825,52.04104,-0.743452,12.472399988375138,Vw3
5551.010000000938,1.127899997764255,1.5657999976493424,9.636900002792844,-0.037399999707661655,-0.0050999989124645775,0.03799999955046084,52.04104,-0.743452,11.42999999080697,Vw3
5551.110000000938,0.889468625214045,1.3151137231382866,9.934743140049232,-0.0062235291192706856,0.11088039324497728,-0.009941176920366779,52.04104,-0.743452,10.449607833939329,Vw3
5551.210000000939,1.4325101062556422,0.9755141382103233,9.970495959881271,-0.02203232338967051,0.03341414065015402,0.008700000187679281,52.04104,-0.743452,9.548989890553809,Vw3
5551.310000000939,0.5079000000920013,1.145899993368476,10.02579999730873,0.0062000000390308296,0.07119999985316973,0.018499999553004066,52.04104,-0.743452,8.689999993030208,Vw3
5551.410000000939,0.51770198029009,0.43936533989816695,9.739067324039391,0.010358415880644196,0.055556435496624215,-0.02912376282356807,52.04104,-0.743452,7.947425735599251,Vw3
5551.51000000094,0.4337489992025276,0.5401110010229063,9.782334000437718,0.0009949999107657457,0.03193699977738402,-0.020194999910765746,52.04104,-0.743452,7.345999994364152,Vw3
5551.61000000094,0.31736699890277686,-0.12873300636238993,9.82576600040805,0.01812600016359625,0.04367900011376521,0.004056000229410835,52.04104,-0.743452,6.904399995863083,Vw3
5551.71000000094,-0.083562003796598,-0.04828099917166845,9.796598999718876,0.014339999962391303,0.013109999708532594,-0.004709000085559786,52.04104,-0.743452,6.523799996427173,Vw3
5551.810000000941,-0.3250020022568006,0.04209600085077052,9.993112001870943,0.04202000026351299,0.012601999998117765,0.009456000135520969,52.04104,-0.743452,6.282399997741318,Vw3
5551.910000000941,-0.1428639982457394,-0.16777100200365924,9.756410997730942,0.01091699970166276,0.012798000001882255,0.0011849999200042108,52.04104,-0.743452,6.151299998776535,Vw3
5552.010000000942,-0.3504840019914246,-0.3743350019434271,10.075255003053957,0.024163000128934388,0.0179480000489386,-0.006226000069643393,52.04104,-0.743452,6.0707999992470985,Vw3
5552.110000000942,-0.09044799750551163,0.013066003705935525,9.730613996689716,0.01608299992181173,0.029484000109275172,-0.007389000010362301,52.04104,-0.743452,6.03039999962319,Vw3
5552.210000000942,-0.33530000235509105,-0.20456200210827752,9.77570900046254,0.0012489998596365726,0.02128399992086894,0.0005200000753629135,52.04104,-0.743452,6.000299999717389,Vw3
5552.310000000943,-0.3664000010905688,0.012799998531603695,9.707500001263156,0.024999999757444068,0.06079999980222362,-0.027899999962683705,52.04104,-0.743452,6.030000000093291,Vw3
5552.410000000943,-0.4821425753488075,-0.14304158562790675,9.841559407204693,-0.0007425745001624906,0.03980990079217521,-0.023939603923051927,52.04104,-0.743452,6.03990099019237,Vw3
5552.510000000943,-0.8723700037057773,-1.0336200084676541,9.895469000500706,0.01889900018953213,0.02276999983969919,-0.03449300010089521,52.04104,-0.743452,6.109300000660062,Vw3
5552.610000000944,-0.6731519980632275,-0.5218599950353683,9.845113999514863,0.013258999944313067,-0.009278000303918513,0.019949000520059317,52.04104,-0.743452,6.149600000377539,Vw3
5552.710000000944,-0.8831580020217382,-1.1824740063483716,9.878458000322798,-0.0004620001302520476,0.0031710001217573475,-0.006626000258616382,52.04104,-0.743452,6.308400001510169,Vw3
5552.8100000009445,-0.7255277212479032,-0.4913970230452902,9.697855443818177,0.07458118883610936,0.01604257437900158,-0.016113861474047298,52.04104,-0.743452,6.584455448163111,Vw3
5552.910000000945,-2.1291444580070404,-3.9533303365407564,9.70528686879375,-0.0182373746468273,0.010558585803236115,-0.005807070605914278,52.04104,-0.743452,7.055252529737762,Vw3
5553.010000000945,-0.6849000043477745,-1.1101999994292786,9.678700001280848,-0.057999999622014006,-0.031999999782938736,0.01909999969873393,52.04104,-0.743452,7.750000007671993,Vw3
5553.110000000946,-1.1449990142519963,-1.0498039598248938,9.814244555737247,-0.01799999962173305,-0.009029702753074426,-0.012781188420301876,52.04104,-0.743452,8.561881195796508,Vw3
5553.210000000946,-1.9865999909006873,-1.8661000040805027,9.776599996392434,-0.017100000265790734,-0.020799999426800057,0.02469999955543899,52.04104,-0.743452,9.550000010120858,Vw3
5553.310000000946,-1.0246000035231484,-2.297499998169124,9.395200004230214,-0.045199999665666145,0.03979999970874558,-0.022299999672221713,52.04104,-0.743452,10.620000008896838,Vw3
5553.410000000947,-1.397075251050517,-2.1039356417321207,9.842427727005632,-0.009853465011952535,0.009007920500608505,0.01235346567455635,52.04104,-0.743452,11.560594068309387,Vw3
5553.510000000947,-1.523560001173764,-1.850242997592837,9.9178830006787,-0.04563500034550312,0.05889300047991804,-0.019178000304800016,52.04104,-0.743452,12.37190000766733,Vw3
5553.610000000947,-1.052371995478605,-1.1966759937693432,9.795542998822278,-0.001548999574579546,0.08692200026340063,-0.0485070002776129,52.04104,-0.743452,13.152200007390377,Vw3
5553.710000000948,0.8844840184912808,1.7723760283527923,9.819842000244453,0.0035530000445321893,0.06235099976217916,-0.05464100005590211,52.04104,-0.743452,13.89260000701145,Vw3
5553.810000000948,1.8174730087508295,2.323337004991396,10.21511000378409,-0.02016000022761451,0.05665499994783834,-0.04222599988050238,52.04104,-0.743452,14.38510000464713,Vw3
5553.9100000009485,1.8760000001887813,2.842599999635586,10.195900001409756,-0.01510000010894846,0.01730000018314612,0.022899999394208993,52.04104,-0.743452,14.669999994270814,Vw3
5554.010000000949,1.8959009902877517,2.8041841580515037,10.3445138627956,-0.026585148623777193,0.036606930876177175,-0.040961386744278364,52.04104,-0.743452,14.066039598232408,Vw3
5554.110000000949,0.9852999912664098,2.5672889977321147,10.330555999851908,0.02369100048319537,-0.037252000710078864,0.07205200108980019,52.04104,-0.743452,13.18879999164613,Vw3
5554.21000000095,1.4342720043934178,1.4463979892746688,9.554833992563088,-0.015697000382572893,0.004867000411052265,-0.011049000807864834,52.04104,-0.743452,11.991999988608251,Vw3
5554.31000000095,1.236699990503935,1.0706000085973184,9.683100002888022,0.010599999899408085,-0.058000000053586354,0.02940000027169218,52.04142,-0.74428,10.749999989564754,Vw3
5554.41000000095,0.23660098059592038,1.9760455531581336,9.987258418731741,5.940493393081017e-06,-0.06364356441006164,0.05801386165803177,52.04142,-0.74428,9.650989098467926,Vw3
5554.510000000951,0.2551000003914609,0.8592000041413931,10.145399997681347,-0.012299999818384715,-0.03940000003764047,0.011800000271952422,52.04142,-0.74428,8.559998992189612,Vw3
5554.610000000951,0.2962881192036314,1.2949425784018793,9.901439601640028,0.006808911072838613,-0.043360396077272254,0.04041386165829202,52.04142,-0.74428,7.738217804065028,Vw3
5554.710000000951,0.9476250062536886,0.8465729956504762,9.654964997655462,-0.01775000023778284,0.07421200112994406,-0.05047900087599198,52.04142,-0.74428,6.957799992581176,Vw3
5554.810000000952,1.1015999957274856,1.366800005951944,10.149300002124955,-0.03889999995855586,-0.02869999950737985,0.017599999581790926,52.04142,-0.74428,6.389999994819481,Vw3
5554.910000000952,0.6524910848332421,1.992443570312774,10.372666338760187,-0.0345435643149609,0.023082178710805642,-0.026360396458121802,52.04142,-0.74428,5.845445539370113,Vw3
5555.0100000009525,1.0628100039890511,1.6674459968144713,9.650813993036772,0.05311500084255616,-0.010159000324645933,-0.009177999830536722,52.04142,-0.74428,5.067799992574081,Vw3
5555.110000000953,0.1347169910261521,0.9237779928739053,10.310166006417107,0.030734999776058803,0.03147600040404709,-0.02038500010958825,52.04142,-0.74428,4.198699991709411,Vw3
5555.210000000953,0.13698200011244815,0.22181499331505328,9.728542994336616,0.048518000173436965,-0.00146300032114427,-0.012777999925669872,52.04142,-0.74428,3.3088999915187416,Vw3
5555.310000000954,-0.42086400537590285,-0.3707850056420272,9.813482000875634,0.02652399978633743,0.021069000220339525,-0.0038889999151072822,52.04142,-0.74428,2.507999992369194,Vw3
5555.410000000954,-0.46884455486334925,-0.19212871109331803,9.655411879656592,0.031004950540372136,0.02169207921169768,-0.01428811891291289,52.04142,-0.74428,1.9216831627459248,Vw3
5555.510000000954,-0.6240252540273378,-0.713244449552883,9.883440406291124,0.029813131300605908,0.02783737379711029,-0.006283838303868482,52.04142,-0.74428,1.4744444402050763,Vw3
5555.610000000955,-0.6465999985949658,-0.404700002910293,9.628300002285307,0.011199999938541571,0.029699999884647256,-0.009100000028365429,52.04142,-0.74428,1.17999999867628,Vw3
5555.710000000955,-0.4994712857239701,-0.709452478157214,9.867606932977903,0.004764356374197885,0.01762079196387911,-0.012070297058062514,52.04142,-0.74428,1.041386137290416,Vw3
5555.810000000955,-0.6560000003148563,-0.7925000053790308,9.759799999996218,0.017799999803333025,0.020099999757002825,0.0005000000378205718,52.04142,-0.74428,0.9699999997163457,Vw3
5555.910000000956,-0.6889702973447909,-1.3557673321156605,9.759403960392254,-0.0027940596027522142,-0.005345544797631344,0.00446039607745235,52.04142,-0.74428,0.9402970294191073,Vw3
5556.010000000956,-0.5822809989669112,-1.1011289974875202,9.849292000867756,0.012246000147174543,0.024100000286703654,-0.01520100019018009,52.04142,-0.74428,0.9598000001911358,Vw3
5556.1100000009565,-1.018499994084016,-2.6165999843806658,9.788500002158932,0.0061999997745389645,0.0187999995594984,0.012899999871165123,52.04142,-0.74428,1.0300000017998991,Vw3
5556.210000000957,-0.40018316240207275,-0.9841247368591475,10.014143566514921,-0.017364356661057918,-0.027239604400806427,-0.0005653466634616654,52.04142,-0.74428,1.2181188136807144,Vw3
5556.310000000957,-1.264210008416326,-4.562688034768331,9.582878995807157,0.03289000048831926,-0.0024549997558403723,-0.01307500011968609,52.04142,-0.74428,1.4279000020107262,Vw3
5556.410000000958,-1.0975999996520047,-4.005100001714374,9.605699996750465,0.023800000107148382,0.026099999658642327,0.003500000239898588,52.04142,-0.74428,1.800000006258224,Vw3
5556.510000000958,-1.0612633659887105,-4.184109902704119,9.266393066058068,0.034988118919007404,-0.009543564697722707,0.028549505190344014,52.04142,-0.74428,2.453465352791583,Vw3
5556.610000000958,-0.9003219984454781,-3.0463109889678783,9.768098004889747,-0.023112000563538168,0.04266900050890947,0.00038699972493970447,52.04142,-0.74428,3.291600008050545,Vw3
5556.710000000959,-1.297076003856631,-3.751362006936952,9.521145997559895,-0.040134000159095615,0.04003199996933097,-0.027422000266437235,52.04142,-0.74428,4.319700009871596,Vw3
5556.810000000959,-1.0433039975019627,-4.298051005227268,9.823916002958505,-0.00535299966136437,0.011190999720841453,-0.02730399999616277,52.04142,-0.74428,5.34970000988087,Vw3
5556.910000000959,-1.6180680055947356,-3.204896989354461,9.743839999194174,-0.03450200028587641,0.018820000076745343,0.019725000455675493,52.04142,-0.74428,6.379700009880963,Vw3
5557.01000000096,-1.6701999987849285,-3.4566999994964913,9.945399993471485,0.05239999985939752,0.033500000130152294,-0.058599999684594443,52.04142,-0.74428,7.540000010165179,Vw3
5557.11000000096,-1.5435663354177025,-3.40422475197137,9.265003953862745,0.037746534512759944,0.04706435656589113,-0.025728712555650686,52.04142,-0.74428,8.599405950766679,Vw3
5557.2100000009605,-2.059999995933878,-3.674899997027433,9.345500002760513,0.011300000036134855,0.02230000029953893,-0.037000000156901344,52.04142,-0.74428,9.590000010364998,Vw3
5557.310000000961,-1.636633659297241,-3.3653950465302094,9.632925745336788,0.015062376273785044,0.05348811911163918,-0.05333663382038242,52.04142,-0.74428,10.669207931164657,Vw3
5557.410000000961,-1.3766999919488119,-2.5029000084039983,9.441400003405052,-0.05799999959335492,0.03970000061140963,0.016499999030973413,52.04142,-0.74428,11.670000010478562,Vw3
5557.510000000962,-0.5392000080799807,-3.3771000001694236,9.795599995596891,-0.015700000148483564,0.10329999943176482,-0.0842999992642449,52.04142,-0.74428,12.76000000913745,Vw3
5557.610000000962,-1.3796950575908347,-3.3947237625457847,9.337580193613476,-0.0311455447030475,0.04419108854026054,-0.007765345798360801,52.04142,-0.74428,13.710495058649077,Vw3
5557.710000000962,-2.1639630075395493,-2.0922579873414078,10.057185007037361,-0.01842999987493411,-0.026492000681128086,0.010622000171244064,52.04142,-0.74428,14.502100007600157,Vw3
5557.810000000963,-0.6392799850936006,-2.7477460065037356,9.792843997357677,0.01674600034088278,0.12001300143190027,-0.039789000492065255,52.04142,-0.74428,15.321800007896154,Vw3
5557.910000000963,-1.404399995648638,-2.2290999953320365,9.557600000288947,-0.06089999969961011,0.016000001706977476,-0.030200000782920955,52.04142,-0.74428,16.370000007915035,Vw3
5558.010000000963,-0.9526178174317113,-1.744446529986462,9.587600000288887,-0.029711880887790712,0.19322772447890357,-0.11148712949563121,52.04142,-0.74428,17.191782186131228,Vw3
5558.110000000964,-0.9019000031031419,-1.6911000032081391,9.422100008283318,-0.07699999853194948,0.017400000736888816,0.025999999945592406,52.04142,-0.74428,17.72000000553621,Vw3
5558.210000000964,-1.2237811912213161,-2.0238722804352025,10.281307929073694,0.07527722919052111,0.09383564430109384,0.020356435589167943,52.04142,-0.74428,18.29425743127765,Vw3
5558.3100000009645,-0.7018049948819233,-2.1565930012609478,9.861625995826428,0.0010649992619550103,0.0825219998822987,-0.020587000398447824,52.04142,-0.74428,18.884100005692112,Vw3
5558.410000000965,-0.7415450004389721,-2.280660001196319,10.017581001561968,0.015546000148575163,0.12665300043125388,-0.021495000004823867,52.04142,-0.74428,19.45430000549921,Vw3
5558.510000000965,-0.8243680008026918,-2.161911998830694,9.48786699482206,-0.01855400033381173,0.08690599960830184,-0.045062000229616164,52.04142,-0.74428,20.05400000578864,Vw3
5558.610000000966,-0.9282590010052668,-2.37582700209841,9.603280001178122,0.0478260006508644,0.07570899989474152,-0.06658500020761995,52.04142,-0.74428,20.663900005890614,Vw3
5558.710000000966,-1.805747008549194,-2.7134120032717353,9.8058660019642,0.0165229996880843,0.023129999488187857,0.0712060013461625,52.04142,-0.74428,21.20460000521469,Vw3
5558.810000000966,-1.4193919961413979,-1.3221869863837357,9.872349000629246,-0.029142000442695326,0.07556500051712228,0.04220699970325881,52.04142,-0.74428,21.813900005896162,Vw3
5558.910000000967,-1.0661279965898607,-2.119108007918328,10.11010500231499,0.051085000787773116,-0.06962800142282458,0.008932999678124602,52.04142,-0.74428,22.423900005896215,Vw3
5559.010000000967,-1.9263999921632344,-1.4701000073476258,9.69820000314447,0.017199999816213632,-0.0004999992102929544,0.12129999863213169,52.04142,-0.74428,22.88000000516899,Vw3
5559.110000000967,-1.1158059327516003,-2.2301000073529638,10.02344752789923,-0.0018099011740188992,0.08118316910711246,-0.020185149883713574,52.04142,-0.74428,23.414653470519283,Vw3
5559.210000000968,-0.4540029936115825,-1.9878239975580243,10.114513000858175,0.026710000280575658,0.11674900033959329,-0.009323999880029719,52.04142,-0.74428,24.073400006385512,Vw3
5559.310000000968,-2.6264890213155114,0.056971019977178905,9.562286994589533,0.07996500051809544,0.12808900010749272,-0.07463900064011418,52.04142,-0.74428,24.505700004164133,Vw3
5559.4100000009685,-1.650999998488582,-0.31450001029317926,9.398500000257977,-0.018899998472278527,0.05849999877437034,0.013600000350042898,52.04142,-0.74428,25.000000005178716,Vw3
5559.510000000969,-1.494960394528495,-1.3771732776178067,9.42513366362426,0.13882277380463673,-0.0680346546907255,0.049738614211357446,52.04142,-0.74428,25.53465347052419,Vw3
5559.610000000969,-2.2153080070682245,-0.9719999959288889,10.515588010674065,-0.000972001384177773,-0.08533800015702858,-0.05117700099160636,52.04142,-0.74428,25.926100003780316,Vw3
5559.71000000097,-1.673446994623175,-0.5239829956545328,9.287614987868945,0.09432300094702686,-0.0012509991751076116,-0.053883000016478465,52.04142,-0.74428,26.38540000445888,Vw3
5559.81000000097,-1.916799999862328,-0.5495999924939656,9.229800005925714,0.038399999962188666,-0.011100001203175999,-0.06509999947548896,52.04142,-0.74428,26.78000000397504,Vw3
5559.91000000097,-1.9026000112819792,0.22459999680334314,9.841000002971823,0.034499999273618104,-0.13520000010184718,-0.010999999264970695,52.04142,-0.74428,27.190000004035458,Vw3
5560.010000000971,-3.0651742687054186,-0.10480594379006372,10.147237626733594,-0.04035148587474846,-0.14569504960677693,0.064742574992305,52.04142,-0.74428,27.605841588193048,Vw3
5560.110000000971,-3.198932674465123,-1.2412089220038673,10.35976831888601,-0.017771286899920382,-0.10933663330575791,-0.05143762490922264,52.04142,-0.74428,27.97267327088359,Vw3
5560.210000000971,-1.9612545331652327,-0.0710737255513556,8.296199979508984,-0.09767979877632753,-0.19224646547536545,0.04697171817032195,52.04142,-0.74428,28.306666669903795,Vw3
5560.310000000972,-2.7244630076178824,-0.2526430019022835,10.873355025511206,-0.07899699980850798,-0.21725600023717792,0.062355000140945895,52.04142,-0.74428,28.686200003693756,Vw3
5560.410000000972,-3.239972004984671,1.0896220131984915,9.819806989397852,-0.06860299989987888,-0.3410520012131181,0.08833900025370499,52.04142,-0.74428,29.02660000330497,Vw3
5560.5100000009725,-1.5338000299356687,0.7999000023449512,8.529500008403705,-0.09259999938103303,-0.3501000004967138,-0.013099998279791627,52.04142,-0.74428,29.290000002310297,Vw3
5560.610000000973,-4.612809930947394,1.0410881211585266,9.39385644405334,-0.028936633043952206,-0.4011891094079637,0.16383069479075804,52.04142,-0.74428,29.527623764688204,Vw3
5560.710000000973,-2.0927659749307326,0.6550239961821079,9.880670004699393,-0.13630900106149854,-0.35051699949698006,0.11748599952714181,52.04142,-0.74428,29.807200002724283,Vw3
5560.810000000974,-2.0693760000233725,0.12481599482296202,9.66769999785751,0.02911800163803191,-0.09259999746796488,-0.1086210022194261,52.04142,-0.74428,30.02780000214249,Vw3
5560.910000000974,-4.0467270194510805,3.5335150335838637,9.09793299441681,0.06980600038370428,-0.17454600083168392,-0.05842999948384957,52.04142,-0.74428,30.14880000116864,Vw3
5561.010000000974,0.6570850464681461,-3.9282800737413397,10.275448011639678,0.16256700090861953,0.3605860052725254,-0.3562860029352404,52.04142,-0.74428,30.229200000779095,Vw3
5561.110000000975,-6.272225068696854,4.965697088317009,9.16394798893832,-0.2952660045170802,-0.4087740076285432,0.1801510053115169,52.04142,-0.74428,30.58640000350917,Vw3
5561.210000000975,-1.332903950672323,3.2375709820923486,7.632850985036179,-0.22178899923089995,0.14829400556208455,-0.2845510046292218,52.04142,-0.74428,31.025600004289025,Vw3
5561.310000000975,-6.047799940945273,3.462199953529251,10.554199964035849,-0.03740000138524148,-0.8654999921876243,0.32209999664066874,52.04142,-0.74428,31.48000000376477,Vw3
5561.410000000976,0.00922976206756676,-1.304136680167593,6.8654870927228115,-0.17947920930703154,-0.06421286346912491,-0.022454458807295852,52.04142,-0.74428,31.866138617628867,Vw3
5561.510000000976,-4.400050044052301,4.945590062063496,10.436952035561866,0.2263860040139793,-0.5720890050843087,0.11586800139718481,52.04142,-0.74428,32.394700005171146,Vw3
5561.6100000009765,-3.9972249955809387,0.5256879557722769,11.679121011893868,0.13070799901559915,0.12381800691619715,-0.23296200345516876,52.04142,-0.74428,32.81580000410167,Vw3
5561.710000000977,-2.5272029855434313,8.285560076994924,9.710903980464149,0.14613400016211514,-0.6297170075031964,0.2864180051583865,52.04142,-0.74428,33.26550000439469,Vw3
5561.810000000977,-4.817417022759077,-0.28513108540298937,11.253120015424912,0.20282900055815115,0.14608600773591618,-0.37952000662743374,52.04142,-0.74428,33.586800003128,Vw3
5561.910000000978,3.5035000019612217,7.89309997097082,10.21779998291046,-0.2739999979642402,-0.3215999953815454,0.07519999656834592,52.04142,-0.74428,34.17000000454973,Vw3
5562.010000000978,3.704094061366765,4.923991060085614,8.469879190834716,-0.06578217618247448,0.15077624224128117,-0.2757901024408597,52.04142,-0.74428,34.63534653920227,Vw3
5562.110000000978,4.945085012244765,1.0911159624135118,9.020957005618992,-0.09300400028960851,-0.6585770080454416,0.16768500441750817,52.04142,-0.74428,35.045900004011465,Vw3
5562.210000000979,3.6078999894057517,0.7329000054870337,10.925499994574007,0.10799999852044842,-0.34930000056779126,0.13599999995349152,52.04142,-0.74428,35.53000000416639,Vw3
5562.310000000979,2.5253257319724054,1.2935930747979025,10.37104454902556,-0.04318812029249468,-0.4073198025483968,0.13124752470593337,52.04142,-0.74428,35.9557425784268,Vw3
5562.410000000979,2.223934997125679,0.5036359921301387,8.701804983542432,-0.10132800056017431,-0.2678149986142542,-0.05472200183917367,52.04142,-0.74428,36.45500000489663,Vw3
5562.51000000098,1.602744993884111,1.1684040066554975,8.766774000808923,0.09025900190087117,-0.3845070011683356,0.12160000176278625,52.04142,-0.74428,36.97480000509249,Vw3
5562.61000000098,4.184756025627031,0.2864769912005103,10.07707301296545,0.05556999963731634,-0.38669000000980225,-0.00708200129193802,52.04142,-0.74428,37.40570000421497,Vw3
5562.7100000009805,1.3614999886085069,0.3946000124311429,7.533599999932049,0.22289999765277965,-0.3132999961044685,0.08729999719071314,52.04142,-0.74428,37.880000004562426,Vw3
5562.810000000981,0.19961880048153402,1.6625208045192563,7.5266693068626935,-0.016505942942961288,0.08402673657158954,-0.19923465627664594,52.04142,-0.74428,38.34534653921916,Vw3
5562.910000000981,3.133844029194942,-0.8295000248229607,8.877356013386738,-0.13304700113125983,-0.31007900394518284,-0.19526899993230104,52.04142,-0.74428,38.90440000549441,Vw3
5563.010000000982,3.3461560018092307,-2.3063380143855436,9.315017004202243,-0.1590490002462673,-0.35538300040913734,0.3146500050528951,52.04142,-0.74428,39.36540000451326,Vw3
5563.110000000982,0.3299000363142324,0.8894999954874655,9.205200030251486,0.1837999977894416,-0.26519999987746135,0.4440999927332634,52.04142,-0.74428,39.82000000418188,Vw3
5563.210000000982,4.026929739277206,0.4300940548943162,12.285002010443405,-0.0412495071606076,-0.25272475235273356,-0.29570198746329085,52.04142,-0.74428,40.24574257843846,Vw3
5563.310000000983,3.5472999754066867,-0.19309996121554396,10.60440001512477,0.22680000056212177,-0.28339999637538443,-0.017200001598837656,52.041645,-0.744842,40.93000000622418,Vw3
5563.410000000983,1.043537599151477,3.7554148902973385,12.144201995333605,0.284027723334801,0.08560990461730639,-0.17997227882770372,52.041645,-0.744842,41.56366337256527,Vw3
5563.510000000983,1.3884630036733354,2.108236983253248,11.850422996930204,-0.23960500520479283,-0.1037500019167792,0.3334970051143601,52.041645,-0.744842,42.09470000520971,Vw3
5563.610000000984,0.6539999950192252,-3.0916999421686446,6.579800051945427,0.18829999616796023,-0.19399999984020988,0.2497999991162827,52.041645,-0.744842,42.58000000448192,Vw3
5563.710000000984,0.14786138115884184,2.7850327310870395,11.858413913321108,-0.20110594442532767,-0.17776237607786582,0.1599980189184408,52.041645,-0.744842,43.03544554903547,Vw3
5563.8100000009845,5.0143999180463785,-4.537299901049465,9.375800009708867,-0.21289999802201273,-0.7254999890521849,0.34639999421069695,52.041645,-0.744842,43.610000006396476,Vw3
5563.910000000985,-3.3135999862299412,5.5178999828918345,10.362399985325727,-0.011900001992620129,0.38699999211422803,-0.2418999943314242,52.041645,-0.744842,44.26000000423542,Vw3
5564.010000000985,-1.915599938966177,3.7809999321766226,8.872600015312093,-0.2141999978096324,-0.4135999910103257,0.3335999948254272,52.041645,-0.744842,44.69000000487615,Vw3
5564.110000000986,4.280835704641703,-3.104742642129167,10.427154470768556,0.008176239815691905,0.49907327632281745,-0.19174653983172807,52.041645,-0.744842,45.18504950983012,Vw3
5564.210000000986,-2.0111190632627087,4.184872073264527,9.217178987798118,-0.3869860039565684,0.3360389982858813,-0.018898998226739794,52.041645,-0.744842,45.60580000413991,Vw3
5564.310000000986,3.0346999650349895,0.005600030509948888,12.933799974523959,0.3283999979345069,0.13410000146907708,-0.1139000009868684,52.041645,-0.744842,46.19000000283078,Vw3
5564.410000000987,-0.5118346884552674,3.1002534958782197,10.349740568565213,0.1188950474379859,0.2831099024602227,-0.21399901088856155,52.041645,-0.744842,46.47712871570408,Vw3
5564.510000000987,-1.2160450066644943,1.0450719792103298,7.360334970466079,0.23767900120464064,-0.3952330067749937,0.06447700278517651,52.041645,-0.744842,46.806700003255784,Vw3
5564.610000000987,-2.362092011364174,3.9320260290068854,11.445137041043548,0.1954389995664866,-0.0795579967827183,0.08036800013035028,52.041645,-0.744842,47.27530000464126,Vw3
5564.710000000988,-0.10470003682109291,-1.756299923214741,8.780800022700733,-0.2204999976138461,-0.5210999940551518,0.4471999966916563,52.041645,-0.744842,47.6700000029338,Vw3
5564.810000000988,-3.832620828926485,6.017759482780457,11.079116854400045,0.021084160803692326,0.08078119406788753,0.11224950163979874,52.041645,-0.744842,47.96702970590618,Vw3
5564.9100000009885,0.3901690425327291,-0.9205310700483835,9.375737982763921,-0.1691540019234666,-0.3259310041207257,0.28393200174752775,52.041645,-0.744842,48.465000004942105,Vw3
5565.010000000989,-0.632238010637383,0.06285101052569153,8.894187995366284,-0.14446899973411484,-0.040920997112823265,-0.030011003152073445,52.041645,-0.744842,48.79670000326178,Vw3
5565.110000000989,-2.4944999582281078,4.180399960948826,9.109000016456573,-0.04039999769762767,-0.15999999801898007,0.25989999802387875,52.041645,-0.744842,48.90999999882432,Vw3
5565.21000000099,1.7268861803773912,0.2339643173922883,10.772069323383972,0.19227326962864405,0.04019802178260354,0.06019702772724467,52.041645,-0.744842,48.79118811763644,Vw3
5565.31000000099,-1.587200028247659,-1.7615999245879987,7.181800057687653,-0.08839999563920883,-0.13469999508663946,0.2509999970559026,52.041645,-0.744842,49.04000000048987,Vw3
5565.41000000099,-4.441853493614244,5.859390174475433,13.011602037926622,0.3522930736708172,0.36183465838219475,-0.046524755421434694,52.041645,-0.744842,49.089504950985265,Vw3
5565.510000000991,0.613699990393725,0.0576999771673929,8.644699996954397,-0.39269999545487205,-0.20419999342447062,0.49249999335613026,52.041645,-0.744842,48.920000001287576,Vw3
5565.610000000991,-0.35619995106402824,-2.2476000343482676,8.337200001465213,0.06619999649161509,0.45969999375945664,-0.17829999318348272,52.041645,-0.744842,49.05000000109048,Vw3
5565.710000000991,4.580099905590181,-5.712399907001627,8.485000028148429,-0.28769999671971375,-0.16979999460941592,0.5092999890833801,52.041645,-0.744842,49.160000002257526,Vw3
5565.810000000992,-4.943266431110374,3.6685901920741637,11.32440596876243,0.043191092391521246,0.37396238163202716,-0.5918881297362358,52.041645,-0.744842,49.38772277453636,Vw3
5565.910000000992,0.29146205341045306,0.4441179667481787,9.522289981656836,-0.2964360034364911,-0.35458600735512275,0.05594500660215018,52.041645,-0.744842,49.439500000496025,Vw3
5566.0100000009925,0.27392099928472574,0.17686099765774957,9.849805003467246,-0.10576099805457304,0.12498100487993641,0.3909830032906585,52.041645,-0.744842,49.6182000017857,Vw3
5566.110000000993,-2.7021460298423907,2.672963025059307,10.176139003238038,0.051234001554973874,0.4470960031814407,0.022356996269452922,52.041645,-0.744842,49.719000000992956,Vw3
5566.210000000993,-1.5493479881360168,1.374866986726995,8.712120985283219,0.035672999828216506,0.5099970005987599,-0.10752600126504136,52.041645,-0.744842,49.828900001092265,Vw3
5566.310000000994,-2.643800001479919,2.585199980746303,8.887899999671566,0.06339999814346377,0.024000000524117483,-0.1428999975465795,52.041645,-0.744842,50.39000000265501,Vw3
5566.410000000994,-2.792809902471064,0.6465861193465483,8.854830692740641,-0.12353069492715617,0.0767722777522109,0.1041297054254526,52.041645,-0.744842,50.657326735330145,Vw3
5566.510000000994,-5.253999949435892,2.896599972872505,9.889399977883247,0.11970000013877719,0.5888999964695477,-0.0989999994261908,52.041645,-0.744842,50.89000000324798,Vw3
5566.610000000995,-0.16746529593481974,0.16768908176422892,7.664548492719105,0.1336603961784792,0.23375148161556808,-0.04127722714855764,52.041645,-0.744842,51.216732676517594,Vw3
5566.710000000995,-5.416961053259907,0.2672190012743223,9.227389015927535,0.10013999966177238,0.6351100040686793,-0.5379770049968158,52.041645,-0.744842,51.62590000407863,Vw3
5566.810000000995,-4.465451989891781,3.4415490319127806,16.614247074131924,0.7314200063524864,-0.13359400777233676,-0.40053899856720565,52.041645,-0.744842,51.88740000258879,Vw3
5566.910000000996,4.256898087623292,5.642789021816709,14.38269297680724,-0.34842801092478304,-0.17585200034650242,0.6521810105733024,52.041645,-0.744842,52.345400004580206,Vw3
5567.010000000996,-3.269190076579026,1.7156889602826575,7.671454932735716,-0.18892199828541043,0.24247100421080095,-0.27294800941132435,52.041645,-0.744842,52.98360000637246,Vw3
5567.1100000009965,-6.267293029406588,0.625607989428099,6.956340993481259,0.07099200259912505,-0.5720300082418573,0.22844000514244056,52.041645,-0.744842,53.16820000179388,Vw3
5567.210000000997,-2.2844573853593593,1.9555188253731712,11.886469356617022,0.1705415851341084,-0.3827900970220138,0.3020178224707863,52.041645,-0.744842,53.5130693103836,Vw3
5567.310000000997,-2.0594686854036652,-0.09401012214711835,9.119551485973,-0.1509000032917645,-0.3188121206015276,0.3362646467991631,52.041645,-0.744842,53.91595959998992,Vw3
5567.410000000998,2.667963047618402,1.1496240127442594,8.997833999068321,-0.1059869995142099,-0.36492800047082735,0.29195099955012044,52.041645,-0.744842,54.29620000379056,Vw3
5567.510000000998,-3.5177360628075727,2.8932170174395653,10.036202010471918,-0.1776710007271889,-0.04008599672216373,-0.013123003069355488,52.041645,-0.744842,54.874200005785596,Vw3
5567.610000000998,-2.4529909886270436,1.6464699872502278,8.865134988083904,0.007918001879018921,-0.033037999962060194,-0.07362000057908127,52.041645,-0.744842,55.41460000539145,Vw3
5567.710000000999,-2.873834004359124,1.0047529936570054,8.762713999087438,0.06880400059506137,0.3078570034375776,-0.06954699995307402,52.041645,-0.744842,55.736800003194965,Vw3
5567.810000000999,-0.7724999812812159,3.2915999971692433,10.673699998565342,0.165699998702776,-0.11879999942059966,-0.1472999963466138,52.041645,-0.744842,56.110000005042565,Vw3
5567.910000000999,1.1019554642765044,3.0081346506325994,10.5300366322277,0.035799008602853705,-0.060780197439994105,0.2185415878143716,52.041645,-0.744842,56.61495050009561,Vw3
5568.010000001,-1.3119999835254914,1.4352999959810788,10.275899984855565,0.0023999998278029368,-0.03549999759122039,0.35879999855215916,52.041645,-0.744842,57.21000000435441,Vw3
5568.110000001,0.3362178382682637,1.0332207880574624,8.760751469993437,-0.014827722944595296,0.20549010142037327,0.2139485134026269,52.041645,-0.744842,57.6456435687139,Vw3
5568.2100000010005,-6.577399070018085,-0.8746690192356936,9.84499501110771,0.027174000426103982,0.44678700241358893,-0.482678007023714,52.041645,-0.744842,58.03610000390095,Vw3
5568.310000001001,-1.863026951617691,0.7469260165929686,10.498313006494424,-0.1995060022966254,-0.28617200743650123,-0.033606995387727434,52.041645,-0.744842,58.46570000430492,Vw3
5568.410000001001,-4.467207026823908,0.6302459986524473,9.115829985953816,-0.11517499912399061,0.17140300470241832,0.18563200217050094,52.041645,-0.744842,59.02440000560646,Vw3
5568.510000001002,-0.7231889618670615,1.7022580108545071,10.352071012643568,-0.02668499911397909,-0.2732610045442361,0.212946000254293,52.041645,-0.744842,59.435900004104724,Vw3
5568.610000001002,1.0403710174647989,1.6474629993356382,9.230654988521472,-0.05876700033368397,-0.011885997308482998,-0.05271400269151699,52.041645,-0.744842,59.76670000330678,Vw3
5568.710000001002,-5.020399927758658,-2.039399967216071,9.46890000756659,0.03190000021732241,-0.3499999987496519,0.3211999974348017,52.041645,-0.744842,60.180000006152504,Vw3
5568.810000001003,2.1874218544701876,1.2315901318168043,10.2238505026214,0.05358316853430639,-0.2252475235012509,0.06525940337359815,52.041645,-0.744842,60.793861392295426,Vw3
5568.910000001003,-2.9447634190509033,0.6706920731952335,9.784037619231018,-0.04608217922953384,-0.059228711202309714,-0.03335940691358506,52.041645,-0.744842,61.182277231594874,Vw3
5569.010000001003,0.4550353894062402,0.6921585862010142,10.08048283140926,0.0018898995015152742,-0.19547575900423078,0.2211828309077744,52.041645,-0.744842,61.7146464700159,Vw3
5569.110000001004,-1.5370170205623301,-0.037625007403563226,10.107558000242937,-0.010866000134518978,0.06713300267732916,-0.08557500313710303,52.041645,-0.744842,62.22490000511975,Vw3
5569.210000001004,0.0634270164365609,1.8473850191892058,10.264418001588142,0.06562600077700471,-0.10691500179192948,0.13306000224869585,52.041645,-0.744842,62.54680000321242,Vw3
5569.3100000010045,-0.6973009979844453,1.3010237566382108,9.40519009027505,-0.12591485343661474,0.021568318153547913,0.06639207850869512,52.041645,-0.744842,63.04990099517163,Vw3
5569.410000001005,1.1856262820927914,1.219317170996565,9.262478786593876,-0.06397171649678278,-0.15289293110865504,0.07598787890053701,52.041645,-0.744842,63.653939400029024,Vw3
5569.510000001005,2.992247018139502,2.780226015849582,10.328420010831653,0.036393001011825105,0.25001200410758784,-0.15615400235724097,52.041645,-0.744842,64.01640000361725,Vw3
5569.610000001006,1.8951639886718856,1.7651129895277295,9.563435992119398,-0.0010120003902084757,0.14816999892390964,-0.1342449997536055,52.041645,-0.744842,64.39620000382163,Vw3
5569.710000001006,-0.05224301966849554,2.320584005748587,11.284239017560546,0.13135900134864512,0.2908480014602779,-0.23993000107610013,52.041645,-0.744842,64.72670000331881,Vw3
5569.810000001006,1.8205850192411865,0.5945919823925274,9.780465984532562,0.07042899936684768,0.13231599837333208,-0.22218999980874574,52.041645,-0.744842,65.34380000624093,Vw3
5569.910000001007,2.791981009682587,0.8771690030510366,8.026560982322913,0.04930699979163161,-0.010969001440459675,-0.10240799878401445,52.041645,-0.744842,65.73610000392577,Vw3
5570.010000001007,1.6872559886695917,2.0716650121145577,10.521719025548784,0.15384200106499396,-0.08526400074086536,-0.03595899933664365,52.041645,-0.744842,66.13600000402644,Vw3
5570.110000001007,0.6031369890816038,0.39743298283906614,8.54324097960697,0.0043209984675758595,-0.17589200091481996,0.017863000541033375,52.041645,-0.744842,66.51620000382854,Vw3
5570.210000001008,2.4637960190461587,1.4981100113749015,10.85910302377445,0.17852500178834804,-0.28520500110323443,0.15888100142967093,52.041645,-0.744842,66.84670000332481,Vw3
5570.310000001008,0.3964729787495558,1.1823039966681788,9.582631986757422,-0.13669800322896228,-0.011574997201633241,0.0838719992214994,52.041645,-0.744842,67.16680000322695,Vw3
5570.4100000010085,1.0738000071393003,1.6082999921336876,9.021800000458377,-0.02450000077294983,-0.009399998308298433,0.001199998806621385,52.041645,-0.744842,67.56000000359512,Vw3
5570.510000001009,1.7816217893161157,0.8283990020362227,9.067245545012742,-0.10113366413913466,0.158322773968597,-0.11711683287631253,52.041645,-0.744842,67.91643564715876,Vw3
5570.610000001009,-0.2622830209102882,1.268872004570246,10.534781014957261,0.030958001354520773,0.12475599964067854,-0.12631900008175573,52.041645,-0.744842,68.13780000222053,Vw3
5570.71000000101,3.718283040794456,-0.2435770154661021,9.881745993190998,-0.15649300192480955,0.21211400089427437,-0.15352600027655888,52.041645,-0.744842,68.37760000242241,Vw3
5570.81000000101,-0.899299057423609,0.9215524872909348,9.81618811821186,0.03920792280814783,-0.22260000444415132,0.1010514877486034,52.041645,-0.744842,68.60544554685454,Vw3
5570.91000000101,1.7745555840894065,-1.3684889127419313,9.03664241621862,-0.09904848631487297,-0.20061414109678116,0.11758383850119025,52.041645,-0.744842,68.8079798000207,Vw3
5571.010000001011,0.7117999849554306,-0.3280000165673155,11.271999964793949,-0.11070000085079774,-0.04840000064668711,-0.05389999915223362,52.041645,-0.744842,68.95000000040419,Vw3
5571.110000001011,-0.7770999800832546,-1.967599973576517,7.787800018069264,-0.19489999830171945,-0.11239999957643121,0.030000000048064544,52.041645,-0.744842,68.99000000070093,Vw3
5571.210000001011,1.1922069506059132,0.6450732937450394,9.574433681432062,-0.026979206222844193,-0.0705188114577023,0.03475247529557988,52.041645,-0.744842,69.05930693139388,Vw3
5571.310000001012,2.156459009656049,-0.1961390088666437,9.903556003181912,0.07142300098878109,0.3375820041676566,-0.24388500284894443,52.041645,-0.744842,68.96099999898793,Vw3
5571.410000001012,2.8398930068891435,-2.4565560230184635,9.368337994496377,-0.08303000158894598,-0.01856100368291369,0.013076002655665137,52.041645,-0.744842,68.87089999908915,Vw3
5571.5100000010125,-0.20440001405648825,0.11020001921303957,11.024600012377727,0.1779999969321276,0.2923999967346853,-0.16719999870810598,52.041645,-0.744842,68.91999999979956,Vw3
5571.610000001013,-1.5930138754523804,2.008219821206569,12.24737228961404,-0.12506931000069416,-0.030174260693322963,-0.03957623633097196,52.041645,-0.744842,68.9001980196014,Vw3
5571.710000001013,2.365099965285142,-1.2571999863191,9.307200009727504,0.1947999963054146,-0.01570000045342183,-0.1300999984350928,52.041645,-0.744842,68.96999999939811,Vw3
5571.810000001014,-1.06123666840229,0.0930970433933549,10.267299019635237,-0.1698534690436813,-0.060452475701260916,0.02435544711054652,52.041645,-0.744842,68.91059405880364,Vw3
5571.910000001014,3.258619044591742,-1.5222470166814746,9.354912990557674,0.02558900203892578,0.18254100249314692,-0.40772000444082296,52.041645,-0.744842,68.92980000020279,Vw3
5572.010000001014,-5.1664540867339355,1.4234790303364977,10.662399013485706,-0.13872000170332932,-0.173479003671283,0.25763500685894225,52.041645,-0.744842,68.79139999858056,Vw3
5572.110000001015,2.1511999922146785,-2.350600002884197,10.656099979165447,0.15629999743437129,-0.0844000038951731,0.004300004513215275,52.041645,-0.744842,68.66999999949753,Vw3
5572.210000001015,1.3841702892459011,-2.6347584187252178,8.603426711842781,-0.09647227979285072,-0.4681623801320366,0.4489534698588691,52.041645,-0.744842,68.62049504900259,Vw3
5572.310000001015,-1.8720999919724866,0.15239998661009124,11.369399976765635,0.1253999977067118,-0.19330000124211402,0.12100000109639676,52.042736,-0.745867,68.49999999929653,Vw3
5572.410000001016,-1.0812089028580203,-1.1668079341912536,9.080291065858466,-0.10054059635428109,-0.31567623886673596,0.22901980307735348,52.042736,-0.745867,68.43069306860299,Vw3
5572.510000001016,1.5364390267750123,-0.5377869934111185,10.17798101149677,0.14677900256059354,-0.16424199843378215,0.024080997886316846,52.042736,-0.745867,68.29139999857802,Vw3
5572.6100000010165,-2.32968203997091,1.9909230259000683,11.76993401623113,-0.3419380050443985,-0.21526900053981773,0.12515800105930336,52.042736,-0.745867,68.18109999888173,Vw3
5572.710000001017,3.1486660566600198,-1.9945850411881558,7.5500859565031115,-0.14919699796981986,-0.3451930013287158,0.31400300192851865,52.042736,-0.745867,68.11069999928837,Vw3
5572.810000001017,-2.5477970591206964,-0.2742859819024712,10.041601026047376,-0.004639998534777867,-0.11266199759662868,0.09255599770448528,52.042736,-0.745867,67.96149999847373,Vw3
5572.910000001018,2.6069450535777516,-0.6641820041901658,9.5073549942459,0.0449140004945169,-0.4069040030485033,0.2212770013461849,52.042736,-0.745867,67.81149999847372,Vw3
5573.010000001018,-1.139129039043432,-1.0156910035704936,8.46992198939536,-0.012713000597286875,-0.013305995923796943,0.08419799857750077,52.042736,-0.745867,67.71099999898247,Vw3
5573.110000001018,2.667462039553585,0.33175401389742576,12.062506037064555,0.2186570023861695,-0.22125900218044764,0.09339300010897146,52.042736,-0.745867,67.66049999949078,Vw3
5573.210000001019,-0.29310303085549405,0.9375190060912537,10.38075498232508,-0.25459600489255685,0.09884500331500262,-0.1611280026194122,52.042736,-0.745867,67.62039999959264,Vw3
5573.310000001019,-0.1529219982447062,-0.9092850190768431,8.293606978688777,-0.10604899842105103,-0.11075000219156889,0.16587100339336414,52.042736,-0.745867,67.61009999989807,Vw3
5573.410000001019,-0.19248300042506622,-0.8756289994607673,9.548018013131182,-0.03529899928747891,-0.04201599927015008,-0.0015750017583675002,52.042736,-0.745867,67.56049999949033,Vw3
5573.51000000102,2.508810027817883,-0.6278969974546993,10.315973007774533,0.0860810012425797,-0.10584800066461195,0.04253700047195602,52.042736,-0.745867,67.5302999996942,Vw3
5573.61000000102,-0.6168000252466148,-2.4850999599901575,8.249400018278234,-0.047599998623903905,0.42499999507353553,-0.2565999983460578,52.042736,-0.745867,67.43998999989907,Vw3
5573.7100000010205,-3.0908594311823077,1.435692119209996,10.040588137086567,0.08725148652434381,-0.05777228215323077,-0.09452079042558678,52.042736,-0.745867,67.43009891079018,Vw3
5573.810000001021,-3.1229260000755654,1.0305879954170636,9.291645992090146,-0.028220001204960973,0.5152630059604723,-0.3421820025712642,52.042736,-0.745867,67.48940000061269,Vw3
5573.910000001021,1.5018840477046256,-2.3677190350064707,8.95868499664548,-0.12463800098235828,0.1856879965403016,-0.15452099803834693,52.042736,-0.745867,67.52960000040846,Vw3
5574.010000001022,3.611364021276941,-1.291021988540515,10.77294101874752,-0.0783769995129055,0.32822600150519343,-0.2449670009527446,52.042736,-0.745867,67.56960000040846,Vw3
5574.110000001022,-0.10386203857060838,0.7069320205107574,10.54934399750208,-0.05493199976288142,0.4901790016567639,-0.23609899989881578,52.042736,-0.745867,67.53039999959118,Vw3
5574.210000001022,5.007885053163073,-0.5097080127677228,11.714902012058404,0.2957600036181347,-0.3826670090279616,0.14079400389000585,52.042736,-0.745867,67.55970000030662,Vw3
5574.310000001023,2.9093229777779714,2.046949026547156,13.529193018625257,0.34682000049102674,-0.12637799726048005,0.11519699969617722,52.042736,-0.745867,67.6194000006138,Vw3
5574.410000001023,-2.959637060420353,0.8542099874070981,7.826585940885994,-0.35015500720690435,0.063014001929343,0.03431399916729311,52.042736,-0.745867,67.5506999992839,Vw3
5574.510000001023,-0.6246819752622628,1.5226240070340205,12.664746050590525,0.24719500624530183,0.09073900026699816,-0.0941110013186231,52.042736,-0.745867,67.60940000061379,Vw3
5574.610000001024,1.511863021846567,-0.9790610259441421,8.901808960571334,-0.09953600364911491,-0.12472100223103855,0.1302210023334267,52.042736,-0.745867,67.61990000010239,Vw3
5574.710000001024,0.2924329871675748,0.024606010642322262,10.125154013050514,0.037579001454949024,0.14723100283515406,-0.09183400232013689,52.042736,-0.745867,67.67940000061434,Vw3
5574.8100000010245,-1.8929520224921204,0.49673600477962676,9.364610991995354,-0.11702400161507115,0.14108999990776877,-0.05420299958700909,52.042736,-0.745867,67.68,Vw3
5574.910000001025,0.8945999697421874,0.656899988870118,10.895799981954916,0.10679999861371216,0.1822000013832433,-0.1171000003551982,52.042736,-0.745867,67.74,Vw3
5575.010000001025,-2.057380228271766,-0.42894159528614684,9.135304932453453,-0.02844752613849516,0.3171504964324809,-0.1517534657016642,52.042736,-0.745867,67.74,Vw3
5575.110000001026,1.8879500411818886,-1.314069009057964,9.61992700520338,0.009800000410280334,0.036250997075726876,-0.0245879986788973,52.042736,-0.745867,67.81920000082056,Vw3
5575.210000001026,-0.9430980297476397,1.2806020269741196,10.78805201205004,0.1571160015221535,0.42148000402078295,-0.2624840024781152,52.042736,-0.745867,67.94870000133342,Vw3
5575.310000001026,3.524183046625561,-1.4506460285952045,9.22876898370872,0.005545998412860409,-0.10266600547593951,0.01675500292070642,52.042736,-0.745867,67.95990000010265,Vw3
5575.410000001027,-3.1579450697639238,1.3841840296857275,10.127363009482883,0.008356000045171254,0.3907620051721087,-0.1950320022257109,52.042736,-0.745867,68.09860000143726,Vw3
5575.510000001027,-1.8919999577306186,0.2855999728146991,9.90199998808686,-0.09339999820764078,-0.35049999565177514,0.23249999647221414,52.042736,-0.745867,68.11999999908501,Vw3
5575.610000001027,2.224534695763642,-2.361924779679144,8.74180196827673,0.08115445723912983,0.07296535088585265,-0.1110643599658426,52.042736,-0.745867,68.0308910881933,Vw3
5575.710000001028,0.9876099867346015,-1.0984299866112979,9.287768005787044,-0.0957950018546897,-0.11842400203039714,0.1125070023561238,52.042736,-0.745867,67.92109999886972,Vw3
5575.810000001028,-1.1447910220176434,-0.7066259960652295,8.953334996467344,-0.07958199981282586,0.03295100159303703,-0.05498500176375627,52.042736,-0.745867,67.88039999958862,Vw3
5575.9100000010285,-1.7579230061469764,1.1543410192924766,11.04780902179364,-0.08732000008227508,-0.21022800254229979,0.10575900168766744,52.042736,-0.745867,67.90970000030853,Vw3
5576.010000001029,-0.8064709900539719,-1.0781600233866897,10.027915989184942,-0.14937400064380243,-0.19408799980665356,0.1718490006695134,52.042736,-0.745867,67.88029999969146,Vw3
5576.110000001029,-2.4582180172743646,0.5251750169068903,10.712479007226987,-0.11059799959032315,-0.1390539994297463,0.10765499932578307,52.042736,-0.745867,67.84039999958827,Vw3
5576.21000000103,0.8861999686252892,-2.7916999549363783,8.532500021612353,-0.16649999961876144,-0.19609999970744527,0.18209999994291617,52.042736,-0.745867,67.83999999918451,Vw3
5576.31000000103,-2.161225773970373,1.5853297480646629,10.631707942419176,-0.1294702966482043,-0.16768415812308726,0.17655544548743166,52.042736,-0.745867,67.76079207839189,Vw3
5576.41000000103,0.8970010321430006,-1.9225250369604845,9.234821985244652,-0.11009199980219057,-0.1627469999515779,0.1451169996734084,52.042736,-0.745867,67.65109999886673,Vw3
5576.510000001031,0.003737990379456213,-1.1032379911006365,10.368009011941714,-0.0016929988739286528,0.0140150018390095,0.10708099960747193,52.042736,-0.745867,67.63019999979394,Vw3
5576.610000001031,-0.6594950068107973,0.7725400194476362,11.143385007955382,0.10612200111158812,0.05688500042793049,-0.05467000168078724,52.042736,-0.745867,67.6200999998969,Vw3
5576.710000001031,0.2898440099569476,-1.4083800229125285,8.675208974211547,0.06948099960712541,0.00968099950400872,0.05091700111675376,52.042736,-0.745867,67.72890000113429,Vw3
5576.810000001032,-0.3278000092771971,1.2329999889868386,11.285999993548339,0.17599999655155807,0.04559999847337262,-0.07019999810371436,52.042736,-0.745867,67.75000000020422,Vw3
5576.910000001032,-1.2273049597785646,0.16517820680112072,10.6604554390885,-0.1583564390943547,-0.10241980350786509,0.11366138803619093,52.042736,-0.745867,67.76980198040239,Vw3
5577.0100000010325,-1.8147570060304226,1.100346009860458,9.961595992779593,-0.026168998587087405,0.04697600157288444,0.08302799966147893,52.042736,-0.745867,67.82940000061924,Vw3
5577.110000001033,0.0856786606722364,-1.253028180001324,9.666538831945006,0.020470874258892924,-0.2528252458633319,0.21207281688422477,52.042736,-0.745867,67.82038834941424,Vw3
5577.210000001033,0.8661721725180274,-0.23598864782285522,10.052953612530601,0.06149175299903472,0.19154433480946254,-0.09672886935842723,52.042736,-0.745867,67.91896907322989,Vw3
5577.310000001034,1.408991005592291,-2.1095580196872628,9.523192994424251,0.02814099964744477,-0.05714000264674887,0.10394000212980578,52.042736,-0.745867,67.97940000062033,Vw3
5577.410000001034,-2.243452038200367,3.0635540542236774,10.963992015103145,0.13491800111867483,0.2892750036444812,-0.24703400368687095,52.042736,-0.745867,67.9700999998966,Vw3
5577.510000001034,0.6920750310427093,-2.593231059623712,8.604678975208223,0.09313299955232329,0.16815899869832568,-0.05685699797666671,52.042736,-0.745867,67.89079999917288,Vw3
5577.610000001035,-0.6050999841008889,2.558699960821475,11.257999982409014,0.23759999844646779,0.37339999422446735,-0.3421999969062574,52.042736,-0.745867,67.98999999989752,Vw3
5577.710000001035,0.931038629757454,-1.2266465738244912,9.55839602201634,0.08750098854577504,-0.18461980775462522,-0.04328910581774065,52.042736,-0.745867,67.98009900979854,Vw3
5577.810000001035,0.8708999725221551,0.6818000159544478,11.485799982944963,0.1327999962381156,-0.01690000168675067,0.1011000013373084,52.042736,-0.745867,68.03000000051237,Vw3
5577.910000001036,-1.7839515126450072,2.2232851644801266,9.83797820075517,-0.23066535029909077,-0.17987029871759833,0.23030792213029513,52.042736,-0.745867,68.07950495100778,Vw3
5578.010000001036,-1.2080849936976779,-1.4993420391065038,7.226016972846676,0.09764700347275035,-0.26386800086171436,-0.013920002568571649,52.042736,-0.745867,67.9809999989643,Vw3
5578.1100000010365,-0.5613709932920657,-0.4192909882955824,13.22533606309252,0.17168600074014295,0.011312002890081996,-0.05639600041879238,52.042736,-0.745867,68.05920000082929,Vw3
5578.210000001037,0.2298730082173175,-0.7366800034415912,7.523211939656051,0.20447600033586616,-0.10460100124291204,0.06437600126882762,52.042736,-0.745867,68.2976000024879,Vw3
5578.310000001037,-1.1806999923233965,-1.6565999748154434,9.022500011949141,0.0353999987742893,0.004899999564739248,0.019100001761574174,52.042736,-0.745867,68.3000000009239,Vw3
5578.410000001038,-0.4403039527142357,0.7724099261917168,10.174975259481988,-0.08281782300871926,-0.037080198455357594,0.18900099186177743,52.042736,-0.745867,68.38910891181561,Vw3
5578.510000001038,-3.1265999574621754,1.4841999543787714,9.005799989832267,-0.011799998499910055,0.2454999942123242,-0.18729999669158245,52.042736,-0.745867,68.5800000022604,Vw3
5578.610000001038,0.9725089534577052,-2.912037669414483,8.025998009627365,0.13275445694664983,-0.31222277806882087,0.13151188449877563,52.042736,-0.745867,68.79782178444016,Vw3
5578.710000001039,2.3450500139670565,-0.4488249737014347,11.54416403700595,0.3783340025608001,0.03988700375189408,-0.08478300230222782,52.042736,-0.745867,68.89900000103844,Vw3
5578.810000001039,1.0423939861829707,-0.04541899603074806,8.824035971068842,-0.24290000654786248,-0.23518500292575129,0.24752100351194087,52.042736,-0.745867,69.09800000207868,Vw3
5578.910000001039,1.205815001855244,-2.5781780266302863,6.881935979903083,-0.2528630000384561,-0.15078099908433057,-0.026696002914343986,52.042736,-0.745867,69.31780000228657,Vw3
5579.01000000104,-0.7982390210583181,1.217402040116922,10.886950042249673,-0.17389799917059684,-0.1924700004469215,0.09108200126593116,52.042736,-0.745867,69.49820000187083,Vw3
5579.11000000104,2.9086999834020566,-3.106399970427187,8.449300016826639,-0.22599999653042,-0.42139999070795375,0.3575999926652584,52.042736,-0.745867,69.58000000164826,Vw3
5579.2100000010405,1.3134524586527418,-0.26412274271004543,10.066527739595713,0.10746535000357285,0.4716693162209702,-0.34735050238285,52.042736,-0.745867,69.73841584323209,Vw3
5579.310000001041,2.8013100158152544,-1.3678640119067313,10.726794006773801,-0.00918800126188865,0.10786499608002409,0.007346003804406864,52.042736,-0.745867,70.01720000291525,Vw3
5579.410000001041,-5.512370087593746,1.5494170308009718,7.99743497122723,-0.12920000124940562,0.6129600053516207,-0.3900490042177851,52.042736,-0.745867,70.1882901017699,Vw3
5579.510000001042,2.110899953232112,-2.4243999620775827,10.932499995255057,0.2784999979162261,0.04870000288593925,-0.10340000108776917,52.042736,-0.745867,70.37000000030932,Vw3
5579.610000001042,-2.3800901458093326,1.2171841963638368,10.476856430895422,0.0784009880138305,0.3258287157591729,-0.20785544663305733,52.042736,-0.745867,70.39970297060657,Vw3
5579.710000001042,1.0137999703785825,-1.5198999707273855,9.007600002438524,0.28539999840561975,0.09850000100100248,-0.06390000179974054,52.042736,-0.745867,70.4800000001032,Vw3
5579.810000001043,-1.8281802276611814,1.2886148807774893,9.241560398479772,0.13242970137484236,0.1945396049620731,-0.236573269127686,52.042736,-0.745867,70.48990099020227,Vw3
5579.910000001043,0.5789980256596479,-0.6780510210152122,8.767214994978001,0.07387599939923756,-0.07288900282754679,0.10622000362960637,52.042736,-0.745867,70.55930000073009,Vw3
5580.010000001043,-1.8357600256992814,1.1076590190251867,11.15404202519656,0.19952500132981268,0.10933200194830595,-0.10196200222991335,52.042736,-0.745867,70.48079999916561,Vw3
5580.110000001044,-2.6411140082321225,1.0281869989696797,9.745471984892813,-0.09857600315672557,-0.2654950039720042,0.0976620021274493,52.042736,-0.745867,70.43049999947806,Vw3
5580.210000001044,2.019048049221964,-1.8050910298649303,9.333316995806655,0.025912001344542968,-0.2517769998152297,0.23552800143223057,52.042736,-0.745867,70.45970000031316,Vw3
5580.3100000010445,-0.43147102635926515,-0.6608469876222516,7.760941983448275,-0.29118400336007755,-0.3354530008849458,0.319664000873453,52.042736,-0.745867,70.50950000052241,Vw3
5580.410000001045,1.3363880189235866,-1.6496920105609325,9.763809021304708,-0.07541199768888177,-0.26432699924042363,0.26139699937624883,52.042736,-0.745867,70.46049999947759,Vw3
5580.510000001045,-2.120999967807502,0.5112999784490089,10.030000003688572,-0.13249999758613173,-0.24769999781686153,0.23049999868597829,52.042736,-0.745867,70.44999999989643,Vw3
5580.610000001046,0.959594091620076,-1.5509772492882488,10.382970300720755,0.09849010142539172,-0.038789106726285244,0.10475742442766933,52.042736,-0.745867,70.44008910880726,Vw3
5580.710000001046,0.1628589912588363,-0.6594139903647468,9.417883989768686,-0.042057001508972236,-0.02907699991947965,0.1839870008501694,52.042736,-0.745867,70.46969990031381,Vw3
5580.810000001046,-1.3944540163754042,-0.26103099588573986,9.563431001642146,0.0203550006750694,0.008323000394575442,-0.14289000346430955,52.042736,-0.745867,70.53930000073264,Vw3
5580.910000001047,-0.13249999535353296,0.17709999906614615,9.1716000259686,0.12839999896249976,-0.020999998907567194,-0.038799999679732695,52.042736,-0.745867,70.53,Vw3
5581.010000001047,0.31136139078420166,0.08789207827424367,11.652293095270615,0.02929108807160699,0.08335643673579043,-0.00820594027385271,52.042736,-0.745867,70.53,Vw3
5581.110000001047,-0.027829003635972183,-0.30909900419116243,9.338719975257371,0.021765999930863103,-0.0663770015953862,-0.013246000056566551,52.042736,-0.745867,70.57950000052377,Vw3
5581.210000001048,-0.22553800205526917,0.0033040033479308506,10.131355008636948,0.0030879998030628915,0.014963000876789131,0.015410000303785965,52.042736,-0.745867,70.58,Vw3
5581.310000001048,-0.9671290078328819,1.2709280133906529,10.05267799907947,0.057152000574544136,-0.07191400092891626,0.01669000001048438,52.04412200001468,-0.7469035300109771,70.58990000010485,Vw3
5581.4100000010485,-0.4573000138784848,0.1058000111789965,9.051500005908766,0.07970000034470388,-0.10350000117323915,0.08080000030940289,52.044136,-0.746914,70.55000000093443,Vw3
5581.510000001049,-1.7807653604105165,1.171839615137281,9.6149653524423,0.11257128747335164,-0.2153811892918294,0.11030495080439395,52.044136,-0.746914,70.63910891182535,Vw3
5581.610000001049,1.0833360304982418,-0.0874720134610325,10.98818601449569,0.01300899894120816,-0.1770979995823596,0.09515599983630176,52.044136,-0.746914,70.70930000073454,Vw3
5581.71000000105,-1.5149999617857377,0.329499978881045,10.696700000739886,0.23659999870416096,-0.10920000274651372,-0.05479999780216553,52.044136,-0.746914,70.68999000041578,Vw3
5581.81000000105,2.1259901372497367,-1.6826782389548707,10.76719505024533,0.11313465216864028,-0.3708831710651834,0.1546059427933647,52.044136,-0.746914,70.72960386180219,Vw3
5581.91000000105,-2.186571046137148,0.3719430220104305,9.881156990592764,-0.1440150027149384,-0.12134699732497178,0.12076299961875334,52.044136,-0.746914,70.77950000052513,Vw3
5582.010000001051,0.04244102411306372,-1.0255720150482155,10.267012004188462,-0.11234599963660787,-0.2298780011783988,0.20227300086857022,52.044136,-0.746914,70.86910000094524,Vw3
5582.110000001051,-1.678980018521557,-0.7135959965353547,11.10091700881193,0.05402300176280654,-0.13991999903292668,0.011831997969145941,52.044136,-0.746914,70.95910000094604,Vw3
5582.210000001051,0.8375999721885057,0.15009999222294143,10.294399970880011,0.0817000011981521,-0.044800001284552304,0.16809999976161874,52.044136,-0.746914,71.01000000104096,Vw3
5582.310000001052,-1.8076475525825493,-0.5896029780792837,7.524697000563528,0.1956603972385565,-0.16697821910719263,0.1454267324347268,52.044136,-0.746914,71.10900990203176,Vw3
5582.410000001052,-1.4820559962587847,1.386168021075372,9.6927210233342,0.16709999968437442,-0.03425299857652864,-0.08210400241558782,52.044136,-0.746914,71.40700000315626,Vw3
5582.5100000010525,-2.3367310091205273,0.17087798687208,8.315138985124566,0.13106099962019724,-0.18179600158233622,0.07370300168018021,52.044136,-0.746914,71.44960000042083,Vw3
5582.610000001053,2.434914050844466,-0.2902680047721311,11.54651703452003,0.17693300049174432,-0.18131999997894027,0.11173200038749874,52.044136,-0.746914,71.61830000179008,Vw3
5582.710000001053,-1.8631970462296294,1.4927440190128736,9.73928598042904,-0.0007010018943376106,-0.2911900011688242,0.21575300110248552,52.044136,-0.746914,71.7289000011583,Vw3
5582.810000001054,-0.7884989880920381,1.25587499728622,10.85504201207553,0.10521200114663797,-0.2492349995415556,0.12562099902936255,52.044136,-0.746914,71.90820000189701,Vw3
5582.910000001054,-2.478317018109237,1.2808220002929853,10.225870993180186,-0.09021500209199998,-0.15059199895452696,0.1386590001486005,52.044136,-0.746914,71.99910000094852,Vw3
5583.010000001054,1.4748950422668305,-0.35794401744843896,11.414528012722734,0.14480600252304682,-0.31017800170943277,0.06276799919060151,52.044136,-0.746914,72.16830000179164,Vw3
5583.110000001055,-1.9012920363991996,1.0559510152408726,8.55738196942965,0.059386999064388254,-0.06578499737881038,-0.031753000998900036,52.044136,-0.746914,72.36800000210961,Vw3
5583.210000001055,0.5910760269230666,0.17276699043600352,10.882917025086636,0.22521600177630635,-0.12200700062550457,0.1505490019524603,52.044136,-0.746914,72.60760000253156,Vw3
5583.310000001055,0.3500919971580175,0.907685007933692,9.684247986964042,-0.18741500441816378,0.09312100230040117,0.055874998970678685,52.044136,-0.746914,72.679300000739,Vw3
5583.410000001056,-1.7843999686840317,1.0550999943440145,11.779599975697035,0.037799996785183865,0.26449999807111035,-0.18409999808051955,52.044136,-0.746914,72.77000000041818,Vw3
5583.510000001056,1.181342605567519,0.5194564299886401,9.478015817285755,-0.26665544875876745,0.08182673074473956,-0.002317819863057874,52.044136,-0.746914,72.80960396081414,Vw3
5583.6100000010565,-0.19975001505688716,-0.3171040088714122,7.72972698158622,-0.11565599835589355,0.2406770017149002,-0.09346100099216961,52.044136,-0.746914,72.93869010137351,Vw3
5583.710000001057,0.8298560111411359,-1.3547040109847543,9.391538017922604,-0.10518999990490305,-0.12944500396765599,0.15468400265848803,52.044136,-0.746914,73.1577999023247,Vw3
5583.810000001057,-1.8319070285459926,-0.1741299872778761,9.9735920060364,-0.012831999014379092,0.12519000276016154,-0.07010400242809614,52.044136,-0.746914,73.21940000063452,Vw3
5583.910000001058,0.6642140269525216,-0.20071000041244147,10.107703001371632,-0.24286700246724607,-0.1034640024704187,0.1031270018750224,52.044136,-0.746914,73.2398000002115,Vw3
5584.010000001058,-0.0016999995081498126,-1.4462999825419627,8.238600022050754,-0.11209999900995318,0.027199998564643644,-0.03409999870003466,52.044136,-0.746914,73.39000000074041,Vw3
5584.110000001058,0.044799987724931996,0.2041999926741293,10.323299983808978,-0.018499999932246283,-0.1085000006044902,0.08880000000741056,52.044136,-0.746914,73.45999999947067,Vw3
5584.210000001059,-1.1147000043079793,-0.4878000020355464,8.793900007743881,-0.01209999833236132,-0.16560000045700218,0.08950000022745291,52.044136,-0.746914,73.41,Vw3
5584.310000001059,-1.5216306973801443,-0.6800772297596692,9.525385156263871,0.1454247541439926,-0.20876831728898854,0.1109851487424553,52.044136,-0.746914,73.41,Vw3
5584.410000001059,1.25174502972038,0.59044701361597,11.095712016725194,0.1866000004237445,-0.2629570005752332,0.07615399962498613,52.044136,-0.746914,73.49910000095342,Vw3
5584.51000000106,-1.7728650326654034,1.5938940105999686,8.449092971510598,-0.08346800289417489,-0.0262959974617705,0.07480999998940639,52.044136,-0.746914,73.51980000021187,Vw3
5584.61000000106,-2.010313002212766,0.14454098437068308,8.128664996856324,0.1336790023548411,-0.16002500145785972,0.020943999423217667,52.044136,-0.746914,73.58930000074218,Vw3
5584.7100000010605,-1.5583859951375985,-0.5041960067899738,8.914037008442936,-0.11645100270263012,-0.03873899868632456,-0.015042000379576918,52.044136,-0.746914,73.51079999915179,Vw3
5584.810000001061,-0.0868179842755663,-0.3268559980304664,9.847353009918766,-0.04999699926036372,-0.005720999659364068,0.14290100169681264,52.044136,-0.746914,73.60900000106118,Vw3
5584.910000001061,0.8675999837388129,-0.3573000001523764,10.837299977843424,0.020799998551898933,-0.09039999821562002,0.026700000256412674,52.044136,-0.746914,73.70000000031527,Vw3
5585.010000001062,-0.6644792241789442,-0.37165643579591234,8.74977522537231,-0.11563564501218722,0.07771881366523505,0.05085841609794897,52.044136,-0.746914,73.72970297061224,Vw3
5585.110000001062,0.9173999768431339,-0.4241999880655421,10.289700010139082,0.15889999960243018,-0.09759999721280396,0.11739999793957848,52.044136,-0.746914,73.7300000009466,Vw3
5585.210000001062,-1.2625010132515573,0.6992653584668856,11.244155455681748,0.12147425702824687,0.16477624041043865,-0.07656039809964124,52.044136,-0.746914,73.8191089118375,Vw3
5585.310000001063,-1.134116998387444,-0.2485130102971853,9.217863978140672,0.012298998831773864,-0.04257900225460201,0.13771600232157039,52.044136,-0.746914,73.8992000008504,Vw3
5585.410000001063,-1.411681002996595,-0.45323000209410846,9.496082003208132,-0.00028400012330790855,0.29328600362907936,-0.248081004165894,52.044136,-0.746914,74.1376000025512,Vw3
5585.510000001063,-0.9322999904112055,0.5515999834804092,9.464399996212483,-0.08399999967472417,-0.09849999671671422,0.034499999776833414,52.044136,-0.746914,74.24999999947366,Vw3
5585.610000001064,-0.030418802286058977,-1.002162392768128,9.108162372447605,-0.053405940268568694,0.21031188447357366,0.013509900766784991,52.044136,-0.746914,74.20049504897827,Vw3
5585.710000001064,-2.869432030606526,1.2907820248082236,9.885116008387858,-0.09547200045535292,-0.14072300380560146,0.12992200125328443,52.044136,-0.746914,74.19009009989351,Vw3
5585.8100000010645,0.022201031410804095,-0.8000450227389984,9.496603995736503,-0.02273899921310607,0.1955670036554897,0.006953998664729372,52.044136,-0.746914,74.23949990053251,Vw3
5585.910000001065,0.644299984308379,-0.44789998794631275,10.415400005383088,-0.06269999961722611,-0.0220999987557212,-0.1419999993093198,52.044136,-0.746914,74.29999999978911,Vw3
5586.010000001065,-0.8290663523223657,0.6838821902692669,10.920845549936542,-0.026759405557891358,0.09473168441236418,-0.07714851416093345,52.044136,-0.746914,74.28019801959113,Vw3
5586.110000001066,0.8611780183538057,0.707179000128952,11.014307000951687,-0.007787999799644899,0.05926999960568412,0.08853300177655295,52.044136,-0.746914,74.27009999989342,Vw3
5586.210000001066,-0.7796520178488072,-0.1720180094657935,9.830268987244306,0.06625400079503287,0.01434999952042254,-0.05800300159539437,52.044136,-0.746914,74.29970000031972,Vw3
5586.310000001066,1.6311790261547874,-0.38107800215672205,10.225685004389174,0.08412700018452667,-0.25280600287349614,0.10167200173647054,52.044136,-0.746914,74.33960000042666,Vw3
5586.410000001067,-3.4674510551974085,0.5466090100167899,7.979925975759603,-0.017769001099702933,-0.1674889990517595,0.1919050009546403,52.044136,-0.746914,74.29049999946669,Vw3
5586.510000001067,0.5353999931199663,-1.0014000042172078,10.463399985955087,0.11669999822691643,-0.24809999662772733,0.14919999795593977,52.044136,-0.746914,74.27999999818638,Vw3
5586.610000001067,-0.10950000492009258,-1.3966999831105718,9.14690002494616,-0.04949999585164518,0.06800000081191043,-0.04240000109946203,52.044136,-0.746914,74.10999999915425,Vw3
5586.710000001068,-0.5702920841271005,0.1850821951041164,11.483236658604898,0.33901485563273365,0.14403960477215583,-0.14537029812896102,52.044136,-0.746914,74.03079207836234,Vw3
5586.810000001068,-0.8393290028538222,-1.430125017602666,7.268904954265122,-0.07884000455158463,0.3232970019264101,-0.1863960004316526,52.044136,-0.746914,74.05970000032053,Vw3
5586.9100000010685,-1.999699955162992,2.049299937148198,11.544499974767014,0.23079999725006173,0.46469999650940885,-0.3037999961634182,52.044136,-0.746914,74.19999999925935,Vw3
5587.010000001069,2.1959436091851314,-3.8320862014540116,9.183311855959811,-0.026526735422695846,0.13806633314371936,0.05520990482596966,52.044136,-0.746914,74.13069306856642,Vw3
5587.110000001069,-3.0130600567186736,0.6682480492460097,8.80597299617919,0.01525200047907175,0.5191180041512423,-0.4205580051778246,52.044136,-0.746914,74.08049999946532,Vw3
5587.21000000107,1.3568240477749813,-1.9051410282943464,10.104943014069644,-0.047363000681185936,-0.12158900696263997,-0.010193995515080378,52.044136,-0.746914,74.12950000053468,Vw3
5587.31000000107,-2.5386999591055233,2.10219996521052,9.09150000872808,-0.05239999988351264,0.2625999947559508,-0.09759999811714067,52.044136,-0.746914,74.15000000052949,Vw3
5587.41000000107,1.2847653874559857,-1.1504733021390585,9.907539612694208,-0.041508910774525246,-0.22769703495046328,0.07843960584449187,52.044136,-0.746914,74.19950495102489,Vw3
5587.510000001071,2.1968730094473194,-0.6635469943842661,10.485247006157293,0.01532700061326768,-0.08924799845024156,0.0893080000984653,52.044136,-0.746914,74.24950000053514,Vw3
5587.610000001071,-1.4533400395906488,0.5344520129055234,8.926403983071141,0.13182900125434663,-0.11096600025065508,0.018911999237323007,52.044136,-0.746914,74.29950000053559,Vw3
5587.710000001071,-0.011635984000785804,0.3483019978554883,9.964653011404904,0.05924499920196742,-0.20831900105083218,0.19154900187564436,52.044136,-0.746914,74.32970000032135,Vw3
5587.810000001072,-2.5600080277584265,1.4756920122303465,9.403277993805494,0.18729900139478264,-0.05575099833719607,0.17320299978236672,52.044136,-0.746914,74.54780000235858,Vw3
5587.910000001072,0.1731310298781925,0.29157598705339094,9.853197004934849,-0.05345500262127026,-0.17983100136048752,-0.0167830020552045,52.044136,-0.746914,74.77770000246582,Vw3
5588.0100000010725,-1.1873999965847428,0.7133000014958505,10.40319999619121,0.033499999178622605,-0.15420000028415798,0.044000000951125,52.044136,-0.746914,74.95000000150121,Vw3
5588.110000001073,-0.8689000063234015,0.8527999909829633,10.047999993811546,-0.043099999580281705,-0.18069999940389375,0.1326999986069603,52.044136,-0.746914,75.09000000170013,Vw3
5588.210000001073,-1.4581079271143134,0.012601971182647609,9.471366330446353,-0.003991088689270068,-0.12515544494855826,0.0028980184091976224,52.044136,-0.746914,75.24841584328396,Vw3
5588.310000001074,1.159797028461679,-0.9332310101687975,9.809526003730744,0.0621360007130723,-0.18419800064649022,0.19108600205545237,52.044136,-0.746914,75.31930000075172,Vw3
5588.410000001074,-1.167920025537655,-0.6602529969361257,9.20761499343302,0.09042100029962177,0.08398500291567415,-0.07944800295540899,52.044136,-0.746914,75.41900000107391,Vw3
5588.510000001074,-1.2344680004639306,-0.4413819976567215,10.1236850100035,0.08664099995596956,-0.028338001247887087,0.0119490010212914,52.044136,-0.746914,75.49920000085913,Vw3
5588.610000001075,-1.6279000043936178,-0.6556999932757327,8.821900011255487,-0.11849999863257107,0.20119999949903938,-0.029100001029871782,52.044136,-0.746914,75.42000000107502,Vw3
5588.710000001075,-2.0365999657685085,-0.030200015234455885,9.868900001822217,0.008699999771158526,0.15460000080679923,-0.12490000031399179,52.044136,-0.746914,75.52000000010644,Vw3
5588.810000001075,1.1476574599964313,-1.4473287281156968,10.038404952318457,-0.012587128941862275,0.22964950575782142,-0.15410792110627616,52.044136,-0.746914,75.52990099020552,Vw3
5588.910000001076,-3.9476999528074606,0.4870999791365981,9.298500019188175,0.006799999378111169,0.14079999962772746,-0.1417999988713471,52.044136,-0.746914,75.44999999924686,Vw3
5589.010000001076,0.43849998882202285,-1.4519999829118524,11.08189996538694,-0.0510000045434168,0.10620000039095756,-0.036899999828490015,52.044136,-0.746914,75.38000000095874,Vw3
5589.1100000010765,-0.6004109022743832,0.13621783888148098,7.864870262394048,-0.4732772322691551,0.14253663405457911,-0.020959405768972105,52.044136,-0.746914,75.46910891185047,Vw3
5589.210000001077,-0.9061999949291523,1.4017999981446017,11.852199983689077,0.18889999801322702,-0.17529999761694928,-0.03489999868625309,52.044136,-0.746914,75.62999999730789,Vw3
5589.310000001077,-0.4352999928252781,1.2294999867010048,10.337499995869996,0.004399999928210552,0.046000000324108246,0.08709999749581512,52.044136,-0.746914,75.38000000031671,Vw3
5589.410000001078,0.23097451698197047,-0.0055000133051619216,9.953970584103375,-0.002266666738489404,0.07609803953994482,-0.14544902211318922,52.044136,-0.746914,75.40941176502274,Vw3
5589.510000001078,-0.6596757675153319,1.1660929424466473,11.720792948804187,0.04402626313673791,0.1703444454741025,0.016005052331441838,52.044136,-0.746914,75.3803030299765,Vw3
5589.610000001078,-0.22569999248675432,0.03129998214122327,11.228099964684008,-0.26229999959737116,0.0946000013648796,0.09549999859453713,52.044136,-0.746914,75.43000000128158,Vw3
5589.710000001079,0.47083466097721227,-1.6243435822119323,7.954040558749899,-0.2249732669241778,0.22113465482997546,-0.03479703110817503,52.044136,-0.746914,75.54881188246945,Vw3
5589.810000001079,-2.458441032012769,1.0105180289074471,11.329078037153765,-0.09649399860330682,-0.248444005133441,0.24337700304703616,52.044136,-0.746914,75.55990000010794,Vw3
5589.910000001079,1.9736320486450527,-1.866667031661164,9.427653978893996,-0.23023600147226084,-0.08539499817046764,-0.011398002808521018,52.044136,-0.746914,75.50059999935237,Vw3
5590.01000000108,1.1404709904249075,-0.44347198416348177,11.983783028081973,0.11846400381665281,-0.4154490036169693,0.2674570030686492,52.044136,-0.746914,75.49009999989205,Vw3
5590.11000000108,-0.15351901402299184,0.4345790094210393,8.539057962127876,-0.05738800195745017,-0.33831299912174007,0.16219199882034457,52.044136,-0.746914,75.54940000064816,Vw3
5590.2100000010805,-3.5902170373593103,1.4254790107174542,9.209078007693751,0.1257320020179623,-0.22127399873175171,-0.053829002345287036,52.044136,-0.746914,75.62920000086422,Vw3
5590.310000001081,3.1785999217625713,-3.9993999431485814,8.194400025885512,0.03740000280282855,-0.6203999925382713,0.4624999939001037,52.045643,-0.748064,75.4699999985023,Vw3
5590.410000001081,-4.062390177298187,1.2622832252052079,10.590142600159766,0.29680594339870997,0.07019406687251994,-0.10205446154940623,52.045643,-0.748064,75.33138613711519,Vw3
5590.510000001082,3.040720078364587,-1.4316570299954299,10.542225999215056,0.1811939987090602,-0.31652400429880795,0.14346300274297674,52.045643,-0.748064,75.29039999956753,Vw3
5590.610000001082,-2.7749240643583555,-0.7303639920314928,7.494081966691121,-0.004239002013768561,0.4759550087054101,-0.2837590046973506,52.045643,-0.748064,75.37910000097388,Vw3
5590.710000001082,-4.320192016240136,1.8235770278348222,9.285296019914941,0.08201000096306776,0.041469995163019246,-0.10178199796349041,52.045643,-0.748064,75.4790000010821,Vw3
5590.810000001083,-3.4626999855786376,0.7335000060865907,8.591700023818072,-0.02429999789969758,0.48479999734354606,-0.3280999979736368,52.045643,-0.748064,75.37999999978568,Vw3
5590.910000001083,-2.130224738044526,1.2958762437143032,10.79239309314046,0.1697594080422595,0.23935445278736664,-0.14087227520004453,52.045643,-0.748064,75.36019801958753,Vw3
5591.010000001083,2.717369052884369,-1.5715790314299778,10.332467994727917,0.1533849997996435,0.28778600055666614,-0.35026600231113925,52.045643,-0.748064,75.3104999994585,Vw3
5591.110000001084,2.2432819942747955,-1.3538919972988999,9.394524989784163,0.054793998922594955,-0.050478003709134855,0.12527500522985846,52.045643,-0.748064,75.38920000086712,Vw3
5591.210000001084,-1.8309999581766718,1.397399966971979,9.941899981461589,-0.19679999936777692,0.07119999820208206,-0.12009999596729688,52.045643,-0.748064,75.64000000075137,Vw3
5591.3100000010845,2.026821824028642,-1.6491346865147658,8.231899981449576,-0.138483167684199,-0.09464158595749862,0.2518802020551178,52.045643,-0.748064,75.70930693144491,Vw3
5591.410000001085,-0.670861029983536,0.3883120226598684,10.529420025363256,0.15108100316661024,-0.031256999287268605,-0.2765250058309456,52.045643,-0.748064,75.58129999858973,Vw3
5591.510000001085,5.538599901893131,-4.080899936925544,9.102200006169614,0.0012000024751511098,-0.44899998881240294,0.4348999890831226,52.045643,-0.748064,75.59000000139658,Vw3
5591.610000001086,-3.50328128628919,1.7322683799469702,9.670813867559747,0.22931881435794152,0.5820891201057303,-0.5712386247853305,52.045643,-0.748064,75.7187128726846,Vw3
5591.710000001086,-5.789916024085981,1.932465001558032,10.751838011793271,0.22585799993702727,-0.3197860100039768,0.024976006649050864,52.045643,-0.748064,75.74970000032572,Vw3
5591.810000001086,-7.5965999274067455,2.864399956643172,9.40299998533448,0.04569999907426586,0.8218999846517365,-0.518999989919067,52.045643,-0.748064,75.67000000010752,Vw3
5591.910000001087,-0.9117484422112776,-1.1281743008106138,8.052504935820043,-0.03954752567880814,-0.591466351991854,0.40931684177062166,52.045643,-0.748064,75.6799009902066,Vw3
5592.010000001087,3.3289999855331094,-4.3317999545203305,9.889900002613812,0.06509999948347905,-0.20850000446683015,0.08860000330142975,52.045643,-0.748064,75.71999999860108,Vw3
5592.110000001087,1.9979108766128686,-0.14724549904539508,10.13039505212045,0.01757524700789772,-0.6194901034796179,0.3923623795411871,52.045643,-0.748064,75.59128712731307,Vw3
5592.210000001088,-0.7547300300926625,-0.7691950072920601,9.103793988695948,-0.050616000743888,0.6112270135650807,-0.30185700765965384,52.045643,-0.748064,75.4810999988037,Vw3
5592.310000001088,-1.9763792210455295,1.1809673482434073,10.794043583050648,0.028292080082831433,0.7244643575432891,-0.4529891104947811,52.045643,-0.748064,75.5388118818346,Vw3
5592.4100000010885,4.534021284698609,-2.2771101398572373,11.210006064844471,-0.28241313478192015,0.35311009686294687,-0.14833838042236902,52.045643,-0.748064,75.41131312988384,Vw3
5592.510000001089,-4.7217341024964,0.5860190318713459,7.606636960339598,-0.2513459996233911,0.5924440026732702,-0.24479400109499583,52.045643,-0.748064,75.32089999902037,Vw3
5592.610000001089,-1.1423069595769157,-0.1571970085003188,10.899174036631004,-0.13774399875376592,-0.1043370076941883,0.15445700440430457,52.045643,-0.748064,75.27049999945531,Vw3
5592.71000000109,-3.681081028344437,0.10734900299686942,9.81370398768571,-0.21253300083555027,0.0912530022299497,-0.03197600209595666,52.045643,-0.748064,75.16109999880169,Vw3
5592.81000000109,-2.7468999513866312,0.9661999703312057,11.769599983433071,0.07049999755115399,-0.3593000004185693,0.2577999988403042,52.045643,-0.748064,74.98000000021577,Vw3
5592.91000000109,1.7147832169615391,-1.756770326717623,10.249104933917442,-0.15425247769794936,-0.39771584200299753,0.15136435527520017,52.045643,-0.748064,74.99980198041392,Vw3
5593.010000001091,-2.138329042925574,2.3006410449840295,10.146383999036189,0.0816940026232234,-0.13802699713582373,0.11772899964129654,52.045643,-0.748064,75.07920000087222,Vw3
5593.110000001091,1.9632720456420638,-2.351294051728691,9.912651997433533,-0.036383001327971495,-0.44883400345468993,0.2378830013279715,52.045643,-0.748064,74.94139009847224,Vw3
5593.210000001091,-2.3243366813745197,0.8570277586509696,9.87266039562481,-0.10886039682490606,0.08681485742298295,0.06482079015862036,52.045643,-0.748064,74.6655443534112,Vw3
5593.310000001092,0.08360000500420194,-1.3981999831493146,8.380400027010372,-0.1368999987281482,-0.09379999720343886,0.04569999720343886,52.045643,-0.748064,74.42999999924359,Vw3
5593.410000001092,0.542114856492571,0.14576041290113406,10.85525151217627,-0.02036534526198315,0.16243762656073718,-0.21053762656073718,52.045643,-0.748064,74.36069306855003,Vw3
5593.5100000010925,0.9748504997755876,-1.3837881358660282,9.808937611939596,-0.07742376301893293,-0.07318812144108924,0.07576435962423456,52.045643,-0.748064,74.30118811816268,Vw3
5593.610000001093,-1.5020740277170022,1.789306035731689,9.890788001154009,-0.014115999280929409,0.21609800327953016,-0.09979800202279585,52.045643,-0.748064,74.15299999836078,Vw3
5593.710000001093,-1.6230828290667043,-0.2047848714546301,8.69274645126095,-0.17583636545473566,0.09717474608143507,0.026968688323826137,52.045643,-0.748064,74.09060605994364,Vw3
5593.810000001094,-1.7414120012995684,-0.8773190071990411,10.395477018949855,0.14712100358694052,-0.1443730026549267,-0.05674100093967122,52.045643,-0.748064,73.99099999890608,Vw3
5593.910000001094,4.243930066149465,-2.4123610168890623,8.854737982783856,-0.34618400548711303,0.29800700491499177,0.06060600130614292,52.045643,-0.748064,73.74249999726518,Vw3
5594.010000001094,-5.366514106860866,0.933349037139747,9.007102001857481,-0.008758996216123693,0.5302990025171146,-0.5085390063020848,52.045643,-0.748064,73.74,Vw3
5594.110000001095,2.253642085350168,-1.2258470242536015,11.847526031392938,-0.1592450017024489,0.07739799496600641,-0.06365199501636826,52.045643,-0.748064,73.53209999770087,Vw3
5594.210000001095,-1.1939999730199387,-0.3545999992085415,10.201200014274441,-0.06499999761261423,0.3655999956523992,-0.14169999908819644,52.045643,-0.748064,73.44999999869897,Vw3
5594.310000001095,1.269861413135981,-0.2823227714852616,11.50476437071924,0.1530198043691151,-0.031429707320686506,-0.05843267235493832,52.045643,-0.748064,73.33118811751002,Vw3
5594.410000001096,-0.2902920175406223,-0.4673240020556102,10.731838991300913,0.12579699967456492,0.019941000612519244,-0.08324100028379693,52.045643,-0.748064,73.32009999989042,Vw3
5594.510000001096,-1.729253481105908,-1.3364792175260092,7.757232640411145,0.12951881192569692,-0.0734029713370159,0.015205941687239058,52.045643,-0.748064,73.32980198030657,Vw3
5594.6100000010965,0.6739999855878174,-1.7144000016648238,10.13509998371774,0.1395999981190641,-0.09789999593622278,-0.015200000483265863,52.045643,-0.748064,73.3199999981538,Vw3
5594.710000001097,-0.6399604104491835,-1.8661821798823448,8.650644538176127,-0.03188515039544765,0.2725950535679937,-0.05925940642377264,52.045643,-0.748064,73.15168316647099,Vw3
5594.810000001097,-0.4616339978773365,1.0905190327959196,12.855774046784205,0.19103100249034305,0.42103800160461946,-0.40204200379533106,52.045643,-0.748064,73.05099999890244,Vw3
5594.910000001098,0.39459998412051966,-0.627499998462049,8.634700006282232,-0.21819999812076513,0.367100000439104,-0.17800000042171377,52.045643,-0.748064,73.04000000130428,Vw3
5595.010000001098,-1.0519346693419611,-0.4874009885613364,9.206977234003869,-0.0470118793092231,0.4071000004390248,-0.21641584200579608,52.045643,-0.748064,73.15881188249215,Vw3
5595.110000001098,-0.5568469943462242,-0.8105220036007532,9.091127998651091,-0.027974999807769428,0.3709689995946681,-0.269468000584381,52.045643,-0.748064,73.13029999967046,Vw3
5595.210000001099,0.48938401155150546,-0.48700099637395217,10.549061016190343,0.09872200140384405,0.37139200000878775,-0.2336669995968617,52.045643,-0.748064,73.13990000010985,Vw3
5595.310000001099,0.30349998082601815,-2.230799973057325,10.232099998831016,0.12379999817620846,0.33659999899251997,-0.31279999762028166,52.045643,-0.748064,72.9799999993408,Vw3
5595.410000001099,-1.4416999586405843,0.22149999347437913,10.125700009226666,-0.042199999265132786,0.24489999654557973,-0.09619999731201902,52.045643,-0.748064,72.92000000043548,Vw3
5595.5100000011,2.3196861799658253,-0.3719653530590986,10.964808920116093,0.02463168390305165,-0.06925841929538207,0.14825544823205117,52.045643,-0.748064,72.95960396083143,Vw3
5595.6100000011,0.0856999777995495,-0.9350999752466339,8.259400009322555,-0.2811999969153632,0.28769999339271013,-0.12479999547710086,52.045643,-0.748064,73.02999999967312,Vw3
5595.7100000011005,-1.9316267548697215,1.314206955441979,9.106528722192163,-0.0009029672129481359,-0.3126960462100609,0.28619010353198593,52.045643,-0.748064,73.00029702937616,Vw3
5595.810000001101,1.251345035628967,-0.3964930192785139,11.256964023825324,0.14594500160222984,0.17531000549493259,-0.1670800050874927,52.045643,-0.748064,72.71289999680654,Vw3
5595.910000001101,-2.3167634063782185,1.5473762594366804,10.370740583962892,0.03751980075819494,-0.41899307597180724,0.17440792464122531,52.045643,-0.748064,72.73940594092109,Vw3
5596.010000001102,3.359140468636115,-1.833793977832353,10.82369091438666,0.137853536505898,-0.10621514786452002,0.19199191931093734,52.045643,-0.748064,73.08646465035777,Vw3
5596.110000001102,1.255243975925763,-1.0517519909054842,8.120948969858711,-0.21651000395653322,-0.35703300282908657,0.36703300194740784,52.045643,-0.748064,73.27810000209399,Vw3
5596.210000001102,-1.8127310339107456,0.1827140136507035,9.933713020484872,-0.1673329994125767,-0.23179099857717925,0.170799997795785,52.045643,-0.748064,73.44830000187359,Vw3
5596.310000001103,0.7051560283958349,0.7239580058922681,11.020411011900352,-0.0339419985197634,-0.4800790027806829,0.2532470009408657,52.045643,-0.748064,73.4698000002206,Vw3
5596.410000001103,3.535075031242956,-1.4805780246215452,9.76815798592771,-0.15932000141186173,-0.4307239994220191,0.3385470009408735,52.045643,-0.748064,73.46009999988969,Vw3
5596.510000001103,-5.548956101526096,1.4914540333618516,8.084279981381073,0.05522000240457703,-0.4800960005559206,0.20683899852306023,52.045643,-0.748064,73.76690000341935,Vw3
5596.610000001104,1.1708999284143367,-1.70429996676907,8.561500003008472,-0.08479999769226615,-0.7155999951615206,0.48329999761464937,52.045643,-0.748064,73.88999999868817,Vw3
5596.710000001104,-5.312565418107473,1.305403003521997,8.833975250532685,0.12420990329741881,-0.27738217338021054,0.2672603936546813,52.045643,-0.748064,73.77118811750027,Vw3
5596.8100000011045,2.561608088598277,-2.18711803931195,11.24358802686055,0.05996999925976598,-0.6357360040480857,0.34192400085734564,52.045643,-0.748064,73.58189999790083,Vw3
5596.910000001105,0.3190619740783385,0.5019780304072956,11.56084100326921,-0.10108000178983431,-0.15439899458740852,0.16014399796268247,52.045643,-0.748064,73.6493000007734,Vw3
5597.010000001105,0.3593999780021237,-0.6346999842231486,8.91890002669264,-0.16339999776585779,-0.17789999618926672,0.2426999943796334,52.045643,-0.748064,73.96000000164113,Vw3
5597.110000001106,-1.6312930913187895,0.7930227880641074,11.33444458116505,0.03877822005734444,0.16695148896167028,-0.2659138670100777,52.045643,-0.748064,74.10851485312733,Vw3
5597.210000001106,0.4956297269442984,0.6064574234997321,10.205691076234187,-0.036341585019868644,-0.22197327170842968,0.21586436187253816,52.045643,-0.748064,73.89435643323544,Vw3
5597.310000001106,-1.4766323459934139,-0.003517178559360068,8.330100989184325,0.16304949721867357,0.07102929632747174,0.11582121088042971,52.045643,-0.748064,73.86030302996768,Vw3
5597.410000001107,-0.8932999932494047,1.410257015872752,10.188933020989925,-0.06953000262277223,-0.13459200233282867,-0.04835300182266075,52.045643,-0.748064,74.00850000165998,Vw3
5597.510000001107,1.4957000002400014,-1.8000999938870916,9.13629997943551,0.09379999789259182,0.13289999829916926,-0.020999998773692276,52.045643,-0.748064,74.01999999956163,Vw3
5597.610000001107,1.5173831685569852,-1.2478227661604402,7.278379187343252,-0.09659604171270589,-0.0207633680385437,0.08979208043500671,52.045643,-0.748064,73.98039603916533,Vw3
5597.710000001108,-2.9253220497052776,0.1927050160541468,10.753807039089272,0.10118300223395751,0.31538900377790235,-0.23292900362284336,52.045643,-0.748064,73.98,Vw3
5597.810000001108,-0.8472439762300796,0.4943000032145481,12.405275018095688,-0.0998490022734614,-0.08264500449482498,-0.01038099747159163,52.045643,-0.748064,74.07900000110847,Vw3
5597.9100000011085,0.1271740106701702,-0.9340430160252081,9.204000963973488,-0.029233999186380116,-0.15778200079588428,0.07258500090340628,52.045643,-0.748064,74.07009999988915,Vw3
5598.010000001109,-3.992599922120083,-0.4222000094325988,9.792999981676944,0.06689999805982043,-0.21840000466640905,0.11270000315417764,52.045643,-0.748064,74.21000000022173,Vw3
5598.110000001109,3.0319999766712806,-1.2730000012710774,8.140299988591064,-0.10809999827959622,-0.6392999873276771,0.39719999177260285,52.045643,-0.748064,74.22999999835211,Vw3
5598.21000000111,0.9295247291506934,-1.387554456716395,7.112082166810923,0.046949506670591695,0.5027792205908523,-0.34428515674077964,52.045643,-0.748064,74.08148514686725,Vw3
5598.31000000111,2.4328059576859755,-2.7873445701383313,9.883994090602453,-0.029425743448032324,-0.39169902005876067,0.28307624474145576,52.045643,-0.748064,74.02118811815242,Vw3
5598.41000000111,-1.6491333799285424,0.3449495307569381,10.944353546730092,0.09699394084404661,0.21175556259973466,-0.06976869101152994,52.045643,-0.748064,73.95070706992202,Vw3
5598.510000001111,-2.8205910126673324,-0.19016900636308876,9.06577897881672,0.1066160000932646,-0.3257070060988392,0.19132500297003363,52.045643,-0.748064,73.80149999833456,Vw3
5598.610000001111,-0.9412979787784297,0.03348300257463499,10.368647014837764,0.21391700120342239,-0.2716019993310616,0.09480199888658426,52.045643,-0.748064,73.94850000166679,Vw3
5598.710000001111,-3.295329026636634,-0.05409200100897181,8.35012397719368,-0.012799002556876826,-0.2973340002955798,0.17309900089007316,52.045643,-0.748064,73.92029999966664,Vw3
5598.810000001112,1.7393030568251184,-0.5455450055104696,10.115065020056775,0.05499200078736881,-0.27819599978202786,0.14608099968749913,52.045643,-0.748064,73.87049999944395,Vw3
5598.910000001112,-2.1074280437860704,0.8241150154416743,9.706112995203462,-0.17031700253895155,-0.012877997021764231,-0.0010170016492619949,52.045643,-0.748064,73.72149999833184,Vw3
5599.0100000011125,0.6218999805598695,-1.1997999943899826,9.251300009144087,0.07989999895266463,-0.043100001062753565,-0.05109999878967236,52.045643,-0.748064,73.71999999867845,Vw3
5599.110000001113,-1.1258227917296342,-0.6954435587428759,10.073379217070652,-0.014258416889580891,-0.1386445555188702,0.05771188239921072,52.045643,-0.748064,73.60118811748949,Vw3
5599.210000001113,0.7443970800556552,-0.5462676454376756,10.013270587466751,0.0062500002412617505,0.0271470606990393,0.030944117333746052,52.045643,-0.748064,73.46411764553046,Vw3
5599.310000001114,-0.8752132845622801,0.7314724636027234,10.716528579528411,-0.004977551156807368,0.10663265391599283,-0.164988777750561,52.047077214302185,-0.7493932959336327,73.48969387789201,Vw3
5599.410000001114,2.3052990359810828,0.6412439988370561,12.004563014410925,-0.45238200503273984,0.35014800273135865,-0.0651289988537651,52.047092,-0.749407,73.67810000211648,Vw3
5599.510000001114,-3.545178066192003,-0.7320390154401964,6.689418940049352,-0.1870259969634243,0.21647499846834498,-0.226064001822391,52.047092,-0.749407,73.75920000089116,Vw3
5599.610000001115,-3.0444579936922844,1.0054100197213658,10.33899204170361,-0.04560099843812132,0.26539200056633433,-0.3071970008952095,52.047092,-0.749407,73.82930000078038,Vw3
5599.710000001115,1.4356040503863277,-1.1331200242812245,10.480647001173926,0.0951920015696953,-0.2126660053891386,0.14740000512826584,52.047092,-0.749407,73.87950000055741,Vw3
5599.810000001115,0.33992398714220284,-1.272215001322153,7.428341965588322,0.1892640010443334,0.16315500429002341,-0.1700470036295049,52.047092,-0.749407,73.97900000111575,Vw3
5599.910000001116,0.9119060065762299,1.7123410336499014,10.299487032705976,-0.036906002559530277,-0.3072100053444421,0.031234002305139313,52.047092,-0.749407,74.2176000026778,Vw3
5600.010000001116,1.743955009310933,0.030888980709800062,9.174657986992589,-0.18770000167362488,-0.1031099976457677,0.22070700211211458,52.047092,-0.749407,74.27940000066945,Vw3
5600.1100000011165,-2.3225400459613263,4.908457055210542,10.728091017653124,-0.07030099865890298,-0.23395700149966137,0.36199200157224365,52.047092,-0.749407,74.369100001005,Vw3
5600.210000001117,0.8010330356962512,-0.9299270664110848,11.56629300927609,0.0780140016593559,-0.28014700050584673,-0.004088004145039681,52.047092,-0.749407,74.38980000022333,Vw3
5600.310000001117,-0.8247550187135388,3.1833510471040283,9.307796974411234,-0.016035001078445216,-0.16575999870363062,-0.10620600111085444,52.047092,-0.749407,74.67710000324092,Vw3
5600.410000001118,2.368476036236054,-2.4198760637282484,9.0561109974173,-0.0962990008951727,-0.28448900135337596,0.3937400056548987,52.047092,-0.749407,75.03640000402325,Vw3
5600.510000001118,-2.8931250597619975,3.17332706378301,7.652454984180812,0.2057410034186432,-0.329557000495083,0.11041299674452176,52.047092,-0.749407,75.22810000212338,Vw3
5600.610000001118,2.1645999266235525,-0.6264999837348578,7.7996000275272435,0.16470000284986114,-0.5360999936966344,0.3562999954078802,52.047092,-0.749407,75.09999999933544,Vw3
5600.710000001119,-4.394607994155533,0.8274604123018655,10.260293096829301,0.4194524780968812,0.02736535283690278,-0.05419505409625708,52.047092,-0.749407,75.0405940587415,Vw3
5600.810000001119,3.2156660867899154,1.7577500103542538,14.365284046136315,0.47120300055633124,-0.49546200597524404,0.15989600246711086,52.047092,-0.749407,75.05980000022387,Vw3
5600.910000001119,5.776417028077606,-1.702455039228949,9.588169945519393,0.02055699489894941,0.7662020143259262,-0.5189210077002694,52.047092,-0.749407,75.03029999966418,Vw3
5601.01000000112,-1.2902999626986873,-0.0818000060155462,11.661799999351759,0.2175999982870304,0.08300000468659528,-0.09480000062249092,52.047092,-0.749407,75.13999999843257,Vw3
5601.11000000112,2.0413999306911297,-0.6191000006612044,11.603899970755016,0.06459999630346774,0.5015999997803382,-0.15040000146330315,52.047092,-0.749407,74.99999999900153,Vw3
5601.2100000011205,-4.144144623752062,-0.6781099016511866,8.993899970760188,-0.2653009937948886,0.4819960393843374,-0.28099406086898504,52.047092,-0.749407,74.91089108811062,Vw3
5601.310000001121,0.8441880571945415,-0.6897880001255741,11.144315024649533,0.10769900426167278,0.21558899698509915,-0.12469199821505311,52.047092,-0.749407,75.02880000134545,Vw3
5601.410000001121,-4.460299930744148,0.2513999741156844,9.562599989804168,0.0873000001749395,0.4433999950052534,-0.369399999324913,52.047092,-0.749407,74.9499999988786,Vw3
5601.510000001122,1.7154999839291167,-2.0568000009274034,8.653400015418224,0.10290000135353822,-0.0019999970047219905,-0.3091999953035476,52.047092,-0.749407,74.84999999977572,Vw3
5601.610000001122,0.28240001911978324,-2.139499988230267,10.028300002716005,0.22359999772618683,0.2650999974702987,0.10959999858363663,52.047092,-0.749407,74.82999999842865,Vw3
5601.710000001122,1.985999958865435,-1.0907999939906066,10.270300003923664,0.021000000523377284,0.03970000220240716,-0.01660000162458086,52.047092,-0.749407,74.68998999933339,Vw3
5601.810000001123,-1.6791485560117938,-0.5553544494323902,10.619903964322159,0.06763366389004145,0.23593762596616175,-0.16135247687312235,52.047092,-0.749407,74.63059395972901,Vw3
5601.910000001123,-1.7016999370757586,1.0089999780027428,9.824600007791819,-0.04210000145345438,-0.12619999422549535,0.24239999353246494,52.047092,-0.749407,74.68998999865225,Vw3
5602.010000001123,3.9003999923843056,-0.9494000115714516,10.518299980304622,-0.17149999964968696,0.38789999425486604,-0.3333999953769799,52.047092,-0.749407,74.56999999855415,Vw3
5602.110000001124,3.222380190399345,-1.9795980313806676,8.764834633757651,-0.14031188083758672,-0.12358515426357808,0.07818416304175257,52.047092,-0.749407,74.44127722627603,Vw3
5602.210000001124,-0.5503600427545008,1.0752390347981629,10.482869019703712,0.21194500399559024,0.4444110065064617,-0.25004300377305105,52.047092,-0.749407,74.22219989752746,Vw3
5602.3100000011245,4.585799983018877,-0.864500009069881,10.438799985432986,-0.1839999983316049,-0.3691999901710493,0.1647999968846979,52.047092,-0.749407,74.0999999993322,Vw3
5602.410000001125,3.0752059236023257,-1.6713316922438648,9.142958401265469,-0.035584156746404055,0.5051564454786563,-0.11232871598853572,52.047092,-0.749407,74.04059405873772,Vw3
5602.510000001125,1.8221999782654683,0.6068999871778293,11.695599958693029,-0.2556000006438376,-0.5955999925134385,0.47829999572817095,52.047092,-0.749407,73.95999999821774,Vw3
5602.610000001126,-0.10968120986691288,-0.5328029831272056,8.024015800251398,-0.3128277234165168,0.06984555204569087,0.09859702542847426,52.047092,-0.749407,73.80158415663247,Vw3
5602.710000001126,-6.894561076932927,2.243343031697865,12.316867049232615,-0.36468200058314076,-0.6947100087696264,0.613065005893324,52.047092,-0.749407,73.69109009876156,Vw3
5602.810000001126,5.84690814578011,-1.9772830483526422,8.513459956218197,-0.44034100085513095,-0.3565939960634683,0.277937996126561,52.047092,-0.749407,73.59099989887346,Vw3
5602.910000001127,-5.129421126388024,-0.6549899844633054,9.77258901477169,0.251009007876507,-0.5287260019987017,0.006308996947867629,52.047092,-0.749407,73.31279999684534,Vw3
5603.010000001127,3.076776094666803,-0.7065400007435982,9.457910996269614,0.1136579983573241,-0.7910680029653792,0.7686720087068583,52.047092,-0.749407,73.11199999774666,Vw3
5603.110000001127,-4.822164090922271,-0.009942992058565081,8.723979991678576,0.03151499908103515,-0.12525199238668616,0.2190299936518133,52.047092,-0.749407,72.99119999864692,Vw3
5603.210000001128,4.384999958601782,-0.5219000162388208,10.670699978654934,0.025000001249483633,-0.5473999902509011,0.20299999510144354,52.047092,-0.749407,72.77999999732015,Vw3
5603.310000001128,0.7142078793680788,-1.9618010063479443,8.778026711314908,0.1357920804581826,0.317055455299725,-0.23135644054517163,52.047092,-0.749407,72.54237623494224,Vw3
5603.4100000011285,5.87302005922278,-1.9836250000846363,10.497837019819544,0.12383199985104026,-0.424522008551643,0.17574400468997461,52.047092,-0.749407,72.36179999796873,Vw3
5603.510000001129,-1.9260910894988443,-0.7607529860598514,8.783097980253807,0.06509199933193816,0.42316100974896326,-0.2376820047599406,52.047092,-0.749407,72.13229999740449,Vw3
5603.610000001129,1.0314250346438305,-1.6880090107189765,10.003298014119549,0.0008429992738065856,-0.10676000614384479,0.04757600330231654,52.047092,-0.749407,71.97159999819299,Vw3
5603.71000000113,0.5015619936053807,-0.610182987595884,11.69880001919967,-0.015739000181832167,0.11292600256823815,-0.14779700226217285,52.047092,-0.749407,71.89079999909649,Vw3
5603.81000000113,-1.2595000072696543,-1.6059999894366335,7.352500031614048,-0.20299999569860155,0.11999999807857448,0.10129999840067608,52.047092,-0.749407,71.6899899985462,Vw3
5603.91000000113,-1.903064363709818,-0.6708514745785797,10.151212902920834,0.17779208351199388,-0.05009901182361037,-0.040284160016159976,52.047092,-0.749407,71.56128702824824,Vw3
5604.010000001131,-0.23154898084251418,-0.5291369984887865,11.62281801648206,0.03111999828194123,-0.07625300027918455,0.03730200090198087,52.047092,-0.749407,71.38179999796546,Vw3
5604.110000001131,-1.1370820105405426,-0.5606680003755592,10.652745988749063,0.20671100202372078,0.05873400154522222,-0.0420900009162738,52.047092,-0.749407,71.08299999660639,Vw3
5604.210000001131,-2.567941016243063,-1.7214780132600591,9.592409987997847,-0.0015780024004304338,0.23731000202486824,-0.11487300082239063,52.047092,-0.749407,70.8918999978507,Vw3
5604.310000001132,2.2602850553772456,-1.2040449939488629,11.636050023491318,-0.096760001064185,0.058226997931631885,-0.0042249987263743155,52.047092,-0.749407,70.74149999830183,Vw3
5604.410000001132,-1.317071041468453,-0.4591699915430575,8.83777496776286,-0.1999670011694808,0.4560630045703718,-0.17318200194498357,52.047092,-0.749407,70.47269999694328,Vw3
5604.5100000011325,2.127140039805368,-1.9686770173474872,11.808109034293071,0.2669730053515351,-0.033415005643622264,-0.025607998292761835,52.047092,-0.749407,70.35119999864145,Vw3
5604.610000001133,-3.6759280668165264,0.21736402519385978,11.310036993953066,0.18933199905732634,0.30344700391232227,-0.346147003685718,52.047092,-0.749407,70.10249999716744,Vw3
5604.710000001133,3.613599923144539,-4.22949994620185,8.256500033759046,0.15980000127123767,0.25300000236295367,-0.0739000043152516,52.047092,-0.749407,69.84999999820467,Vw3
5604.810000001134,-3.1683802749228978,0.5178267865047612,11.235509934770068,0.2719782190938078,0.4615148538495668,-0.454692083525847,52.047092,-0.749407,69.6915742556293,Vw3
5604.910000001134,1.5402530547091935,-1.7733770267870597,8.261639965596265,-0.07943900403795967,0.20798199707216747,-0.2392149974883233,52.047092,-0.749407,69.47219989750545,Vw3
5605.010000001134,-2.75265004972326,0.0955830216775273,9.712043016960338,-0.028945999380868864,0.45101900281330465,-0.11582399861205767,52.047092,-0.749407,69.34129999852588,Vw3
5605.110000001135,2.1955750572243176,-0.3277310050716009,11.578300021221512,0.012982000474363209,-0.3170170088324613,0.2417010040842899,52.047092,-0.749407,69.11229999738987,Vw3
5605.210000001135,2.2541999843520517,-2.1084999747760556,10.568100000191047,-0.09569999806367317,0.05019999381229512,-0.063299996611709,52.047092,-0.749407,68.82999999853904,Vw3
5605.310000001135,0.8755861229562301,0.11377725296232555,10.584931683359484,0.07489406134346567,-0.494948521043019,0.2352148548755362,52.047092,-0.749407,68.70128712725102,Vw3
5605.410000001136,3.251699902801678,-2.175799972933508,8.990200001926587,-0.002599999343415766,0.6281999999432021,-0.36499999991821097,52.047092,-0.749407,68.44999999840967,Vw3
5605.510000001136,-5.304799949281123,0.2068999935464039,9.159800016373554,0.055199998199336464,0.6231999954887811,-0.357799996866553,52.047092,-0.749407,68.30999999696328,Vw3
5605.6100000011365,-0.8399484641012478,-0.36121881833877456,10.60118615499754,-0.10331485328692541,0.2260712826147046,-0.08195841270619969,52.047092,-0.749407,68.04267326428814,Vw3
5605.710000001137,-6.718272068004591,-0.6419220031576646,8.223957972540367,-0.126383000246657,0.6200800045694066,-0.2923470024472468,52.047092,-0.749407,67.76279999681734,Vw3
5605.810000001137,2.734315109303287,0.015531007586445544,12.01070604378957,0.19356600367889715,-0.35194101121528976,0.12436900481305307,52.047092,-0.749407,67.55209999761111,Vw3
5605.910000001138,6.35846304053986,-1.8411780214114892,11.232251990612708,-0.1682130041942493,1.060335016341305,-0.6227110086330778,52.047092,-0.749407,67.39159999817987,Vw3
5606.010000001138,3.3651949651958075,-0.92444998924989,11.903833007811746,-0.03260699839942807,0.39041199213706235,-0.1766819947876186,52.047092,-0.749407,67.24149999829363,Vw3
5606.110000001138,5.008492019249389,-1.0268700012864804,12.004255001075862,-0.10337100082995057,0.7070320037205466,-0.33020300181814966,52.047092,-0.749407,66.87369999578763,Vw3
5606.210000001139,-5.26969992375868,-1.318499992816123,7.4907000383252855,-0.1925999965162931,0.6283999952941771,-0.4090999965557526,52.047092,-0.749407,66.66999999729421,Vw3
5606.310000001139,1.4258446307437938,-0.6876089037027807,10.856442612606353,0.11334059754526171,0.21513266855860114,-0.10662474902887559,52.047092,-0.749407,66.4323762349163,Vw3
5606.410000001139,-1.7803380376707358,0.2854350111262095,9.52300898426607,-0.01952700156439177,0.29346700094911754,-0.18606700094911754,52.047092,-0.749407,66.27159999817697,Vw3
5606.51000000114,2.342224047827319,-0.6404490107684389,10.667797013334361,-0.08881400078162618,-0.011412003518457225,-0.09661199896087014,52.047092,-0.749407,66.18089999897455,Vw3
5606.61000000114,-1.788254048058965,-1.971550015222967,8.808399978448383,-0.0969250000855223,0.29744900359307636,-0.014024999059254833,52.047092,-0.749407,65.98199999771941,Vw3
5606.7100000011405,-2.887249517121453,0.5741029997671836,9.209808915731477,0.0813960416584163,-0.44258614717258926,0.2206752502181216,52.047092,-0.749407,65.80356435440376,Vw3
5606.810000001141,-3.064410102824501,0.11352726676188518,9.2988777787161,0.07015151497860538,-0.09886060188310575,0.05781009905852594,52.047092,-0.749407,65.67131312981458,Vw3
5606.910000001141,-1.0365989766062178,-2.0044590243546856,8.1123929863134,0.0605949998915845,-0.3043870024113889,0.238260002099837,52.047092,-0.749407,65.68979010022814,Vw3
5607.010000001142,0.21744001421954828,0.39465102790158424,11.318692037098643,0.16761800123479545,-0.07137499728961255,-0.06947300356858169,52.047092,-0.749407,65.56129989851654,Vw3
5607.110000001142,0.44334400246240246,0.03765299559942642,9.778683981858627,-0.04355600244869706,-0.03385499959454876,-0.018050999370693994,52.047092,-0.749407,65.44119009862935,Vw3
5607.210000001142,-1.8940680269907038,-1.3423990158766834,9.166423993119837,-0.06322300020215617,-0.14744900131458616,0.047543000750376305,52.047092,-0.749407,65.43999000000001,Vw3
5607.310000001143,0.9113000059789309,-0.7354000030808515,9.625500010107295,0.01300000036782876,-0.1791999990530123,0.07150000097668817,52.047092,-0.749407,65.37999999840073,Vw3
5607.410000001143,1.4346999549859771,-1.0050999929696718,10.51029999397821,0.04519999904919082,-0.0963000008376176,0.1569999998630382,52.047092,-0.749407,65.23999999966043,Vw3
5607.510000001143,-2.50272578758048,-0.390149497921385,9.983567320711927,-0.03796831778232757,-0.16956732757014573,0.14501980184325997,52.047092,-0.749407,65.21029702936345,Vw3
5607.610000001144,-0.5954629775068032,0.2616780074607451,8.981468988481716,-0.04464100006749217,-0.07407199888809503,0.09302399940057798,52.047092,-0.749407,65.14069999919924,Vw3
5607.710000001144,-1.3377040088037948,-0.8268390126531675,10.182665013996159,-0.0032189995206873545,-0.09379100023908435,0.03220899930333796,52.047092,-0.749407,65.07069999919923,Vw3
5607.8100000011445,1.8757999842266675,-1.0572000089583102,10.25159999463385,0.045799999324841564,-0.24909999402892594,0.1461999962605738,52.047092,-0.749407,64.91999999762109,Vw3
5607.910000001145,0.49718612283084584,-1.8401703059935128,9.782590093640458,-0.01320990166567193,0.2727811940935515,-0.1806316869100386,52.047092,-0.749407,64.7120792055404,Vw3
5608.010000001145,-2.0858480297112445,-0.12609298008755876,9.526538997093215,0.009366000267895774,0.0020869968092926405,0.05647200277970488,52.047092,-0.749407,64.61099999885515,Vw3
5608.110000001146,-3.3668999868596203,-2.368199962658448,10.986399993171407,0.03960000258066447,0.48909999773503715,-0.27169999907311787,52.047092,-0.749407,64.41999999842712,Vw3
5608.210000001146,-2.2202333201974525,0.8903294490934739,10.390517640232568,0.26479608101115354,0.2914529389122832,-0.19081764613225877,52.047092,-0.749407,64.28274509646687,Vw3
5608.310000001146,6.6598213157550905,-4.783340471188439,7.2966484487877175,-0.023116165037614322,0.6817767722900533,-0.46488687191257816,52.04840262627796,-0.7508334444611346,64.10181817973334,Vw3
5608.410000001147,-1.6217999093709303,-0.7289000145823176,12.149699978840763,0.3114999945540574,0.6642999945222628,-0.39869999558964947,52.048416,-0.750848,64.12999999477661,Vw3
5608.510000001147,6.280477318336187,-2.0003851630946503,10.304749483794915,-0.16335149059351678,0.1866762321469715,-0.014145540144866742,52.048416,-0.750848,63.67455445022307,Vw3
5608.6100000011475,-3.1484601102129224,-1.3393059921896173,8.321149977220673,-0.12216399946752607,0.7334290063931299,-0.473917005374085,52.048416,-0.750848,63.36309999644252,Vw3
5608.710000001148,-1.6505999815239263,1.059043027722144,10.984299031100626,-0.03032299894078161,-0.41019201332113464,0.23429900826373962,52.048416,-0.750848,63.33029999965572,Vw3
5608.810000001148,-5.857399948952097,-0.378800013638154,7.495000008548137,-0.08739999712372572,0.2157999914643634,-0.0743999961589067,52.048416,-0.750848,63.19999999772717,Vw3
5608.910000001149,-1.4098751964456113,-1.567017835428678,8.239752483800892,0.163194062283975,-0.5278633748774936,0.2602534691899785,52.048416,-0.750848,63.001980195745574,Vw3
5609.010000001149,0.053072016455589344,-0.35971498585632444,11.433614036965354,0.17183800007120648,-0.1356369953635389,0.03916699739636928,52.048416,-0.750848,62.73269999689907,Vw3
5609.110000001149,0.17630000126433132,-2.023965019464956,7.975059959472434,-0.12658500346541723,-0.08516899946093509,0.16461000148271582,52.048416,-0.750848,62.353799995632315,Vw3
5609.21000000115,-1.1457350153617472,-0.6300509836198835,10.99840503551075,0.09760500263787578,0.2315060036711875,-0.08199600287810063,52.048416,-0.750848,62.1024999971265,Vw3
5609.31000000115,-1.4504570033853377,-1.2803870077219746,9.202848978778086,-0.07671600205213809,0.11372199859433144,-0.017278999218945212,52.048416,-0.750848,61.872299997354304,Vw3
5609.41000000115,0.8914150272451093,-4.5144010374989785,7.0657009753822,0.30997600451381924,0.21021300113535668,-0.04026100027492426,52.048416,-0.750848,61.61259999700919,Vw3
5609.510000001151,-3.804499920900674,-0.503300027116742,10.240999978434187,0.1955999968104651,0.33599999650404194,-0.41049999317439534,52.048416,-0.750848,61.18999999555743,Vw3
5609.610000001151,3.070648593999101,-2.8602307202026034,8.366544532876468,-0.08162772596375933,0.03213861036329385,0.1827673335624449,52.048416,-0.750848,60.80386138169333,Vw3
5609.7100000011515,-2.7438730684135635,-3.337913005280647,9.400269012238622,-0.05469999965463394,0.2447220025073576,-0.240168004987086,52.048416,-0.750848,60.43369999574048,Vw3
5609.810000001152,1.5162680502693267,-1.745926981419751,11.637113025907736,-0.1149880007050978,-0.44243700802221575,0.427710007822899,52.048416,-0.750848,59.806299992741636,Vw3
5609.910000001152,1.1169739948453719,-1.3797359959260695,10.182519982810225,-0.29578000209687605,0.31161300885642096,-0.028325005386206414,52.048416,-0.750848,59.16639999262637,Vw3
5610.010000001153,3.408211026716736,-1.339569999573712,15.116412057592658,0.6841830114256702,-0.6007070107067412,0.1613370022616306,52.048416,-0.750848,58.63529999389372,Vw3
5610.110000001153,5.349921022344571,-2.1153600090397564,14.71941499479407,0.43867999702518234,-0.8917540032815237,-0.033413002291070804,52.048416,-0.750848,57.927099991813485,Vw3
5610.210000001153,-4.515256115124045,-2.020041998798533,12.99269597994173,-0.44341601024360017,-0.012509989726420812,0.1297320019232694,52.048416,-0.750848,57.39529999388889,Vw3
5610.310000001154,4.823461110015446,-3.8556480214078874,10.245275968178962,-0.36597199899376465,-0.6676920077406268,0.6353100058735525,52.048416,-0.750848,56.548499990191516,Vw3
5610.410000001154,-3.6835081002689085,0.12817204665183723,12.872781030947749,-0.0759209966293159,0.2794650111182957,-0.034978007872237926,52.048416,-0.750848,56.01529999388407,Vw3
5610.510000001154,-0.9988949676952066,-3.7751640459686997,8.763775951792638,-0.3499030032275945,-0.42815500836035825,0.1156100018347784,52.048416,-0.750848,55.38629999273012,Vw3
5610.610000001155,-8.585764445248348,-1.9659544338799948,9.688377238993699,0.08319406448980404,0.5453861500528397,-0.3566277282985637,52.048416,-0.750848,54.51742573251399,Vw3
5610.710000001155,-1.4878968842411133,-4.049062651250681,9.528035351415783,0.007462625266417014,0.0931171661540312,0.13330303618929717,52.048416,-0.750848,53.470505038373226,Vw3
5610.8100000011555,3.812706061017119,-3.749147996246096,10.130199007051283,-0.0018150000982394797,0.5911210058700979,-0.34561100565050373,52.048416,-0.750848,52.80659999237199,Vw3
5610.910000001156,-4.383774096305497,-3.8679670014250616,8.66030898276866,-0.10228600117194843,0.1501059947921108,-0.10527699713716349,52.048416,-0.750848,51.96839999029155,Vw3
5611.010000001156,-2.5474899775896644,-2.945034989210909,9.267912007267467,-0.0693429996035717,0.43270000335172626,-0.19635500109220044,52.048416,-0.750848,51.00959998890463,Vw3
5611.110000001157,2.0107530530297617,-4.786703021626223,8.678318993038015,-0.1961160014851618,-0.13018500661035803,0.058219002985360285,52.048416,-0.750848,49.89119998704532,Vw3
5611.210000001157,-0.9356750349605676,-3.2320919816180864,11.093741028291166,-0.046325998234910654,0.16535700351976865,-0.17224600272281806,52.048416,-0.750848,48.691999986119875,Vw3
5611.310000001157,3.665914054158424,-3.802973006860962,8.924458974349239,-0.1250890009387954,-0.4403510071179445,0.32752800587123343,52.048416,-0.750848,47.72959998888725,Vw3
5611.410000001158,-4.7680360991635045,-3.0495699911213103,9.51352600714694,-0.0051199985877442705,0.3240170090094969,-0.16893400586433394,52.048416,-0.750848,46.79929998923444,Vw3
5611.510000001158,-3.0558000087842774,-2.623700009858382,9.567000004986507,-0.031799999314498534,-0.013299994094141223,0.06699999467991255,52.048416,-0.750848,45.67999998704654,Vw3
5611.610000001158,-3.8145128800767347,-3.4751851583792144,9.997693074296464,0.02740792147799654,0.49679901581043173,-0.3925049558183645,52.048416,-0.750848,44.56118810585056,Vw3
5611.710000001159,-0.4276999877866532,-2.1677000046405213,9.015700011110866,0.07550000200878924,0.29900000125047416,-0.0932000026512347,52.048416,-0.750848,43.45999999047804,Vw3
5611.810000001159,0.6263594181613443,-2.5681950541482848,9.974610902206708,0.2488663386436703,0.40692079333044007,-0.3220118838409606,52.048416,-0.750848,42.638217812254446,Vw3
5611.9100000011595,-3.591199957196633,-4.209199976930804,10.03990001884939,0.15579999973097147,-0.009399991956974555,0.03299999676585958,52.048416,-0.750848,41.969999991071035,Vw3
5612.01000000116,0.10000000748003113,-2.21980000337319,11.665399978758549,0.13259999682543575,0.6841999982364808,-0.24590000212862284,52.048416,-0.750848,41.199999987715074,Vw3
5612.11000000116,0.7450495124350568,-2.5106910924841435,9.833617800527861,-0.1411623794141108,0.5321207903146205,-0.42946435856555576,52.048416,-0.750848,40.14059404711357,Vw3
5612.210000001161,1.8527760129073458,-1.5694369889340747,10.594628009134,-0.09657799944536936,0.34457899781976786,-0.17578099700522665,52.048416,-0.750848,39.26869998990526,Vw3
5612.310000001161,-1.1293999794083232,-4.223100009368,9.13280000916807,-0.07379999936114211,0.481599993609123,-0.1200999989658775,52.048416,-0.750848,38.28999998919917,Vw3
5612.410000001161,0.6449564562477041,-5.030327732145948,9.922800009173619,-0.0187504944102604,-0.06909307570167572,-0.030991088074162523,52.048416,-0.750848,37.3593069198857,Vw3
5612.510000001162,2.2330380184193452,-2.034739964768444,9.399267993766546,0.0006100002206326817,0.0322210012529614,0.15552500217729623,52.048416,-0.750848,36.260999987226526,Vw3
5612.610000001162,1.9973409970470402,-2.0113300000813488,10.560318013692157,0.11672900136084843,0.22100400220338906,0.08503099915048659,52.048416,-0.750848,35.27979998861118,Vw3
5612.710000001162,2.395453004703157,-0.7520209852164916,10.535964999575821,0.11166299992678555,0.10360499859962836,-0.05786400166882462,52.048416,-0.750848,34.06219998582196,Vw3
5612.810000001163,2.7742150044020857,-1.3234000068619038,8.567479976878872,0.05912999938359169,0.1691260007838853,0.036136001121165294,52.048416,-0.750848,33.13919998930008,Vw3
5612.910000001163,1.618313986376107,-1.5117570021434894,9.766884014324045,0.17759800139797843,0.2119740004954566,-0.03705100087111967,52.048416,-0.750848,32.2191999893,Vw3
5613.0100000011635,2.0736000179346843,-0.06550002670968831,10.944199970370686,-0.12720000005413115,0.30849999914887416,-0.11129999846014171,52.048416,-0.750848,31.36999999170757,Vw3
5613.110000001164,3.6153821961633352,-2.361638640587202,8.397071257481509,-0.13185346540069848,0.23533168231667706,0.02107623916455041,52.048416,-0.750848,30.657128704573847,Vw3
5613.210000001164,3.010138606565436,-1.6314158327303874,9.05862080015522,-0.02035346403529162,0.4005475267032085,-0.04856633746788126,52.048416,-0.750848,29.905049496193513,Vw3
5613.310000001165,3.0678999987782154,-2.6490999732383074,9.416200025324367,-0.06410000102699062,0.35479999804744994,-0.13489999757372026,52.048416,-0.750848,28.959999990317936,Vw3
5613.410000001165,2.962949503727973,-0.35028809203404254,11.591546559993112,-0.15231782280978845,0.18707722576904418,0.07351584401190203,52.048416,-0.750848,28.128316821995263,Vw3
5613.510000001165,2.933090999661025,-1.3796700123824897,8.33461796142208,-0.21240200069658785,0.38023200229244963,-0.12329100234020898,52.048416,-0.750848,27.14979998858435,Vw3
5613.610000001166,-0.2154000370712641,0.7317650249881302,11.836097041621237,0.09350400360920233,0.2742899987293183,-0.19083800077173513,52.048416,-0.750848,26.248999989508132,Vw3
5613.710000001166,1.7162670231207586,-1.901485031260179,8.271268957602034,-0.02328900141175004,0.3557660009722539,-0.10220199894847355,52.048416,-0.750848,25.200499987759393,Vw3
5613.810000001166,1.3910849959341463,-0.12857897879106028,9.106199010267884,0.14083000194834308,0.01425799596564642,0.11392600253634605,52.048416,-0.750848,24.6157999932333,Vw3
5613.910000001167,0.6873000161029675,-1.7702000054011604,10.226699987336444,0.04250000016405664,0.18419999737855983,-0.07269999796084534,52.048416,-0.750848,24.329999997458277,Vw3
5614.010000001167,2.067300016100234,-2.233071292528956,9.14145246258612,0.056559406104622845,-0.04045346796752977,0.1020524772863332,52.048416,-0.750848,24.11217821528049,Vw3
5614.1100000011675,1.12139398868146,-0.8013089830595526,9.62520400583324,-0.020817000914216732,0.013631000664354166,0.04657799932513759,52.048416,-0.750848,23.872399997197803,Vw3
5614.210000001168,2.255744013492683,-3.404063030867606,9.886412003021725,0.005229000316417189,0.08488600083366005,0.049168000037362915,52.048416,-0.750848,23.711599998131856,Vw3
5614.310000001168,-0.5703370334924718,0.6939390486805253,9.427065994547819,-0.05617700072797022,-0.08943200206589301,0.1052340006613662,52.048416,-0.750848,23.551599998130413,Vw3
5614.410000001169,-1.0273999727472884,1.0033999606286723,10.181499997949567,-0.007400000230268751,0.4265999972414035,-0.19279999780608267,52.048416,-0.750848,23.419999998958584,Vw3
5614.510000001169,1.3044812153669034,-2.3654119205527726,10.006054453395459,-0.02710297052725942,0.1905603932814751,-0.0050772255292268476,52.048416,-0.750848,23.33089108806767,Vw3
5614.610000001169,0.1472249860548931,-1.9983479952662648,10.418714004895113,0.04041600079987029,0.23067100050167302,-0.13605800156933615,52.048416,-0.750848,23.16169999801202,Vw3
5614.71000000117,-1.9489470246195908,-1.3170409920000656,9.529028989441397,-0.03701100092266457,0.054384997912602984,0.06614400240430715,52.048416,-0.750848,23.219400000701643,Vw3
5614.81000000117,-1.7579999788532161,-0.9739000375027979,9.294500010238142,0.13059999813093975,0.21499999603143158,-0.13889999764804128,52.048416,-0.750848,23.370000003937303,Vw3
5614.91000000117,0.0500198231396809,-4.180335681089675,10.169846544897755,-0.02920198206820246,-0.12430693466402096,0.06218911126426224,52.048416,-0.750848,23.706633667306004,Vw3
5615.010000001171,-0.0568380014769433,-2.9538129851217274,10.205726000320666,0.005830000433018241,0.3694780058773449,-0.16241100267886155,52.048416,-0.750848,24.244600006319725,Vw3
5615.110000001171,0.06753100148627818,-1.2164209795961765,9.204416988150768,-0.05211100068984857,0.27639099883932094,-0.18766800027172303,52.048416,-0.750848,25.002400008901272,Vw3
5615.2100000011715,-1.707458021014192,-1.5963860047013136,10.332701013467965,0.01343200078238102,0.32796900062192264,-0.24670600069571008,52.048416,-0.750848,25.65350000761299,Vw3
5615.310000001172,1.075699980492259,-3.1225999995199434,8.870600017183257,-0.07659999892044762,0.1601000031215142,-0.0719000010703647,52.048416,-0.750848,26.290000007809528,Vw3
5615.410000001172,-0.5895941371631153,-3.0816196073628763,10.337462762288622,0.015556863825110581,0.4265705913581389,-0.1632725500904288,52.048416,-0.750848,26.95666667447952,Vw3
5615.510000001173,0.9081767859893295,-3.064169696770789,8.923230285764376,-0.04377575830745495,0.287374745746142,-0.21083333388033038,52.048416,-0.750848,27.6035353611128,Vw3
5615.610000001173,-0.42319401596036843,-0.6236499710845895,8.690897997421661,0.16330200246103577,0.10027499780055191,-0.03389199789791414,52.048416,-0.750848,28.273300007859362,Vw3
5615.710000001173,2.153931030697495,-3.929657039464857,8.93620000293262,0.03669999847503749,0.3530280030170797,-0.2036670020328923,52.048416,-0.750848,28.864100006920985,Vw3
5615.810000001174,-1.289553041143372,-1.079231965800533,9.260747003818853,0.16202100150148013,0.06681699657559231,-0.05204899818155381,52.048416,-0.750848,29.46400000704369,Vw3
5615.910000001174,0.7109999933572901,-4.167099993767664,12.10259997761079,0.27539999370721246,0.25789999973029254,-0.25449999693207714,52.048416,-0.750848,30.08000000837023,Vw3
5616.010000001174,0.14525741910098533,-3.6363079145607946,10.19576829444625,-0.2605406003511318,0.234929702700635,0.006787131780276512,52.048416,-0.750848,30.792871295497534,Vw3
5616.110000001175,0.8556670084977478,-4.714258012855296,11.174521011841394,0.20217200555472847,0.4624990027033482,-0.08118500107499504,52.048416,-0.750848,31.394000007049147,Vw3
5616.210000001175,-2.4920120398138943,-0.1840699461088473,10.224695988608488,-0.04228300295714035,-0.09841100668381864,0.36874600535034463,52.048416,-0.750848,32.05340000775413,Vw3
5616.3100000011755,2.212438056274583,-3.9093080447873345,9.091943986662095,0.039845001005281176,-0.10429800000235154,0.011157995699042633,52.048416,-0.750848,32.55500000587884,Vw3
5616.410000001176,-2.0893640516589196,1.0598220594684271,10.084064011917672,0.016939999717813625,-0.4561460041787099,0.484680005667243,52.048416,-0.750848,33.12430000670193,Vw3
5616.510000001176,2.9762880606841797,-3.9910700605877665,8.672163983111146,-0.14655100193885554,0.20122400784948435,0.053998994827758884,52.048416,-0.750848,33.615100005761306,Vw3
5616.610000001177,-1.6100520551249629,0.5131820541483201,8.561472998855093,-0.24482400114843672,-0.15513300431487445,0.21522700196858058,52.048416,-0.750848,34.24370000741307,Vw3
5616.710000001177,1.2773610348757976,-3.643944049957383,11.74978503790694,-0.09076599815730962,0.3385760059116707,-0.03832200303349667,52.048416,-0.750848,34.79450000647177,Vw3
5616.810000001177,-2.92366605032298,2.1790530697684645,7.31383294685199,-0.3672910033078403,-0.018740004309966418,0.11680700187589524,52.048416,-0.750848,35.32470000624121,Vw3
5616.910000001178,-0.03479994246643225,-2.08640002410866,12.122299997038018,0.19719999684327444,0.7796999941704946,-0.620499992635862,52.048416,-0.750848,35.76000000536422,Vw3
5617.010000001178,4.850051542672405,-4.133330717173912,11.870814848523665,-0.07081980513639258,0.28474949912197023,0.0047475321153747085,52.048416,-0.750848,36.21544554991777,Vw3
5617.110000001178,1.4374639587950675,-1.9041239732198583,9.986903977603863,0.1433100025809061,0.463049002181396,-0.09097000121385083,52.048416,-0.750848,36.41800000235699,Vw3
5617.210000001179,3.29052902247527,-3.6728050213250487,10.06660300117497,-0.07279500259860361,-0.262552008659655,0.16223200302640098,52.048416,-0.750848,36.81600000471402,Vw3
5617.310000001179,-3.458832080633592,2.3673060721725365,8.355988979609258,-0.18310800128791077,-0.19139299906473145,0.4027960028352907,52.04899812000693,-0.7519211600127848,37.20610000459968,Vw3
5617.4100000011795,1.1013470551411673,-3.298056068222054,10.576694026661844,-0.17548799989621153,-0.16852299973699056,0.3082789988453532,52.049004,-0.751932,37.794100006958544,Vw3
5617.51000000118,0.6645839942397394,1.329374055816972,7.634744964682431,-0.32271200175496884,-0.03039299835707554,0.1643439982969254,52.049004,-0.751932,38.2059000048356,Vw3
5617.61000000118,4.022829040096479,-2.207496042732122,9.92446902765596,-0.0073999962229922,-0.102557000876974,0.010043998177593744,52.049004,-0.751932,38.56640000424913,Vw3
5617.710000001181,-0.17109405040691783,-1.700486993523562,10.174313002699401,-0.023208000226622217,-0.45890800423972394,0.49815400583788266,52.049004,-0.751932,38.98580000495736,Vw3
5617.810000001181,7.47137209169609,-4.2096000300031005,9.075521986862421,-0.0237960000047249,0.15714100739328374,0.32826599791395766,52.049004,-0.751932,39.46520000566988,Vw3
5617.910000001181,2.2282449365146046,-1.7620789704939677,8.737996996105473,-0.10240600093789942,-0.3927820066361699,0.08860299716149583,52.049004,-0.751932,39.87590000484306,Vw3
5618.010000001182,-3.551363068319003,-0.34159598334933206,11.044073027554633,-0.08013299972477259,0.5931840118312348,-0.31732400481470785,52.049004,-0.751932,40.33540000543368,Vw3
5618.110000001182,5.060499985725256,-3.500899995272969,10.528400007392571,-0.015099998376326836,0.06810000484643612,0.11879999463965435,52.049004,-0.751932,40.640000005267865,Vw3
5618.210000001182,3.85317325305438,-3.101098015075741,11.153647532143808,0.12222673429666842,0.47800099494463394,-0.33456634199311086,52.049004,-0.751932,41.08554455972243,Vw3
5618.310000001183,-0.6331060534664648,-1.0098829750578955,10.73053699486914,0.07994099947827785,-0.06626100655287748,0.0741260049380233,52.049004,-0.751932,41.51570000508709,Vw3
5618.410000001183,2.609589039290357,0.9910020236586844,7.4811779612219045,0.2738370023223321,0.5263580071480033,-0.1037610021756336,52.049004,-0.751932,42.07440000662509,Vw3
5618.5100000011835,-4.337599887811251,0.438799949861721,10.615399976522394,0.22929999667869194,-0.3023999872068134,-0.005600005051668556,52.049004,-0.751932,42.540000004334686,Vw3
5618.610000001184,5.143786250869205,-3.7985267828413085,8.631241560666872,-0.05139307263021026,0.7787881316126619,-0.43253069812397416,52.049004,-0.751932,42.906336638000624,Vw3
5618.710000001184,5.684100005327829,-2.7183389865750547,8.69614400101347,-0.09518600049016028,0.08491799157255842,0.07206000608556468,52.049004,-0.751932,43.33570000509104,Vw3
5618.810000001185,4.117370981195048,-3.8232250133593233,11.25506103061566,0.030922001514254158,0.3885610037192831,-0.22286900359131795,52.049004,-0.751932,43.8449000060428,Vw3
5618.910000001185,1.4837419686696278,-1.6740229741425492,8.906186971578487,-0.10966700169792087,0.21290599786012207,0.1201050041411259,52.049004,-0.751932,44.16680000379159,Vw3
5619.010000001185,4.310699955379121,-2.5740000004001082,9.151500030238099,0.24819999917044988,0.08659999775188398,-0.047999998130872225,52.049004,-0.751932,44.72000000645336,Vw3
5619.110000001186,0.5454524306001995,-2.607762376637969,11.703084188671863,0.1781999991699582,-0.10310297254647817,0.1097227741474633,52.049004,-0.751932,45.26455446190273,Vw3
5619.210000001186,4.533277275930297,-1.4893999866028909,9.081673235628184,-0.008639606189530386,0.08388416067784361,0.11796534661447503,52.049004,-0.751932,45.7012871338778,Vw3
5619.310000001186,-5.820618308177951,0.07130506912992196,10.874361638516737,0.12786868856719652,-0.58830202838771,0.27232626449378416,52.049004,-0.751932,46.09606061073541,Vw3
5619.410000001187,3.675099948687547,-1.3135999999600454,6.7384000397244055,-0.026799996067984257,0.41169999341922053,-0.17629999454147846,52.049004,-0.751932,46.650000005053094,Vw3
5619.510000001187,-0.6481673780365615,-1.3102336633263887,10.085330732787082,0.3044871326442308,-0.14275545212423552,0.2836009955566204,52.049004,-0.751932,47.075742579309676,Vw3
5619.6100000011875,4.052878056911731,-0.793320993799588,7.173846964672734,-0.3123360074390695,0.5748950086753516,-0.16927900548785751,52.049004,-0.751932,47.52550000534416,Vw3
5619.710000001188,4.20479992621527,-1.6812999801884354,8.866900029572694,-0.09859999881808011,0.5147999994260927,-0.22720000057978756,52.049004,-0.751932,48.05000000658582,Vw3
5619.810000001188,-2.0070812619471727,-0.013379188097512262,11.356602999887212,0.0009049516776682837,0.46648316774258497,-0.27601188176824926,52.049004,-0.751932,48.60445545213427,Vw3
5619.910000001189,0.7757630341541972,2.1724890260414313,6.150735937203913,-0.4485500054077182,0.3423489985155517,-0.14512699842284793,52.049004,-0.751932,48.956500004159786,Vw3
5620.010000001189,-0.32789995474900424,-2.110500017216281,14.045099959388502,0.333499991776719,0.2847999969976256,-0.18620000026834235,52.049004,-0.751932,49.4300000040016,Vw3
5620.110000001189,3.4788327185450605,-3.558816848909622,10.62866431580015,-0.35828218644596177,0.03222573957010899,-0.2087742576942435,52.049004,-0.751932,49.7666336673703,Vw3
5620.21000000119,-3.7774200876363913,1.3207650587989268,9.872789991329137,-0.3886630002818923,-0.5082660064633028,0.6712090105751242,52.049004,-0.751932,50.21550000535238,Vw3
5620.31000000119,-4.515984007994185,2.3129770113354113,8.666213985580471,-0.11813499674447653,-0.16343799578864998,0.37636799634810014,52.049004,-0.751932,50.625900004880314,Vw3
5620.41000000119,3.3219610943204367,-3.563842070774551,11.358879032520964,0.19367800371620553,0.38856000659441986,-0.4187000095226279,52.049004,-0.751932,51.18440000666584,Vw3
5620.510000001191,-2.168837066971451,-0.39906796123338184,9.435206976542197,-0.1175250037792929,0.13897699693252347,0.12621500664798452,52.049004,-0.751932,51.51670000392809,Vw3
5620.610000001191,2.7734100601451455,-1.8091280173585873,10.957524018554581,0.1554110033223374,0.5359640048077998,-0.5651600083862514,52.049004,-0.751932,52.02490000607527,Vw3
5620.7100000011915,-3.913347081067318,2.042349046519034,8.352965968472695,-0.10880300321276881,-0.08954100757508221,-0.12660099463823787,52.049004,-0.751932,52.17850000178686,Vw3
5620.810000001192,-2.116833977547266,-1.314102040887962,9.914559019123091,0.0549190020039846,0.4475110065436476,-0.16199700048043175,52.049004,-0.751932,52.57600000476855,Vw3
5620.910000001192,-1.470339992441785,-0.33295698777214344,11.264823016066572,-0.0445780012183747,0.13421999616128516,-0.2538760011015443,52.049004,-0.751932,53.03540000548388,Vw3
5621.010000001193,0.4091790225566221,-0.7764170054636118,7.980411960287183,-0.19320900177749187,0.11189299976991554,0.04328900358955601,52.049004,-0.751932,53.277600002861156,Vw3
5621.110000001193,1.162086008845257,0.5629250161956246,7.797411998196111,0.056166003023183336,-0.04491800188740172,0.3284500034001864,52.049004,-0.751932,53.52750000298262,Vw3
5621.210000001193,-0.08255301508859114,1.7988530147306743,8.009740002577004,-0.018124000925812206,-0.04679700000357917,-0.12410000548806194,52.049004,-0.751932,53.71810000226681,Vw3
5621.310000001194,-0.15860000477775396,-1.3002999990264912,9.380800003969648,-0.04279999934075501,0.00030000097587160615,-0.0819999985113823,52.049004,-0.751932,54.080000003071746,Vw3
5621.410000001194,-0.5589960443845267,-1.2187158406100767,9.713473271298716,0.012447525412108279,0.08208217919426782,0.042752476737018694,52.049004,-0.751932,54.33742574564782,Vw3
5621.510000001194,0.8088430165447931,-0.486190991175394,9.849955001605885,-0.056597000839358425,0.04656699956181431,-0.005401000595789268,52.049004,-0.751932,54.755800005014656,Vw3
5621.610000001195,0.5630229968658642,-1.3220820101778759,9.936935001033559,-0.07838700025450665,0.16569300144220428,0.01607800026526044,52.049004,-0.751932,55.09660000406255,Vw3
5621.710000001195,1.9133340163291748,-0.7424409929012421,9.626840996246894,-0.12988200061894573,-0.3802730066040793,0.23172400260005008,52.049004,-0.751932,55.40690000370411,Vw3
5621.8100000011955,-4.136750073241302,0.37596301343693883,9.3541229967439,-0.017638998638010744,-0.14661599711100431,0.2593430003073145,52.049004,-0.751932,55.627800002630714,Vw3
5621.910000001196,0.49163005664435655,-1.669624024843638,10.562071014623259,-0.07609800071986283,-0.12123199972257778,-0.020174003379289707,52.049004,-0.751932,55.88740000310904,Vw3
5622.010000001196,0.5322679999186866,-0.4656709852069383,10.241758995983357,-0.11590400047353104,0.10363100271323716,0.14450800202326897,52.049004,-0.751932,56.18700000358736,Vw3
5622.110000001197,0.6307050011907025,0.35483700976854665,10.713897005747683,-0.11808200002154035,-0.09200100239217501,0.07947399919343374,52.049004,-0.751932,56.51670000394907,Vw3
5622.210000001197,-1.3932460244771985,0.6158460030563588,8.515058973362768,-0.21284300114523705,-0.17310100095615927,0.12978500061629789,52.049004,-0.751932,56.72790000251305,Vw3
5622.310000001197,1.937351040537405,1.4704930103077032,10.403005023107601,-0.0051079974754690005,-0.0822259988910267,0.20118400085747826,52.049004,-0.751932,56.98740000311375,Vw3
5622.410000001198,1.1171269896682665,-0.9672890295940031,11.101143008211974,0.04422300057125731,-0.04516499956287438,0.0033059975976055256,52.049004,-0.751932,57.16820000215569,Vw3
5622.510000001198,2.137099954374428,0.934799988620857,7.836200021697031,-0.09699999833864513,-0.33809999920465783,0.1458999986728326,52.049004,-0.751932,57.36000000215605,Vw3
5622.610000001198,-1.6720000025244204,-0.015200006253489263,9.647600024114329,0.0416999955089764,-0.2716999925133782,0.03509999783638054,52.049004,-0.751932,57.540000000949476,Vw3
5622.710000001199,-1.882594061929944,-0.5368831745692875,11.659283192427175,-0.33295346983681606,0.3528544629309291,-0.14539505166821237,52.049004,-0.751932,57.6192079217414,Vw3
5622.810000001199,-1.732734998158899,1.6497600265550334,10.223307982359014,-0.1257309974440481,0.059921996375369935,0.017041001989828358,52.049004,-0.751932,57.788300002039,Vw3
5622.9100000011995,-4.302725031155024,0.9451409911950326,10.173751999577803,0.00737700158683717,0.3087560030513332,0.010680999902846704,52.049004,-0.751932,57.7206999991604,Vw3
5623.0100000012,5.2592521161617585,0.7357409975519769,9.67196499392492,0.12057000135534848,0.5660270030861164,-0.5074670062765828,52.049004,-0.751932,57.700199999760116,Vw3
5623.1100000012,-2.5181620954713555,2.0424800158682808,8.106263981078095,0.24475700149200252,0.03429699352185245,-0.21461099638582498,52.049004,-0.751932,57.63069999915977,Vw3
5623.210000001201,1.341708047763647,0.08282797607976566,8.389480003625005,0.2030339994790555,0.21135700221221357,-0.11190699879126476,52.049004,-0.751932,57.6894000007202,Vw3
5623.310000001201,-0.33350002649849736,-0.8741999974182597,10.44670000933444,0.2011999993723946,-0.04700000267207743,0.021400000558663874,52.049004,-0.751932,57.659999998692484,Vw3
5623.410000001201,-2.540727749286278,-0.6591504924662542,11.22422476181515,0.14892277164925516,-0.2695742600993833,0.06793465402433727,52.049004,-0.751932,57.551089107602614,Vw3
5623.510000001202,-0.5773549759090835,-0.08804699309645991,9.414557977947592,-0.052669002439723334,0.20983500584404435,-0.017334001040275937,52.049004,-0.751932,57.470799999039,Vw3
5623.610000001202,-4.705699945639262,-0.9289999969700731,11.24110000102801,0.0782999971420093,-0.28689998890469576,0.05379999542625301,52.049004,-0.751932,57.42000000012024,Vw3
5623.710000001202,-0.1844999292683701,-0.6769999980524279,11.326599961142602,-0.15940000065236523,0.6358999961465214,-0.32659999855598715,52.049004,-0.751932,57.43000000047618,Vw3
5623.810000001203,5.698272348000673,-0.5150198000314881,8.094817782902082,-0.2136574263953206,0.3154049466393197,-0.2065009886541535,52.049004,-0.751932,57.4696039608725,Vw3
5623.910000001203,-4.304468122269536,1.1063390196832876,9.583239018480226,0.16219800457403943,0.39951800106110014,-0.21955600017324084,52.049004,-0.751932,57.47,Vw3
5624.0100000012035,-3.4774411651807635,3.049900023429218,8.358382337863691,0.09893235212582645,-0.08848530006108857,0.2568588293229987,52.049004,-0.751932,57.49911764741281,Vw3
5624.110000001204,-4.5068969519024344,4.144715318986466,8.755518372742676,0.2575438795449369,0.13781428870700324,-0.4352163352999133,52.049004,-0.751932,57.5,Vw3
5624.210000001204,0.026011705757835735,-2.342844739240931,12.992874808771614,0.14039999855487825,0.22007669999955587,0.008286413250502445,52.049004,-0.751932,57.576893204818845,Vw3
5624.310000001205,1.5480999783556169,0.7248999969140167,9.273400014429983,0.18669999951951216,0.14909999881235686,-0.24289999802020124,52.049004,-0.751932,57.56000000047223,Vw3
5624.410000001205,-0.2493510020455154,0.4686254871088155,10.471733347769298,0.1467980387349992,0.05047254783147223,-0.07848823331349791,52.049004,-0.751932,57.59921568674693,Vw3
5624.510000001205,-3.1596697323091445,0.1512858547472865,9.909382821074248,0.08611111037479656,0.3868474789073477,-0.03758383792135982,52.049004,-0.751932,57.510909089813744,Vw3
5624.610000001206,2.335299923998751,0.13180000634159678,8.93440001186527,-0.062199998189820985,0.4264999933169051,-0.2916999958745591,52.049004,-0.751932,57.570000001074646,Vw3
5624.710000001206,-3.966680274008567,0.657641590498971,9.918261398001935,0.08789901171087172,-0.12765842252358128,0.0503792120455554,52.049004,-0.751932,57.65910891196555,Vw3
5624.810000001206,2.107904074809971,0.049099992518520263,10.05848300158921,0.03920699938820802,0.2843820050898197,-0.14360600240614046,52.049004,-0.751932,57.699600000482675,Vw3
5624.910000001207,4.215999959730186,-0.6110000023050585,10.042200003590825,-0.04169999944076341,-0.584099996274146,0.33249999783594564,52.049004,-0.751932,57.72000000035848,Vw3
5625.010000001207,0.8793662963704594,-0.801990101314581,10.339724756065483,0.004636634222511128,-0.27538712498762885,0.15319306714323153,52.049004,-0.751932,57.749702970655456,Vw3
5625.1100000012075,2.848869024430951,-0.9766550021072616,10.202416998288832,-0.1733970021773024,-0.26982499996980996,0.13605499981282204,52.049004,-0.751932,57.87870000156988,Vw3
5625.210000001208,-4.295134087389824,1.131389025735353,9.024681985651192,-0.1294619994420847,-0.47205700246714494,0.34330500252994056,52.049004,-0.751932,57.969100001086844,Vw3
5625.310000001208,3.445976095380387,-5.668499083267497,11.333063028323831,-0.38600400313729005,-0.6368560019867892,0.16868499784281094,52.049004,-0.751932,58.09870000157106,Vw3
5625.410000001209,-9.875399901848471,2.548100001738879,13.845199970421104,-0.37039999289847986,-1.4963999688737044,1.1580999821636238,52.049004,-0.751932,58.200000001675456,Vw3
5625.510000001209,-1.7551028721615882,2.691961387877208,11.398071257554664,0.2171247595756038,1.078748545972679,-0.31754358218988843,52.049004,-0.751932,58.33861386306132,Vw3
5625.610000001209,7.68139999977604,-2.666800014004138,10.23790000273304,-0.23169999457703427,-0.32259998128190565,-0.031200009837508917,52.049004,-0.751932,58.290000002754596,Vw3
5625.71000000121,7.662885148290927,-3.8245227862790725,10.463840596792,0.2166168371052459,1.224825761289286,-0.8444673365685711,52.049004,-0.751932,58.51772277503138,Vw3
5625.81000000121,4.492620961244079,-2.3281319815642796,10.178306996481576,0.06685799811430856,0.5526459915930598,-0.29829899322337194,52.049004,-0.751932,58.648700001573424,Vw3
5625.91000000121,-11.011120189151523,1.683829048862529,10.72980000677789,-0.029245001155872183,0.9322950047263674,-0.6553370044334658,52.049004,-0.751932,58.798500001815505,Vw3
5626.010000001211,2.574592168004507,1.3064199948923765,8.38771397129806,-0.1147460010336281,1.0352000012103373,-0.5936599992011773,52.049004,-0.751932,58.93860000169447,Vw3
5626.110000001211,-8.382916135760373,2.938571020020549,10.848801030400857,0.2629760046317732,0.1959869897202251,-0.10819699406856864,52.049004,-0.751932,58.97960000048449,Vw3
5626.2100000012115,1.5337001226993063,-1.80808705827672,11.951218013180789,0.12166599822431212,0.8371380079482019,-0.48672700469115904,52.049004,-0.751932,59.17800000242249,Vw3
5626.310000001212,-2.1633330465064544,1.7493800441464036,7.319890943161203,0.2701850018364031,-0.06917901117720981,-0.04846599458655032,52.049004,-0.751932,59.35820000218187,Vw3
5626.410000001212,1.0956861789805363,0.3335385960827697,12.965696109294074,0.5155732703122347,0.339948519972917,-0.373346538685333,52.04851782177622,-0.7536032376442217,59.5462376260423,Vw3
5626.510000001213,-0.34800000096028233,4.3078999187085,5.0201000701150145,-0.299299997013522,0.0999000037342979,-0.10790000256995558,52.048508,-0.753637,59.67000000288085,Vw3
5626.610000001213,-0.4272079217529179,-2.3973476060910706,10.803466406789298,-0.052963363348425385,0.40791980571665937,-0.31988020059124644,52.048508,-0.753637,59.90762376525875,Vw3
5626.710000001213,1.380235022156648,-0.19957697224869264,10.514601995751844,-0.15672700130161965,0.5619750018499254,-0.4481260015454459,52.048508,-0.753637,59.96940000072784,Vw3
5626.810000001214,2.4489890128813956,-1.8996960211278684,10.59822000106829,0.035547002370876074,0.42103899825310254,-0.19239599684854358,52.048508,-0.753637,60.16800000242793,Vw3
5626.910000001214,-1.9228000169503698,1.2275999852952537,8.457900045501525,0.10620000073932465,0.3432999954714863,-0.1122000011757065,52.048508,-0.753637,60.23000000216388,Vw3
5627.010000001214,-3.318839620908,0.01651087638676163,12.205424797969348,0.16709108984811488,-0.02967030155747774,-0.20903168434383151,52.048508,-0.753637,60.4082178239457,Vw3
5627.110000001215,0.41710005755171536,0.3334999793664144,9.285299991091382,-0.23319999798368085,0.6624999968022814,-0.33699999888717475,52.048508,-0.753637,60.43000000180458,Vw3
5627.210000001215,5.153535701106689,-1.3646188325114097,8.552131674261151,-0.0672594039246037,0.3993316799711196,-0.24541584047151455,52.048508,-0.753637,60.578514853289434,Vw3
5627.3100000012155,-0.6232700715246455,4.172003068201904,8.354125997658398,-0.15866000114283813,0.43313200044740896,-0.34359900121700104,52.048508,-0.753637,60.58,Vw3
5627.410000001216,7.110099796812149,-2.830399933132347,13.58059996758833,0.45199998872737057,0.9687999864591196,-0.39659999159278314,52.048508,-0.753637,60.559999998796044,Vw3
5627.510000001216,-9.599504163550787,2.6686099678468587,10.915154423039157,-0.4750297142410899,-0.14476436997431807,0.29478614701970857,52.048508,-0.753637,60.460990097806146,Vw3
5627.610000001217,6.808079203700249,-0.30075103716880713,7.835636962480785,-0.2552139971845684,0.8504350123677017,-0.48426100965933944,52.048508,-0.753637,60.49960000048668,Vw3
5627.710000001217,5.115388977139351,-1.1072620095365246,8.868357013071048,-0.00995399701420882,-0.8781370213689692,0.645607013983577,52.048508,-0.753637,60.39109999866162,Vw3
5627.810000001217,8.01482303589132,-1.4667480043249301,11.161644028073082,0.03338700050287054,0.026782011345636292,-0.0507500087058701,52.048508,-0.753637,60.39,Vw3
5627.910000001218,4.350807954573282,-0.1491449837509502,9.631785980900517,-0.20944300299167595,-1.080917013738331,0.7468710098979787,52.048508,-0.753637,60.19199999756477,Vw3
5628.010000001218,-6.64847313482267,1.6330330217550972,9.488191998426844,-0.061122998145574925,-0.8031199964445692,0.48611599669296224,52.048508,-0.753637,60.11079999902591,Vw3
5628.110000001218,5.867711046477746,-0.506221808724078,10.307227732867352,-0.0536207920056269,-0.5436821750610754,0.3370564338426388,52.048508,-0.753637,60.070792078725425,Vw3
5628.210000001219,-3.867953659577422,2.3495151875649047,9.345185846417882,-0.1282373746666497,-0.8881323275796116,0.47496262801409606,52.048508,-0.753637,60.04030302993378,Vw3
5628.310000001219,6.977322134841381,-0.7814750389300862,9.4417240013121,-0.036038998854961604,-0.10890699035802065,0.054956994808915416,52.048508,-0.753637,59.96079999902446,Vw3
5628.4100000012195,-0.9936680995446983,3.2118410495808978,8.736731991303008,-0.14944500140844433,-0.48878300477651637,0.42571200461920955,52.048508,-0.753637,59.84119999853669,Vw3
5628.51000000122,-0.760099990571022,-0.9050999639976713,11.958899974170626,-0.2331999986937737,0.07709999971826492,-0.07179999668869805,52.048508,-0.753637,59.73999999841448,Vw3
5628.61000000122,0.012999979763173776,2.0467999832254042,9.841100015280944,-0.1260999994163151,0.0539999993232639,0.19969999790936882,52.048508,-0.753637,59.60999999951662,Vw3
5628.710000001221,-1.6450198222137395,0.6724435475845623,11.093080213298265,-0.07827821723819203,-0.0014455452310817088,0.028412869196836887,52.048508,-0.753637,59.57039603912066,Vw3
5628.810000001221,-0.17254098163129594,1.213298006841399,8.249647964769606,-0.2509510021359526,-0.034274000398124956,0.006503999750866591,52.048508,-0.753637,59.43139999829026,Vw3
5628.910000001221,-3.260358038276458,1.7363730063834806,10.175753024116048,-0.1341969985381622,-0.15666700150580287,0.30300300366009014,52.048508,-0.753637,59.21219999731325,Vw3
5629.010000001222,1.7969990627735384,2.5262740096796374,7.474187966430245,-0.31753600227641243,0.13028900355506254,-0.014067003948305457,52.048508,-0.753637,59.011999997557496,Vw3
5629.110000001222,6.680689059654446,-3.5486570750926663,10.029610031885937,-0.001411996074448696,-0.9104580128839233,0.6903520087359404,52.048508,-0.753637,58.92089999890006,Vw3
5629.210000001222,-7.811026179503644,3.924592093016213,9.289439990540476,-0.12254400153503395,-0.17374799077513037,0.140921993129012,52.048508,-0.753637,58.68239999706682,Vw3
5629.310000001223,6.806861182406124,-2.8995010852461425,10.062909009651175,-0.08528899952422919,-1.0033440103422053,0.46209900403732496,52.048508,-0.753637,58.67009999987769,Vw3
5629.410000001223,0.5516899208795829,1.0890080501360968,11.21939801419006,0.1819050032961744,-0.5901589947909437,0.47064700006482274,52.048508,-0.753637,58.531399998287704,Vw3
5629.5100000012235,1.7186590152162173,-0.34737701825187783,9.77896698206123,-0.0680480031212754,-0.3176099966854795,0.2661659974731368,52.048508,-0.753637,58.381499998165395,Vw3
5629.610000001224,-4.086437071924189,1.515235023212604,8.794594988011207,-0.06396699991799397,-0.34578800038187885,0.2327169996120013,52.048508,-0.753637,58.28099999877603,Vw3
5629.710000001224,1.9692380755954382,-0.4669860247415272,10.601351022458806,-0.03617999965728566,-0.42322100095348025,0.21269899975642803,52.048508,-0.753637,58.13149999816403,Vw3
5629.810000001225,-7.215399885431308,4.10919996027597,9.265700003803444,-0.13189999773344915,-0.8174999874915483,0.5413999933518548,52.048508,-0.753637,57.92999999830312,Vw3
5629.910000001225,2.1434119958225457,0.8642494652036721,9.576393073112554,0.05324851711933645,0.20428219073345033,-0.001669313582652543,52.048508,-0.753637,57.791386136916,Vw3
5630.010000001225,-5.012968089701092,1.9859420142797588,8.908081991692802,-0.08825200177363968,-0.3928650075146958,0.25574500325208105,52.048508,-0.753637,57.611799997795195,Vw3
5630.110000001226,3.869899928859292,-0.8135999738643749,9.859600000195432,0.05909999945740447,0.2895999937328395,-0.24689999639119348,52.048508,-0.753637,57.539999998664754,Vw3
5630.210000001226,-1.9327733384559447,1.3181822043492235,9.875540594254806,0.014842573714917887,-0.221588125078029,0.04745643925178772,52.048508,-0.753637,57.43108910757586,Vw3
5630.310000001226,2.5238970559411618,-1.0185810292187474,9.973314001209525,0.055881000513986964,0.3937330076877237,-0.4880610066720169,52.048508,-0.753637,57.29139999828262,Vw3
5630.410000001227,-2.9459880683423703,3.4022050550730674,9.43445299331076,-0.08071600169776426,-0.17984300718483026,0.33364501024914756,52.048508,-0.753637,57.25039999950932,Vw3
5630.510000001227,-0.4832176158397514,0.09944407614956363,11.091811785318075,-0.13994705954060072,0.26989412329459705,0.04189411392695058,52.048508,-0.753637,57.13352941032094,Vw3
5630.6100000012275,-1.7339194045496087,2.459028602574884,8.823702011473854,-0.2062346946942899,-0.006310207751946961,0.0060755098658615385,52.048508,-0.753637,56.90234693589437,Vw3
5630.710000001228,1.645599928520335,1.328200007999051,11.710899987806918,0.04909999946875604,0.10629999374542295,-0.18659999420980553,52.048508,-0.753637,56.95999999756868,Vw3
5630.810000001228,-4.1760832398373875,1.9796851565184783,10.71783068086925,0.005832672735778872,-0.4031059468522144,0.28498416420934836,52.048508,-0.753637,56.761980195587086,Vw3
5630.910000001229,1.2374300679007018,2.1433130019496724,9.259727982029105,0.07658100088331109,0.4413190105419924,-0.040663004099595446,52.048508,-0.753637,56.67089999889433,Vw3
5631.010000001229,4.865907044341235,2.375075002856326,8.24826898762996,-0.12357100249268178,0.0008359944274003994,-0.20596400200987058,52.048508,-0.753637,56.67990000012285,Vw3
5631.110000001229,1.7678579610787795,-1.013152042105438,8.475800002950626,-0.1005529996889548,0.3833900048070621,-0.2152230000946659,52.048508,-0.753637,56.60079999901646,Vw3
5631.21000000123,-2.7108800552262986,1.6565870335796058,10.591058026238638,-0.18781600108682212,-0.045528005375097436,-0.07184899821854618,52.048508,-0.753637,56.461399998278786,Vw3
5631.31000000123,-1.8548009888027015,-0.43192802629476557,11.05562300550822,0.04444500289744402,0.47390900650971385,-0.1439570009141405,52.048508,-0.753637,56.380799999015736,Vw3
5631.41000000123,4.205180075198762,-2.834547029593518,10.979711999000958,-0.01161000072590429,0.47177499990772404,-0.4307110035544703,52.048508,-0.753637,56.27109999864662,Vw3
5631.510000001231,0.25313695012545434,-0.32766496854619787,10.957119999729324,0.16600000221462324,0.2856789976881794,-0.5056720008956921,52.048508,-0.753637,56.428400001968555,Vw3
5631.610000001231,0.11696599881061574,-0.10340699752888796,10.079957989093616,0.11186499930434565,0.37567200114259686,-0.12505199525723792,52.048508,-0.753637,56.63790000258562,Vw3
5631.7100000012315,-4.2610870544375095,1.4944800198478423,8.219403976970593,0.023288998905413652,0.2110719979413404,-0.026456998821688255,52.048508,-0.753637,56.768700001600635,Vw3
5631.810000001232,-2.96510005551915,2.3846999994098765,7.679499969880541,0.1766999896643059,0.3358999839032873,-0.44659998307053056,52.048508,-0.753637,56.940000002316594,Vw3
5631.910000001232,-7.473515897134975,2.336779207330332,5.233658385704946,-0.6626069410346587,-0.9712287289771807,0.9281524921866503,52.048508,-0.753637,57.12811881419911,Vw3
5632.010000001233,-5.359199832811952,2.36609993924927,4.906100080047619,-0.610999992181191,-0.7471999999755967,0.3777999979476847,52.048508,-0.753637,57.330000001586214,Vw3
5632.110000001233,8.207235810847692,-2.563504021181394,11.401545624647696,0.023455453367819623,-0.7452198019557809,0.21126534448116846,52.048508,-0.753637,57.458712872874244,Vw3
5632.210000001233,-8.123770205097323,5.213150097474558,8.730832965926446,-0.2870990039470722,-1.468296009006378,0.9803150095994867,52.048508,-0.753637,57.677800002712765,Vw3
5632.310000001234,10.08558722904183,-4.483654121850107,11.126819030208946,0.07293100452745477,0.44945502399464643,-0.13990601405991265,52.048508,-0.753637,57.87800000246795,Vw3
5632.410000001234,2.027700054014076,0.03779994830742435,9.205800034312793,-0.2634999952274093,-0.804299981189797,0.5032999885208517,52.048508,-0.753637,58.010000003455716,Vw3
5632.510000001234,6.404199918510843,-4.150599950321026,11.98599995426675,0.12319999602372698,0.7197999916442056,-0.4267999929346003,52.048508,-0.753637,58.290000002443925,Vw3
5632.610000001235,-0.19847334886226609,-0.12535242554027892,8.280455399785277,-0.19897822180031813,0.042770288669153333,0.14567525459417313,52.048508,-0.753637,58.48801980442552,Vw3
5632.710000001235,-1.8037999880440474,-0.17490000329317587,10.052699981917494,0.07849999767777907,0.10839999769489918,-0.2559999942341908,52.048508,-0.753637,58.720000003668595,Vw3
5632.8100000012355,-0.8357801860570502,-0.44153366666138527,8.588640575966615,-0.10951980430373957,-0.07823366567274834,0.21083168893740495,52.048508,-0.753637,59.01702970664098,Vw3
5632.910000001236,2.3700160398966705,-0.2659999977755542,9.36590100988519,0.11184500278673623,0.17195400314635495,-0.03160400308456482,52.048508,-0.753637,59.23780000271877,Vw3
5633.010000001236,-1.8686000110750791,0.5549999970286971,10.025900007354831,-0.025200000263109614,-0.2677999907030524,0.040299996834118286,52.048508,-0.753637,59.37000000220277,Vw3
5633.110000001237,-2.764639615041769,0.31460395742304814,10.620949512309505,-0.046487128976130415,0.48437822712401296,-0.21583861702906693,52.048508,-0.753637,59.54821782398621,Vw3
5633.210000001237,-0.6668799736827538,0.9386720078259181,7.951028966572892,-0.23579000236212125,0.35914099834156826,-0.065741998092989,52.048508,-0.753637,59.82720000346279,Vw3
5633.310000001237,0.40172101309270913,-1.1515230262089329,11.460775044213728,0.17285300513238147,0.09525199671785006,-0.3400140034479901,52.048508,-0.753637,59.99830000210394,Vw3
5633.410000001238,-0.1855610074740005,1.0290600275247177,8.384434961095346,0.10977899915965453,0.19318400125742416,0.09992800553464648,52.048508,-0.753637,60.09900000123763,Vw3
5633.510000001238,-3.059927035857628,1.7892460092252358,9.14787100993687,0.42411800393811383,0.1397499993193078,-0.09033300243440286,52.048508,-0.753637,60.29800000247524,Vw3
5633.610000001238,2.3904530685485104,-2.85778505822914,12.757916045062405,0.3314679988011101,0.39828300324121363,-0.38177600362144004,52.048508,-0.753637,60.21089999888533,Vw3
5633.710000001239,1.9173379933887178,0.015700036536684614,10.492945971209092,-0.12499900569848427,-0.44980701064270273,-0.10532199650486357,52.048508,-0.753637,60.289200000990824,Vw3
5633.810000001239,-5.585171093860954,0.9714440115961267,10.601865001654641,0.07394400254827238,0.4029000107830593,-0.518795005211812,52.048508,-0.753637,60.48800000247886,Vw3
5633.9100000012395,1.0258999266119968,-1.169099959229438,10.132499995216225,0.01610000221895789,0.4802999969306482,-0.12729999421459415,52.048508,-0.753637,60.66000000235532,Vw3
5634.01000000124,-4.894199859380493,2.119799999369133,9.746599975925186,0.19509999694876415,0.23270000427614873,0.33939998694940027,52.048508,-0.753637,60.850000002086524,Vw3
5634.11000000124,6.449364497134825,2.068908910259865,7.804520767990752,-0.051038616914350826,0.5776504993280764,-0.7133722902857169,52.048508,-0.753637,61.01831683377088,Vw3
5634.210000001241,-0.4644357315932277,4.497820822512109,8.391058423432312,0.1288168339670173,-0.06132179022571582,-0.09774949710682435,52.048508,-0.753637,61.167029704812116,Vw3
5634.310000001241,-0.08758799342992407,5.096092006954799,12.029790045924756,0.15905800033632234,0.27281600439577036,-0.17888600118767709,52.048508,-0.753637,61.17,Vw3
5634.410000001241,-0.7093474827567243,5.1190797981289995,8.46582217614396,0.05387878653973362,0.08380100761723999,-0.08289898865898554,52.048508,-0.753637,60.07121210729499,Vw3
5634.510000001242,2.7373200432951554,4.6098449936137165,11.485721038328874,0.26574900266995066,0.23129000187430288,-0.24406200203318418,52.048508,-0.753637,59.19869998920103,Vw3
5634.610000001242,2.5110379967231804,5.605491012557001,8.48056696190666,-0.10760700471151508,-0.24368700597851883,0.3582990075784216,52.048508,-0.753637,58.160399987081526,Vw3
5634.710000001242,2.3810859984025696,2.020909954896819,9.31634801087147,0.11115200279239743,0.3160970070840938,-0.22940200745053368,52.048508,-0.753637,56.92239998459709,Vw3
5634.810000001243,0.9637039822191258,3.2260600155880983,8.757829992877209,-0.1869660037714746,0.46168700175645805,-0.6081350046801588,52.048508,-0.753637,55.514099982472715,Vw3
5634.910000001243,4.490234044459969,6.180880036944313,7.98336499034749,0.1732310045608575,0.14323099598361122,0.02793700803402066,52.048508,-0.753637,54.113999982596894,Vw3
5635.0100000012435,3.6200509886245826,3.4574099654299686,10.11845502690645,0.10680799911989995,-0.034240002187819335,-0.01450600061408111,52.048508,-0.753637,52.62489998147812,Vw3
5635.110000001244,2.2199499825220874,5.40633302483854,9.825279996044145,0.11758400014430163,0.12636000204012648,0.1356780018933369,52.048508,-0.753637,50.97649997947434,Vw3
5635.210000001244,-1.5744150475017071,5.230378997538146,8.370759981763126,0.10413699982957354,0.4553930041138705,-0.33710900595994964,52.048508,-0.753637,49.504699981713365,Vw3
5635.310000001245,0.44739202590365146,6.271959013122375,8.819321005824836,-0.12261100284955108,0.15407699616947634,-0.12914899732473342,52.04780707999119,-0.7554239500224702,48.00499998132667,Vw3
5635.410000001245,5.089099959809215,3.6321000135197945,9.478999982895308,0.01800000155329088,0.46549999568160483,-0.1998999973803626,52.0478,-0.755442,46.359999980152395,Vw3
5635.510000001245,1.8611791677364016,4.717941597676059,8.105237606660406,0.1427524768005685,0.11866831251397503,0.010496042223180985,52.0478,-0.755442,44.76594057421496,Vw3
5635.610000001246,6.58446405984318,1.161334955107649,9.974876023700071,0.22834800106142036,0.5190210050816123,-0.16490700223371682,52.0478,-0.755442,43.16599998006722,Vw3
5635.710000001246,2.448759947352168,2.7174180200350784,9.985583999895352,0.17811599935716327,-0.5784730138621018,0.14683300394547286,52.0478,-0.755442,41.952099984925724,Vw3
5635.810000001246,-4.145221082505893,3.8910080145765105,10.630188008118562,0.028109998117470808,-0.4053609976798763,0.3060240019648119,52.0478,-0.755442,40.672799984042136,Vw3
5635.910000001247,6.040050129097561,4.068921002093238,9.483943985483226,-0.11566300179153254,0.27148200850011744,0.12197499766240533,52.0478,-0.755442,39.56109998616144,Vw3
5636.010000001247,0.943228934511195,4.48887500526738,7.8451359795089575,-0.20461600110209793,-0.061666004281226705,-0.03255800192243784,52.0478,-0.755442,38.38179998528874,Vw3
5636.1100000012475,2.131863015641381,2.570915975776258,9.441311020322441,0.07744200356569095,0.40901100597484047,-0.22299200238045427,52.0478,-0.755442,37.2314999856524,Vw3
5636.210000001248,-4.5924510848997455,4.65841802655199,10.78202201669075,-0.035728001462218426,-0.11020700660368782,-0.02640499749850858,52.0478,-0.755442,36.259699987898024,Vw3
5636.310000001248,5.939826133684783,-0.8499450697364779,11.9649860147501,0.20079900299771336,0.8248020118585099,-0.7039360085698896,52.0478,-0.755442,35.289699987889286,Vw3
5636.410000001249,0.018690923975386298,3.270515052669497,7.776427947027109,-0.10795700392414914,0.4781969955090155,-0.3145029950021099,52.0478,-0.755442,34.53749999063598,Vw3
5636.510000001249,-0.7000550082965226,1.4609049766461313,9.731325025189216,0.43478600688442826,0.40232999908856865,-0.4301910015094802,52.0478,-0.755442,33.95579999275849,Vw3
5636.610000001249,7.324180101354292,1.1041149957331742,11.74377602514366,0.046180995025993155,0.39051199986006313,-0.623262002421408,52.0478,-0.755442,33.247099991129005,Vw3
5636.71000000125,-2.9666999099871525,3.9409999814285324,6.801800050966986,0.2598999997810027,0.4432000031736052,-0.5499999961681656,52.0478,-0.755442,32.629999989112,Vw3
5636.81000000125,4.236369396994133,2.454861367556708,10.88031490248078,0.24237524730563206,0.697160399214993,-0.24336633279967518,52.0478,-0.755442,31.758712860393008,Vw3
5636.91000000125,-3.8710791033055925,4.414060024932081,8.453326968832398,0.14874399881966474,0.25568499439215725,-0.08724599806695096,52.0478,-0.755442,31.235199993498153,Vw3
5637.010000001251,5.287554116715651,1.8460409673144667,10.615805027626596,0.21452600084273937,0.6108670045425402,-0.42032000422620036,52.0478,-0.755442,30.4775999904973,Vw3
5637.110000001251,-0.7254200771774402,3.132937016595402,9.39297498426546,-0.17684000495497187,0.1846419945670485,-0.04710399524022402,52.0478,-0.755442,29.79679999149146,Vw3
5637.2100000012515,2.489305041410603,3.2055010007495075,8.968064994788483,-0.1103119991090996,0.5386800045295779,-0.13329100113739956,52.0478,-0.755442,29.077199990990895,Vw3
5637.310000001252,-2.994299943732895,3.673499984506867,9.869599986296462,-0.17949999820790252,-0.10169999535956886,0.13059999708784162,52.0478,-0.755442,28.069999988361378,Vw3
5637.410000001252,1.501799984320523,2.4354999910920236,8.77460000822971,-0.03629999786228403,0.26909999760932923,-0.10209999848351123,52.0478,-0.755442,27.139999991072184,Vw3
5637.510000001253,0.24981978630320123,1.7242128623805613,9.431728721099695,0.1343930714443085,0.07820890850079654,0.018989110427139966,52.0478,-0.755442,26.427128703944884,Vw3
5637.610000001253,0.5948999898000079,1.123900023595237,10.044300009385978,-0.014699998765329425,0.2949999968370097,-0.1509999976758412,52.0478,-0.755442,26.1399999920584,Vw3
5637.710000001253,-0.21896139633699352,3.00657329091824,10.793210900473603,0.08381485271962393,0.042623759213747336,0.03444554687824686,52.0478,-0.755442,25.506336625723023,Vw3
5637.810000001254,4.021999966244479,2.095500006549338,10.862799987927527,0.08619999964138714,0.37439999438007737,-0.2181999976038705,52.0478,-0.755442,24.83999999069344,Vw3
5637.910000001254,1.3286336295918981,2.618074263978751,9.89953266118809,0.05758613825504754,-0.07401584720723065,-0.027011878790646426,52.0478,-0.755442,24.09742573326248,Vw3
5638.010000001254,1.6205000282975788,2.4537999801079993,8.153200015522193,0.033299998646464775,-0.08089999764807732,0.1959999957729964,52.0478,-0.755442,23.40999999180428,Vw3
5638.110000001255,3.8767376520758026,0.8677603761364634,9.390823777907123,-0.0746207934335012,0.10662475482848738,-0.1410297071996679,52.0478,-0.755442,22.756534645265038,Vw3
5638.210000001255,1.5380029403704167,2.138703976704739,9.097182174339412,-0.15499802080698766,-0.24976238077817048,0.328741590154919,52.0478,-0.755442,21.887425731642164,Vw3
5638.3100000012555,2.3584414252660344,1.9897848462434342,10.073672739864985,-0.1034424235612474,0.43157374619732414,0.005099995730276974,52.0478,-0.755442,20.929595947545348,Vw3
5638.410000001256,-0.8292120405476608,2.0550230008501846,9.321399990330248,-0.14923200058772007,0.16031099646991215,0.17871200224539202,52.0478,-0.755442,20.335899992590708,Vw3
5638.510000001256,2.20571803890757,2.115298000755999,11.371811026107078,0.08235600294362352,0.4863780041718079,0.03526699815772366,52.0478,-0.755442,19.726099992339545,Vw3
5638.610000001257,7.591999909619864,0.8312000190081403,11.29839994565245,0.2598999983896469,1.0178999896671082,-0.29249999422936057,52.0478,-0.755442,19.35999999464875,Vw3
5638.710000001257,0.4014058502281692,2.343477246727917,6.974538559522401,0.13178118650871257,0.19582078174794482,0.166608916660819,52.0478,-0.755442,18.934257420392168,Vw3
5638.810000001257,8.014474097624165,1.2320789856895193,11.36541105632763,0.1628730004112424,0.7699180073973326,-0.5547670092221421,52.0478,-0.755442,19.088400002012197,Vw3
5638.910000001258,-2.559706135313558,2.971416022239948,8.510786963167758,-0.11152500348992628,0.0014219901628097498,0.32117801122058454,52.0478,-0.755442,18.337599990442,Vw3
5639.010000001258,5.598507105003391,2.505286993853957,9.700091015480181,-0.00035099855246661926,0.44385200571970623,-0.04778300480037778,52.0478,-0.755442,17.854799993963372,Vw3
5639.110000001258,-1.6531080932471154,2.1626119957058902,9.52568599762641,-0.005635000081804546,-0.043135006248608776,0.16174500271213535,52.0478,-0.755442,17.444099994840023,Vw3
5639.210000001259,1.556729041747049,1.1498949871691786,10.109385007444267,0.07637100104333015,0.25553300385994393,0.05331699859421017,52.0478,-0.755442,16.974699994084858,Vw3
5639.310000001259,2.8391810158928856,1.7964660083551314,9.407251990992478,0.011661999166250075,0.1064369980642392,0.17288100153525857,52.0478,-0.755442,16.425499993073075,Vw3
5639.4100000012595,-0.6651999581934708,2.1125999978938648,10.024300002968996,0.008999999994961398,-0.08639999409224075,0.20609999832088635,52.0478,-0.755442,16.099999995339296,Vw3
5639.51000000126,2.653699985588854,1.9453999930744186,10.260000002944588,0.008600000757037275,0.38259999957970087,0.07279999908207671,52.0478,-0.755442,15.729999992392212,Vw3
5639.61000000126,1.509640579640224,1.395598012872537,10.493762379183854,0.06869901065844951,0.34923366294580316,-7.128804714799652e-05,52.0478,-0.755442,15.126039596348365,Vw3
5639.710000001261,-1.4873430380086636,1.9265810068298883,8.70132897715094,0.12899700075999682,0.5019540019485158,-0.06366500080032832,52.0478,-0.755442,14.545799992689913,Vw3
5639.810000001261,0.6256999849144708,1.1273000033660687,9.270599996113482,0.0798999992149584,0.5213999990776697,-0.24859999894537335,52.0478,-0.755442,14.349999992386719,Vw3
5639.910000001261,-0.5710326883612616,1.3943297063382414,8.962283164428147,0.0176227714917487,0.4482316822454726,-0.16493663260815206,52.0478,-0.755442,13.746039596342873,Vw3
5640.010000001262,4.254734061633174,1.4133350002081093,9.214125003247768,-0.025372000539823164,0.6615380027268637,-0.24072600097622227,52.0478,-0.755442,13.373699995333304,Vw3
5640.110000001262,0.2688549485602838,1.7120840038067031,9.059487997995674,0.10319700164460681,0.18790599393401358,-0.028154997280024796,52.0478,-0.755442,13.04329999583484,Vw3
5640.210000001262,2.523019029258561,0.6883709869099461,10.892568023390693,0.13370500037234267,0.4248580030822401,-0.13816700143004831,52.0478,-0.755442,12.693499995582375,Vw3
5640.310000001263,0.8064729778039132,1.6527540124362754,9.517575982220901,-0.06023800247816091,0.07416699549459738,0.16997600394585868,52.0478,-0.755442,12.343499995579224,Vw3
5640.410000001263,-0.8766760212501931,1.255610994807445,9.351336998058633,-0.015372999402559352,0.203260001692538,-0.029652002586804338,52.0478,-0.755442,12.023199995958118,Vw3
5640.5100000012635,-0.8194479990552102,1.5505790038157892,9.486024001738008,-0.026384000146518212,0.11213399882027575,0.03522400085384752,52.0478,-0.755442,11.623999994947647,Vw3
5640.610000001264,-0.7914749996524032,1.0518679935941064,9.568778001038998,0.030623000729321333,0.1447610004284921,0.031048999938064564,52.0478,-0.755442,11.27349999557604,Vw3
5640.710000001264,1.086632023975505,1.0704610003020953,9.404764997895445,-0.007608000495487037,0.1408429999456481,-0.007412000490431052,52.0478,-0.755442,10.824499994312012,Vw3
5640.810000001265,-1.142999992258354,1.2200000017185577,9.639600009691764,-0.029999999937415957,0.012100001948867048,0.09169999864568135,52.0478,-0.755442,10.599999995744286,Vw3
5640.910000001265,-0.5306237546302905,1.3559405957789186,10.406233673063486,-0.025049504887876238,0.166258417791534,-0.015428714226358234,52.0478,-0.755442,10.263366332375584,Vw3
5641.010000001265,0.4143999791889877,0.6504999931734818,10.13229999917009,-0.026299999997469785,0.09420000048959647,-0.006800000302360604,52.0478,-0.755442,9.929998996204692,Vw3
5641.110000001266,-1.230600008126089,0.11089999547957594,10.066699997319024,-0.026099999637571713,0.13289999861110527,-0.030700000199832038,52.0478,-0.755442,9.629999997393496,Vw3
5641.210000001266,-1.87246275322161,-0.24615882804843497,9.854935291437501,0.0025274513427081292,0.02319411625859452,-0.04648431392526031,52.0478,-0.755442,9.424117644453126,Vw3
5641.310000001266,1.1053828669393817,0.9423000154539207,10.202708085358019,-0.011847474940680747,0.14731111274376577,-0.08560404090560829,52.0478,-0.755442,9.172525249326478,Vw3
5641.410000001267,1.0766979992424979,0.7392739972461375,8.908013983388155,-0.10308000116538794,-0.1125620033416233,0.010525001235057868,52.0478,-0.755442,9.120499999366636,Vw3
5641.510000001267,0.8015729964873686,0.32001299466328326,9.89975001285727,-0.041332999198162426,0.13685400322508443,-0.07413500109571801,52.0478,-0.755442,8.971499998099912,Vw3
5641.6100000012675,-0.9087049723549314,0.2524792071101443,9.211214842540416,-0.07353663408374869,0.0021722754709010694,0.02292178343183561,52.0478,-0.755442,8.960198019676493,Vw3
5641.710000001268,-1.8342080923333022,-0.7501818311347278,9.683140410327354,-0.005204039511575206,0.10700202159385619,-0.09665959753197367,52.0478,-0.755442,8.791717169540426,Vw3
5641.810000001268,0.46191502953785935,-0.2814379938628232,9.810266001565374,-0.020934000210576967,0.01652499882660427,0.018722001494335325,52.0478,-0.755442,8.700899998858317,Vw3
5641.910000001269,-1.440449024674469,-0.3323370007141908,10.71249901154503,0.037013000744635934,0.002927999837626238,-0.01227500041227713,52.0478,-0.755442,8.640599009238862,Vw3
5642.010000001269,-0.8271821701059935,0.6152455567102596,9.862554444432057,-0.014252475912305107,0.0009376237384994383,-0.10022970409376326,52.0478,-0.755442,8.64980196052172,Vw3
5642.110000001269,-1.4066999899835566,-0.19249999742423538,10.19879999871149,0.06229999986172079,-0.11969999957510569,0.006199998847254186,52.0478,-0.755442,8.62999999924575,Vw3
5642.21000000127,-0.6177890988960105,0.010371289704075609,10.097314850196838,0.051408910752831466,-0.08623465304051853,-0.08459208036048674,52.0478,-0.755442,8.570594058651809,Vw3
5642.31000000127,-1.505099991250697,-0.30699999679569345,9.689900001499701,-0.0023000004701493283,-0.0816000006121998,-0.07989999930608976,52.0478,-0.755442,8.559998999874306,Vw3
5642.41000000127,-0.8159910803547678,-0.05462375917015844,9.80801881338172,-0.03932970344070645,-0.12981782239471668,-0.02524653395917123,52.0478,-0.755442,8.550098999874235,Vw3
5642.510000001271,-1.0906560036129151,-0.6380810075192845,10.049770003086984,-0.017127999710357004,-0.06753399919458922,-0.06301300049163086,52.0478,-0.755442,8.559899010127024,Vw3
5642.610000001271,-0.18620002216266596,-0.7651999942959932,9.937899995086573,-0.012599999344121048,-0.08309999993579686,0.02279999934412105,52.0478,-0.755442,8.660000000377666,Vw3
5642.7100000012715,-1.929269329089906,-0.3165861329107433,9.55146435152298,0.03898415907161834,-0.07805049498531183,-0.02878415907161834,52.0478,-0.755442,8.689702970674636,Vw3
5642.810000001272,-0.045305975566627854,-0.6787960047121322,9.94468900510269,-0.024355000820552163,-0.04721099960435392,-0.02900299999618348,52.0478,-0.755442,8.868200002289912,Vw3
5642.910000001272,-2.9439270374950492,-1.105032005429677,9.942957999926213,0.0005420003282232133,-0.3768670042401859,0.11722300187901427,52.0478,-0.755442,9.04820000228993,Vw3
5643.010000001273,-0.45390001848986794,-0.32860000230036784,9.64400000838639,-0.05749999980095394,-0.20060000157221197,-0.05599999889768792,52.0478,-0.755442,9.17000000251957,Vw3
5643.110000001273,-1.9070683353317577,-0.5093920815095585,10.303108919282108,-0.04185643544440841,-0.32416435800872345,0.0306336644692572,52.0478,-0.755442,9.36801980450116,Vw3
5643.210000001273,0.5927999824046093,-0.6348000036307749,9.675199996475122,-0.09879999958145234,-0.16990000117874116,-0.047399998145531294,52.0478,-0.755442,9.500000001764947,Vw3
5643.310000001274,-0.7890812057239085,-0.9199485184842628,9.39836831330486,-0.06592871245250859,-0.26247425860513396,0.09824356621192734,52.0478,-0.755442,9.638612873053049,Vw3
5643.410000001274,-1.1797000046539916,-0.3981999932908845,9.851699999198892,-0.0919,-0.17950000133223504,0.03200000066990228,52.0478,-0.755442,9.809999003153978,Vw3
5643.510000001274,-1.5449475294057433,0.128334660173419,9.788828712070304,-0.0919,-0.28405445677757246,0.0845742580955407,52.0478,-0.755442,10.057524745727745,Vw3
5643.610000001275,-0.8763000115088287,0.3009999946735686,9.824499999290483,-0.06700000006817429,-0.1794000013761105,-0.010999999583379386,52.0478,-0.755442,10.190000001767482,Vw3
5643.710000001275,-1.7788742689327832,-0.11672277760283156,9.768856434934158,-0.07234653472162904,-0.28732079345510464,0.021673267743288562,52.0478,-0.755442,10.328613863153345,Vw3
5643.8100000012755,-1.2160000058476617,0.13109999770224895,9.859599997658895,-0.020400000028052458,-0.16800000159898992,0.001399999781955921,52.0478,-0.755442,10.400000000765067,Vw3
5643.910000001276,-1.674599964447021,-0.0490999983323289,9.675999994240218,-0.022600000457346163,-0.29339999700703573,-0.015700002010049025,52.0478,-0.755442,10.460000000379017,Vw3
5644.010000001276,1.111637659309835,0.08159307097434287,9.22461385562725,-0.05844158461569099,-0.058845541561955844,-0.17322475448498448,52.0478,-0.755442,10.489702970675987,Vw3
5644.110000001277,-1.8008990379199012,0.21061000164697058,9.901319008785121,0.06514800159845516,-0.19698100181166764,-0.06283099855602813,52.0478,-0.755442,10.460299999616984,Vw3
5644.210000001277,0.5810400311011543,-0.214196005495048,9.78583599842196,0.018582999383339183,-0.06950199833769694,-0.03982099971784257,52.0478,-0.755442,10.400599999233963,Vw3
5644.310000001277,-1.4894400270346693,0.235019005852827,9.672630998555,0.03354400019931042,-0.2843170027890682,0.014553000698864088,52.047446569995444,-0.7557320700037435,10.419800000255526,Vw3
5644.410000001278,-1.1252919950274252,0.1432729987568563,10.50161501071301,0.014394999750860206,-0.0702839972096343,-0.004502000252972713,52.047443,-0.755735,10.449700000383292,Vw3
5644.510000001278,-1.8568710094915875,0.16566400030152303,10.213197996169637,0.006972999906732283,-0.2665950025616681,0.08935000121375798,52.047443,-0.755735,10.380699999105653,Vw3
5644.610000001278,-0.6058119837471949,0.5175480045413754,10.35127500182192,0.029076000286393042,-0.15108699848237261,-0.008304001273426204,52.047443,-0.755735,10.211699997826482,Vw3
5644.710000001279,0.20484001030510857,0.22677299619887242,9.51664498920265,0.05989100039507178,-0.22761500100366133,0.07960200114813742,52.047443,-0.755735,10.15059999923287,Vw3
5644.810000001279,-1.2767999870605737,0.02470001097319045,10.13969999256426,0.06759999926566856,-0.245999998971936,0.045900000312723906,52.047443,-0.755735,10.03999999772104,Vw3
5644.9100000012795,-0.26491879893465486,0.8828188228604059,9.558214844045326,0.0101742566910078,-0.16560395936741093,0.07035544585745013,52.047443,-0.755735,9.86178217593761,Vw3
5645.01000000128,-1.6689160182757914,1.276213004973257,10.224907008691364,0.04038900039791174,-0.19073800033521826,0.04129599962128015,52.047443,-0.755735,9.711499998080813,Vw3
5645.11000000128,-0.5957999865172615,1.5844999951236964,10.176599999106138,0.04520000006339448,-0.017000000881183305,-0.09139999825411596,52.047443,-0.755735,9.479999995815964,Vw3
5645.210000001281,0.45707130060936574,1.20370791591653,10.106798018908256,0.050150495112889625,-0.08581188206916579,0.04493663540898028,52.047443,-0.755735,9.153267322549285,Vw3
5645.310000001281,0.5186683174925092,1.0538504931596187,9.946327720704817,0.05382673272019739,0.048767328483037664,-0.036918812958042745,52.047443,-0.755735,8.797128708305118,Vw3
5645.410000001281,0.07369998086283842,1.4564999978722388,10.073199998219888,0.027600000041870073,0.022000000079933777,-0.01709999988834647,52.047443,-0.755735,8.33999999340229,Vw3
5645.510000001282,-1.4196663557678666,1.2904603939121717,9.934289107131054,0.03086732677453687,0.02823762384229766,-0.008387128601235016,52.047443,-0.755735,7.825148508254797,Vw3
5645.610000001282,-0.14680798332142397,1.1060459976330987,9.477598994103262,0.009713999725613834,0.04958500027566834,-0.08245100096035157,52.047443,-0.755735,7.22599999230693,Vw3
5645.710000001282,-0.491799997595206,0.6510999986972974,9.94750000192866,0.04229999944641489,-0.018399999790501047,-0.012799999913661039,52.047443,-0.755735,6.649999993016702,Vw3
5645.810000001283,-0.3042752451186413,0.5495158402807423,10.097896041533676,-0.0008683173855714918,-0.0020633661270199645,-0.006067326646287017,52.047443,-0.755735,6.1054455375673315,Vw3
5645.910000001283,-0.7025999930291306,0.7267999992017893,9.956999999550847,0.008599999713824764,-0.03389999966505947,0.005799999685592229,52.047443,-0.755735,5.569999993840175,Vw3
5646.0100000012835,-0.1593999989428682,0.6646000003837185,9.921999996936606,-0.01369999985007025,-0.007800000181694529,-0.018699999775105374,52.047443,-0.755735,5.089999995171754,Vw3
5646.110000001284,-0.07702376131852723,0.6945009904829385,9.6832871256478,-0.002016831533156507,-0.021958416023378134,-0.0011752472997347586,52.047443,-0.755735,4.713762371406735,Vw3
5646.210000001284,-0.507345005591848,0.4347269966269151,10.040270004660943,-0.0013059999922959613,-0.00408199976631083,-0.02485900030944555,52.047443,-0.755735,4.284299994478773,Vw3
5646.310000001285,-0.16915999555422234,0.21558699718990876,9.817189997057563,-0.0008049999935754659,-0.0024149999807263974,-0.0035179997198903114,52.047443,-0.755735,3.9235999953743352,Vw3
5646.410000001285,-0.4726999954791909,0.09220000094157016,9.85180000019086,-0.004599999798962049,0.009800000010179137,-0.01909999986639883,52.047443,-0.755735,3.5299999959283452,Vw3
5646.510000001285,-0.12091781726206602,0.16546732767409827,9.866651485339343,0.011043564557442605,0.01059207921809836,-0.00870396026245903,52.047443,-0.755735,3.213168312760656,Vw3
5646.610000001286,-0.2060050011508056,0.11877899938409398,9.902836000468037,-0.002858000182585918,-0.008606000249448369,0.009022000228875303,52.047443,-0.755735,2.9228999962711324,Vw3
5646.710000001286,-0.18016999965282715,0.2754130020406049,9.860629999447095,0.00561300011186681,0.01684100033302878,-0.01852000036003112,52.047443,-0.755735,2.652699996528271,Vw3
5646.810000001286,-0.3849290026648092,0.06999099730945632,9.877723000227752,0.002531999958824774,-0.009531000346129248,0.008326000352562875,52.047443,-0.755735,2.422299997040531,Vw3
5646.910000001287,0.012366005190688645,-0.08099600193524932,9.904234000342273,-0.0012620000488959265,-0.006334999954964278,-0.01337800028565515,52.047443,-0.755735,2.2021999971691835,Vw3
5647.010000001287,-0.15744400225950653,0.02204400135879206,9.826586998987338,0.0049370000810643,-0.015507000119666346,-0.0014229998417316075,52.047443,-0.755735,1.9821999971691833,Vw3
5647.1100000012875,-0.28790000167392593,0.13477200145245263,9.857084000406893,0.005693000009013447,-0.0077789998982768106,-0.004072000036053789,52.047443,-0.755735,1.81169999781102,Vw3
5647.210000001288,-0.19939999833224137,-0.1332000005086986,9.806500001456552,0.002000000149389962,-0.011699999907275197,0.005999999926592864,52.047443,-0.755735,1.6199999983258022,Vw3
5647.310000001288,-0.06990000034172508,-0.17270000397701682,9.919599998468614,0.013599999773033345,-0.004500000195089315,0.0003000000586543038,52.047443,-0.755735,1.4899999980873597,Vw3
5647.410000001289,-0.09643465380725798,-0.4815118851673046,9.800689107378668,-0.004023762603328063,-0.019648515046680866,0.004854455504230848,52.047443,-0.755735,1.3414851466011681,Vw3
5647.510000001289,-0.1734250009986293,-0.6205270017691845,9.905727001382619,0.021243000331158352,-0.010592999880164489,-0.0090590001816861,52.047443,-0.755735,1.2508999988403016,Vw3
5647.610000001289,-0.14459899961445316,-0.346679996415317,9.758992998074845,0.006352999802713493,-0.01554900006576217,-0.0046459999406851015,52.047443,-0.755735,1.2004999993552727,Vw3
5647.71000000129,-0.09618599937332079,-0.6858460044538066,9.94738200247319,0.00560599999226322,-0.011936999952289855,-0.009154000059315315,52.047443,-0.755735,1.170299999613161,Vw3
5647.81000000129,0.015675001451659273,-0.44556199682312436,9.76704099762444,0.007283000021936185,-0.003979999896770897,-0.001972999905803443,52.047443,-0.755735,1.17,Vw3
5647.91000000129,0.01977000003871119,-0.3398429986541411,9.925085002083952,0.0064089999883866445,-0.028056000314850983,-0.00496900004000156,52.047443,-0.755735,1.1799000001290372,Vw3
5648.010000001291,0.1217700013290841,-0.29603199944255887,9.788000998192187,-0.0030050001225854243,0.002192000397434852,-0.011435000083874238,52.047443,-0.755735,1.2295000006451864,Vw3
5648.110000001291,0.05122299906640941,-0.23788299924718767,9.789372000036156,-0.0020109999857959937,-0.0062120001136320505,-0.006945999940601428,52.047443,-0.755735,1.2696000005165093,Vw3
5648.2100000012915,-0.16343900279046125,-0.060683997696352215,9.852166000818674,-0.0031880000154953887,-0.01332900009168105,-0.009177000029699494,52.047443,-0.755735,1.3393000009038978,Vw3
5648.310000001292,0.07969999782238152,-0.05530000073397123,9.81260000049997,0.0002999999194421821,-0.012700000052426516,-0.0034000001355417252,52.047443,-0.755735,1.4100000008950868,Vw3
5648.410000001292,-0.08891386356494141,-0.11213168390268724,9.85131287178737,-0.005937623842977868,-0.016759405993049085,-0.013895049640565937,52.047443,-0.755735,1.479306931588643,Vw3
5648.510000001293,0.11769600271877172,-0.15833900059570044,9.961491001433041,0.0012270000943300071,0.0010200002325945375,-0.0021199998449369737,52.047443,-0.755735,1.489900000129219,Vw3
5648.610000001293,-0.08998100274006256,0.08761100321850668,9.865381998730184,0.0009039999948276308,-0.014046000199136212,0.003247000068533891,52.047443,-0.755735,1.4999000001293092,Vw3
5648.710000001293,0.1588000002970752,0.24820000019591598,9.854799999271396,-0.0011999999321336853,0.0006999998860358114,-0.013599999640180483,52.047443,-0.755735,1.4399999987195033,Vw3
5648.810000001294,0.1817702973269395,0.2633485150475075,9.798463365607637,0.00404752482037842,-0.008111881302144894,0.014221782538232754,52.047443,-0.755735,1.3409900977287093,Vw3
5648.910000001294,0.011818997775595308,0.12301899816379855,9.965705002193348,-0.008869000169515424,0.01437200029503448,-0.015398000390791282,52.047443,-0.755735,1.2409999987059892,Vw3
5649.010000001294,0.09550000125448765,0.19390000112506656,9.899399999156842,0.005799999955151105,-0.004999999818041627,-0.00770000005125588,52.047443,-0.755735,1.099999998334184,Vw3
5649.110000001295,0.1924306943244754,0.2808306941949841,9.834251484304898,0.0023346534204733,0.009059406122651183,-0.011660396090887658,52.047443,-0.755735,0.9712871270461512,Vw3
5649.210000001295,0.04103899800711755,0.07904699734929804,9.795286999498867,0.005864000046617133,0.0065269999650371495,-0.013185000019423805,52.047443,-0.755735,0.8214999980576194,Vw3
5649.3100000012955,0.13592600126212942,0.01363999917067471,9.954191002084976,-0.0012280000932990958,0.017588000145131927,-0.0018149998509806118,52.047443,-0.755735,0.3843999942983886,Vw3
5649.410000001296,0.1627390003382116,-0.062141000983534866,9.784232997754328,0.007808000119216347,-0.003882000282490909,-0.0020960000051833193,52.047443,-0.755735,0.003799995075846496,Vw3
5649.510000001296,0.24724900110275122,-0.4694930053219733,9.829624000616814,0.0014649999157710595,0.018967000301928355,-0.002793000009070809,52.047443,-0.755735,0.0,Vw3
5649.610000001297,0.1303999984216247,-0.2470999993009496,9.802300001662678,0.006999999770441718,0.002300000020751031,0.007700000001296939,52.047443,-0.755735,0.0,Vw3
5649.710000001297,0.008700002532922736,-0.19320000261462994,9.930499999722455,-0.010699999852148903,0.003899999892354026,0.007799999935153027,52.047443,-0.755735,0.0,Vw3
5649.810000001297,0.2039999996859372,-0.39479999730312887,9.909099998278377,0.0006999999834703797,-0.004399999744426639,0.0027999997825719166,52.047443,-0.755735,0.0,Vw3
5649.910000001298,0.1797843134113065,-0.18685882083150232,9.776354900238498,-0.0005745098204575529,0.015305882608612934,-0.013964706099864735,52.047443,-0.755735,0.0,Vw3
5650.010000001298,0.22839999776667183,-0.26770000116420906,9.807500000853238,-0.004899999966590027,-0.00139999971858523,0.0033999998612201134,52.047443,-0.755735,0.0,Vw3
5650.110000001298,0.05632078984467109,-0.35740297146186883,9.873242575111128,-0.002325742540829372,0.020283168598398755,-0.007293069445785685,52.047443,-0.755735,0.0,Vw3
5650.210000001299,0.26151000271398694,-0.6606460039657971,9.944289000923275,-0.016259000183096728,0.0020859997584681475,0.007252000192186636,52.047443,-0.755735,0.0,Vw3
5650.310000001299,0.23112799957377753,-0.17681799360926187,9.84619799870314,-0.0017479998076801086,0.01288900014423992,-0.008737000211811778,52.047443,-0.755735,0.0,Vw3
5650.4100000012995,-0.06409999482577748,-0.3221999980646529,9.785100000593214,-0.012299999898342805,-0.010699999588224022,0.010299999607526021,52.047443,-0.755735,0.0,Vw3
5650.5100000013,0.33401881705462194,-0.173289106975839,9.830743564949561,-0.00447821772014048,0.020983168728544895,-0.01989802019439435,52.047443,-0.755735,0.0,Vw3
5650.6100000013,0.19239999898142895,-0.22549999925957226,9.88599999928275,-0.01099999978366633,-0.011699999397356204,0.009699999433411816,52.047443,-0.755735,0.0,Vw3
5650.710000001301,0.1140831672984158,-0.16856930619037813,9.830851484431374,0.005633663582637352,0.034636634265918335,-0.03386435700214544,52.047443,-0.755735,0.0,Vw3
5650.810000001301,0.02865499888740755,-0.22977600081199728,9.796540999556266,-0.009743000204300604,-0.009450000585574977,-0.003906999600507735,52.047443,-0.755735,0.0,Vw3
5650.910000001301,0.04898600027847538,-0.34524000150949274,9.906585001450935,0.012672000296693397,0.020295000396892485,-0.015777000160058282,52.047443,-0.755735,0.0,Vw3
5651.010000001302,0.2710590029161838,-0.20710699816908942,9.791374998470989,-0.001356000187385303,-0.026128000614207378,0.002019000235532916,52.047443,-0.755735,0.0,Vw3
5651.110000001302,0.3578460011120679,-0.36063500203792304,9.838314000632863,0.022755000319035868,0.006070000429721785,-0.018590000273459317,52.047443,-0.755735,0.0,Vw3
5651.210000001302,0.15129499727189868,-0.4730800014584599,9.726236998519402,-0.0174910005325983,-0.005975000162774542,-0.008107999859362797,52.047443,-0.755735,0.0,Vw3
5651.310000001303,0.25569999905350593,-0.412199997667292,10.022799997129571,-0.020400000012895016,-0.013199999885234376,0.004999999904576897,52.047443,-0.755735,0.0,Vw3
5651.410000001303,0.18302673172626283,-0.23309108677494483,9.802403957524062,-0.021390099022802957,-0.004388118697053672,-0.002326732768741892,52.047443,-0.755735,0.0,Vw3
5651.5100000013035,0.32020700181522643,-0.5465160041490889,9.944047001893411,-0.016944999941360235,-0.015883000152463383,0.002253000061245973,52.047443,-0.755735,0.0,Vw3
5651.610000001304,0.10795799718595456,-0.37684599772320515,9.826303998429978,-0.016008999988263946,-0.003822999839607235,-0.001264000046944224,52.047443,-0.755735,0.38610000508562425,Vw3
5651.710000001304,0.33874700306834804,-0.4513300010040918,9.987361002137282,-0.02233600008345698,-0.03072700035599618,0.0056300000912810726,52.047443,-0.755735,0.8157000056072659,Vw3
5651.810000001305,-0.02757600485950612,-0.16658399623662307,9.754468996908654,-0.008737999819921632,-0.0040719996450629264,0.002432999956937781,52.047443,-0.755735,0.8695000006524578,Vw3
5651.910000001305,0.04136600095781481,0.3277360064776467,9.711410999463677,-0.029291000272729285,-0.03023300034841492,0.01457700016050575,52.047443,-0.755735,0.9294000007829549,Vw3
5652.010000001305,0.37414600437671786,0.37527000056111764,9.923454002800367,-0.010194999745539664,-0.0015919996189619548,0.008264999915179889,52.047443,-0.755735,0.9993000009134474,Vw3
5652.110000001306,0.06604599589187393,0.8765410066061696,9.623946996021152,-0.011584000020893203,0.021074000295116496,-0.000809000118830094,52.047443,-0.755735,1.0198000002611651,Vw3
5652.210000001306,0.0906200003656336,0.6372679967772009,9.901763003704652,-0.002095999874639907,0.025755000058762544,-0.018126000227215167,52.047443,-0.755735,0.9902999006082485,Vw3
5652.310000001306,0.3194910030172504,0.7097430009891982,9.971227000879432,-0.0004159999790922448,0.022334999954264287,-0.011072999904608366,52.047443,-0.755735,0.920699998085287,Vw3
5652.410000001307,0.15577699780859064,-0.07763901040298737,9.98526500017641,0.009401000129367636,0.017943999942503272,-0.016049000066643934,52.047443,-0.755735,0.4051999932049323,Vw3
5652.510000001307,0.0935119992002728,-0.011745999025169124,9.556333994336573,-0.011191000273109456,0.012355999926822347,0.003502000258735271,52.047443,-0.755735,0.003999994773024762,Vw3
5652.6100000013075,0.322184003028504,-0.2539460032089589,10.089570007100509,0.02572500049036658,0.02764500020268485,-0.009962000180454898,52.047443,-0.755735,0.0,Vw3
5652.710000001308,0.12461899735984797,-0.1940299991761784,9.904226997480153,6.299965608718566e-05,-0.0011080003818347596,-0.00950599999215408,52.047443,-0.755735,0.0,Vw3
5652.810000001308,0.010333998516100104,-0.2500280007484927,9.713110997499355,0.018115000242082433,0.036121000495941843,-0.01841000011776983,52.047443,-0.755735,0.0,Vw3
5652.910000001309,0.390053005034041,-0.5246320036221017,9.958205003264863,0.003449999803715584,0.018877999767075826,-0.015925999965977367,52.047443,-0.755735,0.0,Vw3
5653.010000001309,0.18461399723369826,-0.49274999954200305,9.892884999103636,0.005775000032714069,0.035233000218529986,-0.009266999912326292,52.047443,-0.755735,0.0,Vw3
5653.110000001309,0.3539680022679903,-0.3794409985059025,9.827255999140991,0.0023349999541687886,0.043518000107375984,-0.01880300012701793,52.047443,-0.755735,0.0,Vw3
5653.21000000131,-0.12128200630903746,-0.3329579994002617,9.823431999958096,0.0048740000340462795,0.023799999738105544,-0.01196999990833694,52.047443,-0.755735,0.0,Vw3
5653.31000000131,0.3806810067077978,-0.34962700022669446,9.834488000146761,-0.01064300020572851,0.03270800012055429,-0.025463000179521057,52.047443,-0.755735,0.0,Vw3
5653.41000000131,0.03660000664763455,-0.5196999968987221,9.897400000569649,0.0030999999948095767,0.020400000280282857,-0.004600000460650061,52.047443,-0.755735,0.0,Vw3
5653.510000001311,0.543827729418907,-0.28306633353285426,9.940865347104216,0.0027039603908499653,0.041786138894101876,-0.03974851531206557,52.047443,-0.755735,0.0,Vw3
5653.610000001311,-0.06648400815092992,0.08777800488059223,9.792205998025208,-0.005715000111458985,0.0292289998308446,-0.006142999550230212,52.047443,-0.755735,0.0,Vw3
5653.7100000013115,0.44388200684231793,0.168324001017562,9.769810999723319,-0.0030279999632838446,0.0517710003002857,-0.0444100005114036,52.047443,-0.755735,0.0,Vw3
5653.810000001312,-0.10718100737320496,0.17900000013121917,9.841672000955276,-0.0020099999868780833,0.017349999540732915,-0.018366999649644822,52.047443,-0.755735,0.0,Vw3
5653.910000001312,0.5259480084663194,-0.325305006685663,9.965358001629752,0.009088000146966486,0.04204700033198679,-0.026416000110224866,52.047443,-0.755735,0.0,Vw3
5654.010000001313,0.053377221370174865,-0.07594059068487291,9.689694055733732,0.010082178229520856,0.00789504904868659,-0.01659999986871039,52.047443,-0.755735,0.0,Vw3
5654.110000001313,0.36409999412261107,-0.2300000031922544,9.814200000447306,0.00570000010532489,0.03949999955009368,-0.007600000113126733,52.047443,-0.755735,0.0,Vw3
5654.210000001313,-0.08342475835174978,-0.4730693101224659,9.848259406387832,0.013719802085507021,0.005242573807587289,-0.01621386149924828,52.047443,-0.755735,0.0,Vw3
5654.310000001314,0.26028300462137544,-0.3707579986097767,10.007990002115557,0.014592000010512085,0.013315000111690905,-0.013824999967149733,52.047443,-0.755735,0.0,Vw3
5654.410000001314,0.0844119976189962,-0.304359999132747,9.697353995855583,0.011332999956637347,0.02547800016031041,-0.010631999957951367,52.047443,-0.755735,0.0,Vw3
5654.510000001314,0.2770999962447144,-0.30750000251783705,9.947599998156187,0.015899999863373187,0.025400000042939855,-0.01539999996486739,52.047443,-0.755735,0.0,Vw3
5654.610000001315,-0.00864257801471835,-0.4990841609350243,9.807302968452232,0.005503960259339769,0.028667326775636073,-0.01272673263811594,52.047443,-0.755735,0.0,Vw3
5654.710000001315,0.4072700055621507,-0.5545590007113768,9.972913002218286,0.005499000001314929,0.026521999971071554,-0.018541000077580826,52.047443,-0.755735,0.0,Vw3
5654.8100000013155,0.0015409945511494216,-0.2513679959630346,9.729475996742005,-0.006677000161847047,0.03590500012500381,-0.0006809997618348329,52.047443,-0.755735,0.0,Vw3
5654.910000001316,0.2360890031724872,0.15571900536993796,9.806398001055303,0.0026050001250046808,0.0324359999526298,-0.029903000390804107,52.047443,-0.755735,0.0,Vw3
5655.010000001316,0.0008999968419870219,0.9620960106635572,9.801853999928944,-0.020466000307906265,0.0026999996052483773,0.004747000464491075,52.047443,-0.755735,0.0,Vw3
5655.110000001317,0.1089840014694809,0.43510499288302484,10.136420004450578,-0.01268099989334413,0.02447700029363283,-0.023610000381854353,52.047443,-0.755735,0.0,Vw3
5655.210000001317,0.2687970021107474,-0.5838620134808685,9.92239599710842,0.005220000237014685,0.004503999731383358,-0.007465999781419791,52.047443,-0.755735,0.0,Vw3
5655.310000001317,0.07210299736074977,0.10880000935530532,9.421041993356416,-0.00024300007510597282,0.01014100007774127,0.00725300019369435,52.047443,-0.755735,0.0,Vw3
5655.410000001318,0.27389999756913946,-0.3804999961025334,9.85630000129176,-0.006499999980427854,-0.005299999956941279,0.003999999902139271,52.047443,-0.755735,0.0,Vw3
5655.510000001318,0.08944455202495044,-0.08475742184569351,9.954319803271765,-0.005014851465579311,-0.002032673224274485,-0.003425742672103445,52.047443,-0.755735,0.0,Vw3
5655.610000001318,0.2947080027584236,-0.07744399994198344,9.839766998461242,0.0018310000909805106,0.02047300029931269,0.0021430000751578144,52.047443,-0.755735,0.0,Vw3
5655.710000001319,0.04791399668512197,-0.2750040026318602,9.898891000803006,0.00011799997626578992,-0.009000000395570168,0.002299000001318567,52.047443,-0.755735,0.0,Vw3
5655.810000001319,0.21993700232622143,-0.014649996503410756,9.842277999237346,-0.012572000168891855,0.012381000288963412,-0.008689000146460906,52.047443,-0.755735,0.0,Vw3
5655.9100000013195,0.2485290003575782,-0.0783300008840494,9.80566399951971,-0.011907999989444187,0.016659000054098545,-0.0028599999208313975,52.047443,-0.755735,0.0,Vw3
5656.01000000132,0.25612600009764125,0.031781001476494444,9.805894000007916,-0.0019999998680523285,0.028976000163615116,-0.012997000135906104,52.047443,-0.755735,0.0,Vw3
5656.11000000132,0.19729999640434423,0.2266999966606164,9.86179999967443,-0.003399999840483634,0.021299999873171414,-0.002000000462858963,52.047443,-0.755735,0.0,Vw3
5656.210000001321,-0.07497723131788867,-0.02617129046759553,9.837146534327944,0.008679208080284516,0.011696039477150836,-0.03704950541328458,52.047443,-0.755735,0.0,Vw3
5656.310000001321,0.17049999872125407,0.1493999986807212,9.812600002021412,-0.006299999968619731,0.02099999989932164,-0.0019000000326877798,52.047443,-0.755735,0.0,Vw3
5656.410000001321,0.0736683155522571,0.04949900858100961,9.965669308953181,-0.003923762344840665,0.013376237523030465,-0.004375247557457641,52.047443,-0.755735,0.0,Vw3
5656.510000001322,0.16447300122484113,0.27649700304294406,9.662972995939658,-0.02181900023915452,0.01854700007002867,-0.0113300000924907,52.047443,-0.755735,0.0,Vw3
5656.610000001322,-0.09427700346812035,0.25058499962317415,9.895223003142862,-0.021108999988100237,0.01246199991802384,0.012162000314682678,52.047443,-0.755735,0.0,Vw3
5656.710000001322,0.049323001952897086,0.2828710004350055,9.710489997501032,-0.018624999966944868,0.0018069998585240436,-0.016409000384761722,52.047443,-0.755735,0.0,Vw3
5656.810000001323,0.013300000851052913,0.2286000026369547,9.951199998376453,-0.020000000124384656,-0.00540000010867291,0.014600000005237248,52.047443,-0.755735,0.0,Vw3
5656.910000001323,0.07765643649506931,0.4280059432324147,9.828427721147868,-0.029405940718510125,-0.013617821890908849,0.014996039609200425,52.047443,-0.755735,0.0,Vw3
5657.0100000013235,0.3105540031040271,-0.01055000588786048,10.062919003150336,-0.027915999978830167,-0.0379550003241631,0.0116339999550141,52.047443,-0.755735,0.0,Vw3
5657.110000001324,-0.3178290084353002,0.6221640085213613,9.698702995097172,-0.0193859998861347,-0.03968500001986022,0.02456900017344598,52.047443,-0.755735,0.0,Vw3
5657.210000001324,-0.030466996071620234,0.35021199627684396,9.783407001182354,-0.022171000038396702,-0.042769000041044745,0.036976000164179,52.047443,-0.755735,0.0,Vw3
5657.310000001325,-0.21039999215954333,0.3330000040041396,9.928199999065177,-0.0033000001389779945,-0.057499999537177056,0.017500000208466992,52.047443,-0.755735,0.9100000030155603,Vw3
5657.410000001325,0.3816792157654074,0.6353762416300257,9.85760593965874,-0.013795049644002202,-0.022549504487426625,0.0332425744660033,52.047443,-0.755735,1.1377227752943875,Vw3
5657.510000001325,0.17088899709972014,0.25309199484335804,9.73631799838623,-0.015583000022523871,-0.05487000043722812,0.0248859998860557,52.047443,-0.755735,1.3281000025173741,Vw3
5657.610000001326,0.44449999421004865,0.165700007003084,9.843999998344415,-0.014099999990809601,-0.030100000072210274,0.02229999991466058,52.047443,-0.755735,1.5400000024945368,Vw3
5657.710000001326,0.007866330844577052,0.6938188188832258,9.719148513196147,-0.013406930683880281,-0.035545544626654935,0.015864356350316897,52.047443,-0.755735,1.7281188143753523,Vw3
5657.810000001326,0.7040240093880376,0.0494619912939086,10.006485003867457,-0.019340000079604618,0.02894800086503683,-0.014791000409963773,52.047443,-0.755735,1.9577000030515102,Vw3
5657.910000001327,0.1073979919094622,0.5118630062848275,9.965047999405616,-0.0014809997598577637,0.023857999923048347,0.007868000307806619,52.047443,-0.755735,2.1580000026535053,Vw3
5658.010000001327,0.5353160058164836,0.03615299356126922,9.83411799825134,-0.014071000171151097,0.09022900089025104,-0.028926000496205504,52.047443,-0.755735,2.3481000025208303,Vw3
5658.1100000013275,0.4262459984785095,0.7377640094741325,9.654599997610223,-0.0034089998552858138,0.07179299974376295,-0.00930199973181408,52.047443,-0.755735,2.5678000029208365,Vw3
5658.210000001328,0.1771049966742063,0.17258099232478497,9.926139003665675,-0.013002000130110894,0.13822700089351664,-0.025633000221719583,52.047443,-0.755735,2.797700003053623,Vw3
5658.310000001328,0.08330000208119402,-0.21359999336200342,9.99549999949778,-0.01750000004075617,0.11570000062580439,-0.010999999960558546,52.047443,-0.755735,2.9900000028923737,Vw3
5658.410000001329,0.24003267534962164,0.2863009967405177,9.957678217319295,-0.020569306971470795,0.16282871349742256,-0.008029702930834715,52.047443,-0.755735,3.207821785072121,Vw3
5658.510000001329,-0.04243100381167206,0.2417009993343856,9.869486998821557,-0.03168800014880003,0.12825399952968564,-0.001762999916299985,52.047443,-0.755735,3.398100002524286,Vw3
5658.610000001329,0.02449999929659862,0.12340000293061748,9.865199998905672,-0.015700000070473105,0.1630000000864293,-0.010800000184825695,52.047443,-0.755735,3.590000002393426,Vw3
5658.71000000133,-0.02840000276336728,0.3437999929974509,9.782900001191447,-0.02099999991969252,0.16949999996313755,-0.024700000115853417,52.047443,-0.755735,3.7700000015798194,Vw3
5658.81000000133,-0.23622178494304483,-0.1828336703725848,9.872503961588116,-0.014960395959254058,0.1667277227353953,-0.03341287140304333,52.047443,-0.755735,3.8888118827687728,Vw3
5658.91000000133,-0.003273996841652582,-0.1477079994572006,9.798951998999545,-0.018761000051885236,0.18075800018891547,-0.01746199978447671,52.047443,-0.755735,3.9791000011973514,Vw3
5659.010000001331,-0.12919999916120603,-0.1366999982532735,9.932600000769655,-0.02949999984215541,0.1386000003469972,-0.02189999975084036,52.047443,-0.755735,4.09000000091315,Vw3
5659.110000001331,-0.06616078347461674,-0.005425488448696447,9.990443138024846,-0.01763725474405696,0.16467843171967644,-0.003174509554668428,52.047443,-0.755735,4.158627451893885,Vw3
5659.2100000013315,-0.19418080983704583,0.12004646631529392,9.724624238797464,-0.035515151761239955,0.12837575707551221,-0.012402020332460524,52.047443,-0.755735,4.239191920267716,Vw3
5659.310000001332,-0.11709199894489716,-0.15263300368619892,9.851293001741187,-0.032333999954705185,0.13176200005062363,-0.001906999857454541,52.047360829998894,-0.7557874700007061,4.30930000093254,Vw3
5659.410000001332,-0.35954300327323907,-0.1399559997921753,10.1492040039913,-0.03527000003996629,0.11150499972689702,0.014040000213153544,52.04736,-0.755788,4.389200001065768,Vw3
5659.510000001333,-0.5619999904422688,0.024699997037037354,9.737400002589624,-0.038799999492101236,0.11360000020184029,-0.04190000019392498,52.04736,-0.755788,4.420000000659608,Vw3
5659.610000001333,0.15532674223603693,-0.19767624058828695,9.931756438234553,-0.0006811876106453812,0.12874851505343182,-0.05645445563957176,52.04736,-0.755788,4.469504951155006,Vw3
5659.710000001333,0.2401160010451654,-0.6852970065362832,9.879942999276116,-0.02019900026795695,0.09741799957606811,-0.02165299952940894,52.04736,-0.755788,4.460099999866688,Vw3
5659.810000001334,0.29409999221922417,-0.1411000028144917,9.946799999188126,-0.014500000398675652,0.11489999950891609,-0.028699999399346286,52.04736,-0.755788,4.449999999075917,Vw3
5659.910000001334,-0.2894643642205181,-0.35218911172686546,9.88590891007879,-0.04440099049789557,0.07806831634034056,0.016349505551465183,52.04736,-0.755788,4.380693068382361,Vw3
5660.010000001334,-0.8044148583490658,-0.045243560189718035,10.031839605936053,-0.025684158159468857,0.11122277272918377,-0.03789505024235247,52.04736,-0.755788,4.350594059009487,Vw3
5660.110000001335,-0.17670000271125594,-0.4899999988816565,9.786200002575097,-0.03979999970653398,0.09919999971975316,-0.034500000199609776,52.04736,-0.755788,4.339999999867808,Vw3
5660.210000001335,-0.37976930964154665,-0.40623762264419866,9.979071289703429,-0.01781980168677554,0.07820990070989375,-0.049450495249085104,52.04736,-0.755788,4.3300990097688175,Vw3
5660.3100000013355,-0.016291995068084153,0.04831700612214801,9.66865499578543,-0.047795000407430746,0.06938699988378205,-0.02524599967138372,52.04736,-0.755788,4.339900000133584,Vw3
5660.410000001336,-0.5260999966866017,-0.22820000596812515,10.041199999760847,-0.01290000007081053,-0.011299999561776347,-0.0029000000828349583,52.04736,-0.755788,4.299999999866395,Vw3
5660.510000001336,-0.2781000010434533,-0.6748999990647666,10.023299996923082,-0.018199999782224224,0.021499999140921315,-0.009099999420155292,52.04736,-0.755788,4.289999999331976,Vw3
5660.610000001337,-0.35619999879804926,-0.6048999983786116,9.792999999906936,-0.0019000002477303068,-0.0427999999567455,0.03429999928302392,52.04736,-0.755788,4.239999999213555,Vw3
5660.710000001337,-0.26629803801408825,-0.48362548857516596,9.786039215593238,-0.02042941201236349,-0.03956470583911113,-0.01932745169715784,52.04736,-0.755788,4.18117646980202,Vw3
5660.810000001337,0.35042526091870235,-0.12453938907113893,9.624546462444062,0.008402020600614492,-0.02762121195907207,0.018305051033356834,52.04736,-0.755788,4.0909090896930405,Vw3
5660.910000001338,0.43253400102465267,-0.2899920022847346,10.228780008186519,0.03780600039327399,-0.012352999795337008,-0.042680000829353304,52.04736,-0.755788,4.0602999995986995,Vw3
5661.010000001338,0.36261399904490604,-0.337735000622015,9.235989986502943,-0.004767000579209646,-0.044177000432066314,0.04253300115975695,52.04736,-0.755788,4.0302999995987,Vw3
5661.110000001338,-0.06795800581205802,-0.40740100093565834,9.92979000951721,0.04499300067865347,-0.009750999530162972,-0.01976200085400575,52.04736,-0.755788,3.891399998126006,Vw3
5661.210000001339,-0.15753900115251407,-0.5083870013559776,9.68454899658797,-0.013009000791098478,0.005054000195432113,-0.03297300016999916,52.04736,-0.755788,3.790999998661424,Vw3
5661.310000001339,0.15147000419256149,-0.15181199516181088,9.915244003155808,0.009566000313437501,0.022624000235747867,-0.0010239995660096118,52.04736,-0.755788,3.6909999986605233,Vw3
5661.4100000013395,-0.0005330020989739448,-0.3946110033339797,9.801868998434141,-0.01049500027459455,-0.03471900077824114,-0.0289150003817534,52.04736,-0.755788,3.6305999991963085,Vw3
5661.51000000134,0.3558999894536228,0.01919999116735936,9.875500000933801,0.005900000326299684,0.019499999066199276,0.009600000078258867,52.04736,-0.755788,3.590000000265284,Vw3
5661.61000000134,-0.4313277333241837,-0.6401069395303408,9.94520297123132,0.030256435970035116,-0.050202971231320004,0.015441584236715739,52.04736,-0.755788,3.609801980463443,Vw3
5661.710000001341,-0.23585399724682848,-0.6890720005736891,9.824129998351316,-0.02771200078815232,-0.03317899976006928,0.012529999959788148,52.04736,-0.755788,3.570399999463842,Vw3
5661.810000001341,-0.03649299732679806,-0.24241599394270952,9.620741997261074,-0.010974999765273288,-0.04319700013815343,-0.020269000443968812,52.04736,-0.755788,3.530399999463482,Vw3
5661.910000001341,-0.06390000115771854,-0.518299997134546,9.878899997846885,-0.01760000008853931,-0.07070000004695266,0.00909999995975486,52.04736,-0.755788,3.469999999329248,Vw3
5662.010000001342,-0.15019999609901064,-0.30470000440704215,9.718400001810368,-0.024200000030549115,-0.07420000016469959,0.006100000143448026,52.04736,-0.755788,3.4199999993358885,Vw3
5662.110000001342,0.14059208311095261,-0.6332148558944981,9.85335049686082,-0.026477227753337388,-0.0864772278875581,0.016793069450453824,52.04736,-0.755788,3.3704950488404917,Vw3
5662.210000001342,-0.031235002369007864,-0.30257299547271194,9.73985999844303,0.007754000464406077,-0.08155099993154709,-0.001415000248309605,52.04736,-0.755788,3.3105999991946717,Vw3
5662.310000001343,-0.034188000016117374,-0.266331999554086,9.865618001721872,-0.021204000397561887,-0.08753900008192998,0.009290000147742596,52.04736,-0.755788,3.270399999462754,Vw3
5662.410000001343,0.08836200166278699,-0.7120940060521148,9.88501700024579,-0.004174999764953374,-0.08799600000537249,-0.015548000338467144,52.04736,-0.755788,3.2006999990598137,Vw3
5662.5100000013435,0.006142998867746816,-0.3739609953514493,9.833422999297547,-0.0059800000268624715,-0.08374299994224568,0.01726600044860327,52.04736,-0.755788,3.150499999328438,Vw3
5662.610000001344,-0.007669000176067143,-0.7357110049581044,9.88309300068142,-0.0010499999327988011,-0.1023120002526765,-0.00794200034675819,52.04736,-0.755788,3.0608999987903784,Vw3
5662.710000001344,0.28189999829508644,-0.6505000007839141,9.83150000167164,-0.02499999986823853,-0.08580000005456788,-0.0037999999547485863,52.04736,-0.755788,2.9999999988021684,Vw3
5662.810000001345,0.15506831512587876,-0.7088168324674922,9.95585643731608,-0.015198019670149882,-0.08985940599519045,-0.00043366332106157526,52.04736,-0.755788,2.9108910879104535,Vw3
5662.910000001345,0.17666900031068172,-0.3737899954406447,9.710391996648404,-0.019555000060522416,-0.09871100011969988,0.002570000040348277,52.04736,-0.755788,2.8208999987895513,Vw3
5663.010000001345,0.2636240011781697,-0.5863190029333197,9.934808003082608,-0.017916999977135976,-0.10959100014659874,0.008540000080696554,52.04736,-0.755788,2.711099998520563,Vw3
5663.110000001346,0.21143599927862816,-0.11785399360186244,9.783946997917981,-0.004633999819657042,-0.09940399986003233,0.010481000025571017,52.04736,-0.755788,2.6109999986541568,Vw3
5663.210000001346,0.2836650009892013,-0.5214750055516398,10.017129003191016,0.006390000148043727,-0.113358000191111,-0.0036570001924568444,52.04736,-0.755788,2.4812999982503925,Vw3
5663.310000001346,-0.04679999584722919,0.06179999271399292,9.858400000417143,-0.014900000046645372,-0.12669999950289362,0.027399999718795046,52.04736,-0.755788,2.369999999200365,Vw3
5663.410000001347,0.26171485564008623,-0.47948713600268017,9.889390099427262,-0.018365346581323175,-0.08976930643332728,0.0065089106097374165,52.04736,-0.755788,2.3105940586058886,Vw3
5663.510000001347,-0.07269100459111016,-0.2697729970734871,10.01166800165921,-0.002955999789905194,-0.1218720004417378,0.018081000160264628,52.04736,-0.755788,2.2703999994612953,Vw3
5663.6100000013475,0.23940000041649218,0.1536999908668251,9.68740000309067,0.0002999999582159944,-0.08480000022509449,0.003999999773557647,52.04736,-0.755788,2.2700000001347873,Vw3
5663.710000001348,0.27030000033229695,-0.5238999945364511,9.916700000076068,-0.0028000000400357767,-0.10149999961165297,-0.012799999706404304,52.04736,-0.755788,2.280000000266905,Vw3
5663.810000001348,0.29495346567900477,-0.11855345988013855,9.922343564432543,-0.00577029706975961,-0.0726881184233318,0.008982178511570469,52.04736,-0.755788,2.299801980465064,Vw3
5663.910000001349,0.42825600181249224,-0.3785330035966643,9.744298997573903,-0.02659000028320192,-0.09665500033040224,-0.010798000272413271,52.04736,-0.755788,2.309900000134858,Vw3
5664.010000001349,0.20110799688747608,-0.1688449971072947,9.886347001959487,-0.014721999835473173,-0.07927799975995267,0.008404000264321788,52.04736,-0.755788,2.3298000002697163,Vw3
5664.110000001349,0.23186600045072664,-0.4180610034263321,9.798996998789516,-0.003907999854256057,-0.06989299987449828,-0.0007060001268512101,52.04736,-0.755788,2.339900000134948,Vw3
5664.21000000135,0.23388300002294132,-0.7441320044101334,9.855025000775958,0.001249000068823993,-0.05148499975034434,-0.0025820000242908208,52.04736,-0.755788,2.320199999730102,Vw3
5664.31000000135,0.48849999544579803,-0.528300007031752,9.696000001977763,-0.006399999890421197,-0.040900000298000894,-0.025199999625828477,52.04736,-0.755788,2.2499999987973056,Vw3
5664.41000000135,0.1510742528691706,-1.0492901060453124,9.842534655444139,0.001718811990823947,-0.06297920821894806,0.002522772651593966,52.04736,-0.755788,2.160891087905591,Vw3
5664.510000001351,0.12106899963674253,-0.5365319929347097,9.72975399844164,0.010017000112083162,-0.019540999404473798,-0.013436000221465523,52.04736,-0.755788,2.0312999982444806,Vw3
5664.610000001351,-0.0026530016850710297,-0.6821760020593811,9.730382000024322,-0.025243000482414082,-0.04048400029188079,0.01699100041755168,52.04736,-0.755788,1.87159999783792,Vw3
5664.710000001352,0.07213200103780536,-1.0944510056065813,9.959288003124227,-0.025798000002702617,-0.017434999682442377,0.008191999875679567,52.04736,-0.755788,1.6917999975676437,Vw3
5664.810000001352,0.22149999830459202,-0.6127000005820856,9.632300002218617,-0.015599999854144064,-0.02289999934030297,-0.004499999812662101,52.04736,-0.755788,1.479999997457557,Vw3
5664.910000001352,0.09605445374925545,-0.6557693075130812,9.796458418061352,-0.004807920646147471,0.025911881848158683,0.009361386326049118,52.04736,-0.755788,1.2918811855750476,Vw3
5665.010000001353,-0.10953600279097908,-0.6164019994564082,9.790080999890469,0.011536000221763841,0.003926999693046395,-0.01831900037997341,52.04736,-0.755788,1.1018999974307848,Vw3
5665.110000001353,0.19332000416760634,-0.4052289971192098,10.024630003206891,0.005660999917459745,0.021025000236795814,0.0026850002909205688,52.04736,-0.755788,0.9316999976996978,Vw3
5665.210000001353,0.12369999972665452,-0.4252000060189603,9.715500002910327,-0.03839999974541352,-0.014299999719954876,-0.004999999639559145,52.04736,-0.755788,0.37999999490827047,Vw3
5665.310000001354,0.10350197992453246,-0.8699524812696089,9.930549507862331,-0.019588118557162578,0.006393069587121165,0.02163366372696456,52.04736,-0.755788,0.003762371143251564,Vw3
5665.410000001354,-0.08109999610521264,-0.12740000919662764,9.641000004513675,-0.030499999765716893,-0.02179999996614406,0.016899999572060915,52.04736,-0.755788,0.0,Vw3
5665.5100000013545,0.20649999488339532,-0.8064999943765618,9.974299997165486,-0.013199999782785651,-0.019300000056314832,-0.014699999326903681,52.04736,-0.755788,0.0,Vw3
5665.610000001355,-0.17132178729747624,-0.39125246962116994,9.764993066470948,0.002839604177723047,-0.023458415897928197,0.035002970970475125,52.04736,-0.755788,0.0,Vw3
5665.710000001355,0.14932300444016136,-0.9250660073627821,9.883383001648971,-0.0002670000447132512,6.200032247739157e-05,-0.016970000718121922,52.04736,-0.755788,0.0,Vw3
5665.810000001356,-0.1362000026432077,-0.7370000009512864,9.88799999949685,0.0006999998805860471,-0.0026999997209202,0.015499999483434024,52.04736,-0.755788,0.0,Vw3
5665.910000001356,-0.33124950759507277,-0.8071980207537597,9.850871286625305,-0.008111881307594658,0.017894059685165047,-0.022618812398021833,52.04736,-0.755788,0.0,Vw3
5666.010000001356,-0.371810000528784,-0.630590997571661,9.825452999656969,0.006749000204734335,0.018793000009490995,0.005017000383707393,52.04736,-0.755788,0.0,Vw3
5666.110000001357,-0.09777199623906979,-0.4709939978373294,9.864206000534562,-3.0000094972983983e-05,0.016522999968794593,-0.01420300026728111,52.04736,-0.755788,0.0,Vw3
5666.210000001357,-0.011700000638177124,-0.7969000034165988,9.833100002352522,0.005400000182720187,-0.006699999994625877,-0.012199999961037608,52.04736,-0.755788,0.8900000012091778,Vw3
5666.310000001357,-0.05872970360880449,-1.0486821816361889,10.006466338987403,0.018865346717468232,-0.006303960390662699,-0.009328712832304568,52.04736,-0.755788,0.9791089121008927,Vw3
5666.410000001358,-0.5888999945644643,-0.8215999961858484,9.840300000951856,-0.0182999996733032,-0.016799999963700355,-0.011900000021510902,52.04736,-0.755788,1.2900000036299646,Vw3
5666.510000001358,-0.188602964862287,-0.5407089070774941,9.910399010852707,0.005759406267243198,-0.014126732636972977,-0.013484158437349346,52.04736,-0.755788,1.5573267363027021,Vw3
5666.6100000013585,-0.13678299934380783,-0.5389890000149443,9.740324997656456,-0.005385000156236228,-0.04370100040621419,-0.007361999915768294,52.04736,-0.755788,1.7877000031247245,Vw3
5666.710000001359,-0.1594660003179089,-0.8062010036668208,10.02124500387876,0.01489400027986851,-0.059939000218732184,-0.011557000058419154,52.04736,-0.755788,2.0375000033964623,Vw3
5666.810000001359,-0.3972010032614055,-0.5280369961431399,9.739474996091479,0.003120999835502269,-0.06445600005981736,-0.01249100001223537,52.04736,-0.755788,2.2677000031268166,Vw3
5666.91000000136,-0.4112820001604203,-0.3884809981225381,9.867577001798612,0.018048000206643166,-0.05311499984365813,-0.032795000278696376,52.04736,-0.755788,2.487800002990888,Vw3
5667.01000000136,0.19992500839487848,-0.4904560014193122,9.711093997832966,-0.023578000573706674,-0.07705700033035716,-0.0041909996043871,52.04736,-0.755788,2.7078000029908877,Vw3
5667.11000000136,0.3970710026242018,-0.979867006710828,9.9352200031017,0.010551000474777819,-0.054826999691190356,-0.022908000261195816,52.04736,-0.755788,2.9080000027207897,Vw3
5667.210000001361,0.28861499848314953,-0.8831269986028651,9.845132998730744,-0.012167000316974128,-0.042818999838111924,-0.0036959997333608184,52.04736,-0.755788,3.1179000028568487,Vw3
5667.310000001361,0.04663299668794646,-0.6285609965136995,10.01190600230605,0.0049250002382282675,-0.05824300021372479,0.0006580000571747833,52.04736,-0.755788,3.2883000023142177,Vw3
5667.410000001361,0.566227007178206,-0.46146199773749697,9.638389994840622,-0.023808000397503536,-0.022363999504481896,-0.016229000232784604,52.04736,-0.755788,3.4583000023142327,Vw3
5667.510000001362,-0.03329100831626408,-0.32486299814452974,9.856459003050704,0.019559000600339247,-0.022990000013613135,-0.008083999885649668,52.04736,-0.755788,3.60850000204197,Vw3
5667.610000001362,0.10789999945911805,-0.351600001275228,9.744500003314776,0.0008999999904630386,0.006599999589910658,0.0049000003201694195,52.04736,-0.755788,3.7600000017711497,Vw3
5667.7100000013625,0.06819999616228355,-0.4451999969365715,9.987800000071493,0.00020000009037855965,-0.023499999336324608,0.02839999918119723,52.04736,-0.755788,3.8900000016187204,Vw3
5667.810000001363,-0.21348317215652662,-0.22034851178647732,9.993047524824005,0.006833663456761787,0.025212871951146257,-0.031699010720215,52.04736,-0.755788,4.008811882807674,Vw3
5667.910000001363,-0.24114900034214626,-0.27720300081379007,9.928551999111237,0.02897700030397854,-0.050332001046885746,-0.003688999606054715,52.04736,-0.755788,4.099100001226819,Vw3
5668.010000001364,0.4974370101730576,-0.41709300191792736,9.633473995946044,0.006231999683753271,-0.0055599993729590624,-0.014587000154033969,52.04736,-0.755788,4.179200001090505,Vw3
5668.110000001364,0.2645279966881282,-0.5116590012835549,9.961754004564053,0.0019409999440746523,-0.040542000488323765,0.015594000417394062,52.04736,-0.755788,4.318600001909647,Vw3
5668.210000001364,0.23970001143780537,-0.4078000024392648,10.010399997447504,-0.006500000140516931,-0.045199999081865096,0.004700000321961125,52.04736,-0.755788,4.420000000954969,Vw3
5668.310000001365,1.0780999889059837,-0.5865999981077963,9.823300003570221,-0.016800000170530256,0.022099999050487533,0.02830000028649083,52.04736,-0.755788,4.490000000545697,Vw3
5668.410000001365,0.26490000075421244,-0.44789999686285475,10.084999994916501,-0.029300000206800184,-0.04749999906602008,0.04929999959180617,52.04736,-0.755788,4.530000000675818,Vw3
5668.510000001365,0.3201475255065782,-0.21809801666529016,9.712623757293475,-0.044448515058255325,0.020915842518002783,0.019399009492855505,52.04736,-0.755788,4.579504951170769,Vw3
5668.610000001366,-0.20320800722808807,-0.3029200012019496,10.045995004650726,-0.012523999557464,-8.10002991215586e-05,0.029891000148877852,52.04736,-0.755788,4.619600000546341,Vw3
5668.710000001366,0.4972710097372227,-0.16945699814652668,9.874763997590621,-0.012794000008195167,0.028212000393367957,0.01534799979785258,52.04736,-0.755788,4.649700000409759,Vw3
5668.8100000013665,0.05250000387961336,-0.04170000225673284,10.01969999841537,-0.008599999942625437,-0.0004999991858276189,0.012100000120213372,52.04736,-0.755788,4.690000000819637,Vw3
5668.910000001367,0.3364999946838516,-0.20689999227388253,9.903699996590776,-0.004400000013669705,0.059099999397165995,0.02089999994805512,52.04736,-0.755788,4.75,Vw3
5669.010000001367,-0.05239999671791728,0.35830000073897617,9.654300003137264,-0.00539999982676017,0.015000000556262267,0.017099999730666202,52.04736,-0.755788,4.7500000002706875,Vw3
5669.110000001368,0.18769901318475923,0.4123594066799499,9.883804953633927,0.007273267500061518,0.05569306986347878,-0.00260297056650189,52.04736,-0.755788,4.769801980468846,Vw3
5669.210000001368,0.3940400028174207,0.5197210014757268,10.006088001657629,0.001063999912468484,0.029369999630726416,0.023138000358332148,52.04736,-0.755788,4.750199999726464,Vw3
5669.310000001368,0.328199994732294,0.7227000080103054,10.130999994881392,0.02699999952944927,0.04630000000136788,-0.034599999439169186,52.04736,-0.755788,4.699999997537816,Vw3
5669.410000001369,-0.05690000069123871,1.308299991070017,9.756800004140588,-0.007399999746773938,0.04640000018615537,0.006399999671490514,52.04736,-0.755788,4.519999996578026,Vw3
5669.510000001369,-0.10739999848891056,0.6559000037404545,10.059299994280899,0.011100000067761857,0.05999999993494862,-0.017600000481109192,52.04736,-0.755788,4.269999995798765,Vw3
5669.610000001369,0.0029960411158252293,0.9291673304750472,9.641478212099747,0.01605049511730158,0.055247524687390484,-0.05274851533284122,52.04736,-0.755788,3.963069302727302,Vw3
5669.71000000137,0.02449400028211678,0.4448199932620653,10.047457005673834,0.047780000438239656,0.07024800020816384,-0.004886999333054025,52.04736,-0.755788,3.653099995754553,Vw3
5669.81000000137,0.2737840034479247,0.703933003654855,9.81122799667267,0.0030549993764683037,0.05030299972180893,-0.020834000227486292,52.04736,-0.755788,3.3331999956147222,Vw3
5669.9100000013705,-0.033174004283896774,0.3144609945718122,9.922353001571858,0.007946000074002056,0.02742899968617647,-0.003179999753326484,52.04736,-0.755788,3.003299995477652,Vw3
5670.010000001371,-0.022000000781653963,0.39710000260958433,9.906199998628034,-0.003699999805943547,0.06329999926448533,-0.02839999989143695,52.04736,-0.755788,2.7299999966074044,Vw3
5670.110000001371,-0.07902970375235156,0.587496042214882,9.80610098872634,0.010458416035740058,0.009636632927474749,-0.020479207812173397,52.04736,-0.755788,2.4824752441304185,Vw3
5670.210000001372,0.22789999586371895,0.3784000008704387,9.871399999899513,0.0029000000190111406,0.023999999701253504,-0.016299999691747932,52.04736,-0.755788,2.2499999966051534,Vw3
5670.310000001372,-0.07368416255424087,0.4418653474055379,9.864073267226194,0.004286138632882263,0.002217821483278728,0.006175247833162405,52.04736,-0.755788,2.0024752441281675,Vw3
5670.410000001372,0.2630680047094845,0.16470599614952985,9.959733001326944,-0.01619300028405108,0.0056630000507724145,-0.004787000155061698,52.04736,-0.755788,1.8217999975299908,Vw3
5670.510000001373,-0.1260350054408817,0.32475500225731413,9.833880998242176,-0.007786999880616215,-0.004893000146828336,0.015296000279934394,52.04736,-0.755788,1.6219999972555452,Vw3
5670.610000001373,0.14304200378708654,0.19334399815451622,9.83953000009612,0.004477000168894721,0.0284620004641172,-0.015487000429789007,52.04736,-0.755788,1.4318999973910571,Vw3
5670.710000001373,0.13550399985719375,0.1504199994232825,9.873755000473732,0.009946000074149393,-0.00535500047373224,-0.01065199992859688,52.04736,-0.755788,1.2517999975283536,Vw3
5670.810000001374,0.16906000046717268,0.0786209990093191,9.842320999558934,-0.011879000303662247,0.008061000190991185,0.007319000248700752,52.04736,-0.755788,1.1014999979389442,Vw3
5670.910000001374,-0.057599997794402405,0.20429999334102739,9.748500003178455,-0.007199999625823974,0.008599999967344637,0.005699999605414373,52.04736,-0.755788,0.9599999986393599,Vw3
5671.0100000013745,0.10289505171023013,-0.2802544621035572,9.97978713189087,0.020027723146399307,0.006223762343586969,-0.023012871681657457,52.04736,-0.755788,0.860990097649457,Vw3
5671.110000001375,0.01629099877492239,0.0718940049580582,9.875773998523307,0.006637999810257341,0.01243700008662165,-0.002905999716760959,52.04736,-0.755788,0.7807999989000426,Vw3
5671.210000001375,0.053812000533482895,0.028177999342771085,9.813913999155776,-0.008152000203493475,0.02626100019111887,-0.00893700008662222,52.04736,-0.755788,0.007799989275343977,Vw3
5671.310000001376,-0.11598100236509698,-0.2477180038276322,9.782312999569356,0.0032830001609751875,0.009569999766104429,-0.016425000103189223,52.04736,-0.755788,0.0,Vw3
5671.410000001376,-0.11958100002614144,0.09332700477838052,9.64429099808617,0.021121000246279904,0.02147800016785558,-0.023430000096310577,52.04736,-0.755788,0.0,Vw3
5671.510000001376,-0.0006999970094418446,0.1671999963418457,9.878100000953708,0.005899999976838502,0.018200000156680725,-0.015400000143056314,52.04736,-0.755788,0.0,Vw3
5671.610000001377,0.21662673566535193,-0.09864158781843732,9.947406931647265,0.004216831659994996,0.029586138770622085,-0.025796039747089727,52.04736,-0.755788,0.0,Vw3
5671.710000001377,0.26305300061541836,-0.06872899954704106,9.987502000547956,0.017565000185864613,0.027620999971087728,-0.032236000088113594,52.04736,-0.755788,0.0,Vw3
5671.810000001377,0.03629499683823523,0.41868000677816236,9.687533995820132,-0.006753000340285795,0.025520999971068818,-0.013489999738241693,52.04736,-0.755788,0.0,Vw3
5671.910000001378,-0.12004400214367691,0.47379300069848596,9.825773001965954,0.013790000289313722,0.027480000027553686,-0.03003100023282866,52.04736,-0.755788,0.0,Vw3
5672.010000001378,0.18797300430801905,0.5017230003816185,9.838585000158433,-0.003325000241094769,0.032153000064751164,-0.011092999734106913,52.04736,-0.755788,0.0,Vw3
5672.1100000013785,0.17129999972428306,0.11778099464971248,9.899981000853344,-0.00845000006892924,0.03635800005790056,-0.016840000082715086,52.04736,-0.755788,0.0,Vw3
5672.210000001379,0.16247425730564455,-0.1867267368589563,9.87129207879986,0.004928713058257912,0.040320792133797925,-0.011606930619372794,52.04736,-0.755788,0.0,Vw3
5672.310000001379,-0.11754444838366096,-0.4113697000463825,9.873669697011499,0.014703030436799241,0.006050504566986081,-0.019518181931049358,52.04736,-0.755788,0.0,Vw3
5672.41000000138,0.1190810033370187,-0.07858399533176058,9.821328999270243,0.003018999835839099,0.03312300038212243,-0.008115999839977609,52.04736,-0.755788,0.0,Vw3
5672.51000000138,-0.005022001763005324,-0.13509500083459952,9.987813002327222,0.0035930000096565237,0.01953999980686953,-0.0011689999048142665,52.04736,-0.755788,0.0,Vw3
5672.61000000138,0.09409999862485482,-0.08289999892011463,9.861299998840831,0.0034000000013669433,0.02999999961588887,-0.01909999951473505,52.04736,-0.755788,0.0,Vw3
5672.710000001381,-0.00550396177098747,-0.0046821771380913535,9.777339602801394,0.0034990099023568463,0.0021782174377261675,0.016048515336680468,52.04736,-0.755788,0.0,Vw3
5672.810000001381,0.042299997361648634,-0.17749999873673913,9.88689999936906,-0.0016999999157826095,0.02349999980395296,-0.02649999953887527,52.04736,-0.755788,0.0,Vw3
5672.910000001381,-0.14879999768971144,-0.0859999980672364,9.841199999172455,0.004399999818076747,0.009299999980850184,0.0068999997770414255,52.04736,-0.755788,0.0,Vw3
5673.010000001382,0.018427725082234475,0.053900992031496314,9.781299009073562,-0.008768317013580336,0.007913861366991544,-0.009238614084312743,52.04736,-0.755788,0.0,Vw3
5673.110000001382,0.07207500072566694,-0.12280100248661875,9.864553001170743,0.0007030001340756088,0.0008709999018621847,0.002579000167248954,52.04736,-0.755788,0.0,Vw3
5673.2100000013825,0.01300199916789642,-0.14558800029303318,9.821146999382142,-0.0017740000359380281,0.014165000186601301,-0.015615000255712896,52.04736,-0.755788,0.0,Vw3
5673.310000001383,0.1129840014052624,-0.15490800012724817,9.863567000598897,-0.004176000033195174,0.016379000029045777,-0.010156999921161461,52.04736,-0.755788,0.0,Vw3
5673.410000001383,-0.07558500264871569,0.08299600332507182,9.833804999578142,-0.008556000060858219,-0.0016180002517317237,0.006433000230984606,52.04736,-0.755788,0.0,Vw3
5673.510000001384,0.19249999649781777,-0.2539999962403245,9.882099998848128,0.0001999999369963304,0.01759999984249083,-0.0255999996589584,52.04736,-0.755788,0.0,Vw3
5673.610000001384,-0.06066832033564368,0.01778218197940623,9.798832672114871,-0.0043544555085802145,0.006213861228549467,-0.0009465343122505819,52.04736,-0.755788,0.0,Vw3
5673.710000001384,-0.043993999731494135,-0.019001000552236292,9.902346001458788,-0.008360000055362034,0.03085000034601271,-0.0052540000636663396,52.04736,-0.755788,0.0,Vw3
5673.810000001385,-0.2234850025136865,-0.1380020016591716,9.861027999407241,-0.007211999983380585,0.010804999716084996,-0.007874000036008733,52.04736,-0.755788,0.0,Vw3
5673.910000001385,0.19941000594147984,-0.2517630015746999,9.953066001293553,0.007947000211898932,0.03079600028253191,-0.020671000178659884,52.04736,-0.755788,0.0,Vw3
5674.010000001385,-0.12755400463407734,-0.2159729994834098,9.773720997477987,-0.021996000421027943,0.00417099962467575,-0.0033759997562469793,52.04736,-0.755788,0.0,Vw3
5674.110000001386,-0.008337998284304399,-0.24747800044624715,9.835359000888337,-0.012399999861413926,0.049440000637495936,0.005116000116412301,52.04736,-0.755788,0.0,Vw3
5674.210000001386,0.23069800332885934,0.0028680035090224154,9.865304000410218,-0.010319999972282603,0.02346699962997275,-0.02964800048782618,52.04736,-0.755788,0.0,Vw3
5674.3100000013865,-0.3097170076036613,-0.08082900120787687,9.892924000382749,0.0026690001816669015,0.024784000022188325,-0.045444000216336156,52.04736,-0.755788,0.0,Vw3
5674.410000001387,0.035953004918906295,-0.1468420009125008,9.767964998245724,0.0015129999819718687,0.025196000005547118,-0.0002579993648550716,52.04736,-0.755788,0.0,Vw3
5674.510000001387,-0.2888830045999471,0.10089100347942936,9.836297000974906,0.007836000088753878,0.03589200014977216,-0.03484600049091989,52.04736,-0.755788,0.0,Vw3
5674.610000001388,0.26744700784455355,-0.27091900524681706,9.915606001101818,-0.005267000184561405,0.032336999948655853,-0.00975699964336631,52.04736,-0.755788,0.0,Vw3
5674.710000001388,0.025005996522451834,-0.14085199812384472,9.896797999725237,-0.005895000006938444,0.023191999872332628,-0.015044000077710576,52.04736,-0.755788,0.0,Vw3
5674.810000001388,0.18664200230228095,-0.0687149990071587,9.787996998476716,-0.005008999987502697,0.03201000012497303,-0.022624000105532782,52.04736,-0.755788,0.0,Vw3
5674.910000001389,-0.18349999881745876,-0.1772999990842181,9.846300001408048,0.00019999975661651634,0.023199999984874473,-0.013000000004125142,52.04736,-0.755788,0.0,Vw3
5675.010000001389,-0.09835148396614232,-0.11135940502494278,9.94768614002171,-0.017324752718596292,0.022110891073985544,-0.013297029707094852,52.04736,-0.755788,0.0,Vw3
5675.110000001389,-0.007909899732856995,-0.004740592572449048,9.906257425146967,0.00033960421074400934,0.010043564187244433,-0.014476237640268837,52.04736,-0.755788,0.0,Vw3
5675.21000000139,0.09496868830170245,-0.11297373893868581,9.786909089229052,-0.0038535354180982487,0.0290040406763274,-0.012025252490163996,52.04736,-0.755788,0.0,Vw3
5675.31000000139,-0.14833200343152747,-0.18577600100665553,9.872325001216607,-0.00013799994716448723,0.01425099979004836,-0.014475000034760207,52.04736,-0.755788,0.0,Vw3
5675.4100000013905,0.049099996453237205,-0.018200001045028325,9.787300001073943,-0.01319999977281993,0.02489999977419678,-0.008299999957317684,52.04736,-0.755788,0.0,Vw3
5675.510000001391,-0.20594950849675256,-0.09334851589636459,9.864527723846066,0.0031366338905140442,0.00866237601185271,-0.005230693026630695,52.04736,-0.755788,0.0,Vw3
5675.610000001391,0.07869900403621269,-0.26111300234715296,9.837480999609038,-0.008877000171132077,0.030775000313046485,-0.014110000125218593,52.04736,-0.755788,0.0,Vw3
5675.710000001392,-0.09234300244456123,-0.11895299797840214,9.957089001684896,-0.006128999959651523,0.011892999731473928,0.0008480002114816757,52.04736,-0.755788,0.0,Vw3
5675.810000001392,0.06073600217744336,-0.19184900104556263,9.802968997815595,-0.002436999948487593,0.017145000076572495,-0.01602800023946308,52.04736,-0.755788,0.0,Vw3
5675.910000001392,-0.13094800271764526,-0.13191299914655913,9.898024001358822,0.009678000169852829,0.009477999891405568,-0.001745999796733502,52.04736,-0.755788,0.0,Vw3
5676.010000001393,0.09519600320771243,-0.21188600113328035,9.88345699978142,-0.020098000420455366,0.024448000211619917,-0.012490000153145994,52.04736,-0.755788,0.0,Vw3
5676.110000001393,-0.10188600280577734,-0.05618099779745089,9.826275999197552,-0.007331999816105954,0.012719999832823597,0.004131000235440101,52.04736,-0.755788,0.0,Vw3
5676.210000001393,0.08479400265533586,-0.2650740029618279,9.85876600046531,-0.00086399991083867,0.012699000001393144,-0.02777600045137924,52.04736,-0.755788,0.0,Vw3
5676.310000001394,-0.09219300251904147,-0.24571699969749197,9.854050999928903,0.007219000112917741,0.02240200013661653,-0.009289999735131223,52.04736,-0.755788,0.0,Vw3
5676.410000001394,0.033215001791361054,-0.09274299784897269,9.868553000204926,-0.013490000292751613,0.02873700008782548,-0.010387000018122719,52.04736,-0.755788,0.0,Vw3
5676.5100000013945,-0.14518500253021033,-0.16911300109712152,9.84622699968355,0.004318000253718063,-0.0021870004363393064,-0.004162999912174518,52.04736,-0.755788,0.0,Vw3
5676.610000001395,0.09951000347343969,-0.30067900184273644,9.885897000562167,0.0021239999665210634,0.009974000175764417,-0.015980000167394683,52.04736,-0.755788,0.0,Vw3
5676.710000001395,-0.009969001577705167,-0.07093399674415218,9.81690099902213,-0.00047400003626908455,0.009406999990235247,-6.199977401570578e-05,52.04736,-0.755788,0.0,Vw3
5676.810000001396,0.132846002029588,-0.28273700301925636,9.853523000526241,-0.00911300012144027,0.012370000041875955,-0.004850000069793259,52.04736,-0.755788,0.0,Vw3
5676.910000001396,-0.18111400444725542,-0.12570799775543415,9.82608099960776,0.010798000281966605,2.4999825515716056e-05,-0.008959000057230845,52.04736,-0.755788,0.0,Vw3
5677.010000001396,-0.021200001922712323,-0.11940000230421384,9.937799999357253,0.001400000063583585,0.01799999979957348,-0.008599999847952297,52.04736,-0.755788,0.0,Vw3
5677.110000001397,-0.1589227742009074,-0.28444950725586815,9.891760395396533,0.00595445550916013,0.003643564155908288,0.0022910892610350907,52.04736,-0.755788,0.0,Vw3
5677.210000001397,0.05710400306733718,-0.15868699820233928,9.911793000289135,0.0010499999301608115,0.014390000153646216,-0.006708000128504109,52.04736,-0.755788,0.0,Vw3
5677.310000001397,-0.14820400292954602,-0.015532997997118575,9.776666998089365,0.009910000125791577,0.011430999956671791,-0.00630499999301158,52.04736,-0.755788,0.0,Vw3
5677.410000001398,-0.057932998695952184,-0.18002400234253393,9.934690002250285,0.003366999906354551,0.013083000023760786,-0.00689400000838616,52.04736,-0.755788,0.0,Vw3
5677.510000001398,-0.17580000167723192,-0.1628899997344383,9.830567998507263,-0.006600000139769327,-0.002245000216642456,0.013296000285129426,52.04736,-0.755788,0.0,Vw3
5677.6100000013985,0.09663600386571286,-0.15715599992167875,9.913749001190203,0.01082300024755108,0.01898400030209623,-0.023526000523074034,52.04736,-0.755788,0.0,Vw3
5677.710000001399,0.03188199904615291,-0.13621099970489484,9.709966997109088,0.010900999998601398,-0.006144000358042304,0.0007510003482520886,52.04736,-0.755788,0.0,Vw3
5677.810000001399,-0.15289999916902802,-0.24379999869675892,9.969999996914325,0.009599999797796814,0.01719999964822186,-0.006499999988920373,52.04736,-0.755788,0.0,Vw3
5677.9100000014,-0.09349405857455134,-0.15063168186442136,9.749405937506834,-0.004855445746859172,-0.007948515203439931,-0.005707920780994018,52.04736,-0.755788,0.0,Vw3
5678.0100000014,0.03213700176758398,-0.18039000043384879,9.9907400034428,0.021136000369471233,0.011897000284100985,-0.004412999981806341,52.04736,-0.755788,0.0,Vw3
5678.1100000014,0.02627199989917029,-0.21812200052935599,9.779557996977909,0.0004119997031125158,-0.01175900033749945,-0.003805999991597524,52.04736,-0.755788,0.0,Vw3
5678.210000001401,-0.16209800266360216,-0.2832460009158758,9.922633002054418,0.007229000099429945,0.020076000453736646,0.010654000204461576,52.04736,-0.755788,0.0,Vw3
5678.310000001401,-0.12920000016502378,-0.07520000117180739,9.794500001235598,-0.0035999998488437813,-0.014699999629736601,-0.0030999999015404447,52.04736,-0.755788,0.0,Vw3
5678.410000001401,-0.1409821783829283,-0.15886336750902869,9.882717823018396,0.007192079359152811,0.011735643934805513,0.003929703068805961,52.04736,-0.755788,0.0,Vw3
5678.510000001402,0.19728200478975016,-0.39650800335198433,9.875382999883689,-0.013886000299884883,-0.0054240002466343015,0.017068000184975722,52.04736,-0.755788,0.0,Vw3
5678.610000001402,-0.1550070050382183,-0.27277399821355686,9.840352999505011,0.0008490002117369794,-0.0012439999383018069,-0.001808000269228477,52.04736,-0.755788,0.0,Vw3
5678.7100000014025,0.0936999959884638,-0.06930000225779089,9.764900001217764,-0.004099999994445779,-0.020199999891692688,-0.001999999863921583,52.04736,-0.755788,0.0,Vw3
5678.810000001403,-0.1923396079739414,-0.23029010126882263,9.85173168438669,-0.003703960390482601,-0.012477227614410722,0.007702970433176271,52.04736,-0.755788,0.0,Vw3
5678.910000001403,0.12684700456444772,-0.3198120012459974,9.930117001098665,-0.01696600018802213,0.0052220002497607425,0.008295000007015751,52.04736,-0.755788,0.0,Vw3
5679.010000001404,-0.09532300319497311,-0.07864499656929766,9.902189999593086,-0.0066059998512660745,-0.002817000116461469,0.0022609999144078364,52.04736,-0.755788,0.0,Vw3
5679.110000001404,-0.12849999691343691,-0.11089999949025368,9.89519999856906,-0.009800000019659636,0.007499999658764863,-0.014299999575913535,52.04736,-0.755788,0.0,Vw3
5679.210000001404,0.0912999998192537,-0.07460000293226135,9.79330000100662,-0.011199999991657862,-0.016799999499471748,0.015899999720538394,52.04736,-0.755788,0.0,Vw3
5679.310000001405,0.0784287126904504,-0.2834118841218468,9.864983169323953,-0.010605940585713096,0.018843564857214248,-0.0040009903786112876,52.04736,-0.755788,0.0,Vw3
