time_since_start_s,accel_x,accel_y,accel_z,gyro_x,gyro_y,gyro_z,latitude,longitude,vehicle_speed,trip_id
12673.309,2.7205,1.2363,9.5708,0.0247,-0.0652,-0.0257,52.20858,-2.187417,34.97,Vw5
12673.409,0.7531732673306302,-1.4769673267272982,9.91862178217753,0.053412871287071825,0.15440396039560456,-0.1430267326730349,52.20858,-2.187417,35.03930693069293,Vw5
12673.509,3.7993319999938038,3.13187199999063,9.430466000000994,0.014298000000079629,-0.37156499999893255,0.14181099999942198,52.20858,-2.187417,34.96080000000016,Vw5
12673.609,2.27,2.8104,10.1833,0.0779,-0.1005,-0.0757,52.20858,-2.187417,34.92,Vw5
12673.709,2.8648514851580495,2.56198415841186,9.891319801975518,-0.035664356437463865,-0.4010940594107587,0.07400297029942925,52.20858,-2.187417,34.880396039603326,Vw5
12673.809000000001,2.1358239999879816,1.5582139999836264,9.558432999994604,-0.011653999999588799,-0.24025499999732072,-0.10963000000302735,52.20858,-2.187417,34.86019999999968,Vw5
12673.909000000001,4.242149000034565,3.003400000023798,9.686671000002152,0.06532500000125466,-0.4753090000038708,0.058582000002781284,52.20858,-2.187417,34.86990000000016,Vw5
12674.009000000002,3.1051009999810573,1.7668389999795386,10.814026000018414,0.03758799999953376,-0.3106869999972689,-0.19076400000410557,52.20858,-2.187417,34.850199999999674,Vw5
12674.109000000002,4.782340000027618,2.186434000007068,9.229420999973902,-0.01695200000088716,-0.6169890000050364,0.015293000003411023,52.20858,-2.187417,34.85990000000016,Vw5
12674.209000000003,2.5755629999231835,1.3189069999698826,10.248345000035753,0.10238900000414126,-0.43249499999351965,-0.06625500000288966,52.20858,-2.187417,34.79069999999761,Vw5
12674.309000000003,2.7973330000084813,1.5141390000070856,9.031001999957363,-0.06430400000583067,-0.6149380000064013,0.020317000003035657,52.20858,-2.187417,34.700899999996906,Vw5
12674.409000000003,4.15154600004694,1.2685019999913985,10.711302000058781,0.01280400000273657,-0.6346200000006188,0.08505500000221744,52.20858,-2.187417,34.591099999996224,Vw5
12674.509000000004,3.7273229999847945,0.4765739999725863,9.278940999949667,-0.1449980000055075,-0.5651039999975798,0.14955500000221744,52.20858,-2.187417,34.391999999993125,Vw5
12674.609000000004,3.871799999986976,0.2921000000080909,9.554399999990421,-0.0053000000021755115,-0.5404000000004439,-0.01329999999765714,52.20858,-2.187417,34.189999999993084,Vw5
12674.709000000004,3.513800000064925,0.5145000000152362,9.291099999984253,-0.06510000000018731,-0.5526000000056946,0.051100000004106236,52.20858,-2.187417,33.999999999991715,Vw5
12674.809000000005,5.2984534654400655,0.9333118812100681,8.8582287128486,-0.07024851485175497,-0.7091346534735503,0.16397128713462827,52.20858,-2.187417,33.77227722771084,Vw5
12674.909000000005,4.187798999940076,0.3542909999690318,9.097242000012923,0.022661000004936205,-0.45399299998636894,-0.09368600001374147,52.20858,-2.187417,33.60169999999106,Vw5
12675.009000000005,6.8988999997656855,0.052999999957597736,8.858600000005824,-0.04239999999901126,-0.6594999999590186,-0.029800000018099845,52.20858,-2.187417,33.269999999985416,Vw5
12675.109000000006,2.6050386136355783,-0.72402970301116,8.96533267327294,-0.024281188117859037,0.09149009904939442,-0.36148316833427446,52.20858,-2.187417,33.00267326731267,Vw5
12675.209000000006,-0.5384810002210396,-0.16957899995991943,9.618018000046453,-0.09132100000479217,-0.45767700003968537,0.07644300003145599,52.20858,-2.187417,32.68319999997742,Vw5
12675.309000000007,0.4898960000757401,0.9258920000778912,10.348884000051767,0.049768000010132624,0.007346000033638667,-0.20788300002064022,52.20858,-2.187417,32.35329999997665,Vw5
12675.409000000007,0.4910959999993207,-0.18615600008026856,8.282644999851795,-0.12294100001244646,-0.1613480000123969,-0.1985239999991226,52.20858,-2.187417,32.01339999997594,Vw5
12675.509000000007,6.438425000425083,-0.562909000026117,9.518802000089849,0.07795300001448427,-0.04915099999185567,-0.29205400000669374,52.20858,-2.187417,31.524899999965328,Vw5
12675.609000000008,2.3534000002369946,0.018599999909929405,9.361800000027282,0.022299999997982902,-0.10000000000489867,-0.05590000000096532,52.20858,-2.187417,30.919999999969747,Vw5
12675.709000000008,5.610627723061481,-1.219320792189121,9.736750495082797,-0.005422772279689181,-0.16732673267924517,-0.06916732673385126,52.20858,-2.187417,30.504158415804664,Vw5
12675.809000000008,0.7192369995575971,0.35358700014243327,9.5112159999794,-0.06183300000504338,-0.14968499999835444,-0.12929400000539026,52.20858,-2.187417,29.91589999994752,Vw5
12675.909000000009,4.101533000308357,-0.7591980001014191,10.738579000110482,0.05065800001015794,-0.26146900001006007,-0.0010019999884189057,52.20858,-2.187417,29.405099999954636,Vw5
12676.00900000001,1.1323000001674925,0.5627999999156534,9.056200000104338,-0.08239999998838575,-0.21360000001678928,-0.07149999998671228,52.20858,-2.187417,28.90999999994634,Vw5
12676.10900000001,2.973899999923112,-0.36459999999777976,10.203399999905823,0.04529999999245654,-0.39819999999264377,0.07459999999791352,52.20858,-2.187417,28.31999999994739,Vw5
12676.20900000001,2.1285078430486077,-0.34018823529155784,9.167909803812988,-0.03764117647928541,-0.31731764705034227,0.05165882352700617,52.20858,-2.187417,27.741568627390325,Vw5
12676.30900000001,2.7300888889564927,-0.7664454545920997,10.273705050628182,0.04711818182762771,-0.4067707070806615,0.038826262624910124,52.20858,-2.187417,27.31424242419698,Vw5
12676.40900000001,3.3821770000698868,-0.8436640000078854,10.002455999969401,-0.0011040000053140694,-0.4163130000009321,0.1008720000067283,52.20858,-2.187417,26.785299999943216,Vw5
12676.509000000011,1.9410229998433313,-0.07200199991641054,9.870305999986007,0.012062000001478512,-0.40095599999832865,0.0764529999972894,52.20858,-2.187417,26.34439999995286,Vw5
12676.609000000011,2.693056000082968,-0.7566060000749326,9.844546999997354,-0.04710100000641759,-0.4176300000018214,0.14668800000762827,52.20858,-2.187417,25.904399999952858,Vw5
12676.709000000012,2.0950189999234228,0.239765000126836,10.5175000000851,-0.0015659999941681699,-0.3623599999929918,0.08918799999264139,52.20858,-2.187417,25.5534999999562,Vw5
12676.809000000012,1.9702979999849857,-0.5016090000951368,9.399857999857652,-0.030206000003684657,-0.25398899998635177,-0.0038660000117056725,52.20858,-2.187417,25.21339999995739,Vw5
12676.909000000012,0.9645469998728295,2.4221900003710974,9.615606000028752,-0.04535000000187992,-0.32467500000908633,0.06083700000830927,52.20858,-2.187417,24.952599999967415,Vw5
12677.009000000013,1.8644080001152017,-0.5173090003758722,9.155569999941472,-0.06549800000253163,-0.27065299999306935,0.12693900000828418,52.20858,-2.187417,24.73219999997243,Vw5
12677.109000000013,0.39730000010278016,1.3070999998126223,10.445499999882118,-0.06970000000393448,-0.1207000000032851,0.06049999999835745,52.20858,-2.187417,24.569999999974534,Vw5
12677.209000000013,1.2045000000678248,-0.16450000006061377,9.519700000154547,-0.1005999999766647,-0.14649999997215143,0.04759999999189379,52.20858,-2.187417,24.36999999997857,Vw5
12677.309000000014,1.7371732674030955,-0.6405396040286401,10.733462376411627,0.08266732675894611,0.07221287131848292,-0.01606336634576032,52.20858,-2.187417,24.2016831682927,Vw5
12677.409000000014,0.622900000055643,2.0516999998233167,10.675600000103492,-0.018899999954168672,0.0906000000053165,-0.13500000000056192,52.20858,-2.187417,24.009999999989915,Vw5
12677.509000000015,1.0052762376786482,0.837541583984138,11.386788118913964,0.2960504950947124,0.12713465347059066,-0.13886138613916812,52.20858,-2.187417,23.940693069296984,Vw5
12677.609000000015,-0.6655840002427758,3.1523950003373398,11.478842000012314,0.281181999997388,0.256101000018643,-0.2549280000168203,52.20858,-2.187417,23.821199999982777,Vw5
12677.709000000015,-0.2864009999353733,-1.9653680008388377,8.344963999488543,0.20189899998709404,0.08296199997153908,-0.33163700001232443,52.20858,-2.187417,23.869500000008077,Vw5
12677.809000000016,2.77699999931769,-1.483699999590225,10.57329999949229,0.19519999996576698,-0.19479999994955816,0.25679999998471503,52.20858,-2.187417,23.789999999978928,Vw5
12677.909000000016,-1.3908217828522718,1.0193693073355095,7.472012870785564,-0.013908910924907841,0.11331881193101959,0.16343366335123669,52.20858,-2.187417,23.661287128692056,Vw5
12678.009000000016,-0.9479000007674874,0.04400000070059367,11.218799999034344,0.44419999983797664,-0.4838999997531073,-0.08200000005559614,52.20858,-2.187417,23.549999999969202,Vw5
12678.109000000017,-5.636018812639389,4.323504951187165,5.32018613765989,-0.5455029704570924,1.024218812125093,-0.42160396045096304,52.20858,-2.187417,23.361881188088386,Vw5
12678.209000000017,-3.276011999563074,1.2737379994386027,7.237240000358714,-0.3995739999717126,0.4757919998977055,-0.017515999926028814,52.20858,-2.187417,23.439200000014377,Vw5
12678.309000000017,1.1385540007977757,-0.47475400031205095,11.286104000732113,-0.19891099996382247,0.04202399992221212,-0.19476800003295733,52.20858,-2.187417,23.558800000021588,Vw5
12678.409000000018,-1.3342000002535779,-1.6426999989932345,11.319000000045403,-0.3118999999741379,-0.21919999996774447,0.263799999957731,52.20858,-2.187417,23.780000000041422,Vw5
12678.509000000018,-2.7282594061914103,3.892052476243325,11.568603960440948,-0.16972178215263742,-0.04187326729482843,0.031423762334429006,52.20858,-2.187417,24.0077227723182,Vw5
12678.609000000019,1.5711310007837977,-1.1608020009282383,9.912948999698688,-0.12780899999264217,-0.32957600005260224,0.3423360000569197,52.20858,-2.187417,24.247600000043175,Vw5
12678.709000000019,-1.7479340006722084,0.7455230003913988,10.56207400013311,0.010309000027528742,0.08359700008317994,-0.005752000070217034,52.20858,-2.187417,24.517300000053435,Vw5
12678.80900000002,1.1540999994166319,-2.041099999292795,9.581600000095111,-0.047999999972621506,-0.20319999988755402,0.08699999994219215,52.20858,-2.187417,24.870000000077262,Vw5
12678.90900000002,-1.7614445550330375,1.4933554462447574,10.056946534747635,0.08883168319542424,0.35878019813113465,-0.2019108911463444,52.20858,-2.187417,25.256138613937885,Vw5
12679.00900000002,-1.7101129999838955,1.2636769999469717,9.583529999904323,-0.13878700004581776,-0.046648000082246066,0.06408400005380069,52.20858,-2.187417,25.784700000104987,Vw5
12679.10900000002,-2.186579000095498,3.7092700004898713,10.559988000196345,0.06373100004098439,0.4357850000973602,-0.2584150000650719,52.20858,-2.187417,26.186000000079236,Vw5
12679.20900000002,-0.8266999995133285,-0.4652000002797876,8.764700000143648,-0.14129999994728354,0.03970000008839568,0.02949999994617412,52.20858000000009,-2.1874170000000714,26.770000000071317,Vw5
12679.309000000021,1.60557722824843,-1.863516831985369,9.482620792234364,0.12216534659159292,0.48148217831329865,-0.23950990104823675,52.20905524752486,-2.1877744257426515,27.126435643641386,Vw5
12679.409000000021,-1.2528999993768681,0.9665999991963669,9.127200000133582,-0.071099999966545,0.1534000000639492,-0.14360000004754586,52.20906,-2.187778,27.740000000112378,Vw5
12679.509000000022,1.6018524758650012,-2.715083169113171,9.739180198152173,0.08216732676582464,0.44637029709307174,-0.36142178222533217,52.20906,-2.187778,28.254851485259877,Vw5
12679.609000000022,0.8950999997759725,-2.2040999996978243,9.98949999996499,-0.02710000000626741,0.11270000006368984,-0.022500000040932663,52.20906,-2.187778,28.830000000112378,Vw5
12679.709000000023,-0.13123663390384466,-0.8197435640320705,9.829103960358458,-0.055812871293856356,0.4044821782861885,-0.21002475251918598,52.20906,-2.187778,29.34485148526915,Vw5
12679.809000000023,-2.5989770005820194,2.0573780006781277,9.345765999885908,-0.025805999992825283,0.1983119999504804,-0.1339869999815474,52.20906,-2.187778,29.96380000014537,Vw5
12679.909000000023,-1.7327999997889791,0.7741539996892364,9.674233000078946,-0.0485670000054631,0.21679200000487692,-0.1605240000064713,52.20906,-2.187778,30.484800000121922,Vw5
12680.009000000024,-0.036146999600302765,0.8989060000326848,9.382183999930035,-0.06909500000480659,0.0830529999682765,-0.0034889999627431,52.20906,-2.187778,31.14340000015475,Vw5
12680.109000000024,1.4129350003391576,-0.6113310003580087,10.037154000155827,0.08276400003601425,0.15505900001737405,-0.11446300002665898,52.20906,-2.187778,31.625200000112542,Vw5
12680.209000000024,0.30260000028306683,0.8621999994002506,8.796800000367082,-0.024199999965271567,0.18259999998850115,-0.06330000000667675,52.20906,-2.187778,32.21000000010896,Vw5
12680.309000000025,1.4996588238291295,-1.6740745104389507,10.349152941565148,0.12266274513481049,0.13397254900743258,-0.09153529412471657,52.20906,-2.187778,32.67078431384086,Vw5
12680.409000000025,-1.4376828290462274,2.513155556648072,11.118961616352063,0.10689090908608602,0.3021737374173492,-0.2594919192350717,52.20906,-2.187778,33.244242424387885,Vw5
12680.509000000025,0.01878300037941605,0.25702599941317716,10.081059999733192,0.13382600000692282,0.2475689999856238,-0.2297179999919655,52.20906,-2.187778,33.784600000136436,Vw5
12680.609000000026,-0.9677999993681443,2.1397999991553913,9.896100000056554,0.07099999997491235,0.22160000000030255,-0.17390000000171454,52.20906,-2.187778,34.39000000006303,Vw5
12680.709000000026,1.5133881194835075,-1.1768336642641066,10.118179207980907,-0.027514851511815222,0.22278811881220278,-0.18063267326914917,52.20906,-2.187778,34.63752475254225,Vw5
12680.809000000027,-0.12769999987835284,0.008099999866061146,9.487100000047493,-0.06739999997028384,0.1570999999658264,-0.0798999999843585,52.20906,-2.187778,35.090000000045926,Vw5
12680.909000000027,0.3181415842791797,-0.48279108924187725,9.66115940598774,0.041510891118609325,0.03185247521359927,-0.022573267311204737,52.20906,-2.187778,35.258316831728756,Vw5
12681.009000000027,-0.9919999997974438,0.5270999999634761,9.62829999980009,0.03699999998268358,0.10970000001185945,-0.06800000000383609,52.20906,-2.187778,35.390000000021615,Vw5
12681.109000000028,-0.24962376217515214,0.3932386138251275,8.89562673247481,-0.026465346551844147,0.1531653465464268,-0.08205940594440228,52.20906,-2.187778,35.46920792081353,Vw5
12681.209000000028,-1.668691000416212,2.4734740006073475,10.8470150005715,0.12466700004428154,0.24121500002556373,-0.15585600002149086,52.20906,-2.187778,35.62840000004622,Vw5
12681.309000000028,1.0723999993388191,-0.3340999997559353,10.642999999955734,-0.11479999995777034,0.09460000002290472,-0.09509999997776468,52.20906,-2.187778,35.86999999993597,Vw5
12681.409000000029,-1.199399999617328,0.5044999996051388,10.490899999934415,0.030299999976803382,0.17329999995876477,-0.01869999997810009,52.20906,-2.187778,35.65,Vw5
12681.50900000003,0.1154514855285822,-0.8522326736595001,10.265553465281396,-0.04940297032006843,0.031616831642213794,0.056547524774226095,52.20906,-2.187778,35.65,Vw5
12681.60900000003,-0.5743990002052455,-0.1082519997788286,10.400118000039946,0.06681800003416422,0.12959600002901933,-0.05862900003384628,52.20906,-2.187778,35.82820000005203,Vw5
12681.70900000003,-0.6211000000122818,-0.2427640000440917,9.59474899974979,0.02582599998691986,0.0008109999597463446,0.05018900003411276,52.20906,-2.187778,35.96860000004298,Vw5
12681.80900000003,-1.6735730003264906,0.8753910003474434,9.716092000040184,0.07341500001490052,0.16116700005017023,-0.04205700002897153,52.20906,-2.187778,36.10860000004301,Vw5
12681.90900000003,-1.4179889999173865,-0.4803910004242502,8.019351999473043,0.10270900000894032,-0.0836110000764689,0.06213800003262754,52.20906,-2.187778,36.10009999999693,Vw5
12682.009000000031,-0.5456839997301315,-0.5211280000083566,10.58154600080045,0.15655900001662099,-0.0077909999756982234,-0.024019000027066723,52.20906,-2.187778,36.060399999987716,Vw5
12682.109000000031,-1.1446610001886068,-0.22538999990813902,8.77332799943077,-0.013180000052843088,0.06725000002304206,-0.062025000011521024,52.20906,-2.187778,35.93129999996006,Vw5
12682.209000000032,-0.18465899968260302,-0.07290999995088948,11.114960000775362,0.18260500006488442,-0.0034780000234819752,0.05867700003977627,52.20906,-2.187778,35.88049999998374,Vw5
12682.309000000032,-0.8546340002234316,-0.12971100001916708,8.9918859992943,0.0580779999584117,-0.13686000004360588,0.0689090000029613,52.20906,-2.187778,35.80079999997396,Vw5
12682.409000000032,-0.31749999988281025,0.08319999921004712,10.09109999963942,0.15949999997124556,-0.04319999998764888,0.029999999997698347,52.20906,-2.187778,35.759999999954616,Vw5
12682.509000000033,0.04042079219568856,-2.3294732681119057,8.989812870928729,0.07167821779320172,-0.0054772277104958925,0.022970297027415244,52.20906,-2.187778,35.62138613856875,Vw5
12682.609000000033,-2.034010000683051,0.5425460009519756,9.999787000335603,0.14881200002564288,0.3012060001006841,-0.20272100007416255,52.20906,-2.187778,35.5110999999642,Vw5
12682.709000000033,1.3141999957858699,-5.159899995178785,12.76649999969106,0.6893000000848045,0.06750000048555131,0.20159999956761362,52.20906,-2.187778,35.46999999998055,Vw5
12682.809000000034,-11.556592083628354,9.565050500106743,11.822935643240292,0.9483099010790551,1.5504702975390243,-1.1189940598594945,52.20906,-2.187778,35.41059405938554,Vw5
12682.909000000034,1.9220520047228096,-2.3486720041860956,8.983287999017698,-0.2697700004236677,-0.1624480005996629,0.20331000046352599,52.20906,-2.187778,35.3010999999622,Vw5
12683.009000000035,-6.964449003132014,8.5693860038317,1.6213739974547643,0.19171400016445034,1.0358200004219495,-1.2353320005040032,52.20906,-2.187778,35.25049999998282,Vw5
12683.109000000035,5.276830004280313,-10.573610006682811,5.60837900140951,-0.4280910002167817,-0.35522500048706296,0.28618300053317514,52.20906,-2.187778,35.27970000001031,Vw5
12683.209000000035,-2.7883264735446263,-8.581752940387226,5.808964705939953,-0.21776470580415025,0.5939088238771544,-0.34228529435011784,52.20906,-2.187778,35.26058823528711,Vw5
12683.309000000036,7.384764289600838,-5.510083672348534,12.078218369683219,0.41633061247893205,-1.0000663271359633,0.6963908167211773,52.20906,-2.187778,35.36887755106101,Vw5
12683.409000000036,0.6158999976094157,3.8696000004604025,12.036499999180771,0.2782999997718519,0.07749999963771494,-0.02069999977999233,52.20906,-2.187778,35.40000000004322,Vw5
12683.509000000036,-5.955288121189447,5.1351445549133405,9.78461881106642,-0.34882871309819286,-0.9183415845187282,0.5840524754663343,52.20906,-2.187778,35.51881188123111,Vw5
12683.609000000037,-2.0843000006228145,1.6870000002527854,10.035199999706837,-0.161099999968771,-0.4124000000199909,0.23880000006501537,52.20906,-2.187778,35.590000000043226,Vw5
12683.709000000037,-3.7962801986700576,2.3818514854124375,9.229358415535504,-0.07525841580897924,-0.46735049507037657,0.41751287135500864,52.20906,-2.187778,35.708811881233245,Vw5
12683.809000000037,3.2227280027006437,-2.621293001922999,9.829457000233425,0.03459900004183655,-0.40572799997613684,0.31237999995896143,52.20906,-2.187778,35.769400000022806,Vw5
12683.909000000038,-1.2330999982511013,2.578499998057838,10.115800000015545,0.007999999966566614,-0.19480000011463416,0.09840000007930974,52.20906,-2.187778,35.86000000004538,Vw5
12684.009000000038,3.345315843323987,-2.5058564375756545,10.156493069322394,-0.07952475250850752,-0.4948990100150298,0.306023762455136,52.20906,-2.187778,35.97881188123326,Vw5
12684.109000000039,-1.1733940017519675,1.346672001498212,10.105419999980242,-0.06683699999479417,0.09946600022928409,-0.07740600014796684,52.20906,-2.187778,36.079000000038,Vw5
12684.209000000039,2.86395300164161,-2.391344001518589,10.626333000209625,-0.02927799998495579,-0.34871200018260007,0.31212600015816316,52.20906,-2.187778,36.10970000001194,Vw5
12684.30900000004,-2.1099420020170836,0.5305010011905087,9.200752999424514,-0.03563200000270761,0.29435800026048725,-0.07019800015536859,52.20906,-2.187778,36.159500000019904,Vw5
12684.40900000004,-2.052392999956479,1.6792980004500195,9.363411000071233,-0.007385999988612148,-0.056193000143622385,-0.031826999982997844,52.20906,-2.187778,36.21940000002389,Vw5
12684.50900000004,-3.800630000703578,2.1888670002004025,9.102750999894443,-0.07105400002572222,0.4021340001857893,-0.2874140001029685,52.20906,-2.187778,36.25960000001592,Vw5
12684.60900000004,-3.562483999897111,-0.447915001062535,9.147422000019032,-0.06447299999709331,0.2212739999253817,-0.05517199990555249,52.20906,-2.187778,36.33920000003186,Vw5
12684.70900000004,-2.01670000102291,-2.270999999965212,10.103799999604536,-0.056900000028686004,0.38689999999639446,-0.12080000003847254,52.20906,-2.187778,36.32000000003962,Vw5
12684.809000000041,-4.572838614925267,-2.1840693068945116,9.11558217780652,-0.12858316834666667,0.37789009900615106,-0.21693861390139965,52.20906,-2.187778,36.41900990103131,Vw5
12684.909000000041,-1.9815329988994175,-2.5105930001376926,10.683562000663606,-0.005252999947829268,0.544318000070033,-0.20799999999583635,52.20906,-2.187778,36.221999999916726,Vw5
12685.009000000042,-6.63265200196725,1.707559001775429,8.667425999145365,-0.08092300003235169,0.8037960001084219,-0.34749000005870767,52.20906,-2.187778,36.22,Vw5
12685.109000000042,-2.234502998130389,-2.4699720017748885,10.882221000940113,0.05828600005887424,0.2947679997848218,-0.14307899991343737,52.20906,-2.187778,36.061599999933385,Vw5
12685.209000000043,-8.75201300287934,0.5117510013269713,9.383664999332582,-0.007422000029450593,0.8619190002511121,-0.3020730000706728,52.20906,-2.187778,36.01049999997828,Vw5
12685.309000000043,-5.395600000073869,-3.1780999989791474,8.967600000947114,0.18249999998871866,0.1522000002391557,0.010099999884333886,52.20906,-2.187778,35.919999999987034,Vw5
12685.409000000043,-5.564807920865612,-0.8396841573996214,11.137104951437864,0.15665841583035403,0.7000217824162882,-0.2548504951646462,52.20906,-2.187778,35.89029702969006,Vw5
12685.509000000044,-2.820932998794844,-3.484152001171043,9.70003499935968,0.11739399998287836,0.3118759998272203,-0.006831999889970297,52.20906,-2.187778,35.89,Vw5
12685.609000000044,-7.935062002257,-1.6669279991905082,10.232176000240049,0.15788700001794717,0.778942000206762,-0.2987260001292371,52.20906,-2.187778,35.860299999986964,Vw5
12685.709000000044,-8.33785600016039,-1.5563289999579566,8.88110299937985,-0.036631000089109966,0.1331709997026197,0.21102100023438325,52.20906,-2.187778,35.14719999967416,Vw5
12685.809000000045,-5.58405199873901,-0.04000699930698093,8.925018000026348,0.08812000005795154,0.369546000111104,-0.015856000106123758,52.20906,-2.187778,35.99140000038936,Vw5
12685.909000000045,-6.1788999995954095,0.05540000012215144,8.409600000668163,-0.030899999916839768,0.4686999999744261,-0.12139999996947339,52.20906,-2.187778,35.67999999936515,Vw5
12686.009000000045,-5.289197029300143,0.3240138615077579,9.87890693135832,0.1519712872115108,0.41246237621216125,-0.05427128709831926,52.20906,-2.187778,34.283960395407526,Vw5
12686.109000000046,-9.374097031567032,-2.7776851499283977,9.610812871158364,-0.06880297039838942,0.8295623764278015,-0.19435643570765618,52.20906,-2.187778,34.45623762384718,Vw5
12686.209000000046,-1.9377000029902114,-1.7744000000445292,9.581400000327013,-0.023300000041647655,0.3836000002214304,0.23749999984655654,52.20906,-2.187778,34.98000000046825,Vw5
12686.309000000047,-8.513244557551056,-1.8723207921253067,10.30050891122963,-0.11488415845895722,0.8705306932985422,-0.09992574273310939,52.20906,-2.187778,36.009702970781795,Vw5
12686.409000000047,-4.674538998142674,-2.922601000499145,7.75844999878734,-0.1250070000043797,0.6357209998859863,0.1077680001004036,52.20906,-2.187778,35.96059999997174,Vw5
12686.509000000047,-7.435810001332279,-3.764206000395304,10.692701001408052,-0.03293099995615584,0.9404970001461315,-0.21620600015512648,52.20906,-2.187778,35.46499999976453,Vw5
12686.609000000048,-2.550499999698444,-4.7285999994007275,9.701299999715816,-0.032599999945026895,0.5880000001245089,-0.0039000000272992486,52.20906,-2.187778,35.32000000014984,Vw5
12686.709000000048,-1.912876237311986,-3.4614712865091297,9.100408910597274,0.0836376238192125,0.851267326861402,-0.06162277230545219,52.20906,-2.187778,35.63683168332324,Vw5
12686.809000000048,-2.4134790002504816,-5.181597000856117,9.872045000384208,0.08658200000088043,0.8314269999888969,-0.2540620000947927,52.20906,-2.187778,36.12510000023968,Vw5
12686.909000000049,-1.5761099995837535,-3.807753999312582,9.441428999783366,0.04868299998126647,0.5091529998408872,0.03862400014556394,52.20906,-2.187778,36.4666000001663,Vw5
12687.00900000005,-2.5825480005014523,-4.6605440004282785,10.147622000351095,0.019391999985717515,0.6787540000854014,-0.07066600005546692,52.20906,-2.187778,36.67790000010272,Vw5
12687.10900000005,-1.8544579996352097,-4.88680300010746,9.871461999860013,-0.009808000014282482,0.6556509999877229,-0.081898000004989,52.20906,-2.187778,36.77900000004892,Vw5
12687.20900000005,-1.1556829996458682,-3.3590539992162745,9.340335999729394,0.05296300003230446,0.6177799999807289,-0.008442999962319925,52.20906,-2.187778,37.007700000116635,Vw5
12687.30900000005,-1.2580900990657402,-2.5658128708901,9.588283168446123,0.061049504954297715,0.5552554455128321,0.002788118817234949,52.20906,-2.187778,37.147227722842324,Vw5
12687.40900000005,-1.6379464648419528,-3.0398030305565245,9.566276767662728,0.017743434320939097,0.41491919184719683,-0.004226262630003293,52.20906,-2.187778,37.219292929328795,Vw5
12687.509000000051,0.602599999702932,-0.7444000014087406,9.534000000159907,-0.039799999962935845,0.3297000000104385,0.05929999996001105,52.20906,-2.187778,37.199999999894104,Vw5
12687.609000000051,0.019332672971414167,-3.510340595462668,9.847960396198888,0.032972277264642774,0.35019504951534836,-0.019214851524981917,52.20906,-2.187778,36.99207920781531,Vw5
12687.709000000052,1.1392290005973462,0.08173700192074262,9.862287000005935,-0.036194000037087885,0.10388999986919428,0.20948200012177015,52.20906,-2.187778,36.44549999971107,Vw5
12687.809000000052,1.130997999989595,-1.473521000844961,9.647668999886019,-0.0008639999808715826,0.45552300018797354,0.040430999909034926,52.20906,-2.187778,35.72719999962163,Vw5
12687.909000000052,-0.8018999990196727,-0.8937999990450036,9.821799999769098,-0.0019999999649025096,0.2967000000323294,0.018799999922701954,52.20906,-2.187778,34.78999999944638,Vw5
12688.009000000053,1.0565158425608039,0.91659604055537,9.384077227492737,0.0645346535003122,0.3579871287450792,-0.1277346535423543,52.20906,-2.187778,33.740495048953406,Vw5
12688.109000000053,0.4621999998134401,-1.1003000003723364,9.493700000477578,-0.04999999996364903,0.2940999998781511,-0.004499999954404599,52.20906,-2.187778,32.66999999946727,Vw5
12688.209000000053,0.10853663347113768,-1.8061415845420659,10.399046535145553,0.01891089112656444,0.06310990086454762,0.08193564361133729,52.20906,-2.187778,31.66009900935207,Vw5
12688.309000000054,-0.4334999996009865,0.8149000001707485,10.258099999982756,-0.0005999999347346602,0.1034999999269312,0.07630000000354703,52.209724,-2.1875400000000003,30.74999999940519,Vw5
12688.409000000054,0.2976999996742028,1.127799999021798,10.226500000852907,0.11900000002912184,-0.030399999972336954,0.08279999993775815,52.209724,-2.1875400000000003,29.659999999384066,Vw5
12688.509000000055,-0.29932970329491143,-0.6647742584003933,11.789470297879515,0.17236633666267948,0.02029306933449331,-0.031259406002609944,52.209724,-2.1875400000000003,28.531287128099173,Vw5
12688.609000000055,0.18405700026874883,-1.155722000259778,10.330494999190165,-0.03391100011357809,-0.05444000004132089,0.09610200007057172,52.209724,-2.1875400000000003,27.21319999928232,Vw5
12688.709000000055,-0.8334720005801279,-0.2978139995105312,10.199175999933944,0.10626300008071685,-0.03361799998775485,0.16373000003763416,52.209724,-2.1875400000000003,26.29909999948885,Vw5
12688.809000000056,-0.8314999998105675,2.1455999988985783,9.09350000083567,0.02710000003846712,-0.09729999994165726,0.12439999986511383,52.209724,-2.1875400000000003,25.25999999975993,Vw5
12688.909000000056,-0.49555940575182716,0.19233267216977512,10.575480198852535,0.0953178218205102,0.006165346592791235,-0.11480792092649149,52.209724,-2.1875400000000003,24.834257425503345,Vw5
12689.009000000056,0.21070000039893882,-2.1602340013241403,9.856907999583756,-0.018246000064841617,-0.145557000086699,0.10396600012552529,52.209724,-2.1875400000000003,24.681499999915715,Vw5
12689.109000000057,-1.2689820008438402,-2.36120800010069,10.39726700031089,0.04999900003938819,-0.10136199997404088,0.010961999945946585,52.209724,-2.1875400000000003,24.59089999994943,Vw5
12689.209000000057,-1.2347969999711792,-1.5707029995359107,8.74098599902659,-0.03394500004958092,-0.17227900004181035,0.2066140001151669,52.209724,-2.1875400000000003,24.441499999913017,Vw5
12689.309000000057,-2.511994000748646,0.8869560014353395,10.001597000748472,0.07261500006293821,-0.10983799996299118,0.0827709999262724,52.209724,-2.1875400000000003,24.251899999889787,Vw5
12689.409000000058,-1.4379789993631347,0.06663599950484744,9.852238999904925,-0.052030000073669605,-0.029504999953303898,-0.06660400008677934,52.209724,-2.1875400000000003,24.071799999895585,Vw5
12689.509000000058,-0.9771439997364136,0.16274300006131398,10.458559000356225,0.02431600004547793,-0.059489000018040354,-0.0007799999605548474,52.209724,-2.1875400000000003,23.753199999814377,Vw5
12689.609000000059,0.5616030008989435,-2.830455001754439,9.607854999497944,-0.12052900008532914,0.000392000035268604,-0.014653000008527114,52.209724,-2.1875400000000003,23.344099999762168,Vw5
12689.709000000059,-0.007594000353228214,3.1642420036398176,9.150333999728828,-0.1493240000165071,-0.33599600020358766,0.2327000001495209,52.209724,-2.1875400000000003,23.191499999910288,Vw5
12689.80900000006,0.6912810004259053,2.7834609997331135,10.382805000747533,0.06265600012826814,0.42646400046281824,-0.2496030002929707,52.209724,-2.1875400000000003,22.932599999844452,Vw5
12689.90900000006,-0.4696020007058336,4.324588000934012,9.833474999660485,-0.051822000070475674,0.10908399980352956,-0.03224499986568935,52.209724,-2.1875400000000003,22.85079999995214,Vw5
12690.00900000006,-1.3317110005138502,-0.24290600276961083,13.918579002472093,-0.05498000000119653,0.12055100000891417,-0.15493800007550113,52.209724,-2.1875400000000003,22.503499999790606,Vw5
12690.10900000006,0.7933480012893819,0.9454290007460971,7.282151995964579,-0.31685500015824125,-0.06443000011187566,0.1991110002147175,52.209724,-2.1875400000000003,22.173299999802573,Vw5
12690.20900000006,-1.4993240014406013,-1.405824001471415,10.03006200175256,0.06115500023695719,-0.11530500003050555,0.11607499994607605,52.209724,-2.1875400000000003,21.95219999986442,Vw5
12690.309000000061,-0.6768439994733004,0.0511420009220942,6.357582997695504,-0.2361580001875258,0.06398400011194831,0.13826700001436343,52.209724,-2.1875400000000003,21.80149999990753,Vw5
12690.409000000061,0.11696800048897249,-1.0035950006660803,9.87093400221098,-0.084462999903648,-0.521864000365928,0.07652599996140988,52.209724,-2.1875400000000003,21.6316999998952,Vw5
12690.509000000062,-1.7414480011621418,4.731362003577784,9.074407999481686,-0.43365700021841014,-0.22555299981179616,0.2921160001346339,52.209724,-2.1875400000000003,21.37259999983972,Vw5
12690.609000000062,-1.0040389995290897,-3.412651005107274,12.731178002282242,-0.23038899987122247,-0.37921700009758497,0.15005699991018245,52.209724,-2.1875400000000003,21.122499999845886,Vw5
12690.709000000063,0.05735600067532309,9.16749100811536,11.519215999199561,-0.3073020000506302,-1.0365760004202684,0.4876750002173037,52.209724,-2.1875400000000003,20.97149999990483,Vw5
12690.809000000063,-0.2374150001957881,-4.180876008639048,9.385128998640019,0.367476000433082,-0.06141699937062206,-0.08745600037088685,52.209724,-2.1875400000000003,20.80169999989211,Vw5
12690.909000000063,1.2362830009467005,7.719321007715957,6.444090998128368,0.1081879998294073,-0.7204430004288298,0.5334690004017941,52.209724,-2.1875400000000003,20.601999999873073,Vw5
12691.009000000064,-2.2013260022132624,-7.188884009634932,10.042950002325973,0.3833930001781449,0.28656000064987686,-0.586523000722036,52.209724,-2.1875400000000003,20.46139999991115,Vw5
12691.109000000064,-5.302032001965369,-2.688392997017611,11.756165001074772,0.20978199988690618,-0.5801420005621687,0.5412930007302864,52.209724,-2.1875400000000003,20.32139999991115,Vw5
12691.209000000064,0.7484710040091844,-4.352516001128046,9.936748998789394,-0.0652400001801324,0.6154340007940182,0.004438999638495256,52.209724,-2.1875400000000003,20.131899999875994,Vw5
12691.309000000065,-0.9494290011601535,-1.0897319978370263,8.988589999386988,-0.15393200005666607,-0.06985500045992243,-0.23810600015628874,52.209724,-2.1875400000000003,20.080499999967355,Vw5
12691.409000000065,-2.5707030010573972,6.3144450048606835,11.400938001596966,0.10764900017306667,0.6417410004738932,-0.5707640002177858,52.209724,-2.1875400000000003,20.0106999999543,Vw5
12691.509000000065,-0.8980589988863279,0.2129829959274172,8.879812998321366,0.07911499997943569,0.5842539999573045,-0.16938799973312096,52.209724,-2.1875400000000003,20.01,Vw5
12691.609000000066,-1.5225200004230373,6.147129003954289,9.529379000445298,0.0014809999490135728,0.47083899992564204,-0.2104440000297693,52.209724,-2.1875400000000003,20.0793000000457,Vw5
12691.709000000066,-0.5158339993134591,-5.01355400760374,9.059910999677257,-0.08612300005883294,0.7792730002097727,-0.49790100019447747,52.209724,-2.1875400000000003,20.13940000004025,Vw5
12691.809000000067,-1.4623999986692928,4.417899993515192,10.760799998824224,-0.010900000023623216,0.13820000037023164,-0.05090000022472341,52.209724,-2.1875400000000003,20.290000000121143,Vw5
12691.909000000067,0.5147999991683417,-5.217399997273369,9.013799999610654,-0.04599999979560198,0.6882999992760932,-0.3847999995897233,52.209724,-2.1875400000000003,20.470000000080763,Vw5
12692.009000000067,-0.7208999991707119,-1.166100002264233,8.43530000039442,0.25769999997094656,-0.38729999951515465,0.22479999965169234,52.209724,-2.1875400000000003,20.59000000011328,Vw5
12692.109000000068,0.5112782186486292,-4.530357428000142,9.021339604353656,0.21453168313934895,0.3330960400873786,-0.29272475282252997,52.209724,-2.1875400000000003,20.75831683179612,Vw5
12692.209000000068,0.8691999989001021,3.489399999553337,7.496100002120765,0.18050000010195344,-0.46089999957672656,0.16119999982714558,52.209724,-2.1875400000000003,21.140000000206573,Vw5
12692.309000000068,-0.765057426868667,2.8257366332060663,10.647189111082163,0.33198514861923306,0.16801089152246296,-0.09563168334528793,52.209724,-2.1875400000000003,21.446930693280798,Vw5
12692.409000000069,0.3927999993501201,3.186399997173611,9.320900000454012,-0.12819999989310107,-0.3199999997869549,0.3557999996878578,52.209724,-2.1875400000000003,21.780000000095814,Vw5
12692.50900000007,-0.5473980204499975,-0.9026099038083872,9.977731683621027,0.02645346545312713,-0.011782178005387278,-0.09578415872708917,52.209724,-2.1875400000000003,21.918613861481678,Vw5
12692.60900000007,1.1410999999705542,-1.6900999996841142,9.20200000082939,0.03519999998258136,-0.14069999996073893,0.1577999998540843,52.209724,-2.1875400000000003,22.069999999979263,Vw5
12692.70900000007,1.098499998431761,-1.233100001613476,10.40190000008404,0.010000000011976514,-0.08389999997440448,-0.053299999956268614,52.209724,-2.1875400000000003,22.039999999938406,Vw5
12692.80900000007,-1.1703118827927241,-3.567357427393465,10.52348415850183,0.02732673268552157,-0.04687029700351391,0.009967326777418753,52.209724,-2.1875400000000003,21.95089108904589,Vw5
12692.90900000007,-0.08538799920855533,0.031116002587970204,9.128700999002488,-0.10733800009634858,-0.22470000012733288,0.17197000011530703,52.209724,-2.1875400000000003,22.029200000056594,Vw5
12693.009000000071,0.6253340004998523,-4.833295003502008,10.183107000763501,0.015446000088708597,0.2095950003116119,-0.060634000167372026,52.209724,-2.1875400000000003,21.921099999922188,Vw5
12693.109000000071,0.6335880000008489,-0.35156999676220746,10.726520000380583,-0.019138000025608053,0.0023379998487567943,0.08203500010363485,52.209724,-2.1875400000000003,21.850699999950482,Vw5
12693.209000000072,0.266903999731307,0.6413330006940026,10.499546999829745,-0.07355400003960755,0.3553130002602056,-0.0704450001128017,52.209724,-2.1875400000000003,22.06780000015959,Vw5
12693.309000000072,-0.10956930720316621,-2.185204952568081,9.91976534611258,-0.002349504898049526,0.3295920791864983,0.029352475321607632,52.209724,-2.1875400000000003,21.854356435485943,Vw5
12693.409000000072,0.6917464652453201,-0.1825202004950297,10.993029293732555,-0.048415151550330895,0.21763636355391197,0.015264646452700134,52.209724,-2.1875400000000003,21.74111111103049,Vw5
12693.509000000073,1.5673390006356938,-1.0524010006529627,9.012714998540465,-0.14522700007060038,0.26322800003424807,-0.07152500006348957,52.209724,-2.1875400000000003,21.442999999782323,Vw5
12693.609000000073,-0.05076700119237021,0.28975200099029186,10.340881000988187,0.044969000140112375,0.15074099991720963,-0.02616699996611472,52.209724,-2.1875400000000003,21.261799999869396,Vw5
12693.709000000074,0.5091780004329256,-1.6287830014512896,10.028987999755504,-0.01586600004714442,0.25275800007748345,-0.04847000001710287,52.209724,-2.1875400000000003,21.56690000023052,Vw5
12693.809000000074,0.31600999985049927,-1.3536759997786496,9.660191999725393,-0.037686000015917,0.11242799989378752,0.08613800010130349,52.209724,-2.1875400000000003,22.50060000069916,Vw5
12693.909000000074,0.5922890002090779,-0.28140099919663797,9.172983999636736,-0.01344699998162852,0.10337699999427286,0.0022609999359601285,52.209724,-2.1875400000000003,22.97530000034958,Vw5
12694.009000000075,0.5835169999912977,0.37824600048747653,8.868921999775228,-0.0830940000525112,0.02350599994005094,0.1632650001216088,52.209724,-2.1875400000000003,23.395800000312388,Vw5
12694.109000000075,1.051868000351959,-0.6979630008134774,8.834120999976125,-0.08736400000267763,0.05744900002610684,-0.022408000140724055,52.209724,-2.1875400000000003,23.706900000230576,Vw5
12694.209000000075,1.5014070003422735,-1.9738230009733426,10.426512001225573,-0.04166199996480518,-0.05882200008973918,0.024408000037480202,52.209724,-2.1875400000000003,23.799100000068563,Vw5
12694.309000000076,0.41145499915763684,0.491073001906994,10.348648999927688,-0.010707999976531182,-0.029012999976150197,0.12944400008046453,52.209724,-2.1875400000000003,24.097000000228594,Vw5
12694.409000000076,1.9499480011926429,-1.573988001608681,10.279092999947194,0.011677000016992036,0.06257800007025406,0.04961699993774668,52.209724,-2.1875400000000003,24.87220000059434,Vw5
12694.509000000076,0.9325349992048797,-0.12386099886762958,9.17682699915215,-0.013048000019201762,-0.10618600013060245,0.14146400007132082,52.209724,-2.1875400000000003,25.365100000373367,Vw5
12694.609000000077,1.4097740003753487,0.345707000349975,10.070758000696598,-0.15091000010591446,0.25810300028170197,-0.005803000114067619,52.209724,-2.1875400000000003,25.62740000019811,Vw5
12694.709000000077,1.6649720001971797,-0.34002700054388196,9.26879299936096,-0.1466569999955541,0.2218039999684887,-0.011359000003197929,52.209724,-2.1875400000000003,26.085400000358792,Vw5
12694.809000000078,0.9572739994403099,-0.8360600003854013,10.812029001222596,0.01536400012763492,0.07616699988554987,-0.0945600000655338,52.209724,-2.1875400000000003,26.51570000033547,Vw5
12694.909000000078,1.1508720001582173,1.4815400018302662,9.549114998992417,-0.07625800007349151,0.027773999963020206,0.16041600020159452,52.209724,-2.1875400000000003,26.86650000027306,Vw5
12695.009000000078,1.4387257427989346,-1.4596089132214614,10.650293070182679,0.04659900999830403,0.2560782180016165,-0.06587623780367372,52.209724,-2.1875400000000003,27.24247524781754,Vw5
12695.109000000079,1.440873999997121,-1.6873740001332995,10.422409999801179,-0.033612000065677015,0.015209999805070012,0.017700000070034735,52.209724,-2.1875400000000003,27.455800000163414,Vw5
12695.209000000079,2.116499998815135,-2.0163999987539563,10.138399999551302,0.10239999994424168,0.3532999998546411,-0.20959999982877547,52.209724,-2.1875400000000003,27.630000000069696,Vw5
12695.30900000008,0.6016485136423395,-0.4233306917977282,9.56473663320547,0.03111287123022774,0.1674584156932465,0.009310891263842297,52.209724,-2.1875400000000003,27.719108910962213,Vw5
12695.40900000008,-1.1615430014096544,1.9198920018767716,9.690472000106022,0.00822399998211686,0.41032800019735327,-0.18145100015559928,52.209724,-2.1875400000000003,27.80910000007185,Vw5
12695.50900000008,-0.3023569992928975,0.5562119988813459,10.110669000337785,-0.06367600005780086,0.29112899990188223,-0.10736799993868637,52.209724,-2.1875400000000003,27.750599999952097,Vw5
12695.60900000008,-0.2878569999954494,1.6359520008820216,10.73572900050065,-0.032323999974133315,0.36712000006227163,-0.23698300010514328,52.209724,-2.1875400000000003,27.72029999997605,Vw5
12695.70900000008,1.3937441190264774,-1.1428588258180126,9.719970587396894,0.016141176510079826,0.2780235293380365,-0.12318823519968819,52.209724,-2.1875400000000003,27.700588235278193,Vw5
12695.809000000081,0.24655203980777807,0.6592500015880993,10.029489796204976,0.07936326535811206,0.032008163060513684,-0.015672448892026,52.209724,-2.1875400000000003,27.66040816323198,Vw5
12695.909000000082,0.7958270004632256,0.17439399958405233,9.51295299957107,0.01822399994904763,0.11355100006932461,-0.0315290000139629,52.209724,-2.1875400000000003,27.541199999902013,Vw5
12696.009000000082,1.5070999999837111,1.0107999986718283,9.453800000317923,0.041000000032578,-0.04269999992420272,0.040699999919209584,52.209724,-2.1875400000000003,27.479999999885404,Vw5
12696.109000000082,1.4871999993917087,-0.6117999987196989,9.842199999584388,0.08080000006227363,0.04989999997167192,-0.057999999938288006,52.209724,-2.1875400000000003,27.339999999911726,Vw5
12696.209000000083,0.7440627444794108,0.9523176483608816,9.334454901538109,0.15687843143588093,0.015292156833935623,0.017392156925505692,52.209724,-2.1875400000000003,27.232156862655323,Vw5
12696.309000000083,-0.5603414152397798,0.15475757505161003,10.590083839461968,0.10019393934436244,-0.042121212169524365,0.011574747468508197,52.209724,-2.1875400000000003,27.061717171573836,Vw5
12696.409000000083,0.9638147071725328,-0.8682558832044,10.171767646696914,0.09950294117638914,0.12909411779123575,-0.11525882363579316,52.209724,-2.1875400000000003,26.97264705875022,Vw5
12696.509000000084,0.12690816250505388,0.06605102123859796,10.291035714399591,0.029323469327367596,0.0180979590836806,-0.04941836728697713,52.209724,-2.1875400000000003,26.74234693857961,Vw5
12696.609000000084,-1.9206999991452876,2.23449999974608,9.572800000572377,-0.035799999896029444,0.009000000265849803,0.03519999979479278,52.209724,-2.1875400000000003,26.679999999859163,Vw5
12696.709000000084,-0.8992148506140629,1.931034653206562,10.256859406523935,0.0884574258485365,0.3267227725481702,-0.21004752496161347,52.209724,-2.1875400000000003,26.5116831681733,Vw5
12696.809000000085,0.7821200014397363,0.1795609984936506,9.808398999607741,0.020795999940636495,0.2596099999394424,-0.18052299997245055,52.209724,-2.1875400000000003,26.42089999992324,Vw5
12696.909000000085,1.1090680002671358,0.8877680006253641,10.148815000297244,0.07573800004793435,0.10465799986711444,-0.01873099986088808,52.209724,-2.1875400000000003,26.261599999863535,Vw5
12697.009000000086,-1.2739999984849206,0.8209000001402584,10.399999998755703,-0.022400000017691022,-0.024299999932706394,0.06809999985804858,52.209724,-2.1875400000000003,26.1299999998561,Vw5
12697.109000000086,0.4981782193333508,0.9849594060805276,8.94455445420413,-0.04309306932458072,0.05441287135426638,-0.09793960410201852,52.209724,-2.1875400000000003,25.961683168173266,Vw5
12697.209000000086,-0.32718400074168574,1.3816100003475018,10.727840001581614,0.12044600014405216,-0.05914500010059266,-0.055940999961591895,52.209724,-2.1875400000000003,25.801599999860652,Vw5
12697.309000000087,-1.183400000307492,-0.45269999928802235,10.93919999845839,0.07039999988606283,-0.09019999999844396,-0.025799999942426283,52.20972399999995,-2.187540000000781,25.710000000008645,Vw5
12697.409000000087,-1.5355782181285764,0.3627455452648176,9.173556434105453,-0.060095049618629146,-0.08841782178062571,0.04014059411684902,52.20966756435639,-2.1884340594067195,25.719900990107632,Vw5
12697.509000000087,-1.7217550001607205,2.267443001668793,10.48943000117339,0.05502400010244301,-0.1117640000205582,-0.01236300004677883,52.209667,-2.188443,25.591299999886754,Vw5
12697.609000000088,-0.3823479988198146,1.2959069991282763,10.252528999779695,0.005313999955224739,-0.06527199995888341,-0.08536800006376555,52.209667,-2.188443,25.520699999939023,Vw5
12697.709000000088,-2.4245350018462624,2.4862750010780608,10.185451999942028,0.09984000008535572,-0.16231500008757851,0.11942400018458173,52.209667,-2.188443,25.381399999875523,Vw5
12697.809000000088,0.04659999990301545,-2.591799996670756,9.499799999681779,-0.02729999993346101,0.15499999941968115,-0.290699999669423,52.209667,-2.188443,25.4299999999647,Vw5
12697.909000000089,-0.062211881284887804,1.14344752807432,9.142770296712188,0.047353465412925747,-0.49608910948992013,0.0801910894387532,52.209667,-2.188443,25.39039603956874,Vw5
12698.00900000009,-2.9170740025635076,2.5990740012740168,10.316211001057292,0.01800399997296516,-0.019974999566464313,-0.03391000010582716,52.209667,-2.188443,25.41970000002668,Vw5
12698.10900000009,-3.0329210000781694,3.3804520006890324,10.451157000110541,-0.01516800002952489,-0.5837560005108162,0.19032300020249449,52.209667,-2.188443,25.2813999998755,Vw5
12698.20900000009,-0.686707997848945,2.8788449995331877,9.29875299894271,-0.10420400008129514,-0.24983099968870132,0.10924199992360432,52.209667,-2.188443,25.180999999909268,Vw5
12698.30900000009,-1.381146000658296,-1.6824780041764682,10.179189000817743,-0.045402999945278126,-0.5493400002776931,0.17225500005853334,52.209667,-2.188443,25.12059999994555,Vw5
12698.40900000009,-1.4965080000990985,-0.05134099846261453,10.226513000035121,0.030737000069241786,-0.4217199998802108,0.25606000007622953,52.209667,-2.188443,25.0011999998911,Vw5
12698.509000000091,1.2032999968687268,-1.0198999961975017,9.13910000106852,0.017000000032507682,-0.48160000002215203,0.2826999998488078,52.209667,-2.188443,24.90999999992796,Vw5
12698.609000000091,-2.2395712902531657,3.160991092903126,10.313951486214709,0.052742574289862613,-0.5059564356656682,0.11646237608676085,52.209667,-2.188443,24.830792079136035,Vw5
12698.709000000092,1.115499996405605,-2.9150999916092357,9.039800001482837,0.11349999995254419,-0.333600000224312,-0.15389999931229595,52.209667,-2.188443,24.829999999963977,Vw5
12698.809000000092,-2.836579211578534,6.310642582796066,10.67019604111293,0.06132178212992566,-0.5802336635946018,0.6022386145612101,52.209667,-2.188443,24.790396039567305,Vw5
12698.909000000092,1.0251930036478418,-1.756185007629024,9.408409998804942,0.05367199999333508,-0.319854999754231,0.3390349997468255,52.209667,-2.188443,24.780099999990743,Vw5
12699.009000000093,-1.8773830027508547,0.37315900206806996,10.48598500101964,0.10329800004646933,-0.5802430002459542,0.036923999720073264,52.209667,-2.188443,24.730499999953715,Vw5
12699.109000000093,-0.9995669991514258,0.05226699967906551,9.170597998759769,0.010442999912708015,-0.3032249997384943,0.254076000205872,52.209667,-2.188443,24.6606999999352,Vw5
12699.209000000094,-0.7389399997603023,3.099485002907986,9.914847000722206,0.0226670000125511,-0.45493900014731026,0.08285199983466521,52.209667,-2.188443,24.60059999994338,Vw5
12699.309000000094,-0.33931099962141226,-1.196594004125294,9.210293999320976,0.09497100006880839,-0.16573699972278433,-0.21233600027976413,52.209667,-2.188443,24.619800000018877,Vw5
12699.409000000094,-0.7196180003664118,4.802264005761028,10.066380000823058,0.045506999952145605,-0.4315850002562617,0.3264280005164875,52.209667,-2.188443,24.61009999999056,Vw5
12699.509000000095,-1.0370330002989248,0.5027459958426146,10.579802000481186,0.05579100001028822,0.04842400046023276,-0.061625000375189753,52.209667,-2.188443,24.699100000084947,Vw5
12699.609000000095,1.472222002395362,4.982604004313124,8.044262997577736,-0.24515900028703197,-0.4804090005088423,0.23981500029118502,52.209667,-2.188443,24.680199999981124,Vw5
12699.709000000095,2.1570390006407094,-2.925063007727468,10.780106002683073,0.111170000349163,-0.03792399956484477,0.02084299978424997,52.209667,-2.188443,24.749300000067333,Vw5
12699.809000000096,1.762155999609787,1.3394130042222088,10.570201999768912,-0.03983800015027432,-0.4297960003852102,0.2257080002012637,52.209667,-2.188443,24.878700000125068,Vw5
12699.909000000096,0.713253998984638,-3.038832004297345,10.615518000046372,0.04205700008110195,0.11961000053779353,-0.18720800040329705,52.209667,-2.188443,24.88990000000962,Vw5
12700.009000000096,0.9720790002617775,2.5484120054729873,9.199903998623865,-0.009867000051277983,-0.1587320002759198,0.21450000039444608,52.209667,-2.188443,24.959300000067344,Vw5
12700.109000000097,1.004599000028958,2.4126459998127823,9.387461000196165,0.1675030001728828,0.27063400042003694,-0.22977100043571855,52.209667,-2.188443,24.95009999999038,Vw5
12700.209000000097,1.6465558829854157,3.3859470597848222,9.621082353169445,0.05884705871465691,-0.02394117676525198,0.03270882379260004,52.209667,-2.188443,24.979117647087524,Vw5
12700.309000000098,2.266509184280301,1.5499326511760159,9.570295918308933,0.19921836749217026,0.40933979636536433,-0.12202142873596425,52.209667,-2.188443,25.0195918367747,Vw5
12700.409000000098,1.2319000023393212,-3.8501999961485907,10.416399999214683,0.08709999988397729,0.2163000000809144,-0.26270000004814015,52.209667,-2.188443,25.090000000087528,Vw5
12700.509000000098,3.613484160750445,0.07079010285354181,9.616895048721217,-0.031018811996976828,0.29867623770451357,-0.31170990103814206,52.209667,-2.188443,25.17910891097844,Vw5
12700.609000000099,1.5643389979474476,-1.2010570012981494,10.436045000819002,0.13976300017027,0.3342490000344069,-0.050542999740919026,52.209667,-2.188443,25.387900000205853,Vw5
12700.709000000099,0.24561782047637104,1.4894782205422799,9.658575246734069,0.0448524751502796,0.03142475217019752,0.03531881196492154,52.209667,-2.188443,25.42920792083153,Vw5
12700.8090000001,1.0021999994436144,-2.358599995310393,11.26439999919697,0.08429999982338693,0.24959999952761205,-0.11009999963785902,52.209667,-2.188443,25.710000000099054,Vw5
12700.9090000001,0.44606138558333,2.3289247571555682,10.461726731871828,-0.09223465364160989,-0.22257821829323465,0.2518801983812259,52.209667,-2.188443,25.809009901088956,Vw5
12701.0090000001,0.8944150004577862,3.8932720015304136,10.42162399996765,-0.08697099999291105,0.1349410003653304,-0.12169000038040689,52.209667,-2.188443,25.988200000179717,Vw5
12701.1090000001,-0.6319999978070462,0.10370000145252607,11.400299998484673,0.12189999989579531,-0.081799999937497,-0.08479999986617821,52.209667,-2.188443,26.19000000006934,Vw5
12701.2090000001,1.5599802002478906,1.55558118959461,9.88564653311386,0.017741584052541642,-0.01932475241174314,0.04896237637358959,52.209667,-2.188443,26.25930693076352,Vw5
12701.309000000101,2.385879000825608,1.5548539999843438,8.94970099905443,0.07659500006150631,0.11762300013999039,-0.029791000082245625,52.209667,-2.188443,26.467900000213493,Vw5
12701.409000000102,1.4191999992180724,2.6006999977958167,8.983100000600691,0.05880000003035731,-0.07399999978971762,-0.10620000008522236,52.209667,-2.188443,26.630000000141195,Vw5
12701.509000000102,0.6515762368433554,0.43683861166148974,9.572802970896552,0.08860198022831808,0.1324356437742299,-0.18986336642169027,52.209667,-2.188443,26.76861386152706,Vw5
12701.609000000102,-0.7561580014377226,-0.8079450012560503,11.06726400152861,0.1658230000789924,-0.01667300015523987,0.019279000215627895,52.209667,-2.188443,26.987800000223658,Vw5
12701.709000000103,0.6035999993601768,0.3716000016617855,9.681300001968182,0.1693000000612189,0.23569999982632792,-0.09640000014997117,52.209667,-2.188443,27.020000000171454,Vw5
12701.809000000103,-0.024518812531079348,2.002986140301796,11.613478219820935,0.2293990099631723,0.06520495031864462,-0.24362772292460827,52.209667,-2.188443,27.18831683185732,Vw5
12701.909000000103,0.28461400032969464,3.0426630010696964,9.329267997592172,-0.051556000294303655,0.19853600014114986,-0.17203799992363006,52.209667,-2.188443,27.46720000028975,Vw5
12702.009000000104,1.0104010007553175,-1.0853980043257678,9.31055400000476,0.005891000063020721,0.2616760000645729,-0.13922399996647172,52.209667,-2.188443,27.68780000022766,Vw5
12702.109000000104,2.2027300012386832,3.1267310044465315,9.602254000304859,-0.05151400006064063,-0.04856000032493446,-0.019109999874786412,52.209667,-2.188443,27.75930000007244,Vw5
12702.209000000104,2.2511633663753323,-0.8993960439225099,9.663031683229693,-0.008579207874603263,0.25323960428402986,-0.1441495050844842,52.209667,-2.188443,27.779603960416846,Vw5
12702.309000000105,0.8731686853872642,0.3217010115013841,9.75210303039748,-0.04412828286742437,-0.1882323237132963,-0.013459595816431497,52.209667,-2.188443,27.799797979819253,Vw5
12702.409000000105,1.0914530002471423,-2.9284360034711514,14.122167004647263,0.25923200032306437,0.15914500037434617,-0.15515500015216036,52.209667,-2.188443,27.81980000002106,Vw5
12702.509000000106,3.148347002185317,0.7487240039462715,9.106310994617946,-0.32645300062622684,-0.46218800066466176,0.49689900069509374,52.209667,-2.188443,27.770499999947347,Vw5
12702.609000000106,0.2624999993315432,-0.1457000037708305,6.815200002144632,-0.11290000011657902,0.045499999277210004,0.1556000003725254,52.209667,-2.188443,27.6699999998945,Vw5
12702.709000000106,-0.37109999864133014,-3.719899996148677,8.847999999945682,-0.22339999988561976,-0.6395999997315459,0.5086999996943594,52.209667,-2.188443,27.56999999990599,Vw5
12702.809000000107,0.9167217835575296,-0.06940494658521423,8.796514851430006,-0.11498415829972361,-0.38514455418291293,0.21899702939268606,52.209667,-2.188443,27.480891089013472,Vw5
12702.909000000107,-0.09990100111394407,-3.5181950037711696,11.626311003062462,-0.30813800021017,-0.48466900011044106,0.2273860000122117,52.209667,-2.188443,27.272099999775048,Vw5
12703.009000000107,1.289659001514788,2.7462670068163852,9.810727998004563,-0.41682200011547565,-0.4125389999208381,0.24056800001413986,52.209667,-2.188443,27.230399999957154,Vw5
12703.109000000108,0.757000003477924,-1.463899997160473,7.9099000024966335,-0.30780000001498237,-0.06100000010508896,0.04740000018318844,52.209667,-2.188443,27.049999999691853,Vw5
12703.209000000108,3.997693072836799,1.1819415870403522,10.236236636197287,-0.3217603960548101,-0.1589207921858664,0.21809306949285512,52.209667,-2.188443,26.762871286815965,Vw5
12703.309000000108,0.9496159966102451,-0.8388210022527554,12.804394002800393,0.18864300056179978,0.005826000182364344,0.049222999812297635,52.209667,-2.188443,26.4332999996405,Vw5
12703.409000000109,1.0772960001747385,2.9362590041768413,10.512014997449187,0.08925599988496014,-0.17050200019587283,0.0747250000299583,52.209667,-2.188443,26.12309999966229,Vw5
12703.50900000011,1.3759990003269267,0.6152319974037592,9.252584998639893,0.062063999971240034,0.07143800026820848,-0.018555000102947625,52.209667,-2.188443,25.951699999814803,Vw5
12703.60900000011,0.8865999997764265,0.1631999986967031,8.518700000309481,0.06540000009444337,-0.10070000006667226,0.0031999999446739066,52.209667,-2.188443,25.64999999970824,Vw5
12703.70900000011,0.681748514624628,-1.0309584171640218,8.802264356749669,0.15193465356117694,-0.1617891089785425,-0.04749306936306934,52.209667,-2.188443,25.38267326703069,Vw5
12703.80900000011,-0.5547310013810449,1.916408003310786,10.551163001953443,0.1509189999978956,-0.16131099999878165,0.16623600023968088,52.209667,-2.188443,24.99389999956804,Vw5
12703.90900000011,0.5374420012358406,-1.1182450034285218,9.938565999294912,-0.11719200029993346,-0.09813799992933622,0.1919620000263605,52.209667,-2.188443,24.623699999590194,Vw5
12704.009000000111,0.996674000501292,2.842678004465994,10.995361001189433,-0.0762409999511556,-0.19937100011397024,0.18922999999667725,52.209667,-2.188443,24.23389999956804,Vw5
12704.109000000111,1.1439580001597134,-0.8620710041898749,10.768895999734625,-0.1213400000509488,-0.11367599990297576,0.1374229999420734,52.209667,-2.188443,23.932999999667725,Vw5
12704.209000000112,0.7850999997117281,0.5277999984145041,9.77319999934941,-0.029400000024169145,-0.1579999998111511,0.08829999984641607,52.209667,-2.188443,23.559999999648447,Vw5
12704.309000000112,0.525298019509544,-0.9011108926975084,9.186863365676645,-0.05118217824234007,0.012198019993557185,-0.05011584173996099,52.209667,-2.188443,23.243168316475053,Vw5
12704.409000000112,0.6094240000986176,-0.19972899918617903,8.946864999733755,0.012950000073175219,-0.015008000032872556,0.07314100014173475,52.209667,-2.188443,22.952899999673527,Vw5
12704.509000000113,1.061344000512902,0.017578000238888947,10.192296001418924,0.0092439999950466,-0.009161999993020212,0.016781999934480034,52.209667,-2.188443,22.56389999956095,Vw5
12704.609000000113,1.3355000001524169,0.8265999996756256,10.155399999805933,0.027099999946737827,-0.05129999989805375,0.0703999999781145,52.209667,-2.188443,22.31999999954219,Vw5
12704.709000000114,1.4706485150060682,0.5389762372947777,9.983320791882383,-0.0201277228262964,0.039096039707355576,0.05099405938374403,52.209667,-2.188443,21.91405940547628,Vw5
12704.809000000114,-0.7455999982310184,0.37009999952028383,9.607900000073977,-0.012700000020650032,0.010100000030975049,-0.038699999989107677,52.209667,-2.188443,21.569999999648267,Vw5
12704.909000000114,0.7980633681025571,-0.04851386186502543,9.672454455519393,-0.030719802000812355,0.03712970300121853,-0.029195049494077002,52.209667,-2.188443,21.26306930657957,Vw5
12705.009000000115,1.2021740004491197,-0.10517000006063001,9.679535000007437,0.01612500005433822,0.016708999976091186,-0.02078399999039072,52.209667,-2.188443,20.93329999962249,Vw5
12705.109000000115,-0.010099999411133697,-0.8614999982987551,9.558200001210068,0.04620000007896935,0.09259999987031325,-0.06899999990798256,52.209667,-2.188443,20.539999999750382,Vw5
12705.209000000115,0.5037613867357167,0.623054457170585,10.6141405952864,0.11511089116918283,-0.020568316963183855,0.01129702979627481,52.209667,-2.188443,20.322178217568677,Vw5
12705.309000000116,-1.2147890020234233,1.4287120009283272,10.105642999390684,-0.024978000165258044,0.16184600021546305,-0.08759300011702874,52.209667,-2.188443,20.05269999968622,Vw5
12705.409000000116,-1.1606999969907803,0.12200000144972,10.605699998512678,0.06919999985762405,0.09470000002316666,-0.08999999992595985,52.209667,-2.188443,19.69000000038417,Vw5
12705.509000000116,1.4241999988708864,1.3672999971394104,9.328100000692958,-0.05309999991021036,0.11460000006500816,-0.026400000093016993,52.209667,-2.188443,20.01999999911248,Vw5
12705.609000000117,0.45429900877379825,-1.0899277256279987,9.923347525444255,0.024028712960923966,0.1704415842233134,-0.10630099019186862,52.209667,-2.188443,19.257623761490226,Vw5
12705.709000000117,-1.2703770020443916,0.8690640023645693,9.75654499979406,-0.08934700013607248,0.003788999800670906,-0.024632999901692654,52.209667,-2.188443,18.58669999920929,Vw5
12705.809000000118,0.38667425941872335,-0.6583386157032771,9.683147524667188,-0.0296297028978441,0.16530297049128756,-0.10476435653201412,52.209667,-2.188443,17.942871286370348,Vw5
12705.909000000118,-1.3504292950622188,0.8855272746243723,10.261087879485698,0.003474747513137748,0.10217777769777818,-0.03601818173341323,52.209667,-2.188443,17.59343434302898,Vw5
12706.009000000118,-2.005169000759078,-2.143145003630143,9.328479998881036,-0.07272700009124046,0.19307500010918155,-0.14132900012641464,52.209667,-2.188443,16.995999999291794,Vw5
12706.109000000119,-0.3981999998168527,-0.2703000011482638,9.539899999956994,0.06449999993068224,-0.09229999976063347,0.0636999998541777,52.209667,-2.188443,16.449999999316095,Vw5
12706.209000000119,-0.24329803903038433,-1.241476471750008,9.503527450936883,0.005872548949474574,0.11015098063433948,-0.05963333348087123,52.209667,-2.188443,15.87156862675903,Vw5
12706.30900000012,-1.333642425579673,0.32630404234514554,10.47230707189275,0.03489191922884305,-0.06022020223351293,0.10628181838774432,52.2096897676768,-2.18920126262719,16.34505050564371,Vw5
12706.40900000012,-0.8516809994030111,1.485752001384065,9.784843999155752,0.005598999964163891,0.12174400022244755,-0.011889000145142242,52.20969,-2.189209,16.280699999916102,Vw5
12706.50900000012,-0.845600000540121,1.6551999990846233,9.404800000793184,-0.08309999987852032,-0.2800999998406025,0.15829999990288757,52.20969,-2.189209,15.93999999959586,Vw5
12706.60900000012,-1.2955009906382395,0.8927247515613813,10.065493070098807,0.018088118933160396,-0.14732772261314275,0.07740891079413693,52.20969,-2.189209,15.60336633623019,Vw5
12706.70900000012,-0.8042079993907567,-2.4816920041372095,9.42444199920414,0.04701800003430644,-0.3899360002997555,0.23311900019233497,52.20969,-2.189209,15.47129999984185,Vw5
12706.809000000121,-1.0323999996585163,0.20069999850085016,10.019900000401817,0.035799999928565945,-0.24340000017580984,0.13999999998443416,52.20969,-2.189209,15.35999999919154,Vw5
12706.909000000122,-0.7522019798570911,-1.029399011397703,10.349602970698193,-0.022813861457456557,-0.38765742591809826,0.12722772275673666,52.20969,-2.189209,14.69663366255919,Vw5
12707.009000000122,-0.5886000021412117,3.861399995489398,9.856100001136067,-0.033099999880903015,-0.4208999998319128,0.23259999986847446,52.20969,-2.189209,14.209999999806936,Vw5
12707.109000000122,-2.345530695207038,0.16031088658583892,10.788278218956002,0.06462277239613112,-0.28297920775297813,0.12467920778948034,52.20969,-2.189209,14.051584158223092,Vw5
12707.209000000123,-1.2469000004232949,4.718499992941905,10.418099998182173,0.011900000051644892,-0.6148999995663277,0.16929999981224428,52.20969,-2.189209,13.849999999782801,Vw5
12707.309000000123,-1.5942267331021296,-1.0728861457647847,8.926515839742422,0.054276237676086504,-0.2590584154022082,0.015240593869180835,52.20969,-2.189209,13.671782177997766,Vw5
12707.409000000123,-1.1454679994358923,3.777620006122694,11.49718300322522,0.12994000009385331,-0.5861600004124605,0.27317900032367043,52.20969,-2.189209,13.521499999814763,Vw5
12707.509000000124,-1.7735100007891087,-0.2788250051217971,9.782582997828655,-0.1716460003771421,-0.05876099933796375,-0.05614700041406595,52.20969,-2.189209,13.321999999753018,Vw5
12707.609000000124,0.18772500245438728,1.1444050018270522,7.756586997494734,-0.1242099999370195,-0.3666360003907262,0.09602900019400468,52.20969,-2.189209,13.102199999728319,Vw5
12707.709000000124,-0.1087050004003079,0.974762999766581,9.974789002832978,-0.09597999996491824,-0.20239099978813124,0.043842999931966456,52.20969,-2.189209,12.911899999761946,Vw5
12707.809000000125,-0.704799998389492,-0.21840000058169662,10.003200000196218,-0.030800000099414075,-0.17470000001279956,-0.08129999996880884,52.20969,-2.189209,12.759999999850878,Vw5
12707.909000000125,0.578368318439649,-0.6818653471154319,10.159536633859274,-0.11000792089133635,-0.18489801981475956,-0.056448514820343215,52.20969,-2.189209,12.641188118662996,Vw5
12708.009000000126,0.1261969994114181,-2.471965002259969,9.914886999688353,-0.048033999920553336,0.028444000270168718,-0.07550500002443548,52.20969,-2.189209,12.540999999874689,Vw5
12708.109000000126,0.5250240005107643,-0.3663509973119714,10.177423000335455,-0.01898699996403598,-0.03266100008007321,0.03894200014510919,52.20969,-2.189209,12.510299999962406,Vw5
12708.209000000126,-0.30230200106747807,-1.5486410015455423,9.7791499994852,-0.035629000021735975,0.0793620001446523,-0.1140430001979118,52.20969,-2.189209,12.579300000088978,Vw5
12708.309000000127,0.4180390009357978,0.3449500024472365,9.297721999386983,-0.03213699999529622,0.07079799998754134,0.04933400021179722,52.20969,-2.189209,12.599800000025425,Vw5
12708.409000000127,0.24432899976748074,-0.91587000164378,9.405859000145055,-0.022694999987922727,0.26107700024446945,-0.14670300025387695,52.20969,-2.189209,12.758400000203407,Vw5
12708.509000000127,1.3644670014407547,0.13881600137096106,9.414128000009153,-0.04141000002415454,-0.11102200048029404,0.07969300029328691,52.20969,-2.189209,12.888700000165269,Vw5
12708.609000000128,1.9908870007898538,-0.96771400143478,9.580817000213958,0.02086900008021849,0.1543810003456642,0.0013149998963897236,52.20969,-2.189209,13.088000000254258,Vw5
12708.709000000128,-0.3372210030400393,-1.7472400010004965,9.986717000526422,-0.07928200013125072,0.08572099990704149,0.05108900006588322,52.20969,-2.189209,13.238500000193396,Vw5
12708.809000000128,0.5551000000402789,-0.2727000014116798,9.469000000665943,-0.007399999896169924,0.06560000021469298,-0.015900000082347994,52.20969,-2.189209,13.330000000230164,Vw5
12708.909000000129,0.5862881188520983,-1.3657693083402076,9.98464356502136,0.0729960397076312,0.2318376239767399,-0.07966237631984542,52.20969,-2.189209,13.50821782201199,Vw5
12709.00900000013,0.5127459999038047,-1.4269920000655056,10.165624000229013,0.0010349999052230996,0.0645069997798855,0.00929500011669808,52.20969,-2.189209,13.668400000206317,Vw5
12709.10900000013,-0.5790790014211378,-1.3523589999021284,10.393516000294516,0.03762300004861345,0.2200120002047697,-0.02920200005132137,52.20969,-2.189209,13.808600000180528,Vw5
12709.20900000013,0.8510430019033127,-0.3167529986332811,9.337885998602816,-0.0012040000517765867,0.13744999988886336,0.0007930000401399316,52.20969,-2.189209,14.077300000353022,Vw5
12709.30900000013,-1.549901003190588,-1.3158030013334325,9.45491000016869,0.02334800003295332,0.1643200000366148,-0.046519000062898996,52.20969,-2.189209,14.446300000483838,Vw5
12709.40900000013,-0.1596889981314682,0.4650090023657085,10.042577000774534,0.012610999985484848,0.06510499986857902,0.11743900021720423,52.20969,-2.189209,14.875700000562299,Vw5
12709.509000000131,-0.6668330006887506,-1.0232840019897527,9.89227799979365,-0.08254000012553646,0.16161500012880564,-0.043755000215111986,52.20969,-2.189209,15.325500000588452,Vw5
12709.609000000131,0.1167320010419527,-0.39064399914425973,9.127508998991916,-0.06538299997606961,0.04300799984203328,0.029246000098598422,52.20969,-2.189209,15.87450000071922,Vw5
12709.709000000132,-1.0997320016396004,-1.4097400013734038,9.970705001139422,-0.02896599995148013,0.19881400021025275,-0.11226300019050015,52.20969,-2.189209,16.355200000636327,Vw5
12709.809000000132,0.7737510025256333,0.08074000201000597,9.487170999340915,-0.043648000020153094,0.09437099985800024,0.0277710001894656,52.20969,-2.189209,16.884700000702708,Vw5
12709.909000000132,0.5785999970935751,1.4967999959654232,9.935299999112457,-0.016799999990704962,0.18129999980586653,-0.07609999995870348,52.20969,-2.189209,17.360000000730324,Vw5
12710.009000000133,-1.610199999050513,-1.5415999970955314,9.266900002301146,-0.009799999901396366,0.03509999995582557,-0.04499999987510206,52.20969,-2.189209,17.91000000042071,Vw5
12710.109000000133,-0.8951504941014343,0.6457267355734027,10.999870299327416,0.06445742584103079,0.0018326732232182077,0.04905940606530565,52.20969,-2.189209,18.226831683588397,Vw5
12710.209000000134,0.12655588372580173,-1.244652943764062,9.095435291517184,-0.06582941194201015,0.10331470602012491,-0.061908823680842745,52.20969,-2.189209,18.69588235357159,Vw5
12710.309000000134,0.378930303336932,1.5889798019803432,9.372094949958282,0.09617777800741059,0.02380303018875614,-0.028753535302972658,52.20969,-2.189209,19.092121212649886,Vw5
12710.409000000134,0.3392515150908301,-0.24735353795376014,8.702503029375242,-0.08422424267635004,0.14969797997297535,-0.11530909102883186,52.20969,-2.189209,19.515757576327772,Vw5
12710.509000000135,-0.27104000082793556,1.311459002142552,9.445426001017983,0.04230300017432344,-0.17659100044474654,0.08308700027055749,52.20969,-2.189209,19.89620000051074,Vw5
12710.609000000135,-0.23977799994919485,0.4333309987861872,10.60278600156098,-0.01035500007325079,0.04344400030321796,-0.09082300023883792,52.20969,-2.189209,20.236600000456974,Vw5
12710.709000000135,-0.923985000941864,0.5377540001560921,9.78101799885342,-0.03367000003132736,-0.09101900018810039,-0.014983999893214556,52.20969,-2.189209,20.447900000286033,Vw5
12710.809000000136,-1.3637280005955719,0.30704199968096313,9.714882999920581,-0.07765800006021106,0.01966800015420571,0.06282200010598236,52.20969,-2.189209,20.638100000258827,Vw5
12710.909000000136,0.9519650031924121,0.19619599985069835,9.275333999395981,0.10118900024670185,-0.09295100015652152,0.13121700009304105,52.20969,-2.189209,20.729100000122603,Vw5
12711.009000000136,-0.39317600188316226,0.4669540003740714,9.507906000326122,0.06933999995368381,-0.07212199996975825,-0.05887300026250386,52.20969,-2.189209,20.591399999809287,Vw5
12711.109000000137,-0.13128499962061585,1.3720850012416828,9.173897999537111,-0.05445300016987148,-0.07803800000844589,0.06582100017423068,52.20969,-2.189209,20.46129999982291,Vw5
12711.209000000137,1.1463230017773467,0.10508999822085885,8.736681999395175,-0.0659960000143546,-0.10720600004057933,-0.0903100002194596,52.20969,-2.189209,20.390699999903383,Vw5
12711.309000000138,-0.6522999974037654,-0.0799999949605565,10.153499998702019,-0.054700000029017384,-0.24300000000246375,-0.01529999962879649,52.20969,-2.189209,20.23999999983575,Vw5
12711.409000000138,1.2257198045727122,3.565346539685687,9.21458910761477,-0.07569009903887679,-0.24478217822028198,0.2532148518558201,52.20969,-2.189209,20.12118811864787,Vw5
12711.509000000138,0.3985000011439967,1.324900003963747,8.636700000696553,0.1636999997771684,-0.11930000054352845,-0.06149999966643696,52.20969,-2.189209,20.029999999972627,Vw5
12711.609000000139,1.2260247536176048,4.1921277267303445,9.14056138683417,0.002511880965606561,-0.5124683173744327,0.1797871290459563,52.20969,-2.189209,20.010198019774645,Vw5
12711.709000000139,0.40022499882181506,-1.4985290080789229,8.83592799956257,0.16672500023423853,-0.0011049992721124946,-0.06302300034639338,52.20969,-2.189209,19.94069999990211,Vw5
12711.80900000014,-0.9268800018629633,-0.9337879991205472,10.239293001987022,0.0942489998952433,-0.209839000302242,0.04320200015356858,52.20969,-2.189209,19.880599999916083,Vw5
12711.90900000014,0.2906346552017679,-0.0491445532162903,9.92699603914334,0.059977227675479444,0.144105941096442,-0.14625049531832737,52.20969,-2.189209,19.840792079152607,Vw5
12712.00900000014,0.44610198038388493,-0.10999405951779105,9.634647524345809,-0.009397029800735889,-0.04537920820069441,-0.13583663364306753,52.20969,-2.189209,19.859405940621677,Vw5
12712.10900000014,1.2942969399927033,3.7484969443422873,9.11239387681063,0.09609081648165882,-0.00992755096061173,-0.12639285712987033,52.20969,-2.189209,19.978775510375336,Vw5
12712.20900000014,1.8120580007284306,2.102824997588189,8.769113999516364,-0.014076000159229093,-0.1941350002642013,-0.13422000001133302,52.20969,-2.189209,20.148300000240827,Vw5
12712.309000000141,1.8412999979889761,2.032199998437037,9.552200000808721,0.06499999990025754,-0.11430000010712028,-0.13499999977951666,52.20969,-2.189209,20.290000000255386,Vw5
12712.409000000142,0.4238999995746374,0.9306000003011814,10.12219999984379,-0.0052999999874976,-0.1897999999369261,0.020399999775237748,52.20969,-2.189209,20.470000000323093,Vw5
12712.509000000142,0.12409801937721154,1.142877228023533,10.012100989943017,0.0035118812006037546,-0.1453445543924597,-0.13801584180860685,52.20969,-2.189209,20.69772277259987,Vw5
12712.609000000142,1.2847460016653194,0.8182009995323107,9.199892998839207,-0.07965900011915379,-0.15975000002125214,-0.003276999804905145,52.20969,-2.189209,20.878200000255024,Vw5
12712.709000000143,2.1566120012465704,1.9257790016100103,8.980928999694527,0.07592000022670138,-0.2221710000902501,0.02968100004577072,52.20969,-2.189209,21.00870000018653,Vw5
12712.809000000143,0.717919997902029,0.7398919982647971,9.568147000854255,-0.005462000120253066,-0.2141869999875155,-0.1332510002366316,52.20969,-2.189209,21.257500000358753,Vw5
12712.909000000143,1.0323760004769942,1.3113060008457893,9.418768999774848,0.008451000021381513,-0.3579470002085056,-0.014317999825216907,52.20969,-2.189209,21.54710000041615,Vw5
12713.009000000144,1.263598000330337,1.8061610007087467,9.959621000786237,0.004936999994690498,-0.2204039997985258,0.036400000071750045,52.20969,-2.189209,21.73810000027265,Vw5
12713.109000000144,2.586362001914004,2.489547000983406,9.753041999692622,0.023611000027121513,-0.4284840003036462,0.11115000010762506,52.20969,-2.189209,22.0172000004018,Vw5
12713.209000000144,-0.4037620044081378,0.6365859972703778,9.737336999980094,-0.0205520000650948,-0.12864999955683232,-0.08006100028173829,52.20969,-2.189209,22.267500000363253,Vw5
12713.309000000145,0.522240001403782,0.6855160000993983,9.480591999623332,0.052656000108117385,-0.4058690004113983,0.05333300019865117,52.20969,-2.189209,22.448200000261572,Vw5
12713.409000000145,-0.23871600113116354,-0.6298070019317262,9.787375000454121,0.058053000006829995,-0.18228699966765533,-0.049151000152439686,52.20969,-2.189209,22.65790000030517,Vw5
12713.509000000146,2.243987132363647,-0.47764257401488364,8.446060394068807,0.09789603966229693,-0.4425950498898855,0.27493168364492354,52.20969,-2.189209,22.83643564382299,Vw5
12713.609000000146,2.924568687803266,1.3498858612908105,10.374346467546053,0.14284949501496103,-0.2629868684126745,-0.09792828339090937,52.20969,-2.189209,22.97858585879136,Vw5
12713.709000000146,4.081083001709091,1.633721000394134,8.850889997706402,-0.0530170002917387,-0.5335480004048738,0.16243100039266295,52.20969,-2.189209,23.158200000264817,Vw5
12713.809000000147,-0.08569400621010903,0.3588049981011834,10.475433002437637,0.05489000016332315,-0.05407099928329051,0.013926999775320192,52.20969,-2.189209,23.308500000220707,Vw5
12713.909000000147,-2.3185720032558708,0.5119230002467505,9.57565599863809,-0.051910000160380484,-0.6828990009418308,0.2943520004190492,52.20969,-2.189209,23.409000000147138,Vw5
12714.009000000147,-0.08726199665084344,0.48399899995600576,10.880526001953111,0.03065500012433165,-0.43605799962362085,0.04118599961950098,52.20969,-2.189209,23.53870000019128,Vw5
12714.109000000148,-0.6157320008192646,-1.0972310023496477,9.338707997688756,-0.1137330002158515,-0.45240900002810336,0.278081000355927,52.20969,-2.189209,23.609300000102998,Vw5
12714.209000000148,4.697376008001591,-0.18547099860429395,9.429722000160556,-0.10223099998048901,-0.39409099991197716,0.13071299977465553,52.20969,-2.189209,23.540699999895743,Vw5
12714.309000000148,2.9280149972569562,0.5188800010456784,9.46129200004588,-0.1410070000585401,-0.4878470001419561,0.09702499995158895,52.20969,-2.189209,23.52019999997021,Vw5
12714.409000000149,4.035499988465576,0.6512999980523918,9.841100000514077,-0.05349999998464124,-0.4936000001326169,0.21850000011208937,52.20969,-2.189209,23.490000000029536,Vw5
12714.50900000015,-3.6975693184497977,-0.6544425762024471,10.185753465859927,-0.043202970281691344,-0.5825108912215498,0.29364851496342564,52.20969,-2.189209,23.509801980227518,Vw5
12714.60900000015,5.077482013319441,0.03510300105714814,8.645690997677612,-0.1440800001519362,-0.7999130003257691,0.3487510000817774,52.20969,-2.189209,23.410999999851043,Vw5
12714.70900000015,-2.9464470123550566,0.49730300069303385,10.42635600273535,-0.0021439997823057,-0.08494399890791027,-0.18193400080896655,52.20969,-2.189209,23.34069999989447,Vw5
12714.80900000015,-0.1751209956544839,-0.1254630009554677,10.124828999513145,-0.08613700013011971,-0.4369710005471662,0.24008300065090007,52.20969,-2.189209,23.34,Vw5
12714.90900000015,-1.715945002390554,0.18074300047599992,10.740647000942802,0.05239200021229265,0.12459100086078034,-0.18090400064773382,52.20969,-2.189209,23.250899999864302,Vw5
12715.009000000151,2.718844006778287,0.22122300005684256,8.960147997278794,-0.029756000127254975,-0.36747200075810194,-0.01887999974669624,52.20969,-2.189209,23.309400000090463,Vw5
12715.109000000151,5.913200000013778,0.3635999975302945,9.741599997905976,0.09569999971109326,0.16289999926930487,-0.2712999995130653,52.20969,-2.189209,23.249999999912053,Vw5
12715.209000000152,5.922326213606119,-1.2722252452075073,8.354609706627429,-0.09565922359214181,-0.3210805832606935,0.05122427233541105,52.20969,-2.189209,23.1917475727269,Vw5
12715.309000000152,3.0882204037044962,0.6483938806495504,10.628924493439104,0.1046755105282595,0.003306122982113635,-0.24257142904882018,52.20985826530639,-2.189913734694986,23.051428571210586,Vw5
12715.409000000152,0.3268940552001838,1.21192574341049,10.788361386347296,0.013093069162679855,-0.265989109330818,-0.013295049147190319,52.20986,-2.189921,23.04019801978689,Vw5
12715.509000000153,0.7920898998001833,0.3511949481376425,10.21507777688087,0.06653535362151464,-0.11757070683102805,-0.2013333336334329,52.20986,-2.189921,22.98060606051358,Vw5
12715.609000000153,2.0667780019565734,0.20270999978484103,9.920119999554421,-0.00724900011459885,-0.2295530001750265,0.006283000323043658,52.20986,-2.189921,22.880999999847404,Vw5
12715.709000000154,2.9191200013092766,0.2888160001364859,10.155691000371938,-0.03987800004971545,-0.13546199985147123,-0.02783400005650887,52.20986,-2.189921,22.91960000006176,Vw5
12715.809000000154,3.095702000262195,-0.759106001635862,9.786651999420638,-0.07247400005033897,-0.2830990002317755,0.047436000117972305,52.20986,-2.189921,22.880399999938234,Vw5
12715.909000000154,2.880799999031442,-1.092099999407721,9.676100000889107,0.0314000001024127,-0.2805000001858431,-0.0371999999075377,52.20986,-2.189921,22.929999999954074,Vw5
12716.009000000155,2.2543643554683266,-0.7090306924777867,10.251149505838463,0.09763762386465773,-0.40069801998758514,0.022601980290363623,52.20986,-2.189921,22.900297029657104,Vw5
12716.109000000155,1.5430219989002634,0.8788990024707786,10.148890999831535,0.04305799991383698,-0.09499999952131655,-0.11896400022173853,52.20986,-2.189921,22.880199999969115,Vw5
12716.209000000155,1.2174169994974569,-0.9459060029046582,9.244325998574384,-0.03719500012575292,-0.24990400024931886,-0.024171999848159195,52.20986,-2.189921,22.87009999998438,Vw5
12716.309000000156,4.986991005953883,-1.5704790009563023,9.29747100009827,0.13049800026590858,-0.0013269996051992194,-0.14209900018763583,52.20986,-2.189921,22.800699999890636,Vw5
12716.409000000156,1.5603969945323142,0.13293200269783134,9.875666000911464,-0.02263600024434842,-0.025827000042651614,-0.2236880001268612,52.20986,-2.189921,22.839600000062493,Vw5
12716.509000000156,3.1360310025417544,-2.165806003654915,9.024555998647648,-0.07449200007936636,-0.4124970006097774,0.04468100042479753,52.20986,-2.189921,22.88950000007812,Vw5
12716.609000000157,-0.41049999899557565,-1.6023999972893708,9.789200000943245,0.0030999999461002823,-0.0495000007580035,-0.01269999964438577,52.20986,-2.189921,22.909999999860606,Vw5
12716.709000000157,0.2315792089355081,0.130372279966126,10.392170297982613,-0.03135544559900645,-0.534054456211315,0.21462673303252533,52.20986,-2.189921,22.820891088968086,Vw5
12716.809000000158,-1.0376150020365,2.4706360037085315,9.682429998857284,0.08521900018665943,-0.01479399916327273,-0.12465000054527933,52.20986,-2.189921,22.82,Vw5
12716.909000000158,3.175117006746133,-1.8958570070084995,8.727769998487442,-0.04032000020230653,-0.510341000799585,0.1895910005071888,52.20986,-2.189921,22.889300000110637,Vw5
12717.009000000158,2.6936939991632727,-2.039596000158684,9.406745001099251,0.04730200014193067,-0.0981149993338109,-0.10667500047810727,52.20986,-2.189921,22.880099999984193,Vw5
12717.109000000159,3.4036750011419254,-3.487386002309772,8.902661999184136,-0.20880400041030298,-0.5871180007874149,0.33302800070680855,52.20986,-2.189921,22.909700000047415,Vw5
12717.209000000159,-1.319731690796524,0.8122435713132115,9.360251485894707,-0.07936732651976883,-0.014175246592840973,-0.053893069938057314,52.20986,-2.189921,22.919801980213826,Vw5
12717.30900000016,-3.370251518340659,4.0683636415332165,10.551341416069207,-0.08115454546181222,-0.7313626274516315,0.25823434395642053,52.20986,-2.189921,22.92,Vw5
12717.40900000016,-0.7905589958019479,1.9746749965667707,9.582408998415838,-0.007642999881215862,-0.2560759992204691,0.32951300010983137,52.20986,-2.189921,22.999200000127896,Vw5
12717.50900000016,-3.022688003646977,1.3618729990450906,9.470826999835811,-0.005315999997442065,-0.5022640004054328,0.2944609999422865,52.20986,-2.189921,23.089100000143883,Vw5
12717.60900000016,5.240305013380402,-0.7933900034707988,10.745811002060575,0.04677400008409214,-0.4522309999151085,0.3050890000177457,52.20986,-2.189921,23.09,Vw5
12717.70900000016,-0.3526600092702603,-1.640661001348181,8.503380996316956,-0.0929830002290889,-0.4162579999421215,0.32787100003702285,52.20986,-2.189921,23.109800000032333,Vw5
12717.809000000161,2.3220999941410225,-1.5254999934767925,10.268199998850742,0.07839999997291146,-0.3325999997903444,0.27869999973296156,52.20986,-2.189921,23.14999999998397,Vw5
12717.909000000162,-1.297008916742897,2.503905947109284,9.558299008753137,0.06166732670561788,-0.20309504929555142,0.11374950468378339,52.20986,-2.189921,23.14009900988498,Vw5
12718.009000000162,2.357421006027641,-0.21651400450888625,10.118767000926969,0.10139700006516106,-0.24298400006726303,0.09982399997995044,52.20986,-2.189921,23.308300000274873,Vw5
12718.109000000162,-0.04109600397822044,-1.5073430020626788,8.18954499683977,-0.020366000199525433,0.26407400082882276,-0.053651000250457756,52.20986,-2.189921,23.31990000001617,Vw5
12718.209000000163,-2.801169004517414,1.7345250053747592,10.472245003801977,0.21699000039401276,0.2715760000039238,-0.26141700034055126,52.20986,-2.189921,23.39920000013079,Vw5
12718.309000000163,-0.25259999808492833,-1.6268999971062401,8.554600002921802,-0.10289999973141992,0.04909999990453007,-0.18639999963270823,52.20986,-2.189921,23.56999999996758,Vw5
12718.409000000163,0.917201982110774,0.14072376526649588,10.339352478165791,0.061159406208849146,-0.00921683177852272,0.03795643601041168,52.20986,-2.189921,23.550198019769603,Vw5
12718.509000000164,-1.1193999987109127,-0.14240000260508098,8.15920000366757,0.08120000018170083,0.0937999999657994,0.12989999936801824,52.20986,-2.189921,23.770000000307967,Vw5
12718.609000000164,-0.3319742561382154,-1.7336871313147997,10.399497033366101,0.19219009919138197,0.0729089108569299,-0.256139604591613,52.20986,-2.189921,23.958118812188783,Vw5
12718.709000000164,0.09932300070702982,-1.8571140001795265,9.612079998647765,0.0461859997543497,0.1770460001742365,-0.4192910002659834,52.20986,-2.189921,24.148100000314088,Vw5
12718.809000000165,-1.9613420034484104,-1.015709998593059,9.18562499930149,-0.12231300027890823,0.11592799989617406,0.13350000092583653,52.20986,-2.189921,24.338100000314125,Vw5
12718.909000000165,1.4584460057458075,-0.6726789994413569,9.92073200123467,-0.12805900000677845,0.2116270001608641,0.21820100013209692,52.20986,-2.189921,24.47860000023146,Vw5
12719.009000000166,-3.2379110079008573,1.2284310031691714,7.432904995832909,-0.2396730001863246,0.2817020001153989,-0.3523290009541076,52.20986,-2.189921,24.69780000036372,Vw5
12719.109000000166,1.0562420072509533,-1.4606440045227116,10.750435005582299,-0.004486999605362169,0.027672999574611223,-0.28087999987104423,52.20986,-2.189921,24.888100000314125,Vw5
12719.209000000166,-0.09409999593046867,1.656799995053498,9.736299998625134,0.10060000017716415,0.11250000024353927,0.19519999986806924,52.20986,-2.189921,25.030000000213057,Vw5
12719.309000000167,2.3644148555940867,-1.3315168366775696,8.905705939205879,0.20762970314917675,0.2596287131171847,0.115497029569762,52.20986,-2.189921,25.15871287150225,Vw5
12719.409000000167,-2.7246930779305196,2.613400996802003,10.132743566439684,0.09489900970907932,0.12308811857914184,-0.49782574360720355,52.20986,-2.189921,25.40504950536374,Vw5
12719.509000000167,-2.4174999970883273,-1.4968999970785517,8.311000004855218,-0.12299999951585346,0.06030000031530831,-0.2695999992809049,52.20986,-2.189921,25.64000000046393,Vw5
12719.609000000168,-0.6775990069927647,0.24884257717541547,11.212287133562342,0.16630693117664275,0.24871584189909346,0.1601029710152736,52.20986,-2.189921,25.917227723235662,Vw5
12719.709000000168,0.6463000000689271,-1.6831999965115603,9.746500000878488,0.03250000017894533,0.052800000044570645,-0.04400000012343914,52.20986,-2.189921,26.140000000430796,Vw5
12719.809000000168,0.6874881188814684,0.4013544589673972,10.271450495936408,0.13943069324996626,0.07943366341133418,-0.11776237636224522,52.20986,-2.189921,26.397425743009176,Vw5
12719.909000000169,0.6386999957514207,-3.1564999929142887,9.012000001866856,0.08710000012762822,0.16460000019043738,0.13409999924009286,52.20986,-2.189921,26.670000000234488,Vw5
12720.00900000017,-1.8727851527584551,1.032113868463552,10.115564358300313,0.16254554468193422,0.27717425761595693,-0.31510792155109646,52.20986,-2.189921,26.80861386162035,Vw5
12720.10900000017,0.2486000002554075,-0.29250000000729737,9.318200000355745,-0.08889999997081058,-0.01979999990928058,-0.19429999946198573,52.20986,-2.189921,27.000000000497547,Vw5
12720.20900000017,0.3995803924143704,-0.2968137254975534,9.52849411800573,-0.07164509800978625,0.03382745107185753,0.12373921622871273,52.20986,-2.189921,27.294117647560462,Vw5
12720.30900000017,-2.89534748049475,0.3741525264219567,9.68534242450843,0.026897979969107713,-0.23554040451169583,0.3106575760722303,52.20986,-2.189921,27.68606060673339,Vw5
12720.40900000017,0.45293900583418356,-0.07291500078304886,10.587602001553801,-0.008928000063531984,-0.2743360000621657,0.021142999497379966,52.20986,-2.189921,27.907800000375726,Vw5
12720.509000000171,-1.2938110030722503,0.5848100011425511,9.229806997641973,-0.11166600017659159,-0.18787699985022163,0.10987400015814683,52.20986,-2.189921,28.21690000052943,Vw5
12720.609000000171,1.0309360040414541,-0.3169240015671223,10.922364002943649,0.1529170004582159,-0.15205299993971294,0.09268299996874636,52.20986,-2.189921,28.427900000358648,Vw5
12720.709000000172,1.7971999958186546,-1.7247999960456757,10.561000002603713,-0.20819999934788688,0.1264000002268514,0.047499999464698434,52.20986,-2.189921,28.660000000490946,Vw5
12720.809000000172,-0.6482455487749983,0.5878732713181258,12.083772279855843,0.1731861392720876,0.2590732675557107,-0.2655693074710127,52.20986,-2.189921,28.947128713366837,Vw5
12720.909000000172,5.136199981987775,-3.7504000004644973,9.944099993035653,-0.20910000004510185,0.3313000006340178,-0.008700000881300365,52.20986,-2.189921,29.100000000535694,Vw5
12721.009000000173,-5.287299979486797,-4.0192000009422095,5.913900007002668,-0.23520000002018898,0.6981999979793909,-0.5186999985718862,52.20986,-2.189921,29.410000000325077,Vw5
12721.109000000173,6.583492099697606,-4.564447525693605,9.966276244618403,-0.24688316833699753,-0.47110693271136184,0.30773564499083284,52.20986,-2.189921,29.598118812205893,Vw5
12721.209000000174,-5.203000003319547,-0.3494999945192048,8.32060000252311,-0.2964999992430843,0.4573999973458333,-0.1692999988463195,52.20986,-2.189921,29.870000000256642,Vw5
12721.309000000174,-7.12399010236024,2.822183173848465,9.780699012447503,0.14151980274413467,-1.078540596738192,0.49832376354061925,52.20986,-2.189921,30.01851485174417,Vw5
12721.409000000174,-2.805613992357836,-1.8998820083754384,10.16169900064554,0.055314999840403056,-0.5718729990802681,0.4143159998402286,52.20986,-2.189921,30.158600000244192,Vw5
12721.509000000175,-7.0716660075933255,-0.10818299675869913,8.534572997126732,-0.07172600022221476,-0.6975770002307615,0.575859000286228,52.20986,-2.189921,30.298600000244193,Vw5
12721.609000000175,2.7940070174585117,-6.114938010615726,8.92974200072525,-0.014094999896218374,-0.7140470000266866,0.34762199959499007,52.20986,-2.189921,30.42870000022675,Vw5
12721.709000000175,-3.6622740116705907,-0.31826698957337296,8.88776599991788,-0.16398000026786,-0.18336199905508854,0.05849699948947995,52.20986,-2.189921,30.529000000176225,Vw5
12721.809000000176,1.1050999922939833,-6.667499990443419,8.949700003857853,-0.18029999981715766,-0.4186999990235148,0.3946999994289853,52.20986,-2.189921,30.630000000242173,Vw5
12721.909000000176,-3.262350988081038,-1.2512254806607466,11.136170592084568,-0.07667254883717209,0.13473137352333348,0.07107254844986283,52.20986,-2.189921,30.76725490220242,Vw5
12722.009000000176,-2.1471707049081195,-1.4520454551014113,10.95440100969548,-0.19051717192563322,-0.009416161895297093,0.12419191929908727,52.20986,-2.189921,30.77989898991679,Vw5
12722.109000000177,-2.477440000609797,0.6109300036781682,11.838348001577717,0.1518300006115593,0.2128390003984829,-0.11923500043443624,52.20986,-2.189921,30.839400000105744,Vw5
12722.209000000177,-1.823677226542236,-1.3734891125128907,9.484140589814583,-0.02878118844946767,0.10786633644104493,-0.06328019791486542,52.20986,-2.189921,31.03603960431253,Vw5
12722.309000000178,0.5885999882414834,-0.5708999984600723,9.266300009520018,0.10590000000688334,0.1795000001892037,-0.13269999936885032,52.20986,-2.189921,31.160000000229445,Vw5
12722.409000000178,-6.007637635507827,0.2929613876768301,14.606795059014388,0.10976138614548955,0.2856386140503796,0.22135940657104233,52.20986,-2.189921,31.288712871516317,Vw5
12722.509000000178,-0.010641989095195648,0.8423380009725685,10.182231991945951,-0.06354900031178458,-0.9202090021707403,0.875528001170216,52.20986,-2.189921,31.35930000012464,Vw5
12722.609000000179,7.42124901325681,-3.465135007757223,6.338171993167448,-0.06054799999145308,-0.19296899867006334,0.06742899853473716,52.20986,-2.189921,31.449100000160254,Vw5
12722.709000000179,0.8925000036790591,-1.8269999981519103,7.7570000057290605,-0.15269999982209204,-0.7282999995126945,0.3706999999385794,52.20986,-2.189921,31.550000000229446,Vw5
12722.80900000018,2.956361389850754,-0.7902673248679661,10.970861391919188,-0.052898019622472536,-0.4549336628746494,0.3362445543934726,52.20986,-2.189921,31.678712871518638,Vw5
12722.90900000018,0.11999999606284606,0.16229999248460394,10.33070000308329,-0.670199999699213,0.06219999967781736,0.17449999996790652,52.20986,-2.189921,31.740000000213954,Vw5
12723.00900000018,-2.0663366375961894,-4.011066344140792,12.042878220901681,-0.5031702967292468,-0.11671089141093713,0.15667821778972402,52.20986,-2.189921,31.858811881401838,Vw5
12723.10900000018,-8.067107010863483,2.5881200120663417,15.825267006841372,0.014785000938073445,-0.5508330007855353,0.1654100000161892,52.20986,-2.189921,31.879800000035974,Vw5
12723.20900000018,2.7879999810190386,-1.8311999874760634,12.243799997097325,-0.23129999880772809,-1.0334999978932429,0.6211999985966244,52.20986,-2.189921,31.87000000008915,Vw5
12723.309000000181,-7.752297048852881,5.123453477981945,10.631918808952676,0.43077920912367634,0.13640099222451885,-0.15810693210893612,52.20986,-2.189921,31.919504950584994,Vw5
12723.409000000182,1.7733336810234954,-2.7943396186040728,8.911235640439275,0.23910594023051482,-0.44197920900262033,0.4292762387149351,52.20986,-2.189921,31.998415841727923,Vw5
12723.509000000182,-0.4394353579986714,1.597340412481965,10.648719195204418,0.16452020188934358,-0.05378282754099134,-0.0338515160324695,52.20986,-2.189921,31.980202020165315,Vw5
12723.609000000182,4.090599985718232,-3.531699991317117,9.369500002736409,-0.13599999956596392,-0.6183999983542647,0.49059999895831335,52.20986,-2.189921,31.969999999711842,Vw5
12723.709000000183,-3.7608851629224684,1.2417653552940493,10.873856438404085,0.10261386182399937,0.2863524769077619,-0.0820732683775986,52.20986,-2.189921,31.811584158125143,Vw5
12723.809000000183,-2.563685997635189,1.3760260001603946,10.639221999537167,0.048371999895027794,-0.041992000625428794,-0.016915999868601234,52.20986,-2.189921,31.710999999816483,Vw5
12723.909000000183,-2.4796189998680505,0.6351919986250844,7.930138994982806,-0.06911900021673459,0.19002200043640544,-0.10539900016534959,52.20986,-2.189921,31.482299999577908,Vw5
12724.009000000184,-0.7347179967667825,-0.4756550020453064,9.43066700283223,0.0038510001374548464,0.05914599975298496,0.09833300037933138,52.20986,-2.189921,31.20279999948615,Vw5
12724.109000000184,-0.42569999962135735,-0.3103999997321393,10.598199999644322,-0.07750000009149152,0.19429999990850846,0.01939999994084283,52.20986,-2.189921,30.61999999845677,Vw5
12724.209000000184,-0.21960000116997397,-0.1645999992816811,10.40460000054879,-0.12729999981591827,0.1444999997236955,-0.012799999889951142,52.2098600000011,-2.1899209999998255,29.77999999878128,Vw5
12724.309000000185,-0.8564316843484984,0.226390099734487,10.703312871840707,-0.027101980012332036,-0.005896039882675536,0.04710099021001889,52.21045801980309,-2.1898259504948734,29.11663366213698,Vw5
12724.409000000185,0.4719180024987113,-0.9370090021853066,9.748375998206681,-0.07906500009915521,0.14119900027819057,0.06561900003354595,52.210464,-2.189825,28.367499998609972,Vw5
12724.509000000186,0.16990000075004677,-2.2120999980818055,10.313600001469231,0.025800000041883583,-0.15909999986791976,0.16659999984367135,52.210464,-2.189825,27.56999999851203,Vw5
12724.609000000186,0.5741574264918202,-1.1782386119452397,11.105481189586476,0.048374257467581436,-0.0879118810561796,0.08234257410126404,52.210464,-2.189825,26.768019800493818,Vw5
12724.709000000186,-2.206670005264181,0.29730000276963686,10.288333998440395,-0.051489000189196145,-0.149075000116961,0.20980400024253038,52.210464,-2.189825,25.86899999831576,Vw5
12724.809000000187,-2.7328690009415806,0.9825280012674191,9.583831998683921,0.07837800024741998,-0.008723999733490112,0.036265999669482823,52.210464,-2.189825,24.91949999822202,Vw5
12724.909000000187,-3.3784300012108983,-1.4127370045409613,7.784404996611544,-0.0006880001519705276,-0.339643000628282,0.28645500047631145,52.210464,-2.189825,24.187299998633762,Vw5
12725.009000000187,2.32462801079365,-3.0621840030723497,10.029242004278007,0.07077000013662374,-0.18390699969924057,0.2636559999520881,52.210464,-2.189825,23.387999998502753,Vw5
12725.109000000188,-0.16754400482038534,-3.3700560005509868,9.180602998352466,-0.21609500054368752,-0.177844999991578,0.28211100003537243,52.210464,-2.189825,22.538499998409176,Vw5
12725.209000000188,-0.23913700008748692,-3.5779300003911403,11.121011003720367,0.06641700054476193,-0.061177999777409106,0.0753899996050807,52.210464,-2.189825,21.896399998790677,Vw5
12725.309000000188,-1.1058500016535295,-0.6667269944390379,11.520068000724152,-0.15364800042557125,-0.06564300001077156,0.048450999952567325,52.210464,-2.189825,21.18709999865828,Vw5
12725.409000000189,-1.1845000008943667,-2.3414999975060753,8.959100002947944,-0.11619999972859958,-0.01800000024049561,0.030799999968533286,52.210464,-2.189825,20.580000000561903,Vw5
12725.50900000019,-1.6572722781211526,-1.0231831658255188,10.517416834628024,0.02726534680576967,-0.1451287131115309,0.014166336602229504,52.210464,-2.189825,20.877029703531612,Vw5
12725.60900000019,1.272899998467496,-2.7170999980144126,9.903300000945874,0.0031000000254730554,-0.27059999974302185,0.20619999988892998,52.210464,-2.189825,20.339999998801268,Vw5
12725.70900000019,0.46280098855352114,-1.667496037601549,10.40330000095389,0.01656534656034235,-0.1347584155824286,0.14748712860086016,52.210464,-2.189825,19.706336632454477,Vw5
12725.80900000019,0.07067899925991084,-2.515528001654564,9.622437998485479,-0.014188000059527667,-0.13567700000438823,0.010180999736513763,52.210464,-2.189825,19.442599999503937,Vw5
12725.90900000019,0.3246950004970178,-2.3668889996968288,9.42481599963444,0.046484000117528984,-0.1977730001196277,-0.08732900018526078,52.210464,-2.189825,18.994499999141425,Vw5
12726.009000000191,0.09356099954953584,-2.770012000779965,9.513386000174386,0.005816999920438985,-0.1806789999658479,0.1112840003846403,52.210464,-2.189825,18.544499999141426,Vw5
12726.109000000191,0.31949400043997045,-2.1870299988685926,9.740713000436346,0.07806600014004264,-0.19990400003739558,0.07162099991967581,52.210464,-2.189825,19.134000001144763,Vw5
12726.209000000192,-0.6254320018427451,-1.1878329980676985,10.387688001254176,0.0753349999932592,-0.18416099996899227,-0.14471900042004882,52.210464,-2.189825,19.14,Vw5
12726.309000000192,-0.4386829996180488,-2.5581570026855998,9.108288997498153,-0.006177000158520213,-0.23914300010728531,0.027934000340154197,52.210464,-2.189825,19.407300000520056,Vw5
12726.409000000192,-1.0468999988341503,-1.8340000003781807,9.897000000266884,0.0390999998951938,-0.13100000017582245,-0.0024000000376080558,52.210464,-2.189825,19.29000000053453,Vw5
12726.509000000193,-0.4422465334888134,-2.0301386142391777,10.035415841850767,-0.015256435748262881,-0.22218811898752294,-0.02190495053261892,52.210464,-2.189825,19.56722772330626,Vw5
12726.609000000193,-0.6031140003247452,-1.8336049996138113,9.976607999882892,0.02993800008898711,-0.16419499988539538,0.05789200015563114,52.210464,-2.189825,19.441299999749603,Vw5
12726.709000000194,0.0837999966938376,-2.0487999997067314,9.588199999879299,-0.0264999999880456,-0.16879999992152517,0.021199999774023308,52.210464,-2.189825,19.089999999942155,Vw5
12726.809000000194,-1.6309000004555543,-1.896700001580565,9.525600000348218,-0.020299999991520986,-0.12810000012101863,-0.09599999988591874,52.210464,-2.189825,19.060000000231245,Vw5
12726.909000000194,-1.8649594063956845,-2.708779209499748,9.704510891436973,-0.01594356434796526,-0.1902782179426776,-0.03738613849989625,52.210464,-2.189825,19.17881188141913,Vw5
12727.009000000195,-2.221300000998789,-2.900699998057921,9.968199999686084,-0.014099999991713692,-0.1938999999682037,0.023900000063399887,52.210464,-2.189825,19.260000000115625,Vw5
12727.109000000195,-2.7344683178294553,-1.90287821588168,9.806912870973532,-0.009842574249147869,-0.17756336630486974,0.05647425748907793,52.210464,-2.189825,19.319405940709565,Vw5
12727.209000000195,-2.410622999347919,-2.0068490002258637,9.859453000107338,0.014752000048665677,-0.11651499987931697,0.022446999931907297,52.210464,-2.189825,19.29029999994113,Vw5
12727.309000000196,-2.26523499971838,-2.3251960006287873,9.643288999570407,-0.00806700004572643,-0.09510999995878734,0.03635600002826011,52.210464,-2.189825,19.24049999990187,Vw5
12727.409000000196,-2.310825000093219,-2.2843449999126686,9.815637000345989,0.0238750000637815,-0.03589599988303454,-0.020425000112844184,52.210464,-2.189825,19.24,Vw5
12727.509000000196,-1.251306997898743,-1.788305999017569,9.807697999980768,0.0024199999568248302,-0.07648400008164032,0.03186600010479791,52.210464,-2.189825,19.24,Vw5
12727.609000000197,-1.5698999990443931,-1.1613999994390454,9.918699999651055,0.03619999994787245,-0.023400000022173663,-0.0004999999669340144,52.210464,-2.189825,19.189999999883298,Vw5
12727.709000000197,-1.0834643554722396,-0.8758554449790228,9.741076237271972,0.009665346482100594,-0.034687128735225864,0.01633168320165261,52.210464,-2.189825,19.130594059288285,Vw5
12727.809000000198,-0.3531279985485448,-0.6777719996094064,9.914134000349792,0.011479000004159464,-0.029552999989502303,0.030261000027531695,52.210464,-2.189825,18.971599999683086,Vw5
12727.909000000198,-0.23333599977499275,-0.036853998721657844,9.8697659999077,0.004272999985540907,-0.015540999972072164,0.02990499999900965,52.210464,-2.189825,18.831399999722702,Vw5
12728.009000000198,0.01757700049972999,-0.03802300001525137,9.917315000096064,0.021921000035454486,-0.027181000023570302,0.007327999954840094,52.210464,-2.189825,18.483499999306755,Vw5
12728.109000000199,-0.42589500089230425,0.004371000084971925,9.523086999210296,-0.03195400010814609,-0.02739900000019807,0.02996900004575412,52.210464,-2.189825,18.173099999385986,Vw5
12728.209000000199,0.12053500111227955,-0.18963600039254574,9.819565000606607,0.00591200007754978,-0.030271000005796248,0.023467999986408805,52.210464,-2.189825,17.773999999200516,Vw5
12728.3090000002,-0.3019760008643189,0.1000540005888722,9.775079999904053,-0.01429200004157686,-0.021290999981810124,0.006866999966618582,52.210464,-2.189825,17.22549999890061,Vw5
12728.4090000002,0.04109999982091059,-0.411099998906049,9.80360000026784,0.004299999966717897,-0.040699999908672325,0.026699999944331722,52.210464,-2.189825,16.639999998613245,Vw5
12728.5090000002,-0.0484049506739616,0.13563267436019466,9.937461386406191,-0.012333663399585788,0.004943564447672896,-0.0011217822338309806,52.210464,-2.189825,15.946930691683924,Vw5
12728.6090000002,0.0501950002008882,-0.1959950006806212,9.95691700003658,0.0032410000317823102,-0.01608300004337585,0.016321000035780086,52.210464,-2.189825,15.256899998620767,Vw5
12728.7090000002,-0.31579300074766314,0.09938200060869909,9.775731999630505,-0.020261000048203803,0.009143000051834216,-0.005874000045581841,52.210464,-2.189825,14.665899998810032,Vw5
12728.809000000201,-0.0337000004575911,0.08879999968034594,9.824899999726524,0.00949999995741944,-0.0075999999800091264,0.01369999998280785,52.210464,-2.189825,14.259999999020447,Vw5
12728.909000000202,-0.2603336638234787,-0.06951683200250873,9.689454455172338,-0.011589108953429872,0.00230099011898116,0.005185148497676203,52.210464,-2.189825,13.774851484169922,Vw5
12729.009000000202,-0.040585148062946746,0.05809009927286368,9.93912871338225,-0.001115841562411124,0.005634653471930578,0.006766336637055145,52.210464,-2.189825,13.221089107793599,Vw5
12729.109000000202,-0.04461313133065322,0.286693939859085,9.912820201955615,-0.017827272762112805,-0.020532323286315164,0.011650505060488465,52.210464,-2.189825,12.784343433467338,Vw5
12729.209000000203,-0.13231500018010509,0.2160369998500142,10.051397000285522,0.018927000075908685,-0.00010899995746671554,0.0020969999802596725,52.210464,-2.189825,12.44339999930807,Vw5
12729.309000000203,-0.0609299998514255,0.14293099985122196,9.732336999341184,-0.028616000098506938,-0.023066000047625254,0.02318600004355472,52.210464,-2.189825,11.935099998962013,Vw5
12729.409000000203,0.21949999945316495,-0.016800000405234817,9.828699999516099,0.015499999930006728,-0.0033000000762462727,0.01280000002924791,52.210464,-2.189825,11.499999998991452,Vw5
12729.509000000204,-0.04891584213046171,-0.21571089149394967,9.591175247041322,-0.018856435713489564,-0.04072574265042955,0.027156435672783825,52.210464,-2.189825,11.004950494041937,Vw5
12729.609000000204,0.11798700034864126,0.07336000059836861,9.988364000821434,0.021588000083853014,-0.015854999948100683,0.011657999967842777,52.210464,-2.189825,10.465399998900956,Vw5
12729.709000000204,-0.07671600040736981,0.5510050009845454,9.892112999792003,-0.023738000094861315,-0.032826000035726985,0.028924000036137643,52.210464,-2.189825,9.974899008993892,Vw5
12729.809000000205,-0.062364999966117954,0.22157599930675287,9.992278000209863,0.02114200009404834,-0.019040999971046253,0.014645999970019526,52.210464,-2.189825,9.4254999888706,Vw5
12729.909000000205,-0.19416700027372583,0.2630470000930216,9.707288999406757,-0.010872000067353393,-0.030978000025052174,0.014896000000821382,52.210464,-2.189825,8.528999998151889,Vw5
12730.009000000206,0.30269999911080886,0.035499999808431305,9.844399999516146,0.01369999992847006,-0.029099999986433978,0.016200000021582308,52.210464,-2.189825,7.559999997697886,Vw5
12730.109000000206,-0.12989999944319472,-0.0576999997203763,9.609000000901146,-0.021099999902111356,-0.022499999978631377,0.02669999997272957,52.210464,-2.189825,6.439999997822436,Vw5
12730.209000000206,0.14099108967005816,0.07833960424220027,10.047415842492331,0.02652376247488962,-0.012103960374504346,0.01343267323984364,52.210464,-2.189825,5.380594057211395,Vw5
12730.309000000207,-0.14419200060243498,0.1811750002123438,9.635999999129908,-0.013491000084730361,-0.03170100004122577,0.01518100000393613,52.210464,-2.189825,4.340399997845487,Vw5
12730.409000000207,0.3032510009423922,0.10052499982908912,9.889992000540285,0.024611000080587076,-0.014079999962710352,0.014407999998342682,52.210464,-2.189825,3.3003999978454868,Vw5
12730.509000000207,0.0032759993627613504,0.03119199985664202,9.703707999604731,-0.012620000078722583,-0.024889000022995284,0.019152000009943902,52.210464,-2.189825,2.359399998052652,Vw5
12730.609000000208,0.15434300032255546,0.10841300016303863,9.966130000553129,0.01323500005489865,-0.021732999993163565,0.013952999989020269,52.210464,-2.189825,1.6569999985498471,Vw5
12730.709000000208,-0.0041830003378972025,0.49985400082457787,9.837921999723749,-0.010359000050360686,-0.0300160000175531,0.014494000001253794,52.210464,-2.189825,1.055999998746207,Vw5
12730.809000000208,0.3020900006499393,0.17808999931244363,9.90778100015026,0.02187200006854665,-0.013467999964890738,0.011727999994148457,52.210464,-2.189825,0.406499998641606,Vw5
12730.909000000209,0.07631199951682971,0.16955299998892387,9.630309999412756,-0.018192000085265347,-0.013993000001462787,0.017244000011703085,52.210464,-2.189825,0.003999999164065182,Vw5
12731.00900000021,0.5269250009561003,0.39274500047125827,9.945092000670419,0.01377300006833767,-0.03092900003573621,0.01571599999665626,52.210464,-2.189825,0.0,Vw5
12731.10900000021,0.3760699996718956,0.6632900005663458,9.970971000047857,-0.012630000056425597,-0.008626999952560704,0.0005529999680254933,52.210464,-2.189825,0.0,Vw5
12731.20900000021,0.5283460003275591,0.3317759992883916,9.962190999980818,0.00452400003709807,-0.029388000044686315,0.01970500004110298,52.210464,-2.189825,0.0,Vw5
12731.30900000021,0.4249599997765492,0.8320130010723532,9.795680999645642,-0.023317000059657162,-0.01781899997491448,0.007821999974282073,52.210464,-2.189825,0.0,Vw5
12731.40900000021,0.5075550001781283,0.40545999908090036,9.73984699988469,0.005704000062397598,-0.03660900004026331,0.01958000002529632,52.210464,-2.189825,0.0,Vw5
12731.509000000211,0.39751999976390096,0.437730000077997,9.680889999875626,-0.026175000068510874,-0.041354000009696926,0.01306699998587622,52.210464,-2.189825,0.0,Vw5
12731.609000000211,0.8141800008895874,0.2678199996374194,9.837314000334334,0.002606000061975991,-0.05001300001833983,0.029236000034571635,52.210464,-2.189825,0.0,Vw5
12731.709000000212,0.4874000007180362,0.8484999995754875,9.88690000016546,-0.013999999980153104,-0.06600000005557102,0.029700000006058495,52.210464,-2.189825,0.0,Vw5
12731.809000000212,0.8276970304264609,0.6473118807603815,9.965315841750876,-0.004594059385943032,-0.0923366337193595,0.032571287134817384,52.210464,-2.189825,0.0,Vw5
12731.909000000212,0.3994599990729696,0.6925230001014204,9.607818999230522,0.0011430000121194347,-0.09091699999638543,0.047054000031042764,52.210464,-2.189825,0.0,Vw5
12732.009000000213,1.6895999997536746,0.675900001128166,9.92479999951367,0.026099999967339235,-0.11089999996459994,0.02689999996333566,52.210464,-2.189825,0.0,Vw5
12732.109000000213,1.5738574254964781,1.205999011028106,9.696285148028975,0.010753465313904292,-0.09426633659829627,0.009672277191092558,52.210464,-2.189825,0.0,Vw5
12732.209000000214,2.2196650014012507,0.7616419990260932,9.981793000623327,0.01337200000600383,-0.14815400011707466,0.04286300007226038,52.210464,-2.189825,0.0,Vw5
12732.309000000214,2.5737890007529014,1.1247860007964325,9.665820999309286,-0.0194680000711943,-0.15543200001458196,0.02082599995153641,52.210464,-2.189825,0.0,Vw5
12732.409000000214,2.6215999990086147,1.412799998811613,9.751599999971948,0.04899999983827563,-0.16570000017808806,0.0106,52.210464,-2.189825,0.0,Vw5
12732.509000000215,2.159718810890718,0.8591366324760761,9.73853069304128,-0.026346534815040443,-0.24867029720762668,0.0106,52.210464,-2.189825,0.0,Vw5
12732.609000000215,3.9862999946983733,1.3087999952904419,9.89770000036999,-0.042199999977685865,-0.3252000000180638,0.04499999993773293,52.210464,-2.189825,0.0,Vw5
12732.709000000215,1.5162999946587825,-0.8853584205863119,10.070076237996515,-0.03180396037355883,-0.33361584160235713,0.015990098947168928,52.210464,-2.189825,0.0,Vw5
12732.809000000216,1.1357939992227628,-0.04194099810967433,9.827863999467136,0.03324400014186633,-0.3261759999835643,-0.009248000054497434,52.210464,-2.189825,0.0,Vw5
12732.909000000216,3.470382005107621,0.746128001702396,9.033102998269275,0.02469299997988785,-0.4730160003209293,0.062176000156571966,52.210464,-2.189825,0.0,Vw5
12733.009000000216,1.7201179961250594,0.01357899838259402,10.08113300230684,0.014303999977508997,-0.42341599988841,0.009637999883652298,52.210464,-2.189825,0.0,Vw5
12733.109000000217,2.587062001932929,0.28716100061396116,10.30781800047188,0.006774999983780526,-0.4176529999885383,-0.0022850000248698585,52.210464,-2.189825,0.0,Vw5
12733.209000000217,2.2154439991617756,-0.12075100090473279,9.575320998381773,-0.030524000081990726,-0.48026700013803225,-0.012300000021806043,52.210464,-2.189825,0.0,Vw5
12733.309000000218,2.230608000041871,-1.041640002019408,10.050327001062696,0.005037000079162541,-0.44327999991713013,-0.018736000013957033,52.210464,-2.189825,0.0,Vw5
12733.409000000218,2.3573220002787045,-0.8725019996070223,9.467535998705486,-0.03162600008156141,-0.4617100000414349,0.11930500030421971,52.210588740000276,-2.1897873799999172,0.0,Vw5
12733.509000000218,3.4214640023412923,-1.6252780016621955,10.614950002540617,0.03819100015461775,-0.6074300003205756,0.07209099989292339,52.21059,-2.189787,0.0,Vw5
12733.609000000219,2.335499998839881,-1.6997999867120122,8.1934000010432,-0.1291000001279416,-0.3909999998054942,-0.021000000947459352,52.21059,-2.189787,0.0,Vw5
12733.709000000219,1.8040148503165105,4.3878237757618015,8.671320793130068,-0.1877138615150197,-0.3018910889129768,-0.45505940689501084,52.21059,-2.189787,0.0,Vw5
12733.80900000022,0.7749409977260386,4.859055000911476,8.732827000126,-0.17146999996261741,-0.5529550005596395,0.32200700173565205,52.21059,-2.189787,0.0,Vw5
12733.90900000022,1.5436310017303745,3.110899996107812,11.560246006278959,0.13916400068959894,0.14799400156259257,-0.17797000112807487,52.21059,-2.189787,0.0,Vw5
12734.00900000022,1.7240570003832816,2.3229799982891963,9.747597995910343,-0.0325340003883392,-0.11002200058888587,-0.256558000163164,52.21059,-2.189787,0.0,Vw5
12734.10900000022,2.1981290010491317,-6.520946019626742,9.90244800038526,0.053414000194829295,-0.0368659998315584,-0.3730310002570603,52.21059,-2.189787,0.0,Vw5
12734.20900000022,2.061428999683193,0.5043360159321351,8.707091997319223,0.01509599991220742,0.1573460004331987,-0.11689899942380577,52.21059,-2.189787,0.0,Vw5
12734.309000000221,1.9051639996532352,-5.135902012792606,10.901809004942285,0.14904300030086948,-0.1673010007314431,-0.06153299988182505,52.21059,-2.189787,0.0,Vw5
12734.409000000222,2.4812650012937163,1.6497750153261617,10.199221998376592,0.013680999693809343,-0.022891999669198804,-0.3008770005372194,52.21059,-2.189787,0.0,Vw5
12734.509000000222,1.1016939968972976,-3.286243011209327,11.589978003131083,0.1659480003441042,-0.4325470009207891,-0.02659499938030202,52.21059,-2.189787,0.0,Vw5
12734.609000000222,1.4470700008048314,0.2701660080780228,10.158105996761606,0.0327609996982437,-0.13900699933329813,0.03728300013679916,52.21059,-2.189787,0.0,Vw5
12734.709000000223,1.314673999692887,-1.0380180030358137,8.48940799626547,0.044864000030398365,-0.6096160010693072,0.3663820007416308,52.21059,-2.189787,0.0,Vw5
12734.809000000223,2.7519999937832487,2.709599984827397,10.50369999831002,0.09229999971556768,-0.12340000139801582,-0.27359999872825086,52.21059,-2.189787,0.9000000006202574,Vw5
12734.909000000223,-0.02661386759738482,-4.07188516367402,9.748353463658052,-0.03482871315546757,-0.7482514865452927,0.2948158428547815,52.21059,-2.189787,1.1772277233919852,Vw5
12735.009000000224,-0.3347000000531649,-3.8214000002972806,10.022799998100904,-0.0034000001639251636,-0.29830000125491357,-0.07019999915401325,52.21059,-2.189787,1.4400000007974738,Vw5
12735.109000000224,-0.3584623762907416,-3.95427128742573,9.173988116914467,-0.07666732689645328,-0.8591910903627134,0.30791881272642574,52.21059,-2.189787,1.7964356443611242,Vw5
12735.209000000224,0.3152920015340903,-3.0152979978597547,9.935918001753567,0.03258900025034876,-0.4821649991290748,0.2050769997573127,52.21059,-2.189787,2.2356000009914805,Vw5
12735.309000000225,1.9840130037830275,1.3568330099307007,9.545224999092948,-0.08609000027267905,-0.6898630004815829,0.20192099999526755,52.21059,-2.189787,2.735000001126773,Vw5
12735.409000000225,0.5122359966115682,-0.8374900050952676,11.040555003412996,-0.0028529998077725383,-0.5185519996051788,0.12121499981633599,52.21059,-2.189787,3.3340000013521274,Vw5
12735.509000000226,1.2809830017841324,1.7862690060239532,9.804735997152418,-0.10505900023459415,-0.3081079995249525,0.047139999833237606,52.21059,-2.189787,4.023100001554947,Vw5
12735.609000000226,-0.47666600401897385,-1.5191420075849853,9.9596080003813,0.02438200029701737,-0.5086530004613009,0.19212800033172198,52.21059,-2.189787,4.8022000017577655,Vw5
12735.709000000226,2.7772520075070317,2.498874009296562,9.092970998007619,-0.01528600009404233,-0.03658899891215278,0.01648899959361899,52.21059,-2.189787,5.691100002021683,Vw5
12735.809000000227,1.1515549961937064,-1.4096070090626363,9.515147000988888,-0.027382000026806484,-0.2794980005683883,0.093405000180603,52.21059,-2.189787,6.4326000016810845,Vw5
12735.909000000227,-1.392899999601308,-2.5520999989299926,9.424399998754398,0.058599999569791,0.3390999993982477,-0.2359999998135986,52.21059,-2.189787,7.390000001418271,Vw5
12736.009000000227,-1.2175534649481903,-2.081505939524985,8.876578216577265,-0.1306079212219134,0.07444653405223733,-0.15401980179395905,52.21059,-2.189787,8.01376237765466,Vw5
12736.109000000228,1.1697040054739747,-1.2308449980588017,10.399660003507561,0.057877000436854786,0.1637710002110443,-0.23309300018332907,52.21059,-2.189787,8.911000002044561,Vw5
12736.209000000228,1.236599994247446,2.562999993542813,8.793500001050422,-0.07039999955740926,0.2237999995105838,-0.10970000008554653,52.21059,-2.189787,9.580000001823493,Vw5
12736.309000000228,-1.2934000057931068,-0.2769009966017171,9.255480199077628,0.12425346579224543,0.008552474754658396,-0.1473237624623872,52.21059,-2.189787,10.38198019985615,Vw5
12736.409000000229,0.008989003071019352,-0.42905000028624074,9.420876000371884,0.04254499980650127,0.0117460000123656,0.0037700003503586266,52.21059,-2.189787,11.122600001694545,Vw5
12736.50900000023,0.21287600044058172,0.784628002810197,8.524173997922121,0.07486500007671251,-0.054926000154340994,0.11083400024410607,52.21059,-2.189787,11.951700001900639,Vw5
12736.60900000023,0.6220860009420754,-0.07449800201559265,10.420751004407878,0.07826900000709877,-0.09064600008106337,-0.06481500040875174,52.21059,-2.189787,12.61340000151135,Vw5
12736.70900000023,-0.19589600191650813,1.0132240025562675,9.908666998761332,0.03137399989060394,0.0057230002254851225,-0.0726390000140784,52.21059,-2.189787,13.65950000242333,Vw5
12736.80900000023,0.25139800106219484,-0.593360003771461,10.394043001144132,0.10079400016295297,-0.05339300014010262,0.07174100033675405,52.21059,-2.189787,14.026400000830922,Vw5
12736.90900000023,0.5871550007720647,1.776002005562097,9.923898998892335,0.0072519997802673875,-0.17052300027166523,0.04003499992267813,52.21059,-2.189787,14.732900001638763,Vw5
12737.009000000231,-0.6266060028375975,-0.8959670062856913,10.574480001527972,-0.03468600009555599,-0.356632000431156,0.15176800026127868,52.21059,-2.189787,15.106300000854002,Vw5
12737.109000000231,2.079442006337624,3.1032290093873365,9.671982997880459,-0.10261800015741351,-0.17376599956930563,-0.008965000377376908,52.21059,-2.189787,15.654500001269463,Vw5
12737.209000000232,-0.5935999944285021,-1.3241999961862492,9.478200003183614,-0.0648000001180218,-0.272499999747717,0.2306999997012859,52.21059,-2.189787,16.080000001212237,Vw5
12737.309000000232,1.818182183827978,0.32669109294912335,10.856318815086894,-0.11588910902973179,-0.1632920789538873,0.10139306900614398,52.21059,-2.189787,16.604752476468175,Vw5
12737.409000000232,0.3016000049503022,-0.29609999411261206,11.417499992613736,0.0830999996632024,-0.3208000000387282,0.25230000002189995,52.21059,-2.189787,17.09000000099126,Vw5
12737.509000000233,2.427738618807476,2.232513867268517,8.245123754996259,-0.06155346568304569,-0.33743366340503195,0.26170594061594066,52.21059,-2.189787,17.51574257524784,Vw5
12737.609000000233,-0.7939430076202787,-4.14007501503375,9.270027002482866,0.08005500033615118,-0.3574000000465261,0.2718980000237283,52.21059,-2.189787,18.13380000144231,Vw5
12737.709000000234,1.0338070044056684,0.9456760121960572,9.440783000379074,-0.08224600038774947,-0.408783000121201,0.2294299998991944,52.21059,-2.189787,18.724100001383146,Vw5
12737.809000000234,-1.3434970056743825,-3.772714011297186,10.361516002176629,-0.094691000025555,-0.5318620002902485,0.4136350004372484,52.21059,-2.189787,19.522000001875597,Vw5
12737.909000000234,0.6721950048308327,1.943375013650824,10.433368000148171,-0.07628699995615794,-0.043049998839474746,0.13542899933674224,52.21059,-2.189787,20.094300001336364,Vw5
12738.009000000235,-0.05118500176188823,-1.0329480071863477,10.29183599966333,-0.08382200001828707,-0.2462970004930474,0.20615700017419603,52.21059,-2.189787,20.59500000117225,Vw5
12738.109000000235,1.2102820030051742,1.3338830056776647,10.01498199934776,-0.055189999932009626,-0.13821299973905765,0.17700199992919624,52.21059,-2.189787,21.243500001523923,Vw5
12738.209000000235,-1.6466130068481886,-2.3735070089049843,9.303755998309391,-0.11340900013962396,-0.2419410002501891,0.13531799990124735,52.21059,-2.189787,21.725200001134002,Vw5
12738.309000000236,1.7127740080865272,1.9382660103802216,11.203043004549823,0.06479400042670098,-0.08608499962551441,-0.009541000344715778,52.21059,-2.189787,22.29430000134673,Vw5
12738.409000000236,-1.7068000019541119,-0.9427999966959305,10.996799993679797,0.07340000043259849,-0.1885999992815527,0.22279999946840925,52.21059,-2.189787,22.750000001020062,Vw5
12738.509000000236,-2.5331725509704777,0.45445490525937193,8.324054895651066,0.256341176902469,0.11522353012902004,-0.002003922099336225,52.21059,-2.189787,23.181372550037977,Vw5
12738.609000000237,0.011564652639555195,-0.6666747502450321,8.25901818179026,0.06677171670586643,0.10565959592188878,-0.14300707103617324,52.21059,-2.189787,23.77404040544846,Vw5
12738.709000000237,1.7603000041424066,-0.12053499865847928,10.8432950062148,-0.05924700029830088,0.23657600031520382,-0.31537300041114574,52.21059,-2.189787,24.314600001285577,Vw5
12738.809000000238,0.0875719959353698,1.0348860027651485,9.154224995875134,-0.17514200027570537,-0.07305900074783289,0.1359240010894885,52.21059,-2.189787,24.85460000128567,Vw5
12738.909000000238,1.0734690024120646,2.4755650034367935,10.808317004019631,0.03803500051545952,0.1167510004640326,0.07139799983381491,52.21059,-2.189787,25.17680000076188,Vw5
12739.009000000238,-4.729284013979547,-1.837686010407758,9.453356996700823,-0.10711200035427422,-0.34541200111615433,0.11178500009880632,52.21059,-2.189787,25.635400001095203,Vw5
12739.109000000239,4.036266021221692,1.7972420088468561,10.786395003239182,0.1401870005983139,0.5505030021658821,-0.37507800117186674,52.21059,-2.189787,25.976600000809498,Vw5
12739.209000000239,3.623271998783286,3.6552080044120263,9.214118996157229,-0.13578700067480587,0.08103399884037982,0.051244001044953524,52.21059,-2.189787,26.445300001127475,Vw5
12739.30900000024,-1.8139300131636702,-3.6501230177475645,8.947629999393037,0.17483400075954403,0.6164430013091698,-0.2757530008029671,52.21059,-2.189787,26.667800000527794,Vw5
12739.40900000024,2.0884280095895438,5.5426960224562105,10.521873003820993,0.09167199979080153,0.6145739999822469,-0.3456280001612172,52.21059,-2.189787,26.759100000215916,Vw5
12739.50900000024,-2.656270011594682,-1.1828200165247607,8.732732995625785,0.09782900001703336,0.14246799885612577,-0.08850399937528347,52.21059,-2.189787,26.958000000479814,Vw5
12739.60900000024,4.030099986430173,4.742899977219826,10.783099999575414,0.22269999966955628,0.6252999987866296,-0.31979999909448903,52.21059,-2.189787,27.08000000033282,Vw5
12739.70900000024,-1.621484172076256,-4.744624775407494,10.606268316404265,0.08507623729111272,0.11995346412506425,0.05732871378284293,52.21059,-2.189787,27.21861386172118,Vw5
12739.809000000241,2.242202009571847,3.782806021052841,10.178007998958646,-0.06282000035775373,0.5773290011290999,-0.5624020015223872,52.21059,-2.189787,27.33880000029007,Vw5
12739.909000000242,-0.059451005716566474,-4.0745530193977455,10.495648000786092,0.09023900037733354,0.014828998615154632,0.0463870015018405,52.21059,-2.189787,27.49840000038676,Vw5
12740.009000000242,2.6813760067499426,7.763315029100124,10.464843999916846,0.1901070002400334,0.8856460021402375,-0.5021960013546297,52.21059,-2.189787,27.68810000045928,Vw5
12740.109000000242,-0.03488100670038907,-0.6368340208043461,8.371639994889923,0.22327500007856077,-0.2141020027068422,0.05333200137010008,52.21059,-2.189787,27.729600000096692,Vw5
12740.209000000243,0.9278950024364806,7.372726019914121,10.276545004737804,0.244291000050897,0.5828370019879052,-0.40956700115261,52.21059,-2.189787,27.977500000608817,Vw5
12740.309000000243,-2.9459690095544935,-6.895946035302749,9.09859499705433,0.12956099971724483,-0.5209680027354917,0.4082910020236111,52.21059,-2.189787,28.138400000389673,Vw5
12740.409000000243,2.462077013400549,2.500522023472331,12.172528007591769,0.42530100073039,0.2830650020055888,-0.2656090016782651,52.21059,-2.189787,28.387500000608863,Vw5
12740.509000000244,3.786181003121997,1.8265809981049803,10.41892799560938,-0.2250010016071502,-0.46911900187066524,0.20438300117315383,52.21059,-2.189787,28.687000000730634,Vw5
12740.609000000244,1.820299999076184,4.318000001203761,11.499799998038943,-0.09009999995704303,0.008799998865743043,0.038300000617566714,52.21059,-2.189787,28.90000000016893,Vw5
12740.709000000244,1.4412900980800099,4.81186138735029,10.695245542580501,-0.07247623758052293,-0.4565465357951812,0.29166633725529123,52.21059,-2.189787,28.969306930863112,Vw5
12740.809000000245,-3.873099985747588,-2.4653999937045765,9.523600000120837,-0.057599999914903714,-0.4800999993807422,0.343199999911743,52.21059,-2.189787,29.040000000632144,Vw5
12740.909000000245,1.930860410280518,0.09826337262697793,9.572807920912819,-0.02294653456843771,-0.22792178155945952,0.30725940585240824,52.21059,-2.189787,29.297425743205892,Vw5
12741.009000000246,-1.4674999919049119,-2.3021999855873636,9.099900003268427,-0.15369999964891704,-0.46359999916484074,0.2551999995764636,52.21059,-2.189787,29.290000000486263,Vw5
12741.109000000246,1.829034661553904,3.5670079351930886,10.430890102275692,-0.010729702619497322,-0.12350098926452441,0.08272475205205285,52.21059,-2.189787,29.48801980246607,Vw5
12741.209000000246,-2.378269010586293,-1.4475550126659344,8.86683299606193,-0.08711400019427114,-0.43670200079043137,0.26286300045404076,52.21059,-2.189787,29.480099999975284,Vw5
12741.309000000247,-0.7146369957393157,3.965505013643236,10.07751000306259,0.23533500080705075,0.032924001180543505,0.026505999405279007,52.21059,-2.189787,29.54930000017303,Vw5
12741.409000000247,-0.588301999727605,0.8830929921660462,11.03544900236084,0.07584399959363203,-0.24732100071163832,0.17091700036657162,52.21059,-2.189787,29.66880000029662,Vw5
12741.509000000247,0.17836700191146204,3.673296007045689,10.033021997473302,-0.00965300020936355,0.29489400136098665,-0.1616260008339937,52.21059,-2.189787,29.778900000271904,Vw5
12741.609000000248,-1.4727440041417896,0.7585299926512654,8.630859996524613,-0.08445300018464531,-0.013925000784804353,0.04012800051216206,52.21059,-2.189787,29.928500000370775,Vw5
12741.709000000248,0.49436100498937563,-0.64997300346759,10.613729005022241,0.022512000270893798,0.255150000684704,-0.13986100045788025,52.21059,-2.189787,29.900299999925302,Vw5
12741.809000000248,-3.6743890105355,-2.4375840044611103,7.992480993356391,-0.2557780007026821,-0.10681600091732135,0.03838100045293366,52.21059,-2.189787,29.9594000001494,Vw5
12741.909000000249,0.6196980109067627,1.7546730105892854,10.187261005587343,0.05503200078883663,0.33836600112897264,-0.4237140011668208,52.21059,-2.189787,30.098600000348604,Vw5
12742.00900000025,1.7200280026573436,3.7627460049436747,10.127529999793328,-0.10455600040935839,0.0144179991738132,0.09946800132767575,52.21059,-2.189787,30.436600000846607,Vw5
12742.10900000025,1.2052079986783002,6.340661006433949,11.379347003150615,0.05814000041334243,0.6969720017250821,-0.5122670015520261,52.21059,-2.189787,30.727100000722103,Vw5
12742.20900000025,0.3917629979527012,1.4496649875439065,10.076091996666335,0.05643399999147272,0.17098299864993138,-0.10774899895942147,52.21059,-2.189787,30.848800000300965,Vw5
12742.30900000025,-1.453444004654224,-2.8259140107065215,9.515725998613966,0.14262900021846459,0.6158520011407314,-0.2062630002601008,52.21059,-2.189787,30.958900000275904,Vw5
12742.40900000025,-0.04372699638141353,2.0723910125181986,9.46663999988964,0.04073799973964837,0.47684999963631036,-0.24541500009656586,52.21059396000001,-2.1888375899975947,31.148100000476557,Vw5
12742.509000000251,-0.7462580018164416,-2.300921011206407,9.520947000138703,-0.249776000733399,0.19592299929193385,-0.15600699977250584,52.210594,-2.188828,31.466800000802625,Vw5
12742.609000000251,-1.5415400019965309,1.7823040104582093,7.91779899593696,-0.14073099971632208,0.28239800022624006,-0.08579999982442568,52.210594,-2.188828,31.816500000877873,Vw5
12742.709000000252,-0.2668559967270392,0.8666699975571526,10.018220005401043,-0.07772499984211173,0.12153399958721689,-0.016888999825943968,52.210594,-2.188828,32.047700000581024,Vw5
12742.809000000252,-1.6610860035910169,2.2864610036478608,8.670825996507007,-0.1225410001159615,0.05733199984033188,-0.10728000023242829,52.210594,-2.188828,32.30740000065686,Vw5
12742.909000000252,-0.5070999970188548,0.0761719943226864,11.009438006003219,0.09410700055403831,0.2268810004342872,-0.06553099989111241,52.210594,-2.188828,32.42880000030317,Vw5
12743.009000000253,1.155129004211752,0.4764300010787704,8.030430992337193,-0.09962100049997344,0.22612499999368402,0.011922000196553484,52.210594,-2.188828,32.61810000048001,Vw5
12743.109000000253,-0.5184270043133132,0.9845110012856821,9.843678004704651,-0.1334780000813499,0.15422599981658378,-0.10758500030695692,52.210594,-2.188828,32.83780000055581,Vw5
12743.209000000254,-0.9700110011167382,2.085926002817671,9.791910999819093,-0.12736499998346137,0.15785600001119537,-0.04078699982519955,52.210594,-2.188828,33.03800000050888,Vw5
12743.309000000254,-1.1797260005277468,-0.3831480063746926,10.564786001988338,0.03397100041451276,0.19472800009465854,-0.07277000008397128,52.210594,-2.188828,33.13900000025446,Vw5
12743.409000000254,-0.2665449976475317,-0.3529579998580122,9.848810998139655,0.02718499997837103,0.1403529998592845,-0.13893500016921484,52.210594,-2.188828,33.22910000022901,Vw5
12743.509000000255,0.2928430014140255,-1.5294110030252561,9.821798999949364,0.014526999967683777,0.2912700003893214,-0.12989799997506307,52.210594,-2.188828,33.14089999977099,Vw5
12743.609000000255,-0.3897490017687406,3.2881180124129914,8.878921997577047,-0.2128050005839821,0.33655800011247067,-0.20098100018295562,52.210594,-2.188828,33.04099999974554,Vw5
12743.709000000255,1.340948004497862,1.8231899960817963,12.378752009083877,0.13169700089767605,0.35759200005330194,-0.30871900027701626,52.210594,-2.188828,33.01029999992312,Vw5
12743.809000000256,2.342799991525577,3.534699985447568,9.328799996308247,-0.030799999156925426,0.4506999994395586,-0.20949999960918922,52.210594,-2.188828,33.14999999987303,Vw5
12743.909000000256,-0.9613584243094615,-2.139260410580796,7.889394055717039,0.2979128721295521,0.23218514795484294,-0.057123761985728716,52.210594,-2.188828,33.10049504937808,Vw5
12744.009000000256,1.0246060052265211,3.9578400159302034,10.56077100695255,0.1762619996765779,0.658571001109425,-0.4714990010766214,52.210594,-2.188828,33.030699999820605,Vw5
12744.109000000257,-2.1704210083236344,-4.548450022180811,8.849063995498744,0.029469999623272125,0.03167599836597523,-0.042376998878273786,52.210594,-2.188828,32.960699999820605,Vw5
12744.209000000257,3.6106770151551273,5.055615025261986,11.123548005975026,0.1605610003455667,0.5918770014769816,-0.2871830006495829,52.210594,-2.188828,32.96990000002581,Vw5
12744.309000000258,1.0317429931235376,0.11558798686599037,9.699517996227147,-0.11431000072008896,-0.19192500205831886,0.3155860015780014,52.210594,-2.188828,33.009600000103234,Vw5
12744.409000000258,2.8132360047138727,5.826104015020178,10.82854800298153,0.049517000434376277,0.4363730016587857,-0.35585600176641186,52.210594,-2.188828,32.94069999981933,Vw5
12744.509000000258,-0.8943650097134581,-1.6140590195484794,9.462811996409362,-0.05077000026583931,-0.5310630025388943,0.3233700017886082,52.210594,-2.188828,32.85089999976771,Vw5
12744.609000000259,1.5271000013825256,0.8662000072269314,10.116599997340824,0.06759999963889637,0.10279999855558554,-0.042199999079339225,52.210594,-2.188828,32.679999999769834,Vw5
12744.709000000259,2.06234752614358,3.6641207993509863,9.087095046829274,-0.07220198056136426,-0.456407922245457,0.31423564449073044,52.210594,-2.188828,32.59089108887732,Vw5
12744.80900000026,1.4375649983456387,1.787933995000787,10.361622003373181,0.015104000232884204,-0.08223599900296452,-0.05869700098845826,52.210594,-2.188828,32.51079999979206,Vw5
12744.90900000026,-0.060136003915365555,2.1341090009593477,9.381827997393568,-0.05052800017466315,-0.24739300044367557,0.13312400051359283,52.210594,-2.188828,32.38129999966211,Vw5
12745.00900000026,-0.28587200055309997,-1.421745009345258,10.48396600291989,0.04255300024613989,-0.26078200003067004,0.2109340001990952,52.210594,-2.188828,32.18199999948017,Vw5
12745.10900000026,0.42779999916711536,3.8340999892039194,9.234600003522633,-0.009999999912436372,-0.3481999997154182,0.332199999125909,52.210594,-2.188828,32.089999999974246,Vw5
12745.20900000026,0.10760197936000282,-0.3163950603675585,10.588857429286914,0.023663366424736876,-0.23879405911960516,-0.0038396048398733895,52.210594,-2.188828,32.08009900987508,Vw5
12745.309000000261,0.6482070014377069,3.040275008984033,9.906033998158959,-0.16944600051142897,-0.24859000002879078,-0.03482100007302389,52.210594,-2.188828,32.10970000007852,Vw5
12745.409000000262,-0.8406060039506187,-2.8559950156791993,9.466567998856743,-0.011811999578084154,-0.2604810000311464,0.3383280009872621,52.210594,-2.188828,31.971399999633572,Vw5
12745.509000000262,0.6328999967325619,1.3593999950463262,11.107499997629622,-0.13029999997795602,-0.04770000041520504,0.15699999983090962,52.210594,-2.188828,31.839999999507253,Vw5
12745.609000000262,-0.6145257458392241,-0.5317881237618081,10.202549502581912,-0.12188415839381427,-0.20621485190003955,0.09244554438549296,52.210594,-2.188828,31.651881187626437,Vw5
12745.709000000263,0.28657200243190273,2.454346007999347,10.33942600038845,-0.17347800013756537,-0.2418560000906561,0.1677330002021315,52.210594,-2.188828,31.62029999992094,Vw5
12745.809000000263,-1.8543810057241157,-3.1296890149463747,8.881144996113907,-0.18449400002793664,-0.20190699989273378,0.276014000286219,52.210594,-2.188828,31.69920000021084,Vw5
12745.909000000263,-0.28952599577629345,-2.265204997547636,10.1563700034341,-0.06966099969401454,-0.4731560007231904,0.2702689999818148,52.210594,-2.188828,31.690099999973647,Vw5
12746.009000000264,0.156000000829126,-2.7162999813364395,10.275599998445944,-0.083099999768367,-0.38770000006136834,0.2274000000062674,52.210594,-2.188828,31.569999999399375,Vw5
12746.109000000264,0.4703564364720676,4.359838632510929,9.686392077655032,0.004721782409676828,-0.41096732679399556,0.22977623763002508,52.210594,-2.188828,31.342277227122597,Vw5
12746.209000000264,-0.2811770020227949,-1.0385560146592256,10.592191002443647,0.08064200020113846,-0.46664000014859836,0.31583100023059274,52.210594,-2.188828,31.1716999995489,Vw5
12746.309000000265,1.1731999931235324,2.8769999872827974,8.97470000097226,-0.19409999922665302,-0.19900000068570797,0.1047000004926369,52.210594,-2.188828,31.15000000047803,Vw5
12746.409000000265,-1.4161000005494693,-1.91159999364432,9.340799996596688,0.09709999917247625,-0.45719999880120593,0.2901999995615399,52.210594,-2.188828,31.33000000026557,Vw5
12746.509000000266,-1.6229999945143356,0.48159999436242795,8.059300004520574,-0.21449999932571154,-0.005800000370739144,0.1250999997291161,52.210594,-2.188828,31.429999999548528,Vw5
12746.609000000266,0.4426000017322686,-1.6412000007591165,9.76150000254371,0.03939999961242198,-0.14539999948016163,0.023099999185665458,52.210594,-2.188828,31.259999999815943,Vw5
12746.709000000266,1.094877229465496,-1.9270415849221139,10.71932178473728,-0.1065405944493232,0.050342574780401605,-0.2835336641855861,52.210594,-2.188828,31.19069306912176,Vw5
12746.809000000267,0.5910549986226286,-0.3738179958002861,10.2258809986424,-0.054935999856785434,-0.09115100038716027,0.20691500133194896,52.210594,-2.188828,31.269200000213754,Vw5
12746.909000000267,-2.231200006369476,0.7974999851947211,10.156799999538551,0.01680000018134964,0.13599999787834158,0.13799999978238045,52.210594,-2.188828,31.479999999973526,Vw5
12747.009000000267,-4.61327921428555,-4.739430707863617,9.98422574211315,0.0846217823594331,-0.65746534865474,0.05661386116868028,52.210594,-2.188828,31.470099009874534,Vw5
12747.109000000268,-1.9100459926399473,0.5814940145100937,10.073976000246883,-0.14527100062228865,0.14719200219310669,-0.3095100009859361,52.210594,-2.188828,31.519500000133597,Vw5
12747.209000000268,-1.5934999901152531,-6.876299970026478,10.236700000552256,-0.25809999956105445,-0.6675999975317917,0.52599999834535,52.210594,-2.188828,31.55000000005295,Vw5
12747.309000000268,2.103232683211327,4.333303990549237,10.443234654020912,-0.09394158371683903,0.25546930941369694,-0.0928118828526876,52.210594,-2.188828,31.569801980251285,Vw5
12747.409000000269,-1.162440008974185,1.7641829927143924,8.251954994040075,-0.25436300044036997,-0.4489910019392956,0.2809620010324617,52.210594,-2.188828,31.609600000107605,Vw5
12747.50900000027,-0.5014139981131613,3.8779750058173486,10.928837007334028,0.06763100087939483,0.3218410021141523,-0.27385700151802544,52.210594,-2.188828,31.70900000026901,Vw5
12747.60900000027,-3.280953007571834,-2.0615860161981883,9.876801997067249,-0.010973000222471552,-0.3354810018074804,0.16382200120462836,52.210594,-2.188828,31.75950000013451,Vw5
12747.70900000027,-4.20128800244055,-1.5890809985427654,9.197550998171753,0.09195200028381008,0.15824500136895042,-0.12662100080674638,52.210594,-2.188828,31.690699999810434,Vw5
12747.80900000027,-1.740348993243079,-3.2941230046791183,9.45216000071499,0.07508099995097989,-0.17666600093002793,0.000288000355328083,52.210594,-2.188828,31.610799999783335,Vw5
12747.90900000027,-1.7917290002088093,1.5591030133239903,8.559047997549538,-0.029545000285724946,0.11987000082061286,-0.2737190007531764,52.210594,-2.188828,31.67930000018958,Vw5
12748.009000000271,-2.0681000053642355,0.7885000006641563,10.008099997316004,0.10509999947565199,-0.17879999914612313,0.14469999956313276,52.210594,-2.188828,31.750000000483023,Vw5
12748.109000000271,-4.047307926152394,1.033549505614166,9.017802967614994,-0.08836534705861823,0.13624950580374776,-0.01648811924842908,52.210594,-2.188828,31.92821782226485,Vw5
12748.209000000272,-2.6946629962205284,2.6089120043315477,10.264408003460222,0.10878900054825917,0.12148099995065395,-0.20986300052808454,52.210594,-2.188828,31.979500000136316,Vw5
12748.309000000272,-5.098164363088333,-2.9954594214077868,9.994704949717887,-0.034955445945679633,0.27401485190542624,-0.19278415836350918,52.210594,-2.188828,32.097623762699946,Vw5
12748.409000000272,-1.1267232211384002,0.4663171816640803,9.377440402338982,0.04040101031885174,0.2869000000272646,-0.2354606061804052,52.210594,-2.188828,32.1989898992653,Vw5
12748.509000000273,-2.650593004309752,-1.8627060065146592,10.46277400300622,0.10218400016795137,0.05791399936909178,-0.06344199952504662,52.210594,-2.188828,32.29900000027265,Vw5
12748.609000000273,0.8228550096094902,2.038354010809416,12.004538004215688,0.11052200002126657,0.29428900065735514,-0.22079300043814584,52.210594,-2.188828,32.40890000029991,Vw5
12748.709000000274,-0.009041002403899934,0.5943859958871056,17.613896015507475,0.4983830010750171,0.28828499997667184,-0.29744200020803246,52.210594,-2.188828,32.46940000016467,Vw5
12748.809000000274,0.25633100076,2.222503004555334,10.436469979944674,0.25479999931383174,0.24770899988774286,-0.2864189999673384,52.210594,-2.188828,32.509600000109785,Vw5
12748.909000000274,-3.8153440112959762,-4.752874019384528,4.848307984709975,0.5073240007070279,0.49925500069851936,-0.4887550005612857,52.210594,-2.188828,32.59910000024702,Vw5
12749.009000000275,-1.572767993668588,-1.9517079920382518,5.624695002306898,0.022918998649895328,0.4016119997222391,-0.21765899924274468,52.210594,-2.188828,32.7287000003568,Vw5
12749.109000000275,0.7250230063064351,-4.871613008175558,8.283627007348313,-0.4467060012883496,0.41901400005105094,-0.28222000018663773,52.210594,-2.188828,32.76960000010979,Vw5
12749.209000000275,-0.15210800251182965,4.407768025978043,5.118936991093945,-0.5732690003400861,0.6011620005077808,-0.20013599976903984,52.210594,-2.188828,32.88880000033152,Vw5
12749.309000000276,-7.536601020583054,-3.5353170224297488,8.418248009297587,-0.7579470005119585,-0.4444200029231091,0.3959870016613096,52.210594,-2.188828,32.89990000002763,Vw5
12749.409000000276,-7.088654453988554,-2.8006811858436644,13.797017836688587,-0.291461384832516,-0.37697623740617053,0.07088910798749243,52.210594,-2.188828,32.90980198022535,Vw5
12749.509000000277,1.3403999902244268,3.2803999891039726,12.659599983397676,0.14510000003093362,-0.15480000058007393,0.02670000112510798,52.210594,-2.188828,32.900000000027376,Vw5
12749.609000000277,-2.195243574125004,-0.660491099997131,6.654847508162049,0.15628811884279267,-0.36460198077767814,0.4336306941936087,52.210594,-2.188828,32.90990099012636,Vw5
12749.709000000277,0.9250250088640266,-0.23390699869104398,7.776563003319525,0.09838599983704095,-0.11583399929532728,0.26415299951251336,52.210594,-2.188828,32.82089999974972,Vw5
12749.809000000278,0.26954299806911497,-2.5953000066467165,9.61881200514161,-0.0035760002847798067,-0.0007369996837942872,-0.022225000799552752,52.210594,-2.188828,32.711099999694085,Vw5
12749.909000000278,-2.7677900085128027,-2.094400998525764,9.630369999980532,-0.22824100062823988,-0.4067870011438471,0.25685200079204384,52.210594,-2.188828,32.55159999955503,Vw5
12750.009000000278,-1.0226369950116254,0.0006910058705242861,10.957791003729113,-0.07972299957644566,-0.06439999902663146,0.00814099929333445,52.210594,-2.188828,32.856900000862126,Vw5
12750.109000000279,0.6678060046983108,3.0717920085678676,10.64410399908114,-0.07740799999777516,-0.2867190006343581,0.21132200057790282,52.210594,-2.188828,32.61249999930474,Vw5
12750.209000000279,1.6619574285034955,2.0422217791824657,10.689221782315018,0.02620693098577681,0.01064653550001865,0.03088712819724085,52.210594,-2.188828,32.44336633616289,Vw5
12750.30900000028,-0.5334000012968926,-0.3906000050153356,10.502799997059805,-0.07829999975565388,-0.3036999995551293,0.20149999982443692,52.210594,-2.188828,32.199999999639445,Vw5
12750.40900000028,-0.9963702983256784,-2.1809960446157493,9.453196036665844,0.008927723016450534,-0.14488811836732504,0.1388267324978284,52.210594,-2.188828,32.07128712835257,Vw5
12750.50900000028,0.9403900054893151,-1.4340259978373049,10.050659001719016,0.1150370002975595,-0.23071700024717312,0.22155800023569622,52.210594,-2.188828,32.010599999832046,Vw5
12750.60900000028,1.7357000007333157,-2.63870000006074,10.698800003382571,0.04529999891361668,-0.3430999979659088,0.023899999753435087,52.210594,-2.188828,31.969999999334355,Vw5
12750.70900000028,1.9974821789553336,-2.660383168377919,11.906324755877174,-0.3425217832708174,0.38303861590711646,-0.06411980222817379,52.210594,-2.188828,31.732376236954313,Vw5
12750.809000000281,1.5765779987947024,0.7333180096587224,8.874149991336395,-0.42193700021497016,0.4076250000493051,-0.21072800041472609,52.210594,-2.188828,31.393399999042074,Vw5
12750.909000000282,-1.2401999898494809,-1.80489997609232,10.5591999945102,-0.13009999978449477,0.20200000169417243,-0.09340000061887963,52.210594,-2.188828,30.799999998018023,Vw5
12751.009000000282,2.359998029945367,6.674703984286921,8.61207128164277,-0.05366435622028978,0.8028910908018929,-0.3129049511134943,52.210594,-2.188828,30.09702970098971,Vw5
12751.109000000282,0.09157699344186199,5.524672996485816,7.890788998002722,0.1932140007004138,-0.6422420041297929,0.3218660018127362,52.210594,-2.188828,29.23859999757701,Vw5
12751.209000000283,3.8309930107766594,4.9921529985105435,11.846868011350837,0.27084100021520996,-0.1982329986863403,0.09069999931949424,52.210594,-2.188828,28.467699997816712,Vw5
12751.309000000283,1.3298999947770702,7.238899966913878,7.356400012022727,-0.07869999897107774,-0.842999999088839,0.6695999995076723,52.210648,-2.187749,27.389999998013664,Vw5
12751.409000000283,-0.510699985351401,-4.420899965924075,11.593299994619471,0.28389999850589287,-0.5218999997328139,0.49609999955244216,52.210648,-2.187749,26.689999998033333,Vw5
12751.509000000284,4.651577242361144,7.587713895438272,9.697161380761843,-0.24263465495841058,-0.42774158389141625,0.3383772272755269,52.210648,-2.187749,25.99693069110401,Vw5
12751.609000000284,0.0912849867902521,-1.3422850259218455,11.80204700608326,0.056525000871953945,-0.6388580006073903,0.5249000005387683,52.210648,-2.187749,25.43559999841205,Vw5
12751.709000000285,3.3462510095165725,6.8671530239268375,9.549172993444355,-0.1981960007430854,-0.011062998184234951,0.3174149993964572,52.210648,-2.187749,24.944899998601723,Vw5
12751.809000000285,-0.08139999120946716,-0.9092999873292368,9.111900000174742,-0.11089999974184578,-0.35739999852034937,0.3074999991180909,52.210648,-2.187749,25.249999998671058,Vw5
12751.909000000285,2.996718820665623,3.527531695830289,9.173088118986502,-0.020503960138064478,0.16071881335981225,-0.001311882069416126,52.210648,-2.187749,24.784653464018515,Vw5
12752.009000000286,0.2321359919419752,-1.7248970152687524,8.393876997752052,-0.14533000036243418,-0.14535600089723866,0.22963600067464118,52.210648,-2.187749,24.205799998344787,Vw5
12752.109000000286,0.2360750000927489,1.042209008130797,10.659634006554066,-0.017008999626435956,0.12949200080135057,-0.05094200081561959,52.210648,-2.187749,23.88319999908678,Vw5
12752.209000000286,-2.0815860067240806,-0.788520005393279,9.036922995226174,-0.1409350003632853,-0.11242800070991404,0.22191500079980203,52.210648,-2.187749,22.998899997444077,Vw5
12752.309000000287,1.3027780098860062,0.522270003857099,10.829921005249734,0.08847000066917654,0.0526080004859428,0.10916699966483732,52.210648,-2.187749,22.51479999862144,Vw5
12752.409000000287,1.529458000557743,-0.3034240024343091,10.530805999079236,-0.07839100049082519,0.0065819998615694875,0.019592999743530196,52.210648,-2.187749,23.242600002125283,Vw5
12752.509000000287,3.541299993450118,0.4242999922068983,11.356899994431547,0.1710999992997107,0.08939999923568585,-0.12549999918475055,52.210648,-2.187749,23.860000000853663,Vw5
12752.609000000288,1.2622900924645344,-2.2872841662035714,9.41937524196014,-0.07256336703644023,-0.17654059482319323,0.15816336715132112,52.210648,-2.187749,24.157029703823373,Vw5
12752.709000000288,0.4296000033455105,-0.6081000005784999,8.916900005629063,0.09539999969068895,-0.0019999999556094545,0.09459999969552639,52.210648,-2.187749,24.28999999809348,Vw5
12752.809000000289,1.593659409304763,-0.8093871292945976,10.875513867046594,-0.012223762687273737,0.013445544599093561,-0.011340594365577647,52.210648,-2.187749,23.626633661449187,Vw5
12752.909000000289,-0.2876790055263365,-1.1709680010497179,10.775309999650288,0.13401200043006062,-0.07807400026763181,-0.0040839999757223844,52.210648,-2.187749,23.233899998872825,Vw5
12753.00900000029,2.4935140081751976,1.2252590070061153,10.383544998859819,0.08540599985375627,0.12979100060954152,-0.12636400035722775,52.210648,-2.187749,23.190399999884395,Vw5
12753.10900000029,0.5127999948059614,-1.4604000045983034,9.498100001469915,0.009399999977032584,-0.3512000004188009,0.06100000032381221,52.210648,-2.187749,23.35000000022684,Vw5
12753.20900000029,-1.2830823581601956,-3.0503019654047328,10.006335295594631,0.0014588235063338895,-0.49600392198944254,0.1729607846390951,52.210648,-2.187749,23.42843137277695,Vw5
12753.30900000029,-0.2651079968744776,1.7033380141921506,8.985245996941615,0.0982220002874411,-0.1987259991097754,0.059559999657047,52.210648,-2.187749,23.6456000006394,Vw5
12753.40900000029,-0.7330999976958987,-1.8313999825077334,10.392999994034868,-0.013700000263663414,-0.5610999979293058,0.14989999878743646,52.210648,-2.187749,23.630000000345788,Vw5
12753.509000000291,0.05858317061936458,4.178897047183328,8.34339603364289,-0.10429405966942454,0.15038515058413626,-0.2667336645780748,52.210648,-2.187749,23.748811881533673,Vw5
12753.609000000291,-1.1767420036523462,-1.4160780166132607,9.361212003050312,-0.1432160001116819,-0.15098400090625183,0.23825700149578094,52.210648,-2.187749,23.79950000014542,Vw5
12753.709000000292,-3.5339999895713192,-4.973399990957353,11.873299992844492,-0.06850000032475265,0.5635999994715205,-0.32529999999942366,52.210648,-2.187749,23.980000000576315,Vw5
12753.809000000292,0.04926733721878884,-1.8663702879372548,9.414686131418945,-0.1800841587423828,0.3820158410527684,-0.3251019801974403,52.210648,-2.187749,24.178019802559685,Vw5
12753.909000000293,-2.648378225896893,-4.253546541797333,11.542124758832657,0.0011168322217599835,0.5021366340235858,-0.22864851456655277,52.210648,-2.187749,24.69950495202975,Vw5
12754.009000000293,-3.666771720048015,-4.838925254127466,9.74963433795164,0.13992121252472156,-0.5127191949571893,0.3485303047481002,52.210648,-2.187749,25.115858587070594,Vw5
12754.109000000293,-2.011122995076628,-2.7397589937784006,12.212929007337209,0.33444900057097415,0.23128000223004785,-0.30345500194470704,52.210648,-2.187749,25.525900001199897,Vw5
12754.209000000294,0.4419910072463171,7.584826030645424,9.540447991976608,0.14661699943552398,0.6241090011457361,-0.5443340006966876,52.210648,-2.187749,25.926000001177833,Vw5
12754.309000000294,-5.69852601833821,1.541494981714501,7.6124989943463515,0.23132500025766667,-0.27111800267443287,0.08620700188258634,52.210648,-2.187749,26.375500001325143,Vw5
12754.409000000294,-0.8358469853506927,5.108740010795497,9.597654005961965,0.18388799985629561,0.28320900167586394,-0.10421200058541867,52.210648,-2.187749,26.815600001295696,Vw5
12754.509000000295,-2.7067990057131324,-1.7868770206201052,9.909356000866937,0.040938999576248775,-0.32529600182693036,0.2344590010132926,52.210648,-2.187749,27.186300001089563,Vw5
12754.609000000295,-1.3183209958122541,3.41356301567703,11.078718003469518,0.1554290003448316,0.16706400148298217,-0.2554170014673749,52.210648,-2.187749,27.506800000942324,Vw5
12754.709000000295,-1.725147001260066,2.5953029973918738,9.216825994392662,0.03314699963054257,-0.1625200010014162,0.20232600138479873,52.210648,-2.187749,27.846600001007342,Vw5
12754.809000000296,-0.5696149965289019,5.76558800951463,10.422431003664874,0.11337700024385093,0.2185170011505142,-0.22345200128829143,52.210648,-2.187749,28.22620000112592,Vw5
12754.909000000296,-3.05319500746812,-0.4334590186491152,10.137205999109337,-0.15042700079199697,-0.3823910018100673,0.17998100122043986,52.210648,-2.187749,28.80420000171851,Vw5
12755.009000000297,-4.491526004229318,-2.208803005125018,9.70958899872919,-0.02697399962251995,0.09541200144829087,0.12163099981303774,52.210648,-2.187749,29.295100001451846,Vw5
12755.109000000297,-5.1207880018405865,-1.431228997621046,9.828654000369184,-0.04668800006281458,-0.4798400017362899,0.30474400054992384,52.210648,-2.187749,29.646500001037033,Vw5
12755.209000000297,-3.201499994322849,-0.5613999840071624,11.434799996761448,0.0935999994903804,-0.1206000007855657,0.04080000035696857,52.210648,-2.187749,30.070000001232952,Vw5
12755.309000000298,-1.2867475190446338,4.832560412118899,10.34252276902117,-0.07828118863118651,-0.38555049583931744,0.16119603996285875,52.210648,-2.187749,30.48584158539803,Vw5
12755.409000000298,-2.960005005096262,-2.7412520229690998,9.732748998196707,0.04622500038009557,-0.43037400012699667,0.2582320002885745,52.210648,-2.187749,30.955300001401138,Vw5
12755.509000000298,-2.575499999894261,2.979799986494929,8.643000003920912,-0.12069999946096681,-0.06930000060371717,0.1715999999722361,52.210648,-2.187749,31.360000001092835,Vw5
12755.609000000299,-2.5400544553398756,-1.5473287263673887,9.957356439561872,0.0599930698456059,-0.27167623822707865,0.16229306927918524,52.210648,-2.187749,31.726336634755476,Vw5
12755.709000000299,-0.7610659946117275,0.17365900535078294,10.406991001322325,-0.08511600044507384,0.10903400115947132,0.007165999530333145,52.210648,-2.187749,32.06660000101971,Vw5
12755.8090000003,-1.2499000014673842,-0.08379999979822725,10.444600000811548,-0.025600000309642424,-0.023199999633896864,0.010999999644891845,52.210648,-2.187749,32.26000000106978,Vw5
12755.9090000003,-1.7388108925555246,-0.0165722770260832,10.714996040414974,-0.12876831714112122,0.09878019838566347,-0.10731683203804208,52.210648,-2.187749,32.61643564463343,Vw5
12756.0090000003,-2.7080590029216487,1.4513790044453094,9.35328199586632,-0.16900400011877353,0.061488999883326,0.02901100041660716,52.210648,-2.187749,32.88730000080982,Vw5
12756.1090000003,-1.487130996271531,0.44471799690528946,10.590761003790856,-0.027928999571395496,-0.01453600022914893,0.026736999988902475,52.210648,-2.187749,32.998900000329925,Vw5
12756.2090000003,-1.0569199987266826,1.4358840030523408,9.001282995117037,-0.09461200020759296,0.06588000024742185,-0.03814500019763574,52.210648,-2.187749,33.0,Vw5
12756.309000000301,-1.3888999999255582,1.449300000832013,9.507100002694251,0.06019999998594875,0.06020000028401448,0.03449999980537534,52.210648,-2.187749,32.949999999820626,Vw5
12756.409000000302,-1.3642465345790726,1.7248445552869127,10.399377230415256,0.05554653463942332,0.1542594062244222,-0.02995544573905143,52.210648,-2.187749,32.89059405922668,Vw5
12756.509000000302,-1.317271999857573,-0.1113250056050461,9.851127998301738,0.04708499997435107,0.1337169999345198,-0.029411999996378974,52.210648,-2.187749,32.93950000015087,Vw5
12756.609000000302,0.17166500453684375,1.7869380058425253,9.378813998577542,0.044722999993059696,0.3242730005814764,-0.15631800038684626,52.210648,-2.187749,32.811299999607726,Vw5
12756.709000000303,-0.5171900021582614,0.23843699519263195,9.704166001012045,0.03767099997844774,0.17868999954770612,0.010601000515736453,52.210648,-2.187749,32.82980000006071,Vw5
12756.809000000303,0.6772630036844429,1.7243310046048705,9.94757500073616,0.025719999963571466,0.26689400027503546,-0.06779100024558904,52.210648,-2.187749,32.71119999963572,Vw5
12756.909000000303,0.10529999763509586,1.6431999969484525,9.781100001116133,0.028899999991277854,0.18810000043069347,0.027299999815030392,52.210648,-2.187749,32.53999999831572,Vw5
12757.009000000304,-0.6732148538485103,0.6386455415048982,10.148525743689664,0.02602871286257067,0.3298821786482343,-0.03359108929375987,52.210648,-2.187749,31.985544552772268,Vw5
12757.109000000304,0.164361002592194,0.9776740010703918,10.125568999918338,0.09718100021826766,0.2966499998937501,-0.0664740000989642,52.210648,-2.187749,31.148399997450003,Vw5
12757.209000000305,-0.09044000081228937,1.692416002193792,9.781472998939444,0.040182999821968164,0.3241190000858095,-0.08085800004336281,52.210648,-2.187749,30.26879999731273,Vw5
12757.309000000305,0.3750710014441899,1.1086689981771265,9.684543999711712,0.03395699998259276,0.35380300009070087,-0.05615099992334707,52.210648,-2.187749,29.091799996396396,Vw5
12757.409000000305,0.9717210018259276,1.443062001049931,9.527377999518094,0.0018239999010535995,0.33855699995205374,-0.005706999845167211,52.210648,-2.187749,27.96129999654909,Vw5
12757.509000000306,0.47660000406737557,1.0962999969568055,9.926000000671694,0.11739999979607148,0.3721999999818461,0.046099999619676334,52.210648,-2.187749,26.799999996611277,Vw5
12757.609000000306,1.8075901030746397,0.1004584128003625,10.145801980869278,0.050667326528876955,0.366259405922452,-0.07835544592463158,52.210648,-2.187749,25.691089105524366,Vw5
12757.709000000306,2.14690700101158,2.01228800596319,9.749029998762019,0.018913999903542048,0.47262500033023025,-0.07890699999784966,52.210648,-2.187749,24.46229999622155,Vw5
12757.809000000307,1.5760989982184945,2.6379760018813485,9.129417998089774,-0.011001000091855524,0.4652849999738872,-0.17205900028908377,52.210648,-2.187749,23.192699996098444,Vw5
12757.909000000307,2.4871999989450693,3.1985999986790534,9.464700001488044,0.03339999988829784,0.5707999998593831,-0.14959999967554632,52.210648,-2.187749,22.01999999567801,Vw5
12758.009000000307,2.1440316821140657,2.768897028382875,9.948759407427678,-0.0029366337749965055,0.5250574256020479,-0.044055445220309866,52.210648,-2.187749,20.61405940162139,Vw5
12758.109000000308,0.7683000009334892,3.392399997164835,10.141699998250203,0.03309999994064872,0.6325999996801118,-0.07429999967341576,52.210648,-2.187749,19.36999999613456,Vw5
12758.209000000308,1.0719633672749902,2.47012276942728,9.572492077449,0.013793069247269946,0.5285405937378498,0.031937624090663336,52.210648,-2.187749,18.112574253540146,Vw5
12758.309000000309,-1.1374000003208624,2.454799997128464,9.676500002286147,-0.07199999979670542,0.5155000002158474,0.027799999789969755,52.210648,-2.187749,16.98999999715265,Vw5
12758.409000000309,-1.2411623765582807,1.5261861357441648,10.41580693297775,-0.0062574255394099165,0.5853019804137289,-0.0401207922891036,52.210648,-2.187749,16.069207917946553,Vw5
12758.50900000031,-0.572761997910352,0.6498579972935318,9.997697998671796,0.050929000176455054,0.7637050005547055,-0.17702400042522268,52.210648,-2.187749,15.218499997373263,Vw5
12758.60900000031,-0.2782069991016553,1.8295950037098825,9.922812999779664,0.07625000007725703,0.6330379995865204,-0.07613299968077396,52.210648,-2.187749,14.447699997620482,Vw5
12758.70900000031,0.10029999558507859,2.8810000016248254,9.660799999470331,0.03559999982701591,0.6552000000462311,-0.0646000000805218,52.210648,-2.187749,13.749999998285467,Vw5
12758.80900000031,-1.3274227767150335,3.4064455461877037,9.489512870754716,-0.020340594233286685,0.6701504950959758,-0.09063960404133523,52.210648,-2.187749,13.195544552732025,Vw5
12758.90900000031,0.27348500507147055,3.3383409997696623,9.995472001594024,0.041371000195522825,0.5631819996636634,-0.017144999768418906,52.210648,-2.187749,12.645499998290342,Vw5
12759.009000000311,0.3817999984207426,1.326200001497338,10.042899999897447,-0.019100000033876425,0.46960000053647943,0.06839999955868256,52.210648,-2.187749,11.91999999790582,Vw5
12759.109000000311,-0.1259227738554793,1.8075861401102458,10.00992970286781,-0.029991089142765742,0.6420752480608902,-0.07348118855984824,52.210648,-2.187749,11.246732671174481,Vw5
12759.209000000312,-0.05287821757523778,1.6193009894896089,10.18162475301814,-0.022454455421415994,0.519314851092286,-0.010697029500352243,52.210648,-2.187749,10.720495047865446,Vw5
12759.309000000312,1.352277782255822,1.1855858572145583,10.166885858527747,0.010168686972276582,0.573620202201484,0.03930303045841487,52.210648,-2.187749,10.15565656388796,Vw5
12759.409000000313,-0.12899300472344644,2.0468560027339526,9.044138996454679,0.005252999983428697,0.5600429999552887,-0.08959300040865456,52.210648,-2.187749,9.783699998843135,Vw5
12759.509000000313,2.4861999939115003,-0.12359999513477606,9.752500001308151,0.04189999997119153,0.1970000005467413,0.12199999930952603,52.210648,-2.187749,9.559998998884836,Vw5
12759.609000000313,0.5401603899549596,1.431449509812638,10.170618813188511,0.032692079179130556,0.37175247579391996,-0.09869306999696745,52.210648,-2.187749,9.203564345420196,Vw5
12759.709000000314,-0.4478170030764296,2.143168002211331,9.717518998547478,0.07348700012987482,0.027593998901252692,0.008099000346228041,52.210648,-2.187749,8.84359999886792,Vw5
12759.809000000314,-0.7429180009063461,2.094858999824203,9.963667000796592,0.022122999835524314,0.15596800041889414,-0.03822100015063835,52.210648,-2.187749,8.721199999622618,Vw5
12759.909000000314,-0.0762629978731374,1.8863999993395815,9.723352999228569,0.033777000038681664,0.09938499981602622,0.025155000202842878,52.210648,-2.187749,8.561599009496822,Vw5
12760.009000000315,1.408372004694633,1.9080600000754766,10.294011001820554,0.09557700019592419,0.0835539999515693,0.04906500007390399,52.210648,-2.187749,8.460999989685519,Vw5
12760.109000000315,1.6913920008516254,0.620309995908549,9.749557998252092,0.06640099990534,0.043700999873891484,0.032073999945279597,52.210648,-2.187749,8.410499999842758,Vw5
12760.209000000315,2.0161930703352597,1.0753445559497459,10.745468320029017,0.05531782174775454,0.012717821684540161,-0.029852475444678533,52.210648,-2.187749,8.380594059312058,Vw5
12760.309000000316,1.6574272715483287,0.7205171705414226,10.325887877368354,-0.09120707117928731,0.1256414145078772,-0.11880505078812487,52.210648,-2.187749,8.36020202013812,Vw5
12760.409000000316,-0.07147400551191474,1.4826640024469282,9.333874996844868,0.04738500044757027,-0.03991600053265604,0.04721400053328867,52.2107420500003,-2.187078769997859,8.409500000158152,Vw5
12760.509000000317,0.44015600169032887,1.353977999564133,9.663767001085871,-0.03307300026158346,0.07432900037039206,-0.05465400033085405,52.210743,-2.187072,8.538700000411195,Vw5
12760.609000000317,1.0763280020154895,1.0670839990877792,10.38396000229004,-0.015485999941167446,0.04322599989688487,-0.07084700004839452,52.210743,-2.187072,8.945900001296845,Vw5
12760.709000000317,1.1842740003263756,0.9837129997413807,10.045095998887906,-0.010943999986003386,-0.05738700032224022,0.04611700037631805,52.210743,-2.187072,9.613300002131302,Vw5
12760.809000000318,0.07046099641761616,2.2097080039421813,10.056054000046446,0.15799400054271795,-0.019393999874659514,-0.04793800030603438,52.210743,-2.187072,10.342700002322298,Vw5
12760.909000000318,1.4683660045281635,1.7726399985557213,11.254892003851833,0.14871099996468834,0.004859000076667657,0.04950600031621433,52.210743,-2.187072,11.300400003053982,Vw5
12761.009000000318,0.9872039984081121,0.3077509953073667,8.869417992295695,0.049797999682513194,0.06351000018769262,-0.05978600035438909,52.210743,-2.187072,12.230700002958544,Vw5
12761.109000000319,1.7554890024848593,1.6775150044489509,11.207241007590097,0.11790200022204989,-0.055195000383338286,0.05562300037443083,52.210743,-2.187072,13.348800003562978,Vw5
12761.209000000319,-0.4355890071058286,0.6689289966955063,9.530279994503708,-0.0466310005339529,0.0756660004267784,0.0456129999638486,52.210743,-2.187072,14.211400002751345,Vw5
12761.30900000032,-0.249099995817866,0.6182999951439826,9.768800001076121,-0.0418999999632312,-0.12359999970838538,0.06010000024501967,52.210743,-2.187072,14.580000000792431,Vw5
12761.40900000032,1.0572366378429123,-0.8985316880213291,10.104938614936842,-0.030414851448402468,-0.032510890797674746,0.1366346537102146,52.210743,-2.187072,14.827524753267188,Vw5
12761.50900000032,-1.2283999966236099,0.3732999994506868,10.099699998925464,0.03219999955148404,-0.07479999977590052,0.0934999997255019,52.210743,-2.187072,15.2200000011728,Vw5
12761.60900000032,-0.17374653127916462,0.20171584103518514,9.764056434569692,-0.1078990103492285,-0.0047999997760391905,0.00775742546824601,52.210743,-2.187072,15.586336634835439,Vw5
12761.70900000032,0.22349400125672758,1.0198190026643525,9.91177400049098,0.028112000446579036,-0.03221600009137497,0.027591000067244253,52.210743,-2.187072,16.00580000135132,Vw5
12761.809000000321,-0.15988800125872915,0.4926089982595947,9.723120999381896,-0.049601000257087066,0.12352400050709539,-0.00764200011519045,52.210743,-2.187072,16.376300001190515,Vw5
12761.909000000322,0.5023710021651302,-0.06413100179188719,10.700013003181251,0.106614000510313,0.02590199967759546,-0.06858800019691776,52.210743,-2.187072,16.776000001287045,Vw5
12762.009000000322,0.623841000372921,0.6953720024865693,9.976606997616717,0.038503999773480235,-0.028362000173107443,-0.04197499991151571,52.210743,-2.187072,17.265100001576627,Vw5
12762.109000000322,-0.1909580026519545,0.4733209992531926,8.918413996584828,0.19065600049679904,0.0063440001145469264,-0.08803200015058416,52.210743,-2.187072,17.774900001640983,Vw5
12762.209000000323,2.5420217911314325,-1.2773792136312436,9.414758417497382,0.016156435068581387,-0.18404653527647027,0.17321287214191963,52.210743,-2.187072,18.201485149891482,Vw5
12762.309000000323,-1.1610484972581916,0.01812020641432599,9.192769696202916,0.15356161662704554,0.20706969827381438,-0.06452020282261012,52.210743,-2.187072,18.73464646637875,Vw5
12762.409000000323,-0.41225099742721527,2.0375390065560546,11.557589007737121,0.15925700001391394,-0.04729000084454382,-0.026607999867979355,52.210743,-2.187072,19.29440000181205,Vw5
12762.509000000324,0.17178100188291212,0.48884799487190356,9.665057993736138,0.2294910002294182,0.3342200012554905,-0.1099540002737487,52.210743,-2.187072,19.844500001779693,Vw5
12762.609000000324,-1.546287005634499,1.8792950045964543,11.303851005419641,0.27207700013687436,0.25345499972333907,-0.2796940005520275,52.210743,-2.187072,20.414300001844406,Vw5
12762.709000000325,2.6486510138446295,-2.5479370145975593,9.19110999300106,-0.045884001046424705,0.19626899981485832,-0.07627199932581091,52.210743,-2.187072,20.82590000133406,Vw5
12762.809000000325,-1.3253290132017637,-0.4587559929856986,9.78844900203407,0.00802300018775523,0.2075800000390479,-0.1847830003634707,52.210743,-2.187072,21.384400001822236,Vw5
12762.909000000325,1.5435120095628259,-1.5627310036994615,9.944091000491028,0.038300000097619705,0.02643099940419441,-0.000274999389876851,52.210743,-2.187072,21.964200001887313,Vw5
12763.009000000326,-1.8919020113883145,0.6520140073169225,10.414959001542718,0.08572400015488993,0.264279000787791,-0.17729300058799602,52.210743,-2.187072,22.613500002115096,Vw5
12763.109000000326,1.0970550099393128,-0.38321600347656315,10.943707001722338,-0.16070600081154515,-0.013866000922180766,0.06889500081512451,52.210743,-2.187072,23.174400001822235,Vw5
12763.209000000326,-2.40329998302178,2.5476999902668434,10.41699999926853,0.015399999785620393,0.34369999775755705,-0.15969999874047952,52.210743,-2.187072,23.690000001676353,Vw5
12763.309000000327,2.8111554626063557,-0.4416069404741405,10.192346533918395,-0.05044158437385081,-0.34501287354061083,0.22713168443403775,52.210743,-2.187072,24.20485148683312,Vw5
12763.409000000327,3.0183340005124233,-0.3595309996299164,10.3730520006047,0.09779600049213588,0.14171400163150893,-0.09738300108538214,52.210743,-2.187072,24.71490000166881,Vw5
12763.509000000327,2.175132997207849,-2.575109007326738,9.594185997419558,0.037919999797124834,-0.33879600160467704,0.22619800108047383,52.210743,-2.187072,25.2645000017997,Vw5
12763.609000000328,0.33459999619611497,0.5372999969579293,10.839399994576853,0.11479999995234608,-0.035700000287868586,-0.08639999955587843,52.210743,-2.187072,25.800000001685717,Vw5
12763.709000000328,-0.8271821820403287,-0.3918089139480522,9.183063360886937,0.10024554450656822,-0.12362079236848575,0.0492435648027314,52.210743,-2.187072,26.314851486842485,Vw5
12763.809000000329,-0.29924999820674847,0.09409800164584303,10.05462900295179,0.09376399997894164,-0.010946999622594572,-0.038500000296133284,52.210743,-2.187072,26.68630000121744,Vw5
12763.909000000329,0.10408100132239967,-0.6717140025618821,9.287142997419362,0.06924699991872788,-0.07890200022966783,0.049106000294159076,52.210743,-2.187072,27.204800001710993,Vw5
12764.00900000033,1.0218999972751557,-1.5181999958519388,10.295199998905368,0.07929999997359584,-0.10669999987775851,0.011600000152557379,52.210743,-2.187072,27.61000000130391,Vw5
12764.10900000033,0.19427623490055768,-0.25829900575542486,9.962724751381275,0.0712801979934137,-0.06957128700654494,0.057936633815831924,52.210743,-2.187072,28.00603960526352,Vw5
12764.20900000033,1.83444900550878,-1.2653010034072985,10.493109001783546,0.058428999957321925,-0.17503100035366562,0.06869600003440712,52.210743,-2.187072,28.3763000012241,Vw5
12764.30900000033,-0.5089610078872762,-0.07265099597976898,9.759464997530161,-0.04159100033383369,0.023979000668659933,-0.030497000331848545,52.210743,-2.187072,28.57800000066171,Vw5
12764.40900000033,-0.1527000003608839,-1.7474999970431122,9.066300001648068,-0.017000000290411564,-0.0733999995335715,0.11569999972302734,52.210743,-2.187072,28.550000000032778,Vw5
12764.509000000331,-0.26170990135076694,-0.8543316802131983,9.564121783825302,-0.10472277256746551,0.0674910895750603,0.03203663338655943,52.210743,-2.187072,28.559900990131766,Vw5
12764.609000000331,0.22111200161722405,-0.6152249992307599,8.982821998040672,-0.11847000004301128,-0.010102000264023081,-0.03235800021240954,52.210743,-2.187072,28.668900000363944,Vw5
12764.709000000332,0.2108529999491035,-0.6717060001975982,9.905619003120652,0.06266900060909457,0.09908900036958168,-0.08467800017364684,52.210743,-2.187072,28.778900000365923,Vw5
12764.809000000332,0.9544870024993871,-2.039391004593909,9.192794997573134,-0.030342000318702614,-0.08087100060846254,0.06874500051730958,52.210743,-2.187072,28.869100000299408,Vw5
12764.909000000333,-0.40780000159878904,-0.612099999538589,9.931799999009286,0.03269999975314513,0.16519999948882258,-0.08219999968689969,52.210743,-2.187072,28.94000000029662,Vw5
12765.009000000333,-0.8880970313008079,-0.473486138152725,9.634176236633637,-0.041458416088292115,0.011635643053483191,0.011859406253508023,52.210743,-2.187072,29.029108911187535,Vw5
12765.109000000333,-0.735599997299098,-0.7662999998602583,9.765099999588356,-0.04859999993606162,0.08829999975116766,-0.05749999980719613,52.210743,-2.187072,29.120000000395496,Vw5
12765.209000000334,0.07578614132776895,-0.7243198018397835,9.64143663324974,-0.029392079143674536,0.013547524502444716,0.00042079227294019445,52.210743,-2.187072,29.238811881585516,Vw5
12765.309000000334,0.4345580011847776,-1.2015750016139333,10.063227001429293,0.01723100015687767,0.13823300042380385,-0.08047700027528852,52.210743,-2.187072,29.329100000301043,Vw5
12765.409000000334,0.643327000693406,-1.0279029993969073,9.94790799959593,-0.018237000121421307,0.028817999626035748,0.009780000307734446,52.210743,-2.187072,29.52800000066899,Vw5
12765.509000000335,0.6067801978893927,-1.2284128719702878,9.951110891104003,-0.025755445568716576,0.11866237654478058,-0.04487722791044245,52.210743,-2.187072,29.6868316836979,Vw5
12765.609000000335,-0.42230707421687097,-0.389798987022697,9.525444442991263,-0.04658888895950386,0.1380212121810152,-0.05995757580521552,52.210743,-2.187072,29.917676768453873,Vw5
12765.709000000335,0.06249700168248268,-0.8617460016323748,9.900072001287336,-0.026702999931732162,-0.04039600060667575,-0.0009969997992320331,52.210743,-2.187072,30.09820000060533,Vw5
12765.809000000336,-0.06743700045839454,-1.8562040033617841,9.497009998617754,-0.004818999926347465,0.019279000208850337,0.030983000106611206,52.210743,-2.187072,30.208900000369944,Vw5
12765.909000000336,0.32609999698955433,-0.6826999975572519,10.80259999713863,-0.07389999989467141,0.001100000212676241,-0.017099999776891854,52.210743,-2.187072,30.38,Vw5
12766.009000000337,-0.5684999989473872,0.04319999498124453,9.952299998606163,-0.04260000008581082,0.06429999968737939,0.04920000009052201,52.210743,-2.187072,30.380000000942236,Vw5
12766.109000000337,-0.2556999962939819,-1.448200001794624,9.538099999877845,-0.06809999980852408,-0.028600000165564417,0.07609999989265234,52.210743,-2.187072,30.659999999427928,Vw5
12766.209000000337,0.8456000024985261,-1.9814999994709082,9.501799999536878,-0.011200000228562322,-0.07780000030419446,0.04420000038615705,52.210743,-2.187072,30.490000000433135,Vw5
12766.309000000338,1.5880752500351794,-1.8242722766961108,9.364176237158434,-0.07912079230885892,-0.1681960399096038,0.15895247563552112,52.210743,-2.187072,30.618712871722327,Vw5
12766.409000000338,1.2496929988189052,-1.1768239977940271,9.676333001070864,-0.024755999811998643,-0.09920599976127885,0.05783299965070972,52.210743,-2.187072,30.53089999969568,Vw5
12766.509000000338,0.7250639982200735,-1.3664190006698393,9.90413100076722,-0.017269999976330764,-0.2472970005082123,0.1017460001535119,52.210743,-2.187072,30.539900000033814,Vw5
12766.609000000339,1.4566999984068247,-1.7486999992134618,9.816100000977814,-0.04549999993802829,-0.2280000002502317,0.1074000000110544,52.210743,-2.187072,30.47999999963152,Vw5
12766.709000000339,0.9858089092903659,-1.516224751684983,10.105109901972545,-0.02718316825456638,-0.30196039629102117,0.11066732674378006,52.210743,-2.187072,30.371089108540666,Vw5
12766.80900000034,2.519716836963496,-2.662496043545789,10.234837624197665,-0.017688118779924055,-0.286232673210813,0.0814900989096565,52.210743,-2.187072,30.281782177915073,Vw5
12766.90900000034,1.245816157089347,-1.7978595928797962,9.38796767382111,0.014176767786650155,-0.30975656573932087,0.051401009998682044,52.210743,-2.187072,30.181010100666718,Vw5
12767.00900000034,1.7400730017429287,-2.49447200242317,9.756193001294193,0.013212999995580638,-0.34059100010504484,0.08446300011456347,52.210743,-2.187072,30.041399999524067,Vw5
12767.10900000034,0.5335389958393406,-2.2078669989913653,9.422013998839407,-0.019965000113883562,-0.2616009997276993,0.09905600004895293,52.210743,-2.187072,29.911299999558064,Vw5
12767.20900000034,2.4347720066053773,-4.824836009044118,9.426817000028365,-0.06148400014216872,-0.44236600062677267,0.06633199988653843,52.210743,-2.187072,29.751599999453198,Vw5
12767.309000000341,0.6303219937039144,-2.751806992752085,10.302951003024322,-0.021507999860557875,-0.24679399931851076,-0.05537400041900992,52.210743,-2.187072,29.59159999945317,Vw5
12767.409000000342,1.3733090026285524,-3.6034830030133853,10.000345998924791,-0.06634300015618885,-0.41230800057827466,0.1026910005499078,52.210743,-2.187072,29.421699999418994,Vw5
12767.509000000342,0.30684999629179655,-2.026418994525188,10.300635001047524,0.04388200038209876,-0.2813399995420284,-0.10360000071771686,52.210743,-2.187072,29.330899999692406,Vw5
12767.609000000342,2.2050170065903494,-4.648156009106118,9.621688997645547,-0.0238050002375301,-0.5289850008595514,0.07210400061381873,52.210743,-2.187072,29.201299999555697,Vw5
12767.709000000343,0.7807809949903952,-3.3622579954449394,9.957538001189443,-0.103601000274513,-0.3323119993087357,-0.01747700031711577,52.210743,-2.187072,29.041599999450288,Vw5
12767.809000000343,0.034787997461565134,-3.4972030005143524,8.529558995032048,-0.1452870001419022,-0.6539310011231922,0.16583900063941895,52.210743,-2.187072,28.96079999972513,Vw5
12767.909000000343,0.47890000200112426,-3.727900007456477,10.217099998750106,-0.08169999997106726,-0.35590000088738405,0.0173000001031367,52.210743,-2.187072,28.799999999455384,Vw5
12768.009000000344,1.0609792099207631,-5.896810898541289,9.853535642315183,-0.07328415838692552,-0.6140188127680608,0.04730000010307727,52.210743,-2.187072,28.64158415787154,Vw5
12768.109000000344,0.5681369982693427,-5.646447999055818,9.972462000425363,-0.04508399990242075,-0.5778909998656567,0.06175700004913321,52.210743,-2.187072,28.531099999622054,Vw5
12768.209000000345,1.0539000021924207,-4.6615999980764835,8.839200005969333,-0.10099999998808641,-0.6472000001817657,0.06940000007216166,52.210743,-2.187072,28.3899999995575,Vw5
12768.309000000345,1.6916227744798704,-4.102095047572465,10.575536639660532,-0.09753465345337752,-0.700071287311326,0.09039009908239909,52.210743,-2.187072,28.261287128268307,Vw5
12768.409000000345,-0.2873460069268101,-3.396074997556239,8.818324993808563,-0.23134800046699147,-0.7668310002310779,0.08248199997167656,52.210743,-2.187072,28.160999999654592,Vw5
12768.509000000346,-0.05356399911437415,-4.930925005379729,8.597647999292604,-0.09350599951435648,-0.8147230001647596,0.187736000367514,52.210743,-2.187072,27.991699999412806,Vw5
12768.609000000346,0.011964000219679423,-2.68326099210363,9.585897003455116,-0.11744400008842443,-0.4840449988446106,0.08445399963594007,52.210743,-2.187072,27.87119999958551,Vw5
12768.709000000346,-1.0894680038651272,-3.3774570025148325,9.798751000711432,-0.11245299998159794,-0.7725520010235711,0.049145999879865794,52.210743,-2.187072,27.76109999961807,Vw5
12768.809000000347,-0.4811999971287397,-3.8205999968387587,8.566100003882239,-0.056200000139314775,-0.7635999990681389,0.03370000057170657,52.210743,-2.187072,27.59999999975921,Vw5
12768.909000000347,0.34523564643397947,-2.9106990067415515,9.683525746454281,-0.09629901004022542,-0.4953821772864921,0.19825445601692512,52.210743,-2.187072,27.530693069066277,Vw5
12769.009000000347,-1.0453000022339554,-3.013500007591627,9.598800000407532,-0.11379999980822031,-0.6051999988739891,-0.07520000056387398,52.210743,-2.187072,27.429999999548343,Vw5
12769.109000000348,-1.6882999989652867,-5.1985999906899885,9.716099999566921,-0.05859999975748909,-0.2811000003680662,-0.23749999906504304,52.210743,-2.187072,27.299999999587214,Vw5
12769.209000000348,-1.390478216782295,-2.5188970203500074,9.591446534218386,0.01120198044164955,-0.3870405944291702,0.03160891183035952,52.210743,-2.187072,27.18118811839719,Vw5
12769.309000000349,-1.7255850011919918,-2.3785469995996444,9.753550000575926,-0.08868400035463062,-0.3460249998516555,-0.05648300032007508,52.2113399700021,-2.186995769999731,27.041399999511334,Vw5
12769.409000000349,-1.9017000038088556,-0.4552999994692153,9.382500003684026,-0.096799999906983,-0.37179999950828935,0.04109999984819903,52.211346,-2.186995,26.90999999941216,Vw5
12769.50900000035,-2.992294063212636,-0.3033198014497144,10.437351488830451,-0.07016633654069913,-0.23100792030064748,-0.0023653466863683276,52.211346,-2.186995,26.741683167729324,Vw5
12769.60900000035,-3.218723000759873,0.7798740038136753,9.61362699705859,-0.12405300019092809,-0.2735560001549763,-0.07338700024886971,52.211346,-2.186995,26.581599999441526,Vw5
12769.70900000035,-2.391900000951609,0.07050000151247708,10.33289999658396,0.011799999908366157,-0.18799999997199116,-0.006200000093016995,52.211346,-2.186995,26.409999999377582,Vw5
12769.80900000035,-2.6643752484807286,0.5035693084501117,9.354781184687095,-0.014437623854430636,-0.1799801979916646,-0.03283366345978053,52.211346,-2.186995,26.231782177592546,Vw5
12769.90900000035,-2.709599999141455,0.2875000001859601,10.029700000139036,0.07649999957420339,-0.11609999989016186,-0.014399999882514896,52.211346,-2.186995,26.039999999409098,Vw5
12770.009000000351,-2.465045543696395,0.3404702972155582,10.069303960534995,-0.04478712913842761,-0.08481287117735256,0.019065346652072265,52.211346,-2.186995,25.871683167726264,Vw5
12770.109000000351,-1.6454539971039615,0.18596599945054562,10.281164000749447,0.01904300023051822,-0.09895400005122626,-0.006340000091224866,52.211346,-2.186995,25.58289999898249,Vw5
12770.209000000352,-1.599579999865987,0.07658899961594709,9.741868998071272,-0.008713000101215042,-0.11058400004090922,0.01102200006277449,52.211346,-2.186995,25.35229999918887,Vw5
12770.309000000352,-1.2269599986739088,0.5850530018152638,9.861635000446144,0.02624400012555545,0.020772000468364152,-0.043745000195739535,52.211346,-2.186995,24.944099998553998,Vw5
12770.409000000353,-1.7399800018410096,0.2518179987945266,9.626784999158849,0.008779999936516906,-0.03225100019362344,0.015496000213021048,52.211346,-2.186995,24.52419999851873,Vw5
12770.509000000353,-1.9936900008852365,0.5025330009053395,9.846259000790365,0.02869700007159482,0.05758700032200036,-0.0037990000708894543,52.211346,-2.186995,24.173499998765607,Vw5
12770.609000000353,-2.266866000964238,0.7714100009487196,9.994327000519503,-0.02178800018057413,0.02889899989454753,-0.021523000062425045,52.211346,-2.186995,23.72449999841292,Vw5
12770.709000000354,-2.410279000503723,0.49937499901630505,9.977385999934066,0.0248240001687347,0.04909300007337832,-0.03674800005388167,52.211346,-2.186995,23.224999998227574,Vw5
12770.809000000354,-1.6753379973632079,0.9599200016590733,10.156786000643068,0.025399000000354503,0.05078500000531754,-0.04650300003438678,52.211346,-2.186995,22.724999998227485,Vw5
12770.909000000354,-1.9442090009894175,0.12468399699239785,9.756560998560364,0.0322310000244607,0.030207999926263406,-0.03947199997447579,52.211346,-2.186995,22.413099998901043,Vw5
12771.009000000355,-1.2666719975638565,0.7179220021546684,9.902683000537781,0.03437900000744456,0.06851100013790161,-0.012867999904993235,52.211346,-2.186995,22.11299999893649,Vw5
12771.109000000355,-1.5474940010301852,-0.08354300289167971,9.897764999976959,0.006085999898612186,-0.019210000315507528,0.0032400000567204545,52.211346,-2.186995,21.951599999432794,Vw5
12771.209000000355,-1.032332998135463,0.21579400110667907,9.863049999875294,0.017878000043469046,0.031182000184565288,-0.00036200001353953876,52.211346,-2.186995,21.643099998895458,Vw5
12771.309000000356,-1.1222390003424252,0.032383999328689655,9.970016000386252,0.01740599999786207,-0.021364000190988504,0.02326100008516092,52.211346,-2.186995,21.303399998788507,Vw5
12771.409000000356,-0.7526851471820246,0.20860198083869347,9.944340593963146,0.014067326720684779,0.011328712990818429,-0.005219802083509733,52.211346,-2.186995,21.025544553468166,Vw5
12771.509000000357,-0.625026262189321,0.5296606072148664,9.668707069706857,0.015088888892847997,-0.016806060710797033,0.020729293025751223,52.211346,-2.186995,20.8022222214304,Vw5
12771.609000000357,-0.5021289995620805,0.1903599987671265,9.816380000541608,0.0042099999608046,-0.014525999990735634,0.0019919999315862053,52.211346,-2.186995,20.364399998432184,Vw5
12771.709000000357,-0.030154998297126867,0.41598600082869575,9.877696000216305,0.005288000004297471,-0.009846999983168236,0.001205999997851264,52.211346,-2.186995,20.201599999427003,Vw5
12771.809000000358,-0.2032040006432209,0.007449998513715583,9.865231999952725,0.0005479999828092398,-0.02930300007055374,0.015852000053004845,52.211346,-2.186995,19.972299999176276,Vw5
12771.909000000358,0.09120800107155738,0.31495200112742733,9.753427999596017,-0.0057370000225628725,0.0035660001196190366,-0.0058790000791491236,52.211346,-2.186995,19.762099999247905,Vw5
12772.009000000358,0.049000001073248776,-0.13229999866810715,9.81840000037076,-0.0031000000525093613,-0.01250000003441492,0.023099999941104364,52.211346,-2.186995,19.489999998971097,Vw5
12772.109000000359,0.3485049515677049,0.23938316964798825,9.921865346905207,-0.017753465399014984,-0.0221039604304355,0.0066643563767804885,52.211346,-2.186995,19.202871286100383,Vw5
12772.209000000359,0.05420299891909536,0.18558099979087392,9.985072000226044,0.007543000092504998,-0.021209999996400584,0.013826000026635678,52.211346,-2.186995,18.873299998812193,Vw5
12772.30900000036,-0.11106100058997412,0.43883600092293695,9.693451998937398,-0.0076440000561537325,0.005431000096829192,0.011226999990281084,52.211346,-2.186995,18.592799998992113,Vw5
12772.40900000036,-0.14002400009934893,0.14241999891292134,9.833555000520143,0.004080000043195179,-0.015090000075591557,0.011992000002879678,52.211346,-2.186995,18.12469999830819,Vw5
12772.50900000036,0.027100000754552822,0.26200000000142637,9.813000000580892,-0.006099999925471862,0.013199999978247768,9.999996434060378e-05,52.211346,-2.186995,17.429999996612356,Vw5
12772.60900000036,0.2366049512491873,0.262396039605386,9.974287129293442,0.014593069381417835,0.007160396017863694,-0.009800990134649683,52.211346,-2.186995,16.489405937208282,Vw5
12772.70900000036,-0.14571700140471647,0.1613209996306424,9.769385999245367,0.005196999964909221,0.002149999981911969,-0.009602999998914718,52.211346,-2.186995,15.668199997033563,Vw5
12772.809000000361,-0.3443330007116189,0.4188880009449662,9.767795000001808,0.011040000021706728,0.017940000057884608,-0.023064000049201915,52.211346,-2.186995,14.6303999962375,Vw5
12772.909000000362,-0.34719100000325603,0.1800389991176215,9.96708700072826,0.016545000019897834,0.03265300005318149,-0.03131800002966586,52.211346,-2.186995,13.620099996346033,Vw5
12773.009000000362,-0.015351998787317467,0.6975480019000623,9.94296399990449,-0.00458600007742066,0.041512000031836534,-0.01565899994247717,52.211346,-2.186995,12.639799996454569,Vw5
12773.109000000362,-0.34008600119893495,0.36204199875475734,10.103179000586442,0.018069000083570905,0.027046999946818515,-0.01807400000940625,52.211346,-2.186995,11.78849999692488,Vw5
12773.209000000363,-0.3064729998643848,0.6440170010482,9.760378998735106,-0.007737000095621435,0.04363100006144495,-0.021070000010907388,52.211346,-2.186995,11.0968999974913,Vw5
12773.309000000363,-0.39940000084898175,0.18840000165546048,9.784299999415403,0.01959999987285084,0.011100000081764474,-0.015300000019810776,52.211346,-2.186995,10.309999997874842,Vw5
12773.409000000363,-0.6327663374821828,0.6434495066050541,9.623606930108789,-0.01535049517658487,0.03357524760647242,-0.020745544574255433,52.211346,-2.186995,9.725840591935404,Vw5
12773.509000000364,0.07730000218206688,0.29100000031084905,10.040599999519138,0.012599999954255118,0.017699999969743543,-0.0074999999827105954,52.211346,-2.186995,8.94999999708241,Vw5
12773.609000000364,0.6771019823788985,0.37644554486513526,9.908421781697617,2.5742528537455595e-05,0.0093831682865917,-0.0027475247351952583,52.211346,-2.186995,8.148018808965187,Vw5
12773.709000000365,0.3435299987466829,0.36294499994701723,9.981152000273317,0.01663100006175236,0.011181000006942573,-0.015570000047501812,52.211346,-2.186995,7.387599987222974,Vw5
12773.809000000365,-0.15029999867436733,0.42259999970931644,9.66120000092092,-0.03029999985664923,0.010600000042715635,0.001600000003257972,52.211346,-2.186995,6.619999996923027,Vw5
12773.909000000365,0.21227425875065692,0.34309504921442446,9.913081189039232,0.008907920935352302,0.022283168359524173,0.002491089112167098,52.211346,-2.186995,5.7784158385088515,Vw5
12774.009000000366,0.15283699976722953,0.3056699998647958,9.689087999163926,-0.03000300014507046,0.012499999963458321,-0.0028460000197325064,52.211346,-2.186995,5.195799997880583,Vw5
12774.109000000366,0.17704900009171962,0.44350400051012184,10.090027001488341,-0.00020499988854787848,0.01705300001717459,-0.009929000025944592,52.211346,-2.186995,4.5662999976978735,Vw5
12774.209000000366,0.04186799949764636,0.5032110002162912,9.656717998377633,-0.02316500008629613,-0.012006000107961969,-0.0020799999706225935,52.211346,-2.186995,3.985799997870138,Vw5
12774.309000000367,0.40897800136685153,0.582703000292687,9.874258000823342,-0.01191599995740065,0.023241000131837643,-0.009425000027542683,52.211346,-2.186995,3.504799998237268,Vw5
12774.409000000367,-0.021910001612165053,0.28105499887809476,9.648601999154623,-0.03635200009107447,-0.020356000163052678,0.01822000010282601,52.211346,-2.186995,3.024799998237268,Vw5
