time_since_start_s,accel_x,accel_y,accel_z,gyro_x,gyro_y,gyro_z,latitude,longitude,vehicle_speed,trip_id
12779.31,0.9892,-0.0839,9.9356,0.0128,-0.0609,-0.0099,52.211346,-2.186876,7.9,Vw6
12779.41,0.595593069306751,-0.3792148514852307,9.79091485148521,-0.003647524752464852,-0.10679306930694914,0.035664356435537455,52.211346,-2.186876,8.445049504951495,Vw6
12779.51,0.5049,-0.4207,9.8224,0.0016,-0.1161,-0.0179,52.211346,-2.186876,8.95,Vw6
12779.61,1.3581,-1.0264,9.937,-0.0063,-0.1857,-0.0031,52.211346,-2.186876,9.42,Vw6
12779.710000000001,2.261499999965368,-1.0601999999983465,9.828099999999859,0.02589999999906322,-0.14580000000143337,-0.00499999999972897,52.211346,-2.186876,9.870000000009458,Vw6
12779.810000000001,0.3576000000079217,-0.9692999999848934,9.820399999995596,-0.02559999999937063,-0.22459999999901592,0.009899999999572539,52.211346,-2.186876,10.390000000012552,Vw6
12779.910000000002,0.7931000000243217,-0.13880000002061096,9.57830000000533,0.008999999999270585,-0.17050000000245202,-0.013599999999481588,52.211346,-2.186876,11.08000000001055,Vw6
12780.010000000002,2.13019999996651,-1.2718999999767977,9.871300000005467,-0.031100000000067983,-0.3052999999991089,0.014899999999268729,52.211346,-2.186876,11.660000000010474,Vw6
12780.110000000002,0.3194821782422068,-0.011877227728424233,10.165597029696249,-0.034119801978813744,-0.25685544554466727,-0.024673267326271245,52.211346,-2.186876,12.234554455454814,Vw6
12780.210000000003,1.5177000000731415,-0.2896000000141954,9.835299999996886,0.03389999999967622,-0.26239999999941793,-0.001999999999152351,52.211346,-2.186876,12.69000000001928,Vw6
12780.310000000003,3.5281999999027787,-0.6797999999758074,9.749699999984507,0.02499999999818465,-0.2463999999988686,0.021300000000127328,52.211346,-2.186876,13.220000000014917,Vw6
12780.410000000003,0.8558000000346857,-0.0148000000342117,9.323800000011268,-0.02489999999913276,-0.21529999999953697,0.02480000000022783,52.211346,-2.186876,13.630000000019109,Vw6
12780.510000000004,1.7888415841167622,-0.9368772276885438,9.632293069314192,-0.001621782179452206,-0.20222871286947922,0.030610891087616256,52.211346,-2.186876,14.155148514871236,Vw6
12780.610000000004,0.7030000000491494,-0.044599999983441684,9.821600000022688,-0.033799999999713365,-0.15509999999767388,-0.008300000001480914,52.211346,-2.186876,14.670000000017271,Vw6
12780.710000000005,2.0432653465453114,0.420998019859784,10.430835643532891,-0.02610297029742656,-0.0912732673247026,-0.04784455445253398,52.211346,-2.186876,15.14584158418093,Vw6
12780.810000000005,2.3198000000119126,1.9207999998928251,9.614400000019623,-0.03639999999661668,-0.03859999999458669,0.027699999995885446,52.211346,-2.186876,15.730000000029468,Vw6
12780.910000000005,2.538099999985943,-0.04319999998576823,9.973999999989015,0.025600000000185537,0.06059999999394276,-0.047699999996300174,52.211346,-2.186876,16.27000000003165,Vw6
12781.010000000006,2.2804999999274442,0.217599999951744,9.772699999966445,0.028999999996196495,-0.05039999999760985,0.020100000000507497,52.211346,-2.186876,16.850000000032196,Vw6
12781.110000000006,0.9509000000961845,-0.6666999998673029,9.157800000038865,-0.04069999999907232,-0.006599999991296136,0.029399999995803592,52.211346,-2.186876,17.440000000031105,Vw6
12781.210000000006,2.71349999987147,1.7649999998868078,9.869999999968552,-0.023700000000451107,0.15289999999348075,-0.047499999988096536,52.211346,-2.186876,18.010000000049477,Vw6
12781.310000000007,0.9470000000637155,0.20930000010733493,9.43780000004853,-0.029899999995277902,0.06330000001934677,0.1160999999855936,52.211346,-2.186876,18.690000000053114,Vw6
12781.410000000007,1.8227000000266882,1.6844999999726935,10.104799999993611,0.03499999999447755,0.3291999999857391,-0.08189999999155989,52.211346,-2.186876,19.420000000047295,Vw6
12781.510000000007,2.1895000000429423,1.309200000054977,10.016999999981476,-0.04089999999568535,0.13320000001826995,0.03409999998849671,52.211346,-2.186876,20.070000000049475,Vw6
12781.610000000008,2.779699999903655,2.064799999918012,9.76239999998938,0.018399999997413794,0.38429999998670156,-0.1239999999954183,52.211346,-2.186876,20.750000000046104,Vw6
12781.710000000008,1.4555415840408459,0.9379683167316335,9.616459405927637,-0.017144554458601483,0.2015277227560492,-0.061029702964706015,52.211346,-2.186876,21.383663366392895,Vw6
12781.810000000009,1.4095168317734672,-0.793445544324411,10.235377227657509,0.014642574258750693,0.41090891088559606,-0.17304356434754742,52.211346,-2.186876,21.89544554460506,Vw6
12781.910000000009,2.381199999871298,1.681999999856127,9.533099999998853,0.028899999996953193,0.35179999998150085,-0.07739999999431565,52.211346,-2.186876,22.4400000000191,Vw6
12782.01000000001,0.966100000062455,0.10009999995820872,9.520500000001055,-0.004600000000045475,0.14840000000467482,-0.014899999995470717,52.211346,-2.186876,22.650000000010913,Vw6
12782.11000000001,1.6528000000322416,-0.35940000005771655,9.532100000056516,-0.005100000006557457,0.1997999999960073,0.03489999999547981,52.211346,-2.186876,22.770000000007276,Vw6
12782.21000000001,2.0072999999258725,-0.993999999925436,10.153499999876464,-0.07719999999449938,0.155899999992011,-0.014799999996616681,52.211346,-2.186876,22.850000000008734,Vw6
12782.31000000001,1.3281000000329073,-0.310799999924749,9.021600000037955,-0.02680000000973435,0.08269999999984566,0.016199999992867357,52.211346,-2.186876,22.93000000001764,Vw6
12782.41000000001,1.6253613861248504,0.35390693049424077,9.372334653536848,-0.11428811880285952,0.07981881186472908,-0.04722772275813963,52.211346,-2.186876,23.09049504951045,Vw6
12782.510000000011,1.5015000001916161,-1.4353999997905833,10.015799999960874,-0.033099999990886864,-0.0682999999796346,0.07999999998030034,52.211346,-2.186876,23.140000000010915,Vw6
12782.610000000011,3.2571999999658505,0.4834000001974659,9.65729999981767,0.05039999998824569,0.11830000000268483,-0.10049999999359352,52.211346,-2.186876,23.239999999995632,Vw6
12782.710000000012,2.944299999822554,2.2926999997270188,7.986700000107338,-0.057300000006035405,0.142899999991609,-0.0417999999904885,52.211346,-2.186876,23.200000000006366,Vw6
12782.810000000012,1.5506999997522681,0.14879999969297095,8.829700000416278,-0.10469999998734347,0.07700000001678199,0.032899999977704646,52.211346,-2.186876,23.250000000006366,Vw6
12782.910000000013,-0.39490000000146425,-2.2624999995957045,12.098999999235032,-0.00530000003385685,0.20879999999862486,-0.14219999999406646,52.211346,-2.186876,23.299999999974535,Vw6
12783.010000000013,-0.40640000000219006,0.9126999998413478,6.091200000460129,-0.27119999993639904,0.19799999998456771,-0.09559999999023384,52.211346,-2.186876,23.100000000021648,Vw6
12783.110000000013,-0.42359999978702906,-0.3332999997138657,9.704900000247935,0.22829999998567546,0.07680000003347486,-0.018900000026166163,52.211346,-2.186876,23.270000000012732,Vw6
12783.210000000014,1.2489999996090484,1.9138999994362587,11.652099999784632,0.11580000000929867,0.33969999992660016,-0.22439999995090182,52.211346,-2.186876,23.369999999978173,Vw6
12783.310000000014,-1.4375999993919482,-1.960099999240288,10.172100000220869,0.17970000001097214,-0.16469999992812812,0.11299999995523831,52.211346,-2.186876,23.219999999982537,Vw6
12783.410000000014,2.740899999838929,3.260599999698085,11.689899999542261,0.2550999999597985,0.32919999992127263,-0.19459999994011665,52.211346,-2.186876,23.09999999997501,Vw6
12783.510000000015,1.6484594059901454,1.213907920899871,8.611988119345655,-0.0156524752069987,-0.20391782174556602,0.20907425737078777,52.211346,-2.186876,22.930792079219604,Vw6
12783.610000000015,1.984399999779946,1.9446999998130516,12.230799999447129,0.2590999999304273,0.04429999995897815,-0.16349999994503742,52.211346,-2.186876,23.009999999997092,Vw6
12783.710000000015,0.47219999985016486,0.6599999997332535,8.431500000041142,-0.21899999995445912,-0.23759999994857223,0.214199999964662,52.211346,-2.186876,22.990000000039686,Vw6
12783.810000000016,-0.4378594060061975,-0.9685306933249782,8.684166336697725,0.054404950461993506,0.0692742573573831,0.002898019841713018,52.211346,-2.186876,23.232277227760505,Vw6
12783.910000000016,-0.8337999996206698,-2.511599999602138,9.07080000016068,-0.1450999999674874,-0.3432999999385436,0.24269999998274508,52.211346,-2.186876,23.460000000014734,Vw6
12784.010000000017,1.4833000000133096,-0.08129999905598816,10.05230000037226,0.053499999993271555,0.032099999929212204,0.13730000005602125,52.211346,-2.186876,23.549999999970535,Vw6
12784.110000000017,1.5645999996445081,5.685099999513866,12.326199999123347,0.01239999997382276,-0.4002999999466892,0.4794999999250342,52.211346,-2.186876,23.37000000001297,Vw6
12784.210000000017,-0.6068851489051497,2.7155950489712186,6.971249503988008,-0.14750099012775014,-0.07465643558503393,0.021579207838486436,52.211346,-2.186876,23.449207920806316,Vw6
12784.310000000018,1.771899999752272,1.2378999995296458,9.43940000000722,0.17729999995749024,-0.21919999996631231,0.07400000000651198,52.211346,-2.186876,23.640000000032742,Vw6
12784.410000000018,0.41000000045127305,-1.3478999996700718,9.47910000019707,-0.05639999998393832,-0.033999999970805224,0.10979999995810867,52.211346,-2.186876,23.820000000021828,Vw6
12784.510000000018,2.8908999993326328,0.46590000031091855,10.562499999566345,0.03189999994403392,0.1265000000131739,-0.12050000001923719,52.211346,-2.186876,23.940000000023886,Vw6
12784.610000000019,-0.7463762377171956,2.115896038827154,8.227538614325928,-0.2692811880558852,0.19875148515866548,-0.22438217820276896,52.211346,-2.186876,24.071584158445,Vw6
12784.71000000002,-1.253999999903257,-2.1044999984432486,10.751399999333644,0.07259999996684528,0.2539000000954224,-0.1426000000398577,52.211346,-2.186876,24.23000000004402,Vw6
12784.81000000002,-0.770500000445878,5.675799997378055,7.421100000304856,-0.09309999992082485,0.730799999840149,-0.34179999993373056,52.211346,-2.186876,24.450000000054022,Vw6
12784.91000000002,-2.998899999232039,-7.428099998303726,8.944700000300713,0.30260000001524673,-0.06809999986151852,-0.010600000104546417,52.211346,-2.186876,24.720000000064026,Vw6
12785.01000000002,0.8392000000156669,1.0494999996933239,10.447599999734802,0.378799999921105,0.6239999999531592,-0.5330999999466963,52.211346,-2.186876,25.040000000056025,Vw6
12785.11000000002,0.917500000171898,-0.48319999864175345,9.122200000105769,-0.015500000007805445,0.3899000000312218,-0.26670000004310823,52.211346,-2.186876,25.32000000003962,Vw6
12785.210000000021,1.7766089110767576,6.305017823249231,9.650813861500382,-0.05450990099852973,0.5459396039941189,-0.48214554460101705,52.211346,-2.186876,25.518019802022994,Vw6
12785.310000000021,-1.7108999994157552,-4.180199999064588,10.046700000076658,0.06320000002588787,0.48310000000139697,-0.1548000000520813,52.211346,-2.186876,25.890000000045838,Vw6
12785.410000000022,0.9656999994982427,0.10519999862488767,10.397899999473948,0.18179999995128018,0.4894999999795909,-0.3933999999807478,52.211346,-2.186876,26.100000000087313,Vw6
12785.510000000022,-1.3329999994687969,-6.194599997958374,7.987900000181651,-0.04139999997932901,0.396000000116539,-0.3052000000288128,52.211346,-2.186876,26.500000000067665,Vw6
12785.610000000022,1.100599999539301,3.1586999982231676,8.820100000240673,0.05329999997245322,0.9298999997438935,-0.43719999986975305,52.211346,-2.186876,26.810000000074215,Vw6
12785.710000000023,-1.009999999091459,-4.981499997993647,9.922700000113482,-0.0728999999759232,-0.24339999985212352,0.15949999991800032,52.211346,-2.186876,27.15000000005016,Vw6
12785.810000000023,2.7773217817876796,3.4379257430422325,10.377636633182572,0.029193069337763892,0.36547821757804405,-0.17788415827477852,52.211346,-2.186876,27.362475247583774,Vw6
12785.910000000024,1.1394999999048505,5.4004999988670574,8.361300000216637,0.1584999999744099,-0.6566999998948534,0.4136999999174467,52.211346,-2.186876,27.610000000070237,Vw6
12786.010000000024,0.7371237622818854,0.6094108899656581,9.277438614076209,0.050282178192446056,-0.2120465345491997,0.06459108902704919,52.211346,-2.186876,27.907029703039946,Vw6
12786.110000000024,0.8908999996675487,1.5356999986701714,9.083800000417462,0.08330000000212821,-0.3842999999993615,0.1499000000291566,52.211346,-2.186876,28.080000000042563,Vw6
12786.210000000025,-0.514999999756572,-4.0879999987290505,10.849199999350926,0.09229999994942481,-0.3815999999189931,0.27319999994911925,52.211346,-2.186876,28.260000000020373,Vw6
12786.310000000025,0.44090000021207965,0.9027999989661629,8.300400000518637,-0.10629999995996768,-0.06350000009832366,0.07340000001632362,52.211346,-2.186876,28.33999999998472,Vw6
12786.410000000025,1.2737000002143717,-3.156899998016057,10.336999999678035,0.05089999997104533,-0.44959999997147826,0.13750000000147702,52.211346,-2.186876,28.280000000028014,Vw6
12786.510000000026,2.115499999598378,4.633699997695875,9.072700000636493,-0.0627999999590509,-0.3376000001043591,0.14330000010280566,52.211346,-2.186876,28.390000000012733,Vw6
12786.610000000026,0.5384000006416365,-4.414199997778117,11.572099999644637,0.09799999995032874,-0.7473999998022409,0.5469999998497258,52.211346,-2.186876,28.44000000004373,Vw6
12786.710000000026,3.0020742566366447,4.162184156841129,10.179261385847417,-0.09430693067270172,0.013970296838893566,-0.03234356423171281,52.211346,-2.186876,28.610198019807065,Vw6
12786.810000000027,-0.07049999940049746,-1.9693999981374821,9.045400000060628,-0.015000000004392859,-0.7289999997828126,0.45329999991765435,52.211346,-2.186876,28.6299999999809,Vw6
12786.910000000027,2.1266999991920414,4.856799997905697,9.267599999934053,-0.03110000002109118,0.06699999985989234,0.15150000001680747,52.211346,-2.186876,28.560000000027284,Vw6
12787.010000000028,-0.8344999996790484,-2.818899999411821,9.025900000450008,-0.10839999996289261,-0.44649999986436706,0.21309999988027412,52.211346,-2.186876,28.660000000005457,Vw6
12787.110000000028,0.34179999985157045,-0.6632000004623689,10.675199999560496,0.027599999983629095,0.05059999992196535,-0.2256999998354997,52.211346,-2.186876,28.680000000005457,Vw6
12787.210000000028,-0.20219999940100858,-2.3577999987679283,9.064400000492862,-0.032399999968994335,-0.2353999999134377,0.3771999998412256,52.211346000000006,-2.186875999999833,28.70000000001729,Vw6
12787.310000000029,1.8559188124761024,1.8755663378573484,10.757865347024163,0.07413465349614115,0.062025742660230476,-0.16834455461313913,52.21137570297031,-2.1863027326731017,28.759405940611234,Vw6
12787.410000000029,-0.8055999999485153,-4.882099998723681,10.143099999306573,-0.023199999972700606,-0.5470999996828847,0.2929999998776766,52.211376,-2.186297,28.70999999999127,Vw6
12787.51000000003,-0.6286999995689141,-0.49670000077550064,7.760500001261914,0.07060000006720074,0.5424999998471467,-0.1273000000228174,52.211376,-2.186297,28.679999999959254,Vw6
12787.61000000003,0.8524999995853577,-3.1613000001350713,12.096399998979823,0.3014999998898129,0.01730000015326077,-0.2057000000275613,52.211376,-2.186297,28.54000000000582,Vw6
12787.71000000003,-0.5721999992154572,-3.625399998091722,8.59110000042349,-0.07709999990815923,0.5438999999321554,-0.3003999999975262,52.211376,-2.186297,28.56000000000309,Vw6
12787.81000000003,1.9648999993950997,2.545699999589726,9.960599999524257,0.21989999992419226,0.3244999999275657,-0.2923999999513356,52.211376,-2.186297,28.56999999999063,Vw6
12787.91000000003,0.02946039607571656,1.2253732671142783,8.461282178957946,-0.021599999962654888,0.09242079207363081,-0.13633663365517013,52.211376,-2.186297,28.538811881151144,Vw6
12788.010000000031,0.14550000007109123,0.5427000001036383,10.83949999994287,0.09839999994799344,0.07449999993381266,-0.10999999992572276,52.211376,-2.186297,28.419999999959398,Vw6
12788.110000000032,0.3584435639000498,0.8850920795377469,10.64025247473848,-0.0691118812196277,-0.13877623766661695,0.1280198019870424,52.211376,-2.186297,28.29059405942444,Vw6
12788.210000000032,-1.107199999614989,1.9443000021023515,9.005499999928885,-0.17029999990157813,-0.27640000005127363,0.1500000000151922,52.211376,-2.186297,28.35,Vw6
12788.310000000032,0.0686999999072752,8.365299996776404,8.788300000499607,0.130299999978063,-0.4330000000827713,0.19640000006047412,52.211376,-2.186297,28.350000000019648,Vw6
12788.410000000033,-0.2145000000691507,-1.4801999985476388,10.314199999666393,0.06329999996725819,-0.6857999996951737,0.38109999980096254,52.211376,-2.186297,28.410000000026194,Vw6
12788.510000000033,-0.4256999999670945,2.955599998902953,9.295299999767172,-0.036700000019350414,0.24519999990550714,-0.22679999989908975,52.211376,-2.186297,28.489999999986903,Vw6
12788.610000000033,-0.32519999986615145,-0.3949999992889789,8.584200000259413,-0.0957999999188658,-0.04340000004547837,0.08139999993756138,52.211376,-2.186297,28.45000000001637,Vw6
12788.710000000034,0.08359999973014928,1.7765999985115701,9.376500000374328,0.15200000000186628,-0.18230000006829214,-0.10929999986960211,52.211376,-2.186297,28.499999999951616,Vw6
12788.810000000034,-0.6971999994851132,-2.530099997762223,10.459599999210804,0.1573999998944859,-0.37989999996416046,0.26799999995175317,52.211376,-2.186297,28.359999999968895,Vw6
12788.910000000034,0.7925999991509912,3.9447999960524585,8.176100000457703,-0.14789999994075792,-0.27620000021640645,0.12840000014728484,52.211376,-2.186297,28.270000000020946,Vw6
12789.010000000035,-1.6043839987828128,-7.230049995378541,9.494465000252537,0.02075299996360535,-0.8830859995476218,0.5438609997761746,52.211376,-2.186297,28.32919999997219,Vw6
12789.110000000035,1.8410673259977441,5.895394058132899,10.19143564279007,-0.08401881192009694,0.397271286849499,-0.09039306919540353,52.211376,-2.186297,28.249306930668965,Vw6
12789.210000000036,-0.27219999944553563,2.2347999995677355,7.965000000518011,-0.19589999998428392,-0.40559999985502654,0.2302999999672218,52.211376,-2.186297,28.180000000058207,Vw6
12789.310000000036,1.251899998420899,1.0465999980367284,9.388899999440078,-0.15270000005264156,-0.007100000180698408,0.14020000006886693,52.211376,-2.186297,28.339999999898136,Vw6
12789.410000000036,-3.0886999985252723,-4.349999998147104,7.84980000125754,-0.29739999989784555,-0.503799999751235,0.3294999997842315,52.211376,-2.186297,28.059999999974533,Vw6
12789.510000000037,0.964999998759813,0.7431999971308716,11.306499999494939,-0.016600000017716957,0.17999999975363606,-0.2635999997741179,52.211376,-2.186297,27.990000000043654,Vw6
12789.610000000037,-2.4439999983449767,-7.143399996327405,9.91820000040602,-0.06529999994576104,-0.49719999963796596,0.3572999996965779,52.211376,-2.186297,28.110000000018374,Vw6
12789.710000000037,2.051249504637582,2.8362633658046525,11.026333663484674,0.08267920793466954,0.47867326698541246,-0.46090396012171525,52.211376,-2.186297,28.160297029713842,Vw6
12789.810000000038,1.1962000003522308,1.3826000014367326,11.349699999254627,0.12059999998059502,-0.4539999996570132,0.28869999980457506,52.211376,-2.186297,28.19,Vw6
12789.910000000038,2.1182999980480806,5.143799996785955,9.398399999975897,0.06979999994957761,0.44389999965013743,-0.22289999986164402,52.211376,-2.186297,28.189999999954164,Vw6
12790.010000000038,-2.9915999992648086,-3.2701999995754534,9.335300000489678,-0.06219999999953698,-0.4719999996343335,0.1392999997962732,52.211376,-2.186297,28.070000000015433,Vw6
12790.110000000039,-1.095539604319176,-2.212985150169963,10.579564355481585,-0.06246930698713634,0.4691138611331328,-0.3837821780289042,52.211376,-2.186297,28.110693069333553,Vw6
12790.21000000004,-2.0294999987847806,-6.52149999626262,8.096000001467932,-0.20939999976025356,-0.1894999996772167,0.1079999996698134,52.211376,-2.186297,28.180000000008004,Vw6
12790.31000000004,1.007200000931363,2.8178000010699296,11.764200000111767,0.3896999998627673,0.6170999996708437,-0.7170999996627997,52.211376,-2.186297,28.19999999994745,Vw6
12790.41000000004,3.306154455238612,5.4847415849644054,12.020905939798023,0.05292772288197499,-0.18822871251049897,0.11049504923932663,52.211376,-2.186297,28.068514851425423,Vw6
12790.51000000004,2.791599999045376,7.488899997163541,10.041500000306215,0.32569999992448645,0.7088999997249978,-0.5499999997786618,52.211376,-2.186297,27.92000000004402,Vw6
12790.61000000004,0.4060999988472082,0.40089999755187306,10.80669999943711,0.1370000000053624,0.02170000031361924,0.003099999855976057,52.211376,-2.186297,28.029999999943975,Vw6
12790.710000000041,-2.474599998465386,-5.716699997120753,9.400100000553458,0.15039999995489997,0.8053999998747408,-0.3568000000630898,52.211376,-2.186297,27.890000000029286,Vw6
12790.810000000041,1.1934999995580784,1.1653999985957075,10.722999999040978,0.04259999988323361,0.5059999997509876,-0.5075999998093081,52.211376,-2.186297,27.95999999995398,Vw6
12790.910000000042,0.13719999992741322,-2.191200000183245,8.430700000710555,-0.2364999998043713,-0.08919999990645301,-0.051799999924652,52.211376,-2.186297,27.850000000029286,Vw6
12791.010000000042,-0.03630000043205959,-2.629200000552499,10.129099999861177,0.23109999985614918,0.1343999999576561,0.12830000004707692,52.211376,-2.186297,27.920000000101425,Vw6
12791.110000000042,-1.0351702960402114,-3.8546544519994987,9.794874257184958,-0.10896831681773493,0.03770297044433967,0.2335297027108183,52.211376,-2.186297,28.15841584151754,Vw6
12791.210000000043,1.3177999994614629,4.339899997727107,9.2222999995314,-0.07579999993595703,0.3879999997369305,-0.38349999977395055,52.211376,-2.186297,27.99999999994325,Vw6
12791.310000000043,0.0842000006067712,-0.866499997713574,8.1489000009747,0.07090000007513154,-0.21459999972479418,0.13429999984724855,52.211376,-2.186297,27.870000000004367,Vw6
12791.410000000044,1.4740999989791976,4.370899996344137,10.3815999991949,0.24299999975736136,0.4157999995910766,-0.21559999972688967,52.211376,-2.186297,27.87999999996944,Vw6
12791.510000000044,-0.8642000008052302,-4.003400000106869,8.537399999784341,-0.31279999992320956,-0.5208999997277192,0.4099999998195271,52.211376,-2.186297,27.81,Vw6
12791.610000000044,-2.7086999976932127,-4.2481999961959085,8.043400001607855,-0.13690000006517494,0.10279999976553778,-0.0033999997712703504,52.211376,-2.186297,27.810000000030865,Vw6
12791.710000000045,2.527958416081055,4.394028713552561,11.676006930096717,-0.28348910885776707,-0.42286237597274196,0.5092702967651687,52.211376,-2.186297,27.87950495047333,Vw6
12791.810000000045,3.0737999978323556,5.946899995387771,10.316699999433522,-0.1624000001240096,0.18089999988963282,-0.09369999974193088,52.211376,-2.186297,27.829999999918144,Vw6
12791.910000000045,-1.6928999982267128,-4.195499995965027,9.071000000337376,-0.43509999984866005,-0.06179999979577296,0.4737999995919552,52.211376,-2.186297,27.649999999986356,Vw6
12792.010000000046,2.206599999227884,4.6774999972548725,9.812900000732553,-0.10229999997430678,0.38729999985639074,-0.42349999982060216,52.211376,-2.186297,27.62000000000455,Vw6
12792.110000000046,0.5087000003630325,-1.359099998733326,11.423800000034534,-0.045799999839487696,0.07150000011872958,-0.02900000014867087,52.211376,-2.186297,27.630000000099052,Vw6
12792.210000000046,1.3070168320589968,1.4263455458657763,11.499740594095158,0.3071702971958729,0.33258910903380556,-0.35593069322321813,52.211376,-2.186297,27.847821782280764,Vw6
12792.310000000047,-0.9388340010721339,2.2858000003955867,8.23696499844756,-0.013921000154420049,0.3514360000077234,-0.34256799999208826,52.211376,-2.186297,27.642099999901102,Vw6
12792.410000000047,0.922568000896286,0.21361599901028017,10.194494000946865,0.11872700006465958,0.08509199987322397,0.07211300019718103,52.211376,-2.186297,27.580599999971742,Vw6
12792.510000000048,-0.8172999994966529,-2.979199999236396,9.798500000261203,0.06589999998888597,0.4960999999109459,-0.25309999999290594,52.211376,-2.186297,27.650000000028374,Vw6
12792.610000000048,0.24699999972025763,-1.3645999983526178,10.350799999974555,0.0424000000015134,0.30779999990735163,-0.2380999999994325,52.211376,-2.186297,27.709999999990544,Vw6
12792.710000000048,-0.34449999982530605,2.1186999976424916,10.297000000699907,0.045599999842741094,0.11190000008447387,-0.23690000004096,52.211376,-2.186297,27.68999999999509,Vw6
12792.810000000049,0.011199999681798727,-2.681499999585489,11.722099998643653,-0.27459999999852663,0.28389999984274106,-0.32029999974220735,52.211376,-2.186297,27.679999999975443,Vw6
12792.910000000049,-0.6366999990826727,-1.8374999970320205,8.960400001080872,-0.2715999998804597,-0.03629999996198676,0.20459999984961688,52.211376,-2.186297,27.62999999999509,Vw6
12793.01000000005,1.2311000001414845,4.205699998131286,11.161199999302946,-0.028199999991516893,0.04109999990385814,-0.10159999980855963,52.211376,-2.186297,27.619999999970236,Vw6
12793.11000000005,1.5094990095655052,0.47558118993318493,9.763343564713752,-0.010619801956510412,-0.14960198004519812,0.28028019782150987,52.211376,-2.186297,27.561386138682238,Vw6
12793.21000000005,0.829400000324435,4.153699994883248,10.487699999910411,0.037400000004176405,0.16019999969242346,-0.12169999974814273,52.211376,-2.186297,27.700000000045836,Vw6
12793.31000000005,1.4664000001873776,-5.892599996297622,10.311799999728331,0.04559999993287202,-0.443699999583124,0.3727999997281775,52.211376,-2.186297,27.790000000025465,Vw6
12793.41000000005,1.8342999987999669,1.376699996994978,9.778400000898301,-0.08620000000817994,0.37479999957721544,-0.16089999978680708,52.211376,-2.186297,27.84000000001029,Vw6
12793.510000000051,-0.487094058832983,-4.393734649852241,11.514198019275241,-0.10143762372850906,-0.4393940590170503,0.2497960394145776,52.211376,-2.186297,27.862178217933153,Vw6
12793.610000000052,0.6335000003172685,2.6727999993416436,10.483999999935177,-0.03519999994778215,0.32119999985934616,-0.120599999907294,52.211376,-2.186297,28.0800000000463,Vw6
12793.710000000052,1.2365544547476046,1.416430694262621,10.356780197957413,0.06429900979864381,0.048616831724947476,0.05706831670219309,52.211376,-2.186297,28.171089108966598,Vw6
12793.810000000052,-0.12800000029519287,3.749499996499833,10.234799999468168,-0.13580000000949513,0.13029999987756563,-0.1960999998174826,52.211376,-2.186297,28.280000000126602,Vw6
12793.910000000053,-0.6875999989774279,-2.8857999975434003,9.226600000504508,-0.15379999992657103,-0.10179999978915548,0.14989999985140132,52.211376,-2.186297,28.520000000142428,Vw6
12794.010000000053,1.250899999516065,1.7712000006611246,10.183000000252465,-0.014600000015719707,0.29789999990826654,-0.1317999999499396,52.211376,-2.186297,28.790000000110776,Vw6
12794.110000000053,0.3334999991021937,3.024499997557695,10.66159999890665,-0.044399999916747916,0.12400000010142757,-0.0369000001527681,52.211376,-2.186297,29.00000000003134,Vw6
12794.210000000054,-1.368480198944889,-1.6054009926155257,8.588926731546694,0.1134217822639996,0.3162772278272818,-0.3265039605534497,52.211376,-2.186297,29.05940594062635,Vw6
12794.310000000054,-0.68400000096441,0.6056999986644617,8.87190000040769,0.015300000084746716,0.4258999998651583,-0.2435999999299871,52.211376,-2.186297,29.10000000014734,Vw6
12794.410000000054,-2.451299996578972,-1.8416999975898207,9.619000000672898,0.1705999999678039,0.17880000008414643,-0.11530000004540197,52.211376,-2.186297,29.3700000000764,Vw6
12794.510000000055,3.81779999760772,2.574999997486957,10.852099999634001,0.11159999998761269,0.33299999981075235,-0.19849999997331544,52.211376,-2.186297,29.510000000114598,Vw6
12794.610000000055,-0.5661000000630281,-2.030199999519896,10.181400000178824,0.0889000000221553,-0.013800000013096723,-0.14959999989462597,52.211376,-2.186297,29.720000000043655,Vw6
12794.710000000056,-0.681600000019138,-1.1503999989825549,10.509099999770173,0.12949999995141462,-0.0378000001114673,0.043500000050977636,52.211376,-2.186297,29.799999999971522,Vw6
12794.810000000056,-0.7110990096689283,0.6130465333602614,10.121968317757915,0.04241386128506679,-0.23949504984419104,0.1326148514633542,52.211376,-2.186297,29.75039603962637,Vw6
12794.910000000056,-0.3010000011641441,-1.6723000058334079,11.758799999258434,-0.13619999999599638,-0.8390000001779626,0.09410000049486698,52.211376,-2.186297,29.78999999996053,Vw6
12795.010000000057,-2.3654999976930267,-12.017299990755246,10.443699998508745,-0.12909999979598577,-1.1545999994838745,0.9716999995820472,52.211376,-2.186297,29.72,Vw6
12795.110000000057,1.7257000000266718,4.377399995002892,7.7991000015865515,0.23269999983184897,-0.23930000019352593,0.23050000002531854,52.211376,-2.186297,29.720000000028193,Vw6
12795.210000000057,1.7729999993490637,-4.48449999769614,10.612700000111525,-0.0655000000987784,-0.5824999995296821,0.2753999998132116,52.211376,-2.186297,29.770000000029103,Vw6
12795.310000000058,0.6546999996461091,-0.5264999991257091,10.804299998645936,-0.23519999998459554,0.22549999999711903,-0.045499999980185876,52.211376,-2.186297,29.82000000004116,Vw6
12795.410000000058,0.06620594137704368,0.9161207894872062,8.520408912007161,-0.20719009890419232,0.21702871266270335,-0.010779207861171933,52.211376,-2.186297,29.890099009906773,Vw6
12795.510000000058,1.4067999994290994,-3.5217999973762315,10.431299999447784,-0.026200000029220245,-0.1400999998610583,0.09129999987328193,52.211376,-2.186297,29.89999999999418,Vw6
12795.610000000059,0.42599999975787967,0.9857999999160987,9.482599999668745,-0.07639999993238504,0.09859999983143296,-0.12639999988176204,52.211376,-2.186297,29.889999999941207,Vw6
12795.71000000006,0.024753465963107978,0.8462673269177204,8.930748515526194,0.039359405984961425,-0.18608118800086526,0.07309108901491224,52.211376,-2.186297,29.789900990093223,Vw6
12795.81000000006,1.080099999004578,1.1629999991599271,10.08559999977826,0.11529999998547355,0.015799999967465558,-0.08779999999129613,52.211376,-2.186297,29.78000000001801,Vw6
12795.91000000006,-0.57819999925668,-0.23649999954653134,9.716200000368124,0.09109999999185778,-0.038400000009390305,-0.07329999995411825,52.211376,-2.186297,29.809999999994055,Vw6
12796.01000000006,0.6601168324240352,0.5189455450064273,10.329467327099582,0.07753564355624108,-0.05404356436579495,0.0031356436100867663,52.211376,-2.186297,29.800099009895067,Vw6
12796.11000000006,0.8432000001339794,0.4225000006707978,9.404000001041583,0.11540000000822366,0.14449999998217208,-0.06630000004742105,52.211376,-2.186297,29.770000000006004,Vw6
12796.210000000061,1.0663999989085482,1.5399999984024653,11.13919999978552,0.12909999983289308,0.11480000001212175,-0.14529999993023812,52.21137600000006,-2.186296999999367,29.779999999993816,Vw6
12796.310000000061,-0.6983999992421098,-1.0430999983294804,10.792399999408595,-0.1410999999066693,0.1343999998858042,-0.03250000000362328,52.211464,-2.185273,29.76999999997501,Vw6
12796.410000000062,0.5017742566175767,1.6049098993713715,9.846289108947442,0.008022772260027476,-0.049219802031061605,-0.03599999985729938,52.211464,-2.185273,29.73,Vw6
12796.510000000062,-0.8007999983972084,-1.0040999987432966,9.905200000524761,-0.019699999996660333,-0.13119999987847333,0.19399999987055708,52.211464,-2.185273,29.729999999938155,Vw6
12796.610000000062,1.790799998637726,1.027899999632266,10.753699999281416,-0.014300000042116881,0.06529999985633257,-0.015299999908901372,52.211464,-2.185273,29.63000000001237,Vw6
12796.710000000063,-0.4118999994214795,0.4333000001893386,9.591800000606213,-0.08239999987438969,-0.1669999998934891,0.13199999994652173,52.211464,-2.185273,29.65,Vw6
12796.810000000063,0.49679999877057235,0.7306999990971719,10.543999999819574,0.11489999996301085,0.0002999999250667315,0.04799999998733074,52.211464,-2.185273,29.650000000044564,Vw6
12796.910000000064,-1.4342999999896227,-0.6874000009265113,10.2605999995066,0.05679999998624844,-0.11739999988597666,0.028099999912779457,52.211464,-2.185273,29.719999999993632,Vw6
12797.010000000064,-1.4180000000020372,-2.14270000079428,9.485600000390582,0.03520000002540219,0.061699999858600856,-0.10889999991004187,52.211464,-2.185273,29.70999999996817,Vw6
12797.110000000064,-1.4211999996110154,-3.3902999989920817,10.099099999518607,0.07509999997447112,-0.16039999972630511,0.032399999876389765,52.211464,-2.185273,29.66000000001891,Vw6
12797.210000000065,-0.810209900591321,-1.8071316821350223,9.3429613856451,0.03500099007283827,0.2695009903795955,-0.16175841596830648,52.211464,-2.185273,29.689702970316418,Vw6
12797.310000000065,1.2006999985803808,3.609999997704537,10.115599999671469,0.06959999997059785,0.13190000009848735,-0.2531000000475411,52.211464,-2.185273,29.68,Vw6
12797.410000000065,-0.9671999986742841,0.10460000230423756,9.613900000041843,0.024700000008250934,0.282300000051863,-0.3256999999296051,52.211464,-2.185273,29.67999999996071,Vw6
12797.510000000066,1.0572999994548984,3.6233999976980193,9.677799999995898,0.037299999944372,0.3614999996748308,-0.21819999977676038,52.211464,-2.185273,29.619999999887554,Vw6
12797.610000000066,0.23211188111662967,0.16848019968070432,9.67200792081888,-0.04633366333569844,-0.12665247502102328,0.11680495033112541,52.211464,-2.185273,29.449504950462526,Vw6
12797.710000000066,0.12329999917103379,2.6964999967011627,9.712800000326686,0.00030000001608532326,0.21809999980859138,-0.13269999985052092,52.211464,-2.185273,29.399999999919235,Vw6
12797.810000000067,-1.1083999987999273,-2.2049999983918718,10.198200000198543,0.024200000005047694,-0.06629999983275302,0.08939999982696499,52.211464,-2.185273,29.279999999905776,Vw6
12797.910000000067,0.6746999989121879,0.18439999922575082,10.49319999935376,0.03169999999199099,0.1821999998322146,-0.16769999988592207,52.211464,-2.185273,29.139999999919237,Vw6
12798.010000000068,-0.9415999995351408,-0.9659999984733076,9.533000000608617,0.019800000061783795,-0.06709999986768309,0.0017999999166120686,52.211464,-2.185273,29.019999999939426,Vw6
12798.110000000068,-0.25089999979109,1.30239999972875,10.437299999344921,0.111599999926511,0.12949999985839258,-0.12209999987382461,52.211464,-2.185273,28.929999999966007,Vw6
12798.210000000068,0.06250099051094098,0.9034851485206006,9.485999010731403,0.003992079241145353,-0.0780792078721251,0.06269108905429426,52.211464,-2.185273,28.880297029723025,Vw6
12798.310000000069,0.6725999993043602,0.9119999995637045,10.715899999100866,0.05319999994421887,-0.005999999970485078,-0.01819999997235136,52.211464,-2.185273,28.909999999937792,Vw6
12798.410000000069,-0.3337999993190831,0.2808000006982664,9.415100000232457,-0.027499999943182047,0.036700000047970395,0.02179999991131699,52.211464,-2.185273,28.819999999986177,Vw6
12798.51000000007,0.6512999996323988,1.2909999986649756,9.751400000225098,0.05469999995538515,0.10609999988863743,-0.10649999991028156,52.211464,-2.185273,28.799999999937164,Vw6
12798.61000000007,0.1318019806835211,-0.5878970274007522,10.081085149019987,-0.009257425746556027,-0.0514118810502672,0.022435643594562963,52.211464,-2.185273,28.71079207926284,Vw6
12798.71000000007,0.831999999527181,2.7323999983492837,10.809599999234905,-0.015000000066329448,0.14739999960457717,0.06600000020913285,52.211464,-2.185273,28.790000000113505,Vw6
12798.81000000007,0.16549999935997403,0.40549999824571026,9.731099999793491,-0.10849999992756966,-0.40999999988933267,0.3607999998150579,52.211464,-2.185273,28.94999999992906,Vw6
12798.91000000007,-0.7366999995597427,-2.067399998124473,9.439999999653526,-0.006400000061505489,-0.25399999999631107,0.10010000001454282,52.211464,-2.185273,28.850000000227013,Vw6
12799.010000000071,-0.11610000041287422,0.5763999982125101,8.951600000875406,-0.09309999992948506,-0.24880000002504202,0.12060000009952965,52.211464,-2.185273,29.169999999815555,Vw6
12799.110000000072,-0.6980999992286631,-1.9432999965390925,10.18559999960174,0.006299999982974259,-0.28409999992544144,0.2608999999575066,52.211464,-2.185273,28.9099999998794,Vw6
12799.210000000072,0.38920000046289643,2.9352999990788637,9.624200000515938,-0.017699999914944056,-0.17899999984254827,0.2009999998585554,52.211464,-2.185273,28.740000000007274,Vw6
12799.310000000072,1.025399998610001,1.669299998111016,10.333299998707643,0.0992000000118598,0.037399999939173,0.0066000000757427185,52.211464,-2.185273,28.74999999970896,Vw6
12799.410000000073,-0.8849999994944665,-0.9268999992135417,8.557100001351655,0.11549999998573914,-0.046199999917054084,0.11069999979045243,52.211464,-2.185273,28.35000000013097,Vw6
12799.510000000073,-0.19019999928203202,0.15400000096806984,10.414799999201628,0.09589999996420817,0.06779999994333573,-0.17729999993760318,52.211464,-2.185273,28.530000000293978,Vw6
12799.610000000073,0.7824514848384765,1.460956434896033,9.3407168325747,0.04735742575406251,-0.009120792066130097,-0.09073663354198103,52.211464,-2.185273,28.935049505318986,Vw6
12799.710000000074,0.35759999924101393,0.4365999995001744,10.562400000038409,0.06309999994764585,0.008799999945184754,0.07559999995152393,52.211464,-2.185273,29.440000000067123,Vw6
12799.810000000074,-0.6600999990234683,-0.23360000032061326,10.613899999605032,-0.007099999851066605,-0.0647000000455675,0.010600000012603777,52.211464,-2.185273,29.52999999983593,Vw6
12799.910000000074,0.649299998062598,-0.6634999997697014,10.084299999678343,0.1926000000330383,-0.12579999980311257,0.027499999935862433,52.211464,-2.185273,29.309999999917963,Vw6
12800.010000000075,-1.948499997685277,-0.3546999949080166,9.6530000006074,0.23690000002297623,0.1381999999933708,-0.058500000333870913,52.211464,-2.185273,29.200000000203396,Vw6
12800.110000000075,1.0968584137965791,6.3765425721514,10.422465343779617,0.2624029699232785,0.1338881191475686,-0.5028504951355559,52.211464,-2.185273,29.47376237651903,Vw6
12800.210000000076,-1.637299997445523,3.5608000003201132,6.739000001721971,-0.23729999979236507,0.5826999998862357,-0.6178999995770147,52.211464,-2.185273,29.85000000018154,Vw6
12800.310000000076,1.7063633688844868,3.979809901309382,8.992960397757109,0.0344821784249183,0.43378910879742183,-0.06423663324147788,52.211464,-2.185273,30.087623762557307,Vw6
12800.410000000076,0.8675999983006129,-0.7940999963670671,6.879600000717296,-0.10040000015187835,0.015100000245847333,0.2746999996338265,52.211464,-2.185273,30.320000000129877,Vw6
12800.510000000077,-1.3567999992804878,3.9611999975231913,7.818500002708446,-0.29919999956101967,0.3368999993954661,-0.20459999986019248,52.211464,-2.185273,30.490000000168074,Vw6
12800.610000000077,-0.41499999929423936,0.7191999981887667,11.363700000688265,0.27540000002872544,-0.4543999998035819,-0.021599999824896805,52.211464,-2.185273,30.710000000221555,Vw6
12800.710000000077,0.5088000013675381,-1.6515999979490839,12.26459999743348,0.3129999997659761,-0.19729999977325025,0.20759999985138858,52.211464,-2.185273,31.000000000101682,Vw6
12800.810000000078,2.2571999990508145,0.970499998433852,8.983299999416852,0.013799999905192067,0.09259999996586915,0.01760000011139932,52.211464,-2.185273,31.130000000086905,Vw6
12800.910000000078,1.067743565292986,-1.0056148510001424,8.258527723817366,-0.10679405945252356,0.04792772265682912,0.15858118811733674,52.211464,-2.185273,31.240495049543767,Vw6
12801.010000000078,2.2620999973615996,-0.38710000093046404,9.591299999529058,-0.16619999999123974,-0.09929999988439595,0.15669999985021532,52.211464,-2.185273,31.2900000001095,Vw6
12801.110000000079,-1.111099998513729,-1.5766999996728983,8.989200000695266,-0.15499999992522498,0.0484999999981228,-0.03480000001666012,52.211464,-2.185273,31.42999999985139,Vw6
12801.21000000008,0.7891000000700311,-1.1584999994475949,9.878099999269995,-0.05940000004538015,0.04609999986986223,-0.056099999923646095,52.211464,-2.185273,31.240000000008003,Vw6
12801.31000000008,0.8766000026180337,-0.46829999814602835,8.966000001045929,-0.11609999989167467,-0.11650000008375996,0.039300000156188154,52.211464,-2.185273,31.24999999994453,Vw6
12801.41000000008,4.147689111522444,1.8481356454137388,10.272831684211658,0.019246534761522535,-0.2211534654300873,0.2344485150072867,52.211464,-2.185273,31.180693069251596,Vw6
12801.51000000008,-0.5081732663858542,-3.9209980147150083,10.95778613740122,-0.1275980199622886,0.2770039605488013,-0.19409306925823444,52.211464,-2.185273,31.12,Vw6
12801.61000000008,0.6645000002406668,2.419199996456507,9.446400001623761,-0.3273999996565676,0.4673999994784884,-0.1333999998236817,52.211464,-2.185273,31.119999999991997,Vw6
12801.710000000081,0.9651999999485135,-2.0081999986913917,11.47519999932028,0.10169999987705451,-0.18419999974592358,0.08689999980199391,52.211464,-2.185273,31.110000000049112,Vw6
12801.810000000081,0.9023000003503373,-0.4095000015841306,10.644799999952443,-0.04849999982065674,0.12619999952851796,-0.15499999970753378,52.211464,-2.185273,31.169999999926333,Vw6
12801.910000000082,1.3302999991981532,-2.344799998771937,10.586700000342317,0.17059999994613972,-0.44979999970327733,0.20229999995997314,52.211464,-2.185273,31.080000000024555,Vw6
12802.010000000082,0.3506999991988898,-0.844499995692815,11.004899997762015,0.10480000000622094,-0.08730000032930076,0.15340000014267244,52.211464,-2.185273,31.10999999990996,Vw6
12802.110000000082,-0.6279999992834455,4.417499996710103,8.270800001888466,0.11240000006196388,-0.4896000000368345,0.327699999956126,52.211464,-2.185273,31.0,Vw6
12802.210000000083,0.24740000099688625,0.3983000055800192,10.577899997855113,0.1880999998732346,-0.5345999997541672,0.2740999999008469,52.211464,-2.185273,31.0,Vw6
12802.310000000083,1.4387999987143565,7.067099992080804,8.01450000121042,0.03660000002150409,-0.24080000040916347,0.15560000019872458,52.211464,-2.185273,30.999999999916326,Vw6
12802.410000000084,-0.09769999856960129,-2.397299991873712,9.461099998672939,0.06229999979968561,-0.7297999990527322,0.3930999994744467,52.211464,-2.185273,30.89999999996653,Vw6
12802.510000000084,1.611799998898689,7.314599992570462,7.875100001319196,-0.1770999999207612,0.40229999945302625,-0.23499999965928145,52.211464,-2.185273,30.86000000005857,Vw6
12802.610000000084,0.29559999929747716,-1.5646000017317907,9.451700001430567,-0.08239999995322651,-0.2513999991398363,0.17219999941729766,52.211464,-2.185273,30.929999999924693,Vw6
12802.710000000085,-0.5440000009314409,-3.634299999820551,11.161399998141052,-0.026500000115671354,0.7765999996036567,-0.524199999669144,52.211464,-2.185273,30.8399999999658,Vw6
12802.810000000085,-1.633499998357347,-3.4243999985415834,8.987000001816202,-0.16179999980960819,0.3130000003640271,-0.13720000024861218,52.211464,-2.185273,30.800000000068394,Vw6
12802.910000000085,0.28790000060483784,-1.7184999925639657,11.111399998655349,0.060899999826942455,0.7388000001365289,-0.42799999991571647,52.211464,-2.185273,30.87999999972366,Vw6
12803.010000000086,0.9738495037122232,6.826216826011892,9.555393069400596,-0.13817227711394942,0.8894297023301627,-0.3270970294199368,52.211464,-2.185273,30.558811881086307,Vw6
12803.110000000086,-0.4711999993750498,0.20790000328752867,9.664699999172518,-0.0054000000595027815,0.14240000012909368,0.00319999977378684,52.211464,-2.185273,30.44000000002565,Vw6
12803.210000000086,0.25979999919516267,4.053299999607011,8.696800000449654,-0.07499999986388138,0.29340000002069283,-0.26139999980651774,52.211464,-2.185273,30.469999999903955,Vw6
12803.310000000087,-0.6620000007334166,3.6032000015744883,9.211800001950888,0.08089999996516271,0.31710000011909284,-0.03979999995721737,52.211464,-2.185273,30.359999999903955,Vw6
12803.410000000087,-1.501999999755266,5.40649999453142,11.446199998548096,0.04100000010232907,0.45350000022840686,0.009199999841442331,52.211464,-2.185273,30.249999999886494,Vw6
12803.510000000088,-1.2216999977120897,-0.8567999891780899,9.783299999929016,0.1582000000631262,0.7151000005618494,-0.17240000042450848,52.211464,-2.185273,30.119999999947613,Vw6
12803.610000000088,1.3986999976601402,11.537799989114728,9.70200000008978,0.23049999984883648,1.3585999989780146,-0.658599999418717,52.211464,-2.185273,30.059999999938263,Vw6
12803.710000000088,-1.2576623765231718,-0.787809899511749,9.801728712689993,0.05936237626058893,0.19345940538561704,0.0035455448210246782,52.211464,-2.185273,29.986732672981343,Vw6
12803.810000000089,-1.5839000000803958,0.9011999958049848,9.59460000125861,0.085600000087437,-0.44059999980640857,0.3081000000593609,52.211464,-2.185273,29.65999999996435,Vw6
12803.910000000089,-1.6740999965064451,-3.80539999201733,11.006700000928397,0.18370000016538657,-0.22339999940885782,0.37469999948502386,52.211464,-2.185273,29.619999999945982,Vw6
12804.01000000009,2.17606831413113,5.086975249827219,11.993199005907915,0.36486732650643317,0.4269267321128852,-0.1907920786265774,52.211464,-2.185273,29.559306930631156,Vw6
12804.11000000009,-0.8470999987820319,7.664500000263915,7.523100003895805,0.11160000005169568,-0.20039999954703888,0.45999999943134756,52.211464,-2.185273,29.48999999985739,Vw6
12804.21000000009,0.5193999988755916,7.9605999971119905,11.893999998610838,0.1695999996133738,0.3077999993537131,-0.17799999947576725,52.211464,-2.185273,29.32999999987267,Vw6
12804.31000000009,-0.7169000012890269,4.785199991329059,10.366599997699524,-0.25549999993024175,-0.40279999955853124,0.3983999999700776,52.211464,-2.185273,29.189999999972716,Vw6
12804.41000000009,-2.134199997720935,-4.748599991392781,7.837200002095696,-0.17879999988939074,0.08259999983720964,0.3654999998946272,52.211464,-2.185273,29.15999999982545,Vw6
12804.510000000091,0.33309207797670654,4.552026726432095,10.107922771322253,-0.05988613874931932,-0.0963475249117579,0.2522376238934122,52.211464,-2.185273,28.96980198017997,Vw6
12804.610000000092,-1.0177000021209417,-2.2952999905737244,9.060200001781974,-0.20849999991005097,-0.27109999965648385,0.3959999997308805,52.211464,-2.185273,28.94999999987267,Vw6
12804.710000000092,-3.349699997997138,8.06899999016467,11.019499998695807,-0.10959999993243832,0.10659999953550177,0.10010000043254465,52.211464,-2.185273,28.81000000003748,Vw6
12804.810000000092,-1.2409764732541326,-2.3222539118309475,9.620318626764774,-0.03567352924196755,-0.3764343125480294,0.5541549012593571,52.211464,-2.185273,28.849509803876,Vw6
12804.910000000093,-4.108623532066411,8.152353931265212,8.882181371865709,0.14697352958084525,0.8901343148979819,-0.20035490265925127,52.211464,-2.185273,28.800490196033053,Vw6
12805.010000000093,-2.998400000801427,8.410500001294492,8.48030000233322,-0.08629999980481516,0.010800001021380741,0.0061999993560941215,52.211464,-2.185273,28.81,Vw6
12805.110000000093,-3.8622999973562826,9.805899993374586,10.995399998493477,0.12409999985726516,1.111799999420151,-0.6878999992556479,52.211464,-2.185273,28.810000000027554,Vw6
12805.210000000094,-1.0124980171125841,2.6640188051413,9.371439602427843,-0.029761386283814903,0.48675049445963736,0.11447623838097565,52.211464,-2.185273,28.83970297032506,Vw6
12805.310000000094,-0.6111000008036149,-0.14219999689166724,9.120600000352526,0.12199999979710992,0.9713999998182975,-0.22700000017177083,52.21157,-2.1842,28.89000000005675,Vw6
12805.410000000094,-1.4607000005288386,3.143999997958614,9.49330000072558,-0.09249999992338416,0.7792999996758488,-0.4085999997925697,52.21157,-2.1842,28.950000000018917,Vw6
12805.510000000095,-2.0198000013691533,0.9858000006018599,10.260399999247557,-0.011500000084655767,0.43660000026475027,-0.18929999985490284,52.21157,-2.1842,28.970000000170256,Vw6
12805.610000000095,-3.4672999973477676,1.6221000013565734,9.464900001806715,-0.10099999982075679,0.7164999998427957,-0.03590000009638461,52.21157,-2.1842,29.150000000151337,Vw6
12805.710000000096,-0.6633000017173843,3.0562999986529125,11.374999997539996,0.08849999980034226,0.5502999998471958,-0.13780000010797522,52.21157,-2.1842,29.310000000077125,Vw6
12805.810000000096,-2.444699999271109,1.6589999994606108,8.823300000999023,-0.11859999986912095,0.39180000016184596,-0.24979999993962423,52.21157,-2.1842,29.39000000005843,Vw6
12805.910000000096,-1.713933665079489,1.1299722796304978,9.857265347313803,0.017407920947411667,0.5580435643606442,-0.18607128696171135,52.21157,-2.1842,29.451683168479434,Vw6
12806.010000000097,-3.487299999158082,3.6171999955142082,10.663799998017401,0.1781999998143212,0.5623999997814466,-0.013199999910438418,52.21157,-2.1842,29.620000000202456,Vw6
12806.110000000097,-2.6139999996193404,-1.0357999982123909,8.607300001191447,-0.014399999896290042,0.3356999999581265,0.07969999980786878,52.21157,-2.1842,29.830000000214234,Vw6
12806.210000000097,-2.248390101453495,0.7986831681992583,9.826805940208143,0.09081188106365748,0.2934504951220197,-0.11714455441143923,52.21157,-2.1842,30.052376237853363,Vw6
12806.310000000098,-4.77739999680512,0.6770000004521317,9.427400000844543,-0.03799999987034244,0.3684999999173924,-0.07159999991336517,52.21157,-2.1842,30.290000000147337,Vw6
12806.410000000098,-1.5247999998176935,1.137300001135879,10.28719999966348,0.09399999988654963,0.2844000001141379,0.016599999909436156,52.21157,-2.1842,30.44000000026521,Vw6
12806.510000000098,-1.339200000486314,2.2937000008591775,9.944600000821065,-0.02149999991336517,0.4006000002201232,-0.07559999998006024,52.21157,-2.1842,30.710000000176805,Vw6
12806.610000000099,-1.8342999976424916,3.168399993606998,10.780499997966537,0.06669999992613447,0.6246999997611158,-0.055299999882424164,52.21157,-2.1842,30.890000000117873,Vw6
12806.7100000001,0.5657999990364722,-3.3400999938859854,8.710300001972275,-0.00849999955630301,0.38150000054404154,0.06439999965574716,52.21157,-2.1842,31.010000000050024,Vw6
12806.8100000001,-0.397299996429728,2.771199994144269,10.681699996445897,0.4349999992271316,0.9252999989213393,-0.2796999993566841,52.21157,-2.1842,31.06000000002021,Vw6
12806.9100000001,3.089787124110449,-2.9951069278569005,7.176106931836529,-0.32840198005787874,-0.13878217788523495,0.35189999949878736,52.21157,-2.1842,31.081188118930978,Vw6
12807.0100000001,-1.5015000015628939,-0.16579999795459188,8.316800003585392,-0.18859999991166077,0.19299999978660526,-0.1480999998164185,52.21157,-2.1842,31.199999999839928,Vw6
12807.1100000001,-3.063699994018544,1.8786999964278142,11.900599997391042,-0.10030000011965312,-0.020300000249310685,0.035400000279123926,52.21157,-2.1842,31.040000000040017,Vw6
12807.210000000101,2.915099994731828,-1.6918999971282669,9.292800000895074,-0.21989999986829062,-0.2694999994750979,0.3143999996230035,52.21157,-2.1842,31.079999999898135,Vw6
12807.310000000101,-2.256699997597653,1.1272999987436167,10.171499998009182,-0.09060000014067336,0.24579999986340118,-0.055699999830397424,52.21157,-2.1842,30.979999999816645,Vw6
12807.410000000102,0.10170000022236782,-0.10610000033064862,8.217100003484545,-0.22869999979260608,0.11169999993032542,0.11079999983080488,52.21157,-2.1842,30.799999999989815,Vw6
12807.510000000102,0.32000000139950135,-0.4307000007421768,11.637899997721316,-0.02509999999704596,0.04329999972435762,-0.05529999986085459,52.21157,-2.1842,30.789999999735155,Vw6
12807.610000000102,1.6938999936699022,-1.1592999952004,9.400899999381995,-0.02219999994825339,-0.22729999978720736,0.08129999993562233,52.21157,-2.1842,30.529999999867577,Vw6
12807.710000000103,-4.520399993399787,3.5524999939211015,8.794200000007464,0.028599999918920368,-0.0184000002691595,0.018100000132609786,52.21157,-2.1842,30.399999999948157,Vw6
12807.810000000103,1.8453999998076691,-2.3104999966198503,8.801400001513347,-0.049599999926696545,-0.2779999994462323,0.14599999964913876,52.21157,-2.1842,30.349999999813374,Vw6
12807.910000000104,1.659899998617499,0.9495999972743971,10.260999997712766,0.02109999972949263,0.25609999984478743,-0.19239999965463392,52.21157,-2.1842,30.169999999958527,Vw6
12808.010000000104,0.3265000005038546,-1.6792000000268108,8.055000002564725,-0.2397999998451048,0.10640000014997292,0.1406999998641656,52.21157,-2.1842,30.12999999983243,Vw6
12808.110000000104,0.7704019961357793,-1.6832239977586316,10.48444599797907,-0.09150899995938194,0.2517210002203347,0.0080139996898069,52.21157,-2.1842,29.96889999988573,Vw6
12808.210000000105,-2.8552306871502804,0.4657475260977038,8.56186237658697,-0.05374356445447058,0.4573217817233275,-0.28572376218129936,52.21157,-2.1842,29.856831682839132,Vw6
12808.310000000105,2.841699996067014,1.760499998644307,8.898099999105664,-0.14810000013926183,0.019500000316715158,-0.09809999979258428,52.21157,-2.1842,29.539999999989448,Vw6
12808.410000000105,-0.8862000056589888,0.47550000002215526,8.050399999551514,-0.28009999951448267,0.31969999902094715,0.0985000005932343,52.21157,-2.1842,29.52999999979955,Vw6
12808.510000000106,-6.250099994754682,0.4964999970606259,7.625300000618344,0.18009999988785202,-0.6083000000977997,0.6607999993678357,52.21157,-2.1842,29.3399999998945,Vw6
12808.610000000106,-1.2783000069158823,-2.2895999972762526,8.211399997572295,0.07380000006170233,-0.7009999994816578,0.061599999891301604,52.21157,-2.1842,29.239999999936057,Vw6
12808.710000000106,-7.66780295970445,0.25127227563902943,5.967802973944598,0.13176534654156175,-0.2162633665124806,-0.03617623717723677,52.21157,-2.1842,29.17821782159377,Vw6
12808.810000000107,2.3518999932042353,-1.2514999958820414,9.418099999350984,0.13829999945006438,-0.38259999907899606,0.38619999934708016,52.21157,-2.1842,28.999999999859075,Vw6
12808.910000000107,-3.87192699515373,2.487679993600382,8.794220997292742,-0.3707010001828923,0.45957999920219816,-0.2128849996543217,52.21157,-2.1842,28.867699999752706,Vw6
12809.010000000108,0.6070683186345872,-3.3882990081268285,6.33939208328202,-0.5326653458428093,-0.2682029695662234,0.10196039566978296,52.21157,-2.1842,28.64089108920472,Vw6
12809.110000000108,2.2838999966399065,-1.738199999196063,10.12859999822739,0.1107999998003841,0.41149999993893466,-0.24199999972633304,52.21157,-2.1842,28.729999999645845,Vw6
12809.210000000108,-0.8469999955671955,-0.9891000013924,8.47690000291544,-0.07519999990799552,0.3545999997446139,0.012999999962565198,52.21157,-2.1842,28.399999999879945,Vw6
12809.310000000109,3.2145999938393013,-2.2648999979350832,11.148199996393817,0.009099999744395609,0.12060000032207026,-0.02130000022821041,52.21157,-2.1842,28.28999999989086,Vw6
12809.410000000109,-2.4301999947840116,-0.3729000023595931,7.844000003335954,-0.2250999998281055,0.4156999994362952,-0.23039999960447893,52.21157,-2.1842,28.189999999792636,Vw6
12809.51000000011,2.348999994951213,-2.534899996159713,10.90059999789492,-0.06760000000753061,-0.10079999956453393,0.1319999996583938,52.21157,-2.1842,27.999999999879947,Vw6
12809.61000000011,-2.2769999997483246,0.983799998879357,8.971799999354332,-0.07449999971383658,0.29819999918625695,-0.18099999977670087,52.21157,-2.1842,27.88999999994543,Vw6
12809.71000000011,-2.0463999948857077,-0.04299999908437166,8.380200003912835,0.18770000002330126,-0.44739999990169094,0.023600000210155122,52.21157,-2.1842,27.839999999556166,Vw6
12809.81000000011,2.5627999955730916,0.7821999989073348,11.906599996197203,0.2086999996508657,-0.3587999997128266,0.2129999999014558,52.21157,-2.1842,27.440000000010986,Vw6
12809.91000000011,-1.4269029747160347,-0.20255247633823914,8.479372273431716,-0.1059534656950456,-0.09998811852522049,0.12418811871351294,52.21157,-2.1842,27.449900990109974,Vw6
12810.010000000111,2.7083999952111486,-2.544299996187693,9.98930000137078,0.05339999997991654,-0.588499999288757,0.25219999970385215,52.21157,-2.1842,27.28000000014425,Vw6
12810.110000000112,-1.607499996571936,0.8914999991883561,11.224699998838563,0.03530000011667106,0.05249999983323289,-0.014699999826970884,52.21157,-2.1842,27.41,Vw6
12810.210000000112,1.482004953972634,0.1600148506617799,10.177967325554459,0.1404485149698416,-0.09779702987214647,0.1412405942349346,52.21157,-2.1842,27.41,Vw6
12810.310000000112,2.0539999947389367,-2.7948999976983275,7.8774000027852615,0.2334999996879451,0.07240000008638744,-0.17519999981470682,52.21157,-2.1842,27.09999999942484,Vw6
12810.410000000113,-2.610999999163853,-0.7539999986993013,10.347099999964913,-0.04319999979005188,0.14899999939601466,-0.010899999689805349,52.21157,-2.1842,26.589999999749384,Vw6
12810.510000000113,-1.820520785698444,0.3703990079351054,10.332007922566689,0.14026039594474932,-0.3799722770890202,0.2593960393775621,52.21157,-2.1842,26.371584158594814,Vw6
12810.610000000113,3.8273999959201666,-1.3696999990849246,11.90279999584686,0.05629999987165939,-0.25719999964576634,0.05899999987064439,52.21157,-2.1842,26.530000000586444,Vw6
12810.710000000114,0.20979999710506744,-0.5582999954372324,8.220200002483303,-0.05749999976656727,0.056900000074946,-0.055700000001718944,52.21157,-2.1842,27.050000000538603,Vw6
12810.810000000114,-2.3163999984343846,3.423299993912757,10.38719999641898,0.14620000008915596,0.1222999997378036,-0.05719999982283407,52.21157,-2.1842,27.520000000091677,Vw6
12810.910000000114,-0.9501999986872991,-1.8885999975676928,7.262300004609064,0.22400000005099538,-0.10649999984827445,0.09739999967752593,52.21157,-2.1842,27.599999999862487,Vw6
12811.010000000115,0.19530000362067113,0.23389999639835188,11.284299998978488,0.2684999994913069,0.025900000539175745,-0.18400000007620657,52.21157,-2.1842,27.480000000080217,Vw6
12811.110000000115,3.354799992935136,-2.9089999971394462,10.392899996935693,-0.17539999976358778,0.4964000002090237,-0.25050000017957247,52.21157,-2.1842,27.550000000229193,Vw6
12811.210000000116,-2.81019999343825,-0.41279999992130323,7.718900001143547,0.03089999986519106,0.6787999992549419,-0.40719999944341834,52.21157,-2.1842,27.750000000477304,Vw6
12811.310000000116,2.8262999930897026,-0.3451999992424855,8.701199999276712,-0.08489999998498243,0.038800000239000654,0.07089999957659748,52.21157,-2.1842,28.160000000558792,Vw6
12811.410000000116,-3.1095999952740034,0.30549999736831523,8.079900000768923,-0.07200000022072345,0.2440999995639082,-0.29279999981268773,52.21157,-2.1842,28.640000000500585,Vw6
12811.510000000117,0.949999999354424,-1.9550999989809543,8.740399998255887,-0.2616000000313969,-0.13049999999094547,-0.13189999958208073,52.21157,-2.1842,29.070000000364534,Vw6
12811.610000000117,0.3937534645013609,-1.1084227746008493,7.280531685889525,-0.28125445462381254,-0.12315643568513597,0.21998613820403468,52.21157,-2.1842,29.384653465889276,Vw6
12811.710000000117,-0.33089999484947696,-3.100699998087087,9.613700003580727,0.4233000001243825,-0.15879999983518137,-0.13139999953581208,52.21157,-2.1842,29.85000000050841,Vw6
12811.810000000118,4.025300000474355,-1.4828000024242762,12.642199995226882,0.5284999993621259,-0.019400000924592313,0.2612000006614027,52.21157,-2.1842,30.280000000662113,Vw6
12811.910000000118,4.426499996277511,-3.5331999960804144,8.605200004158183,-0.010999999786350599,-0.8013999998699423,0.8205999990825017,52.21157,-2.1842,30.840000000567525,Vw6
12812.010000000118,1.278099998049725,-0.21809999986828696,12.122099994740346,0.16969999931743332,-0.6913999994213613,0.04460000034926415,52.21157,-2.1842,31.320000000602995,Vw6
12812.110000000119,-0.3713999994324753,-0.10669999862767846,7.673600000538139,-0.40759999960707183,-0.20199999924789205,0.3399999992961041,52.21157,-2.1842,31.830000000424725,Vw6
12812.21000000012,0.10860000057320418,1.0539796130365404,8.128745631611485,-0.07526990251576093,0.43411650561400356,-0.25533980653618277,52.21157,-2.1842,32.18922330139985,Vw6
12812.31000000012,2.4276999972277293,-0.9460999987915435,8.489299999669013,-0.34159999993709206,-0.051799999742125506,0.013099999830244633,52.21157,-2.1842,32.52000000036016,Vw6
12812.41000000012,0.11849999855563874,0.06050000323879794,8.213600004411598,-0.2891999996452425,0.16299999946432217,-0.12829999961042704,52.21157,-2.1842,32.82000000034815,Vw6
12812.51000000012,-1.084600000556327,2.758299994812737,11.888299991943702,0.006299999665171345,-0.2832000000226901,0.19620000014106265,52.21157,-2.1842,33.11000000013206,Vw6
12812.61000000012,-1.5480000001474594,-1.5624999954322751,5.177700005843079,-0.27259999939561047,-0.3021000001337563,0.3136999997292131,52.21157,-2.1842,33.21999999995149,Vw6
12812.710000000121,-1.6185999938662596,2.1860910869309627,9.999776238065902,0.22411188098508975,-0.41221683166113876,0.09217227744087352,52.21157,-2.1842,33.17920792069682,Vw6
12812.810000000121,3.4813999937223583,0.3752000001573371,10.367399997693322,0.05529999964778908,-0.3938999995324979,0.269399999784286,52.21157,-2.1842,33.10000000015844,Vw6
12812.910000000122,-1.669599995211516,0.5042999992382982,8.474700000980219,-0.23369999970762836,-0.010300000327592715,0.09240000001352781,52.21157,-2.1842,33.23000000007312,Vw6
12813.010000000122,2.2595000013024333,-0.12070000148561091,9.278999999646201,0.006200000172713963,-0.27909999912645883,0.10349999937561993,52.21157,-2.1842,33.28999999982766,Vw6
12813.110000000122,3.329864357945188,-1.3105920771436597,8.990106930510782,0.1457079206953755,0.4282128710078968,-0.3992227717306101,52.21157,-2.1842,33.14980198017384,Vw6
12813.210000000123,4.566300000584812,0.38019999710945845,8.840799998616388,0.06649999997513806,0.19950000014842956,0.04849999997043779,52.21157,-2.1842,33.13000000003711,Vw6
12813.310000000123,5.039099989525431,-1.9566999941364212,7.722200002273715,0.04639999993999135,0.3195000003104529,0.024599999292632842,52.21157,-2.1842,33.16000000002449,Vw6
12813.410000000124,-3.429216842140961,2.7837950553591386,9.560417824052251,-0.002114851545061046,0.5704900993198565,-0.5472811888250462,52.21157,-2.1842,33.17980198022247,Vw6
12813.510000000124,5.822999991711077,-5.539399991430544,9.278900003666333,0.01440000032394746,-0.4022999990809738,0.11959999973282684,52.21157,-2.1842,33.220000000074215,Vw6
12813.610000000124,-0.8783000115078655,1.3887000051563183,12.242999998579283,0.27629999912810016,0.3406999978461637,-0.09639999858002411,52.21157,-2.1842,33.28000000002474,Vw6
12813.710000000125,-10.181999995543006,5.557399996501402,11.094400000104299,-0.4285999996100396,-1.4005999988796953,1.0515999991915885,52.21157,-2.1842,33.300000000012545,Vw6
12813.810000000125,-6.63090000218915,2.7699000004781937,11.177499999520048,-0.11790000025729605,-0.5080000010855383,0.4075000004882349,52.21157,-2.1842,33.31,Vw6
12813.910000000125,-8.375099977324687,3.1508999882494777,10.79509999664762,-0.3228999998556632,-1.3728999997326632,0.7965000001807347,52.21157,-2.1842,33.310000000200816,Vw6
12814.010000000126,9.691399984923205,-6.211299990215345,8.124100001720494,-0.20789999987223054,-1.1598999991838066,0.9404999994614355,52.21157,-2.1842,33.470000000351426,Vw6
12814.110000000126,-2.320999989395512,1.5845999923993492,9.494899999059676,-0.10610000004807044,-0.5096000004940084,0.5114000000486979,52.21157,-2.1842,33.750000000188265,Vw6
12814.210000000126,6.128099985197082,-4.471199989319621,8.7457000030899,-0.14439999995568942,-0.9031999988595119,0.5501999992529593,52.21157000000085,-2.184200000000046,33.900000000025464,Vw6
12814.310000000127,-5.4976000003347485,3.916799999389838,11.172399998835829,-0.10960000004583853,-0.007500000798863766,-0.03649999924735675,52.212234,-2.184236,33.92000000039472,Vw6
12814.410000000127,-5.760499992830854,3.437599995259023,10.258100001119098,-0.14559999990883227,-0.6348999989253411,0.554599999104748,52.212234,-2.184236,34.23000000017826,Vw6
12814.510000000128,-0.13009999352517987,-0.2858000025481131,11.136999998091207,-0.07400000006493791,0.20909999922851202,-0.14849999939098416,52.212234,-2.184236,34.370000000381985,Vw6
12814.610000000128,4.954999990025535,-2.2869999948329784,9.63790000114991,-0.12499999984784153,-0.3967999991917139,0.32979999935444065,52.212234,-2.184236,34.67000000050932,Vw6
12814.710000000128,-2.8785999956544877,1.7710000001808075,10.54099999772673,-0.005500000084272492,0.23799999954002352,-0.17719999954719842,52.212234,-2.184236,35.07000000039136,Vw6
12814.810000000129,0.4032980134378834,1.9101821782931243,8.810293070845256,-0.06978019797843675,-0.1091069299825608,0.16509306868517173,52.212234,-2.184236,35.37445544612085,Vw6
12814.910000000129,-4.51689999433065,1.9683999920090813,9.999599998700122,-0.037800000082009136,0.44019999944130467,-0.31559999934560584,52.212234,-2.184236,35.820000000167894,Vw6
12815.01000000013,-0.12709999851931533,-4.218999998069622,8.993099999661503,-0.10129999961178036,0.007600000238924258,0.19109999963890148,52.212234,-2.184236,35.95000000059409,Vw6
12815.11000000013,1.0194000009385205,-2.7242999963425216,8.731000000088983,0.1992999999480824,0.19259999969043165,-0.08849999985160865,52.212234,-2.184236,36.41000000015497,Vw6
12815.21000000013,1.7460999996270676,0.10770000093635092,8.799899999695144,0.1590999998788877,-0.04709999994605706,0.026400000037993466,52.212234,-2.184236,36.53000000046681,Vw6
12815.31000000013,1.4613475243801068,0.8226504959844395,8.567127722467882,0.06662475235431845,-0.005911881134257467,0.055409901028035,52.212234,-2.184236,36.88643564403046,Vw6
12815.41000000013,-1.0699999929065527,0.06749999988226046,10.012599999222317,0.025799999809573638,0.3103999990472134,-0.20829999948896585,52.212234,-2.184236,37.30000000011787,Vw6
12815.510000000131,4.346199996891623,-0.02239999876432412,9.418799996202605,-0.11960000031314266,-0.4170999993661186,0.18190000005657786,52.212234,-2.184236,37.39000000007858,Vw6
12815.610000000132,1.9727999973323285,0.9210999975709507,6.5193000037666184,-0.35869999906044103,0.06689999961181312,0.22509999957448745,52.212234,-2.184236,37.45000000010478,Vw6
12815.710000000132,-0.06409999869400053,-0.933599997620444,9.395299997796018,0.3586999996779599,-0.22949999982161043,-0.0997999997434141,52.212234,-2.184236,37.53000000020119,Vw6
12815.810000000132,0.8982782163161624,0.8382376234615156,7.760998020985278,0.12111584191872593,-0.10102475307696872,0.09287821800506356,52.212234,-2.184236,37.68217821811145,Vw6
12815.910000000133,-0.23389999220005817,0.6120000009646065,8.650800006514809,0.3726999998643214,-0.5534999998286926,0.23069999987602235,52.212234,-2.184236,37.90000000015777,Vw6
12816.010000000133,5.640159413728899,1.3384356445275236,13.557037630267462,0.2705217820427417,-0.42449009883884925,0.13733366324254395,52.212234,-2.184236,38.018811881345655,Vw6
12816.110000000133,-0.6356000008134833,4.5884000004111005,12.452400000147273,0.5293999997261116,0.2510999998602391,-0.07340000034873151,52.212234,-2.184236,37.880000000067064,Vw6
12816.210000000134,-1.2159739965251242,4.801862987625659,12.496505991262403,0.3244939999060988,0.14511099976205494,-0.3303609995957993,52.212234,-2.184236,37.930700000093104,Vw6
12816.310000000134,1.3504277200664676,-4.383807917423064,6.019105944140188,0.25146534611209176,-0.03494851524895475,-0.029430693059964125,52.212234,-2.184236,38.001782178458065,Vw6
12816.410000000134,-0.6568000020256046,-1.884599997438694,8.649700000928368,-0.062000000368736714,-0.3297999995615133,-0.022499999938951774,52.212234,-2.184236,38.180000000176754,Vw6
12816.510000000135,-2.1045316774973677,-0.005363366951790613,9.302427718718434,-0.33513762402357433,-0.006886138558071496,0.026393069845209706,52.212234,-2.184236,38.31138613880072,Vw6
12816.610000000135,2.1022999930391606,-0.4616999958822918,6.295200004414648,-0.5288999995128637,0.034499999222789485,0.42570000037797145,52.212234,-2.184236,38.45000000030959,Vw6
12816.710000000136,-3.0690000058172644,2.597400000402315,9.574900000374075,-0.16700000019167602,-0.5428999988226592,0.7064999988248419,52.212234,-2.184236,38.680000000204636,Vw6
12816.810000000136,-7.333099986719786,2.892299997797977,9.849100003784681,-0.30749999962483343,0.3200999985383511,-0.154899999237798,52.212234,-2.184236,38.83000000019099,Vw6
12816.910000000136,2.4014000052305042,1.2781999951778136,12.623299998211888,-0.032499999957026376,-0.7512999993731307,0.40379999965716595,52.212234,-2.184236,38.970000000259205,Vw6
12817.010000000137,6.235399991124924,-2.2564999965617005,11.312599996426231,-0.0009999999512965588,-0.29180000048266885,0.1525000001109129,52.212234,-2.184236,39.1600000002592,Vw6
12817.110000000137,-0.27009999148194547,0.26379999302613105,8.69300000036357,0.03469999982496775,-0.6456000001336957,0.23380000043710317,52.212234,-2.184236,39.35000000025921,Vw6
12817.210000000137,5.973699986796116,-4.848099991782824,8.959500001262438,-0.09359999993848178,-0.743599999146763,0.5541999994854588,52.212234,-2.184236,39.5399999998894,Vw6
12817.310000000138,-3.5774999890667605,1.0958999960962887,9.8726999995026,-0.049099999975254466,-0.12640000052753605,0.18199999998382554,52.212234,-2.184236,39.460000000373256,Vw6
12817.410000000138,4.331199993388934,-1.7278999932029968,9.51290000317683,-0.03120000021386222,-0.5079999992407683,0.17029999939601548,52.212234,-2.184236,39.729999999930875,Vw6
12817.510000000138,-0.45099999753899467,3.18879999512278,11.810899996390608,-0.18590000008474308,0.0411999996841143,-0.2665999990965807,52.212234,-2.184236,39.68000000006912,Vw6
12817.610000000139,1.3291999964897288,-0.3391999960758287,9.200000002323314,-0.24719999948379992,-0.18729999951684004,0.3868999993447273,52.212234,-2.184236,39.73000000011059,Vw6
12817.71000000014,-1.2099999971966553,2.499399996835155,10.880599998214766,0.12619999983066482,0.16219999953793487,-0.0870999999655447,52.212234,-2.184236,39.81000000007003,Vw6
12817.81000000014,0.7915000004149169,0.23979999981084674,9.606000000597552,0.005299999967133923,-0.16769999953127704,-0.06250000022645698,52.212234,-2.184236,39.860000000097074,Vw6
12817.91000000014,1.0877376241767063,0.10475049486061919,10.032633663963043,-0.018165346567473054,0.1669534658145946,-0.22418316854296835,52.212234,-2.184236,39.929306930790005,Vw6
12818.01000000014,1.27537524423919,1.0138574252316659,9.8024514856747,-0.11950693084832774,-0.1575801977084519,0.15338316813213249,52.212234,-2.184236,39.870099009914874,Vw6
12818.11000000014,-1.0670999975983537,0.6495999979982312,10.177599998585093,-0.23019999996316362,0.06439999994901736,0.021700000074653145,52.212234,-2.184236,39.88000000002801,Vw6
12818.210000000141,0.6475999999453972,-0.779599996764106,9.167400001425262,-0.2038999996805524,0.028000000060621956,0.07499999985740226,52.212234,-2.184236,39.89999999991401,Vw6
12818.310000000141,0.6069475243898215,1.4111019706505734,10.122756430082074,0.014898019219173799,0.06786534618873966,-0.023205940410200375,52.212234,-2.184236,39.84,Vw6
12818.410000000142,0.3516999962074733,-5.30869999072957,6.20840000487283,-0.39529999903563795,-0.1756000001640949,0.10619999985324614,52.212234,-2.184236,39.83999999985669,Vw6
12818.510000000142,-2.2370980310459605,1.1318117607151805,9.585875486981648,0.2742676465853717,-0.29084117657589265,0.006989216139389787,52.212234,-2.184236,39.73921568616308,Vw6
12818.610000000142,3.5130980473628517,-1.6770117686855648,7.323424506598368,-0.058967647530968004,-0.3649588236344254,0.32591078476558955,52.212234,-2.184236,39.660784313614364,Vw6
12818.710000000143,-2.348099998272724,1.4875999986985076,9.224900000580405,0.00950000018652281,0.27019999944014417,-0.34719999913003924,52.212234,-2.184236,39.659999999712596,Vw6
12818.810000000143,-1.146099997166494,0.5818999993937014,9.628800001824121,0.1392999997179703,-0.119399999407636,0.25819999986050923,52.212234,-2.184236,39.459999999796786,Vw6
12818.910000000144,0.8002831674941895,0.16825346592982132,10.872798017974187,-0.05528019806012199,0.28649504918766194,0.15802376178967406,52.212234,-2.184236,39.32029702974571,Vw6
12819.010000000144,0.2286000002690067,0.5736000006950777,9.602600000833318,-0.08329999998807289,0.06599999994295104,-0.24959999981419567,52.212234,-2.184236,39.34999999994252,Vw6
12819.110000000144,0.4157999996049683,1.0572999971864945,10.182499999170417,-0.0750000000798973,0.026300000127030945,-0.12029999971777289,52.212234,-2.184236,39.30999999982756,Vw6
12819.210000000145,0.1409000002635352,-0.9005999984128226,9.605200001301814,-0.13059999979656423,0.11470000012121745,0.07609999970212229,52.212234,-2.184236,39.18999999983993,Vw6
12819.310000000145,0.32199999789099093,0.19010000027619534,10.49979999763255,0.009199999885912984,0.1980000000311411,-0.1285999999735155,52.212234,-2.184236,39.080000000116414,Vw6
12819.410000000145,-1.1272999989669594,0.3798999986309558,8.872900002144807,-0.06919999974272213,0.2193999991169898,-0.11039999955689418,52.212234,-2.184236,39.15999999979627,Vw6
12819.510000000146,-0.41739999460662364,-0.5608999979292624,10.346799999401771,0.10759999981897418,-0.3873999997361738,0.19409999981911968,52.212234,-2.184236,39.019999999796276,Vw6
12819.610000000146,3.2888999931122873,0.8620999981185828,9.935700000255823,-0.016800000060681487,-0.20609999998341083,0.06979999996973202,52.212234,-2.184236,38.880000000029106,Vw6
12819.710000000146,-1.444299994664149,-0.43079999781261796,10.111499999460595,-0.05849999961087997,-0.19470000005657787,0.04900000017665843,52.212234,-2.184236,38.89999999985266,Vw6
12819.810000000147,2.177199996690696,1.0537999962897577,9.745399997157266,0.205599999595341,-0.23309999918190125,0.1688999996190044,52.212234,-2.184236,38.80000000004465,Vw6
12819.910000000147,-0.06533300279334131,-1.4454940009286057,7.830822999339471,-0.0671060001189158,0.3144699996857436,-0.0880470001397187,52.212234,-2.184236,38.82789999969017,Vw6
12820.010000000148,-1.9279198002421918,-2.0422277188814104,7.421771292170217,-0.14669207917724494,0.10117722736532554,-0.17887029659746556,52.212234,-2.184236,38.61970297025321,Vw6
12820.110000000148,-0.7499000001519056,0.5949999972628993,10.838899994779515,-0.12590000004464347,-0.14109999991100777,0.11409999999278042,52.212234,-2.184236,38.590000000044206,Vw6
12820.210000000148,-0.8529999989706666,-1.2626999972353725,7.295700005047328,-0.1561999995765429,-0.08069999989275602,0.10919999968229531,52.212234,-2.184236,38.61999999995525,Vw6
12820.310000000149,-0.16289999956804094,0.5908000031479612,10.679600000973698,0.1276999999419779,-0.008800000091880793,-0.10379999978342384,52.212234,-2.184236,38.589999999686775,Vw6
12820.410000000149,0.12670000180853022,2.701299995898328,11.332399997037887,0.08880000001431909,-0.07040000004937101,0.04140000018689388,52.212234,-2.184236,38.379999999925424,Vw6
12820.51000000015,1.3391999989894603,-0.048599997996372254,9.346500002601301,0.09840000005593393,-0.10349999986680268,0.1666999997577688,52.212234,-2.184236,38.329999999985084,Vw6
12820.61000000015,0.661699998284693,1.2946999994979371,11.090499996990607,0.1358999998302592,-0.014200000043255568,0.0043000000010441,52.212234,-2.184236,38.31999999988067,Vw6
12820.71000000015,-0.4882999971467023,0.9580999966623709,9.072900001895507,0.022100000148560506,-0.04320000024080691,0.005000000076393917,52.212234,-2.184236,38.239999999909415,Vw6
12820.81000000015,1.4015999961780394,-1.2525999983607012,10.328399998849713,0.12049999995802864,-0.20269999944772935,0.05559999970876706,52.212234,-2.184236,38.1799999999698,Vw6
12820.91000000015,-1.1299000016990852,-0.16679999473048046,9.566500000978928,0.09269999992436097,0.16310000002536398,-0.13729999992964514,52.212234,-2.184236,38.15999999992451,Vw6
12821.010000000151,-2.2552999969688523,3.323499994865,10.214900002529756,0.04260000019747676,0.1799000000557102,-0.09070000019717482,52.212234,-2.184236,38.1100000000151,Vw6
12821.110000000152,-0.24760000056736825,-0.07769999743748231,11.890499998570709,0.17339999977942389,0.2167999999304,-0.22129999979361564,52.212234,-2.184236,38.11999999978863,Vw6
12821.210000000152,-0.6234000016842605,1.6195999964065646,10.943799997736493,0.02729999999602733,0.1706999997559862,-0.08459999966950417,52.212234,-2.184236,37.9799999998472,Vw6
12821.310000000152,-1.7256999965508033,-0.7321999999155042,9.462400001571805,0.024700000028572686,0.011000000065396306,0.1316999998725689,52.212234,-2.184236,37.87999999977081,Vw6
12821.410000000153,0.5317000006507543,-0.6769000018129139,10.491099998811102,0.04339999988479249,0.05379999974941602,0.048300000069368985,52.212234,-2.184236,37.729999999938876,Vw6
12821.510000000153,0.9575999999799361,-1.8633999988725571,9.71299999946568,-0.03199999999629587,-0.11019999996373046,0.09369999991665721,52.212234,-2.184236,37.690000000108036,Vw6
12821.610000000153,0.9228249966685296,-1.1156779973651167,9.37146400071357,-0.029535999990208308,-0.08614799991554666,0.039477999966035064,52.212234,-2.184236,37.7592999998929,Vw6
12821.710000000154,-1.2180970274379497,0.5783198003001044,9.835142574554661,-0.02227623748241636,-0.03159207922200995,0.0183297030972509,52.212234,-2.184236,37.68920792067088,Vw6
12821.810000000154,0.26220000225643814,-0.5196999999435659,10.029399999020212,0.07009999998283784,-0.04079999980394933,0.10129999994387508,52.212234,-2.184236,37.60999999987631,Vw6
12821.910000000154,1.721599996089191,-0.48319999991944607,9.395700000136369,0.05900000000309228,0.08599999997510713,0.06499999960217792,52.212234,-2.184236,37.52999999998454,Vw6
12822.010000000155,-0.8078000007426115,-0.4310999981327255,9.483900000957217,0.06099999996536644,0.06990000032886419,-0.19230000008751158,52.212234,-2.184236,37.52,Vw6
12822.110000000155,-1.28810000030017,0.7766000000078087,10.102999998955964,0.03859999987974459,0.2825999998266448,-0.24889999964345053,52.212234,-2.184236,37.52000000003124,Vw6
12822.210000000156,-1.4534712829748173,0.7615900959117636,9.427508909808656,-0.036621781902895965,0.17101287119622344,-0.020523762364433738,52.212234,-2.184236,37.54019801983264,Vw6
12822.310000000156,1.2294000004708636,-1.2393999997038723,8.728400001831206,0.14119999979147468,0.11229999991052027,-0.012900000253108737,52.212234,-2.184236,37.56000000014079,Vw6
12822.410000000156,1.5303999975957798,-1.0500999986648436,9.898999997473135,0.007899999958232366,0.05509999980086068,-0.17469999972545994,52.212234,-2.184236,37.65000000006257,Vw6
12822.510000000157,-0.00649999628897346,-0.196600001727424,8.283700002474431,-0.01879999980050909,-0.07219999981336449,0.0008000002222588934,52.212234,-2.184236,37.689999999922556,Vw6
12822.610000000157,2.365777231429099,-1.3008574274678106,9.865482180689119,0.1087247526744858,0.04710693087946846,0.14287920814276953,52.212234,-2.184236,37.64049504942761,Vw6
12822.710000000157,2.4914999961629465,-0.24939999968477466,9.510199999177567,-0.10999999990169189,-0.19589999965472274,0.19039999959302042,52.212234,-2.184236,37.43000000012788,Vw6
12822.810000000158,0.09807326843164818,-0.054694059801124774,9.004866338086071,-0.04822673262996807,0.020114851487501736,-0.06401683165414526,52.212234,-2.184236,37.51009900991668,Vw6
12822.910000000158,0.7953999992332687,-0.30410000109906066,9.921500000234689,-0.0209000000838736,0.02159999990773904,-0.045699999927520545,52.212234,-2.184236,37.52000000003165,Vw6
12823.010000000158,0.310900000075328,-0.998599999809148,10.06979999963523,-0.07389999981658583,-0.03670000017233652,0.00010000027884016163,52.212234,-2.184236,37.54000000009495,Vw6
12823.110000000159,0.35850000203986926,-0.8779999990310225,9.839300001667818,0.04200000018879473,-0.14559999947207108,0.17629999961655524,52.212234,-2.184236,37.60000000017408,Vw6
12823.21000000016,1.6474999929875938,-0.26569999641085096,10.893200000250292,0.16129999945349474,0.18799999919932128,-0.06599999946982522,52.212234000001374,-2.1842360000002197,37.71000000004851,Vw6
12823.31000000016,-2.6647207881078643,1.9384752450205862,11.043213860619067,-0.1743415837804345,-0.30451980155064484,0.2587138608754988,52.21308,-2.184372,37.7404950495843,Vw6
12823.41000000016,-0.18679999993580987,0.37599999972270515,10.564600000688792,0.061499999924653416,-0.03650000019418722,-0.05989999990331061,52.21308,-2.184372,37.78999999995149,Vw6
12823.51000000016,-0.13443267123714472,0.1922376217970953,10.973510888350251,0.01332673242112107,-0.15743366349994717,0.0020396043033086017,52.21308,-2.184372,37.7595049504157,Vw6
12823.61000000016,1.1322999946902828,-1.03399999074245,9.264600003956797,-0.14400000005474428,-0.24079999976453545,0.2159999995558028,52.21308,-2.184372,37.71000000014406,Vw6
12823.710000000161,-2.1847999933064073,4.7493999905986755,11.736499993036963,-0.1782000002625504,-0.09370000072129234,-0.06149999916907123,52.21308,-2.184372,37.80000000004809,Vw6
12823.810000000161,1.9498534720319372,-1.0578277321620968,7.435410884134594,-0.34037821808401136,-0.5392445551758552,0.4517673275625852,52.21308,-2.184372,37.82970297034505,Vw6
12823.910000000162,-0.27729999585962173,0.6558999970367708,8.170100000170065,-0.31689999985798556,-0.3987999997913061,0.34710000015451686,52.21308,-2.184372,37.89000000001603,Vw6
12824.010000000162,2.280224756610559,-1.1744960425635633,8.275149505120352,-0.22917722758093162,-0.26988910870245253,0.4425455447087832,52.21308,-2.184372,37.899900990115015,Vw6
12824.110000000162,-1.8702999964444693,0.22419999778733904,9.21760000214725,0.01940000014815393,-0.2427999999141492,0.21679999951416629,52.21308,-2.184372,37.940000000245284,Vw6
12824.210000000163,0.2913801959740542,-1.1300049506741687,10.520826731072749,0.10930098998569608,-0.18851683139410572,-0.07980693061313972,52.21308,-2.184372,38.08970297024888,Vw6
12824.310000000163,-0.970599995862745,-1.2404999964964627,9.533500001188855,0.039400000118852765,-0.01020000013244062,-0.03049999979896529,52.21308,-2.184372,38.060000000049115,Vw6
12824.410000000164,1.5565999962900257,0.8995999984285569,10.25969999926953,0.11199999987509,-0.09109999983007001,0.0922999998804924,52.21308,-2.184372,38.08999999996726,Vw6
12824.510000000164,-0.7095999990539602,-0.06029999945033447,9.813499999787673,0.03570000000545697,0.012699999896648329,0.019299999795611738,52.21308,-2.184372,38.070000000066145,Vw6
12824.610000000164,-0.10541286602724088,0.24502672823527755,9.687556436046236,0.038966336628145096,-0.04624653407096296,-0.10602178246046125,52.21308,-2.184372,38.11069306942054,Vw6
12824.710000000165,3.1032999965164625,-2.4622999968308004,9.933199998117615,0.03559999993676829,0.3090999996681163,-0.27819999964659764,52.21308,-2.184372,38.180000000033104,Vw6
12824.810000000165,0.9987999991384265,-0.5476999984834321,8.796000001118141,-0.002599999917070454,0.10859999972671322,-0.06469999997848135,52.21308,-2.184372,38.20000000013243,Vw6
12824.910000000165,0.4782999988810305,0.3684999996654678,9.471500001393416,0.04749999986393596,-0.056499999954148734,-0.051699999897869206,52.21308,-2.184372,38.27999999993379,Vw6
12825.010000000166,-0.1977000000360851,0.16640000375963826,10.313299999417175,-0.034700000046016796,-0.028799999685000147,0.009999999745252354,52.21308,-2.184372,38.24000000006621,Vw6
12825.110000000166,-0.21949999942760406,2.437699992028832,9.961199997423059,-0.06250000029977128,0.16149999977074367,-0.14389999970204953,52.21308,-2.184372,38.280000000182085,Vw6
12825.210000000166,0.12629999716664753,-2.3778999916872037,8.404400004154558,-0.24359999960171408,0.02299999944926094,0.03610000008919596,52.21308,-2.184372,38.390000000150614,Vw6
12825.310000000167,-1.566799993858197,2.5894999931220375,10.886999998561485,-0.005600000103587808,-0.306099999788306,0.08940000030022055,52.21308,-2.184372,38.48000000003346,Vw6
12825.410000000167,2.103299999779604,-1.5204999965861206,10.027400003729161,-0.0674999995779508,-0.17959999998527348,0.26879999961208956,52.21308,-2.184372,38.50000000005021,Vw6
12825.510000000168,1.9716000008158168,0.519499999833657,12.25579999505657,0.18469999948741606,-0.17079999999230205,0.03699999997021223,52.21308,-2.184372,38.53000000010041,Vw6
12825.610000000168,2.4590999939174374,0.42010000015161636,9.301800000110616,-0.12159999963635491,-0.1661999995561957,0.019199999736261086,52.21308,-2.184372,38.59000000016735,Vw6
12825.710000000168,-1.1755999903659955,0.5106999938134297,9.36789999934262,0.09569999982169901,0.09899999938017573,-0.1383999994598529,52.21308,-2.184372,38.69000000042291,Vw6
12825.810000000169,4.519399992728906,-3.1463999959763864,8.97930000053152,-0.009699999674355423,-0.2673999990836277,0.1808999993563233,52.21308,-2.184372,38.93999999994925,Vw6
12825.910000000169,0.22119999819229197,-0.7678999968464072,9.293500003050909,0.18279999994332938,0.27429999963138724,-0.1995999997824525,52.21308,-2.184372,38.909999999915414,Vw6
12826.01000000017,-0.8473999995649051,1.0963000014959352,11.096999996810544,0.14929999973745434,0.05640000022482163,-0.07100000014108444,52.21308,-2.184372,38.859999999915416,Vw6
12826.11000000017,-0.5901999981986382,1.9805999983946316,9.21160000233979,-0.00589999995659781,0.189299999630227,-0.15439999985304773,52.21308,-2.184372,38.810000000290486,Vw6
12826.21000000017,0.47300297182197204,1.0237049475486388,10.569893067442553,0.018571286971405504,-0.02348316770420502,-0.06891386147317756,52.21308,-2.184372,38.98079207934208,Vw6
12826.31000000017,1.3732999953873375,-0.7157999956976753,9.469200000128069,-0.07429999994357496,0.3381999998996318,-0.12030000014294347,52.21308,-2.184372,39.059999999931605,Vw6
12826.41000000017,-1.324399999384454,1.8003999957376857,9.544100000068566,-0.041299999999487046,0.27949999971342915,-0.20390000002547676,52.21308,-2.184372,39.0200000000513,Vw6
12826.510000000171,-0.9643999984773786,-0.6923999972842452,9.584200000191503,-0.04099999993194797,0.1119000000080363,-0.21879999968128394,52.21308,-2.184372,39.050000000068394,Vw6
12826.610000000172,-0.0738999967140102,0.8958999994207029,9.696200000124989,-0.0011999998567145667,0.11659999999110877,-0.032400000044627085,52.21308,-2.184372,39.09000000025648,Vw6
12826.710000000172,1.847899993685915,0.5571000017726234,9.769300000802847,0.0826000000212549,0.11140000037567588,-0.058500000226546035,52.21308,-2.184372,39.24000000020737,Vw6
12826.810000000172,-1.8059999916525304,1.582899994357604,10.23389999954639,0.0948999998574367,0.3287999992386256,-0.18959999931103047,52.21308,-2.184372,39.360000000190084,Vw6
12826.910000000173,3.0245999955879683,-1.6822999988382386,9.971399998818193,0.012399999858300726,-0.1117999995845792,0.20909999924933947,52.21308,-2.184372,39.47,Vw6
12827.010000000173,0.47140000032815477,-1.0099999971718898,9.287499999326583,-0.06959999981803738,0.1285999991304503,-0.22529999952686267,52.21308,-2.184372,39.469999999775354,Vw6
12827.110000000173,0.6613000037495045,0.6265999954415675,8.89780000467529,0.035700000239359195,-0.37459999977980324,0.04850000037452271,52.21308,-2.184372,39.339999999897344,Vw6
12827.210000000174,2.831101983982303,-2.0113207966799225,11.6033445591741,0.17421485172672793,-0.24717425720350333,0.26523267364532344,52.21308,-2.184372,39.28059405930233,Vw6
12827.310000000174,-0.769499998700805,0.9628999974531238,11.88739999588204,-0.29179999978294363,-0.06339999996559927,-0.008699999670835677,52.21308,-2.184372,39.36000000019209,Vw6
12827.410000000174,-0.025499999886062826,-0.4955999966970322,9.52920000066132,-0.16749999960061476,-0.043699999906291434,0.17979999984387668,52.21308,-2.184372,39.47000000010374,Vw6
12827.510000000175,0.03974752486628316,1.395885151814072,9.907912871947698,0.06121287168606088,0.009963366430235925,0.09039405924999439,52.21308,-2.184372,39.52940594069768,Vw6
12827.610000000175,-0.17189999921192647,1.178599997423438,10.598200000216009,-0.007599999720952474,0.1002999997818959,-0.08709999971257057,52.21308,-2.184372,39.449999999895226,Vw6
12827.710000000176,0.2794000000577446,-0.29689999759931984,10.721900001282501,0.1522000000051685,-0.02460000006523006,0.07749999976011021,52.21308,-2.184372,39.38999999992871,Vw6
12827.810000000176,0.30529702855428514,1.0495801979279842,11.420951481518824,0.15411980180705576,-0.059437623451069954,-0.05652376227445096,52.21308,-2.184372,39.348613861141295,Vw6
12827.910000000176,-0.34499999462046066,0.997600000662716,9.366100003523545,0.05610000021261257,0.11679999952837061,0.0011000000483451003,52.21308,-2.184372,39.20999999978827,Vw6
12828.010000000177,2.7038999955713066,1.3732000023847617,11.363099997714464,0.17659999907167065,-0.15049999919884863,0.028499999786522685,52.21308,-2.184372,39.089999999965066,Vw6
12828.110000000177,0.1938999955762788,2.7247841607979257,10.067753463063566,-0.3495386147886731,0.3035594067408459,-0.09249009922313862,52.21308,-2.184372,39.07019801976708,Vw6
12828.210000000177,-0.4012999986765906,0.1155000010635049,8.671800004695571,-0.19629999959784328,0.11359999980747817,0.10879999960479544,52.21308,-2.184372,39.0199999999287,Vw6
12828.310000000178,0.3410999988794516,0.7120999948971016,11.305899994628284,0.029299999594634574,0.005600000017291313,-0.11290000005009133,52.21308,-2.184372,38.97999999971478,Vw6
12828.410000000178,-0.2875000001317348,-2.1504999965306855,8.292500002837201,-0.19809999924096483,0.015300000121573976,-0.14099999998520432,52.21308,-2.184372,38.819999999857394,Vw6
12828.510000000178,-0.3614000002501001,-0.20429999793039025,9.884100004287355,0.22770000001033916,0.08350000010945223,-0.13269999982762165,52.21308,-2.184372,38.739999999857396,Vw6
12828.610000000179,-0.5017000005132134,0.9566999937943794,12.289199994045013,0.23349999940443014,0.14490000003707829,-0.036000000159543556,52.21308,-2.184372,38.65999999996434,Vw6
12828.71000000018,-0.7896000031787712,-2.5244999947686777,8.948600003266291,-0.10059999956744796,0.16570000026111592,-0.12549999994597602,52.21308,-2.184372,38.639999999621836,Vw6
12828.81000000018,-2.5547999939527353,0.38050000056184946,10.762399999037113,0.13959999957086947,0.3106999994678637,-0.09549999964902418,52.21308,-2.184372,38.42999999985594,Vw6
12828.91000000018,0.8032999943842067,0.6925000001202934,10.227699996432616,-0.09870000000198087,0.015200000324684151,0.09939999957735236,52.21308,-2.184372,38.349999999693864,Vw6
12829.01000000018,-2.315199993371797,0.7592999931430957,8.246699999999821,-0.09979999958923763,0.19549999999045578,-0.13529999966289033,52.21308,-2.184372,38.17999999987394,Vw6
12829.11000000018,1.3654999933572107,-3.0483999912508155,8.2466000049992,0.12830000018800347,0.1902000004114827,0.05189999926239252,52.21308,-2.184372,38.109999999801914,Vw6
12829.210000000181,-2.323299989187927,1.8100999935449524,11.022699996129372,0.2326999994155587,0.4186999990866854,-0.35769999934443625,52.21308,-2.184372,37.9999999998181,Vw6
12829.310000000181,3.6206999909452526,-1.738599996594488,8.894799999111969,-0.08860000002419256,-0.08339999939700501,0.002699999714418664,52.21308,-2.184372,37.89999999974534,Vw6
12829.410000000182,-1.3571999925952432,0.13359999647759133,8.406600003863973,-0.10189999963730455,0.24809999983647468,-0.15430000006743122,52.21308,-2.184372,37.75999999987138,Vw6
12829.510000000182,2.619244544684947,-1.7756009886606237,10.492793066246438,0.09428118789686983,0.161074257785249,-0.19088712869231778,52.21308,-2.184372,37.6890099008098,Vw6
12829.610000000182,-2.746299991416759,-0.9857000000220484,8.812100001213945,-0.02759999968985312,0.35849999847994957,-0.17959999905118573,52.21308,-2.184372,37.58999999988976,Vw6
12829.710000000183,1.9428495081647357,-0.9967227720992599,9.484272279316997,0.14103663363361485,-0.4645207912998997,0.33345742513384113,52.21308,-2.184372,37.52841584129566,Vw6
12829.810000000183,3.7077999979669776,-0.8989999996746356,10.631499998900448,0.1247000000246182,-0.03660000077400364,-0.0007999995667931217,52.21308,-2.184372,37.36999999968768,Vw6
12829.910000000184,2.60119999975786,-0.7219000005902857,10.033000001519346,0.13810000002847628,-0.4578999996930073,0.23499999977917105,52.21308,-2.184372,37.19999999966931,Vw6
12830.010000000184,2.4693999958733275,-1.043199996736802,10.859999998278012,0.15359999962999207,-0.290799999489999,0.11479999981591463,52.21308,-2.184372,37.019999999467224,Vw6
12830.110000000184,0.2232000014589041,0.7329999975398331,9.92270000131983,-0.04779999997262603,-0.013200000191250364,0.014600000032334356,52.21308,-2.184372,36.7299999994121,Vw6
12830.210000000185,1.0172999960653186,-0.606099999424279,10.641099997556479,-0.03289999992207449,-0.11729999974247476,0.03219999999554711,52.21308,-2.184372,36.40999999938772,Vw6
12830.310000000185,-1.1033999983086453,-0.2958000009384457,9.324100001379096,0.009100000092953997,0.021499999811308953,0.02979999990797369,52.21308,-2.184372,36.0799999992764,Vw6
12830.410000000185,-0.1917999984810336,-0.8016000018379399,10.067400001411954,0.05919999975917683,-0.08019999973762455,-0.01979999997751068,52.21308,-2.184372,35.68999999910042,Vw6
12830.510000000186,0.6221277234089254,-1.7644316798495445,10.808959403741381,-0.06913366333544209,0.05805940561730477,-0.007161386020000898,52.21308,-2.184372,35.20603960322481,Vw6
12830.610000000186,0.964899996211336,0.022400001313972462,9.62490000009852,-0.052499999891646436,-0.11600000009388169,0.05669999996493352,52.21308,-2.184372,34.809999999165086,Vw6
12830.710000000186,-1.0770999953166642,0.7305999982349201,9.678000001073363,0.0059000001911030265,-0.16659999963559274,0.037800000166559405,52.21308,-2.184372,34.35999999896954,Vw6
12830.810000000187,1.4225999997285215,-0.21150000271853422,10.250899997726998,0.10789999970191674,0.027899999582196324,0.12670000003372406,52.21308,-2.184372,33.80999999928805,Vw6
12830.910000000187,1.2776999981477994,-1.662499996382907,9.037700003271983,-0.051199999752690205,-0.19509999958406987,0.14469999969592134,52.21308,-2.184372,33.429999999175635,Vw6
12831.010000000188,0.2891000014411417,0.2680999979986642,10.784099998167846,0.08079999974950515,0.026899999996627594,-0.01759999994323116,52.21308,-2.184372,32.989999999119426,Vw6
12831.110000000188,1.058299995875142,-0.8001000004594951,9.806200001375837,-0.05289999984935828,0.02510000012490394,0.012699999709882214,52.21308,-2.184372,32.51999999920516,Vw6
12831.210000000188,-1.1193504946838324,-1.0530306949695416,10.525351483676355,0.025738613681056993,0.08845940544529249,-0.1386108907160077,52.21308,-2.184372,32.09465346434368,Vw6
12831.310000000189,-0.9243999961098074,-2.066100000187283,9.74049999933959,-0.07039999984241731,-0.1755999998373096,0.060300000075669956,52.21308,-2.184372,31.55999999886495,Vw6
12831.410000000189,1.1319999995855177,-2.1650999993011877,9.391400000563364,0.012899999833526089,-0.08960000011691009,0.10030000010934309,52.21308,-2.184372,30.95999999858119,Vw6
12831.51000000019,0.9128999971340959,-1.7956999969361311,9.689199999895475,-0.07509999986432911,-0.1513999996996132,0.15809999965184174,52.21308,-2.184372,30.209999999140116,Vw6
12831.61000000019,-0.5884277230616142,-0.20769307222223973,9.63940990191999,-0.0032306929046680088,0.005775247520064578,-0.023617821690857996,52.21308,-2.184372,29.753663365136532,Vw6
12831.71000000019,-0.7411999997434122,-1.746999997709231,10.130399999369335,0.08369999987845843,0.0032999997194897855,0.024599999697882395,52.21308,-2.184372,29.119999999189723,Vw6
12831.81000000019,-0.6574138707954349,-0.5340356386766562,9.818627725664577,0.02258910927207359,-0.13744455356536162,-0.134504950973976,52.21308,-2.184372,28.6945544544044,Vw6
12831.91000000019,-5.578799985776303,2.02239999619502,11.331399998044605,0.2114999996187762,0.32809999906603987,-0.3849999989793287,52.21308,-2.184372,28.14999999900683,Vw6
12832.010000000191,1.8683999891387506,0.030199999511246644,10.307599998479116,0.011900000239506336,-0.16089999886435033,0.14939999906508492,52.21308,-2.184372,27.629999998968632,Vw6
12832.110000000192,-3.818300000202955,-0.22569999879017913,9.511300001211557,0.13730000000848863,0.4336999993784017,-0.34009999909152505,52.21308,-2.184372,27.089999999228308,Vw6
12832.210000000192,-3.912894057377979,0.383873263975446,10.133696038532428,0.1401287125708413,0.11493762441968429,0.12768316772086227,52.21308851485311,-2.1843731683170553,26.6854455436836,Vw6
12832.310000000192,-2.8522999972526093,-1.3688000020160516,9.57329999919597,-0.016999999896459485,0.45869999972813386,-0.1839999998862404,52.21394,-2.18449,26.229999999460123,Vw6
12832.410000000193,-1.4273999992821578,-2.4143999970823558,9.156300002288688,0.036700000171025024,0.31769999994080644,-0.1250000000778964,52.21394,-2.18449,25.94999999955653,Vw6
12832.510000000193,-1.0551000002342676,-0.9012000003642235,10.343299997451592,0.12539999955479508,0.2869999997202285,-0.1653999995823673,52.21394,-2.18449,25.719999998862402,Vw6
12832.610000000193,-1.1766000011867634,-1.0901000034328405,9.021600001788725,-0.10549999959528576,0.14190000067793007,0.05119999977325206,52.21394,-2.18449,25.129999999498686,Vw6
12832.710000000194,-1.792099999862006,-2.870500000174974,9.949299996646491,0.10439999961346112,0.4934999997753948,-0.06640000035131052,52.21394,-2.18449,24.869999999357717,Vw6
12832.810000000194,-1.7211999982566824,-2.9603999967181176,8.226300003995597,-0.09419999929523802,0.37810000044570696,-0.24690000024251132,52.21394,-2.18449,24.539999999182545,Vw6
12832.910000000194,-0.8255000077373952,-1.274199997301429,10.279200000814729,0.26789999981626755,0.6070999998631738,-0.3714999997205086,52.21394,-2.18449,24.119999998948987,Vw6
12833.010000000195,-4.800899995313501,0.1122999980196699,10.697799996179711,0.1734999997623132,0.5367999999809301,-0.22789999980988987,52.21394,-2.18449,23.57999999905633,Vw6
12833.110000000195,-2.4273831703204864,-0.9042089126854268,8.773889112669336,0.052828712915851374,0.5265435642480153,-0.13167821791496198,52.21394,-2.18449,23.093168315500545,Vw6
12833.210000000196,-3.455699997863647,-1.8251000000176607,10.702799997813045,0.07569999979005555,0.47089999991883996,-0.17949999960015306,52.21394,-2.18449,22.409999999007823,Vw6
12833.310000000196,-2.4147330070072632,-1.8373880006662535,9.599454999755169,-0.029917999964209525,0.43299900058975616,0.0195659995213516,52.21394,-2.18449,21.905199999056077,Vw6
12833.410000000196,-5.904810776921918,-2.1712019604700643,9.490391179261241,-0.012567647190114335,0.7296450979890899,-0.2198441173410992,52.21394,-2.18449,21.42450980284194,Vw6
12833.510000000197,-2.1458892083092143,-2.0113980389020636,10.909508826314497,-0.07933235307220532,0.7041549019107586,-0.06425588204759197,52.21394,-2.18449,20.875490195000957,Vw6
12833.610000000197,-8.968899978004773,-3.2035999975901372,8.20240000412213,-0.09769999964442394,1.2859999985985195,-0.563099999016567,52.21394,-2.18449,20.38999999937136,Vw6
12833.710000000197,2.227399983261819,-1.976900002889733,10.300700002021953,0.08329999967375598,0.572600001135946,-0.06250000075182323,52.21394,-2.18449,20.06999999985981,Vw6
12833.810000000198,-6.039228981925144,-3.3947379950259466,11.304487998846492,-0.07740299956396156,1.1333619987222505,-0.43350499912772467,52.21394,-2.18449,19.998799999761836,Vw6
12833.910000000198,2.880577980902826,-0.9474670067215812,10.726286999441704,0.1397479999301386,0.5020210011949875,-0.0025480008232532858,52.21394,-2.18449,19.87899999980153,Vw6
12834.010000000198,-6.58964652358819,-4.295835642678325,10.42955148152677,0.10523564363097092,1.0902376222019465,-0.4084920782735494,52.21394,-2.18449,19.77980198015872,Vw6
12834.110000000199,-1.0143000040413341,-3.8494000052456254,8.604700003158438,0.1387999999730353,0.30400000100621943,0.062299999242410926,52.21394,-2.18449,19.759999999702597,Vw6
12834.2100000002,-3.052599990013166,-6.495099990948582,10.197699997714786,0.12519999982072041,0.8114999987410411,-0.31979999904477585,52.21394,-2.18449,19.609999999919964,Vw6
12834.3100000002,1.9385999982758346,-1.9713999990839934,9.0556000011257,0.035600000081836336,0.18230000075653588,0.15759999946816386,52.21394,-2.18449,19.56999999983993,Vw6
12834.4100000002,1.0769000017937964,-1.513599997344621,9.61819999959482,0.0764999997740997,0.5603999990963988,-0.10819999946036042,52.21394,-2.18449,19.490000000040016,Vw6
12834.5100000002,1.973399995443177,-0.18650000418845958,9.415700002284813,-0.03639999983272574,0.10880000067329892,0.16149999960302375,52.21394,-2.18449,19.510000000320144,Vw6
12834.6100000002,-0.3040000028564197,-2.2798000053694545,10.557599998728527,0.047199999708961694,0.4452999992695747,-0.03689999957253749,52.21394,-2.18449,19.670000000404222,Vw6
12834.710000000201,-1.6904910837389533,-4.892616822893152,9.926429702555605,-0.09583663347039928,0.08577524790037384,0.17273762338933307,52.21394,-2.18449,19.871881188495625,Vw6
12834.810000000201,0.9903999967168564,-0.5043000056230309,9.719400001542862,0.0004999998464276855,0.2732999999021053,-0.013499999935756601,52.21394,-2.18449,20.060000000530263,Vw6
12834.910000000202,-0.6027970263474115,-3.237638609059069,10.470584157341477,-0.07437227714127746,0.22495544547491797,0.018267326786701583,52.21394,-2.18449,20.32366336707702,Vw6
12835.010000000202,1.0574999968706307,-0.8615000037296414,9.938999999958206,-0.03159999999899046,0.19050000044197624,0.044999999748019034,52.21394,-2.18449,20.690000000767252,Vw6
12835.110000000202,-0.49239999964020026,-2.7086999977497372,9.918300000497904,-0.03109999995840699,0.40939999975205715,-0.07979999989662319,52.21394,-2.18449,21.07000000076725,Vw6
12835.210000000203,-0.3142000016715888,-1.594200001949398,10.16490000313307,-0.010499999505705248,0.2866000009748019,-0.028600000369383465,52.21394,-2.18449,21.45000000090545,Vw6
12835.310000000203,-1.1263336633324166,-2.542891089392589,11.664512866619873,0.2288792077534121,0.7604930693463023,-0.20965643596096037,52.21394,-2.18449,21.893168317477784,Vw6
12835.410000000204,-1.1096999971940704,-2.68199999029364,9.375799998861167,0.14679999980503344,0.7797999991227524,-0.36529999949210906,52.21394,-2.18449,22.210000001018635,Vw6
12835.510000000204,0.26759999795580514,2.08239999115846,8.816800003022696,0.051100000060914315,0.34920000061953327,-0.116000000164815,52.21394,-2.18449,22.710000000937143,Vw6
12835.610000000204,-0.7357999987205956,-2.257499989085947,10.300499996674363,0.08099999963186565,0.6532999986061011,-0.1968999994758109,52.21394,-2.18449,23.17000000083528,Vw6
12835.710000000205,-0.10779999973011836,3.0996999914605996,8.668100002361722,-0.09969999988181116,-0.03089999917144487,0.060399999930731064,52.21394,-2.18449,23.580000000842738,Vw6
12835.810000000205,0.023499998795912688,-1.0548000056181834,9.817100000354566,-0.04219999987585034,0.3721999991385575,0.026700000383342925,52.21394,-2.18449,23.990000001151056,Vw6
12835.910000000205,-0.5622999977482458,-3.7880999991336246,9.989599999494152,0.01820000005241418,-0.04689999935623054,0.21319999946105891,52.21394,-2.18449,24.55000000084274,Vw6
12836.010000000206,0.5331999984197394,-3.3665999929278,9.743500000060848,0.04370000001607735,0.26629999949936367,-0.048999999570388926,52.21394,-2.18449,24.960000001037905,Vw6
12836.110000000206,-0.2356118827668563,0.07409307637231466,9.773103960456831,0.05152178219427967,0.022735643064202615,0.16000990141929605,52.21394,-2.18449,25.46495049608641,Vw6
12836.210000000206,0.32703900119337104,0.43282400067861193,9.51075299945044,0.022790999939720367,0.05831600007954427,0.009540999680787227,52.21394,-2.18449,25.885800000870017,Vw6
12836.310000000207,0.8080000009943905,-2.3506510058314793,9.996863001022772,0.032004000019887804,-0.019411000163452957,0.12808700025129077,52.21394,-2.18449,26.355300000973674,Vw6
12836.410000000207,-0.20380000015033947,0.7544999920398877,10.965299997130277,0.06129999982249574,-0.20769999941709757,0.20829999972254593,52.21394,-2.18449,26.78000000099535,Vw6
12836.510000000208,-0.2763000033928231,-3.084199994534995,9.581399998792257,-0.024299999891918955,0.0733999994786556,0.07450000016358778,52.21394,-2.18449,27.260000000963515,Vw6
12836.610000000208,-1.90106633766458,-0.5144148596461612,9.024290103055673,0.027354455456848465,-0.171086137697628,0.15061584117228502,52.21394,-2.18449,27.723168317489364,Vw6
12836.710000000208,-2.3977000005982654,-4.445899987342498,10.973299998435515,0.032799999860683604,0.2702999991808363,-0.0477999997278519,52.21394,-2.18449,28.040000001108673,Vw6
12836.810000000209,-2.6836999905624306,1.6049999928412662,10.225399998892172,-0.033800000182137795,-0.12129999915650339,0.08229999959811359,52.21394,-2.18449,28.570000000802928,Vw6
12836.910000000209,1.7310980089765218,-1.7880376248171634,9.704963367145552,-0.11869405913250028,0.27586435600941667,-0.10651287099668907,52.21394,-2.18449,28.954257426634,Vw6
12837.01000000021,-3.4390999952665893,-2.291799990898623,10.091299999854618,0.011899999994561223,0.07230000044472472,0.03219999955130079,52.21394,-2.18449,29.380000000732142,Vw6
12837.11000000021,-1.176299996257702,2.0590999990754075,10.02179999965673,0.009300000056897987,0.2848999996207498,-0.18229999972220393,52.21394,-2.18449,29.730000000878572,Vw6
12837.21000000021,0.6126999971345823,1.6170999965315365,9.857699999792374,0.03650000000928412,0.10360000004346658,-0.04949999988901255,52.21394,-2.18449,30.150000000907312,Vw6
12837.31000000021,-0.7452999980701687,-0.02670000012238161,9.759300000384869,0.04089999973455851,0.12420000008798816,0.003099999857362127,52.21394,-2.18449,30.58000000094951,Vw6
12837.41000000021,0.16929999288308756,-0.08470000088557862,9.941700001439251,-0.08489999947608012,0.16589999961871799,-0.06449999972105434,52.21394,-2.18449,31.030000000865112,Vw6
12837.510000000211,-3.203599995590886,-0.5044000003388704,10.623799999721475,0.1633999997873092,-0.014799999912644853,0.06769999970902718,52.21394,-2.18449,31.44000000088621,Vw6
12837.610000000212,-1.1140000024488983,-0.6649999993688908,10.491799996973587,0.06259999990209472,0.02660000016605918,-0.07019999983837187,52.21394,-2.18449,31.86000000080181,Vw6
12837.710000000212,-2.2745999976327833,-0.3659000011549837,9.057500004242813,0.01620000018494211,0.10530000002404886,0.006399999660974936,52.21394,-2.18449,32.24000000076616,Vw6
12837.810000000212,-1.162300003545185,-0.9085999981250402,11.051099996930684,0.1030999995060407,0.11659999967033909,-0.15289999963181836,52.21394,-2.18449,32.600000000595905,Vw6
12837.910000000213,-2.828099994832516,-0.027600000416399748,9.608899999219009,-0.12899999976374635,-0.03829999960273271,0.020099999731070683,52.21394,-2.18449,32.880000000365456,Vw6
12838.010000000213,-0.4344603982039702,-0.21607425631255558,9.251849506281763,-0.018391088957898784,0.14437128667525473,-0.10414851467010189,52.21394,-2.18449,33.051782178597456,Vw6
12838.110000000213,-1.4505000016455378,0.3064999973554768,9.876800001992224,0.052499999998510245,-0.068499999767173,-0.019000000066187565,52.21394,-2.18449,33.23000000008513,Vw6
12838.210000000214,-2.223699995860868,-0.9360999970999889,10.81289999763788,0.05179999976239269,0.04089999985533213,-0.05010000011418888,52.21394,-2.18449,33.27000000008586,Vw6
12838.310000000214,-0.2953000031268864,0.41499999884244243,9.712400001591776,-0.05889999974092862,-0.026500000067611836,-0.10329999951469727,52.21394,-2.18449,33.30999999974243,Vw6
12838.410000000214,-1.7521000019933963,-0.12430000398147964,10.453999998382331,0.06179999973053023,-0.05799999986165235,0.12279999982913747,52.21394,-2.18449,33.189999999808734,Vw6
12838.510000000215,-2.6808128732786853,-1.9792504990273099,9.700336632047192,-0.06374455472466661,0.0064554456827744175,0.043196039433255576,52.21394,-2.18449,33.10089108891783,Vw6
12838.610000000215,-1.2403999991006769,-0.6463999989415392,10.287700000142443,0.014399999959023128,0.0748999999167454,-0.005200000045963473,52.21394,-2.18449,33.09999999995664,Vw6
12838.710000000216,-0.8392891118520901,-0.1668722790910211,10.354708911172319,-0.004293069262470212,0.03576336617836286,-0.026835643657957448,52.21394,-2.18449,33.07980198015547,Vw6
12838.810000000216,-2.2082000017639305,-1.0340999932321697,10.485599998149919,0.01639999996753104,-0.037899999136758566,-0.07040000024849578,52.21394,-2.18449,33.060000000043296,Vw6
12838.910000000216,-3.023099998713923,2.0924999969798397,9.630900001769067,0.0014000000408868395,0.3608999995850095,-0.18519999964776096,52.21394,-2.18449,33.07999999971576,Vw6
12839.010000000217,-2.429587127561796,0.7322930738769097,10.429426730382486,0.019204950301130005,0.1721396041856344,-0.024173267342606615,52.21394,-2.18449,32.95019801984488,Vw6
12839.110000000217,-1.8982999945421843,2.8415999864900985,9.37210000018096,-0.07029999995172947,0.2761000000093078,-0.031500000734014974,52.21394,-2.18449,32.969999999740246,Vw6
12839.210000000217,0.6230999968408519,-3.399699992900048,9.455700000701984,-0.04799999996965926,0.28039999995394316,-0.3705999998528801,52.21394,-2.18449,32.849999999847206,Vw6
12839.310000000218,-0.8241999931296771,-0.14699999891253537,9.77729999822343,-0.034099999995416144,0.25929999981228025,-0.30319999951847715,52.21394,-2.18449,32.77999999997817,Vw6
12839.410000000218,2.3232999928509352,0.35120000708423615,8.963399999372886,-0.03199999983192538,0.17330000013467797,-0.08260000005173207,52.21394,-2.18449,32.76999999993452,Vw6
12839.510000000218,-0.9518999974363163,3.596699993375022,8.676100004832037,0.04499999999345164,0.23499999981468134,-0.1063000002761226,52.21394,-2.18449,32.73999999980355,Vw6
12839.610000000219,0.22260000033614924,0.5616000027332863,10.889799997056729,0.041999999695937734,0.1500999993597885,-0.23279999978499546,52.21394,-2.18449,32.64999999980355,Vw6
12839.71000000022,0.37659999836555436,1.8137999984516127,9.541399999054459,-0.09729999979729,-0.14319999960932656,-0.13429999943302828,52.21394,-2.18449,32.559999999735886,Vw6
12839.81000000022,-0.3659999983968438,1.1102999996489553,9.111800003704534,-0.00520000002890172,0.03429999965184542,0.12329999977478891,52.21394,-2.18449,32.4399999999333,Vw6
12839.91000000022,0.35348415805987843,0.9747534702709097,10.752966331096822,-0.01924059428864447,-0.124069307320464,0.02212079210581791,52.21394,-2.18449,32.409009900771984,Vw6
12840.01000000022,0.19190000183414763,3.210100000076256,8.239600002261447,-0.12329999930346854,-0.3009999988445981,0.03419999925655882,52.21394,-2.18449,32.31000000011116,Vw6
12840.11000000022,1.0018719966893646,3.258371003077781,9.228126993683402,0.18707899935651012,0.21545599928535392,-0.29717099933271796,52.21394,-2.18449,32.36,Vw6
12840.210000000221,-0.48571881184126986,4.603369298529974,6.417129709057503,-0.10265148527001465,-0.10522277217208785,0.003986138897215517,52.21394,-2.18449,32.360198019845605,Vw6
12840.310000000221,-0.46759999530164226,0.7902999967068906,9.180100005342812,-0.1578000001096134,-0.05750000114746629,0.13260000052587534,52.21394,-2.18449,32.38000000006725,Vw6
12840.410000000222,1.6187108889370143,-0.6051643400800761,11.52979306179791,-0.20715049514956657,-0.5674188114411369,0.36686732665878163,52.21394,-2.18449,32.409801980154036,Vw6
12840.510000000222,0.6497999975564752,6.758399983659829,8.149100005688835,-0.2521999993164965,-0.36930000002796154,0.3335999996837687,52.21394,-2.18449,32.39000000013315,Vw6
12840.610000000222,-0.45130000223891764,-0.6047999899225404,10.712599997635033,0.0557999998180283,-0.38189999999933427,0.19110000040965824,52.21394,-2.18449,32.45000000015534,Vw6
12840.710000000223,-1.4601999955102958,3.9362999867805764,9.646899998999007,-0.026199999691915946,-0.3815999993587735,0.3756999994453592,52.21394,-2.18449,32.51999999986576,Vw6
12840.810000000223,0.5464999997995328,-1.9721999881341772,9.199500000364242,0.1114999996364295,-0.09500000070051647,0.12780000014744183,52.21394,-2.18449,32.46000000011187,Vw6
12840.910000000224,0.45690000366702804,3.331299988227699,9.362300000129542,-0.050999999829065924,-0.4080999989074986,0.1936999996357583,52.21394,-2.18449,32.51000000002237,Vw6
12841.010000000224,2.095899994063546,-1.930399996666112,9.420199999357042,0.02539999989649399,0.08019999939207169,0.03090000012000369,52.21394,-2.18449,32.5200000002938,Vw6
12841.110000000224,-0.5047559941454228,-0.45712700043152427,9.143194001678175,-0.021199000178924694,-0.18408199894347096,0.08235999963274532,52.21394,-2.18449,32.65060000013436,Vw6
12841.210000000225,2.0745479979951638,-0.642880998875975,9.878136998440608,-0.09951499982419613,0.28175599972140125,-0.07968699992990241,52.21394,-2.18449,32.71070000015677,Vw6
12841.310000000225,1.1717118774433046,-0.1442920788223529,9.20191386434663,-0.02052574228659025,0.15560693001737555,-0.046846534235040364,52.21394118811908,-2.1844982772295913,32.780891089310074,Vw6
12841.410000000225,-0.4870999980622597,0.026499993823184922,10.51329999697937,0.10689999935649247,-0.14369999935581582,0.1384999995317485,52.21406,-2.185326,32.87000000018044,Vw6
12841.510000000226,0.3720000020771331,-2.711999991950179,9.174099997158686,-0.17839999983940508,0.14189999923176075,-0.06909999940070119,52.21406,-2.185326,32.95000000015789,Vw6
12841.610000000226,1.2928999994848331,0.8568999935168816,7.914400005906826,-0.10720000003202877,-0.19869999910905897,0.19659999958001717,52.21406,-2.185326,33.02000000015789,Vw6
12841.710000000227,1.0645000001359695,-2.0173999931610545,10.53319999204988,-0.12140000032446223,0.19629999957299224,0.010400000046611603,52.21406,-2.185326,33.09000000020464,Vw6
12841.810000000227,1.1242999917360006,0.9903999997535636,7.036700006468895,-0.26409999909946247,0.008500000614827606,0.030899999366569095,52.21406,-2.185326,33.18000000011484,Vw6
12841.910000000227,-2.4506287075753987,0.8996178255411684,9.84209504695502,0.12596633617085898,0.2745079204070097,-0.2426554450337572,52.21406,-2.185326,33.23079207938817,Vw6
12842.010000000228,-0.12350000220393303,2.5513999960261904,8.72160000081991,-0.07739999952297003,0.10530000041109161,-0.018200000445197657,52.21406,-2.185326,33.31000000034106,Vw6
12842.110000000228,-1.0927999981037035,0.80369999038846,9.082200004198683,0.13240000008344613,0.286099999808324,-0.21399999991746335,52.21406,-2.185326,33.46000000025011,Vw6
12842.210000000228,-0.25879999529902925,-3.423499988679945,10.928799996132375,0.1690999994845457,0.20180000021177402,-0.17770000000412547,52.21406,-2.185326,33.570000000252115,Vw6
12842.310000000229,1.792299999695403,1.5155999933541004,9.241300002404232,-0.055799999693798605,0.2942000001634144,-0.17950000003369132,52.21406,-2.185326,33.68000000013752,Vw6
12842.410000000229,1.6593999950984857,-1.3840999942358045,10.290300000169832,0.07779999972382283,0.3654999992118064,-0.19419999939653573,52.21406,-2.185326,33.74000000034379,Vw6
12842.51000000023,-0.4791999963347509,1.130899990064498,10.364399998270283,-0.04269999996630868,0.021600000868869394,0.06909999919553374,52.21406,-2.185326,33.89000000020627,Vw6
12842.61000000023,1.1199999972358459,-3.204099985919401,9.609699999529814,-0.027999999682080275,0.4006999986175825,-0.28189999919669106,52.21406,-2.185326,33.98000000049923,Vw6
12842.71000000023,-0.08603960674388178,2.9394643706147163,9.404551484675041,0.11071287160727183,-0.2024683182237687,0.06859505031387741,52.21406,-2.185326,34.19782178268095,Vw6
12842.81000000023,-0.47330000169146735,1.6885000039840268,10.033100000771578,-0.009899999951718565,0.18979999893411223,-0.0851999994587397,52.21406,-2.185326,34.18000000027721,Vw6
12842.91000000023,-1.2054999986562052,3.413099992343581,10.367099996650563,0.010999999842681062,-0.271599999285943,0.14909999953428052,52.21406,-2.185326,34.300000000369614,Vw6
12843.010000000231,-0.623800002200386,0.09879999484751606,8.917200000593006,-0.05709999943794864,0.0374999994628979,-0.05249999975281753,52.21406,-2.185326,34.46000000032342,Vw6
12843.110000000232,-1.5762999960097357,-2.131599994328664,9.173900000809002,0.18619999959272646,-0.19499999966457107,0.05449999996534825,52.21406,-2.185326,34.6,Vw6
12843.210000000232,0.15099999721744098,0.32339999732943253,9.524099999121763,0.00990000019161962,-0.04980000020721927,0.03950000009965152,52.21406,-2.185326,34.60000000009313,Vw6
12843.310000000232,-1.0441000024820668,-0.8235999962417445,9.14690000290485,0.0921999999926232,-0.13879999988957833,0.0822999999200077,52.21406,-2.185326,34.64000000006916,Vw6
12843.410000000233,-2.110139606440351,0.7905584195966419,10.394523765278617,0.0890316831609463,-0.09137425731541486,0.0479435642765114,52.21406,-2.185326,34.66970297036613,Vw6
12843.510000000233,0.19939999637925065,1.9978999945538585,9.153500003492226,-0.03239999978975393,-0.20789999967450276,0.1010999997606501,52.21406,-2.185326,34.6799999998603,Vw6
12843.610000000233,-1.3556999969019554,-0.3412000012412202,10.653400000080559,0.05789999966355972,-0.06810000024866313,-0.0016999997664708644,52.21406,-2.185326,34.620000000046566,Vw6
12843.710000000234,-0.025099997472823453,-0.8742999998247167,10.687999998095115,-0.08659999978553024,-0.17489999950817436,0.09859999984114219,52.21406,-2.185326,34.64,Vw6
12843.810000000234,1.0518999992758713,-0.7995999977440784,9.876200000455455,0.0047999998495895846,0.03469999938381006,0.030900000138677934,52.21406,-2.185326,34.64000000002346,Vw6
12843.910000000235,0.7432999982786103,0.1618000081472699,10.070299995181,-0.059300000174344676,-0.22790000023042592,0.0900000003148998,52.21406,-2.185326,34.649999999929605,Vw6
12844.010000000235,0.00969999879131974,3.633899991820114,8.016600004237068,-0.1335999999594056,-0.32609999959217895,0.22419999997841225,52.21406,-2.185326,34.620000000140784,Vw6
12844.110000000235,-0.5054000010725834,0.1479000045479792,9.822299997525855,-0.11630000027782517,-0.1523000001919434,0.214999999880798,52.21406,-2.185326,34.68,Vw6
12844.210000000236,-0.9624999950145321,2.08609998799236,8.767900006103254,-0.2346999998997373,-0.23410000009671567,0.16419999999692592,52.21406,-2.185326,34.679999999503416,Vw6
12844.310000000236,1.145799995025646,-2.9917999867064435,11.348899993906914,-0.19229999976424078,-0.27500000014377296,0.16290000034926413,52.21406,-2.185326,34.470000000189174,Vw6
12844.410000000236,-0.9577999965697861,2.629899991420682,8.772200001879925,-0.09260000004965842,-0.3357999991851291,0.3105999993849451,52.21406,-2.185326,34.55000000004729,Vw6
12844.510000000237,0.49279999638392186,-0.9981999903875505,9.567199997644773,-0.11360000016008927,0.00879999920026312,0.050500000385680324,52.21406,-2.185326,34.57,Vw6
12844.610000000237,-1.0363999984343413,3.066799985573759,8.571200004278898,-0.1812999998545718,-0.3293999994007885,0.2135999996150291,52.21406,-2.185326,34.56999999995271,Vw6
12844.710000000237,-0.3743000008376171,-3.0338999824497566,10.380700001093956,-0.11979999990324079,-0.07600000083737636,0.05080000058777611,52.21406,-2.185326,34.55,Vw6
12844.810000000238,-0.7196267320357312,4.206013849083582,10.823906927999834,-0.08046534674102626,-0.4169425725981791,0.29151089025700627,52.21406,-2.185326,34.547524751884936,Vw6
12844.910000000238,-0.45229999977315016,-0.9525999988688487,9.694599997578283,-0.16699999986084005,0.278799999176478,-0.057399999722871506,52.21406,-2.185326,34.30000000052423,Vw6
12845.010000000239,-0.35709999840275813,-0.4779000051236602,8.678300007381198,-0.10859999928108628,-0.06679999901372757,0.05889999951603786,52.21406,-2.185326,34.51999999969023,Vw6
12845.110000000239,0.3132000045411842,-2.628100004222745,11.775899996071864,0.19309999987098772,0.3471000001559701,-0.144200000446007,52.21406,-2.185326,34.390000000433254,Vw6
12845.21000000024,2.155061754011891,-4.2939607631969805,10.142615685968199,0.13706764647870345,0.4084529403543415,-0.3291215685371945,52.21406,-2.185326,34.56941176456559,Vw6
12845.31000000024,-2.3287617754622434,4.559960805553628,10.014184313417394,-0.106167647642327,0.06374705799660552,-0.2912784312817661,52.21406,-2.185326,34.510588235153,Vw6
12845.41000000024,0.47629998664837525,-3.0343999704642206,10.076700003304255,0.127099999745584,0.7322999989784555,-0.11209999923068875,52.21406,-2.185326,34.40999999975747,Vw6
12845.51000000024,-4.96825246069767,9.030927695672569,11.418239598947544,0.01865841499052481,0.31782574419048504,0.19381484877327418,52.21406,-2.185326,34.31257425804435,Vw6
12845.61000000024,1.0864999861223186,-2.2462999826049974,9.332200009054901,-0.3354999978858614,0.9903999977093829,-0.9346999978095074,52.21406,-2.185326,34.56999999983193,Vw6
12845.710000000241,-4.6932999794373025,4.998399978354502,13.103399993881727,0.5449999993328719,0.036400001312996165,-0.022400001485520873,52.21406,-2.185326,34.499999999780066,Vw6
12845.810000000241,3.6840999909929244,-3.7740219793520065,10.552214988502662,0.2723640000881338,0.569522998988641,-0.625565998853777,52.21406,-2.185326,34.40869999968523,Vw6
12845.910000000242,0.01545643907117291,4.601379191669258,5.89337426763713,0.3056742567657757,0.1584376243525827,-0.1605059414671431,52.21406,-2.185326,34.28049504962482,Vw6
12846.010000000242,1.431099998527157,-2.110699988929485,10.110799997758559,0.03309999965138522,0.40219999944260343,-0.521099998910851,52.21406,-2.185326,34.32999999925003,Vw6
12846.110000000243,0.8223000018797618,2.465299994564174,9.184299994523046,-0.11100000022426502,0.17179999909592408,-0.07090000006023947,52.21406,-2.185326,34.02000000077417,Vw6
12846.210000000243,1.5992999939378285,0.21839999135925464,6.920400012797321,-0.20369999960610874,-0.20189999952664803,-0.0958000001279659,52.21406,-2.185326,34.33999999936627,Vw6
12846.310000000243,-0.8877999979094028,-3.326599977154552,12.17069998441156,-0.042100001013246215,-0.007700001296964911,-0.14829999862649929,52.21406,-2.185326,34.07999999973188,Vw6
12846.410000000244,-0.030099997724156852,6.046099981521236,5.775300011212494,-0.45779999852729525,-0.5397999991300756,0.41519999906133964,52.21406,-2.185326,33.96999999987813,Vw6
12846.510000000244,0.9036000047212586,-1.5350999952922826,10.375399991458108,0.1463999983885775,-0.18289999986778704,0.03010000119828775,52.21406,-2.185326,33.920000000172344,Vw6
12846.610000000244,2.808654452384925,0.3567207871318782,6.931177233865026,-0.4993643543044899,-0.13533366486270942,0.5175900992026541,52.21406,-2.185326,33.98831683127254,Vw6
12846.710000000245,1.5540999865649716,-1.6711999819036838,9.44890000262802,0.3741999992731318,-0.7486999974886214,0.5965999986872171,52.21406,-2.185326,33.81999999933698,Vw6
12846.810000000245,-3.916999994077701,5.698100023675057,10.519099991082074,0.07819999934863643,0.27399999646066003,0.062000002483416625,52.21406,-2.185326,33.55000000007441,Vw6
12846.910000000245,-1.4839534541775181,15.025053411832783,6.975646547395357,-0.178926731328148,-1.1340574211117915,1.0478247486966008,52.21406,-2.185326,33.578811880896126,Vw6
12847.010000000246,3.0606999920655955,-6.749599997135746,12.160300001979733,0.36839999751907127,0.7501999957500313,-0.4896999961274625,52.21406,-2.185326,33.45999999972988,Vw6
12847.110000000246,-0.1703999927268982,-5.583200023341062,12.966499997537735,-0.6418999996294446,-0.9804999956547527,1.0872999964226298,52.21406,-2.185326,33.34999999975444,Vw6
12847.210000000247,2.791399984950482,-15.088299962510657,11.963800005892159,-0.49099999961037244,0.7889999948259938,-0.36949999682731866,52.21406,-2.185326,33.24999999970314,Vw6
12847.310000000247,-3.2921000024451295,0.06610002608921205,14.345599985037808,-0.333500000453947,-1.3024999969062336,0.9129999982079607,52.21406,-2.185326,33.12999999965367,Vw6
12847.410000000247,-4.280499997976163,10.612199982001929,8.297400009794865,-0.5169999983482266,-0.05190000331443152,0.18860000142492353,52.21406,-2.185326,32.98999999960419,Vw6
12847.510000000248,-3.4623999940776615,3.3368000092575505,12.25679999196922,0.15069999919501714,-1.391699998414525,0.7645999995591642,52.21406,-2.185326,32.82999999982683,Vw6
12847.610000000248,-1.0683999918851024,7.078999951801132,9.010500006543394,-0.17470000038681635,-0.7508000011199684,0.586400000514006,52.21406,-2.185326,32.76000000002499,Vw6
12847.710000000248,2.1511079138612774,-12.09134749544856,11.619015839087334,-0.3283326729782982,-1.1976138610429325,0.7923297030271712,52.21406,-2.185326,32.76980198014899,Vw6
12847.810000000249,-0.6480999906138237,-0.25610001856925335,10.610600002720036,-0.2116000000797445,-1.0589999992999928,0.8152999989777753,52.21406,-2.185326,32.749999999651116,Vw6
12847.910000000249,3.1183999877450153,-7.707599959192997,11.702099984218565,-0.24360000084878047,-0.7781000014371453,0.40510000122831447,52.21406,-2.185326,32.60999999970096,Vw6
12848.01000000025,-1.7992999865184478,8.667499958357666,5.369300015583655,-0.5841999985488415,-1.3547999965038784,0.8979999975626075,52.21406,-2.185326,32.48999999989931,Vw6
12848.11000000025,3.496396024612971,-7.7100029289692635,11.529178210084401,-0.009357426155965517,0.02459009663796368,-0.06287623577214489,52.21406,-2.185326,32.449207920594525,Vw6
12848.21000000025,-2.5139999929759886,8.859699980579379,8.427000003594411,-0.17509999928573247,-0.926399996739015,0.679499997428434,52.21406,-2.185326,32.369999999923934,Vw6
12848.31000000025,0.23788118351678475,1.277972296715325,9.829077223823163,0.1046455440634598,0.3514574236718859,-0.3277287111199698,52.21406,-2.185326,32.3381188114086,Vw6
12848.41000000025,-1.5939999944070116,9.035199977187002,8.276800002771768,-0.0907999996673978,-0.47279999760877833,0.3693999982300542,52.21406,-2.185326,32.14999999977408,Vw6
12848.510000000251,0.6341000005241308,-0.052900004295212424,9.38099999862767,0.04169999979441418,0.4797999984208298,-0.335699998924126,52.21406,-2.185326,32.05999999959837,Vw6
12848.610000000252,0.8428999972960067,-1.7640000014629478,8.834300005058315,-0.040199999790899894,-0.14929999829908483,0.09289999921154449,52.21406,-2.185326,31.89999999979918,Vw6
12848.710000000252,-0.2342999947770939,-2.346799995619555,10.849399994801619,0.04309999953249971,0.5282999991057066,-0.2212000000171931,52.21406,-2.185326,31.81999999992415,Vw6
12848.810000000252,1.8313999911801986,-0.6142999924019193,8.793400004185253,-0.14179999974716048,0.17460000014361285,-0.2280000000166874,52.21406,-2.185326,31.78999999987358,Vw6
12848.910000000253,-1.6568999924668992,2.39079999391036,10.44869999752622,-0.041800000021744194,0.23139999996611949,-0.2345999994614518,52.21406,-2.185326,31.739999999974714,Vw6
12849.010000000253,1.3224999974847524,-0.01769999606885103,9.470300004433287,-0.050399999650322935,0.21799999961391403,-0.021599999917574317,52.21406,-2.185326,31.729999999848296,Vw6
12849.110000000253,0.32770000423570056,1.537099994991734,11.223699996163223,0.08789999949764106,0.06529999996373413,0.010999999558680097,52.21406,-2.185326,31.67,Vw6
12849.210000000254,1.9702633623037786,-0.43385742826235707,9.733154458420074,-0.10668217768189502,0.05100495047099669,-0.16139405930321504,52.21406,-2.185326,31.671386138964632,Vw6
12849.310000000254,0.3765999983416329,-1.4295999928512981,10.908599997923632,0.10509999977852426,0.041499999720904554,-0.12079999926946446,52.21406,-2.185326,31.810000000051446,Vw6
12849.410000000255,-0.25848019556813173,1.34742178164857,10.082565341734517,0.020430693433928535,-0.06341683076997413,0.15950197925555498,52.21406,-2.185326,31.829900990073774,Vw6
12849.510000000255,0.7034999968009797,1.1396000022944732,8.19910000480948,0.1634999997101986,0.29489999913823556,-0.21029999961826687,52.21406,-2.185326,31.820000000101864,Vw6
12849.610000000255,-0.5526999923220457,2.040599991033474,10.0876999980129,0.04969999970612407,-0.04349999886422301,-0.060400000167565304,52.21406,-2.185326,31.86000000017826,Vw6
12849.710000000256,2.4622999956496283,-1.4803999996324677,9.307400000245705,-0.06569999971428406,0.40249999921979546,-0.12619999964606105,52.21406,-2.185326,31.93000000010259,Vw6
12849.810000000256,0.7661000040518264,-1.3370999998658026,9.403200000048704,0.045699999660361604,0.09830000062305899,0.011799999641708697,52.21406,-2.185326,31.969999999870463,Vw6
12849.910000000256,2.3223712851449405,-1.2670485101667741,9.42236039613211,-0.08479306915114639,0.33748514817736114,-0.12564158393808142,52.21406,-2.185326,31.921386138969652,Vw6
12850.010000000257,1.5494999998601033,0.5580999987870428,9.458400003726954,-0.024099999861139452,0.20600000061295531,-0.03980000042694438,52.21406,-2.185326,32.06000000025907,Vw6
12850.110000000257,1.4949029998467636,0.061504992711639686,10.892336998803113,0.027785999560054602,0.438728999006401,-0.20311499961883378,52.21406,-2.185326,32.160100000025665,Vw6
12850.210000000257,1.453073533845733,-2.750877451308303,10.43750098213791,-0.13914411693964723,0.05999117762343508,-0.05878137323730516,52.21406,-2.185326,32.17,Vw6
12850.310000000258,3.1804264750462314,-2.878622549349296,11.117599021363057,0.13644411835830386,0.5091088246885058,-0.3269186281429957,52.21406,-2.185326,32.17,Vw6
12850.410000000258,-1.210100005134676,0.22280000407359402,9.506300002882071,-0.0593999997497107,-0.20769999789591675,0.1709999986144976,52.213993,-2.186553,32.26999999984503,Vw6
12850.510000000259,-3.197999984820948,1.7998999871611145,10.622099997441573,0.03749999978897176,0.6068999992305347,-0.36539999948728147,52.213993,-2.186553,32.210000000309954,Vw6
12850.610000000259,2.6785999940966336,-3.17069998487829,9.631599998108237,-0.04420000007800554,0.30899999916725207,-0.16689999882965859,52.213993,-2.186553,32.33000000010332,Vw6
12850.71000000026,0.3931000020663574,2.6836999965344814,8.899199997188672,-0.07440000013395946,-0.013399999325000318,0.286199998596677,52.213993,-2.186553,32.370000000416184,Vw6
12850.81000000026,1.1874999936851764,1.3514000071661816,7.818400005488696,-0.12589999936375754,0.2461000000483815,-0.25330000030745653,52.213993,-2.186553,32.52999999992197,Vw6
12850.91000000026,-1.24019999745503,4.106399985475411,9.92850000403361,0.11869999995890175,0.26470000037950847,-0.3714999991515033,52.213993,-2.186553,32.5000000002341,Vw6
12851.01000000026,-0.2618000036410965,-1.4774999901262764,11.479199996683528,0.10290000002263006,0.4105999989015323,-0.045299999639479935,52.213993,-2.186553,32.590000000078035,Vw6
12851.11000000026,-1.661599994595641,2.3183999890856595,10.204199999255387,0.1115999999411456,-0.011699999506306066,0.09329999914240712,52.213993,-2.186553,32.61999999997372,Vw6
12851.210000000261,0.3915504940733903,-1.8197663325116604,9.909506927753126,0.09079405982092463,0.17233564255834233,-0.23075247463638987,52.213993,-2.186553,32.61118811912119,Vw6
12851.310000000261,0.01659999992692028,-0.2363999925204611,8.780200000525966,0.2501999990921351,-0.21410000011472732,0.0040000003921159075,52.213993,-2.186553,32.730000000130964,Vw6
12851.410000000262,-0.011299999694322467,2.619099991709512,8.981000000514177,-0.09639999974932871,-0.257899999959924,0.15370000007046036,52.213993,-2.186553,32.78000000005239,Vw6
12851.510000000262,0.10539999255418184,-0.5459999927838376,9.177300002949012,-0.0007000000333371149,-0.24259999997010243,0.18059999981585215,52.213993,-2.186553,32.80000000007937,Vw6
12851.610000000263,-2.6786792000246087,2.1662920752473704,10.290399999606775,-0.0131851484847431,-0.23151782183928032,0.10977821750149126,52.213993,-2.186553,32.82960396029222,Vw6
12851.710000000263,0.3333999981502969,0.655500009723799,10.14039999736431,-0.001700000071740942,-0.25330000022366295,-0.012399999425017448,52.213993,-2.186553,32.79000000026375,Vw6
12851.810000000263,-0.3678999953072984,4.342199983946382,9.141100002122952,-0.028899999953051883,-0.3380999999725697,0.20559999988975106,52.213993,-2.186553,32.890000000026376,Vw6
12851.910000000264,1.4112999951308474,-1.744399988027439,9.945999998406137,-0.011100000166955943,-0.32770000038455255,0.1638000000532782,52.213993,-2.186553,32.90000000015825,Vw6
12852.010000000264,-0.4347999919075162,2.79489998493704,9.341700003720241,-0.07439999981088877,-0.47349999967769324,0.1839999992411813,52.213993,-2.186553,32.959999999868124,Vw6
12852.110000000264,2.6333999890922115,-2.9160999832007506,10.752199997646528,-0.0027000002492470233,-0.3513000007477411,-0.10369999834283698,52.213993,-2.186553,32.91000000026375,Vw6
12852.210000000265,-1.5021999971494346,3.453200000921352,9.859899995912288,-0.09719999924062055,-0.6347999981977885,0.5245999987825738,52.213993,-2.186553,33.01000000013147,Vw6
12852.310000000265,-0.42883366051789795,3.800130693989972,8.320692075123258,0.18874059481821892,0.04381386318700564,0.06618415719932358,52.213993,-2.186553,33.059504950626426,Vw6
12852.410000000265,-1.9112999892326306,4.392299985078014,10.008099993727711,0.1314999994922255,-0.44759999867877703,-0.044200000636577176,52.213993,-2.186553,33.12000000045147,Vw6
12852.510000000266,2.1430999964216766,-1.2264999939712398,7.646300003637812,-0.05969999957534965,0.04989999900383773,-0.28389999843365366,52.213993,-2.186553,33.29000000026557,Vw6
12852.610000000266,0.7956999986580624,1.0435999957691653,9.016100000192008,0.10019999917699096,-0.3251999988184682,0.3058999990627948,52.213993,-2.186553,33.39000000029213,Vw6
12852.710000000267,0.29039999576630215,-0.5494999855754471,9.088399997497055,-0.20970000011451917,0.11969999831354326,-0.04699999949708802,52.213993,-2.186553,33.49999999997299,Vw6
12852.810000000267,-1.2751435638329138,4.77530098587136,8.191928720960174,-0.25011287075539385,-0.4985475231061372,0.13625742495517212,52.213993,-2.186553,33.49207920847717,Vw6
12852.910000000267,-1.0795000043496565,3.1954000088576087,11.214799992815728,-0.05140000036391976,0.11669999856036448,-0.15799999893604946,52.213993,-2.186553,33.70000000048131,Vw6
12853.010000000268,-2.706199999880889,6.507999982817804,8.52800000622806,-0.18749999936582312,-0.42169999849855655,0.23989999860659347,52.213993,-2.186553,33.88000000037813,Vw6
12853.110000000268,-2.637008904176524,0.131067322629534,10.813889103555825,0.04573960354282226,0.13099009815090723,-0.2726772268335733,52.213993,-2.186553,34.02128712905732,Vw6
12853.210000000268,-0.12790000371510396,-1.4021999885251744,8.81280000469153,-0.1102999998067069,-0.1899999990090364,0.059599999636296704,52.213993,-2.186553,34.15000000045766,Vw6
12853.310000000269,-1.5079000001235676,2.8601999932971984,10.555499996035607,-0.03850000013541285,0.17809999929897605,-0.07550000034378172,52.213993,-2.186553,34.320000000323056,Vw6
12853.410000000269,-1.5537999953475055,0.37040002050683546,9.082900000355627,-0.08879999947665493,-0.08229999892854248,-0.2032000005478432,52.213993,-2.186553,34.44000000040381,Vw6
12853.51000000027,0.1744000001111839,7.98779998637176,9.215000003699759,0.10560000023825124,0.3156999997450577,-0.40669999968233167,52.213993,-2.186553,34.590000000457664,Vw6
12853.61000000027,0.215699997848201,2.9255000063444823,10.589299994281163,0.1940999994349273,0.22099999972002116,-0.2887000000096916,52.213993,-2.186553,34.76000000037689,Vw6
12853.71000000027,-0.583600002136525,5.282199986922559,8.465000004431873,-0.01579999932134233,0.1169999997346622,-0.29229999956201647,52.213993,-2.186553,34.900000000325235,Vw6
12853.81000000027,-1.3718999946634305,0.4571000066925295,10.100199999411865,0.23459999933272557,0.01910000036887104,-0.13069999995744838,52.213993,-2.186553,35.0200000000271,Vw6
12853.91000000027,0.5970999963049656,2.926399987177023,9.883200001151192,-0.011599999844226523,0.15520000006269266,-0.11500000067483589,52.213993,-2.186553,35.03000000024639,Vw6
12854.010000000271,-0.7446712849782278,-1.6959851318303303,10.294552472766464,0.04526930692236827,0.17626039554065273,-0.3586920784463354,52.213993,-2.186553,35.119702970216466,Vw6
12854.110000000272,0.04819999938511911,4.4554999886143,9.379800000922048,0.04219999988556536,-0.007699999699951267,-0.07790000065813608,52.213993,-2.186553,35.0900000003559,Vw6
12854.210000000272,-0.17386633594641848,0.3352079312643055,9.713243563446017,0.0020217826181190023,0.10029504906961484,-0.31582079140673386,52.213993,-2.186553,35.22059405956708,Vw6
12854.310000000272,0.07949999650208338,4.19599998704543,9.377600005193123,0.16419999993751772,-0.060199999407918946,-0.06790000044856279,52.213993,-2.186553,35.280000000027286,Vw6
12854.410000000273,-1.202499994488462,-0.5518999889424736,11.280899996370014,0.14129999992117714,0.15679999914920903,-0.23229999967616477,52.213993,-2.186553,35.2899999998622,Vw6
12854.510000000273,0.7601683066930064,3.417518800227238,9.977449508677445,0.1132009902358035,-0.14834950398104474,-0.11557920813355209,52.213993,-2.186553,35.2403960397121,Vw6
12854.610000000273,-2.9529999893013104,-0.8505999840267926,11.342399995248304,0.16329999972274192,0.20669999903786485,-0.19349999963895817,52.213993,-2.186553,35.27999999983464,Vw6
12854.710000000274,0.914546530734043,4.890298994936783,9.62469010075481,0.06351584180693581,-0.13898613768165693,-0.0643871292281792,52.213993,-2.186553,35.21930693050381,Vw6
12854.810000000274,-0.5207999994330865,-0.5897999876819912,10.263699996371095,0.14509999963469236,0.20239999861677496,-0.2530999991488057,52.213993,-2.186553,35.14999999956053,Vw6
12854.910000000275,-0.31439999871153523,3.894899993183579,8.942500001936406,0.012100000169744453,-0.30119999944544656,0.056799999515761375,52.213993,-2.186553,34.9899999994232,Vw6
12855.010000000275,0.15470000034663026,1.4132000059396825,9.647499999066682,0.07389999941660644,-0.09930000046363857,-0.11949999946000389,52.213993,-2.186553,34.7799999990936,Vw6
12855.110000000275,0.2809000046784098,3.5756999984511504,9.30769999636313,-0.13850000046720926,-0.2681000004166704,0.07710000001895205,52.213993,-2.186553,34.4499999992584,Vw6
12855.210000000276,1.9841999934662635,3.0117999932358583,7.983600007216853,-0.3085999992783426,-0.4198000000089369,0.0840000000161982,52.213993,-2.186553,34.179999998575674,Vw6
12855.310000000276,-0.32182375311388167,0.627092089526061,10.550807916118304,-0.049172276943367815,-0.4205891082438349,0.08780594004233408,52.213993,-2.186553,33.66564356315108,Vw6
12855.410000000276,3.0257999885238793,4.356299993542937,8.861600004235218,0.05359999965135066,-0.1794999998860876,-0.111599999705542,52.213993,-2.186553,33.22999999792635,Vw6
12855.510000000277,-1.1248999880613177,2.0209000028190554,10.393399999662133,-0.07249999960296553,-0.13829999961153663,-0.005100000675732736,52.213993,-2.186553,32.47999999814754,Vw6
12855.610000000277,3.193099995216785,3.040499999076812,10.27119999928473,0.0710999996485858,0.00219999945863965,-0.24949999943292642,52.213993,-2.186553,31.80999999756692,Vw6
12855.710000000277,1.4631000087193076,2.7066000037098106,10.012499997323815,-0.05600000031810305,-0.19360000086831278,-0.04439999942780414,52.213993,-2.186553,30.9299999973561,Vw6
12855.810000000278,4.596099991886285,4.039599991532002,9.0509000028607,-0.17029999948040386,-0.5055999989560765,0.16119999932009996,52.213993,-2.186553,29.979999997216947,Vw6
12855.910000000278,1.6807000011123783,0.9968999973771826,10.078800001603208,0.016399999850164885,-0.13050000064853587,-0.08309999978747588,52.213993,-2.186553,28.979999998200853,Vw6
12856.010000000279,2.120782190578413,0.08731485800626629,10.646240593263052,-0.0367356435185826,-0.357674256443811,-0.00949108966343615,52.213993,-2.186553,28.329306927715013,Vw6
12856.110000000279,6.558999987294524,2.4287999983193136,10.360299997897124,-0.02029999985055001,-0.0051000001294120014,-0.20859999971028412,52.213993,-2.186553,27.2599999973561,Vw6
12856.21000000028,1.9937000018072266,1.8249000009153558,9.604700000063664,0.03339999981098679,-0.051600000408019535,-0.10449999988936502,52.213993,-2.186553,26.30999999734023,Vw6
12856.31000000028,2.609531676757814,2.132617817358079,9.627325742609505,-0.03388514865084952,-0.19520495032824375,-0.06606534672116506,52.213993,-2.186553,25.36356435463159,Vw6
12856.41000000028,0.32270000791252307,0.5543999990996407,9.639900000497434,-0.08239999979146297,-0.13570000094817852,-0.1325999993775014,52.213993,-2.186553,24.71999999827398,Vw6
12856.51000000028,3.1083158385611163,0.22637722496922844,9.822777229706677,-0.007016831211338406,-0.46937821742322466,0.08639405912395284,52.213993,-2.186553,24.10544554327774,Vw6
12856.61000000028,2.0299000076459945,-0.7559000033074285,10.530499997494848,0.16129999965320604,-0.32719999978010234,-0.01420000023530447,52.213993,-2.186553,23.649999998851488,Vw6
12856.710000000281,4.759399995590406,-1.9365999996735097,9.636200000215688,0.03749999991006007,-0.2487000000871205,-0.09819999970536919,52.213993,-2.186553,23.239999998985002,Vw6
12856.810000000281,3.1953999938348385,-1.8208000065661476,9.712699995066846,0.005599999285458703,-0.27959999953550546,0.006300000014809146,52.213993,-2.186553,22.879999999715206,Vw6
12856.910000000282,1.0373019820889262,-4.116549502171262,7.998871292312015,-0.24342970244260867,-0.11733762399870463,0.011700000056428293,52.213993,-2.186553,22.778217821279352,Vw6
12857.010000000282,1.7074999877332084,-3.131499997566265,9.836000008222314,-0.056400000677227946,-0.20109999999943612,0.03170000059377271,52.213993,-2.186553,22.600000000028196,Vw6
12857.110000000283,-2.6433000007945164,-2.268300007649123,12.752299987105884,-0.2966000000118416,-0.20089999939353984,0.24229999947614922,52.213993,-2.186553,22.609999999887222,Vw6
12857.210000000283,-2.9250999961252253,-4.981299991072837,8.179000010101088,-0.3007999986359544,0.014199999556479452,0.05650000010016811,52.213993,-2.186553,22.57,Vw6
12857.310000000283,-1.5595999990633034,-1.8353000021088317,11.73869999576295,0.17989999969938048,-0.1420999992936846,0.09180000002725243,52.213993,-2.186553,22.569999999859522,Vw6
12857.410000000284,-1.2295009891629671,-2.5784683189390427,10.245531678934226,0.07395940564018444,0.10681089179493122,0.10140396042327302,52.213993,-2.186553,22.520495049364573,Vw6
12857.510000000284,-4.080430682344317,-2.79734554053515,8.889396042868382,0.10731782150327844,-0.04959504947514871,0.13468217804238483,52.213993,-2.186553,22.448316831205215,Vw6
12857.610000000284,-0.30350000946648387,-1.3819000067630025,10.039000000742941,0.009099999911145124,-0.039099998713610695,0.07289999927540282,52.213993,-2.186553,22.279999999885348,Vw6
12857.710000000285,-3.596491086351789,-3.7412039603403686,10.289337621245652,-0.022291089219971773,0.4081306926236576,-0.17740494978650917,52.213993,-2.186553,22.239504950354466,Vw6
12857.810000000285,-2.6255999936089753,-3.7215999944437295,9.403100002713023,-0.061399999890907934,0.2512000012342825,0.07209999947567267,52.213993,-2.186553,22.19000000059972,Vw6
12857.910000000285,-0.3877000062468061,-1.7760000033775705,10.353099996872313,-0.02320000004512185,0.6833999998723451,-0.11150000018705578,52.213993,-2.186553,22.40000000057116,Vw6
12858.010000000286,-2.5750999939302543,-2.9586999930643714,9.257900005033942,-0.038999999806375855,0.6386999997338383,-0.17699999977124933,52.213993,-2.186553,22.60000000139935,Vw6
12858.110000000286,-0.44970000197907867,-0.530100005803584,11.020599999764967,0.0287999996710103,0.5455000001919107,-0.09689999995088001,52.213993,-2.186553,23.09000000185628,Vw6
12858.210000000287,-1.1427000023238785,-2.562300000414263,10.938300000437778,-0.08639999919150515,0.6126999995462559,-0.07969999994106841,52.213993,-2.186553,23.74000000206115,Vw6
12858.310000000287,-1.943734653619112,-2.7136544579345525,11.079598017069225,0.19084752439226532,0.4575673270683946,-0.059856435774834536,52.213993,-2.186553,24.454653466684864,Vw6
12858.410000000287,-1.9971999980269968,-3.579100004762511,10.1293999979106,0.06560000007328709,0.5742999993524871,-0.10549999954964369,52.213993,-2.186553,24.920000001896845,Vw6
12858.510000000288,-1.3106999999471647,-5.236200001880295,9.40240000379891,0.09109999990710292,0.3490000003980059,0.05119999995297086,52.213993,-2.186553,25.580000001393454,Vw6
12858.610000000288,-1.2872940579086265,-5.878077226048047,10.695256431115457,0.05838118791206976,0.4852782175854241,0.036304950870374726,52.213993,-2.186553,26.065643565979617,Vw6
12858.710000000288,-0.7666999999891908,-5.2957999908524895,9.120900002980713,-0.013499999760152467,0.4031000003394675,0.16679999960210434,52.213993,-2.186553,26.630000001519132,Vw6
12858.810000000289,-0.7435376181296255,-2.172612873606193,10.13323366106074,0.06759801951198967,0.5192029702689476,0.030099009755994836,52.213993,-2.186553,27.15584158584907,Vw6
12858.910000000289,1.2026999976500201,-2.973900004578429,9.336600001265262,-0.03259999990330142,0.509500000417469,-0.02000000000817994,52.213993,-2.186553,27.740000001431486,Vw6
12859.01000000029,0.4014860009220902,-4.55427600381339,9.767743999433895,0.0004569999875549656,0.6489319989962935,-0.021803999711738273,52.213993,-2.186553,28.235800001678633,Vw6
12859.11000000029,0.7055584125589278,-5.840120786701727,9.580261387921936,-0.0031782176418163844,0.30691683206430603,0.07695445549024943,52.213993,-2.186553,28.81435643690447,Vw6
12859.21000000029,-0.42859999810330335,-3.982200002681918,10.196399998308777,0.058999999944702716,0.43860000066094795,0.09239999984254828,52.21399300000058,-2.1865530000028723,29.250000001338776,Vw6
12859.31000000029,0.22310000017287673,-4.903699999331776,9.615299999268037,0.03999999981664587,0.6656999993434175,0.03829999973748345,52.21419,-2.18754,29.710000001629815,Vw6
12859.41000000029,0.28250000333471686,-4.674099998164713,9.36380000046857,-0.023000000082072803,0.4401000004685717,-0.05189999977386324,52.21419,-2.18754,30.27000000145519,Vw6
12859.510000000291,1.428299996108612,-4.043499997355373,9.524800001389929,-0.051199999850071176,0.6010999997374775,0.025800000178444697,52.21419,-2.18754,30.77000000146989,Vw6
12859.610000000292,0.11571584482169643,-3.1297514810276974,10.001414852596241,-0.00024653466701877015,0.5126831685740584,0.08526039567856382,52.21419,-2.18754,31.273564357473777,Vw6
12859.710000000292,1.2272999945355758,-1.714900006893568,10.382899998866934,-0.004900000012592863,0.6009999999385,-0.03870000002899287,52.21419,-2.18754,31.630000001522856,Vw6
12859.810000000292,-0.6385999978056203,-4.0687999975971065,9.996000002428666,-0.009199999905114237,0.5799999991574495,-0.0485999998175499,52.21419,-2.18754,32.150000001347145,Vw6
12859.910000000293,0.11069999954050691,-3.2482999941446113,10.825299997226642,0.023199999901599946,0.2923000002225715,0.013700000047442882,52.21419,-2.18754,32.61000000108357,Vw6
12860.010000000293,-0.04620000256554588,-1.2489000002995263,9.878300001934887,-0.010399999769773573,0.3682999999855021,0.029899999997680338,52.21419,-2.18754,32.98000000086987,Vw6
12860.110000000293,-0.9222396065242063,-1.351177228022096,10.53899307124051,0.06821386161620929,0.363349504936007,0.029107920789761117,52.21419,-2.18754,33.27702970383958,Vw6
12860.210000000294,0.8899999983709024,-4.149299990440066,9.23339999906108,-0.030999999717168547,0.3177000003570783,-0.23319999983041667,52.21419,-2.18754,33.490000000635575,Vw6
12860.310000000294,0.33715686111816934,-0.9050843041782834,8.914772548081938,0.06498039243931764,0.4388764709448382,-0.17565098022279932,52.21419,-2.18754,33.70568627514454,Vw6
12860.410000000295,1.4104999926036255,-2.3514999993761196,9.50440000288247,-0.051099999735981956,0.272099999870521,0.03609999941540988,52.21419,-2.18754,34.02000000038695,Vw6
12860.510000000295,-1.0668415819296326,-2.1173683095979183,10.45077128063301,0.03595841535752303,0.2282168315701818,-0.1575603952317649,52.21419,-2.18754,34.15118811916223,Vw6
12860.610000000295,-0.31099999324277816,0.3357999900705879,8.247900006010218,-0.12819999964874587,0.1898999988643176,0.11640000000766158,52.21419,-2.18754,34.27000000023575,Vw6
12860.710000000296,1.9820999867777933,-3.0337999905652238,10.28749999942806,-0.009000000083908161,-0.19550000047528193,0.11900000060722231,52.21419,-2.18754,34.35000000056334,Vw6
12860.810000000296,-2.4773999782357645,0.1482999838107651,10.094600001780455,-0.03729999978474443,-0.3557999981297078,0.3237999987060946,52.21419,-2.18754,34.540000000355796,Vw6
12860.910000000296,4.863099971002466,-5.311899973748605,10.69509998798957,0.03529999906781886,0.27499999718062645,-0.11259999897442285,52.21419,-2.18754,34.660000000148244,Vw6
12861.010000000297,-4.917000002413591,3.5419999946010905,6.644300011194344,-0.279099998644807,-0.6758999950988432,0.23329999699281917,52.21419,-2.18754,34.71000000008985,Vw6
12861.110000000297,-5.743737629945136,1.7850940729935596,10.340456423287444,0.1707722764480475,0.9498643532502559,-0.7604673236668514,52.21419,-2.18754,34.73930693048743,Vw6
12861.210000000297,-7.827499964998489,6.364499962052635,6.176100016466649,-0.09200000092238769,-0.1237000032396929,0.27280000102411284,52.21419,-2.18754,34.669999999850845,Vw6
12861.310000000298,3.905599995616272,-6.356099990844735,11.69599999238881,-0.4011999993550446,-1.2096999992181183,0.6161000007765121,52.21419,-2.18754,34.61999999985084,Vw6
12861.410000000298,2.436099971823323,-3.2870999803070826,9.144600001592401,-0.1849999990462893,-0.9475999988165873,0.876399997840503,52.21419,-2.18754,34.57000000032814,Vw6
12861.510000000299,-7.009199983211768,3.3142999915502482,9.678399994482081,0.1346999988711788,-0.550900001014865,0.1525000009599753,52.21419,-2.18754,34.6799999995227,Vw6
12861.610000000299,-1.3815000182460935,0.4818000100218676,7.828700006975184,-0.24369999936518724,-0.8910999998770945,0.4743000007672643,52.21419,-2.18754,34.519999999880675,Vw6
12861.7100000003,-7.497899962195215,3.841299972804926,10.166899998782359,-0.030900000320842447,-0.8498999986764123,0.7314999990896959,52.21419,-2.18754,34.47999999948977,Vw6
12861.8100000003,5.098099971526659,-5.219699976993885,9.761200004324921,-0.13779999960712558,-0.40890000164172885,0.4282000001692752,52.21419,-2.18754,34.309999999939976,Vw6
12861.9100000003,-4.388799966490122,2.4455999778711757,11.202199995054404,-0.006900000291129254,-0.9558999973468221,0.48459999855395797,52.21419,-2.18754,34.28999999966985,Vw6
12862.0100000003,6.77619997216825,-4.92739997904888,9.554399997807813,-0.10389999993421323,-0.07190000234225202,0.0028000018944774638,52.21419,-2.18754,34.17999999969683,Vw6
12862.1100000003,-2.336243543945763,1.9308296871808415,8.837444556300959,-0.08248118820326655,-0.8326772241718101,0.6199009877565822,52.21419,-2.18754,34.07861386096981,Vw6
12862.210000000301,4.459399993822661,-3.3261999901774937,9.451899996900762,-0.11060000022223686,0.349599997838022,-0.15999999896641748,52.21419,-2.18754,33.93999999939609,Vw6
12862.310000000301,2.41359998286874,-0.07319999456606748,8.425500008979455,-0.1841999997490777,-0.3663999970339231,0.1822999982815898,52.21419,-2.18754,33.73999999960746,Vw6
12862.410000000302,-3.259900002100984,1.7264000079452693,11.399299994094116,-0.10110000005344555,0.615899998071129,-0.38679999875172943,52.21419,-2.18754,33.60999999966785,Vw6
12862.510000000302,-3.955699998238002,4.357699986965729,9.4434000052436,-0.11879999949979629,-0.022899997984850044,0.026599998955062244,52.21419,-2.18754,33.499999999603496,Vw6
12862.610000000303,-3.3185742394691635,0.051299990058660996,11.143947519116287,0.04300593993108407,0.6353990091754869,-0.3154613859758618,52.21419,-2.18754,33.36891089076001,Vw6
12862.710000000303,2.623999988178743,-3.238699985340608,9.278700004625525,-0.1763999994647551,0.3952999996193746,-0.261599999442276,52.21419,-2.18754,33.25999999942283,Vw6
12862.810000000303,-1.2674999860754306,1.5870999952295766,10.801399996020596,-0.00020000009113136912,0.2700000001303179,-0.0780000005057791,52.21419,-2.18754,33.06999999954434,Vw6
12862.910000000304,3.316399988541749,0.016700003190813002,9.49140000998162,-0.030200000578380425,0.3128999986239163,-0.2444999988532636,52.21419,-2.18754,32.91999999927095,Vw6
12863.010000000304,-0.45559999192910217,1.067100000771275,12.77729998853051,-0.2206000003250352,-0.14009999951943392,0.13299999955619024,52.21419,-2.18754,32.67999999957472,Vw6
12863.110000000304,2.201299993547595,1.3209999888919974,9.001600009208522,-0.32759999907562415,0.018099998578654415,-0.013099999510320776,52.21419,-2.18754,32.53999999905831,Vw6
12863.210000000305,0.07719998673157825,-2.335699985107672,12.032999991911026,-0.02330000048527727,-0.4497999994578829,0.148100000531727,52.21419,-2.18754,32.22999999911379,Vw6
12863.310000000305,-4.264699988421798,2.5375999882399713,9.38600000944121,-0.1820999989353237,-0.2724000002404995,0.32209999917979587,52.21419,-2.18754,31.939999998533168,Vw6
12863.410000000305,-0.47590000565678053,-1.3106999847855798,12.475499989865407,0.16629999927605676,-0.3510999999706634,0.05370000093388371,52.21419,-2.18754,31.459999998258137,Vw6
12863.510000000306,-2.3269999789964784,3.667999987183852,9.159099993764737,-0.07059999868168379,-0.34150000007211934,0.35929999991871303,52.21419,-2.18754,30.889999997341366,Vw6
12863.610000000306,4.546099977499698,-0.525899997577892,7.118700008329472,0.36079999937690155,-0.36510000046694185,0.33269999894540814,52.21419,-2.18754,30.019999997433043,Vw6
12863.710000000307,-2.816799986444496,0.26669999902902164,9.8443999949352,0.15689999960223114,-0.5178999986977029,-0.012400000193139927,52.21419,-2.18754,29.179999997019063,Vw6
12863.810000000307,1.5164702871156104,-0.039959404082463124,8.225475251269948,0.029547524982419332,-0.09971881225610357,-0.07230692998770441,52.21419,-2.18754,28.20990098699248,Vw6
12863.910000000307,-1.706499992485242,0.5640999931978726,9.443000000810752,0.10429999969818006,-0.22159999883681322,0.15699999915012222,52.21419,-2.18754,27.19999999698801,Vw6
12864.010000000308,0.7000702928678674,-1.6134405900422373,9.708960397534698,0.007124752482861567,0.15088316766567877,-0.11558613827122947,52.21419,-2.18754,26.22049504658116,Vw6
12864.110000000308,-0.6528999994970786,-0.30749999173899234,10.194999997744539,0.009599999903166099,-0.060799999247154846,-0.004200000164771336,52.21419,-2.18754,25.269999997171833,Vw6
12864.210000000308,-0.4892999979720815,2.379799994882892,9.461300003094136,-0.02189999952440703,0.18409999978477717,-0.05780000001669832,52.21419,-2.18754,24.349999997062334,Vw6
12864.310000000309,0.16649999798166756,0.7250000055574491,10.461899996792376,0.13189999934227162,0.1144999998979547,-0.06319999991898222,52.21419,-2.18754,23.39999999761894,Vw6
12864.410000000309,-0.48619999016592486,2.522199999605425,9.424599997577197,-0.08080000012925738,0.08149999995114195,-0.03700000009740688,52.21419,-2.18754,22.629999997526173,Vw6
12864.51000000031,2.693999992175599,2.394599999426691,8.641100004140874,-0.12259999984662281,0.06569999996134647,-0.06849999969633791,52.21419,-2.18754,21.82999999761894,Vw6
12864.61000000031,0.16370000609334168,2.2091999976841903,9.980199996884217,-0.07300000005875336,0.053200000191103027,0.02969999968427801,52.21419,-2.18754,21.059999998453858,Vw6
12864.71000000031,2.134200000125352,1.4602999938291348,8.972600000785706,-0.09199999949765879,0.1149999985346567,-0.07239999936950736,52.21419,-2.18754,20.559999999440112,Vw6
12864.81000000031,2.174500001013829,-0.5235999944208605,9.225200001391089,0.06949999998983708,-0.3560999990021853,0.13029999982230275,52.21419,-2.18754,20.37999999932247,Vw6
12864.91000000031,2.500440595072589,1.2700633719122196,9.67242772416248,0.06623267325717028,-0.0353079197949,0.07317128695112879,52.21419,-2.18754,20.162178217144685,Vw6
12865.010000000311,1.7928999996320312,3.040199995324339,9.010500004346884,0.04740000004292451,-0.032299999236379155,0.05179999945131276,52.21419,-2.18754,20.07999999968895,Vw6
12865.110000000312,1.6745999968188356,1.5370000046484273,10.407999995985291,0.06119999980331763,0.21319999914383475,-0.12459999956610489,52.21419,-2.18754,19.979999999842907,Vw6
12865.210000000312,0.668702972352292,3.004373263552126,9.13814653712693,-0.0011128711977560807,-0.05803663327012675,0.013728712942477054,52.21419,-2.18754,19.928613860954684,Vw6
12865.310000000312,1.3289999972908917,1.7917000008775896,9.93280000123457,0.027599999785060936,0.06829999990395008,0.03659999981728615,52.21419,-2.18754,19.789999999687133,Vw6
12865.410000000313,0.4631000043685504,2.0721999976234686,10.327399998864296,-0.04110000001533044,0.037600000409228965,-0.021800000189284036,52.21419,-2.18754,19.689999999436843,Vw6
12865.510000000313,1.8593999967790584,1.3126000025152544,9.96440000068388,-0.04599999972505699,0.16839999957905277,-0.08229999958663742,52.21419,-2.18754,19.509999999178333,Vw6
12865.610000000313,0.8348178200971135,2.0961633624742517,10.180338613716934,0.04001485117671596,0.03566435658102535,0.04755346505019142,52.21419,-2.18754,19.247821781496256,Vw6
12865.710000000314,0.296600000521748,0.8624999952388135,10.13420000302381,-0.05849999936087443,0.08209999998993008,-0.04710000010667827,52.21419,-2.18754,19.02999999833217,Vw6
12865.810000000314,0.46240000023649064,-0.6504999958274018,11.095099997833758,0.1445999999526383,0.07890000012619193,-0.08099999967037523,52.21419,-2.18754,18.49999999799746,Vw6
12865.910000000315,0.543900992334993,0.6619207919912901,10.396569301568013,0.12972277228439835,0.11887128721413665,0.022371287025206688,52.21419,-2.18754,17.862178215358835,Vw6
12866.010000000315,1.2539999993687416,0.6339999990993711,8.693500004458144,0.1319999997369232,0.14600000013122372,-0.01050000043237742,52.21419,-2.18754,17.079999997513987,Vw6
12866.110000000315,1.0534000004001904,0.3477999976897659,10.110199998830263,0.04839999999745709,0.18769999976001284,-0.14789999980673882,52.21419,-2.18754,16.28999999945963,Vw6
12866.210000000316,1.1724564334885172,-0.37360197849817645,9.745698020903511,0.04773762380571414,0.11243663373788257,-0.08598019766717489,52.21419,-2.18754,16.11683168217061,Vw6
12866.310000000316,0.4881000057682882,0.1661999991191689,10.095499996378875,0.061499999808514984,0.13610000041303794,0.025999999805349942,52.21419,-2.18754,15.799999999620196,Vw6
12866.410000000316,2.310599994409386,-0.11210000022219231,8.951400003934882,0.0010000001851069762,0.26659999949551155,-0.035499999862208795,52.21419,-2.18754,15.679999999712269,Vw6
12866.510000000317,0.5508059370805456,-0.17552574065052637,10.182349504997843,0.05808316805813924,0.11170000091843656,0.00639702932198688,52.21419,-2.18754,15.58881188081184,Vw6
12866.610000000317,-0.558599992454413,0.43190000010454227,10.197300000425203,-0.023599999964193468,0.40170000002173967,-0.11390000000831223,52.21419,-2.18754,15.469999999616359,Vw6
12866.710000000317,1.7905475212519324,0.47389208215091067,10.328841583696505,-0.012770297146983547,0.4080841582841361,-0.11620495040160135,52.21419,-2.18754,15.349207920541211,Vw6
12866.810000000318,0.6853000071444447,1.4030999994416613,10.182999996864835,-0.04979999993729034,0.36650000029158397,-0.08670000013815224,52.21419,-2.18754,15.270000000063664,Vw6
12866.910000000318,2.929699993998017,1.2277000035951415,9.198100002284605,-0.030099999881902113,0.45809999962087716,-0.1300999996960014,52.21419,-2.18754,15.289999999267856,Vw6
12867.010000000319,1.044200002447905,2.357099998923113,9.91580000043483,0.0070000000241925596,0.33900000008308234,-0.03460000007225935,52.21419,-2.18754,15.060000000095497,Vw6
12867.110000000319,1.8132000004045887,2.0187999974263575,10.052400000572346,0.014599999881265468,0.3650999994378413,-0.05729999965111783,52.21419,-2.18754,15.09,Vw6
12867.21000000032,1.940300001660257,1.2102999980772262,10.232199996444821,-0.022699999988795027,0.1885000005439215,0.052299999576451955,52.21419,-2.18754,15.090000000256113,Vw6
12867.31000000032,2.4588999962898725,0.609700002416753,9.121700001091686,-0.019199999862659023,0.3583999995511607,-0.07999999972179649,52.21419,-2.18754,15.170000000768342,Vw6
12867.41000000032,1.299999996432016,1.3645999955836392,9.462700002328393,0.023700000144704244,0.21820000038192958,0.006899999785184627,52.21419,-2.18754,15.410000001408626,Vw6
12867.51000000032,0.18550000212030135,-0.014899998106679413,10.189999998658603,0.06889999967665644,0.3374999995639664,-0.060199999485211445,52.21419,-2.18754,15.850000000832368,Vw6
12867.61000000032,0.8477999999033171,0.5765000012959354,9.770999998944172,-0.03210000004321918,0.20130000020425068,0.10059999975669197,52.21419,-2.18754,16.110000000800355,Vw6
12867.710000000321,0.8176000050048857,0.9812999987305072,9.441200002778846,-0.045599999785251935,0.26509999991918776,0.024600000097876183,52.21419,-2.18754,16.360000001545412,Vw6
12867.810000000321,2.3720999926573545,0.5870000009552586,10.3042999954919,0.02109999960817331,0.240000000107535,0.0549999992198882,52.21419,-2.18754,16.84000000125565,Vw6
12867.910000000322,0.09150000588222974,0.8836999935276155,8.904100010212284,-0.10059999964519883,0.27340000103929046,-0.1873000007791459,52.21419,-2.18754,17.230000001609806,Vw6
12868.010000000322,1.9185000069327889,-1.1265999933189847,12.075999992895929,0.009599999377327185,0.5961999986487291,-0.42929999825400483,52.21419,-2.18754,17.73000000183518,Vw6
12868.110000000323,4.071800004899926,0.9484999950350375,9.86950000315361,-0.18379999925433801,0.17650000129653745,0.11299999943077274,52.21419,-2.18754,18.30000000157761,Vw6
12868.210000000323,5.593699985208809,-0.59359999205267,10.848999993664375,0.047799999326275724,0.5791999994230828,-0.06379999943681883,52.21419,-2.18754,18.790000001831483,Vw6
12868.310000000323,1.0801940623522177,1.8220495003012471,8.933824759610788,-0.15630494988109475,0.402808910893976,0.10682772226289364,52.214187069305986,-2.1875485049532504,19.355049506586425,Vw6
12868.410000000324,1.9895999979316927,0.38699999742044383,11.136299991399106,0.03319999973806189,0.4037000004636531,-0.05039999981738802,52.213894,-2.188399,19.860000001521765,Vw6
12868.510000000324,1.3508000042013708,-0.40969999824057884,8.479900004227922,-0.04769999966326868,0.546899999582,0.005999999696941814,52.213894,-2.188399,20.33000000158652,Vw6
12868.610000000324,2.6483999945158123,0.13370000209647626,9.785699999869193,0.0562999997053601,0.41779999965128883,-0.0875999996678016,52.213894,-2.188399,20.82000000148939,Vw6
12868.710000000325,0.9546000112088313,0.781200003670061,9.745300001166894,-0.034700000047030985,0.3101000005449674,0.014999999896729174,52.213894,-2.188399,21.280000001907553,Vw6
12868.810000000325,4.320397015920781,1.869877218853669,10.09452178036085,-0.04932178228305356,0.4736049497799085,-0.014959405471252534,52.213894,-2.188399,21.86465346686262,Vw6
12868.910000000325,0.09010000453299072,-0.8523999963278933,9.53670000058152,-0.08149999948718141,0.2541000017302336,0.12909999878779452,52.213894,-2.188399,22.330000001595433,Vw6
12869.010000000326,1.482299995516826,0.27539999818934335,9.715299999288565,0.07599999954676605,0.7854999993448946,-0.2431999991993518,52.213894,-2.188399,22.820000001497757,Vw6
12869.110000000326,0.10540000601251304,-0.28069999880960966,9.49680000448578,-0.06319999970500721,0.5843000009481446,0.0026999989730604286,52.213894,-2.188399,23.280000001953596,Vw6
12869.210000000327,1.9520000099430326,0.08490000050684321,10.874499998202147,0.027399999852007022,0.8754999995255711,-0.31269999931013004,52.213894,-2.188399,23.880000001604348,Vw6
12869.310000000327,4.988799990991747,0.23969999923711585,10.325400000187939,-0.017799999748542905,0.7306000002232992,-0.10200000026881025,52.213894,-2.188399,24.370000001702575,Vw6
12869.410000000327,2.23750000552518,0.006700002071574273,10.382799997891755,0.058999999840547386,0.7987999999132341,-0.18410000000949514,52.213894,-2.188399,24.890000001342415,Vw6
12869.510000000328,3.924999987460214,0.6393999921622656,9.738900000880754,0.010300000092986738,0.772299999164429,-0.18699999973249942,52.213894,-2.188399,25.30000000163709,Vw6
12869.610000000328,0.09510000854891948,-1.7543999924806284,10.007899998428723,0.03869999975956267,0.517100000456401,-0.10530000041539105,52.213894,-2.188399,25.80000000142212,Vw6
12869.710000000328,2.66126534039654,0.5109495022473506,9.536778219125182,-0.03399801980133142,0.6523386129566616,-0.22971089069951614,52.213894,-2.188399,26.23465346687117,Vw6
12869.810000000329,0.7878000030948286,-0.31409999990452125,9.93459999954664,-0.03380000020840707,0.3762000000790169,-0.11079999983966153,52.213894,-2.188399,26.70000000161326,Vw6
12869.91000000033,1.7277999975221616,-0.2850999996533134,9.796900002814649,-0.09709999971060061,0.4001999993421843,-0.06209999980739631,52.213894,-2.188399,27.190000001284027,Vw6
12870.01000000033,0.9752000007562476,-0.1797999970844227,10.651799995194468,-0.009200000248756906,0.20040000021716345,-0.0035999998989009363,52.213894,-2.188399,27.580000001330248,Vw6
12870.11000000033,1.2135069342863924,0.6891732647811358,9.219171291204473,-0.08358217808016906,0.26400494993661,0.02772178248190191,52.213894,-2.188399,27.983762377477152,Vw6
12870.21000000033,2.3041999986393593,-0.08349999996888073,10.456299999101514,-0.04179999974707316,0.09450000009766155,0.11989999981692599,52.213894,-2.188399,28.360000001224908,Vw6
12870.31000000033,1.893199992713088,-0.07410000435857055,10.18489999751641,0.03459999980571356,0.12399999932919345,0.06460000036014889,52.213894,-2.188399,28.73000000123728,Vw6
12870.410000000331,-0.28422475192031477,-1.375591088476576,9.447673269139775,-0.02354158417219077,-0.07554257390714905,0.171362375927032,52.213894,-2.188399,29.10326732781499,Vw6
12870.510000000331,-0.1166999948037439,-1.1846999944759984,9.994999999798056,-0.02769999994107202,0.030199999693773134,0.07760000020293738,52.213894,-2.188399,29.4300000011918,Vw6
12870.610000000332,1.4528999979186505,0.48389999679272877,9.934000000416468,-0.009899999955638488,-0.06229999979077257,0.1388999997391278,52.213894,-2.188399,29.79000000089385,Vw6
12870.710000000332,0.8241999967148561,-0.4849000000722339,10.059799998213126,0.0035000000249656295,0.0008999997932845872,0.0601000002589768,52.213894,-2.188399,30.06000000093205,Vw6
12870.810000000332,-0.162700001201679,-0.506600003684927,9.52300000220097,0.01100000019406616,-0.061200000220030415,0.1378999996514798,52.213894,-2.188399,30.34000000093205,Vw6
12870.910000000333,-0.5236999986816131,-1.6135999985454368,10.184199996644015,0.06929999966342633,-0.12729999957869448,0.03320000005917779,52.213894,-2.188399,30.620000000874217,Vw6
12871.010000000333,-0.13278900039602634,-1.1846150012040668,9.195740003210844,-0.0303129998377924,-0.0026640002211618993,0.050470999890418276,52.213894,-2.188399,30.882700000899302,Vw6
12871.110000000333,-0.239331679448249,-1.5345564329976331,10.148898019401612,0.017330692879675813,-0.0688128714246525,0.018567326954953913,52.213894,-2.188399,31.152475248349234,Vw6
12871.210000000334,0.8774999964410866,-0.7402000019439301,10.02869999785796,-0.0396000000013523,-0.11010000015551441,0.08529999991142441,52.213894,-2.188399,31.400000000439494,Vw6
12871.310000000334,-0.18467129030057264,-1.306066333574871,9.394975247482973,-0.04054851503517847,-0.15520891059267033,0.059340594139979004,52.213894,-2.188399,31.53039603973659,Vw6
12871.410000000335,-1.1317999992576484,-0.3926999993630772,9.382500000073634,-0.09539999982763256,-0.06610000009538781,0.08339999968906923,52.213894,-2.188399,31.569999999832653,Vw6
12871.510000000335,-0.9099999970406353,-0.20240000424458995,9.404500003049733,-0.0439000000224245,-0.09460000003480819,-0.009500000045518391,52.213894,-2.188399,31.520000000234287,Vw6
12871.610000000335,-0.02580000319197716,-1.4705999976507824,10.315699998709084,-0.0506000000281143,-0.10499999990528158,-0.023099999674007995,52.213894,-2.188399,31.589999999598366,Vw6
12871.710000000336,-0.9795000012045187,-0.7687000000910565,9.929999998587634,-0.05899999997624614,-0.07670000013856419,0.07429999987298283,52.213894,-2.188399,31.46999999996701,Vw6
12871.810000000336,-1.3374411776737027,-0.7957588236203621,9.51029411623634,-0.05194117644686207,-0.11787647072663793,0.03655490183391522,52.213894,-2.188399,31.460196078398422,Vw6
12871.910000000336,-1.3073000000750423,-1.0324999989844037,9.640099999424564,0.05299999962243237,-0.12409999993942765,-0.012899999693436621,52.213894,-2.188399,31.319999999427928,Vw6
12872.010000000337,-1.329599998029043,-0.7306999982938789,9.469100002334727,-0.05919999983308954,-0.10609999983645466,0.07819999954671694,52.213894,-2.188399,31.1500000000673,Vw6
12872.110000000337,-0.743899998672983,-0.22370000383590874,10.162900000014277,-0.009600000262412188,-0.057500000273969204,-0.056499999786875074,52.213894,-2.188399,31.169999999830047,Vw6
12872.210000000337,-0.3483098992424413,-1.3390653421118328,10.171562377740235,-0.08608910867151333,-0.13723069277658595,0.00685841606329197,52.213894,-2.188399,31.119603960262683,Vw6
12872.310000000338,0.17069999432718685,-0.025600000762600394,10.61779999815406,-0.015000000136347807,-0.05030000074060881,0.0727000003782552,52.213894,-2.188399,31.079999999357167,Vw6
12872.410000000338,-1.5060000017238018,-0.25100000019724755,10.072200000124845,-0.05529999997158011,-0.26919999917785314,0.18449999936258246,52.213894,-2.188399,30.8899999998985,Vw6
12872.510000000339,-2.0154999924705743,-0.30929999869793434,10.10910000564126,-0.046899999166131155,-0.02619999991524612,-0.0039000004620453567,52.213894,-2.188399,30.85999999911145,Vw6
12872.610000000339,0.16985741970200383,0.061527719328471626,11.743492073686905,0.19554554402819743,-0.0031089114696377235,-0.13796930654789902,52.213894,-2.188399,30.598811880785885,Vw6
12872.71000000034,-1.6144000001941265,-0.9556999908702092,10.112699990406023,0.04010000057310292,-0.17399999928808796,-0.024899999911698167,52.213894,-2.188399,30.479999999037958,Vw6
12872.81000000034,-1.6678910880848308,1.6862494997600024,7.333012875579909,0.20622178194738697,0.03317029701959359,-0.00036138653389061867,52.213894,-2.188399,30.197722771502175,Vw6
12872.91000000034,-1.3670000013696972,0.1611999946943177,8.594300004591366,0.13839999964839836,0.030200000184220404,-0.11650000059374876,52.213894,-2.188399,29.969999999292753,Vw6
12873.01000000034,-1.7696732686956322,-1.398601985500612,9.94410198478671,0.035033663014939764,0.08435841602569727,-0.29105445603894753,52.213894,-2.188399,29.76207920721396,Vw6
12873.11000000034,0.7226999954594993,0.928499997269515,10.635499997122116,0.06990000009895303,0.1149999999924411,-0.061499999883524045,52.213894,-2.188399,29.559999999037956,Vw6
12873.210000000341,-0.5740097954838531,0.1437401994617264,9.80145588356324,0.09838725479551329,0.11304019616018571,-0.02922058878688566,52.213894,-2.188399,29.27872548976228,Vw6
12873.310000000341,1.9050098123937669,1.1377598073186903,10.157044118862304,0.06711274499115669,0.13705980400365708,-0.19127941231855167,52.213894,-2.188399,29.15127450936835,Vw6
12873.410000000342,-0.7354999927960598,0.09070000358829129,8.766500004826224,0.08750000002667366,-0.06909999911224586,0.06239999916012166,52.213894,-2.188399,28.999999999452847,Vw6
12873.510000000342,1.3710999889070457,1.1399999984145026,10.177799995484614,0.09529999985837605,0.19049999865284542,-0.18319999912711293,52.213894,-2.188399,28.839999999654577,Vw6
12873.610000000343,-1.8451693085969023,0.6771178204537508,8.878406933364491,0.05417623758141261,-0.19831782137765325,0.06844455409428674,52.213894,-2.188399,28.739108910586168,Vw6
12873.710000000343,-2.3320999948197874,0.2889000038624694,9.65909999866988,0.04179999973803278,-0.08009999994568134,-0.03709999981985457,52.213894,-2.188399,28.650000002303386,Vw6
12873.810000000343,-0.8253000003750738,1.4123999951793909,9.272200005845445,-0.0343999995094131,-0.06429999982226109,0.015300000166050085,52.213894,-2.188399,29.319999997730992,Vw6
12873.910000000344,-0.9343999993000456,0.010200001276488548,10.972499996949905,0.1082999994685022,-0.012599999734594894,0.06360000002131493,52.213894,-2.188399,28.659999997937266,Vw6
12874.010000000344,-0.7307999975778503,0.3815000050991895,10.085299999400627,-0.0462999998235911,0.06460000022502553,0.06979999926276359,52.213894,-2.188399,28.059999998576227,Vw6
12874.110000000344,-0.04378317192309521,1.8351346483859918,9.912378217711087,0.003923762178008934,0.1285059402864984,-0.14156732641182887,52.213894,-2.188399,27.648019801298997,Vw6
12874.210000000345,-1.0920999993039455,0.35860000172043655,9.880199997488122,-0.053699999935025694,0.03910000010852091,-0.0482999998918247,52.213894,-2.188399,27.449999999930878,Vw6
12874.310000000345,-0.8906999999336433,0.8564000004354662,9.153400002414763,-0.03490000000552973,0.07049999997235136,-0.017000000035943232,52.213894,-2.188399,27.43000000124419,Vw6
12874.410000000345,-0.8714999995755934,0.9823999982992632,9.852099999623979,-0.03649999997200575,0.06249999987108822,-0.027399999860719983,52.213894,-2.188399,27.79000000127875,Vw6
12874.510000000346,-0.7486999973450394,0.49030000008363717,9.743300001135323,-0.0283999999955071,0.0251999997013947,0.012900000013478711,52.213894,-2.188399,28.159999998997737,Vw6
12874.610000000346,0.019499997216127666,0.5144999990070682,10.071800001059634,-0.027100000026266207,-0.061199999856572686,0.016800000172803992,52.213894,-2.188399,27.8699999990323,Vw6
12874.710000000347,-0.7859999984320621,0.2272000008574498,10.378400022625138,-0.0346999993805377,-0.019700000353333233,0.0667999998558178,52.213894,-2.188399,27.590000000034742,Vw6
12874.810000000347,-0.33469999897925956,0.473999994359523,16.890599984401224,0.1435999989580665,-0.12140000199284112,0.025300000391202775,52.213894,-2.188399,27.600000000694855,Vw6
12874.910000000347,-0.04089996979226671,-1.149499982132178,12.40079999168121,-0.15629999815898446,-0.6949999964284507,0.1378999973894337,52.213894,-2.188399,27.800000001459193,Vw6
12875.010000000348,8.653799947058383,3.993399981430028,10.006399994109723,0.3735999982805839,0.33299999684814247,-0.6134999955953209,52.213894,-2.188399,28.220000000799082,Vw6
12875.110000000348,-6.5843999707126,-1.3515999949956619,8.311000009156785,-0.12129999945627679,-0.5741999978935503,0.654299997169165,52.213894,-2.188399,28.450000000868567,Vw6
12875.210000000348,1.8453999623907495,0.08879998972553295,10.946599983430374,0.03519999936297536,0.032099997903476465,-0.16049999917543029,52.213894,-2.188399,28.700000000803264,Vw6
12875.310000000349,-8.923299977745348,-2.8530999850802123,6.202200006639865,-0.14719999922397548,-0.5681999941868009,0.07559999754969031,52.213894,-2.188399,28.930000000733415,Vw6
12875.41000000035,-2.5510999728936237,1.418900018404564,8.103399997736188,0.0750000006792834,1.0962999978304842,-0.6259999988335184,52.213894,-2.188399,29.14000000108266,Vw6
12875.51000000035,5.2102999819401035,6.6886999718543025,7.455200014878936,0.26949999994320345,0.47510000017144804,-0.29200000021907246,52.213894,-2.188399,29.45000000105832,Vw6
12875.61000000035,0.12969011256556978,-1.2539316706686463,11.64601187179174,0.25038712765998705,0.5242900992161182,-0.35419306933945494,52.213894,-2.188399,29.75326732787448,Vw6
12875.71000000035,4.00869997132677,2.322899990373097,8.9571999984669,-0.0508999995762646,0.5832999985076229,-0.3634999992659232,52.213894,-2.188399,30.080000001018085,Vw6
12875.81000000035,-4.158799979763915,-0.4192999895319452,8.520500000407937,0.06979999960399873,0.15820000111252486,-0.1544000004128524,52.213894,-2.188399,30.370000001369153,Vw6
12875.910000000351,1.6053999792697917,2.562499989365214,8.636700002559227,-0.042999999160635606,0.47509999811382375,-0.27199999900070604,52.213894,-2.188399,30.760000000992914,Vw6
12876.010000000351,-4.211137613448458,-0.42770593750503116,9.369885152549159,0.1923732668607005,-0.0547910884032547,0.008044553838822365,52.213894,-2.188399,31.0434653477519,Vw6
12876.110000000352,-1.2748999987194993,0.4516999890460642,10.518399997410276,0.05970000020461059,0.14609999935460788,-0.167499999236877,52.213894,-2.188399,31.390000001028373,Vw6
12876.210000000352,-0.8949366270370227,-2.618466330017754,9.793799011902944,0.1168841582346362,-0.03456831636388808,0.04621188066537084,52.213894,-2.188399,31.683663367623506,Vw6
12876.310000000352,0.9913999919951806,-0.7350999974627644,10.363699998607167,0.06529999979215136,0.09859999932034552,-0.10259999971381112,52.213894,-2.188399,32.050000001199805,Vw6
12876.410000000353,-1.2769999930054872,-0.01610000375221498,9.96899999976639,0.0064000001538574,-0.09399999962029687,-0.02149999985002432,52.213894,-2.188399,32.39000000105865,Vw6
12876.510000000353,0.7051000005642578,-1.079400003268632,9.902799998900356,0.049999999976830856,0.013599999066818013,0.02100000025450418,52.213894,-2.188399,32.69000000121192,Vw6
12876.610000000353,0.848107915392445,-2.0104643614017688,9.604608914531166,0.04402376256117815,-0.24710495010838746,0.09234653463458672,52.213894,-2.188399,33.03376237756612,Vw6
12876.710000000354,-0.6811000028858631,-3.4168999862967615,10.635499997139675,0.09639999974922503,-0.13760000032100617,0.08700000003263267,52.213894,-2.188399,33.410000000957695,Vw6
12876.810000000354,-1.4947000040592202,0.4463999965764073,9.82910000040046,0.025700000139752956,-0.22809999980881512,0.09620000005959009,52.213894,-2.188399,33.68000000113505,Vw6
12876.910000000355,-2.639099997196073,-0.518799992471785,9.941999998110143,0.06509999979498171,-0.17419999966409633,0.11299999945978743,52.213894,-2.188399,34.00000000120599,Vw6
12877.010000000355,-1.8485999996772204,1.6035999816309991,9.409200002985536,0.007300000282343535,-0.07950000067464498,-0.039299999470073815,52.213894,-2.188399,34.340000001383345,Vw6
12877.110000000355,-1.7575999897160979,-3.575099993887759,10.250899997049935,0.08689999972049409,-0.26969999861275684,0.11009999934947483,52.213894,-2.188399,34.7300000013124,Vw6
12877.210000000356,1.1417000032942626,-1.8519000013793834,9.419200002952001,0.008100000246000126,0.12139999941637361,-0.07329999985133036,52.21389399999813,-2.188398999998385,35.10000000124783,Vw6
12877.310000000356,2.0656999902512645,-2.2387999859847665,10.247200000307679,0.077099999837426,-0.04229999950942583,-0.03160000050875679,52.213367,-2.187946,35.45000000085565,Vw6
12877.410000000356,-0.6686999978312771,1.6922999906951341,10.333500000085566,0.03150000010766962,0.09529999969196505,-0.1742999994324171,52.213367,-2.187946,35.69000000149739,Vw6
12877.510000000357,-0.06039999550318899,-0.9176000057367942,10.357499997568521,0.06170000018646096,0.008899999747225957,-0.015099999914791261,52.213367,-2.187946,36.11000000117652,Vw6
12877.610000000357,1.2008999975624597,-2.526699994680336,9.675500000269174,0.11399999941316492,-0.06200000021320011,0.008800000043495675,52.213367,-2.187946,36.44000000128348,Vw6
12877.710000000357,0.5172000053928497,-1.034600002447577,9.751000000521946,-0.050599999940276516,-0.12180000037390522,0.02100000027147039,52.213367,-2.187946,36.800000001303054,Vw6
12877.810000000358,1.963459390293738,-1.6987564313254766,9.892721781289682,-0.03348712849313301,-0.22434257398585905,0.09619405947551847,52.213367,-2.187946,37.163168317967646,Vw6
12877.910000000358,-2.400599990651244,-0.4944000051912848,9.644900000972179,0.02780000011861084,-0.14860000005482618,0.1155999999677493,52.213367,-2.187946,37.48000000111085,Vw6
12878.010000000359,0.20829999392898826,-1.9430999936183067,9.916200003118282,0.060900000149786505,-0.16389999959220802,0.10660000007775998,52.213367,-2.187946,37.79000000086002,Vw6
12878.110000000359,-1.4858999887054527,-0.16220000369736154,10.786399995964008,0.10269999976851177,-0.05010000012255259,0.12829999999175815,52.213367,-2.187946,38.03000000082419,Vw6
12878.21000000036,1.6659999981249856,-1.1940000022515451,9.660100002078376,0.03809999986503099,-0.08429999985666363,0.12599999961983122,52.213367,-2.187946,38.260000000654834,Vw6
12878.31000000036,1.1353405885605568,-1.7904871206362136,10.227358414385167,-4.1584533759035994e-05,-0.04521881199607453,0.022256435916151996,52.213367,-2.187946,38.44237623848006,Vw6
12878.41000000036,-0.3906000003630703,0.4507999907126039,9.823200000413639,-0.10419999958163244,-0.0770999999487045,0.09789999979809218,52.213367,-2.187946,38.680000000727595,Vw6
12878.51000000036,-0.4884356428564849,-2.0930851452662775,9.929656433033287,0.009775247155474714,-0.06290891085826442,0.042613861463205276,52.213367,-2.187946,38.88237623848006,Vw6
12878.61000000036,-0.2920000040651248,-1.1915999945507807,9.205300001333311,-0.09269999993697202,-0.0537999999344509,0.06400000006050686,52.213367,-2.187946,39.12000000104446,Vw6
12878.710000000361,-1.420699994392947,0.32139999629912785,9.575500001500403,-0.07519999952291183,-0.035599999896474034,0.0807999999243464,52.213367,-2.187946,39.41000000068776,Vw6
12878.810000000361,0.12829999207338624,-0.701000000427859,9.99000000004959,0.056600000037283826,-0.007000000564687071,0.05989999980706525,52.213367,-2.187946,39.600000000941144,Vw6
12878.910000000362,-2.061499993128917,-0.8191999981575275,10.003699998528194,0.06689999992072662,-0.16299999935929738,0.006599999685078364,52.213367,-2.187946,39.86000000054297,Vw6
12879.010000000362,-0.16330000363101027,-0.31020000170528256,9.597100001194168,0.04499999981864857,0.013999999766161637,-0.08039999940273483,52.213367,-2.187946,40.01000000050677,Vw6
12879.110000000363,-1.1664000004423383,-0.7812999961380472,9.926999999031706,-0.0051000001846092345,-0.05060000015854675,0.0845999998027215,52.213367,-2.187946,40.150000000723956,Vw6
12879.210000000363,-1.2886000037118297,0.2855999977841071,9.65950000056425,-0.05609999965912138,-0.09440000037143763,0.030100000247018758,52.213367,-2.187946,40.35000000021828,Vw6
12879.310000000363,-2.3088999927764293,-0.32349999673600544,9.814599999485226,0.037599999864303395,-0.19649999990832295,0.09799999983847374,52.213367,-2.187946,40.410000000327415,Vw6
12879.410000000364,-0.32330000223517413,0.573699995879989,9.673100000781437,0.00029999994179233906,-0.17129999991960068,0.053600000264117265,52.213367,-2.187946,40.5000000001819,Vw6
12879.510000000364,-0.9376999981348082,-0.5587999966981704,9.887900001516309,-0.01569999983010639,-0.1491999998617568,0.12619999977335392,52.213367,-2.187946,40.55000000010914,Vw6
12879.610000000364,-0.42500000458858267,0.34879999518804544,10.304699998411294,0.030999999710416885,-0.11120000024119799,0.0638999999479769,52.213367,-2.187946,40.58000000010914,Vw6
12879.710000000365,-1.6862999950612176,-0.973899993918942,9.868000000850522,-0.04859999968350135,-0.1774999995856342,0.04960000012113367,52.213367,-2.187946,40.60999999966762,Vw6
12879.810000000365,-0.3597247563985226,0.6679584141070416,10.09656039540323,0.037237623812721075,-0.06600000025607049,0.08117425697734758,52.213367,-2.187946,40.51950495031396,Vw6
12879.910000000365,-1.4322000011531555,0.19379999598589237,9.922600001302326,0.05099999977514562,-0.13599999936492352,-0.04140000044385888,52.213367,-2.187946,40.469999999853755,Vw6
12880.010000000366,-1.7476000010500516,-0.9040999984384503,10.278799997543056,-0.010500000048992661,0.037699999384301186,-0.16279999886366278,52.213367,-2.187946,40.429999999707505,Vw6
12880.110000000366,-2.034799995478659,-0.4769999988133741,9.606799999829862,-0.023900000014841875,-0.13069999922677464,0.1479999994617106,52.213367,-2.187946,40.3499999998552,Vw6
12880.210000000367,-0.7981663320925003,-0.1524455433626274,9.560265346363769,-0.027959405955501,0.08078514929146668,0.0007722766870735254,52.213367,-2.187946,40.31039603945853,Vw6
12880.310000000367,-0.8157999989348034,0.26539999766788464,10.061800001721437,0.048599999965828464,-0.12749999961125286,0.09599999947309698,52.213367,-2.187946,40.229999999706045,Vw6
12880.410000000367,-0.5259000024096444,-0.36929999577999917,10.530299997192422,0.03930000005070615,-0.02170000015799742,-0.04739999995076359,52.213367,-2.187946,40.14999999985302,Vw6
12880.510000000368,-1.181699998055162,0.7791999963800219,9.76620000439196,0.05310000022927998,-0.06469999978578489,-0.033999999808933354,52.213367,-2.187946,40.109999999632564,Vw6
12880.610000000368,-0.6524000008642091,-0.20599999812570968,10.961499996220553,0.1154999992805606,-0.006399999830612069,0.018000000035641277,52.213367,-2.187946,40.00999999970605,Vw6
12880.710000000368,-0.8875999997245358,0.30410000088214983,9.932900002000991,-0.08029999974041384,0.0396999997939558,0.02769999962779111,52.213367,-2.187946,39.92999999974152,Vw6
12880.810000000369,-0.8129999982722566,0.5430000008777188,10.474800000379226,-0.010000000325682776,-0.01610000030537376,-0.07309999958200351,52.213367,-2.187946,39.859999999778445,Vw6
12880.91000000037,-0.3451000038731141,0.7806999993021083,10.577499994547953,-0.09820000001440093,-0.09880000004726462,0.04010000011705379,52.213367,-2.187946,39.7999999998523,Vw6
12881.01000000037,-1.3939999961166087,0.591699999547023,9.101000004503081,-0.10209999962782036,-0.11159999965962747,0.0717999996775418,52.213367,-2.187946,39.75999999941504,Vw6
12881.11000000037,-0.3423168278018607,0.46902673222053337,10.320504954995716,-0.0013079204200992373,-0.019421781838027896,-0.015526732995552517,52.213367,-2.187946,39.6015841578312,Vw6
12881.21000000037,-0.2704000019681756,0.9606000003172681,9.520999998227381,-0.05119999932612991,0.03249999989350181,0.0004999998181738193,52.213367,-2.187946,39.39999999959182,Vw6
12881.31000000037,-0.8007999998242085,1.0460999992218694,9.043300000784129,0.13039999964916654,0.0037999999141657484,-0.04849999994677527,52.213367,-2.187946,39.28999999940029,Vw6
12881.410000000371,-0.7438871249953731,0.8320108886798848,9.261777231167146,0.03752178244619529,-0.018583168124946578,-0.033845544385728885,52.213367,-2.187946,39.12891089068476,Vw6
12881.510000000371,0.25739999887156445,0.1830999989008793,10.189500002327005,0.10969999969126658,0.03310000006530899,0.01159999979331187,52.213367,-2.187946,39.019999999035214,Vw6
12881.610000000372,-0.046700000503176124,-0.11309999506323366,10.816599998855237,0.02650000059742888,0.05070000009870564,-0.044099999974766976,52.213367,-2.187946,38.75999999940628,Vw6
12881.710000000372,-0.18229999825411577,1.2172999975277206,10.508100001040372,0.18749999976880644,0.0772999997184659,-0.037300000337095116,52.213367,-2.187946,38.59999999917964,Vw6
12881.810000000372,0.28589999483486933,0.5543000016885642,10.787099996236796,0.12549999944593399,0.0018000003710095306,-0.12769999978982405,52.213367,-2.187946,38.37999999928435,Vw6
12881.910000000373,-1.089158417243815,1.0066069321880187,9.786211880520987,-0.02166831685717156,0.0986009894651247,-0.07066237577587756,52.213367,-2.187946,38.187722771427616,Vw6
12882.010000000373,-1.4649999973505965,1.4072999993657094,9.607399999371303,-0.028499999810570446,-0.07129999909871804,0.05309999979640052,52.213367,-2.187946,37.95999999888132,Vw6
12882.110000000373,-0.7544999910065707,1.2372000010821351,9.43880000447024,0.02230000034679033,0.17040000013908901,-0.0015000005690344552,52.213367,-2.187946,37.65999999936608,Vw6
12882.210000000374,1.6572999887354134,1.5273999942590404,10.637600000533965,0.11529999999812644,0.20769999987559568,-0.15409999992992887,52.213367,-2.187946,37.48999999895081,Vw6
12882.310000000374,-1.3488999890767759,-0.004699991826411133,10.780099998460308,0.11479999984861643,0.17450000062389517,-0.13540000011691009,52.213367,-2.187946,37.209999999512874,Vw6
12882.410000000375,1.5661999902033676,2.176599999447016,10.369199994129893,0.07439999993792652,0.34099999812492693,-0.1665999991498962,52.213367,-2.187946,37.07999999897806,Vw6
12882.510000000375,-1.0025465273226772,2.0241009876999576,8.834775253701487,0.05872970324386992,-0.15241584084027773,0.05777722763925274,52.213367,-2.187946,36.808019801237805,Vw6
12882.610000000375,0.9527999931030543,1.3841999986885087,10.482299994669726,0.13169999944917363,0.0459999996162951,0.03550000041930252,52.213367,-2.187946,36.60999999906322,Vw6
12882.710000000376,-0.8877999990575435,1.034199996988883,9.059800001877758,-0.01529999971120087,-0.05640000006401023,0.14739999933203435,52.213367,-2.187946,36.359999999171634,Vw6
12882.810000000376,-0.6374999991471577,0.23450000636374715,9.558500000380297,0.06139999971647231,-0.07339999958656918,-0.029999999616315106,52.213367,-2.187946,36.13999999905867,Vw6
12882.910000000376,-0.4109999998523999,1.924599998061996,9.659500001183435,-0.013899999767680492,0.03640000011446537,0.07189999964643758,52.213367,-2.187946,35.88999999902102,Vw6
12883.010000000377,-0.3718000116393203,1.4099000012530944,9.973799994664182,0.04780000011747761,0.06680000015475417,-0.02200000029971852,52.213367,-2.187946,35.62999999913398,Vw6
12883.110000000377,-3.462999991583407,1.742699995262866,8.556700006100552,0.07899999990247852,0.1078999995391263,-0.10159999979064886,52.213367,-2.187946,35.39999999905867,Vw6
12883.210000000377,-1.227700000178092,0.48460000649194745,10.176899996240197,0.053100000059618756,-0.014499999277695845,-0.04599999996484022,52.213367,-2.187946,35.14999999919744,Vw6
12883.310000000378,-1.253922764563471,2.1671346473459887,9.203324756345806,0.06843960386182366,0.17350396001899088,-0.03727623780404113,52.213367,-2.187946,34.937029701845894,Vw6
12883.410000000378,0.7837999893328059,0.5505999981797591,10.225799997064762,0.04240000010782969,0.0739000001010194,-0.08489999999735155,52.213367,-2.187946,34.6399999993568,Vw6
12883.510000000379,-2.0355999928533506,0.06949999905223377,9.450000003284833,0.07090000000416186,0.10060000002043089,-0.0841999998146086,52.213367,-2.187946,34.46999999871361,Vw6
12883.610000000379,-0.1467000053498661,-0.1809999948797922,10.31819999871588,0.07199999985282192,0.10599999972720979,-0.03519999984828173,52.213367,-2.187946,34.1299999992433,Vw6
12883.71000000038,-1.5606999937154298,1.1722999972274288,9.97879999973084,0.0331000001083481,0.03390000001254557,0.004899999844510967,52.213367,-2.187946,33.92999999904958,Vw6
12883.81000000038,0.09239999180717066,0.44300000501669196,9.907999999380209,0.06159999958258235,0.03719999996390316,-0.03599999984562843,52.213367,-2.187946,33.67999999911678,Vw6
12883.91000000038,-2.031526996358729,1.746829999022452,9.741105997910255,-0.046998999961582744,0.027652999944085772,0.0037329998223677354,52.213367,-2.187946,33.44709999889693,Vw6
12884.01000000038,-1.0896653487656371,1.4810762333165781,9.201219803509199,-0.036108910552148314,0.013333663455214443,-0.04248613860858898,52.213367,-2.187946,33.15801980122699,Vw6
12884.11000000038,-1.6761999993240597,0.3487000003972764,9.603200001969654,0.05299999961983121,0.03669999998023123,-0.04109999993499114,52.213367,-2.187946,32.959999999011565,Vw6
12884.210000000381,-1.4984000006206355,0.45319999986989723,10.12129999928746,-0.04699999971785854,0.03149999994289094,-0.023999999997730767,52.213367,-2.187946,32.699999998978846,Vw6
12884.310000000381,-1.6608752481450664,0.41914059392937064,9.934765345822484,0.026861386420608993,0.016549504893415605,-0.02340594059179135,52.213367,-2.187946,32.432673266306104,Vw6
12884.410000000382,-0.40060693593166474,0.8928762401753262,10.039245542393402,0.014432673279813993,0.03409702939608639,-0.10493564350154172,52.213367,-2.187946,32.21762376146807,Vw6
12884.510000000382,-1.7712999975281571,1.5604999980362009,9.473800002270536,0.01769999992131052,-0.04620000017265847,-0.08849999965086316,52.213367,-2.187946,31.979999999274224,Vw6
12884.610000000383,-1.124199999597767,1.0463999992933226,10.068199998565253,-0.0028999999721148924,-0.09140000029183866,0.0028999998567545843,52.213367,-2.187946,31.78999999935062,Vw6
12884.710000000383,-1.0189000066103038,0.861399994935286,9.692600001462305,0.0044000000122818165,-0.16780000018537866,-0.03459999932910578,52.213367,-2.187946,31.61999999769716,Vw6
12884.810000000383,-2.741199986000648,-0.4581999951387035,10.073599997909021,0.0076000000740747056,-0.216099999648433,0.1401999997739378,52.213367,-2.187946,31.02000000168875,Vw6
12884.910000000384,0.9062999903852568,0.8084000007461204,9.528799999631547,0.02689999996660881,-0.1245000004536596,0.08129999996545739,52.213367,-2.187946,31.459999996814403,Vw6
12885.010000000384,-1.59879999218224,1.002800003607016,9.432799997999599,0.018200000118212486,-0.24269999940586712,0.07229999972250771,52.213367,-2.187946,30.629999997198208,Vw6
12885.110000000384,0.438099993612304,1.942599995254997,8.911600005340286,0.04900000016273407,-0.08790000057647776,2.847846190020906e-10,52.213367,-2.187946,29.900000000191902,Vw6
12885.210000000385,-1.2261999939283226,0.7063000021745437,10.302999995238679,0.09139999962054425,-0.23809999905483129,0.07419999961745925,52.213367,-2.187946,29.95000000181244,Vw6
12885.310000000385,0.3482999943930015,1.270199996540937,9.068300002183413,-0.007000000149237167,0.006999999615145498,-0.02499999977672269,52.213367,-2.187946,30.420000001388253,Vw6
12885.410000000385,-1.1056999957713602,0.3732000039972641,9.634500002838829,-0.04570000025669431,-0.0927999998737952,0.032900000063881434,52.213367,-2.187946,30.78000000015581,Vw6
12885.510000000386,-0.018190098273015615,1.3970138604655093,10.356581185526535,-0.11092871261228854,-0.05975841559404568,0.04917326727783618,52.213367,-2.187946,30.816930691885094,Vw6
12885.610000000386,0.1727999966951873,1.158400000804801,9.684700001850617,-0.04379999968378688,0.004399999376443157,0.03650000022250606,52.213367,-2.187946,30.509999999460124,Vw6
12885.710000000387,-0.684200017978211,1.3671000040170271,10.164600018135902,0.0382000009984451,-0.15730000061758692,0.09419999981053953,52.213367,-2.187946,30.370000000736145,Vw6
12885.810000000387,-5.324399974351545,2.4038999941309873,14.845499958778978,0.29589999707711684,-0.3166999977365478,0.0453000001801618,52.213367,-2.187946,30.560000001007356,Vw6
12885.910000000387,1.2954999939833707,0.8891000006877144,4.206300006486987,-0.45849999915963235,0.26749999890314397,0.09179999974002459,52.213367,-2.187946,30.820000001007358,Vw6
12886.010000000388,-0.25740000990541234,1.0665999836432454,5.880600021558975,-0.24160000104803803,-0.015599997667970092,0.024699999006979122,52.213367,-2.187946,31.08000000046493,Vw6
12886.110000000388,-2.8139999970910647,-3.1550999674135727,11.44499997378975,-0.5121000018109167,0.5862999999631928,-0.23159999940062298,52.213367,-2.187946,31.200000000619912,Vw6
12886.210000000388,-2.0632000032744866,5.255499991754615,4.680100018712297,-0.9794999937986395,0.5767999969676355,-0.07690000045777415,52.213366999997014,-2.1879459999980266,31.360000000467117,Vw6
12886.310000000389,-2.9043999826267703,3.1372999909161416,9.487200017576425,0.6135999999478386,-0.20219999897779342,-0.19449999933124493,52.2126,-2.187439,31.48000000116779,Vw6
12886.41000000039,1.5586999944078372,0.8036999944269111,14.002499985965096,0.6001999972436235,0.06040000014247053,-0.02269999952315193,52.2126,-2.187439,31.780000000934233,Vw6
12886.51000000039,0.12209999200751122,-0.6280000116142143,10.397000006749991,-0.10789999954310661,0.09699999897690482,0.09979999990720581,52.2126,-2.187439,32.020000001100954,Vw6
12886.61000000039,-1.8923395968483399,-3.5502287005749067,12.106570294252826,0.005477226623359355,-0.16129306856421963,0.07548514823643124,52.2126,-2.187439,32.302079208730596,Vw6
12886.71000000039,-0.06630000167344297,-0.3930999989913977,11.393599988755199,-0.27680000009659744,0.029400000044974513,0.004000000138052201,52.2126,-2.187439,32.51000000101681,Vw6
12886.81000000039,-0.49419999673680576,-0.13520000364410878,8.518300010439953,-0.30149999867227417,0.040899999742667566,0.039299999555338944,52.2126,-2.187439,32.77000000113414,Vw6
12886.910000000391,0.340199994416512,-1.0669999956452938,11.187799992424727,0.037999999705123626,-0.024900000274931153,-0.07439999949393895,52.2126,-2.187439,33.06000000101682,Vw6
12887.010000000391,-1.087499999319907,0.046500000883846954,9.25080000100078,-0.03739999955377462,-0.09519999922917596,0.054999999371530064,52.2126,-2.187439,33.320000001055924,Vw6
12887.110000000392,-0.9136000051873212,0.2724999967798249,9.50670000088463,0.07669999943684089,0.10189999937504982,-0.10569999946108802,52.2126,-2.187439,33.59000000082128,Vw6
12887.210000000392,-2.239999994372469,-0.550900001390872,9.732900000870279,-0.06729999992534867,-0.05790000031196396,0.0320999999540305,52.2126,-2.187439,33.80000000074651,Vw6
12887.310000000392,-0.8076999847601284,-0.9048999971809303,9.954400000370507,-0.04830000007504423,-0.13729999845039564,0.020399999222447514,52.2126,-2.187439,33.990000001218,Vw6
12887.410000000393,3.0710999874203986,-0.18740000669202894,10.048700001989511,-0.06739999959876401,0.2570999998404581,-0.17749999976227462,52.2126,-2.187439,34.30000000071436,Vw6
12887.510000000393,-0.06911582999394107,-1.849679198517533,10.541826729460357,0.03317128692087594,0.21847920854157843,-0.1182356438142278,52.2126,-2.187439,34.483366337956966,Vw6
12887.610000000393,2.879299983401689,0.5423999937088102,9.72450000077866,-0.019699999929357066,0.3763999983835468,-0.18179999922888077,52.2126,-2.187439,34.82000000075406,Vw6
12887.710000000394,-1.268509887431426,-1.0126791960797716,9.909898015555529,-0.0028574261189553865,-0.027836632459102416,0.010578217066295342,52.2126,-2.187439,35.01257425843773,Vw6
12887.810000000394,2.180499985351875,1.9993999847873047,8.829700003013434,-0.0985999991495563,0.27849999795781877,-0.18159999878792837,52.2126,-2.187439,35.27000000103664,Vw6
12887.910000000395,-1.50116300306577,-1.8019429944091063,9.594447003533356,0.11437099987007106,-0.23044799871571758,0.12049399924728096,52.2126,-2.187439,35.532500000987305,Vw6
12888.010000000395,-2.2672564346785546,-0.4305722891433225,10.473415838904966,0.08188910894608187,0.08728217655212463,-0.06514950374579717,52.2126,-2.187439,35.78227722862209,Vw6
12888.110000000395,-2.0228999953355853,-3.4477999825043995,9.794999997847983,0.0907999994773898,-0.33449999866623875,0.2398999992488465,52.2126,-2.187439,36.01000000102627,Vw6
12888.210000000396,-0.8411999891498809,0.9846000021008673,9.249800001230067,-0.04159999981243673,0.003399998804036295,0.04960000040288432,52.2126,-2.187439,36.27000000099135,Vw6
12888.310000000396,1.8949999821376895,1.5143999971068625,9.560000001578949,0.0056999998509972075,-0.2981999994204112,0.15119999976888546,52.2126,-2.187439,36.52000000096131,Vw6
12888.410000000396,-2.5539643522557554,0.7968019820634731,9.94898712664473,-0.031768316938134596,-0.1541207923254996,0.09449207960151611,52.2126,-2.187439,36.76297029820813,Vw6
12888.510000000397,-1.5003999924530567,1.2669999876323235,9.427700003537133,-0.058599999549530914,-0.21619999958799527,0.19369999931041748,52.2126,-2.187439,37.06000000099135,Vw6
12888.610000000397,0.402799997520225,-1.8518999896370962,10.319699995697343,0.05499999995874385,-0.11229999966234044,0.019800000177040953,52.2126,-2.187439,37.31000000084115,Vw6
12888.710000000397,-0.22138119013480276,0.7389198034163754,9.25265940878113,0.04445742564633151,-0.027775247435580627,0.062495048907852645,52.2126,-2.187439,37.521782178924916,Vw6
12888.810000000398,-0.7294999960741753,1.1008999905170715,9.968600000094412,0.020200000134246873,-0.005299999739075065,-0.08800000006572918,52.2126,-2.187439,37.70000000051787,Vw6
12888.910000000398,0.2560000024432666,-1.2795999929820467,9.992300001694433,0.0538999998322065,0.060199999964590335,-0.10449999964308672,52.2126,-2.187439,37.83000000068405,Vw6
12889.010000000399,0.855187125519287,0.4707504975406822,10.41201089053547,0.011989108826839016,0.05135445542739246,-0.016691089464060505,52.2126,-2.187439,38.00158415904722,Vw6
12889.110000000399,0.053899999769748685,1.0957999920547363,10.273099996130343,-0.009100000260128218,0.04679999969167038,-0.10579999961359209,52.2126,-2.187439,38.16000000047803,Vw6
12889.2100000004,-0.003900001988883014,-0.8987000029529111,9.30170000347034,-0.074399999824322,-0.030599999605824994,-0.0088000002473098,52.2126,-2.187439,38.280000000280126,Vw6
12889.3100000004,-0.500899992357415,-1.6366000033433026,10.16889999950079,-0.030499999800719605,0.06790000010388451,-0.07059999956708052,52.2126,-2.187439,38.3500000003638,Vw6
12889.4100000004,1.3755277170580031,-2.4533495008064072,10.040422770284467,0.01873564353858968,0.09221089053294336,0.03675346544801603,52.2126,-2.187439,38.439702970178104,Vw6
12889.5100000004,-0.051700000340951374,-1.41829999808555,9.542699999717074,0.0123000001648732,-0.0466999997490886,0.06209999954699888,52.2126,-2.187439,38.41000000028012,Vw6
12889.6100000004,-0.13690000024250767,-0.9398999960250352,9.471999999830725,0.0534999993745223,0.01599999992316589,-0.05110000006682967,52.2126,-2.187439,38.48000000032014,Vw6
12889.710000000401,-0.19749999679528266,0.053400001684366004,9.429700000136679,-0.10279999973910417,-0.003199999636997018,-0.06779999962815308,52.2126,-2.187439,38.5600000002814,Vw6
12889.810000000401,0.5996999957086857,0.47239999601058513,9.46369999977649,-0.03789999991919867,0.0870999996623228,0.02470000040802661,52.2126,-2.187439,38.630000000040205,Vw6
12889.910000000402,-0.4677999967739768,-0.520000001810191,9.408100003886503,-0.017799999968242265,0.0031000005820911608,0.12619999879039207,52.2126,-2.187439,38.639999999638206,Vw6
12890.010000000402,0.3346999973399881,-0.9702999969299516,10.374899998365482,-0.009899999791363735,0.14789999876265428,-0.17469999934595143,52.2126,-2.187439,38.5499999999196,Vw6
12890.110000000403,-0.32700000696057213,-0.20660000324250505,9.968300001979431,0.04200000010974509,-0.159900000117383,-0.011999999408260919,52.2126,-2.187439,38.5300000001206,Vw6
12890.210000000403,-2.0584999936216923,-1.0132000006595656,10.460699997784555,0.06929999969119979,-0.18909999894255725,0.13519999933805904,52.2126,-2.187439,38.559999999524926,Vw6
12890.310000000403,-0.4789901897063207,-1.1765333339922581,9.912072546806316,-0.007170588543794293,0.0727627461544546,-0.028721569288748805,52.2126,-2.187439,38.44235294070185,Vw6
12890.410000000404,-1.011400000812477,-0.2520000009905598,10.125899996443191,0.034899999830397425,0.0607000003820096,-0.04010000011952943,52.2126,-2.187439,38.34999999931352,Vw6
12890.510000000404,-1.212599985573282,-0.4972999971959042,9.245100003433645,-0.007099999481904524,0.15529999953924634,-0.06970000040987288,52.2126,-2.187439,38.17999999995962,Vw6
12890.610000000404,2.3599999885132803,0.1971000019905256,10.095399993741266,0.12119999887665829,0.041200000678328706,-0.17119999976260533,52.2126,-2.187439,38.16999999946974,Vw6
12890.710000000405,-0.42691681989224134,0.6957168359727056,8.579404957931233,-0.15157425636485916,0.20917326800278582,-0.11286435638083926,52.2126,-2.187439,38.038712870767085,Vw6
12890.810000000405,2.4913999921809866,1.7573999962170515,10.419899993699683,0.11099999943454532,0.37649999772520093,-0.0992999986800649,52.2126,-2.187439,37.909999999472674,Vw6
12890.910000000405,0.5638000051316837,0.8248000000507043,8.866700004143963,-0.028399999974039386,-0.18429999863382254,0.22609999788420973,52.2126,-2.187439,37.77999999975662,Vw6
12891.010000000406,1.8288999889716056,0.8372999995347371,9.888300001134965,-0.022000000035695848,0.15249999830444722,-0.29549999828619367,52.2126,-2.187439,37.720000000121686,Vw6
12891.110000000406,-0.8899000067525998,0.7225999934124935,10.168100001462719,-0.030799999970388674,-0.2654999985814957,0.1269999997026698,52.2126,-2.187439,37.74999999979718,Vw6
12891.210000000407,-2.554599983255286,-0.9013999975283863,10.528699995554273,-0.02349999985250179,0.0841999989956268,0.05370000024813926,52.2126,-2.187439,37.69999999959255,Vw6
12891.310000000407,1.554999994827376,-0.29480000101455955,9.437599999337072,0.012700000042782631,-0.16229999952001964,0.11459999918957472,52.2126,-2.187439,37.59999999922584,Vw6
12891.410000000407,0.2854999999629217,-0.5437999961854191,9.274899998293584,0.02319999970785575,-0.04450000042538158,-0.0842999995236867,52.2126,-2.187439,37.40999999971478,Vw6
12891.510000000408,0.2763999930848123,0.3923999977026201,8.856100004253157,-0.048499999495416016,-0.1488999997921575,0.032600000314027384,52.2126,-2.187439,37.33999999962959,Vw6
12891.610000000408,-1.3996911747955538,-0.16559117638545764,9.882679408984172,0.07246078364547032,-0.0988598041090158,0.10953725516174898,52.2126,-2.187439,37.249019607443465,Vw6
12891.710000000408,-0.9888088218486621,-0.1447088234439907,9.200620585445273,-0.0914607849842608,-0.14484019626651815,0.17326274535871383,52.2126,-2.187439,37.15098039175582,Vw6
12891.810000000409,-0.748899998515159,-0.7161999976053459,8.764800004593676,-0.11429999965252755,-0.1426999997724444,0.02599999990791366,52.2126,-2.187439,37.11999999963165,Vw6
12891.91000000041,-0.38609999785745786,-0.1311000008144525,9.887200000113777,-0.02940000024106157,-0.08710000035647644,0.0035000002807610143,52.2126,-2.187439,37.02999999959073,Vw6
12892.01000000041,0.1374000098761575,-0.3300999954771283,9.914999998600287,-0.08829999971678336,-0.17420000005279615,0.07210000010313669,52.2126,-2.187439,36.92999999967258,Vw6
12892.11000000041,2.55049998376924,0.7749999939419385,9.573000005678141,-0.019099999421230644,-0.18709999988879358,0.09730000017859168,52.2126,-2.187439,36.8499999997933,Vw6
12892.21000000041,-1.3575970223309568,-0.6905722772982684,10.934613856518899,0.11939306868985955,-0.15959405915781474,0.13973069275428443,52.2126,-2.187439,36.799405940350795,Vw6
12892.31000000041,0.4426999899895083,-0.7077999993352648,9.745999996792253,-0.03130000033873948,-0.09900000078970699,0.06280000009208452,52.2126,-2.187439,36.73999999963002,Vw6
12892.410000000411,-1.9923999922484565,-0.5461000004924877,8.965700007447335,-0.11369999976608887,-0.2910999984592287,0.08519999953423321,52.2126,-2.187439,36.64999999987667,Vw6
12892.510000000411,-0.10680000656019985,-0.6658999956740831,10.777299990850334,-0.056800000598960475,0.08369999899652539,-0.028099999312243745,52.2126,-2.187439,36.61999999967112,Vw6
12892.610000000412,-1.7025999844817028,0.3863999955848762,8.551600012022375,-0.2024999991182085,-0.16039999900269175,0.13919999881564507,52.2126,-2.187439,36.54000000004111,Vw6
12892.710000000412,2.072299991267963,-0.6875999997477565,11.476099992359519,0.011999999323807799,0.08219999865456558,-0.14889999860632455,52.2126,-2.187439,36.549999999468525,Vw6
12892.810000000412,-0.0424524839753726,-0.6265108908369865,9.625703952759224,-0.15176237691349156,-0.24364158550320475,0.1886247538682543,52.2126,-2.187439,36.42128712818166,Vw6
12892.910000000413,3.306799980911852,0.20559999740992446,10.429199994843206,0.03189999959209438,0.21249999853187343,-0.1357999989431157,52.2126,-2.187439,36.42999999962463,Vw6
12893.010000000413,-1.2581415793422228,-0.41799109017931235,9.200574260637357,-0.06510594026602655,-0.13741683082259337,0.11542376147721492,52.2126,-2.187439,36.33950495029055,Vw6
12893.110000000413,-0.0922999909506514,-0.6770999964423624,9.977999997923884,0.014299999551579094,0.07089999903626668,-0.10219999893840687,52.2126,-2.187439,36.28999999942192,Vw6
12893.210000000414,2.099299992418328,0.18450000065859057,9.475200001266582,-0.09429999961430148,-0.1624999988196796,0.15489999931237836,52.2126,-2.187439,36.14999999975116,Vw6
12893.310000000414,0.27120000161827484,0.3433000022399545,9.780599999943181,-0.001299999935302185,0.12209999983327871,-0.010900000175015884,52.2126,-2.187439,36.09,Vw6
12893.410000000415,0.6613999856424765,0.8833999949407138,9.766899999335187,0.014299999999585271,0.08190000046740024,-0.053100000618361815,52.2126,-2.187439,36.09000000004148,Vw6
12893.510000000415,-2.800499990964341,-0.33649999957731097,9.60660000053119,0.01419999998994595,0.19459999962255417,-0.20219999958108123,52.2126,-2.187439,36.09999999958108,Vw6
12893.610000000415,-0.637061383425444,-0.23000692837224923,9.737833665206066,0.012018811971983168,0.10421881176451031,-0.10210396035618838,52.2126,-2.187439,35.99841584092682,Vw6
12893.710000000416,0.016800002873343642,0.3292999969655067,10.181199999322583,0.03389999984894855,0.07609999999495093,-0.09249999951570968,52.2126,-2.187439,35.83999999928472,Vw6
12893.810000000416,0.69319499728905,-0.38431399683854467,10.020887000286308,-0.0019509999795793156,0.07447199982163157,0.021762999651181367,52.2126,-2.187439,35.66779999908316,Vw6
12893.910000000416,0.0663623833899871,0.35556633199374615,10.090731683931665,0.003329703149374316,0.033521782770740825,-0.061425742710009563,52.2126,-2.187439,35.448712870750725,Vw6
12894.010000000417,1.7825999877934606,-0.757799996938368,10.273899996467668,0.04630000000791443,0.17569999952096912,-0.09399999981421933,52.2126,-2.187439,35.319999999250214,Vw6
12894.110000000417,-1.1477999953375717,-0.022799999333105735,9.425899998594149,0.048199999727993784,0.06070000012746386,-0.04940000034781806,52.2126,-2.187439,35.13999999891698,Vw6
12894.210000000417,-0.028500003380409908,0.13730000239682777,9.088400000897817,-0.017099999856081557,0.091299999922602,-0.1328999997661325,52.2126,-2.187439,34.87999999887041,Vw6
12894.310000000418,-0.8364999927940371,0.7102000002962043,9.303000005142156,0.01730000005647962,0.07279999994770406,-0.07699999993640813,52.2126,-2.187439,34.60999999887041,Vw6
12894.410000000418,0.8858999953013139,0.7809999992523772,10.532099997623671,0.030799999951050996,0.06029999994017344,-0.06179999994142854,52.2126,-2.187439,34.33999999853572,Vw6
12894.510000000419,-0.23719999781904988,0.602299997140876,9.964100001176032,0.019100000330510375,0.04599999989666321,-0.04779999996569386,52.2126,-2.187439,33.989999998410205,Vw6
12894.610000000419,0.28409999433237465,-0.08109999947955075,10.245199996049356,0.09809999988996934,0.02130000005104084,-0.03960000010124495,52.2126,-2.187439,33.609999998117345,Vw6
12894.71000000042,-1.0705999951762584,0.04329999797764212,9.30090000328922,0.07180000025673398,0.03349999996428415,-0.06379999987520459,52.2126,-2.187439,33.15999999827723,Vw6
12894.81000000042,0.07739999840119016,-0.43799999775956533,10.083699996817508,0.132899999162148,0.02499999996218321,-0.03409999995209873,52.2126,-2.187439,32.749999998025125,Vw6
12894.91000000042,-0.30310000148577965,0.0952000030371084,9.326300002029921,-0.06649999961594949,0.016000000047481082,-0.022699999931509594,52.2126,-2.187439,32.279999998613384,Vw6
12895.01000000042,-0.6566999987411211,0.8180000001592507,9.809399997404087,0.024899999674775606,0.027299999993697203,-0.006399999921425115,52.2126,-2.187439,31.949999997941084,Vw6
12895.11000000042,-0.3570999950691108,0.8558999992184531,9.19160000335729,-0.05249999966090945,0.02580000011176962,0.012299999644942364,52.2126,-2.187439,31.45999999810916,Vw6
12895.210000000421,0.8163999958178825,0.6698999998341817,9.990599999159826,0.02819999962317889,0.052399999552844634,-0.07219999980306407,52.2126,-2.187439,31.009999997953916,Vw6
12895.310000000421,-0.17468515273061763,0.6298099004876349,9.794753465875752,-0.05928613822802577,-0.05279504962952147,-0.02560297012940231,52.212592277224466,-2.1874362178206073,30.528514850858116,Vw6
12895.410000000422,-1.1731999977781409,0.5107999999350111,9.92010000098918,0.03210000004473258,-0.08229999978604319,0.01409999992614903,52.21182,-2.187158,30.379999999155988,Vw6
12895.510000000422,-0.6467000029698108,0.49540000051194816,10.154499997140167,0.04269999980690049,-0.03160000011338735,-0.0033999999484215448,52.21182,-2.187158,30.179999999658985,Vw6
12895.610000000423,-1.3298009843572134,0.6156732673998899,9.490308913723736,-0.0025841584091529242,-0.057217821367481304,0.008057425471265488,52.21182,-2.187158,30.091485144919698,Vw6
12895.710000000423,0.030100001590189638,0.6329999989133139,10.161199998081345,-0.0010000002818433132,0.04099999940155977,-0.05619999953294537,52.21182,-2.187158,29.240000004916364,Vw6
12895.810000000423,0.4052999991724931,0.376599999504419,9.708500003121616,-0.06749999966639554,-0.10019999971381353,0.05399999994628758,52.21182,-2.187158,30.399999997314378,Vw6
12895.910000000424,0.21005247442040467,0.25966930643534375,10.445034656585502,0.011212871620577228,-0.03267524723869977,0.04132673261958002,52.21182,-2.187158,29.766336630979,Vw6
12896.010000000424,-0.06900100118572489,1.4614490051474607,9.464082995770958,-0.06690300033762868,-0.2865290010891385,0.12277600034906655,52.21182,-2.187158,29.51249999894094,Vw6
12896.110000000424,-2.360999994452561,1.0893000041742478,9.839799998238586,0.036899999711375496,-0.19139999971561372,0.12959999991142065,52.21182,-2.187158,28.75000000118671,Vw6
12896.210000000425,-1.0520999974697858,2.0741999961601794,9.424200005867432,-0.031199999590264368,-0.12429999915860164,0.10869999929231391,52.21182,-2.187158,29.030000001547794,Vw6
12896.310000000425,-0.45728316562686183,1.1772831666914658,10.773077220984778,0.06274356377880888,0.0707613858666655,-0.05569207911937946,52.21182,-2.187158,29.395841586646007,Vw6
12896.410000000425,0.17439999625901909,0.7955999971162652,9.19080000311571,-0.07289999953775114,0.006900000748281309,-0.03490000019537037,52.21182,-2.187158,29.97999999931897,Vw6
12896.510000000426,-0.7045000013547502,0.11809999976697091,9.92279999562877,0.03569999960875192,0.18269999944580353,-0.08079999962379991,52.21182,-2.187158,29.81999999789328,Vw6
12896.610000000426,-1.026881191219576,0.06454158443164064,8.917086143292416,-0.05386237562539783,0.054400990354947325,0.006246534460352758,52.21182,-2.187158,29.329702970170533,Vw6
12896.710000000427,-1.7550000193302822,0.12870001885195162,10.015699980930899,0.08989999867059159,0.11450000070616807,-0.03909999887962076,52.21182,-2.187158,29.300000001196896,Vw6
12896.810000000427,-6.277100002216165,4.538899975839238,5.554700018302451,-0.2210999992720687,0.27969999263477946,0.2230000030134032,52.21182,-2.187158,29.580000001577044,Vw6
12896.910000000427,-6.79554660415489,-1.1132359464579196,9.836350503714392,-0.05080873713713879,-1.443309716093043,0.9279514593199745,52.21182,-2.187158,29.948932040409847,Vw6
12897.010000000428,-3.8698999558336236,-2.5739999909637015,9.51159996542001,0.07049999908678463,-0.35509999872754344,0.7020999992007746,52.21182,-2.187158,30.170000001252166,Vw6
12897.110000000428,6.3202529834293575,-0.47873699894666705,1.6437250602255853,-0.137549998524564,-0.05977199973142789,0.5087059964529664,52.21182,-2.187158,30.46320000136852,Vw6
12897.210000000428,2.44055443673651,-0.2531980276276522,15.588950496567977,0.1985188095370011,-0.00015247633916386314,-0.3073643542820064,52.21182,-2.187158,30.782574258526697,Vw6
12897.310000000429,-1.934000022627857,-2.0829999769441496,15.943999971576844,-0.3495999990723227,-0.25539999850867606,0.1961999991624718,52.21182,-2.187158,31.04000000141663,Vw6
12897.41000000043,-7.205099968341777,3.2877999781590157,9.32290000736175,-0.1334999971693178,0.09199999561531877,0.0011000013771350495,52.21182,-2.187158,31.370000001502486,Vw6
12897.51000000043,0.16959996286414536,-1.8000000052359464,11.037800003662202,0.5258999988658383,-0.9294000007254858,0.3219000010105287,52.21182,-2.187158,31.720000001888838,Vw6
12897.61000000043,-8.48109994735968,-3.0196999839652516,11.890899989550247,0.26169999794335136,-1.098399995690274,0.557299997899556,52.21182,-2.187158,32.160000001647745,Vw6
12897.71000000043,3.568370258233311,0.6529079099291915,9.493791094602653,-0.21142772226878698,-0.11015148757581425,0.07658713029648428,52.21182,-2.187158,32.54366336791004,Vw6
12897.81000000043,-5.464599966228019,-1.8763000004707617,10.772900000150885,-0.09420000003017703,-0.675299995465254,0.4452999972788937,52.21182,-2.187158,32.91000000155196,Vw6
12897.910000000431,2.369300002626264,-1.9854999917780516,10.807899990787813,-0.10120000005345646,0.3765999978949363,-0.1858999991132263,52.21182,-2.187158,33.27000000159507,Vw6
12898.010000000431,2.978499999438707,-0.07830000631088005,8.671000009424718,-0.11359999919254879,-0.11169999826783823,0.01979999886060141,52.21182,-2.187158,33.640000001896844,Vw6
12898.110000000432,2.848299990505874,-1.5421999926428391,10.857199995680373,0.07369999954087798,0.2900999991972909,-0.2444999988735344,52.21182,-2.187158,34.08000000176751,Vw6
12898.210000000432,0.6459999868695523,0.16439999882808695,9.855199999761028,-0.03279999977921107,0.10390000024286783,0.016799999422485414,52.21182,-2.187158,34.49000000177497,Vw6
12898.310000000432,-2.38699999665613,-0.10630000268583245,9.799999996648339,0.018199999472271158,0.15999999920299524,-0.11659999981168002,52.21182,-2.187158,34.90000000155851,Vw6
12898.410000000433,-1.614599996537956,-0.726700007350448,9.025800005195034,-0.10369999932350865,-0.024099999382980422,-0.0731000001950324,52.21182,-2.187158,35.26000000153052,Vw6
12898.510000000433,-0.7997369899676514,-2.3863159907814833,10.222725003865593,0.05089699995538868,0.11689599995495557,-0.11758999995235685,52.21182,-2.187158,35.612900001256044,Vw6
12898.610000000434,1.4851323493601818,-0.27403235070289556,11.08899999250679,0.04071078431839654,0.10716470612694597,-0.10771666710701903,52.21182,-2.187158,35.90225490293746,Vw6
12898.710000000434,0.6583676434663286,0.2427323551866456,9.358999992482726,0.04178921569096056,0.1636352943630256,-0.20938333377509988,52.21182,-2.187158,36.12774509901903,Vw6
12898.810000000434,1.969399981944442,-2.5869999974272178,10.531999996765546,0.12009999917964852,0.16710000039822043,-0.08569999976871913,52.21182,-2.187158,36.27000000086948,Vw6
12898.910000000435,-2.183799989564538,-1.9952000029249204,9.788000001184228,-0.0685999999695683,0.25869999998608834,-0.0325000010442418,52.21182,-2.187158,36.47000000056516,Vw6
12899.010000000435,0.21659998577926998,-2.6679999874491007,10.060400003983943,-0.061600000050864405,0.25550000001695483,-0.2726999994804875,52.21182,-2.187158,36.60000000039127,Vw6
12899.110000000435,-3.054499972374307,0.2189999942218523,10.976799994703509,-0.07330000011019114,0.25940000041192546,-0.15320000035769077,52.21182,-2.187158,36.69000000017217,Vw6
12899.210000000436,3.300054483173092,-1.1101089166905407,9.758483163000811,-0.09864653476406277,0.35415247566096897,-0.23547722808178184,52.21182,-2.187158,36.729603960568845,Vw6
12899.310000000436,-2.0040999709776606,-0.21970001170017642,10.816299997394625,0.0509000000584987,0.1852000008539064,-0.17350000081592587,52.21182,-2.187158,36.77000000004366,Vw6
12899.410000000436,4.643899975238025,-2.899799987961928,10.219499998578133,0.0642999996983388,0.38079999872961784,-0.3603999989125354,52.21182,-2.187158,36.780000000261936,Vw6
12899.510000000437,-1.0281999830864545,-0.14230000202649973,9.893799998376007,-0.004799999955034582,0.08980000099316822,-0.11130000066749635,52.21182,-2.187158,36.83999999991269,Vw6
12899.610000000437,2.8460999826996645,-0.606500001887238,9.521799999158754,0.005500000029249349,0.31729999854451746,-0.2641999988169293,52.21182,-2.187158,36.81999999938882,Vw6
12899.710000000438,-1.116799989955919,-1.0388000010814746,9.329100000547093,0.012199999742673027,-0.016099998842686182,0.006799999538827978,52.21182,-2.187158,36.6799999996493,Vw6
12899.810000000438,1.174399988712245,-1.285499999477017,9.453900000927606,-0.046500000143349096,0.24789999858535922,-0.09839999931394086,52.21182,-2.187158,36.59999999907941,Vw6
12899.910000000438,-1.4004999917826335,-1.166199996474138,9.665500001632514,-0.07919999974661843,-0.07479999941432908,0.058099999796593325,52.21182,-2.187158,36.38999999947395,Vw6
12900.010000000439,0.47400000637837725,-0.36189999750476126,10.037899996123876,-0.021399999715932063,0.05879999969795863,0.011700000197707778,52.21182,-2.187158,36.26999999877255,Vw6
12900.110000000439,1.9289999930911872,0.20729999325514,9.15370000628588,0.04340000013282806,-0.010100000068825101,0.056799999916270105,52.21182,-2.187158,35.990000000087676,Vw6
12900.21000000044,0.35300000358010947,-1.3312999979632156,10.587599996641309,0.07369999944491355,-0.02580000010916847,0.037700000168154654,52.21182,-2.187158,36.009999999471766,Vw6
12900.31000000044,1.1662999902888485,-0.8685999980640206,9.824600001095646,-0.052399999730600395,-0.05060000008407733,0.07589999992032462,52.21182,-2.187158,35.88999999960382,Vw6
12900.41000000044,-1.039799988748338,-0.42880000065273427,10.07350000089195,0.0088000002156513,-0.06970000030369039,0.05780000030013325,52.21182,-2.187158,35.799999998799464,Vw6
12900.51000000044,1.4621069181008661,-0.5727722759824119,10.271476236468276,0.056964356287828304,-0.13803762377894552,0.12546435650802507,52.21182,-2.187158,35.527524751385165,Vw6
12900.61000000044,-1.3971999967474449,-0.29000000056914155,10.009099998409516,0.023400000379724145,-0.14179999894842202,0.14189999926856414,52.21182,-2.187158,35.27999999839929,Vw6
12900.710000000441,-0.6649485145205224,-0.41969505025146986,9.648504949220037,0.1087297029393374,0.09364653418950704,-0.022934653612731785,52.21182,-2.187158,34.916831681772955,Vw6
12900.810000000442,-0.5897999971985126,-0.5891999951568478,9.358999997117625,0.10169999972816113,-0.011699999799767465,-0.05639999995005237,52.21182,-2.187158,34.59999999832035,Vw6
12900.910000000442,0.04400000102065149,0.5064999955686937,8.706900006280623,0.0402000000084831,0.03360000000089296,-0.045099999795959,52.21182,-2.187158,34.2199999977676,Vw6
12901.010000000442,0.27583762519409405,-0.48318811756843205,10.094506922249876,0.04041287054105925,0.033972277303905916,0.0006188118895069683,52.21182,-2.187158,33.71633663204338,Vw6
12901.110000000443,0.5995999963555911,-0.20199999549764108,8.185200005214002,-0.1282999999359079,0.05119999978385495,0.002499999963312803,52.21182,-2.187158,33.349999997966734,Vw6
12901.210000000443,-0.22489999934223887,0.8165999900439288,9.364800008188727,-0.11379999992188532,0.0022999999267674866,-0.005800000195286702,52.21182,-2.187158,32.889999997647685,Vw6
12901.310000000443,-0.07670000258177898,-1.426599993272817,11.209799991400283,-0.0961999998726198,-0.014200000854379323,-0.04979999933558137,52.21182,-2.187158,32.35999999676002,Vw6
12901.410000000444,-0.6583999881713957,0.08909999816164199,9.272200005605171,-0.06749999889663014,-0.20669999789134744,0.099899999027561,52.21182,-2.187158,31.629999997159466,Vw6
12901.510000000444,2.006699991839235,-0.3250999965598472,10.535099997989434,0.18109999927078171,0.268399998758598,-0.11919999991611549,52.21182,-2.187158,30.989999997381382,Vw6
12901.610000000444,0.16799998835381122,0.4500000002538727,10.08210000248591,0.0167999998100393,-0.011299999570813088,-0.10030000045936759,52.21182,-2.187158,30.399999996760016,Vw6
12901.710000000445,-2.4559999984197165,0.507199994915106,10.642199996499402,-0.02599999981327164,0.08539999874949936,-0.20379999846383617,52.21182,-2.187158,29.669999996702174,Vw6
12901.810000000445,-2.101399988600657,-0.6337999981451947,9.856700001082045,0.015899999717456377,-0.1951999988484342,0.14089999938232575,52.21182,-2.187158,28.929999997058694,Vw6
12901.910000000446,0.45649999734139085,-0.21759999684352055,10.099499996178194,-0.04750000040333793,0.06319999921898291,0.002299999999099692,52.21182,-2.187158,28.269999996398766,Vw6
12902.010000000446,-0.12255346019850627,0.4907792111216456,9.265158422377047,-0.13611089064811419,-0.10971188092590574,0.0013782174999752246,52.21182,-2.187158,27.46168316460877,Vw6
12902.110000000446,1.032099988136733,1.2087000013538922,10.730999994006421,-0.037200000101608746,-0.050900000265163184,-0.07079999906056474,52.21182,-2.187158,26.629999997236954,Vw6
12902.210000000447,-1.6298999963334193,1.5124999998277235,9.386100001610004,-0.05999999929254773,-0.11039999940352063,0.13999999903793653,52.21182,-2.187158,26.009999996688713,Vw6
12902.310000000447,-0.8105000041073399,1.4740000015334844,9.74589999841998,0.09809999941291754,0.02289999974986349,-0.0749999995619255,52.21182,-2.187158,25.269999996599218,Vw6
12902.410000000447,-1.7283999958832632,1.8167000014677062,9.392800003020431,-0.03309999954671147,-0.032999999130115615,0.022899999398150975,52.21182,-2.187158,24.509999996822955,Vw6
12902.510000000448,-0.8083999931174425,2.1446999984656205,10.067800000087257,0.06819999956013562,0.16139999932073842,-0.11159999968587508,52.21182,-2.187158,23.79999999659922,Vw6
12902.610000000448,0.7296999947359466,1.80179999706772,10.08730000297658,-0.0300999995807193,0.009600000004922185,-0.041399999840252714,52.21182,-2.187158,23.03999999650972,Vw6
12902.710000000448,-0.44669999720260006,1.1465000017522327,10.752499995625545,0.063599999756294,0.010699999956886275,-0.005700000226006677,52.21182,-2.187158,22.259999995416333,Vw6
12902.810000000449,0.15268415076741662,1.5399881221327556,9.784150493049504,0.010991089599342889,0.002511881777794307,-0.056123762656611634,52.21182,-2.187158,21.241089104905548,Vw6
12902.91000000045,-1.5488999991912773,2.278799997310997,9.339200002061794,0.1200999998409512,0.13369999961226242,-0.11849999982522604,52.21182,-2.187158,20.34999999586653,Vw6
12903.01000000045,-1.3688999971753113,1.6803000011704015,9.798099999573623,0.08469999987285082,0.047399999960462444,-0.07960000000269575,52.21182,-2.187158,19.429999996630322,Vw6
12903.11000000045,-0.7401999942369523,1.9407999981597066,9.703200001262507,0.05639999978254345,0.0386000000655964,-0.08019999975828176,52.21182,-2.187158,18.67999999577667,Vw6
12903.21000000045,0.5424999991077056,1.5312000011196534,9.984199998594343,0.008000000009924407,0.05320000010465737,-0.02640000041682506,52.21182,-2.187158,17.739999995398684,Vw6
12903.31000000045,0.344699999603926,1.779399997054707,9.672600004423126,0.010200000244050171,0.07639999972482328,-0.11879999956287503,52.21182,-2.187158,16.719999995940015,Vw6
12903.410000000451,0.2568999917000387,1.1265000001430017,10.653099997073202,0.06429999956603279,0.01540000039562292,-0.02190000043667387,52.21182,-2.187158,15.81999999657157,Vw6
12903.510000000451,-1.5829999967903567,1.1582000051074601,10.004300002495537,-0.03189999991203367,0.10309999978707637,-0.1186999995087419,52.21182,-2.187158,15.059999995173131,Vw6
12903.610000000452,-0.8715000036846614,2.290399997414692,10.557500001123712,-0.012400000012631062,0.05590000026525231,-0.009800000286003342,52.21182,-2.187158,13.989999996300904,Vw6
12903.710000000452,-1.6882999909355445,1.7172999999836946,10.806599995300415,-0.015200000112779163,0.11469999985370413,-0.07319999995606595,52.21182,-2.187158,13.169999996829501,Vw6
12903.810000000452,0.31299999499423575,1.7136999973363283,9.76900000216092,-0.04009999953891893,0.0823999994442569,-0.06349999972280784,52.21182,-2.187158,12.469999997146552,Vw6
12903.910000000453,-0.7921999980383673,1.1256000040319682,10.246099999236815,0.06169999956111242,-0.04029999984781607,-0.002299999816111085,52.21182,-2.187158,11.839999997418309,Vw6
12904.010000000453,-0.35909999533982007,2.0158000006549344,10.077599999078744,-0.03519999989401477,-0.006700000784924851,0.03830000021604683,52.21182,-2.187158,11.269999997871237,Vw6
12904.110000000454,0.6697999955828047,2.1603999996504677,9.874200000486784,-0.011799999945557096,-0.1799999997822284,0.08599999977673833,52.21182,-2.187158,10.799999997575233,Vw6
12904.210000000454,-0.2917693051495212,2.0809534639660145,9.982685149459726,0.0001297029837567667,-0.13240297029837567,0.03736930700741357,52.21182,-2.187158,10.264851482815493,Vw6
12904.310000000454,0.10129999682950147,1.77630000321279,10.191199997823125,0.0031000001059561326,-0.13269999905458027,0.054299999467036106,52.21181999999679,-2.1871579999993815,9.749999997680789,Vw6
12904.410000000455,-0.5958999965448388,2.4827999969825907,9.712500001430847,0.026400000062929682,0.0751999992944526,-0.06289999952366362,52.211113,-2.187022,9.239999997611429,Vw6
12904.510000000455,0.14484256904492193,1.829049506383348,10.026501981336283,0.03970891071316489,-0.07871683182730944,0.04060693060523331,52.211113,-2.187022,8.715841582266565,Vw6
12904.610000000455,-1.000899995322014,2.143999999701231,10.276699998182375,0.0005999999895408109,-0.11039999987676347,0.021299999858573573,52.211113,-2.187022,8.29999999854481,Vw6
12904.710000000456,0.027799996355230904,2.078299998971356,9.877000000725484,-0.0016999999716928867,-0.08330000001369699,-0.009799999867595761,52.211113,-2.187022,7.979999998538988,Vw6
12904.810000000456,-0.770499995092825,1.8529999985504018,10.035899999893163,0.004499999940646375,-0.086299999821026,0.019199999940646376,52.211113,-2.187022,7.659999998356361,Vw6
12904.910000000456,0.3042999964867451,1.5354999981396076,10.012500000590308,-0.008499999967717532,-0.04710000030299403,0.006200000124056915,52.211113,-2.187022,7.299999998754819,Vw6
12905.010000000457,-0.4489188079616065,1.127038611549525,10.138524751573025,-0.001832673419280054,-0.11186435600827485,0.03290693060488211,52.211113,-2.187022,7.026633661828714,Vw6
12905.110000000457,0.40919999921561906,0.6209000017089278,9.940999999310586,-0.03509999983791895,-0.01830000015705882,0.013599999964387825,52.211113,-2.187022,6.689999998630301,Vw6
12905.210000000458,0.23739999937888787,0.9951999976044782,9.78999999976393,0.0004,-0.0526999997593477,0.0057999999096980896,52.211113,-2.187022,6.389999998395651,Vw6
12905.310000000458,0.10189999926108285,0.4726000038105573,9.738499999899155,0.0003999999784558895,-0.00020000008571805666,-0.013899999968829797,52.211113,-2.187022,6.039999998533167,Vw6
12905.410000000458,-0.05930000097131851,1.3038999997020495,9.716500001922926,-0.004300000071966497,-0.01890000000687578,-0.007100000023836038,52.211113,-2.187022,5.719999998579005,Vw6
12905.510000000459,-0.27119999907085296,1.238899999301879,10.13599999993445,-0.01999999996653787,-0.020399999919782568,-0.012300000012376404,52.211113,-2.187022,5.4099999990832295,Vw6
12905.610000000459,-0.0685000009477927,1.086599997427949,10.121699998506312,-0.012699999916657212,-0.0029000000064822165,-0.014999999975923195,52.211113,-2.187022,5.209999998935064,Vw6
12905.71000000046,-0.2641188077165421,0.5275524736206247,9.798905940505064,0.005236633634306443,-0.004051485034545581,-0.01011485162953986,52.211113,-2.187022,4.978415840857662,Vw6
12905.81000000046,0.643999997134768,0.1728000021500746,9.779500000808119,-0.0011000000786949387,0.020799999816378475,-0.04159999987804586,52.211113,-2.187022,4.819999999309694,Vw6
12905.91000000046,0.02140000120205368,0.6399999994937753,9.955099999251248,-0.018199999995397956,-0.01909999995397957,-0.015099999988494893,52.211113,-2.187022,4.669999999125611,Vw6
12906.01000000046,0.28259999887341986,0.5300000013051395,9.792400000201571,-0.017199999790607035,-0.00910000004786125,-0.012599999964564268,52.211113,-2.187022,4.479999999125612,Vw6
12906.11000000046,0.037800001094263604,0.81359999900475,9.836200000275658,0.02829999985171194,-0.019499999997675734,-0.004900000003718823,52.211113,-2.187022,4.289999999256236,Vw6
12906.210000000461,0.2691829981504824,0.595824998307947,9.896768000583815,-0.003402999909296748,-0.019068000031308735,-0.005547999930015765,52.211113,-2.187022,4.130100000046042,Vw6
12906.310000000462,-0.12425097842817726,0.23679215907777335,10.019091174987407,0.015784313579573852,-0.025417646882092554,0.009238235173124902,52.211113,-2.187022,4.139607842955992,Vw6
12906.410000000462,0.30065098235446946,0.716007845350403,9.69820882204749,-0.01578431387128269,0.012817647235404492,-0.016938235415007698,52.211113,-2.187022,4.100392156681636,Vw6
12906.510000000462,0.24980000109392184,0.35469999911562206,10.00969999851686,-0.01510000002240113,-0.061599999795123,0.01530000000326683,52.211113,-2.187022,4.160000000280014,Vw6
12906.610000000463,0.4820544544537893,0.16142475073017928,9.693526733425207,-0.019530692898598708,-0.017989109044528627,0.01607128716166459,52.211113,-2.187022,4.220792079574051,Vw6
12906.710000000463,0.2674999975787432,-0.21609999967531038,9.856200001590514,0.017399999910478435,-0.04689999993598976,0.023200000038035067,52.211113,-2.187022,4.300000000649379,Vw6
12906.810000000463,-0.2544999990998704,-0.14610000071137794,10.19909999960826,-0.001899999745116361,-0.03310000005189522,0.03140000000137775,52.211113,-2.187022,4.440000000505175,Vw6
12906.910000000464,-0.06044059315966077,-0.2994663373447375,10.114644554063872,0.05305049530427973,-0.04428811886375425,0.03169702970434746,52.211113,-2.187022,4.548910891594068,Vw6
12907.010000000464,0.03420000171157808,-0.3812999979243057,10.14909999671739,0.03020000001808985,-0.046799999890069374,-0.0027999999230021787,52.211113,-2.187022,4.730000001252375,Vw6
12907.110000000464,0.40319999948003277,0.06619999803006175,9.44140000255206,0.034099999904912325,-0.023100000162344803,0.013799999927640602,52.211113,-2.187022,5.000000002133675,Vw6
12907.210000000465,0.2910999996018596,-0.3584999995497055,9.991599999496154,0.013600000023283064,-0.05809999995948747,-0.0018000000158324837,52.211113,-2.187022,5.460000002793968,Vw6
12907.310000000465,0.2056,-0.2618,9.8834,0.0186,-0.0494,-0.0052,52.211113,-2.187022,6.06,Vw6
