time_since_start_s,accel_x,accel_y,accel_z,gyro_x,gyro_y,gyro_z,latitude,longitude,vehicle_speed,trip_id
13185.41,-1.0469,0.3122,10.0764,0.0822,0.2519,-0.0383,52.203262,-2.196303,36.53,Vw7
13185.51,1.0527078431290176,1.7298470588179675,10.006007843137532,0.07945490196079508,0.015625490197005404,-0.19379019607782133,52.203262,-2.196303,36.745686274508955,Vw7
13185.61,0.46186039603778,1.106967326725383,10.01157425742779,0.18108019801958158,0.24462574257413333,-0.28445445544505926,52.203262,-2.196303,36.86138613861416,Vw7
13185.710000000001,-0.3821000000134823,-2.266299999964581,10.958999999993036,0.07910000000061482,0.18719999999793546,-0.05990000000047658,52.203262,-2.196303,37.000000000001634,Vw7
13185.810000000001,-1.1232999999553983,-0.31910000002285016,10.576199999983348,0.11289999999767715,0.07370000000084583,-0.0861,52.203262,-2.196303,37.090000000000366,Vw7
13185.910000000002,1.3286999999848097,-1.5752999999826176,9.660800000020563,-0.014799999998106432,0.12020000000116597,-0.086099999998372,52.203262,-2.196303,37.10999999999873,Vw7
13186.010000000002,0.4936000000299042,-0.6197000000072814,10.791299999952908,0.08929999999843204,0.18430000000038563,0.003399999997193299,52.203262,-2.196303,37.03999999999763,Vw7
13186.110000000002,2.1375999999790283,-1.0199999999754144,8.202400000043387,0.0031000000051501285,0.20549999999822693,-0.15089999999900783,52.203262,-2.196303,36.909999999997424,Vw7
13186.210000000003,0.976704901921151,0.29878333329406276,10.566848039222087,0.281087254897259,0.10970490196221737,-0.09684803921558063,52.203262,-2.196303,36.76803921568229,Vw7
13186.310000000003,-0.9728049020275353,-1.632883333399473,10.881651960795093,0.0498127450901204,0.18019509804162925,-0.09165196078413582,52.203262,-2.196303,36.57196078430701,Vw7
13186.410000000003,1.7341999999877145,0.8680999999502361,9.330700000053861,0.008900000005533365,-0.028399999997784472,0.060299999995965484,52.203262,-2.196303,36.39999999998981,Vw7
13186.510000000004,1.3964999999999854,-0.4998000000527289,10.811199999992363,0.16099999998619752,0.03249999999774445,-0.050599999996151016,52.203262,-2.196303,36.11999999997599,Vw7
13186.610000000004,1.3960999999955324,-1.9491999998544662,10.601300000010074,-0.21839999999695867,-0.029500000008814822,0.055200000002215525,52.203262,-2.196303,35.45999999998727,Vw7
13186.710000000005,1.2732999999742918,2.0511999996498558,10.878199999995369,-0.1348000000005347,-0.2717999999781225,0.11609999998967034,52.203262,-2.196303,35.109999999970235,Vw7
13186.810000000005,0.8138821782573065,-4.265428712669563,10.774061386024728,-0.14474455445682852,0.12230792077628978,-0.06820396037853127,52.203262,-2.196303,34.5656435643318,Vw7
13186.910000000005,1.5121000000176001,-0.6983000001198494,8.7602000001435,-0.16919999998625285,-0.15689999996393442,0.24139999997451211,52.203262,-2.196303,34.12999999997685,Vw7
13187.010000000006,1.8333198019910546,-2.866916831651029,11.337576237476595,0.07833267325676685,0.49532574256252737,-0.220873267326016,52.203262,-2.196303,33.70554455443025,Vw7
13187.110000000006,2.025299999946682,-2.2985999998130078,8.735200000044996,-0.10839999999109798,0.28789999999898025,-0.20820000000280564,52.203262,-2.196303,33.25999999998015,Vw7
13187.210000000006,1.0773930694169493,1.059371286933396,9.556519802008676,0.05314752475274486,0.268461386133289,-0.2574237623667282,52.203262,-2.196303,32.89603960393793,Vw7
13187.310000000007,3.016699999894819,-2.3834999999036954,10.058499999952838,0.05789999999554711,0.1746000000092623,-0.0898000000003347,52.203262,-2.196303,32.49999999995998,Vw7
13187.410000000007,1.5711000001653315,-1.0599000000667207,9.410299999995699,-0.0032999999969440977,0.3018999999960928,-0.09440000000480213,52.203262,-2.196303,31.9499999999658,Vw7
13187.510000000007,3.8433999999112696,-1.976899999808344,9.351199999998983,0.038699999993648086,0.24819999997979467,-0.16039999998648855,52.203262,-2.196303,31.47999999996944,Vw7
13187.610000000008,2.6238999997498538,0.657199999531546,9.33720000012804,-0.04859999997564391,-0.029499999964935762,0.02529999999090138,52.203262,-2.196303,31.059999999974277,Vw7
13187.710000000008,-0.7573663364663379,-5.631720791441788,11.056140593885145,0.27934851482562634,0.44091782173211486,-0.09443267323685402,52.203262,-2.196303,30.706138613832458,Vw7
13187.810000000009,1.4759999998146904,2.876199999569327,8.730200000117462,-0.06579999998445674,-0.22729999996107364,0.31229999993697205,52.203262,-2.196303,30.319999999973625,Vw7
13187.910000000009,-0.5614999997569812,-1.8590999998836581,10.021700000129561,0.10509999999655495,0.20069999999445115,-0.380699999980184,52.203262,-2.196303,30.029999999982547,Vw7
13188.01000000001,2.1013069308557624,-0.6541801985911408,11.404568316576759,0.06650198018781583,0.14693663372504095,-0.1656732673329894,52.203262,-2.196303,29.836930693040784,Vw7
13188.11000000001,3.8519999997472785,-6.802199999835427,8.661400000239597,-0.043300000025283954,0.8105999998842668,-0.2329999999547072,52.203262,-2.196303,29.52999999998272,Vw7
13188.21000000001,1.0733000002947308,-4.99270000009327,11.295800000138607,-0.3212999999507126,-0.46189999993919845,0.26499999998108614,52.203262,-2.196303,29.339999999937792,Vw7
13188.31000000001,3.773799999593914,-5.847299999226704,12.565799999873486,0.13029999997941633,0.09519999991887672,0.0917000000617838,52.203262,-2.196303,28.769999999980353,Vw7
13188.41000000001,0.05300000014737121,1.238100000895031,11.40659999947516,-0.05830000003445055,-0.6480999999630139,0.657799999959828,52.203262,-2.196303,28.58999999996252,Vw7
13188.510000000011,1.3868356435314162,9.261528711811517,6.685368317271369,-0.3674584158044523,-0.3181277228337015,0.2981960396572542,52.203262,-2.196303,28.24722772274147,Vw7
13188.610000000011,1.090400000023596,-0.27559999895954174,10.642199999824898,-0.03330000001621811,-0.8709000000079781,0.7777999999899483,52.203262,-2.196303,27.96999999996289,Vw7
13188.710000000012,1.3066000003844833,9.257699997887645,9.037800000159278,-0.1818999999846441,-0.9439999998955009,0.6856999999116972,52.203262,-2.196303,27.62999999996562,Vw7
13188.810000000012,4.326199999320393,-7.331999997899831,10.28869999983912,-0.06130000001153603,-0.12330000010416807,-0.0077999998963412505,52.203262,-2.196303,27.359999999985995,Vw7
13188.910000000013,-1.0111999992318703,9.161999997810195,9.025200000140899,-0.15189999999251458,-0.9413999997791545,0.8062999998471663,52.203262,-2.196303,27.249999999958842,Vw7
13189.010000000013,4.952357425629524,-7.830361385703632,10.109999009762614,-0.0941920792142839,0.7655643563045792,-0.3749603959485746,52.203262,-2.196303,26.93049504951135,Vw7
13189.110000000013,4.078100000138993,-4.466500000362557,9.039900000102792,-0.14339999998864222,-0.2479999998500316,0.3289999998966978,52.203262,-2.196303,26.979999999956707,Vw7
13189.210000000014,5.16969999959419,-7.313899999086111,9.847199999724504,-0.05420000000951695,0.9297999998980784,-0.48229999992609085,52.203262,-2.196303,26.639999999992725,Vw7
13189.310000000014,2.380999999472027,-1.0336999992013474,7.9540000002242595,-0.11959999996167026,0.22940000007160996,0.02559999993776146,52.203262,-2.196303,26.58999999994761,Vw7
13189.410000000014,-1.2471999994864484,4.4545999993522365,9.495099999906243,0.14379999997622217,0.7214999999723514,-0.40209999996207774,52.203262,-2.196303,26.229999999959254,Vw7
13189.510000000015,2.2818999997398843,0.003200000558313332,8.850800000006897,-0.01959999999180727,0.5314999999718275,-0.14149999999639112,52.203262,-2.196303,25.94999999996653,Vw7
13189.610000000015,0.4944000003698078,3.839899999282998,8.89820000010681,0.03669999998738349,0.3379000000150612,-0.11670000001741863,52.203262,-2.196303,25.71999999998108,Vw7
13189.710000000015,3.035699999720322,-1.0872999993725974,9.632199999984884,-0.04999999999254215,0.4413999999398907,-0.23639999996727473,52.203262,-2.196303,25.58999999995866,Vw7
13189.810000000016,1.352700000137523,2.6648782171271796,9.546155445633289,-0.004831683167184889,0.07983465349740183,-0.039516831700016214,52.203262,-2.196303,25.337524752434234,Vw7
13189.910000000016,2.1826999999636074,-1.5272999993787735,10.081699999778158,0.0020000000035197444,0.27329999994889004,-0.14119999996632504,52.203262,-2.196303,25.08999999996071,Vw7
13190.010000000017,1.9604000000279287,2.2673999994551597,8.726600000078989,0.023499999999754436,-0.038899999974133966,0.06449999997410123,52.203262,-2.196303,24.849999999960712,Vw7
13190.110000000017,2.13099999976233,-1.0606999996799569,9.209100000014944,0.02199999999957857,0.1190999999299617,-0.09369999994792108,52.203262,-2.196303,24.609999999975685,Vw7
13190.210000000017,0.6792178215212381,0.8942504954008832,9.300387128729279,0.019425742573794737,-0.30872178225511354,0.2244188119383661,52.203262,-2.196303,24.46148514848816,Vw7
13190.310000000018,-0.6138999998435123,3.6920999997610213,9.812099999901083,-0.007900000016334525,-0.0689000000309592,0.09240000001669832,52.203262,-2.196303,24.249999999967258,Vw7
13190.410000000018,0.24640000007121343,2.3782999998166092,9.268299999915309,-0.09770000000514774,-0.23909999998386558,0.18419999996030964,52.203262,-2.196303,24.06999999994725,Vw7
13190.510000000018,0.6378999998288877,1.3700999995130203,8.802700000306173,-0.12599999999545253,-0.15040000000947695,-0.034000000004711185,52.203262,-2.196303,23.779999999938155,Vw7
13190.610000000019,-0.3028000000996079,-1.3070999992851007,10.485899999953144,-0.10099999999308784,-0.20250000002655727,-0.059899999934498196,52.203262,-2.196303,23.439999999979992,Vw7
13190.71000000002,-0.8503999994577993,2.6230999992247956,10.228299999923047,-0.06299999999531793,-0.3484999999477768,0.30019999995329927,52.203262,-2.196303,23.329999999951976,Vw7
13190.81000000002,1.8593999997362263,-1.2511999997443715,9.84369999988514,-0.03960000001220745,-0.08750000003435868,0.06680000000117224,52.203262,-2.196303,23.08999999994543,Vw7
13190.91000000002,0.572618000370188,0.0071579998698138,9.270858999908231,-0.09959199999175475,-0.25450899993955495,0.07108599996940361,52.203262,-2.196303,22.819699999993937,Vw7
13191.01000000002,2.366536999604652,-0.6111169996062686,8.835286000282643,-0.05800599997587049,0.040485999977487204,-0.07776599997910391,52.203262,-2.196303,22.788599999971705,Vw7
13191.11000000002,0.4155524749593686,1.328354455661031,10.211896039442081,0.0596079207801044,-0.06708514845994361,0.022356435598188264,52.203262,-2.196303,22.650198019805984,Vw7
13191.210000000021,-1.0091999997482592,2.3937999996709887,9.411500000184228,0.00040000000447471397,0.20439999997142733,-0.20199999999312424,52.203262,-2.196303,22.670000000010916,Vw7
13191.310000000021,0.14410000015048005,0.8864999997220363,10.255499999696658,0.02089999999755263,0.07350000002773682,-0.17050000001095805,52.203262,-2.196303,22.720000000004408,Vw7
13191.410000000022,0.8280801980524048,-0.387699010198319,8.88363960404717,0.009645544551053412,0.19730396035207487,-0.21779900984810593,52.203262,-2.196303,22.74009900990317,Vw7
13191.510000000022,0.976100000002532,-1.737599999915788,9.277600000217209,-0.005799999997184204,-0.0022999999598803697,0.022299999959727576,52.203262,-2.196303,22.750000000010914,Vw7
13191.610000000022,0.9876999999046122,-1.3517999997999475,10.27270000007762,0.007100000000545698,0.1814999999678039,-0.16219999997651321,52.203262,-2.196303,22.800000000008733,Vw7
13191.710000000023,0.5506999999977069,-0.43530000009554287,10.628299999811325,0.009600000005230971,0.03400000005092436,-0.05460000000981703,52.203262,-2.196303,22.84000000003344,Vw7
13191.810000000023,0.5424520000322411,-0.8278729998228888,9.837994999990341,0.03115799999184434,0.2455019999595079,-0.09470299997622458,52.203262,-2.196303,22.981000000023847,Vw7
13191.910000000024,0.6785680000540849,-0.1064930003313057,9.797120999981423,-0.0023889999925835984,0.07832700002210612,0.003592999990294291,52.203262,-2.196303,23.081400000033383,Vw7
13192.010000000024,0.9042762376518098,-1.4673396036132038,9.723206930769539,0.028275247521777756,0.16974257424890293,-0.0361683168190052,52.203262,-2.196303,23.221584158453613,Vw7
13192.110000000024,1.0219000002063898,-0.011300000332427588,10.043899999813355,0.0157999999762822,0.1339999999922202,0.01700000000300315,52.203262,-2.196303,23.380000000042564,Vw7
13192.210000000025,1.894699999546785,-1.4170999994920206,9.254600000182043,-0.08449999997906142,0.10109999997494572,0.0297000000318709,52.203262,-2.196303,23.560000000059162,Vw7
13192.310000000025,0.14272376263092065,0.5254999991736204,9.961480197998764,-0.003497029713159651,0.004037623771041001,0.15360297029710593,52.203262,-2.196303,23.793168316912993,Vw7
13192.410000000025,1.1350999996990192,-2.6944999996158985,9.879500000076602,-0.04319999998087515,0.03779999999350621,0.15389999998624845,52.203262,-2.196303,24.110000000086583,Vw7
13192.510000000026,-0.04679999959027992,-1.1861999999542887,10.180299999864166,0.0318999999634565,0.012300000023173925,0.0998999999812062,52.203262,-2.196303,24.450000000129876,Vw7
13192.610000000026,1.5620999998603453,-1.0066999994833743,9.64689999998271,-0.11159999998197018,0.10329999997921986,0.026100000014362742,52.203262,-2.196303,24.96000000009677,Vw7
13192.710000000026,1.013700000011978,1.0219999999848297,9.578999999881285,-0.040800000010613804,0.02170000001014996,0.08250000000196452,52.203262,-2.196303,25.340000000103682,Vw7
13192.810000000027,1.057599999990887,0.9663999996101269,9.14390000015023,-0.07969999997798112,0.058900000011568775,0.08969999997151462,52.203262,-2.196303,25.720000000114595,Vw7
13192.910000000027,1.024199999857737,-0.4624999998724434,9.694500000242508,0.0009999999801639206,0.10129999997009581,-0.01469999998534804,52.203262,-2.196303,26.140000000103683,Vw7
13193.010000000028,0.5028000000526871,0.004999999756319084,10.583299999805403,-0.07169999998821294,-0.008299999974379534,0.03899999998837666,52.203262,-2.196303,26.520000000117324,Vw7
13193.110000000028,0.6958999999445299,-0.8880999997281338,9.87010000018532,-0.02849999998521162,0.08559999995669895,-0.00359999999058673,52.203262,-2.196303,26.950000000084582,Vw7
13193.210000000028,0.4926000001430203,0.10830000060547726,10.549299999632469,0.0256999999812148,-0.07310000000970128,0.030899999993767666,52.203262,-2.196303,27.260000000088194,Vw7
13193.310000000029,0.9857950001961897,2.1484199994291595,9.289850999728968,-0.039222000029948606,-0.10651500001216113,0.010540000024615293,52.203262,-2.196303,27.563900000114284,Vw7
13193.410000000029,1.6328346530033915,0.23858217876524582,8.387911881589904,-0.139650495027543,-0.147452475243202,0.09477227725914258,52.203262,-2.196303,27.953168316924522,Vw7
13193.51000000003,0.0563000004893227,2.106799998813815,9.759100000476371,-0.06470000001955777,-0.1326999999976135,0.2019999999672,52.203262,-2.196303,28.2700000000844,Vw7
13193.61000000003,1.7375999995843738,-1.9688999988821485,11.395899999394846,-0.13189999999779514,-0.12450000003551255,0.08930000001805026,52.203262,-2.196303,28.560000000097013,Vw7
13193.71000000003,0.35833564457693967,1.7937098998205232,9.343342574431663,-0.12286435639061857,-0.24126435631731868,0.14861782172112886,52.203262,-2.196303,28.89326732682847,Vw7
13193.81000000003,3.811899999864752,-2.195299999385823,9.93759999996002,0.03069999998506959,0.16229999994543215,-0.05959999996992053,52.203262,-2.196303,29.22000000014056,Vw7
13193.91000000003,3.3831130001311207,-0.22922500000700266,9.807994999950047,-0.017672000017802305,-0.009544999911144094,0.03565399996744544,52.203262,-2.196303,29.67350000010893,Vw7
13194.010000000031,3.7969489998988193,-0.24795899988979378,9.649480000011827,-0.07361599997871193,0.2733860000089012,-0.0671139999755374,52.203262,-2.196303,30.024100000127603,Vw7
13194.110000000032,3.4566415835836404,0.11132871314308997,9.691064356559089,-0.00563762375420612,0.3018861386196576,0.010288118799055645,52.203262,-2.196303,30.43188118817739,Vw7
13194.210000000032,1.6108000001441622,0.9841999996718288,10.087499999962708,0.02059999999744614,0.3204999999791762,-0.03090000000202999,52.20326199999999,-2.1963030000003534,30.62000000009168,Vw7
13194.310000000032,2.051099999668358,-0.018099999480878617,9.973599999759903,0.012799999973773811,0.25689999994175233,-0.037099999971056244,52.203213,-2.197382,30.90000000001637,Vw7
13194.410000000033,1.0382000001320255,1.5673999997910808,9.240300000243545,-0.06729999998052028,0.07900000000803663,0.051300000007738975,52.203213,-2.197382,30.950000000079374,Vw7
13194.510000000033,1.4277287125527158,0.9478970301047395,9.974712871221673,-0.008438613862658076,0.10297326731597013,0.0750554455562628,52.203213,-2.197382,31.19138613865952,Vw7
13194.610000000033,0.46060000005225593,2.1676000000404363,9.776000000130377,-0.012299999987918272,0.07029999998330168,0.1105999999742322,52.203213,-2.197382,31.330000000078577,Vw7
13194.710000000034,0.6202000000292384,2.2911000000350104,10.174199999867149,0.02459999998831845,0.0192999999972697,0.03190000000525324,52.203213,-2.197382,31.570000000048385,Vw7
13194.810000000034,0.7047999998588882,2.392399999845064,9.789800000081978,-0.009199999990219294,0.011400000003801689,0.04709999997674059,52.203213,-2.197382,31.71000000007949,Vw7
13194.910000000034,0.29649999995313553,1.9441000001279094,10.026999999956557,0.019099999984102032,0.022399999968687915,-0.02019999998845669,52.203213,-2.197382,31.940000000024195,Vw7
13195.010000000035,0.16090000016609918,2.314199999559868,9.901299999923138,-0.02689999998952808,-0.06820000000597902,0.013199999994262907,52.203213,-2.197382,32.01000000005184,Vw7
13195.110000000035,0.64149999963134,1.040700000001728,9.678900000057649,0.003399999999619831,-0.08550000000870933,-0.0033999999737337927,52.203213,-2.197382,32.160000000048385,Vw7
13195.210000000036,-0.4251999996130646,1.0456999998855492,9.845700000076363,0.002300000009749783,-0.11069999997915439,0.07259999998050043,52.203213,-2.197382,32.30000000001091,Vw7
13195.310000000036,0.6383999999688953,0.7311000001393345,10.055599999939137,0.02909999998803105,-0.05340000000924047,0.01899999998839485,52.203213,-2.197382,32.330000000007274,Vw7
13195.410000000036,0.5528999998436771,1.1141000004699975,9.88830000004891,-0.0037999999943041747,-0.07879999998684448,-0.012900000013265762,52.203213,-2.197382,32.349999999970606,Vw7
13195.510000000037,0.13177029718590144,2.386659405705011,10.020670297003011,0.011658415840063097,-0.04340099011367727,-0.04863762374912128,52.203213,-2.197382,32.2691089108585,Vw7
13195.610000000037,0.5588000000512591,1.742599999994361,9.947700000008366,0.007500000002874003,-0.0834999999899228,-0.01240000000331056,52.203213,-2.197382,32.179999999974534,Vw7
13195.710000000037,0.6997000000962227,1.7270999996825682,9.970699999955881,0.015399999999465218,-0.055799999996562114,-0.02149999999495776,52.203213,-2.197382,32.11000000002674,Vw7
13195.810000000038,0.9515999998531639,0.8961000002818688,9.855200000045686,0.013999999998242857,-0.0468000000156233,-0.008299999990297511,52.203213,-2.197382,32.18000000000382,Vw7
13195.910000000038,0.5672000002042489,1.633999999745023,9.974799999957256,0.009400000000267392,-0.08769999998017483,0.01709999998682142,52.203213,-2.197382,32.19000000001146,Vw7
13196.010000000038,1.1018999999914436,0.9665000003595651,9.8629000000144,0.010099999999503416,-0.03580000001745684,-0.01739999999499596,52.203213,-2.197382,32.21999999998472,Vw7
13196.110000000039,1.0794999998674883,1.9077999995950548,9.900600000011307,0.008800000005195034,-0.08149999999927422,-0.004300000002673914,52.203213,-2.197382,32.17999999995798,Vw7
13196.21000000004,0.7326000000799167,0.8477000001573372,9.93019999988807,0.022399999996275573,-0.07960000000083206,-0.011299999973691289,52.203213,-2.197382,32.069999999984155,Vw7
13196.31000000004,0.9323029703765507,1.2408683169882413,9.650497029591595,0.013093069303224705,-0.08167920792162,0.05444257428360421,52.203213,-2.197382,32.03039603958819,Vw7
13196.41000000004,0.44550000002505113,1.2224999999263673,10.133999999929689,0.006200000002881279,-0.07220000000108048,-0.009500000005762559,52.203213,-2.197382,32.10999999997999,Vw7
13196.51000000004,0.5080999999644287,1.0384999999625288,9.958300000005012,0.013399999999070294,-0.07489999998771171,-0.023899999981001667,52.203213,-2.197382,32.05999999997575,Vw7
13196.61000000004,0.42252376247375495,0.9444366336085128,9.968043564249557,0.011144554457238144,-0.04453564356579051,0.023101980198099472,52.203213,-2.197382,31.999108910855238,Vw7
13196.710000000041,0.6648999999160337,0.8080999999339398,9.702400000013766,0.015599999997322447,-0.04809999999301326,0.023299999971425497,52.203213,-2.197382,31.910000000025104,Vw7
13196.810000000041,0.4641999999348183,0.6502000001050939,9.735300000057316,0.009200000004602043,-0.031399999992971425,-0.04499999999150714,52.203213,-2.197382,31.970000000008366,Vw7
13196.910000000042,0.30839999999171636,0.9013999997404447,9.872300000108858,0.020199999993264283,-0.014600000008492861,-0.0246999999894153,52.203213,-2.197382,31.990000000020917,Vw7
13197.010000000042,0.2885999998766653,0.28099999971588663,10.132499999914947,0.004100000011463272,-0.03489999999719694,0.0005999999862357072,52.203213,-2.197382,32.04,Vw7
13197.110000000042,-0.006200000139567419,-0.39809999986264993,9.92919999999544,0.03149999999343163,-0.02820000000564796,-0.032299999980378566,52.203213,-2.197382,32.03999999997908,Vw7
13197.210000000043,-0.33980000000432276,-0.0697999999639626,9.918299999923432,0.015799999997474817,-0.04169999998103971,0.014599999988615267,52.203213,-2.197382,31.989999999965757,Vw7
13197.310000000043,-0.34970196078859767,0.012749019643556653,9.742907843061374,0.010015686272007314,0.0017313725678095027,-0.011478431383831434,52.203213,-2.197382,31.911568627417047,Vw7
13197.410000000044,-0.08410000005992743,-0.28690000020050777,9.73220000003929,-0.009799999997883358,-0.03989999998077383,0.0030999999905192066,52.203213,-2.197382,31.789999999960312,Vw7
13197.510000000044,-0.22433267345733116,-0.7392930692057629,9.820695049478422,-0.004981188117986908,0.003234653444939296,-0.018224752467562246,52.203213,-2.197382,31.700693069337323,Vw7
13197.610000000044,-0.6576000001564185,-0.5085999999278807,9.760200000065876,-0.0031000000021827873,-0.043299999979263516,-0.0007000000156724127,52.203213,-2.197382,31.770000000008732,Vw7
13197.710000000045,-1.0158999999301508,-0.3433999999265583,9.911100000002774,-0.008099999999135979,0.00419999997676241,-0.036599999978990674,52.203213,-2.197382,31.79,Vw7
13197.810000000045,-0.8622999999086867,-0.18190000013833416,9.917199999910688,-0.006200000001500666,-0.0468999999787633,0.009599999996407494,52.203213,-2.197382,31.789999999940882,Vw7
13197.910000000045,-0.6614999999383817,-0.48609999979681884,9.720799999983265,-0.009500000000409273,-0.00020000002651177057,0.0017000000086856743,52.203213,-2.197382,31.65999999998181,Vw7
13198.010000000046,-0.5260000002530827,-0.039299999976407166,9.684000000078477,-0.010400000001530832,-0.058500000007834264,0.020799999997748776,52.203213,-2.197382,31.619999999950473,Vw7
13198.110000000046,-1.0825346537173268,0.012581188142301934,9.856574257503878,-0.01376633663518753,-0.07572772278007736,0.015849504948253636,52.203213,-2.197382,31.511089108861583,Vw7
13198.210000000046,-1.1623999999283028,-0.09910000011137672,9.8594999999004,0.005199999996263796,-0.08780000001976877,0.022599999990825015,52.203213,-2.197382,31.48999999998108,Vw7
13198.310000000047,-1.0108000001236257,-0.33459999996197587,9.648900000027478,-0.0027000000044456103,-0.1296000000113505,0.003200000000236469,52.203213,-2.197382,31.450000000061483,Vw7
13198.410000000047,-1.2721999999418288,-0.25419999986365216,9.707000000036937,-0.012099999998060957,-0.15360000001371515,0.0037000000139043553,52.203213,-2.197382,31.58000000007094,Vw7
13198.510000000048,-1.1492000000452127,0.0341000001612716,9.785100000053063,-0.007999999973562807,-0.18260000001882293,0.033099999993237,52.203213,-2.197382,31.73000000005675,Vw7
13198.610000000048,-1.2448000003655948,0.3750999995597862,9.897299999980891,0.047899999964266964,-0.22240000003554194,0.018800000010032004,52.203213,-2.197382,31.850000000038218,Vw7
13198.710000000048,-2.007488118687791,-0.536258415359759,9.85402871271587,-0.02696534653775807,-0.29744752478323905,0.03995049505665495,52.203213,-2.197382,31.93,Vw7
13198.810000000049,-1.7463000005679712,0.4778999995739596,9.52690000009123,-0.033499999977031125,-0.3621999999960313,0.05499999999573364,52.203213,-2.197382,31.930000000029764,Vw7
13198.910000000049,-2.9012140004938183,-0.3899210004448508,9.712580000087778,0.012992000009468058,-0.35424000000197253,0.04596899997874618,52.203213,-2.197382,31.992600000128213,Vw7
13199.01000000005,-3.8807188112953166,-1.2818019801389444,9.888216831654411,0.031749504938142936,-0.3584306930806826,0.003046534640966762,52.203213,-2.197382,32.25297029717617,Vw7
13199.11000000005,-2.6925999998810597,-1.162000000199174,9.829899999789399,0.006699999965232089,-0.3814999999810843,-0.022300000003501106,52.203213,-2.197382,32.550000000116704,Vw7
13199.21000000005,-2.4504217820553955,-1.56754455466112,9.401088118594407,-0.0640920792438234,-0.34298514849531847,-0.029428712874902497,52.203213,-2.197382,32.78762376249675,Vw7
13199.31000000005,-0.6755999998234368,-1.261999999992283,9.729399999932347,-0.008200000002469416,-0.2833999999604379,-0.06139999999717046,52.203213,-2.197382,32.949999999989714,Vw7
13199.41000000005,-0.32659207891096287,-1.2405356432338353,9.602459406173715,-0.012752475234868858,-0.2061861385978137,-0.055300990068382634,52.203213,-2.197382,32.93099009906052,Vw7
13199.510000000051,0.25419999949634203,-0.5940999998516292,10.058399999948657,0.011999999986778335,-0.17479999997839263,0.004600000002057847,52.203213,-2.197382,33.0300000000463,Vw7
13199.610000000052,-0.7205772275067867,-0.30801485160354813,9.959678217876931,-0.013721782179331933,-0.13270099009394576,0.008129702946242361,52.203213,-2.197382,33.12217821793319,Vw7
13199.710000000052,-0.2983000001180033,-0.5394999999864958,10.067499999879308,-0.015899999989027858,-0.12279999997082887,-0.03889999999050487,52.203213,-2.197382,33.34000000007386,Vw7
13199.810000000052,-0.5220000000315449,-0.5139000003045298,9.838700000087195,0.00489999998781459,-0.0674999999880256,-0.02090000001382068,52.203213,-2.197382,33.480000000084395,Vw7
13199.910000000053,-0.581799999651951,-1.091200000216647,10.003999999792109,-0.01819999998153726,-0.04479999997784471,-0.04710000000116052,52.203213,-2.197382,33.64000000003693,Vw7
13200.010000000053,0.07799999973486116,-1.50190000047774,9.609900000207166,0.016800000015345654,-0.0027999999589184,-0.049299999994884776,52.203213,-2.197382,33.7100000001119,Vw7
13200.110000000053,-0.41708899986704057,-2.3903859995703574,9.992581999676046,0.04510199997363051,0.07444400000762491,-0.039032999964681826,52.203213,-2.197382,33.92230000012179,Vw7
13200.210000000054,-0.1846465355086958,-1.5872504950574762,9.389099010017466,-0.0037732673041300045,0.08927920795147087,0.026661386120678567,52.203213,-2.197382,34.15138613868728,Vw7
13200.310000000054,-1.7992999990583454,-1.6022999996343832,9.609000000038744,0.03889999997249688,0.147199999999618,-0.0071999999846659194,52.203213,-2.197382,34.29000000008731,Vw7
13200.410000000054,-0.07369999983465386,-0.9323000002263004,9.680000000058607,-0.011499999960982677,0.14650000004098182,0.02089999994668542,52.203213,-2.197382,34.45000000004366,Vw7
13200.510000000055,0.2292999992565294,-1.3470000010248626,9.787400000042553,0.05999999993936702,0.2215999999823613,-0.07679999997833749,52.203213,-2.197382,34.530000000126776,Vw7
13200.610000000055,-1.1148306928134952,-3.192999009172285,9.861709900831762,-0.04997722772152468,0.19008316834330244,-0.037116831662176136,52.203213,-2.197382,34.76079207925132,Vw7
13200.710000000056,-0.6479000000002848,-1.862900000275849,9.572700000342147,-0.04769999999054493,0.23840000001554962,0.0011999999303970135,52.203213,-2.197382,34.84000000009114,Vw7
13200.810000000056,-0.6524881190432147,-2.347560396059998,10.168327722485254,-0.030430693031433007,0.26529504948203564,-0.11914059395418815,52.203213,-2.197382,35.002079208038445,Vw7
13200.910000000056,-1.06129999941852,-2.383599999957934,9.66109999986416,0.03649999996842234,0.22480000007747802,0.06679999994496466,52.203213,-2.197382,35.21000000009586,Vw7
13201.010000000057,-0.030100000186477335,-2.308999999598118,9.420200000401431,-0.019499999992556697,0.36219999991287954,-0.030800000032930985,52.203213,-2.197382,35.38000000009023,Vw7
13201.110000000057,-0.36079999986836947,-1.5963000005672474,10.132100000091304,-0.0063000000395859864,0.20770000001646094,-0.08920000000882854,52.203213,-2.197382,35.54000000009113,Vw7
13201.210000000057,-0.13561287162182556,-2.5995316835833253,10.293868316914798,-0.07500594054911185,0.23653564356071355,-0.10204851470139839,52.203213,-2.197382,35.70158415850552,Vw7
13201.310000000058,-0.7268999995729886,-3.33269999922642,10.44069999926769,0.0043999999491847125,0.23009999989965,0.1631000000440632,52.203213,-2.197382,35.86000000009895,Vw7
13201.410000000058,0.006699999252613634,-2.0036999986881736,9.182600000045577,-0.08289999993894016,0.05770000005518086,0.23879999988789205,52.203213,-2.197382,36.03000000009313,Vw7
13201.510000000058,-1.277299999451975,0.24999999925133307,9.26090000027439,0.021999999949126502,0.1524999999513384,0.0462000000266009,52.203213,-2.197382,36.19000000007567,Vw7
13201.610000000059,-0.3358000006720339,-1.0361999997190745,9.732300000051389,-0.06539999995125843,0.06889999996872073,0.09189999999406163,52.203213,-2.197382,36.32000000007056,Vw7
13201.71000000006,-1.4590841572639675,-0.5771792090179444,9.815816831456297,0.018118811917341448,0.01738415851423648,0.08144158413747583,52.203213,-2.197382,36.44069306934742,Vw7
13201.81000000006,0.512499999542706,-2.455099999605279,9.42750000021537,0.08000000004608107,0.1857999999481588,0.04560000001952382,52.203213,-2.197382,36.51000000010914,Vw7
13201.91000000006,-0.2417643564395194,-1.7882287119154427,9.768010890204462,0.1559425742539673,0.10046831684182,0.07818217824083837,52.203213,-2.197382,36.69009900990695,Vw7
13202.01000000006,-0.24820000075015305,-0.2011000005957045,8.299100001339735,0.15019999998391287,0.11729999998817475,0.11639999988847048,52.203213,-2.197382,36.70000000001801,Vw7
13202.11000000006,-1.4978999998492861,-1.193499999737413,10.530999999388905,0.12339999995038974,0.09759999999770487,-0.06939999996869199,52.203213,-2.197382,36.729999999952916,Vw7
13202.210000000061,-1.2468215684732447,-0.756049019339171,9.51296078368847,0.040752941125710734,0.09377647058588698,-0.01724313722286845,52.203213,-2.197382,36.65156862740281,Vw7
13202.310000000061,-0.7183414138121504,-0.8531202020867645,10.002101010421494,-0.015245454579638683,0.05459898987439475,-0.01966464646682578,52.203213,-2.197382,36.68959595962087,Vw7
13202.410000000062,-0.8813999997582453,0.6074999986457043,9.687700000650493,0.027300000004019966,0.060599999998392017,0.08369999988323543,52.203213,-2.197382,36.59999999994434,Vw7
13202.510000000062,-0.4905000005227812,-1.5822999997903433,10.739499999434113,0.033800000020903824,0.05799999990296419,-0.10509999995936742,52.203213,-2.197382,36.50999999990723,Vw7
13202.610000000062,-1.3357999999282346,-1.243299999321535,9.82450000034162,0.06759999997342474,-0.0988999999343579,-0.03939999988659591,52.203213,-2.197382,36.35999999988978,Vw7
13202.710000000063,-1.2197603959659784,-0.14627029633365396,10.376876237974237,0.024629702943033016,0.007238613928729501,0.1439663367500066,52.203213,-2.197382,36.18178217810475,Vw7
13202.810000000063,-0.6663880016788757,-0.7082009991059578,9.718458000073955,0.06637999997956329,-0.16496000007408307,0.1038730000110486,52.203213,-2.197382,36.109599999974456,Vw7
13202.910000000064,-3.2465217807490836,0.6664762369069822,9.830863366193796,0.034873267337798,-0.27868316824550776,0.12033168312563629,52.203213,-2.197382,36.069900990092684,Vw7
13203.010000000064,-1.00870000047074,-0.4558999995661981,9.607200000032968,0.052199999968861065,-0.16700000001292203,0.053500000002332265,52.203213,-2.197382,36.06,Vw7
13203.110000000064,-1.7481059410633346,0.22548613904631348,9.658982178250685,0.0032891088798490467,-0.1872970297158521,0.057163366338958674,52.203213,-2.197382,36.06,Vw7
13203.210000000065,-2.5518999993560993,1.1607999986714028,9.490000000381638,-0.12240000000085129,-0.10419999989935168,0.08049999987892079,52.20321299999994,-2.19738200000026,36.1499999999869,Vw7
13203.310000000065,-1.5686000013047612,-0.8680999973579979,10.07279999984343,-0.1237000000424334,0.04949999973989907,-0.1043999998541025,52.203125,-2.197779,36.1300000000131,Vw7
13203.410000000065,-3.5610999978336055,3.1664999984591704,9.833699999258005,-0.18849999998055136,-0.34769999981566363,0.11839999992600352,52.203125,-2.197779,36.14999999998035,Vw7
13203.510000000066,-0.25280000085809734,0.8135000000757645,8.700600000784624,-0.15879999986032345,-0.0662000003129462,0.005400000123305654,52.203125,-2.197779,36.120000000019644,Vw7
13203.610000000066,-1.5631999996963941,0.9291999994474902,9.898799999463629,0.054499999950854215,-0.544099999847734,0.19369999983172695,52.203125,-2.197779,36.150000000033074,Vw7
13203.710000000066,-1.1033326732103437,0.10605247604593916,9.09646039660202,-0.01861386130820962,-0.3144554455810471,-0.05928415832282116,52.203125,-2.197779,36.200891089167456,Vw7
13203.810000000067,-1.016600000359769,1.3212999995939854,9.952499999906976,0.0999999999275664,-0.369999999892649,0.08229999986539478,52.203125,-2.197779,36.290000000046646,Vw7
13203.910000000067,-1.5511544558042547,0.7180326728625072,9.814282178125072,-0.007623762448458013,-0.2104950493979155,-0.11770000013420902,52.203125,-2.197779,36.35930693073958,Vw7
13204.010000000068,-0.5881376236839151,-1.7232168319003067,10.567103959383797,-0.06260297036473092,-0.3320079207048629,-0.015493069265962436,52.203125,-2.197779,36.42089108916906,Vw7
13204.110000000068,-0.4718999997613137,-2.044900000968342,9.067500000986017,-0.16289999999150218,-0.2027999999505768,0.04519999996736843,52.203125,-2.197779,36.51000000004079,Vw7
13204.210000000068,-0.1190019800766198,-3.425682175272802,10.495899998514588,-0.15098118815805298,-0.1314108911776186,-0.0016039603152845344,52.203125,-2.197779,36.5707920792614,Vw7
13204.310000000069,0.06080000067137808,0.9360999963138835,8.295900002320895,-0.20909999984067473,-0.26249999977673727,0.11799999986777038,52.203125,-2.197779,36.649999999958524,Vw7
13204.410000000069,1.032099998823274,-4.396699996930863,11.653599998209751,0.021399999925417794,0.06049999984565147,-0.07329999988435958,52.203125,-2.197779,36.5900000001106,Vw7
13204.51000000007,-0.6703000007440248,0.043499999376661436,9.063600001291329,-0.08649999991601726,-0.1627999995753169,0.09399999967305485,52.203125,-2.197779,36.75000000001383,Vw7
13204.61000000007,-1.7467000010385518,-0.8583000010982039,10.931799999924106,0.034999999991359804,0.4515999998924468,-0.37899999963579833,52.203125,-2.197779,36.7700000001106,Vw7
13204.71000000007,-3.249199997137973,-2.447099998338855,10.822000000285323,0.022500000019083016,0.296000000020289,0.14789999991018923,52.203125,-2.197779,36.93000000004256,Vw7
13204.81000000007,0.7851999994666686,-0.10550000239665677,11.224199998278555,0.049399999914020006,0.32459999996006045,0.021299999948213372,52.203125,-2.197779,36.98999999995744,Vw7
13204.91000000007,0.033400000908252334,-3.4838999962042534,8.797600000672373,-0.07179999995523649,0.2682999997577379,-0.051699999862233385,52.203125,-2.197779,36.93000000002838,Vw7
13205.010000000071,1.3137000004230897,1.8666999974811835,9.745399999618197,-0.008699999989784555,-0.07319999970836324,0.14249999985471368,52.203125,-2.197779,36.97000000002128,Vw7
13205.110000000072,1.9100999980734663,-1.6838999981930014,9.207200001557856,0.005699999916431989,0.3378999998839412,-0.06230000010350232,52.203125,-2.197779,36.99999999998581,Vw7
13205.210000000072,-0.8055999999171995,0.8632999985830072,11.403199999427164,-0.11210000000327419,0.17429999999905413,-0.2081999998567364,52.203125,-2.197779,36.98000000010186,Vw7
13205.310000000072,-0.6917999985781323,-1.0841999991285587,10.61589999878688,-0.11660000023064786,0.17299999959152773,-0.011299999620849849,52.203125,-2.197779,37.119999999912686,Vw7
13205.410000000073,1.2623999965352617,0.11350000416635886,8.948599999698194,-0.43359999969979396,-0.38839999955645765,0.5097999997883425,52.203125,-2.197779,36.999999999883585,Vw7
13205.510000000073,-3.4995000006919432,5.839699998158745,8.533800001779408,-0.021000000088184607,0.22119999939085683,0.2189000001212902,52.203125,-2.197779,36.83999999991269,Vw7
13205.610000000073,-4.450499997668754,3.309099998323296,10.979399999153344,-0.14219999995340446,-0.6159999997100641,0.3855999998064154,52.203125,-2.197779,36.71999999999265,Vw7
13205.710000000074,-1.2313267292307655,0.9298722700886769,9.831747525069739,-0.07795346528475819,-0.22475148538579423,0.1272277231391788,52.203125,-2.197779,36.70891089100963,Vw7
13205.810000000074,3.4859999961492107,-8.852899991333896,10.266499999858077,0.0066999999566698535,-0.5499000001384179,0.6299999996860243,52.203125,-2.197779,36.59999999997017,Vw7
13205.910000000074,-1.6773999983497043,2.767199992200212,10.076200001059242,-0.05140000003231738,-0.73549999930883,0.20899999941685588,52.203125,-2.197779,36.55999999990207,Vw7
13206.010000000075,0.5227643571433567,-7.5224653417314,11.450892076859342,-0.09491782182837687,0.17546633614509774,-0.5532920783249639,52.203125,-2.197779,36.42881188109928,Vw7
13206.110000000075,1.4692000001481877,-1.0990000055526725,8.310100002196712,-0.1566999998448766,-0.47789999901131197,0.6274999992723369,52.203125,-2.197779,36.30999999987322,Vw7
13206.210000000076,1.6678999986816074,-8.54439999382173,11.25559999748904,0.05129999975972969,0.8477999992079102,-0.34819999983971794,52.203125,-2.197779,36.13999999986248,Vw7
13206.310000000076,-0.057800003027482304,-0.4573999947592805,7.96890000187449,-0.2631999997575141,-0.18899999924786606,-0.1384000005062866,52.203125,-2.197779,35.959999999915965,Vw7
13206.410000000076,-4.020599999130534,6.402399997166422,10.422499999565767,0.05419999989373794,0.7954999995967906,-0.801099999356177,52.203125,-2.197779,35.849999999822515,Vw7
13206.510000000077,-2.897073267569791,2.7341534656263744,9.871821783099033,-0.08260990092192129,0.2757099011976657,0.03109405924463468,52.203125,-2.197779,35.61792079191995,Vw7
13206.610000000077,-3.2143999948572985,3.0994999942536814,11.07399999865082,0.006399999904503057,0.5466999999935062,-0.1795000001774715,52.203125,-2.197779,35.4099999998854,Vw7
13206.710000000077,3.517099996017605,-4.422099998046229,9.308000001401092,-0.11859999983840462,0.538199999687916,-0.4117999999901447,52.203125,-2.197779,35.25999999985921,Vw7
13206.810000000078,-1.574399996848108,-1.9241999978639843,11.099299998179509,0.08799999981368818,0.13920000009440736,-0.39919999965123243,52.203125,-2.197779,35.07999999977317,Vw7
13206.910000000078,2.45529999879085,0.8067000014451289,8.77179999982722,-0.15019999968330122,0.25989999992937046,0.04669999999210013,52.203125,-2.197779,34.78999999981228,Vw7
13207.010000000078,0.9093999999985921,2.6542999976122053,8.550899999635199,0.25469999980852587,0.16959999998748534,0.03659999974540515,52.203125,-2.197779,34.549999999804456,Vw7
13207.110000000079,0.907599998562771,-0.39849999767923694,8.084500001450134,0.009900000021431333,0.15359999969886629,-0.2888999997253035,52.203125,-2.197779,34.299999999953066,Vw7
13207.21000000008,-0.929899998459518,2.5685999975919813,9.938500000472613,0.03729999994809817,-0.23139999955737925,0.06229999974032916,52.203125,-2.197779,34.23999999988682,Vw7
13207.31000000008,0.9805396043567185,-0.4246772289003797,10.51080990000402,-0.02726435646487721,0.3132316829381813,-0.25585742549845747,52.203125,-2.197779,34.09861386127493,Vw7
13207.41000000008,1.4744999983679954,-1.892399998008556,9.281800000321583,-0.06369999998855493,0.026400000134459697,0.048399999966385075,52.203125,-2.197779,33.95999999971988,Vw7
13207.51000000008,-0.5645999973285918,0.5957999986445699,9.683599999410243,-0.04940000001705808,0.19440000002198954,0.006399999820688067,52.203125,-2.197779,33.609999999862566,Vw7
13207.61000000008,2.727628711894521,-1.0616435628191,8.962565347214012,-0.06988415836641927,0.21778316801052464,-0.2128475245476349,52.203125,-2.197779,33.437425742367665,Vw7
13207.710000000081,1.5104999994926656,0.853999998912317,9.809099999724397,-0.008299999979945643,-0.16389999981820108,0.04239999993991878,52.203125,-2.197779,33.17999999985266,Vw7
13207.810000000081,0.8906999990075958,-0.4747999986584044,9.472400000651808,0.016200000028649082,0.05820000000564796,-0.03100000002079105,52.203125,-2.197779,32.99999999981992,Vw7
13207.910000000082,-0.32169999829329265,1.1641999979736548,10.268700000279685,0.05119999993062627,0.06510000010430374,-0.0564000000821787,52.203125,-2.197779,32.779999999878434,Vw7
13208.010000000082,1.7633495066530722,-1.3113445564768866,10.610383168595837,-0.03355247531673059,0.1925257426783087,-0.1567960396859402,52.203125,-2.197779,32.63148514839358,Vw7
13208.110000000082,-0.28769999999312423,0.24499999878478773,11.137399999515994,0.17919999996161023,0.02960000001211447,-0.10819999999320608,52.203125,-2.197779,32.219999999770806,Vw7
13208.210000000083,-0.2792999997996019,-1.2395999991352342,10.546099998560981,0.13229999992762242,0.04440000000761429,-0.09989999999062857,52.203125,-2.197779,31.939999999757347,Vw7
13208.310000000083,-0.03979999960614878,-0.2061000002027409,8.826300001556746,0.04579999998711428,0.053499999922769347,-0.08869999986152034,52.203125,-2.197779,31.649999999807548,Vw7
13208.410000000084,0.4309000008892821,-0.4483999999808388,10.6867999995203,0.030399999938165275,-0.03880000001096123,0.07680000006744084,52.203125,-2.197779,31.419999999740615,Vw7
13208.510000000084,1.4936999995833895,-0.42549999870331157,10.11349999973894,-0.04349999996828774,-0.05189999999723877,0.15739999990042852,52.203125,-2.197779,31.109999999665305,Vw7
13208.610000000084,0.9957999986365443,1.1241999991429805,9.80149999985074,-0.005599999952162416,-0.048599999916411,0.03840000004192127,52.203125,-2.197779,30.70999999968728,Vw7
13208.710000000085,-0.6154039602285926,0.08685742378437435,9.630313861840305,0.050738613839458546,0.05135346543490947,0.0854039601782588,52.203125,-2.197779,30.336336633356048,Vw7
13208.810000000085,-0.41579999953227054,-2.2473999978739725,10.171699999480632,0.024600000030178853,0.15669999985235444,-0.1741999998584244,52.203125,-2.197779,29.969999999264765,Vw7
13208.910000000085,0.1313000004001904,0.2393999983855596,9.56419999984654,0.05990000000957516,-0.01599999984927672,-0.0086000000946402,52.203125,-2.197779,29.109999999367353,Vw7
13209.010000000086,0.5993999984202696,-1.6489999981414785,9.384700000788326,0.07110000006676964,0.16029999984209534,-0.1192999998985204,52.203125,-2.197779,28.369999999393006,Vw7
13209.110000000086,-1.248399998929703,0.5248999990970611,10.306799999868135,0.14919999983989585,-0.024399999942227794,-0.0006000000902420853,52.203125,-2.197779,27.659999999162345,Vw7
13209.210000000086,-0.010714851632126068,-0.520646534648883,10.157523762669683,-0.03490297018586308,0.04270792080989982,-0.10457623757887143,52.203125,-2.197779,26.68217821715139,Vw7
13209.310000000087,-0.18219999946609022,-0.5153000004792527,10.499899999422347,0.09479999995485995,0.06350000003553578,-0.05220000005954644,52.203125,-2.197779,25.89999999931897,Vw7
13209.410000000087,0.4292999985781324,-1.064199998958112,9.838300000295725,0.04309999990937067,0.10419999995704275,-0.12040000000445288,52.203125,-2.197779,25.119999999449938,Vw7
13209.510000000088,-1.1991999981846195,0.1290999994750833,10.176999999771157,-0.060700000022002494,0.05499999997275881,-0.12549999983533053,52.203125,-2.197779,24.489999999353895,Vw7
13209.610000000088,0.8799999994931568,-0.47210000095990257,9.91490000104145,-0.08589999994027894,0.02379999977456173,0.06310000010774239,52.203125,-2.197779,23.749999999345164,Vw7
13209.710000000088,0.29949999835563174,-1.5714999975611226,11.10769999871135,-0.017500000100450053,-0.23439999994848257,0.18649999994901736,52.203125,-2.197779,22.999999999340435,Vw7
13209.810000000089,-1.545399999459513,1.1647999978668402,9.66190000060163,-0.13019999981799557,-0.17659999991238473,0.12929999989785645,52.203125,-2.197779,22.259999999393916,Vw7
13209.910000000089,-0.938999999274656,-1.2284999982733642,10.336899999833683,0.0739999999444717,-0.07830000002424349,0.014700000085208739,52.203125,-2.197779,21.579999999269127,Vw7
13210.01000000009,-0.12519999915121044,0.7086999991676104,10.150299999283302,0.011700000056152203,-0.10549999994580866,0.11029999998796738,52.203125,-2.197779,20.75999999955435,Vw7
13210.11000000009,0.8270999993979236,-0.22519999972592378,9.346199999724943,0.07469999997825216,-0.0446999999988413,0.09679999988234776,52.203125,-2.197779,20.259999999598914,Vw7
13210.21000000009,0.1515999998306179,0.08230000027140763,9.037600000544616,0.050299999969833586,-0.04339999997973898,-0.035199999997388584,52.203125,-2.197779,19.809999999846916,Vw7
13210.31000000009,-0.034637623931389416,0.38071584185497487,9.636411881731549,0.017131683138216128,-0.021122772257010834,-0.0323287128686814,52.203125,-2.197779,19.641683168164082,Vw7
13210.41000000009,-0.003799999101070136,-0.20920000151049614,9.785100000494802,-0.04619999991933976,-0.14359999977841403,0.024899999881765687,52.203125,-2.197779,19.349999999908132,Vw7
13210.510000000091,0.9691316826607782,-1.8211207891370362,10.317674256876511,0.04072376229637068,0.0956742572502158,-0.1018999998268196,52.203125,-2.197779,19.247722772069665,Vw7
13210.610000000092,0.41229999944925044,1.4068000006318693,9.715100000690205,-0.0469000000210378,-0.09689999982710414,0.08809999984070062,52.203125,-2.197779,19.01999999983464,Vw7
13210.710000000092,-0.19843823631863416,2.0856950972274135,10.463204901669508,-0.06795686257707126,0.08943137237866905,-0.0837088233843546,52.203125,-2.197779,18.838137254732146,Vw7
13210.810000000092,-1.322261765746031,1.195204901136596,10.143695097743494,0.11635686291568861,-0.0974313727219694,0.07540882367668224,52.203125,-2.197779,18.651862744925634,Vw7
13210.910000000093,0.2512000008155275,-0.7273999996830102,10.100999999245143,0.037299999932650096,-0.026200000027923307,-0.11749999995482176,52.203125,-2.197779,18.4799999998794,Vw7
13211.010000000093,1.130299999788859,-0.38570000051894676,9.287300000269957,-0.0353000000191103,-0.05629999980963912,-0.06880000007922427,52.203125,-2.197779,18.3499999998794,Vw7
13211.110000000093,0.9026999998925286,-0.9450999978617746,9.578300000098633,-0.05589999995711647,0.14889999981656352,-0.15419999982303978,52.203125,-2.197779,18.219999999772455,Vw7
13211.210000000094,0.7868509432880791,1.3598056625290318,9.684620754816235,-0.009673584862507134,-0.04883584924119397,0.03655471715920525,52.203125,-2.197779,17.9747169809031,Vw7
13211.310000000094,0.6228999993382662,-0.6240999987210831,10.699199998848302,0.009199999889805622,-0.03240000011236989,-0.0734999997889754,52.203125,-2.197779,17.769999999867576,Vw7
13211.410000000094,-0.07669999979033115,0.7279999984901246,9.481600000800006,-0.10729999988909159,-0.15119999990930733,0.14959999979626606,52.203125,-2.197779,17.6300000001391,Vw7
13211.510000000095,0.14496666687546583,-0.8682745113075343,10.327384314522178,0.009954902071232702,-0.05531764696850704,-0.06579215706563402,52.203125,-2.197779,17.777058823667936,Vw7
13211.610000000095,-1.1786999989067029,0.44189999898017535,9.88610000062103,-0.040499999960540795,-0.17659999978598395,0.11699999989738695,52.203125,-2.197779,17.950000000277072,Vw7
13211.710000000096,-0.04086930754400644,-0.6156346525300764,10.532423762027717,0.0002465346009948577,0.045620791910532664,0.010139604011552419,52.203125,-2.197779,18.243861386504687,Vw7
13211.810000000096,-0.6877999981626861,0.3708999981696274,10.164799999182472,-0.05510000004743197,-0.13229999996230507,0.06410000004685354,52.203125,-2.197779,18.63000000028922,Vw7
13211.910000000096,1.2179999992032973,-1.5276999972645637,9.316799999478924,-0.10429999997348824,-0.09320000010662552,0.11269999999228748,52.203125,-2.197779,18.93000000032778,Vw7
13212.010000000097,0.39160000088530034,1.3096999965429617,8.776300000716107,-0.07680000002516207,-0.20379999981933433,0.1046999998248295,52.203125,-2.197779,19.270000000404906,Vw7
13212.110000000097,1.3098999987069968,-2.2761999955410093,9.519100000629244,-0.10289999991082405,-0.01640000016138438,-0.07699999965149072,52.203125,-2.197779,19.69000000055916,Vw7
13212.210000000097,-0.03129999911931081,2.3489999968235864,10.171799999689508,-0.010400000073963746,-0.1837999998556086,0.2844999998492239,52.20312499999986,-2.1977790000010384,20.2700000003929,Vw7
13212.310000000098,0.8652999965540555,-0.8847999981423608,9.855700000323948,-0.08569999987613773,-0.03680000019340587,0.13099999998556086,52.20298,-2.198836,20.67000000054024,Vw7
13212.410000000098,-2.6428999972952645,1.006399997035262,10.185499999434713,0.04039999997013947,-0.23369999969009878,0.11629999980816574,52.20298,-2.198836,21.220000000510773,Vw7
13212.510000000098,0.11070000167211429,-2.0118999979167276,9.609999999907826,0.009999999974203424,0.08179999961791301,-0.07899999981863022,52.20298,-2.198836,21.740000000496085,Vw7
13212.610000000099,1.767408908076538,0.051051481530934265,9.521457426171525,-0.015163366254274153,-0.29898811838741296,0.10199504932726838,52.20298,-2.198836,22.244059406340206,Vw7
13212.7100000001,-1.0916999994292464,-3.6237999947660766,9.957200000174979,0.06849999991706318,0.13219999969156307,-0.07849999971657416,52.20298,-2.198836,22.650000000380167,Vw7
13212.8100000001,-0.5211999975519132,1.6077999975937316,10.132099999224454,-0.014400000023710526,-0.17609999994867723,0.20479999989305253,52.20298,-2.198836,23.03000000049022,Vw7
13212.9100000001,1.9257999967691655,-0.797399999894153,9.356899999883447,-0.03809999988955096,-0.12479999992696757,0.09789999996998668,52.20298,-2.198836,23.520000000550244,Vw7
13213.0100000001,-1.3035999984487114,-0.6915999984363057,9.240400000129457,0.0722999999499778,-0.05179999988004674,0.06789999987384399,52.20298,-2.198836,24.070000000420187,Vw7
13213.1100000001,0.24700000023079555,0.8713999977555381,9.369800000792331,0.02230000003140008,0.06809999999435393,-0.05820000005616355,52.20298,-2.198836,24.490000000604226,Vw7
13213.210000000101,0.47769306954142393,-1.3720653488150751,10.161780198824829,0.05368613864576454,0.06245643563782782,-0.11433861391844952,52.20298,-2.198836,25.093960396653515,Vw7
13213.310000000101,-1.2528000028160138,1.596899998372732,8.962100001286432,0.06810000001089937,0.2246999997962732,-0.21539999991494407,52.20298,-2.198836,25.330000000295403,Vw7
13213.410000000102,-4.017299997600756,-0.0006000007967982027,10.224999999697188,0.0787999999289014,0.024700000331313303,-0.1319000000657482,52.20298,-2.198836,25.620000000607067,Vw7
13213.510000000102,-1.678924751804168,-0.8092306965629433,9.944445545957347,0.010651485245624866,0.34604554448766073,-0.19517029696543453,52.20298,-2.198836,26.212871287421763,Vw7
13213.610000000102,-1.021400002070985,-4.232299996581465,11.31899999893064,0.10580000009167707,0.28059999993144596,-0.13219999997117265,52.20298,-2.198836,26.500000000458385,Vw7
13213.710000000103,-3.054499995759079,-0.8762999987834944,10.269199998652025,0.19579999983618182,0.21329999997055418,-0.10390000011228805,52.20298,-2.198836,26.95000000030068,Vw7
13213.810000000103,1.035800000042095,0.29700000019398975,8.96910000020498,0.037799999977811964,0.18489999987547745,-0.21219999994224892,52.20298,-2.198836,27.24000000027994,Vw7
13213.910000000104,1.076399999707909,0.48409999961899336,9.166800001409662,0.016400000023668912,0.06479999992993583,-0.1564999997668717,52.20298,-2.198836,27.510000000303716,Vw7
13214.010000000104,0.786185147339459,0.12196435660853776,10.494412869377065,0.03860495045401156,-0.0013970296299453883,0.06607128712573017,52.20298,-2.198836,27.80366336671719,Vw7
13214.110000000104,-0.3452999998181411,0.2883999967765143,8.655700001967995,-0.0008999998679086274,0.06890000011653902,0.06319999976235996,52.20298,-2.198836,28.170000000269575,Vw7
13214.210000000105,-0.16990000234402977,-2.820599996704981,10.553799998861113,0.1264999998704443,0.18129999994535026,-0.16599999984195893,52.20298,-2.198836,28.430000000274305,Vw7
13214.310000000105,-2.39169999410089,0.30259999687051237,9.474300000396685,0.0037000001012813303,0.1295000002433917,-0.016200000314077624,52.20298,-2.198836,28.690000000221556,Vw7
13214.410000000105,3.199799997480009,-2.6636999933079086,9.85029999862145,0.09969999997538301,0.36019999942826775,-0.3138999995193826,52.20298,-2.198836,28.900000000309042,Vw7
13214.510000000106,0.8149950473798674,3.5755980155315115,8.577390101196833,0.07660297029734367,-0.1709009895283373,0.13501089086829116,52.20298,-2.198836,29.192970297343663,Vw7
13214.610000000106,-1.1954999986073818,-0.4645999976995475,10.646399997386176,0.07689999986713092,0.3689999993440112,-0.0738999998683844,52.20298,-2.198836,29.49000000029248,Vw7
13214.710000000106,0.12450000141377604,1.715895051840354,8.168875244871218,-0.04904059419429366,-0.25278217888377696,0.050852475381139975,52.20298,-2.198836,29.7672277230692,Vw7
13214.810000000107,-0.65539999610362,2.6844999977793353,11.80659999801002,0.2438999995041582,-0.27759999951012043,0.15179999996476856,52.20298,-2.198836,29.970000000195128,Vw7
13214.910000000107,2.878349993489636,0.6726580039414851,9.97601400054986,-0.2122249998629114,0.16801699932444894,0.11754799981162416,52.20298,-2.198836,30.15210000022579,Vw7
13215.010000000108,-3.071229995175557,4.222161991437285,10.488212000635661,-0.0875010001613882,-0.443320998851789,-0.06134000058491132,52.20298,-2.198836,30.360400000043008,Vw7
13215.110000000108,1.3856643580233508,-3.6598544552148202,11.046411878275157,-0.23587623759969975,0.6079287122291559,-0.591570296133956,52.20298,-2.198836,30.40316831717239,Vw7
13215.210000000108,2.862099998969506,-3.4453000011491284,8.337600002663438,-0.21349999981937434,0.010800000825421012,0.24139999930445483,52.20298,-2.198836,30.72000000005457,Vw7
13215.310000000109,1.9179000010864824,-4.498199996868028,10.777999996719272,-0.04800000016611011,0.7670999995063627,-0.39589999976371326,52.20298,-2.198836,30.77000000010914,Vw7
13215.410000000109,2.9133999955066554,-1.6284999952759192,7.7720000032498175,-0.2001999997738941,0.3148000001680085,-0.17940000008874463,52.20298,-2.198836,30.870000000066145,Vw7
13215.51000000011,-1.130200986567518,2.6459376225856452,10.698082175832317,0.0032762374462243027,0.46552376219296204,-0.2585297028204722,52.20298,-2.198836,30.929702970264554,Vw7
13215.61000000011,2.099699996671468,1.5697000000385264,8.516300002537816,-0.15909999963853041,0.2979000001176522,-0.12150000012812961,52.20298,-2.198836,30.899999999967257,Vw7
13215.71000000011,-0.9500999964928193,1.604999995590358,10.841599998795822,0.17209999975264134,0.4056999998763767,-0.23889999997242853,52.20298,-2.198836,30.869999999887924,Vw7
13215.81000000011,2.1712752466549805,-2.3188999988328574,9.777040595153252,-0.04753168304956651,0.29489801974618185,-0.21406435640945026,52.20298,-2.198836,30.76742574228811,Vw7
13215.91000000011,1.3888000016699233,-1.2688999977097086,10.761099997460164,0.059299999773534,0.24469999985231444,-0.19049999984421448,52.20298,-2.198836,30.50999999971151,Vw7
13216.010000000111,2.893799999904798,0.7952000039741953,8.47210000058253,-0.14479999967356053,0.11160000015811566,-0.05010000025198642,52.20298,-2.198836,30.24999999965603,Vw7
13216.110000000112,2.8080000034429267,4.376899998648638,8.997100000362833,0.14939999990368816,0.2540999999643824,-0.2771999998830499,52.20298,-2.198836,29.93999999967822,Vw7
13216.210000000112,5.910899999266719,3.158999998266988,9.324100000936621,0.06260000007222306,0.22200000003987078,-0.17179999999031711,52.20298,-2.198836,29.649999999715206,Vw7
13216.310000000112,5.27870693199307,1.6227425725676037,10.143720791787821,0.1244980196322933,0.25672178214678604,-0.16254851476658577,52.20298,-2.198836,29.39722772245908,Vw7
13216.410000000113,6.429399998856438,0.12700000263278707,9.885799999775685,-0.025699999945077434,0.2288999998854182,-0.08739999987425327,52.20298,-2.198836,29.11999999984211,Vw7
13216.510000000113,5.415399998770163,2.461499999928161,9.686900000441524,0.0230000000204127,0.12730000002368325,0.02410000003349487,52.20298,-2.198836,28.979999999639112,Vw7
13216.610000000113,4.324900001654068,2.3977999977948046,10.07839999918675,0.0410999999606988,0.1483000002222511,0.05379999994121908,52.20298,-2.198836,28.659999999783558,Vw7
13216.710000000114,5.753022769579258,0.46743366398030506,9.375259407156337,0.007370297116741497,0.3419326731015284,0.0024772277540971973,52.20298,-2.198836,28.466039603512897,Vw7
13216.810000000114,3.3653000025471327,1.0107999995149137,10.451199998633667,0.08439999980426947,0.19520000032671417,0.030200000029336663,52.20298,-2.198836,28.06999999972497,Vw7
13216.910000000114,5.58799999795606,0.5875000014853977,9.258899999360553,-0.08639999997284067,0.48029999984162786,0.05580000003254536,52.20298,-2.198836,27.829999999816643,Vw7
13217.010000000115,3.8044000004685716,1.88369999864649,8.70090000137701,-0.06269999999189724,0.3421000002125241,0.0841999998923489,52.20298,-2.198836,27.669999999884247,Vw7
13217.110000000115,4.194209899269049,0.7136316830801045,9.88731386102033,-0.055631683160473205,0.5250732672547759,-0.00826534647326859,52.20298,-2.198836,27.568217821577562,Vw7
13217.210000000116,2.695200000187545,0.6367999996239786,9.568700000079861,-0.048799999907333406,0.462400000114087,0.04519999988265335,52.20298,-2.198836,27.3899999998603,Vw7
13217.310000000116,2.8563000001912036,0.3137999991496978,9.637299999490713,0.030799999956608835,0.5603999999363831,-0.0555999999623708,52.20298,-2.198836,27.269999999917687,Vw7
13217.410000000116,3.01310891021577,-0.41120594081631767,9.209712871930003,-0.00592574255393667,0.5073663367580125,-0.023591089107871763,52.20298,-2.198836,27.196930692711383,Vw7
13217.510000000117,2.4340000007266647,-0.601799999272637,9.76100000006007,0.011500000012223609,0.6139999999551801,-0.022700000030035153,52.20298,-2.198836,26.889999999871943,Vw7
13217.610000000117,3.0581999982729786,0.02300000082713086,9.812599999989988,0.02199999988649506,0.5755000001038425,-0.04850000004959293,52.20298,-2.198836,26.77999999991851,Vw7
13217.710000000117,1.5747000015884003,0.7334999995815222,9.804000000793245,-0.07549999988212397,0.6647000000449051,-0.09109999995198971,52.20298,-2.198836,26.709999999856688,Vw7
13217.810000000118,2.8895009882989546,0.39484455584638156,10.459965345559404,0.022404950400889866,0.7005831681135032,-0.05020990090836892,52.20298,-2.198836,26.589801980174567,Vw7
13217.910000000118,1.369599999072398,1.5692999994583912,9.636499999846176,-0.057099999900038265,0.5288999999178332,0.01879999990314341,52.20298,-2.198836,26.569999999868628,Vw7
13218.010000000118,0.6055851500171843,1.1221950502623317,9.506241583985691,0.025363366190176147,0.45957623756173194,-0.06184059400499738,52.20298,-2.198836,26.458712871134694,Vw7
13218.110000000119,1.8740999982877309,1.7616999998401472,9.360400000763676,-0.09829999985930117,0.4071999998890962,-0.01589999993745405,52.20298,-2.198836,26.329999999787177,Vw7
13218.21000000012,0.425900003205183,1.6264999984194983,10.006300000511066,0.020700000009964425,0.3134000002471898,0.03699999988666968,52.20298,-2.198836,26.15000000004802,Vw7
13218.31000000012,3.0956999968057417,0.309999998317573,10.431999999215332,0.029000000077674486,0.5192999998516141,-0.0573999998398489,52.20298,-2.198836,26.18999999992797,Vw7
13218.41000000012,0.43500000150527435,-1.0913999999668944,9.778400000170741,0.09370000002304053,0.3957000003052264,0.07599999979930483,52.20298,-2.198836,26.130000000084884,Vw7
13218.51000000012,1.673424752129495,-1.0668059409194526,9.916613861075152,0.1132079208531574,0.6458366334753693,-0.08944158415139125,52.20298,-2.198836,26.1999009900871,Vw7
13218.61000000012,1.385900000078875,-1.3373999995201469,9.657999999510062,0.1639999998315652,0.48950000004381944,-0.08360000005210312,52.20298,-2.198836,26.190000000096045,Vw7
13218.710000000121,1.4516000001122702,-0.9377000012202001,9.2499000005712,0.023699999968239342,0.5259999999109963,-0.1269999999886745,52.20298,-2.198836,26.270000000172345,Vw7
13218.810000000121,1.5473217827301935,-1.9371445554618616,9.719426733347918,-0.0018207920451248987,0.4521782176360176,-0.11670098996485333,52.20298,-2.198836,26.409900990086925,Vw7
13218.910000000122,1.999499998940808,-2.7616000009546258,10.272099999547732,0.026100000029493097,0.30000000001340593,-0.00680000001438093,52.20298,-2.198836,26.400000000207182,Vw7
13219.010000000122,1.1303999980483372,-3.5448999955849327,9.901000000374879,0.050299999975381794,0.31099999986423427,-0.018600000009627908,52.20298,-2.198836,26.56999999996344,Vw7
13219.110000000122,-0.4710000000703203,0.07779999920795198,10.20859999977405,0.030100000005240508,0.19959999989421484,-0.026500000001949957,52.20298,-2.198836,26.540000000060935,Vw7
13219.210000000123,-0.5286999991047224,-0.5721000020329899,10.023200000853098,0.03440000007446215,0.11279999997093254,-0.028099999984291208,52.20298,-2.198836,26.589999999764988,Vw7
13219.310000000123,0.19509999890459004,-2.2156999992217346,10.712899999592437,0.09459999995658437,0.08929999988843047,-0.01539999998738349,52.20298,-2.198836,26.399999999715508,Vw7
13219.410000000124,-0.6904999981215005,-1.5864999992997837,10.383399999402323,0.05949999996796396,-0.0008999999594292603,-0.005200000067782821,52.20298,-2.198836,26.16999999975262,Vw7
13219.510000000124,0.8281999973395243,-1.0204000002105225,9.90020000051233,0.03360000000111322,0.03189999985540489,-0.0599999998822459,52.20298,-2.198836,25.96999999929496,Vw7
13219.610000000124,-1.3226999964496893,-1.1905999988426208,10.314400000174775,0.03450000001125591,-0.0849999995817998,0.03519999976276013,52.20298,-2.198836,25.39999999945576,Vw7
13219.710000000125,1.5476000011795457,-0.254899999669908,10.455700000093003,0.04359999999698776,0.25309999965007735,-0.1565999998572948,52.20298,-2.198836,24.959999999309694,Vw7
13219.810000000125,2.4874000004406804,0.008099998725753826,10.529800000461218,0.04120000012703161,-0.02569999963678089,-0.04290000018015161,52.20298,-2.198836,24.409999999416822,Vw7
13219.910000000125,2.7965811832892453,-0.991261385417222,10.88053663202119,0.14018613846126884,0.2577534649635597,-0.18288019775332512,52.20298,-2.198836,23.942871286232574,Vw7
13220.010000000126,-1.0453000019365346,-0.41740000148457096,9.574200001470878,0.01879999992976496,-0.04689999953751367,0.029099999709805046,52.20298,-2.198836,23.22999999960699,Vw7
13220.110000000126,-2.5710900987949215,-1.5854722768596308,10.714978215379952,-0.03856732698001815,0.3148861382349395,-0.19771287102472157,52.20298,-2.198836,22.913960395280267,Vw7
13220.210000000126,-2.4000999995948384,-1.2926999970510544,8.772800005434922,-0.23529999936271706,0.013500000586351235,0.010999999554092936,52.20298,-2.198836,22.309999999274222,Vw7
13220.310000000127,-2.0818999926704187,1.0232999983677664,13.041199998123421,0.2651999997278974,0.4739999998982639,-0.339199999791944,52.20298,-2.198836,21.73999999913416,Vw7
13220.410000000127,3.674499991897229,-0.25859999852105137,11.567399994657057,0.051500000394463466,0.39409999979601595,-0.17580000008642957,52.20298,-2.198836,21.059999999524123,Vw7
13220.510000000128,-2.6043702943350877,0.8647376203749464,7.452588123834944,0.35708217807526893,0.23370495026613156,-0.24154257407156407,52.20298,-2.198836,20.68455445475109,Vw7
13220.610000000128,-0.49139999462066036,-1.791499998377131,11.391399998780855,0.24529999957634083,0.05420000023819574,-0.09579999998649538,52.20298,-2.198836,20.139999999202583,Vw7
13220.710000000128,3.689859405782362,-0.5217009890787732,10.420036630670722,-0.08637524781494978,0.23671386104353406,-0.08404752459272782,52.20298,-2.198836,19.514257425010136,Vw7
13220.810000000129,3.565800004467367,0.2781999985506984,8.073700006815928,-0.3138999995855633,-0.03189999916854358,0.04119999921749077,52.20298,-2.198836,18.93999999940592,Vw7
13220.910000000129,7.024899992017993,-0.8439999999500196,13.351299993470652,0.006999999724655936,0.6118999992562353,-0.564699999166348,52.20298,-2.198836,18.47999999925094,Vw7
13221.01000000013,0.8443999950348957,-0.8052999993926158,8.295599999923674,-0.20619999920431764,0.03600000089306013,0.08079999933204526,52.20298,-2.198836,17.899999999057215,Vw7
13221.11000000013,-3.0001000005322203,-0.33500000187058326,8.23650000061268,0.40989999955766726,0.7274999991019031,-0.43639999946868413,52.20298,-2.198836,17.169999999186366,Vw7
13221.21000000013,-3.4121999928789184,-1.7833999969749188,8.710900001584966,0.06740000015323167,0.032100000817235554,-0.025000000303843993,52.20298,-2.198836,16.539999998965357,Vw7
13221.31000000013,2.0251000041153837,0.526399999540305,9.921100001781154,0.18439999984729222,0.6560999995236722,-0.25699999984598254,52.202979999999656,-2.1988360000008185,15.749999998912973,Vw7
13221.41000000013,5.167399994617246,0.17540000067814834,11.281099998612927,0.06780000009940414,0.29240000017353157,-0.13940000016253035,52.20272,-2.199461,14.919999998834392,Vw7
13221.510000000131,1.0574000027288333,0.693200000827975,10.221999999646126,0.14369999988815396,0.424900000007989,-0.26349999978089184,52.20272,-2.199461,14.029999998415295,Vw7
13221.610000000132,3.1409999937032262,1.3253999958681146,9.951799998982255,0.058300000144587825,0.4309999998246349,-0.09620000001375155,52.20272,-2.199461,12.819999998716522,Vw7
13221.710000000132,-1.666899997804467,-1.8294999976971649,9.174699998716534,0.16869999976527686,0.2971000001264822,-0.1066999999278394,52.20272,-2.199461,11.839999998484359,Vw7
13221.810000000132,-0.06532772747031093,-0.12213069433673981,8.242171290369713,-0.004075247228895249,0.38856732635597213,-0.05318019805706393,52.20272,-2.199461,10.698118810301176,Vw7
13221.910000000133,-3.5980999941946936,-1.075200000460996,10.679300002562908,0.21839999996298082,0.10530000017061018,-0.08120000000469446,52.20272,-2.199461,9.509999998350231,Vw7
13222.010000000133,0.6872871230194301,-1.4155049500435612,12.5722504926758,0.19120594064804314,0.22859999948136112,-0.08410099001935097,52.20272,-2.199461,8.26801980038702,Vw7
13222.110000000133,-3.593999998713301,-1.0760000011584272,10.787300000802029,0.23179999983295493,-0.1613999999969459,-0.02419999985566137,52.20272,-2.199461,7.069999998619023,Vw7
13222.210000000134,-2.6249999982540357,-1.9483999944797055,11.391299995908405,0.106,-0.15910000032439855,0.08450000028024807,52.20272,-2.199461,6.029999998909698,Vw7
13222.310000000134,-1.32789999998129,2.1527000005034234,8.351599999898237,0.10599999959860724,-0.4000999996471997,0.2926999995146136,52.20272,-2.199461,5.219999999044303,Vw7
13222.410000000134,-1.3139999940373928,2.5266999972183832,8.276000004520986,-0.19219999987993217,-0.13799999932993526,-0.0679000008131501,52.20272,-2.199461,4.509999999273131,Vw7
13222.510000000135,3.1156999915152483,0.4601999975371324,11.63469999609237,-0.10300000010659645,0.35979999926443007,-0.6719999988834566,52.20272,-2.199461,3.9699999991162285,Vw7
13222.610000000135,-3.10866831467027,-1.339516830108028,8.73772672957598,-0.17493168229624972,-0.180175247386594,0.1481831681797411,52.20272,-2.199461,3.3158415835977726,Vw7
13222.710000000136,-1.5054999978363122,-0.17120000021323104,6.4404000041206935,0.4718999997042323,-0.07770000011677912,0.0464999999391548,52.20272,-2.199461,2.8999999995361576,Vw7
13222.810000000136,0.08049999899100659,-0.3275000004036792,9.460899998952671,0.2550999995593498,-0.1633000001448825,0.0018999999257852324,52.20272,-2.199461,2.5599999995498,Vw7
13222.910000000136,-0.6591000012621968,-0.6234000009911218,8.69320000104842,-0.06789999983547242,-0.26949999995116014,-0.052499999780084176,52.20272,-2.199461,2.229999999618012,Vw7
13223.010000000137,-1.5842999954712622,-1.3498999976675554,9.461700000515547,0.05269999995088728,-0.23369999984202075,0.1086999996854058,52.20272,-2.199461,1.9499999996725819,Vw7
13223.110000000137,1.73529999493798,0.35979999504398147,9.839600003362175,0.016700000184445524,-0.11790000027707756,-0.12189999955784915,52.20272,-2.199461,1.7099999997271516,Vw7
13223.210000000137,-1.9751999988716071,-3.2729999982551248,12.304099996416216,0.1518999997997527,-0.3209999990503651,0.20219999958280666,52.20272,-2.199461,1.5099999996715012,Vw7
13223.310000000138,-1.158962375110848,-2.010821780435843,9.71172375879759,0.007048514651524784,0.365930694017581,-0.09958217863441726,52.20272,-2.199461,1.2723762372957346,Vw7
13223.410000000138,-6.713199992683304,-0.785099999644338,9.866100001004147,-0.010499999901833368,-0.3218999988969869,-0.19090000048776107,52.20272,-2.199461,1.1099999997905408,Vw7
13223.510000000138,-1.4227841513946744,-0.5086019771802736,10.580461385482595,0.0575940591005473,0.46614455419857526,-0.5351851478205889,52.20272,-2.199461,0.9589108909383313,Vw7
13223.610000000139,3.648799994012394,1.671199995638497,10.106600003569886,-0.1629999994540092,0.2805999999902252,-0.03370000038065753,52.20272,-2.199461,0.8499999999022523,Vw7
13223.71000000014,-0.6367999996815435,-1.4078346473225511,12.624206925307961,0.22414950441735815,0.272102970089752,-0.30373168281270946,52.20272,-2.199461,0.7722772266534825,Vw7
13223.81000000014,-0.40679999407298856,3.0286999999826323,8.73489999650797,-0.16089999950221898,0.12239999932027822,-0.046899999261732224,52.20272,-2.199461,0.0,Vw7
13223.91000000014,3.8248999903966365,3.0162999973792965,6.241700005737787,0.19450000016555352,-0.3628999992565499,0.480199998905274,52.20272,-2.199461,0.0,Vw7
13224.01000000014,-3.0315999959951827,1.1452000017461086,10.338299995663016,0.3126999992380342,0.16789999915097598,-0.3013999995420516,52.20272,-2.199461,0.0,Vw7
13224.11000000014,-0.17228627046521394,2.391866668430116,7.24182940738465,-0.2313196086126702,-0.4382764714456912,0.025560784776221923,52.20272,-2.199461,0.0,Vw7
13224.210000000141,-2.3826999915228835,0.3446000047449321,10.63019999637593,0.04089999998240673,-0.11280000031228046,0.442100000284188,52.20272,-2.199461,0.0,Vw7
13224.310000000141,3.5920999922340835,3.688899995658436,8.07590000208723,0.028500000055176014,-0.3328999999549993,0.6423999989341714,52.20272,-2.199461,0.0,Vw7
13224.410000000142,-1.792032668341818,0.6796693097963337,9.528799999502722,0.06605742560865399,-0.30027326715243935,-0.10051980186934804,52.20272,-2.199461,0.0,Vw7
13224.510000000142,1.6746999925082484,2.696599998136249,9.178800000178061,-0.02819999989855496,-0.17760000005646873,-0.022499999221781763,52.20272,-2.199461,0.0,Vw7
13224.610000000142,-3.6055999873976883,1.3829999988772943,9.304300000640877,0.043300000184587406,-0.21740000016245395,0.5259999997561063,52.20272,-2.199461,0.0,Vw7
13224.710000000143,5.276699991576584,0.5917000022046479,9.755999997613284,0.1733999996339957,-0.3319000001731587,0.35409999975671563,52.20272,-2.199461,0.0,Vw7
13224.810000000143,-0.5850999911907488,2.125900001185239,8.095100002234826,-0.08129999976993604,-0.45239999960123206,0.18480000003779312,52.20272,-2.199461,1.1639713193247592e-09,Vw7
13224.910000000144,5.54519999201487,2.9506999954616613,9.650300001447205,0.07879999987684895,-0.17489999998548628,0.21110000000661022,52.20272,-2.199461,0.8100000003017704,Vw7
13225.010000000144,-0.011599996815952755,-0.2075000006819226,10.657400000642298,-0.006900000013499106,-0.16479999915478177,0.21569999927743494,52.20272,-2.199461,1.020000000522546,Vw7
13225.110000000144,2.169584156629,-0.650442570392205,11.070254451179068,-0.01747722790658614,0.4165475246153985,-0.27970197985290574,52.20272,-2.199461,1.384257426355287,Vw7
13225.210000000145,0.9279999945177115,2.0353000004679895,8.105700000556029,-0.14519999966661562,0.3212999998803832,-0.03990000025975168,52.20272,-2.199461,1.810000000509317,Vw7
13225.310000000145,-2.839400001294684,2.3569000041168824,8.487799997384876,0.08389999986990589,0.2390999996976112,-0.21839999985593606,52.20272,-2.199461,2.160000000363798,Vw7
13225.410000000145,-3.7290999954276427,5.185999997172853,6.690700003188324,-0.005499999459978425,0.03130000015672413,-0.11940000018262655,52.20272,-2.199461,2.4100000002473827,Vw7
13225.510000000146,-0.5869999976431718,3.2431999952314827,8.881700005135226,0.36559999981693686,0.13900000004802132,-0.24489999955354724,52.20272,-2.199461,2.5800000001018635,Vw7
13225.610000000146,1.0325999995458346,-0.03369999849591404,12.410599997181295,0.23979999979801944,0.17199999997788107,0.061899999779101926,52.20272,-2.199461,2.6500000000291037,Vw7
13225.710000000146,0.7205000000780892,0.9998999957784676,10.473600000323259,0.10099999988581294,0.15679999974363162,-0.08990000010298936,52.20272,-2.199461,2.669999999985266,Vw7
13225.810000000147,0.7734999970691496,-1.8652999928352407,10.692999994916686,0.023500000300127794,-0.017199999653460692,-0.15980000012332202,52.20272,-2.199461,2.659999999926331,Vw7
13225.910000000147,-1.2156999999258888,2.997499992724295,7.2429000063406965,0.2272000001846147,0.217999999438347,-0.24349999934080915,52.20272,-2.199461,2.6099999999557983,Vw7
13226.010000000148,-1.1653999929998176,-1.9405999967542882,11.546399995276339,0.3524999993456713,-0.16319999958244372,0.20389999960071364,52.20272,-2.199461,2.579999999926331,Vw7
13226.110000000148,3.5856999937905814,0.26229999974643103,8.340400001033872,-0.09159999997112173,0.12019999931252023,-0.06709999943996774,52.20272,-2.199461,2.5299999998673957,Vw7
13226.210000000148,-0.6286999965519346,0.090200004072288,9.04210000089181,-0.07199999997658232,-0.346399999358326,0.31299999951270363,52.20272,-2.199461,2.439999999880674,Vw7
13226.310000000149,1.682999996854127,2.8203999988292656,9.639999999989112,-0.05629999994913742,0.08379999996733459,-0.0136999998180283,52.20272,-2.199461,2.3599999998060954,Vw7
13226.410000000149,-0.42609999757008116,2.035500001340773,9.632700002905581,-0.02220000042375541,0.061899999696912705,0.10829999990737342,52.20272,-2.199461,2.229999999880674,Vw7
13226.51000000015,1.2029999978372217,2.9343999968190753,11.580699996259884,-0.3062999998702333,-0.14129999986426703,0.04620000028086287,52.20272,-2.199461,2.1499999999254213,Vw7
13226.61000000015,-0.24699999743330409,0.8018000021964878,9.073200002110125,-0.21929999971331998,-0.05029999966036921,0.23449999967677648,52.20272,-2.199461,2.099999999910506,Vw7
13226.71000000015,1.473799997363353,2.274399999425989,10.487899996688489,-0.027100000257716236,0.17739999989039135,0.017800000001811714,52.20272,-2.199461,2.0399999999396097,Vw7
13226.81000000015,-0.27260000274974794,1.894199998309525,8.294500003396353,-0.19779999976408075,0.10479999972382045,0.01900000022127914,52.20272,-2.199461,2.00000000001525,Vw7
13226.91000000015,-2.043329698076742,0.7961455461335525,10.498798016354908,-0.04461782201163375,-0.07458217795813141,0.1613069302708292,52.20272,-2.199461,2.010495049579789,Vw7
13227.010000000151,1.193699997245067,1.8407000007358179,8.21860000066033,-0.19639999951885892,0.09719999964589236,-0.11799999987571157,52.20272,-2.199461,2.0600000002287517,Vw7
13227.110000000152,-0.6054891078055411,2.3044673239004383,8.645650494149987,0.11899603958824238,-0.133565346317745,-0.03475148488415297,52.20272,-2.199461,2.212376237983031,Vw7
13227.210000000152,0.12559999855101825,0.43120000252278345,8.050699997853608,0.10860000028244403,0.009899999452358121,0.1401000000376693,52.20272,-2.199461,2.4500000005748728,Vw7
13227.310000000152,-0.8227168331302714,2.082289111430404,6.645947522608865,0.2934514854305927,-0.34851584213109027,0.1647534653841551,52.20272,-2.199461,2.8262376243365037,Vw7
13227.410000000153,-4.0757999969975005,1.5882000002025671,9.699599996952116,0.1931999992988066,-0.4052999996211891,0.12180000015324896,52.20272,-2.199461,3.470000001240515,Vw7
13227.510000000153,-2.110750492050898,1.720774257628047,7.704847521708542,-0.2657108917893932,-0.1573792075424724,0.22209702985602053,52.20272,-2.199461,4.281881189357718,Vw7
13227.610000000153,-1.7432376258949893,1.238111882704748,8.001155449026394,-0.20900495040400024,-0.14322772280712134,-0.03643861395910123,52.20272,-2.199461,5.320495051110811,Vw7
13227.710000000154,-3.1369999992193534,2.2292999999893315,10.276699997332752,-0.14949999995253346,-0.16599999979544555,-0.10029999972416845,52.20272,-2.199461,6.370000002118213,Vw7
13227.810000000154,-2.632100002070128,2.222400000858572,8.551600003343067,-0.11879999979730092,-0.03369999963109076,0.07809999963294613,52.20272,-2.199461,7.740000001994522,Vw7
13227.910000000154,-3.9709999938949077,2.7777000005759374,10.713799998442882,0.012299999789260984,0.20489999963943992,-0.15929999999628927,52.20272,-2.199461,9.030000001824446,Vw7
13228.010000000155,-0.022400002083734216,3.150200000968657,9.706699999297742,-0.1239999996743827,-0.028299999723086146,-0.15690000019883374,52.20272,-2.199461,10.21000000185537,Vw7
13228.110000000155,-1.3700999991888945,3.7766999992982067,9.252500001537328,0.08660000002690285,0.15079999981399922,-0.2854999997785926,52.20272,-2.199461,11.410000001886292,Vw7
13228.210000000156,-0.8455000055493074,3.3227999985489265,10.246799997720771,0.10399999976800972,0.030500000042393366,-0.14229999990848666,52.20272,-2.199461,12.630000001486115,Vw7
13228.310000000156,-4.3928999953964425,2.3952000020043975,8.789800000563,-0.044300000112663426,0.05759999999857788,-0.08380000022769706,52.20272,-2.199461,13.580000001564331,Vw7
13228.410000000156,-1.5369435733538899,3.647732670766345,9.16158119054365,-0.11499108901353644,0.05805544575685951,-0.22706138600726075,52.20272,-2.199461,14.580594061065302,Vw7
13228.510000000157,-7.281299986265175,2.0510000021562487,10.709699999235216,-0.054100000123250315,0.19360000041209846,-0.14320000035552974,52.20272,-2.199461,15.640000001469524,Vw7
13228.610000000157,1.34798513865929,3.407816830463941,10.230480198768616,-0.12900693020854245,0.4473821771184856,-0.3658722768630869,52.20272,-2.199461,16.579405942067492,Vw7
13228.710000000157,-4.9434999909995305,2.6294999988236074,10.708499999845039,0.18029999998793522,-0.25439999948983294,-0.13310000007035167,52.20272,-2.199461,17.52000000119081,Vw7
13228.810000000158,0.7439257515634594,1.8861336621914166,10.610579207766024,0.17267623761171272,0.06797623813329079,-0.17755544561481804,52.20272,-2.199461,18.27247524871407,Vw7
13228.910000000158,-0.8666999959194702,2.938499999939706,7.565000003592322,0.12619999999825923,-0.31139999956828834,0.10209999962478432,52.20272,-2.199461,19.440000001266018,Vw7
13229.010000000158,1.711799994203543,2.900400000222977,9.834999997819287,0.12509999983794987,-0.03860000048599213,-0.13499999953189037,52.20272,-2.199461,20.240000000633007,Vw7
13229.110000000159,-1.9510000002026906,3.0412999996542434,8.457000001728945,0.022700000058825016,-0.3456999997340086,0.16079999963857783,52.20272,-2.199461,20.64000000084721,Vw7
13229.21000000016,-2.0693039590496873,2.80666039313336,9.542287129297165,0.059245544514132345,-0.17978712879006567,-0.06404554435566415,52.20272,-2.199461,21.1739603966672,Vw7
13229.31000000016,-1.2196999980364616,0.9726999999949877,9.911000000551194,0.033800000044302496,-0.22849999995343387,0.06139999997768707,52.20272,-2.199461,21.570000000468895,Vw7
13229.41000000016,-0.005974257533805256,0.9665128707923571,10.2453227712231,0.06022673251728257,-0.20029009910447565,0.047921782229789586,52.20272,-2.199461,21.86188118842031,Vw7
13229.51000000016,-0.07340000202281809,0.6578000002918096,9.587599999831285,-0.03709999990779907,-0.25929999990395736,0.08009999997486884,52.20272,-2.199461,22.049999999759894,Vw7
13229.61000000016,-1.337099999556283,0.8401000001615117,9.482199999983674,0.020499999911960914,-0.19930000004754111,0.06439999998479325,52.20272,-2.199461,21.900000000240105,Vw7
13229.710000000161,-1.0599000004201047,0.9409999996054739,9.472000000724782,-0.03449999993394886,-0.2289999999579086,0.05489999998332532,52.20272,-2.199461,22.050000000372346,Vw7
13229.810000000161,-1.3193999976577746,0.6973000004630056,9.919699999643681,0.006299999958070475,-0.2029999999302254,0.04459999998899148,52.20272,-2.199461,22.280000000080946,Vw7
13229.910000000162,0.12739999854249892,0.9832999997834925,9.69960000080716,-0.019599999954049388,-0.15990000008912128,0.03779999997432653,52.20272,-2.199461,22.33000000001635,Vw7
13230.010000000162,-0.7534108893889485,0.8498425740860296,10.187665345637551,0.00817920786879548,-0.21351881173835796,0.021954455421953505,52.20272,-2.199461,22.339801980165923,Vw7
13230.110000000162,0.2954999988811778,0.7440999995303569,9.634200000169661,-0.023899999978468624,-0.1254000000817545,0.007400000049214578,52.20272,-2.199461,22.319999999789545,Vw7
13230.210000000163,-0.3955999995124388,0.4539999998265657,9.739000000198235,-0.010600000001134617,-0.17589999988815916,0.03779999993937903,52.20271999999913,-2.1994609999996952,22.18999999990275,Vw7
13230.310000000163,-0.09777821733481096,0.3480594057673696,9.860089109108886,-0.011293069308063937,-0.10758316820512619,0.0007702969691553499,52.202188316830814,-2.199274861385834,22.130594059308805,Vw7
13230.410000000164,-0.7481999987494266,0.0130000000651562,9.879099999555693,-0.0004999999996725819,-0.15749999995137842,0.028999999995416147,52.202183,-2.199273,22.159999999918146,Vw7
13230.510000000164,0.015699999278522656,0.052800000163543685,9.607700000303605,-0.00030000000214971473,-0.12780000007127132,0.02619999998197547,52.202183,-2.199273,22.110000000099216,Vw7
13230.610000000164,-0.4193485146463352,0.15167623761986712,9.78963267299401,-0.00192871292517144,-0.17063069302516073,0.015598019850833143,52.202183,-2.199273,22.17,Vw7
13230.710000000165,-0.29420000107141786,0.1493000000177232,9.622900000409306,-0.034800000036282405,-0.1437000001163712,0.045400000021903204,52.202183,-2.199273,22.16999999994984,Vw7
13230.810000000165,-0.9195851459602077,0.15935346525595956,9.87510198142472,-0.0563702970082078,-0.21305247520650342,0.0583920791900355,52.202183,-2.199273,22.139702970247804,Vw7
13230.910000000165,0.6218999970133776,0.10469999999155807,10.615299997883557,-0.04340000000215186,-0.18830000015394108,0.04760000013010504,52.202183,-2.199273,22.11000000023174,Vw7
13231.010000000166,-1.1823999972510757,0.09959999820700031,9.3367000006252,-0.04469999992369157,-0.2812999998616186,0.1261999998576459,52.202183,-2.199273,22.249999999851024,Vw7
13231.110000000166,0.47829999714960725,-0.9835999997263822,9.714399999759818,0.001399999986426701,-0.19770000016619013,0.040200000126463416,52.202183,-2.199273,22.15999999995034,Vw7
13231.210000000166,-1.243699998523204,-0.8183000000407598,9.569300000542304,-0.006799999922954092,-0.29809999982950486,0.1165999997902363,52.202183,-2.199273,22.130000000082845,Vw7
13231.310000000167,-0.3612247510001997,-0.8426564356842758,9.893359406482256,0.03923960403735074,-0.19621881171089484,-0.008746534862980701,52.202183,-2.199273,22.179504950577797,Vw7
13231.410000000167,-1.8036000007425814,-2.4298000007706415,9.708900001060202,0.008499999942527285,-0.353899999882519,0.06869999994134401,52.202183,-2.199273,22.14000000021975,Vw7
13231.510000000168,-2.2347267313038763,-2.890389109696528,10.3337405936641,-0.025183168263748074,-0.2850257426790975,0.034102970314281875,52.202183,-2.199273,22.27079207934063,Vw7
13231.610000000168,-1.4174000029747607,-3.3592999991903754,10.097799998980186,0.00649999994259997,-0.3476000002130328,0.04440000008350617,52.202183,-2.199273,22.350000000217552,Vw7
13231.710000000168,-3.194999999094285,-2.875500001942872,9.488400000435773,-0.027799999943836882,-0.47489999987667797,0.09429999991457116,52.202183,-2.199273,22.480000000169166,Vw7
13231.810000000169,-2.659600002772785,-4.0239999967429565,9.745999999686788,0.005399999952496817,-0.40200000037011474,0.04380000004066819,52.202183,-2.199273,22.580000000358837,Vw7
13231.910000000169,-4.256442995620701,-2.117618999952408,9.562532999971715,-0.022706000051826027,-0.6169059997130939,0.06586999970699664,52.202183,-2.199273,22.793700000626654,Vw7
13232.01000000017,-1.715040597182581,-2.0762633640440136,9.551548515791204,-0.05339504957185771,-0.4496811882003079,-0.10548217823173982,52.202183,-2.199273,23.16247524794397,Vw7
13232.11000000017,-3.5590999978318276,-0.7226000005438437,10.106399998959882,-0.09289999999648269,-0.49779999999011804,-0.11369999976869478,52.202183,-2.199273,23.410000000686715,Vw7
13232.21000000017,-2.2774168294944523,-1.0440851490638479,9.49154851380151,-0.09082079207565728,-0.49195841583160854,0.02303267350082358,52.202183,-2.199273,23.815940594752625,Vw7
13232.31000000017,-3.605299998027517,-1.1422000036698512,10.039400000806195,0.08449999995434701,-0.5329999997884916,-0.024599999837564248,52.202183,-2.199273,24.130000000632645,Vw7
13232.41000000017,-2.451700001338129,-3.288499994822232,10.510899997644682,0.05779999979994754,-0.4093000001285807,0.07039999987381307,52.202183,-2.199273,24.50000000068394,Vw7
13232.510000000171,-3.2342999974720126,-0.2603000020378303,9.13340000055147,-0.059200000030051915,-0.48449999959792617,-0.003400000022279864,52.202183,-2.199273,24.900000000829017,Vw7
13232.610000000172,-1.7760237633047917,-1.447171288322205,9.459522773445293,-0.07615148507172861,-0.25518019861561575,-0.015129702769940865,52.202183,-2.199273,25.383861386799687,Vw7
13232.710000000172,-2.318399996237366,-2.1442999980327992,10.14179999952548,-0.031300000082254704,-0.6031999996528368,0.1018999998182102,52.202183,-2.199273,25.770000000587533,Vw7
13232.810000000172,-0.141000003082132,-1.0058999981314705,9.867200001202198,-0.07889999981164364,-0.40230000025263946,-0.0032999997983377397,52.202183,-2.199273,26.110000000812178,Vw7
13232.910000000173,-1.924600001554372,0.07540000150667801,10.562899999162248,0.030099999875062712,-0.5484999996303722,0.11339999989320713,52.202183,-2.199273,26.580000000725775,Vw7
13233.010000000173,-2.8240999988562105,0.9472999983979342,10.078099999797818,-0.04219999985605428,-0.33460000030119735,0.05160000004147296,52.202183,-2.199273,27.000000000725777,Vw7
13233.110000000173,-2.1622000019583876,0.020199999924484655,9.961100000786777,0.04110000008190909,-0.508899999954207,0.07560000009210453,52.202183,-2.199273,27.42000000086402,Vw7
13233.210000000174,-3.295499993694036,-0.023500005031389524,10.416399998201209,0.08850000001002785,-0.4823999996670061,0.128899999970608,52.202183,-2.199273,27.920000000708868,Vw7
13233.310000000174,0.3156881251106918,-2.904787133738553,9.38630098830226,0.09424257426744222,-0.29170693036045314,0.11206831680232453,52.202183,-2.199273,28.325940594767467,Vw7
13233.410000000174,-2.6059891041363716,0.6546910865374831,10.307175244810697,0.138267326517176,-0.40431188073566104,0.11533960372257011,52.202183,-2.199273,28.66198019836598,Vw7
13233.510000000175,0.1250999970504432,-0.8162000003911555,8.754700002862245,0.015000000035972334,-0.14549999989208298,-0.020699999816995114,52.202183,-2.199273,28.860000000122234,Vw7
13233.610000000175,-1.5639999961551512,-1.040199999070831,10.393799998966756,0.03559999996647239,-0.08369999975308309,0.08409999961757567,52.202183,-2.199273,28.929999999790454,Vw7
13233.710000000176,0.6377999982987466,-0.5080999967180029,9.802100001479465,0.016400000118216122,0.05769999963335358,-0.13489999973868944,52.202183,-2.199273,28.81000000012351,Vw7
13233.810000000176,-0.32640000106860945,1.351999996045429,10.640599999874045,0.08339999977376995,-0.15009999979525745,0.013200000017120113,52.202183,-2.199273,28.880000000034936,Vw7
13233.910000000176,-0.9320435654238454,-0.8892871326630021,10.569213861260325,-0.04481782200815426,-0.03406039583509128,0.02290297031413059,52.202183,-2.199273,28.89980198023292,Vw7
13234.010000000177,-0.7068999977584811,0.06419999394327641,9.518900003990412,-0.035999999904192004,-0.17539999966211361,0.10519999953119369,52.202183,-2.199273,28.960000000052933,Vw7
13234.110000000177,0.5635000013741087,-3.3684999951346573,11.780499995008297,0.01829999959792617,0.016099999393502998,-0.16049999901513298,52.202183,-2.199273,28.989999999839597,Vw7
13234.210000000177,1.286513583756024,-0.6114941699689319,8.99721068270498,-0.2062398056379553,-0.3178563095589742,0.38760291182693124,52.202183,-2.199273,28.900388349583164,Vw7
13234.310000000178,-3.5121271929997837,2.0990883543349854,10.748278643890748,-0.1002203881609727,0.3165126224873667,-0.06210582604246756,52.202183,-2.199273,28.939223301039938,Vw7
13234.410000000178,-3.8349999945601883,2.848499995609076,11.908499999104238,-0.043100000118365275,-0.10549999888372985,-0.06580000049859591,52.202183,-2.199273,28.97999999996435,Vw7
13234.510000000178,-0.7833999925335396,0.38529999232354817,11.405999995440085,-0.10950000010749136,0.5206999997693303,-0.345499999796426,52.202183,-2.199273,28.96,Vw7
13234.610000000179,3.4050999947341714,-3.9209999924864785,8.848000003149338,-0.16979999957110414,0.3912999998648782,-0.23130000002798698,52.202183,-2.199273,28.959999999839567,Vw7
13234.71000000018,0.45110000567972164,0.29389999470312833,10.614699996034638,0.07079999973276135,0.3155000002742618,-0.24699999998631392,52.202183,-2.199273,28.870000000144064,Vw7
13234.81000000018,3.6050999901032696,-2.6474999910396853,8.412700002517909,-0.0775999997933538,0.4677999995219858,-0.2393999998700215,52.202183,-2.199273,28.949999999786044,Vw7
13234.91000000018,-1.8906425841432686,2.3282425832078832,9.810917824297318,0.03715247545394361,0.2023544549680562,-0.16722178204838234,52.202183,-2.199273,28.83118811859816,Vw7
13235.01000000018,1.1407999945152012,-1.7428999907528036,9.265600001432817,0.030200000150066627,0.4482999992731318,-0.20209999942046997,52.202183,-2.199273,28.85999999969077,Vw7
13235.11000000018,-1.8659623746983238,3.288979198577707,10.058571288079106,0.1124603959964043,0.0510693073578698,0.11263465276843976,52.202183,-2.199273,28.68891089089275,Vw7
13235.210000000181,-1.012200000602995,-1.8930999940768247,10.585699999298415,0.08849999986484908,0.28799999903739076,-0.2738999992569428,52.202183,-2.199273,28.57999999967258,Vw7
13235.310000000181,-1.3436999947362083,1.363199994520658,10.19999999932479,0.01419999988158379,-0.24119999916562956,0.13459999978444975,52.202183,-2.199273,28.400000000072758,Vw7
13235.410000000182,1.5500999965866664,-1.649099994226164,9.828800000229556,-0.05089999995325197,0.21749999971405487,0.016100000262298273,52.202183,-2.199273,28.43999999996362,Vw7
13235.510000000182,-0.3263999963471055,1.5250999927931639,9.954999999199464,-0.025199999995088727,0.060300000170257405,0.1602999991428922,52.202183,-2.199273,28.419999999927242,Vw7
13235.610000000182,1.6817999974095772,-2.4368999970243155,9.514900000627188,-0.022499999770625435,0.15389999936353563,-0.31089999910141924,52.202183,-2.199273,28.37999999998181,Vw7
13235.710000000183,0.2576999976335646,-0.8009999982123689,9.859700000604228,0.1035999997737857,-0.1959999999400597,0.18309999951992093,52.202183,-2.199273,28.369999999777313,Vw7
13235.810000000183,-1.001621779257959,0.14924653225272372,10.187175247869641,-0.01801287123432114,-0.16101386089211467,-0.07678415863362731,52.202183,-2.199273,28.249504950404003,Vw7
13235.910000000184,0.5862000029272391,-1.156099997173713,10.374699998735688,0.010700000006309504,0.10760000000835082,-0.19519999970048413,52.202183,-2.199273,28.199999999962884,Vw7
13236.010000000184,2.135641579016415,0.4029376303902732,9.68782475144987,0.014952475404308621,0.11287425756814094,-0.035473267634473366,52.202183,-2.199273,28.1802970297576,Vw7
13236.110000000184,-0.6601999985107714,4.006699992464039,9.130300002630692,0.10020000006532193,0.19030000015198484,-0.20280000010522028,52.202183,-2.199273,28.210000000204133,Vw7
13236.210000000185,0.11320299464800815,-0.02031099376658583,10.542057998925445,0.1342379997862661,0.2715599998822808,-0.2587809998677499,52.202183,-2.199273,28.320500000091968,Vw7
13236.310000000185,-2.7348841523765106,3.2659722644625777,9.961000989597709,0.02016138631717694,0.2105544558828494,-0.18865544574058765,52.202183,-2.199273,28.371386138871316,Vw7
13236.410000000185,0.5166999983174239,-3.606799987181273,9.691100001336242,0.11629999997301281,0.4459999992829654,-0.29419999938660374,52.202183,-2.199273,28.510000000599717,Vw7
13236.510000000186,-0.3642089077538222,3.173808899878657,10.407434654084708,0.10200297031615489,0.06557821822635353,0.028480197161742934,52.202183,-2.199273,28.831584158710072,Vw7
13236.610000000186,1.3248999985739631,-2.755299986376581,10.740899998921288,0.11229999979256972,0.2833999997276318,-0.4334999997313425,52.202183,-2.199273,28.99000000035252,Vw7
13236.710000000186,0.5562999997285213,4.587399990856282,10.159499998270704,0.0005000002122742444,0.13660000045864726,-0.2886999999484771,52.202183,-2.199273,29.17999999983138,Vw7
13236.810000000187,0.4113999952827946,-0.2929999921743897,9.236500002139643,0.11380000010124788,0.38139999943433656,-0.2611999998962919,52.202183,-2.199273,29.090000000227096,Vw7
13236.910000000187,-2.0506752417997123,3.7731128583483153,10.36945049549035,0.16625445524944849,0.08496435689784351,-0.20733861403742693,52.202183,-2.199273,29.21019801983912,Vw7
13237.010000000188,1.001799995898779,-3.125599992216486,10.604500000589608,0.06170000003166315,0.3313999993249566,-0.3011999996269744,52.202183,-2.199273,29.229999999943793,Vw7
13237.110000000188,-1.1871999951373648,1.0287999970144834,10.919199996673683,0.07859999971090983,-0.028899999576575644,-0.10209999995391045,52.202183,-2.199273,29.19999999970023,Vw7
13237.210000000188,1.4082000010641087,-0.5647000007067574,9.143799999888765,-0.07569999967915937,0.19709999922949065,-0.07749999972096702,52.202183,-2.199273,29.039999999867575,Vw7
13237.310000000189,1.9707000007892375,-0.9383000032163517,9.085000002043847,0.09390000016250123,-0.21019999938555992,0.06999999977128755,52.202183,-2.199273,28.969999999867575,Vw7
13237.410000000189,2.3878999986973417,-2.638499990902579,10.165399997409818,0.17979999992584342,0.11459999943606962,-0.050899999514198865,52.202183,-2.199273,28.899999999772987,Vw7
13237.51000000019,1.699299999015723,2.1704999994922547,8.796200002621775,0.14059999995062536,-0.18349999967726763,0.2058999992667581,52.202183,-2.199273,28.779999999829744,Vw7
13237.61000000019,1.1789999971043,1.902100000255386,10.182099999565466,0.1144999998221756,-0.012900000599306077,-0.18169999919411495,52.202183,-2.199273,28.689999999924332,Vw7
13237.71000000019,-0.35169999714330447,2.0370999969622425,9.952399999826005,0.020500000067038854,-0.32969999943236616,0.24429999959528395,52.202183,-2.199273,28.649999999847203,Vw7
13237.81000000019,1.1440000011776683,0.44659999588675564,9.86130000046679,0.055599999969440976,-0.03250000052637916,0.032400000190420906,52.202183,-2.199273,28.569999999789907,Vw7
13237.91000000019,1.7606000014505985,-1.706999999534548,10.105699998434424,0.03959999975018,-0.3080999996166753,0.13209999993544405,52.202183,-2.199273,28.459999999847206,Vw7
13238.010000000191,2.520100000012796,-1.4633000019903473,9.285999999641886,-0.09119999988101081,-0.1074000007559538,0.09830000040662598,52.202183,-2.199273,28.379999999713508,Vw7
13238.110000000192,2.5267999943704553,-2.50539998705749,9.098500000479012,-0.028899999856754583,-0.5031999996846691,0.3111999999236024,52.202183,-2.199273,28.229999999885404,Vw7
13238.210000000192,-0.42069999708312683,4.270999995583621,9.349300002872718,0.04609999924185977,-0.33810000034783444,0.2712000000350919,52.202183,-2.199273,28.170000000038563,Vw7
13238.310000000192,1.092099999079897,1.9805000082572113,10.839199992931674,-0.34709999984594253,-0.5185000001690968,0.28940000044404807,52.202183,-2.199273,28.18999999998072,Vw7
13238.410000000193,0.6149000055007585,6.262999982450364,7.173300006287436,-0.26719999974317327,-0.6061999994421923,0.5196999995274156,52.202183,-2.199273,28.179999999865032,Vw7
13238.510000000193,3.467799991452352,-2.8388999808731574,10.434199997557315,-0.13399999995695794,-0.31690000083766484,0.2746000005030663,52.202183,-2.199273,28.109999999863668,Vw7
13238.610000000193,-0.8744623672545131,6.872156414479178,9.19312970550471,-0.11114059391281858,-0.7392277212720023,0.5280495040142089,52.202183,-2.199273,28.042178218242242,Vw7
13238.710000000194,3.7792999908606717,-4.092199984309168,10.50609999996049,-0.03519999993693928,0.0379999988810614,0.043000000750889736,52.202183,-2.199273,28.260000000253022,Vw7
13238.810000000194,-0.9163999909938527,3.9695999807090327,10.48579999934002,-0.002800000259312557,-0.5368999981887441,0.4287999987791274,52.202183,-2.199273,28.390000000589794,Vw7
13238.910000000194,3.6446702931467994,-5.8135316774659715,10.137487126255506,-0.13392079192739484,0.3776524739329047,-0.18663861277786142,52.202183,-2.199273,28.690693069441963,Vw7
13239.010000000195,1.6517000035808371,-2.8867000066661412,8.876200003861497,-0.05599999970221325,-0.2970999978806536,0.3694999986510065,52.202183,-2.199273,28.76000000048658,Vw7
13239.110000000195,3.4914999970980385,-6.311699989300113,10.860199996674327,0.09699999962942094,0.7917999987269129,-0.32359999960275637,52.202183,-2.199273,29.01000000066175,Vw7
13239.210000000196,2.0004999925464584,-0.8141999886751976,9.151500001665314,-0.09339999979608402,0.13770000140855262,-0.11950000076419383,52.202182999999636,-2.199273000001338,29.350000000392903,Vw7
13239.310000000196,-1.793599990258395,4.9504999911457634,9.999200000233188,0.010400000026717315,0.8546999994532772,-0.5084999993057426,52.202,-2.199954,29.550000000550064,Vw7
13239.410000000196,3.165199991973411,0.4434000046993009,10.117899999307511,0.024000000134961737,0.5763999990314973,-0.15509999951476638,52.202,-2.199954,29.83000000023574,Vw7
13239.510000000197,-0.9205999982260488,2.835499993163314,9.765400002327942,0.09270000000294677,0.0834000007818744,0.09189999959845445,52.202,-2.199954,29.9500000003929,Vw7
13239.610000000197,-0.017600003773624487,-0.6445999919683032,10.950399998613843,0.0941999999980355,0.4813999986735638,-0.11249999937312533,52.202,-2.199954,30.149999999823194,Vw7
13239.710000000197,-1.9384999933871998,3.443799993292271,10.244800000085116,0.09319999980052852,-0.1937999992055187,0.20659999933950107,52.202,-2.199954,30.05999999963951,Vw7
13239.810000000198,1.353661384205811,0.11248020158829508,10.29938416081416,-0.007066336765909834,0.20175049482136506,-0.12313465345237734,52.202,-2.199954,29.876930692460146,Vw7
13239.910000000198,0.37979999956261673,1.9104999978206179,11.507799996466435,-0.07369999979578207,0.08679999953406586,-0.1165999994950067,52.202,-2.199954,29.569999999841386,Vw7
13240.010000000198,0.15920000440912482,0.8112999904701599,9.725600001493369,0.02929999993655365,-0.1481999997652485,0.13809999982334156,52.202,-2.199954,29.490000000257748,Vw7
13240.110000000199,2.382999995620814,-3.9951999891383814,10.478799996884982,-0.002700000326550435,-0.029800000809932316,0.04900000053314762,52.202,-2.199954,29.62000000019827,Vw7
13240.2100000002,0.17430000507565346,1.4829999955120075,8.907700002359247,-0.1673999996164297,-0.43829999916422896,0.31789999949097403,52.202,-2.199954,29.719999999759892,Vw7
13240.3100000002,2.7109999943957117,-0.7599999931425555,10.086800000207493,0.02429999989895514,-0.020600000437194104,0.06350000027492206,52.202,-2.199954,29.599999999719877,Vw7
13240.4100000002,-0.0898999966221003,2.667199995792332,10.1904999975253,-0.026199999788706192,-0.23909999992016456,0.20089999969806593,52.202,-2.199954,29.46,Vw7
13240.5100000002,1.5982999959003799,0.5643000027222086,8.953700001327189,0.07939999985713657,-0.19920000008883942,0.0500000000914406,52.202,-2.199954,29.460000000120054,Vw7
13240.6100000002,-0.45059999776931264,1.9247999991844864,9.617000000922026,0.00799999985245975,-0.24359999945935593,0.09569999980496391,52.202,-2.199954,29.520000000363797,Vw7
13240.710000000201,0.6632910911502365,1.510599997856737,10.06637029566168,-0.06543069315557688,0.023269306804362126,-0.0010257426194747812,52.202,-2.199954,29.699801980158355,Vw7
13240.810000000201,1.6823999984414735,0.4406000020408843,9.383400002209477,-0.1084999998271669,-0.03980000000726868,-0.023600000023421306,52.202,-2.199954,29.68,Vw7
13240.910000000202,0.9105000024640912,1.4513999998305198,10.477699996515561,-0.02290000008892102,-0.04340000007117761,-0.035199999973894745,52.202,-2.199954,29.68000000030592,Vw7
13241.010000000202,2.112430691802243,1.3753762390539122,8.779922774444364,-0.06523069281277248,-0.07829801980157998,-0.022616831726991287,52.202,-2.199954,29.831188119052005,Vw7
13241.110000000202,1.4855000045558482,2.082999999822725,9.852199997435367,0.0616999998528092,-0.07809999989743083,-0.0442999998968251,52.202,-2.199954,29.950000000625913,Vw7
13241.210000000203,3.7418999977787726,1.995199998042609,8.582000000402815,-0.011199999656084933,-0.027300000303371413,0.006800000015935067,52.202,-2.199954,30.260000000887523,Vw7
13241.310000000203,2.6516029680779623,1.0344079188365916,8.779722772679651,0.15761188153169944,-0.17621089139218532,0.014621782194137393,52.202,-2.199954,30.695643565243095,Vw7
13241.410000000204,1.346400001100736,1.6737000000165019,11.095199996149766,0.1267999998421117,-0.03129999996231054,0.017899999920953997,52.202,-2.199954,31.150000000529687,Vw7
13241.510000000204,1.8866999992659783,1.6817999983709924,9.20530000349462,0.04930000011255402,-0.012800000084718082,-0.020900000014523096,52.202,-2.199954,31.410000000786667,Vw7
13241.610000000204,1.5264029695637218,0.8821960379765368,10.920646538144688,0.10454752486491982,-0.054384158500477287,-0.028028712885796107,52.202,-2.199954,31.79613861464729,Vw7
13241.710000000205,1.2630000020027219,2.1238999961980256,9.942700000304374,-0.055199999783034984,0.003000000193296103,0.007099999778674924,52.202,-2.199954,32.22000000112116,Vw7
13241.810000000205,2.220767998594344,0.3169400049872804,10.08088899826947,0.04812599975845432,0.09409099958665651,-0.09786899966442845,52.202,-2.199954,32.76390000080241,Vw7
13241.910000000205,1.557273269975329,2.7064841563139943,9.250054455827089,-0.06767722763578946,-0.1027772273065992,0.06217425713240472,52.202,-2.199954,33.15376237701171,Vw7
13242.010000000206,2.844599996945178,1.684900001112825,9.435500000629586,-0.02540000003967034,0.09949999952765574,-0.08039999966064387,52.202,-2.199954,33.53000000096607,Vw7
13242.110000000206,1.3584000001311383,2.2262999955813823,9.74179999950525,-0.04469999996300175,-0.13029999975971696,0.08469999979692075,52.202,-2.199954,34.000000000698854,Vw7
13242.210000000206,1.4222000011361515,0.0765999992655139,9.501099999805698,-0.02669999999958527,-0.013400000342981366,-0.014099999778327037,52.202,-2.199954,34.34000000082946,Vw7
13242.310000000207,1.970099999581123,-0.2775999973855447,9.407400000281188,-0.026499999981544533,-0.17879999985816247,0.09279999993758319,52.202,-2.199954,34.74000000078799,Vw7
13242.410000000207,1.7681000004696812,0.983199998798321,9.543000000273722,-0.017599999907515304,-0.11039999996931,0.06269999998838757,52.202,-2.199954,35.12000000076725,Vw7
13242.510000000208,1.994599998552845,0.4037000021121884,9.675000000903609,0.026999999989317573,-0.09560000008378376,0.05709999996481082,52.202,-2.199954,35.490000000795945,Vw7
13242.610000000208,1.3135712891778037,1.393838610070671,10.098886137054128,0.02186435642824464,-0.13490693054920136,0.03967722759349664,52.202,-2.199954,35.87326732741091,Vw7
13242.710000000208,2.3006999970791666,-0.432299995713406,9.347500001312838,0.018300000004602045,-0.06560000026127055,-0.022599999718647814,52.202,-2.199954,36.2000000005648,Vw7
13242.810000000209,0.9044000006815207,1.6168999976289018,9.975100000039326,0.020499999889341782,-0.19049999948227014,0.11189999965526513,52.202,-2.199954,36.47000000064847,Vw7
13242.910000000209,1.2301999985597696,0.4834000033107517,9.993900000585715,-0.0324,0.05699999961133654,-0.05289999975420906,52.202,-2.199954,36.78000000018827,Vw7
13243.01000000021,0.5417000030063893,2.066099995278722,10.273899998851999,-0.032400000001464285,-0.1287999994958671,0.06459999975420906,52.202,-2.199954,36.86999999983265,Vw7
13243.11000000021,1.978899999980546,-0.19089999945779562,9.725099998888606,-0.03309999998284693,0.1121999996284896,-0.052899999789351934,52.202,-2.199954,36.790000000188265,Vw7
13243.21000000021,1.9695999992450322,0.06830000018779246,9.193800000922714,-0.024899999982908774,-0.06539999965923053,0.04779999983161979,52.202,-2.199954,36.8799999999789,Vw7
13243.31000000021,1.611800000632586,0.15730000087080842,9.631099999914966,-0.016799999955689416,0.09609999980545544,-0.03199999995104736,52.202,-2.199954,36.869999999894496,Vw7
13243.41000000021,1.9115999987386254,0.5700000007729031,9.590800001161147,0.004199999910323822,0.003900000028485374,-0.008800000036081475,52.202,-2.199954,36.819999999430294,Vw7
13243.510000000211,1.3138000003327515,0.9362999992804806,10.141099998994994,-0.03829999995948747,0.017400000076383003,-0.02589999998164276,52.202,-2.199954,36.549999999746795,Vw7
13243.610000000212,1.471499999689404,0.5953000006853371,9.66480000083979,-0.01909999999493593,0.05359999991158984,-0.017200000029751392,52.202,-2.199954,36.4300000001477,Vw7
13243.710000000212,1.3243000005635521,0.9200999993843066,10.062799998840546,-0.01670000003149762,0.011700000005320545,-0.03129999993955862,52.202,-2.199954,36.50000000010641,Vw7
13243.810000000212,1.5890999990154306,0.6308000005382886,9.518000001354107,-0.03149999990261792,0.014199999941957702,-0.0029000000058042297,52.202,-2.199954,36.549999999634544,Vw7
13243.910000000213,1.1352871296048128,0.874378216368607,10.14208316707773,0.013355445449855523,-0.012595049461291969,-0.005830693118449138,52.202,-2.199954,36.37900990077919,Vw7
13244.010000000213,1.5539999990712459,0.19220000064463713,9.560400000326467,-0.031099999895078872,0.007899999951050996,-0.028899999968076736,52.202,-2.199954,36.27999999972333,Vw7
13244.110000000213,1.1176000001268418,0.49509999970141105,9.713799999930622,0.01819999995019971,-0.015099999947433025,-0.013899999957435648,52.202,-2.199954,36.15000000019154,Vw7
13244.210000000214,1.1771999998939806,0.35480000003382217,9.681199999916096,-0.005199999960974409,0.00959999988790983,0.006100000041410488,52.202,-2.199954,36.23999999997832,Vw7
13244.310000000214,1.1245279991896204,0.37225000039745554,9.645727000693292,0.0128710000152537,-0.041618999896661554,0.024946999945645268,52.202,-2.199954,36.2286999997207,Vw7
13244.410000000214,0.752408911172294,0.5572405944548371,9.964140593831804,0.019869306924099005,0.005291088956609285,3.861389116578219e-05,52.202,-2.199954,36.097623761865734,Vw7
13244.510000000215,0.8833000001832034,0.741299999042789,9.85820000011079,0.016800000021464073,-0.06559999989636538,0.0138999999607576,52.202,-2.199954,35.85999999986991,Vw7
13244.610000000215,0.9689504952966967,0.297835643142301,9.905796038851111,0.026632673252861123,-0.018030693118872922,-0.0038960395386524174,52.202,-2.199954,35.799207920621896,Vw7
13244.710000000216,1.0839999996219607,0.10139999980955916,9.55540000071716,0.01990000000349834,-0.04109999995146054,0.026499999938341772,52.202,-2.199954,35.719999999737624,Vw7
13244.810000000216,0.9095316828285287,0.014379207937953097,9.881865346202158,0.021242574201652435,-0.019072277265047986,-0.0015178217427078773,52.202,-2.199954,35.5995049503878,Vw7
13244.910000000216,0.7526999994365553,0.022300000505217032,9.728400000326422,-0.004499999967314579,-0.03629999999004285,0.016700000001082297,52.202,-2.199954,35.54999999956708,Vw7
13245.010000000217,0.4924000003383266,0.2556999998004241,9.87919999970908,0.010599999961037247,-0.0316999999956708,0.017200000019697837,52.202,-2.199954,35.349999999826835,Vw7
13245.110000000217,0.6486999996157841,0.1635000003478508,9.744800000221439,-0.00739999996731458,-0.029700000027273927,0.026299999981817382,52.202,-2.199954,35.26999999969696,Vw7
13245.210000000217,0.471200000209111,0.32419999874991773,9.84709999984786,0.007700000007203198,-0.04229999994957761,0.017900000014188115,52.202,-2.199954,35.1299999996071,Vw7
13245.310000000218,0.5669999990027528,-0.24849999957402574,9.777400000504686,0.011000000002645801,-0.019200000057766693,0.024399999995149364,52.202,-2.199954,34.94999999962518,Vw7
13245.410000000218,0.1158470002505952,-0.05767100051801328,10.003082999297153,0.011994999955211843,-0.04511599993795202,0.02209899997793364,52.202,-2.199954,34.77819999960674,Vw7
13245.510000000218,0.2271346529704208,-0.2921297029112434,9.687027723302679,-0.007975247453801583,-0.01682475243696,0.011953465314520226,52.202,-2.199954,34.598118811470194,Vw7
13245.610000000219,0.0006000005077163223,-0.26509999989719074,9.9297999999009,0.024499999990395736,0.000699999989522621,-0.0026999999932333595,52.202,-2.199954,34.409999999410644,Vw7
13245.71000000022,0.23319999957598822,-0.2179999999456229,9.88439999993699,0.020099999956196237,-0.004100000027620106,0.0003999999825216518,52.202,-2.199954,34.139999999719485,Vw7
13245.81000000022,0.04055294075321464,-0.19329411759277867,9.855772548956711,0.00019803917196059562,-0.016649019635414007,-0.007541176488035427,52.202,-2.199954,34.01254901932782,Vw7
13245.91000000022,-0.03342772242591112,-0.011550494950480886,9.79296336657089,0.002878217839013238,0.021441584123517494,-0.021845544498399976,52.202,-2.199954,33.76861386108078,Vw7
13246.01000000022,0.12380000021811684,0.03340000003411515,9.89929999968416,0.010699999987454429,0.005599999985253453,0.003599999988995114,52.202,-2.199954,33.62999999955981,Vw7
13246.11000000022,0.2229000000759337,0.04889999972399746,9.755800000090021,0.004999999985913746,-0.0010999999742485672,-0.001400000011665179,52.202,-2.199954,33.429999999801915,Vw7
13246.210000000221,0.2574000000017578,-0.07650000074682663,9.796700000175116,-0.0014000000107662561,0.010599999924636207,-0.006699999942653208,52.202,-2.199954,33.33999999975831,Vw7
13246.310000000221,0.25819207920967696,-0.4130346542115064,9.875610891264069,-0.006251485159271496,-0.023360396114900477,0.019141584215711438,52.202,-2.199954,33.231089108669416,Vw7
13246.410000000222,0.3309999993295896,-0.23109999916892193,9.760999999986906,0.012600000011761585,0.014699999959611158,-0.006399999965380994,52.202,-2.199954,33.06999999986685,Vw7
13246.510000000222,0.028900000063468177,0.1433999987435076,9.755100000529715,0.017899999996227416,-0.00349999992654557,0.009199999901468981,52.202,-2.199954,33.009999999556165,Vw7
13246.610000000222,0.05749999929659129,-0.422799999402394,9.993799999984533,0.01620000001277702,0.029599999902715304,-0.03519999992916598,52.202,-2.199954,32.81000000015691,Vw7
13246.710000000223,-0.25413960348050113,-0.15936039674163166,9.984877227273449,0.0215554454680176,-0.013634653428617641,-0.003612871289987848,52.202,-2.199954,32.878811880924204,Vw7
13246.810000000223,-0.03810000007405652,-0.4753999995332873,9.782600000107394,-0.012899999963531082,0.0028999999758365447,-0.004899999972033038,52.202,-2.199954,32.760000000223734,Vw7
13246.910000000224,-0.07119999938204201,-0.26679999968900736,9.830599999988143,0.0033999999863521223,-0.007899999985904653,0.007599999975836545,52.202,-2.199954,32.85999999991051,Vw7
13247.010000000224,0.2049999997039457,-0.1278000003480333,9.825300000121587,-0.0027000000180796525,-0.0016000000580808828,-0.003199999968134613,52.202,-2.199954,32.81999999952541,Vw7
13247.110000000224,0.07242673232093125,-0.27928019745548777,9.877651484824117,-0.010668316824587664,-0.027262376229197853,0.010981188136994108,52.202,-2.199954,32.607623761844074,Vw7
13247.210000000225,-0.08489999990323704,-0.02730000039111183,9.732800000156534,-0.007499999991203367,-0.023500000022555468,0.019100000005187755,52.202,-2.199954,32.36999999990977,Vw7
13247.310000000225,-0.04200000039688512,-0.20070000001480914,9.802200000380024,-0.0035999999614962203,-0.03349999999726601,0.021399999987013515,52.202,-2.199954,32.329999999726596,Vw7
13247.410000000225,-0.21281683091940862,-0.20864653498002458,9.96702475202933,0.013170297000422162,-0.03229504950383291,0.01571386138926786,52.202,-2.199954,32.20742574199311,Vw7
13247.510000000226,0.12550000025465124,-0.35330000007353085,9.769500000057969,0.0002000000631553121,-0.03179999992511585,0.01709999993594247,52.202,-2.199954,31.949999999142893,Vw7
13247.610000000226,0.23839999959556482,-0.3858999989532923,9.795199999722188,0.0281999999729781,0.0013999999618120283,-0.011299999949306026,52.202,-2.199954,31.569999999732016,Vw7
13247.710000000227,0.05909306889962143,0.07815940699474011,9.67203168288853,0.016219801952984093,-0.015530693107766275,0.011175247575806698,52.202,-2.199954,31.45118811854199,Vw7
13247.810000000227,0.05359999696251507,-0.18580000179670678,9.975200000357658,0.0025000000786712918,-0.007599999976580511,-0.01269999998021849,52.202,-2.199954,30.719999998658494,Vw7
13247.910000000227,-1.2823000018230821,-0.9760000018701485,10.132499999783768,0.037099999930423656,0.002699999916099114,-0.003999999980673238,52.202,-2.199954,30.129999998135535,Vw7
13248.010000000228,-2.084100001785338,-1.798500000539785,10.037399999591182,0.0065000001753051035,-0.034199999958845366,0.004499999968167685,52.202,-2.199954,29.309999998976817,Vw7
13248.110000000228,-2.86930000101727,-2.0359000011261816,9.857600000497948,0.08359999994270183,-0.016100000035697667,-0.009499999924739313,52.202,-2.199954,28.859999998726707,Vw7
13248.210000000228,-3.316699997140592,-2.5311999952777144,10.07660000001375,0.05839999994361861,-0.03180000021750384,0.023600000040796293,52.202,-2.199954,28.299999998258137,Vw7
13248.310000000229,-2.0691000019774743,-0.47080000268888833,10.08259999958814,0.03379999994774407,-0.12670000006600748,0.04139999996378756,52.201999999999835,-2.199954000000804,27.5399999980977,Vw7
13248.410000000229,-2.9318999979423084,-1.6439999974188322,9.90290000003988,0.011000000051109963,-0.15550000008205098,0.02559999992413723,52.20193,-2.200305,26.709999998372734,Vw7
13248.51000000023,-2.0341000001829004,-0.5177999984544246,9.920299999654395,0.03329999996187687,-0.19130000018925414,-0.007500000037896213,52.20193,-2.200305,25.999999997708073,Vw7
13248.61000000023,-2.113901980380762,0.15655643718780388,9.769507920446774,0.016666336595573185,-0.27387425761483314,-0.02403465350320999,52.20193,-2.200305,24.999999997710052,Vw7
13248.71000000023,-2.0416000014930282,0.005400000661386366,10.158099999176905,0.03500000001039553,-0.2881000000011551,-0.03850000006699338,52.20193,-2.200305,24.109999997689883,Vw7
13248.81000000023,-2.6878999958039045,0.29169999925244633,9.80180000083811,0.03949999999122156,-0.2886000000471264,-0.06749999996765838,52.20193,-2.200305,23.109999998175006,Vw7
13248.91000000023,-0.8715000034792666,-0.03189999988634226,10.16459999960936,0.03569999981542169,-0.30900000004065803,-0.053499999899047905,52.20193,-2.200305,22.319999997943995,Vw7
13249.010000000231,-2.3775999981390727,0.017299998094270526,9.995499998886476,-0.04419999997059852,-0.3265999998532259,-0.009799999989266124,52.20193,-2.200305,21.429999998623263,Vw7
13249.110000000232,-1.5779039598882543,-0.7957534645033546,9.52520099169471,-0.031437623724830346,-0.26366336632816295,-0.004905940526064704,52.20193,-2.200305,20.833564354947544,Vw7
13249.210000000232,-1.3582999993012752,-0.43109999784585085,10.215299998687067,-0.015200000001629814,-0.2600000000759028,0.024499999994644896,52.20193,-2.200305,20.189999998137356,Vw7
13249.310000000232,-1.0581999997515696,0.4941000002218876,9.65139999902607,-0.015899999980675057,-0.2925999997452833,0.02219999991664663,52.20193,-2.200305,19.389999997089618,Vw7
13249.410000000233,-0.9515000005278271,0.5893999987580814,9.233100002679649,-0.007600000020023435,-0.18320000003981404,-0.013600000222586095,52.20193,-2.200305,18.139999999511055,Vw7
13249.510000000233,-1.1781999993997625,0.05599999728379771,10.383999999165768,-0.016200000115716828,-0.20029999964563178,-0.10920000007264316,52.20193,-2.200305,17.92999999841675,Vw7
13249.610000000233,-0.9204000005460937,-1.1106000024324922,10.025700000189323,-0.06589999984783694,-0.04809999986124234,-0.14039999987441257,52.20193,-2.200305,17.249999997765766,Vw7
13249.710000000234,-1.1462843122536535,-2.1236823479965174,10.099812743609522,-0.0008205881468742386,0.01212352969690168,-0.08750588247083434,52.20193,-2.200305,16.291568625486097,Vw7
13249.810000000234,-0.5147156847938879,-0.0019176420846513942,9.46108725340456,0.037120588324241754,0.1344764708750742,-0.13809411776565567,52.20193,-2.200305,15.448431370572404,Vw7
13249.910000000235,-0.213000000908497,-2.55039999341867,9.424100002405277,0.031300000249581884,0.23729999947808234,-0.16729999959682926,52.20193,-2.200305,14.599999997890523,Vw7
13250.010000000235,-0.5981524756825745,0.21211583825304087,10.436891088637124,0.13601287114924285,0.019132673744695457,0.0017831680780310596,52.20193,-2.200305,13.697524749545465,Vw7
13250.110000000235,-0.7834000021484521,-1.2062999986786878,10.236000000912787,0.07730000030527917,0.2223999995480648,-0.0999000000009386,52.20193,-2.200305,12.449999997489249,Vw7
13250.210000000236,-1.6989999995060172,-0.6432000037094833,10.624999999470074,0.20739999976967957,0.029800000386626196,-0.10030000000851287,52.20193,-2.200305,11.379999997942724,Vw7
13250.310000000236,-1.490099996372335,-2.211900003427849,10.400899995317213,0.10999999990683136,0.1932999996192855,-0.10389999957672118,52.20193,-2.200305,10.509999998510247,Vw7
13250.410000000236,0.044000000859090505,-3.661499995850685,8.420600004801496,0.07059999993875463,0.0323000001009721,0.07509999971836587,52.20193,-2.200305,9.879999998581189,Vw7
13250.510000000237,0.4072999955728345,-1.906800002827692,10.451099996953811,0.044699999786941766,0.07500000026106135,-0.04399999990895958,52.20193,-2.200305,9.279999998652128,Vw7
13250.610000000237,-1.4648999996178669,-3.1025999966804534,9.162900001725038,-0.04539999982312147,0.18539999967296392,-0.005499999894298525,52.20193,-2.200305,8.709999998604836,Vw7
13250.710000000237,-1.303299997234434,-1.6988000003965107,9.89239999945051,0.02940000002478191,0.047100000256635764,0.03919999968712837,52.20193,-2.200305,8.119999998760903,Vw7
13250.810000000238,-0.14270000187842125,-1.865199997723162,9.661800003294326,0.03980000018205174,0.15479999990301693,-0.09209999967974145,52.20193,-2.200305,7.5999999989038765,Vw7
13250.910000000238,-0.9309999971727175,-0.9097000017297298,11.044299997136974,0.11619999972763725,0.11410000053710027,0.04229999964852577,52.20193,-2.200305,7.139999998951534,Vw7
13251.010000000239,0.2554999963329919,-1.6355999974172004,9.842800000214936,0.0018999999773626768,0.3394999995524959,-0.1051999999440024,52.20193,-2.200305,6.699999999023021,Vw7
13251.110000000239,-1.2833999976748907,-0.5517000027261065,9.932999998777031,-0.007599999762434472,0.1517000011278947,-0.08170000042819561,52.20193,-2.200305,6.289999999301986,Vw7
13251.21000000024,-0.3025940558746686,-1.7260208020297723,9.43175643727885,0.09106435642714245,0.6190544551484775,-0.25916039593475676,52.20193,-2.200305,5.99702970226187,Vw7
13251.31000000024,1.1779999953911537,-5.898099993305828,10.117400000845416,0.08749999990251671,0.4945000005731345,-0.21520000032198294,52.20193,-2.200305,5.699999999375723,Vw7
13251.41000000024,-0.7414999963957598,-3.1101000084366257,10.469499998702464,0.04689999986938201,0.7331999999721476,-0.3493000000881191,52.20193,-2.200305,5.439999999495776,Vw7
13251.51000000024,0.7595999979698987,-6.623799983224952,9.929099999681858,-0.007499999918363755,0.7215999993094534,-0.38599999944847513,52.20193,-2.200305,5.229999999495776,Vw7
13251.61000000024,-0.0858999958062981,0.36269998996210345,9.796599998924803,0.026499999848972947,0.4340000003709647,-0.15630000012053352,52.20193,-2.200305,5.0199999995678075,Vw7
13251.710000000241,1.6606999933240634,-3.8178999922627357,9.348800001646062,-0.03639999985315117,0.5884999994234913,-0.2064999996825936,52.20193,-2.200305,4.839999999661304,Vw7
13251.810000000241,-1.0987999964449033,-0.6197000056591234,10.029199999553406,0.024299999966614267,0.3502000004139347,-0.07530000007523886,52.20193,-2.200305,4.699999999637112,Vw7
13251.910000000242,0.37069999694423783,-2.958899995468492,9.844600001444295,0.010500000098705642,0.521299999056974,-0.10639999972323712,52.20193,-2.200305,4.549999999927422,Vw7
13252.010000000242,-0.8923999954143004,-1.085800001831377,10.441599998494496,0.051299999847103026,0.13150000046377136,0.007999999986210241,52.20193,-2.200305,4.52000000019354,Vw7
13252.110000000243,1.0030999987567444,-1.8428000019431463,9.81929999943849,-0.011900000046449715,0.323199999330108,0.002300000285472197,52.20193,-2.200305,4.60000000094351,Vw7
13252.210000000243,0.48919999912300705,-2.645999997712213,9.587200000119678,-0.031099999811341695,0.046300000254713085,0.12029999992955782,52.20193,-2.200305,4.990000001511216,Vw7
13252.310000000243,0.1293999988661002,-1.7073999978845409,9.636300000528683,0.0463000000541113,0.15079999949398623,0.09140000016574631,52.20193,-2.200305,5.61000000224245,Vw7
13252.410000000244,-0.3358000016754362,-0.8395000013381332,9.853200001687746,0.06849999994632695,-0.056800000134921244,0.1593999996486631,52.20193,-2.200305,6.530000002191239,Vw7
13252.510000000244,-1.0097475231540467,-1.3918653486972898,10.537914851293618,0.0478643567196798,-0.1094702965101775,0.015622772014445896,52.20193,-2.200305,7.430396042139998,Vw7
13252.610000000244,-0.35450000627753087,-2.278399993671012,10.459400000661311,0.1642999999812883,0.10349999938620683,-0.09209999952088187,52.20193,-2.200305,8.47000000260979,Vw7
13252.710000000245,-2.8844455397351445,0.2890673259684241,10.712581184357228,0.15674653466481797,-0.14228910805437167,0.1002108905306563,52.20193,-2.200305,9.54009901236475,Vw7
13252.810000000245,-0.9089999974100411,-0.024200006132704583,9.170700003334998,0.161399999669717,0.20879999930701962,-0.12869999972472324,52.20193,-2.200305,10.550000001571608,Vw7
13252.910000000245,0.14569999643122464,-2.521599998734365,10.528799998626809,0.026899999851925167,-0.07339999954472515,-0.016600000282398105,52.20193,-2.200305,11.190000000957697,Vw7
13253.010000000246,-1.3075999975301218,-2.006199992033427,9.969599996016713,-0.03340000029885086,0.11199999942931027,-0.13159999946516254,52.20193,-2.200305,11.580000000368345,Vw7
13253.110000000246,-0.3017999996785573,1.2379999979129552,8.347500005326765,-0.15509999968616975,-0.12039999989391653,0.0861999999265765,52.20193,-2.200305,11.730000000736691,Vw7
13253.210000000247,-0.17090000042667366,0.3880999990851744,10.516699996085721,-0.027300000275549883,-0.0771999999424407,0.05629999987312459,52.20193,-2.200305,12.03000000022044,Vw7
13253.310000000247,-0.34337524795108454,0.01829801888788718,8.934422768366083,-0.1386861388891906,-0.053932673209813514,0.005012871160354905,52.20193,-2.200305,12.119108911111352,Vw7
13253.410000000247,-2.355099995317473,0.32039999852769896,10.99599999654914,0.09769999957520166,-0.16409999978060416,0.068299999804093,52.20193,-2.200305,12.170000000074964,Vw7
13253.510000000248,-0.48636200127802165,-0.256167996872536,9.617013000498384,-0.07114299971354689,-0.07679200012181067,-0.010481000094328988,52.20193,-2.200305,12.20400000099033,Vw7
13253.610000000248,-0.988893997894062,0.9974180007472044,9.814016999434768,0.04332799998217405,-0.1253389999601392,-0.047242999763063405,52.20193,-2.200305,12.606100001510255,Vw7
13253.710000000248,-0.1481534656816509,1.2964970297765144,9.587863366302802,0.03668910903199381,-0.10849801957865109,0.046208910571417156,52.20193,-2.200305,13.21633663523231,Vw7
13253.810000000249,-0.28349999896257394,1.3261999952277903,9.574200002147618,0.08560000001968691,-0.018299999767494957,-0.08289999988561648,52.20193,-2.200305,13.850000001370608,Vw7
13253.910000000249,0.1328000008039242,-0.5887999940901852,10.435999997476086,0.09349999984649185,0.07499999946944991,-0.03699999979341191,52.20193,-2.200305,14.400000001196167,Vw7
13254.01000000025,0.4553999999783195,1.782699994191361,9.423200001801977,0.031900000142294084,-0.13789999951804421,0.04589999974581442,52.20193,-2.200305,14.880000001171249,Vw7
13254.11000000025,0.4466999984908354,-0.5481999971571088,10.146299998241634,0.0889999996947281,0.05549999970818499,-0.0560999997276227,52.20193,-2.200305,15.350000000922046,Vw7
13254.21000000025,-0.15889999454833598,0.5925999921485796,9.44070000035168,-0.03349999986972034,-0.06159999914226282,0.05319999944248338,52.20193,-2.200305,15.720000001280205,Vw7
13254.31000000025,2.0128999931589373,-2.5351999865611137,9.5808000026194,0.018400000025353073,0.2800999986969524,-0.16889999884806675,52.20193,-2.200305,16.230000001506124,Vw7
13254.41000000025,-0.7123999992482062,2.8184999954575423,10.62429999880854,0.028499999975658614,-0.23899999912168166,0.28999999874870064,52.20193,-2.200305,16.830000001191713,Vw7
13254.510000000251,-0.39586534150157493,1.05029604545636,10.136195044931528,0.017583167986019013,0.10435742497822287,-0.20034257346422152,52.20193,-2.200305,17.303168317627623,Vw7
13254.610000000252,1.607600001216562,3.3798999828307026,8.315700001024112,-0.11409999976647482,-0.1998999985387562,0.1153999992826898,52.20193,-2.200305,17.6200000004564,Vw7
13254.710000000252,2.0581465273039226,-3.354868307628462,8.723504951476116,-0.021191088905682824,0.3709683154670453,-0.16573168272405084,52.20193,-2.200305,17.801980198517303,Vw7
13254.810000000252,-0.8671999961325666,0.3082999961204303,9.114000002539774,0.05970000003666173,-0.17219999925943302,0.011099999803796527,52.20193,-2.200305,18.000000000404544,Vw7
13254.910000000253,0.6623999980503544,-1.2260999957361143,10.118499997774252,0.07420000018027459,0.12069999916158412,-0.06649999955525528,52.20193,-2.200305,18.16000000012642,Vw7
13255.010000000253,-0.10869999872922854,0.4602999969813489,9.238199998385621,0.14549999977471997,-0.2108999993813017,0.10939999972491059,52.20193,-2.200305,18.20999999994943,Vw7
13255.110000000253,0.393899999843998,-0.7336000034128279,8.599699999498114,0.0564000003742025,0.0337999993866113,0.0006000000720592652,52.20193,-2.200305,18.189999999646027,Vw7
13255.210000000254,0.33219999856932847,-2.083399995192557,8.401200006797854,0.20440000002928574,-0.2087999999195279,0.0291000003707828,52.20193,-2.200305,18.049999999592547,Vw7
13255.310000000254,-0.22959999824107363,-0.19559999760111677,11.070599992444793,0.21589999946114258,-0.17719999929510521,0.1746999996544284,52.20193,-2.200305,17.889999999719876,Vw7
13255.410000000255,0.46109999841093086,0.7463999999788633,8.103800007126873,0.004300000246254786,0.09959999939569533,0.03899999964653398,52.20193,-2.200305,17.779999999286957,Vw7
13255.510000000255,-0.1628999982657755,0.7380999971185389,10.902399996258811,0.1009999999264037,-0.13769999963074514,-0.09979999991290679,52.20193,-2.200305,17.49999999908323,Vw7
13255.610000000255,0.5180999965613461,-0.39339999764924727,9.433300003492132,0.0721000002589877,0.007299999759347702,-0.06559999944357114,52.20193,-2.200305,17.139999998548447,Vw7
13255.710000000256,-0.8321999989994813,0.5296999976719536,10.80459999633468,0.1737999997160794,-0.08719999948191544,0.15289999965760254,52.20193,-2.200305,16.569999998127713,Vw7
13255.810000000256,-0.44209999875223693,-0.3780000066281482,9.375500002614531,0.06310000004052345,0.11480000007155722,0.01939999938599285,52.20193,-2.200305,15.839999997666055,Vw7
13255.910000000256,0.04439999457344893,-2.962299988815529,10.394899996599621,0.07889999986227157,0.14269999998897145,-0.21999999945139462,52.20193,-2.200305,14.929999997281339,Vw7
13256.010000000257,-2.071399991691411,1.3984999856354643,9.069100003880505,0.02520000009566611,0.13840000079687562,-0.006100000902287866,52.20193,-2.200305,13.869999997101804,Vw7
13256.110000000257,1.1680999903072227,-4.202199986691667,10.582100000897672,0.06249999956709706,0.4490999984777153,-0.35789999897616254,52.20193,-2.200305,12.739999996813461,Vw7
13256.210000000257,-2.571244553927826,0.9258603937448646,10.908513856230154,-0.10322871251928646,-0.13557128637693097,0.036525742375510484,52.20193,-2.200305,11.498415838610578,Vw7
13256.310000000258,-2.3656999937151295,0.03190000481128882,8.899899999895908,0.03389999953868246,0.1572999991961813,-0.04089999947824108,52.20193,-2.200305,10.339999998140264,Vw7
13256.410000000258,0.06750000164709674,1.8945999911834797,8.859599998899501,-0.1446999998969423,-0.15389999928172704,0.16109999930912208,52.20193,-2.200305,9.619999998852013,Vw7
13256.510000000259,0.6646653377110298,-1.443274246743261,8.462761392590997,-0.10490693061731247,0.12434554531586281,-0.1047188121445455,52.20193,-2.200305,9.176731672422742,Vw7
13256.610000000259,-2.7487999918096766,2.6892999838092004,10.958899995917365,-0.07560000016530975,0.4189000006831942,-0.20660000086555155,52.20193,-2.200305,8.849998999250941,Vw7
13256.71000000026,0.42209999428006045,-3.5789999876726073,9.378300003029825,-0.13959999991910407,0.6833999984406077,-0.5416999991122258,52.20193,-2.200305,8.55999899966185,Vw7
13256.81000000026,-1.776899992254339,1.160199996548609,10.543099995930902,-0.10850000001445086,0.08390000111297899,-0.20039999958828184,52.20193,-2.200305,8.429998999658437,Vw7
13256.91000000026,1.1485465287824919,-0.12356632886755528,9.012467331435845,-0.11269603926452179,0.49859603728613844,-0.039962375264669496,52.20193,-2.200305,8.299207920585891,Vw7
13257.01000000026,-1.1067999980514749,2.859799990724282,10.819199996438499,0.01769999997294799,-0.3917999988898271,0.3337999991634686,52.20193,-2.200305,8.219999999739885,Vw7
13257.11000000026,-0.3576999952322671,-0.7062000043820263,9.449999998490805,0.00730000010273248,0.034999999017078766,0.012200000536783774,52.20193,-2.200305,8.119999999684708,Vw7
13257.210000000261,1.4588881193294514,-2.379006931996532,8.89325346994229,0.04708811899102026,-0.3355079198569475,0.21429702912946752,52.201929178217604,-2.2003125841603905,7.998910890805579,Vw7
13257.310000000261,1.6576999994575337,-2.8796999878420495,10.658599995073537,0.1158999998829153,0.02369999964717426,-0.005999999645864591,52.201847,-2.201071,7.889999999816646,Vw7
13257.410000000262,1.4506000005103752,1.7619000028640814,8.777800003075745,0.07120000000185206,-0.1109999999973542,0.12919999978172128,52.201847,-2.201071,7.819999999814794,Vw7
13257.510000000262,1.622622766804626,2.8421673261474165,9.94058415849033,0.06988910838377102,-0.11029603968156203,0.0481306934443382,52.201847,-2.201071,7.750990099269438,Vw7
13257.610000000263,-0.4650999978290871,2.6188999964921735,9.968999996516533,-0.13120000006784105,-0.13989999950861093,0.19119999950049096,52.201847,-2.201071,7.850000000314321,Vw7
13257.710000000263,0.3637000015864771,1.279699995979606,8.639099997827461,-0.15709999869389285,0.047699999124866006,0.0005000001579883247,52.201847,-2.201071,7.9700000015033945,Vw7
13257.810000000263,0.9651999996576427,-0.24460000155510087,7.815400002191243,0.33809999944141716,-0.2840999994220927,0.0603999996291783,52.201847,-2.201071,8.540000001854107,Vw7
13257.910000000264,0.83539801945988,-0.8342039619499724,8.646192081397519,0.12631782122401494,-0.06499108853143762,-0.08019405977648378,52.201847,-2.201071,9.242970298882419,Vw7
13258.010000000264,0.328699997314726,0.34090001084369614,8.133800005481325,-0.021199999890542314,-0.26260000035448466,0.1796000000596083,52.201847,-2.201071,10.090000002294655,Vw7
13258.110000000264,-0.6894000006082155,4.452199991122058,10.212000000254259,0.02029999988526724,-0.39699999916522033,0.20219999938070685,52.201847,-2.201071,10.960000002716662,Vw7
13258.210000000265,-0.9200000040701635,1.0862000050793388,10.308400000529286,-0.023199999908643073,-0.08050000094065764,-0.032599999187613866,52.201847,-2.201071,11.990000002469824,Vw7
13258.310000000265,-2.4525999917523817,2.998799990020584,10.507699996853763,0.011199999633244442,-0.4346999983898342,0.2732999991958466,52.201847,-2.201071,12.920000001195076,Vw7
13258.410000000265,0.6530000005569054,-0.758899996735849,9.323000000517336,-0.12689999972672597,0.17159999928826583,-0.029499999756204487,52.201847,-2.201071,13.3700000005577,Vw7
13258.510000000266,0.8626999995814578,0.47019999452389605,9.51780000263315,-0.023999999851013854,-0.09639999938679321,0.06229999936103268,52.201847,-2.201071,13.579999999628198,Vw7
13258.610000000266,0.7050999942925824,-1.5917999890770052,10.509299999649178,0.032100000095871654,0.13449999891327752,-0.17829999930154444,52.201847,-2.201071,13.439999999920328,Vw7
13258.710000000267,-1.4439999939631656,2.5211999964615197,10.37719999663492,0.06820000013990785,-0.2746999990298282,0.08469999956650175,52.201847,-2.201071,13.41000000032411,Vw7
13258.810000000267,0.7835999979930784,1.2228445575981657,9.12921188062936,0.1191673265098586,0.08246435589092663,-0.07470990069839992,52.201847,-2.201071,13.532277228332134,Vw7
13258.910000000267,0.03360000515156353,2.3972999987421906,8.920400002472569,0.03590000040429586,-0.12109999938580186,0.03429999934114748,52.201847,-2.201071,13.759999999625652,Vw7
13259.010000000268,1.9602000044477892,1.926899986705565,9.84509999920451,0.1870999993026431,0.10859999973180638,-0.21209999913659305,52.201847,-2.201071,13.62000000029413,Vw7
13259.110000000268,3.623599986564382,-3.044999988771164,9.547600008189931,-0.073699999219217,0.008299999416551873,0.110799999568965,52.201847,-2.201071,13.73000000192522,Vw7
13259.210000000268,-1.4010999996452287,1.1544000017293439,12.61049999480104,0.21829999959431853,-0.20989999967534823,-0.05039999984247192,52.201847,-2.201071,14.45000000159927,Vw7
13259.310000000269,-1.269317821427668,1.7967762393518336,10.679311875992985,0.06760693028768636,-0.08930594026964651,0.008114851642560678,52.201847,-2.201071,15.044059407538688,Vw7
13259.410000000269,4.258999990930301,-2.222599995536491,4.898200009099043,0.5276999990962605,-0.2939999993684323,0.16189999913529607,52.201847,-2.201071,14.930000001588342,Vw7
13259.51000000027,0.8899999891868938,-0.564599991704819,8.27810000218895,0.1919999995428807,-0.05940000028967043,-0.15929999977440165,52.201847,-2.201071,15.520000000215369,Vw7
13259.61000000027,-3.1265999891206677,2.5166999977076734,9.09120000625026,0.022200000333820937,-0.1669999990941069,-0.07550000006272603,52.201847,-2.201071,15.599999999946158,Vw7
13259.71000000027,0.9145999968490119,1.665199999677204,11.412899994600552,0.14619999974252204,0.1694999987543488,-0.09879999945550189,52.201847,-2.201071,15.58000000008131,Vw7
13259.81000000027,-0.24800000239942346,1.5460999924702608,9.420700001789065,0.05120000010461736,-0.2900999994793525,0.10209999969563395,52.201847,-2.201071,15.610000000027103,Vw7
13259.91000000027,-1.1332999957049967,-1.2320999933006946,10.080799993407751,0.0898000000810378,-0.09799999901995762,-0.010200000372394425,52.201847,-2.201071,15.62000000037944,Vw7
13260.010000000271,0.45139999607955944,1.2397000119903416,7.648500011101907,0.11970000004986941,0.2635999987174888,-0.14759999961730647,52.201847,-2.201071,15.759999999566352,Vw7
13260.110000000272,-0.9950999944961864,5.663699992224741,11.744699994684265,0.1380999995140634,-0.20959999788980327,-0.006400000857438533,52.201847,-2.201071,15.59999999983574,Vw7
13260.210000000272,1.0410712941190596,2.7613079038956303,9.798094058075227,-0.03508613744374573,0.5588653459013891,-0.31944950490967394,52.201847,-2.201071,15.538910890793693,Vw7
13260.310000000272,3.618199978237065,-3.467899983782709,9.307500010055827,0.39629999817491696,0.325400000120599,-0.30439999979454513,52.201847,-2.201071,15.429999999536157,Vw7
13260.410000000273,-4.357999984442183,2.4757999871100953,12.992999986294825,-0.2725999996944098,0.36960000032141543,-0.2290999998742169,52.201847,-2.201071,15.259999999672582,Vw7
13260.510000000273,1.3439999919681613,-2.248399987979936,7.970000009912037,-0.1605999999301508,0.487399998054318,-0.1829999989522621,52.201847,-2.201071,15.139999999590728,Vw7
13260.610000000273,-1.5996999925689734,2.1570000003792593,11.602799994602785,-0.13500000053832992,-0.2256999988952368,0.2009999991337063,52.201847,-2.201071,14.989999999809006,Vw7
13260.710000000274,1.1237999988760832,2.295999999662353,9.624700005006162,-0.3322999987121151,0.1791999982890163,-0.11649999938907313,52.201847,-2.201071,14.919999999611582,Vw7
13260.810000000274,0.712375998261738,2.175661000374095,11.416108996429196,0.13115499979522371,-0.43585999954921734,0.10452800022759028,52.201847,-2.201071,14.779799999945025,Vw7
13260.910000000275,0.11884500894556244,2.2536699844067676,10.107487993812184,0.05732999998075928,-0.27477200034963145,0.1873890002443572,52.201847,-2.201071,14.759599999890053,Vw7
13261.010000000275,3.310749991740232,-3.3065639845975254,7.911281008927971,0.05038399999560212,-0.4022440004243954,0.2751999999450265,52.201847,-2.201071,14.720900000247381,Vw7
13261.110000000275,0.3622633736109769,2.1902485009007386,11.109480193231384,0.04637623695751005,-0.5488683151186963,0.2530900983749473,52.201847,-2.201071,14.811683168779508,Vw7
13261.210000000276,3.008600001413675,-2.8848999929534678,9.36749999686409,-0.19599999996295084,0.0742999993096135,0.022100000324042048,52.201847,-2.201071,14.980000000857109,Vw7
13261.310000000276,3.519899993550885,-0.3362999941820561,8.233300009776167,-0.18259999985700906,-0.175399998889586,0.13929999897755893,52.201847,-2.201071,15.290000000335134,Vw7
13261.410000000276,1.1877841520753836,1.7601574294106983,11.721760392708433,-0.13031386108562087,0.2181287117448251,-0.22229999875491976,52.201847,-2.201071,15.41475247656246,Vw7
13261.510000000277,-1.1037999923485156,3.0858999889496688,10.517799998698855,-0.02169999993336678,-0.18899999872760964,0.2276999992628873,52.201847,-2.201071,15.890000000387081,Vw7
13261.610000000277,1.6636000036424317,-0.9108000013470418,10.047199999148974,0.0023999999394494803,0.27119999939974804,-0.03890000009013456,52.201847,-2.201071,16.030000001575974,Vw7
13261.710000000277,2.9809999981367454,-1.3979999992577594,9.739400001099863,-0.019499999888956152,0.054100000964606446,-0.07150000028915929,52.201847,-2.201071,16.6000000020038,Vw7
13261.810000000278,2.311500003189658,-1.1312999979667009,10.134599996557085,0.020399999858899176,0.4006999994734462,-0.17540000002671732,52.201847,-2.201071,17.3200000010019,Vw7
13261.910000000278,3.457599992056886,-0.4006999850897893,8.897500001511478,-0.030299999484578437,0.21150000048035508,-0.18500000026578164,52.201847,-2.201071,17.68000000111322,Vw7
13262.010000000279,0.603499999874206,4.956799986529185,9.440599999683846,0.15489999983774796,0.3840999995341168,-0.2804999997300438,52.201847,-2.201071,18.08000000178115,Vw7
13262.110000000279,0.558300001372411,0.11650000630235181,9.32699999847916,0.09659999994321446,0.21669999991819508,-0.1834999998302056,52.201847,-2.201071,18.720000001068243,Vw7
13262.21000000028,1.0822700099627913,2.328729991736203,8.809918006661729,0.07902000072973198,0.18678199977216764,-0.12359700013842626,52.201847,-2.201071,19.1063000017547,Vw7
13262.31000000028,4.58932375279587,-0.5645574133964508,11.21120000936277,0.3337851472212049,0.10756534702951978,-0.17360297052212034,52.201847,-2.201071,19.738316834014565,Vw7
13262.41000000028,1.1716999931576821,3.8396999976441544,14.55119998738796,-0.12769999973472224,0.2840999989725038,-0.25389999878790187,52.201847,-2.201071,20.570000001232547,Vw7
13262.51000000028,-1.2708999964622272,2.998699988278917,10.048899997643277,-0.0329999997427949,-0.08269999912878491,0.1787999996788473,52.201847,-2.201071,21.010000000650795,Vw7
13262.61000000028,0.008069314967860501,-1.1371425724191138,9.194931677262014,0.05605940542460103,0.22293762312814058,0.06302178153954113,52.201847,-2.201071,21.24227722836117,Vw7
13262.710000000281,2.8749999989063415,-0.4813999986255261,7.088100007137396,-0.12799999982745067,-0.0032999992260654837,-0.16480000024585462,52.201847,-2.201071,21.470000000366525,Vw7
13262.810000000281,2.4871000036740036,0.00609999421339453,9.619600003110682,-0.06679999973497325,0.27120000049199117,-0.2519999995457893,52.201847,-2.201071,21.600000000225556,Vw7
13262.910000000282,3.7901999934284643,-2.0462999877072696,10.722899996916949,0.027199999954607118,0.4456999984199894,-0.0908999991567074,52.201847,-2.201071,21.679999999859028,Vw7
13263.010000000282,1.4594000059564094,2.313699987002981,9.629400000626825,0.011099999870989556,-0.11469999879447855,0.2081999985575322,52.201847,-2.201071,21.62999999954433,Vw7
13263.110000000283,3.5214229916832576,-2.1960729847848506,9.841021997607989,-0.03438200005135011,0.3011499978980313,-0.29365799869029013,52.201847,-2.201071,21.46889999968964,Vw7
13263.210000000283,0.6021564353491128,3.1478376252120057,9.007213862941926,-0.05121683134932617,-0.4325970286299262,0.16404554403120325,52.201847,-2.201071,21.36,Vw7
13263.310000000283,0.49779999930137714,3.661599996511993,9.55860000069011,0.06710000011662633,-0.052300000913714756,-0.021399999454608767,52.201847,-2.201071,21.359999999659486,Vw7
13263.410000000284,0.25160000350162737,2.432399996962608,9.801800003806672,0.1082000000204309,-0.3742999993944512,0.17079999944978483,52.201847,-2.201071,21.23999999954598,Vw7
13263.510000000284,1.4856000033718992,1.3619999942063756,11.143299996533226,0.11539999946199805,-0.16090000022471684,-0.02309999969531376,52.201847,-2.201071,21.079999999885345,Vw7
13263.610000000284,2.6534405916287187,-0.6488158386068832,9.938801981618473,-0.07180396025517505,-0.2391465346098845,0.08415742601446255,52.201847,-2.201071,21.03910891063804,Vw7
13263.710000000285,1.7975000005711628,0.3996000007662147,10.43899999732696,-0.022200000150786946,-0.22380000001884837,0.17990000005397488,52.201847,-2.201071,20.949999999771535,Vw7
13263.810000000285,1.9974999980497652,0.6679000063667504,9.50300000047892,-0.07499999984664282,-0.23039999999314603,0.1987999996130373,52.201847,-2.201071,20.86999999957163,Vw7
13263.910000000285,1.3146000016743633,2.8972999929906917,9.670699999099277,-0.021300000030557202,-0.22799999994059908,0.06329999991032746,52.201847,-2.201071,20.720000000171346,Vw7
13264.010000000286,1.9008999991301192,0.4429000016954964,9.355300001498446,-0.03199999992175071,-0.2071999999982865,0.031900000093385096,52.201847,-2.201071,20.779999999457395,Vw7
13264.110000000286,1.5963000003444112,1.0365999967920647,9.880000000393247,-0.004600000042837201,-0.20659999971870238,0.06459999980323447,52.201847,-2.201071,20.590000000171347,Vw7
13264.210000000287,1.7168999978281159,-0.0866999969182063,10.01769999997241,-0.019600000024429028,-0.10810000021928645,-0.004299999715186277,52.201847,-2.201071,20.6500000007185,Vw7
13264.310000000287,0.9611999997220839,0.9855999966836877,10.008099998807001,-0.028099999914354704,-0.1843999997209343,0.09479999983618181,52.201847,-2.201071,20.900000000057478,Vw7
13264.410000000287,0.864499999808304,-0.1682999983143971,9.592999999972122,0.0017000000160944182,-0.08730000009857831,0.03779999993763413,52.201847,-2.201071,20.92000000063228,Vw7
13264.510000000288,0.7978000003523528,0.4181999996229308,9.583300000645213,0.007299999942519935,-0.12160000000747241,0.016099999917803507,52.201847,-2.201071,21.14000000063228,Vw7
13264.610000000288,0.9203999993174242,0.2869999993096644,9.807800000518471,-0.012699999866071447,-0.12419999998649218,-0.012500000036499842,52.201847,-2.201071,21.3600000011496,Vw7
13264.710000000288,0.6828999997773887,0.046800000277533685,9.988199998745548,0.03389999994858323,-0.11949999985334535,-0.025200000023371256,52.201847,-2.201071,21.76000000099328,Vw7
13264.810000000289,0.6040449992315915,0.14090999974241675,9.563515001364612,0.01644800004283407,-0.06949600005672621,-0.03247899979132861,52.201847,-2.201071,22.105300001533923,Vw7
13264.910000000289,0.34141485154733026,0.05661386248993655,10.026519800886144,0.03055247508906155,-0.0880782175839441,0.038222772081226215,52.201847,-2.201071,22.632673268100422,Vw7
13265.01000000029,0.36289999948025586,0.4379999974852097,9.648500000673144,-0.024199999821931637,-0.005900000162473203,-0.0294999999741971,52.201847,-2.201071,22.900000001162546,Vw7
13265.11000000029,0.183194117124815,-0.43150980644845377,9.881245098715596,0.03736862762990516,-0.06207647075148992,-0.020578431346622024,52.201847,-2.201071,23.301960785481864,Vw7
13265.21000000029,0.21499999899606484,-0.21060000366590673,9.535300000377173,0.007000000034689414,0.009400000011465145,-0.05690000009848266,52.201847,-2.201071,23.620000001381698,Vw7
13265.31000000029,-0.12835841638282253,-1.436497023557017,9.664693069625272,0.018645544509472395,0.012608910689818795,-0.08991188104596083,52.201847,-2.201071,24.09475247663162,Vw7
13265.41000000029,-0.31419999894062056,0.6737999937514075,9.77400000070402,0.003200000077416189,-0.05649999972205842,-0.041100000068393996,52.201847,-2.201071,24.570000001164154,Vw7
13265.510000000291,0.04979999921245035,-1.4731999921565178,10.015900000435103,0.029799999966530596,0.03899999954830855,-0.06459999976047548,52.201847,-2.201071,24.970000001280567,Vw7
13265.610000000292,-0.22080000075175193,1.2217999944583395,10.165399999667343,0.018299999999417924,-0.11619999977153493,0.017699999821884558,52.201847,-2.201071,25.410000001105946,Vw7
13265.710000000292,-0.4791000021088654,-0.6822999973590129,10.051099999249407,0.01810000003690002,-0.03770000045539309,-0.043499999757807016,52.201847,-2.201071,25.790000000644284,Vw7
13265.810000000292,-1.1992000012095008,0.21949999764044878,9.79479999914632,0.030699999959585694,-0.19319999967170698,0.039199999672292686,52.201847,-2.201071,26.010000001054287,Vw7
13265.910000000293,-1.6121999968028267,-0.5861999962863329,9.503300001292416,0.016900000044963948,-0.0811000004978574,-0.07269999984588016,52.201847,-2.201071,26.37000000097619,Vw7
13266.010000000293,-0.5281762366790214,0.6674049499690006,9.944415842819634,0.03171485137227866,-0.2496000000586111,-0.020225742464579265,52.201847,-2.201071,26.70217821846012,Vw7
13266.110000000293,-0.20579999908159954,0.4878999998778785,10.365999998908814,-0.006799999920342816,-0.26960000005388574,0.017200000062085746,52.201847,-2.201071,26.92000000125929,Vw7
13266.210000000294,0.10779999319533527,0.4462000002086308,9.993400000667146,0.020399999998821295,-0.28800000004479076,0.03840000000294676,52.201847,-2.201071,27.35000000111977,Vw7
13266.310000000294,-2.201399997290169,0.5169999999904751,10.219799999139187,0.02000000003184885,-0.30320000008304515,0.0393999999791643,52.20184699999981,-2.2010710000020004,27.73000000095249,Vw7
13266.410000000295,-1.2864762362898206,0.5209712892433418,9.930654455461601,0.03055544550192905,-0.33157029716838154,0.03281881200468502,52.201782,-2.201743,28.053267327696126,Vw7
13266.510000000295,-0.8341000053519106,1.2380999985154209,9.936099999574488,0.016099999937823305,-0.37860000005038963,0.07469999994460086,52.201782,-2.201743,28.380000000176803,Vw7
13266.610000000295,-2.6502999918327523,0.7343000014224024,9.791699999206143,-0.005000000058051228,-0.39570000020774676,0.05590000010402073,52.201782,-2.201743,28.440000001090304,Vw7
13266.710000000296,0.12129999947080086,1.2170000011251847,9.522300001669059,-0.02470000012039505,-0.46620000005570517,0.09120000006588784,52.201782,-2.201743,28.809999999850255,Vw7
13266.810000000296,-0.05394554412292814,1.59384257459642,10.077403959744489,-0.06479306927520506,-0.4846851484807758,0.11294356428035288,52.201782,-2.201743,28.759702970208906,Vw7
13266.910000000296,0.09149999612569627,1.708099998591351,9.857800000149137,-0.05409999996590305,-0.47319999995374673,0.08729999984256101,52.201782,-2.201743,28.73,Vw7
13267.010000000297,-1.2151999953132993,1.2330000018391603,9.908100001541182,-0.0425999999623451,-0.45760000029827425,0.03420000017493221,52.201782,-2.201743,28.730000000415092,Vw7
13267.110000000297,0.3654999973179038,1.8532999952673423,10.427899998781701,-0.029900000013045793,-0.5581999997313754,0.09319999991460937,52.201782,-2.201743,28.87000000077089,Vw7
13267.210000000297,-0.5390999964703457,0.2571000035582925,10.016999999313876,-0.03429999990662763,-0.46760000011127123,0.06439999992422818,52.201782,-2.201743,29.130000000089492,Vw7
13267.310000000298,0.6440999971854049,1.4498999986781695,9.78700000026371,-0.003000000127678504,-0.5048999996500774,0.03899999998926069,52.201782,-2.201743,29.160000000477304,Vw7
13267.410000000298,-0.2993999988747586,1.0067999989800636,9.87539999744136,-0.04580000008472125,-0.3876000000960572,0.035400000018495484,52.201782,-2.201743,29.32000000017899,Vw7
13267.510000000299,0.07780000226241536,0.6649000024202236,9.01770000381007,-0.07419999985680915,-0.4197999999958236,0.041600000066524076,52.201782,-2.201743,29.38000000023865,Vw7
13267.610000000299,0.8361999989997523,1.476199999447522,10.29489999876468,-0.026199999946900063,-0.41839999982518783,0.06389999980669235,52.201782,-2.201743,29.460000000477304,Vw7
13267.7100000003,0.5009000002157958,1.2910000014019223,9.880800000450801,-0.008399999932470018,-0.3597999998619387,-0.0009000000969430403,52.201782,-2.201743,29.619999999579814,Vw7
13267.8100000003,0.5727999954463783,1.7580999984158967,10.031000000087339,0.014099999823821782,-0.31380000018188076,-0.033199999876645236,52.201782,-2.201743,29.480000000120054,Vw7
13267.9100000003,-0.9443999983495703,1.2303000039923786,10.060100001805953,-0.04459999974988896,-0.37439999951857417,0.007899999967258192,52.201782,-2.201743,29.51999999915114,Vw7
13268.0100000003,-0.41644752969218274,2.5474623763164237,10.649084156398864,0.03715544532094141,-0.21608910905778586,-0.003787128979303859,52.201782,-2.201743,29.236930692147496,Vw7
13268.1100000003,-2.0611999903954357,2.573699992290177,9.97749999885229,-0.03729999963203663,-0.26500000012515557,-0.09249999970196768,52.201782,-2.201743,28.92999999918964,Vw7
13268.210000000301,1.1388999906801394,0.00490001006696813,9.595100001275974,0.0853000001255643,-0.30669999946396,0.0067999999055278135,52.201782,-2.201743,28.659999998116536,Vw7
13268.310000000301,-1.9476346627790924,3.338860406099967,10.017674258700879,0.1268841585413235,-0.1291752469890642,-0.02448712880728149,52.201782,-2.201743,28.036237621880147,Vw7
13268.410000000302,1.2312999973168524,0.31920000449002983,9.770000001290544,0.05490000015399564,-0.3022999995657927,0.03659999984540045,52.201782,-2.201743,27.419999997886336,Vw7
13268.510000000302,0.34270000040733356,1.806199999095653,10.197399997225059,0.10589999963161827,-0.15850000014191756,-0.014599999783802196,52.201782,-2.201743,26.719999997705163,Vw7
13268.610000000303,0.4775999969632663,1.5066999979983586,9.278400003352877,-0.01609999981550718,-0.20549999972673322,0.056999999701369236,52.201782,-2.201743,25.959999997825946,Vw7
13268.710000000303,-0.5280999959838406,0.843800000386397,10.388800001021583,0.04499999965278948,-0.11500000013669706,-0.04189999986421426,52.201782,-2.201743,25.239999997387567,Vw7
13268.810000000303,0.7940000018007559,0.9709999999644587,10.725099997647899,-0.06930000000030377,-0.1600000003168334,0.002800000319263563,52.201782,-2.201743,24.379999997144548,Vw7
13268.910000000304,1.3867999991178361,0.9592999990306936,9.950799997338473,-0.06939999997330495,-0.26429999948236155,0.10789999990487971,52.201782,-2.201743,23.439999997177075,Vw7
13269.010000000304,1.092382176115016,0.6415920786583683,9.082047524341364,-0.0603772276246594,-0.09630198041140026,0.07599801952780587,52.201782,-2.201743,22.509108907580533,Vw7
13269.110000000304,0.4006000027485221,0.46079999711174313,8.946800001480277,-0.028099999699266482,-0.16650000025607917,-0.0142000001330518,52.201782,-2.201743,21.419999997235685,Vw7
13269.210000000305,1.30540000354668,-0.4899999957920227,9.43410000908856,0.07090000044493937,-0.2508000004696922,-0.05799999938515248,52.201782,-2.201743,20.509999997066334,Vw7
13269.310000000305,2.4659999916253,0.8869999977545231,12.408199998564644,0.21649999858664523,-0.404499999332591,0.14319999994285462,52.201782,-2.201743,19.54999999721913,Vw7
13269.410000000305,-0.2745000027005008,0.15219999833606127,11.938499989881906,-0.2459999996222905,-0.1860999997436098,0.12449999977508559,52.201782,-2.201743,18.6399999969441,Vw7
13269.510000000306,-1.1581999977383266,-0.3923000042345637,8.627499997662234,-0.12239999924213625,-0.10220000087429362,0.050900000317508236,52.201782,-2.201743,17.639999997738634,Vw7
13269.610000000306,-0.4180999970293575,-1.7779999950913044,7.862500007350973,0.12560000021421874,-0.38830000051705865,0.15479999973199737,52.201782,-2.201743,16.899999997524716,Vw7
13269.710000000307,0.5539999899722495,-0.17170000284369044,10.267999994726846,0.19569999888463246,-0.5574999970622238,0.06709999887593805,52.201782,-2.201743,16.08999999779535,Vw7
13269.810000000307,-2.68692574611966,-1.0691455389084905,8.58431386585071,-0.1623217818157894,0.38856336632536487,-0.2928198013403139,52.201782,-2.201743,15.371584155827067,Vw7
13269.910000000307,-3.839499995808367,0.7662999973963371,10.035699998278819,-0.04450000023816451,0.3848999974599926,-0.08479999917713696,52.201782,-2.201743,14.529999997360628,Vw7
13270.010000000308,-2.4305861204607657,-0.06248910592374994,9.508494067740273,-0.11877821707682426,-0.4338128715064131,0.18019702970205662,52.201782,-2.201743,13.670594056512604,Vw7
13270.110000000308,3.470799991697492,0.9085999975416486,12.21789999369012,0.12339999867629595,-0.5050999978545911,0.17989999944850787,52.201782,-2.201743,12.729999997233318,Vw7
13270.210000000308,0.7699999946016717,0.10889999937817577,10.165299993202185,-0.30719999974006457,0.19279999981476925,0.0004999998135445812,52.201782,-2.201743,11.829999997275118,Vw7
13270.310000000309,-0.9757425796522954,-0.09218910953231693,7.9669831615233715,-0.22314059379963708,0.132899009715878,-0.05979702988930627,52.201782,-2.201743,10.948811878464982,Vw7
13270.410000000309,-0.2237999755116005,2.2356999957307955,10.204799995831914,0.0520999994922473,-0.4150000012100099,0.09860000075049682,52.201782,-2.201743,10.00999999737156,Vw7
13270.51000000031,7.695399968773574,0.8551000025659693,8.856900015462035,-0.11209999858410968,-0.8062999967777797,0.3412999974205995,52.201782,-2.201743,9.159999997532422,Vw7
13270.61000000031,-2.1699949592158045,1.610538979558858,13.751683982852722,0.3401279996682929,0.21283299614235754,-0.4738729967117056,52.201782,-2.201743,8.36259999771023,Vw7
13270.71000000031,10.709695987306645,-4.867712852167453,8.267626733331372,0.23435544565454508,-1.0029673210287873,0.5675613828465553,52.201782,-2.201743,7.6236633643757985,Vw7
13270.81000000031,-6.190699997397468,1.3109999903510052,8.480299990577759,0.26989999889453825,0.8402999956061474,-0.4962999977725911,52.201782,-2.201743,6.989999999191277,Vw7
13270.91000000031,-5.35400000320503,-1.7910999879948226,5.451100016901371,-0.08549999979470886,-0.572299996578792,0.21979999816668788,52.201782,-2.201743,6.7299999996267434,Vw7
13271.010000000311,-6.3843999768487585,2.068499983356487,10.884799981953975,-0.0195000016426402,0.5275999978459982,-0.3695999983856651,52.201782,-2.201743,6.61,Vw7
13271.110000000312,1.058600015405319,-3.282299998329457,5.083100012183624,-0.5475999978789095,-0.16489999711574424,0.14939999790592978,52.201782,-2.201743,6.610000000502703,Vw7
13271.210000000312,5.913061370968072,-2.7186395940122976,8.967591091191602,0.12697821765937053,0.7497198009280664,-0.515059405305432,52.201782,-2.201743,6.771188119181699,Vw7
13271.310000000312,1.039200006218841,0.47739999634103003,9.636700000808446,0.07480000022839231,0.41170000000344154,-0.3110000000175205,52.201782,-2.201743,6.890000000625732,Vw7
13271.410000000313,3.0268999771075817,-0.6920999926185484,9.8950999988377,0.14779999938521796,0.4128000000869768,-0.3165999999330466,52.201782,-2.201743,7.090000000844738,Vw7
13271.510000000313,-4.290099977189843,1.667200000563159,9.523600005945722,-0.048699999698194746,0.4405999987937271,-0.2951999995085789,52.201782,-2.201743,7.360000000821669,Vw7
13271.610000000313,2.869666318464351,1.8205197941906484,11.377783159795722,0.045136633142595785,0.06135742651195075,-0.1403762378354804,52.201782,-2.201743,7.62118811918386,Vw7
13271.710000000314,-2.9336999885946877,-0.6675000005885547,8.65610000180025,-0.12119999913788727,0.3070999990322652,-0.20799999937468006,52.201782,-2.201743,7.740000000685453,Vw7
13271.810000000314,0.6906564470416967,-0.8545297035584813,9.228179209719908,0.15276039690117396,-0.00042475344237308255,-0.009287128087945018,52.201782,-2.201743,7.957821782863239,Vw7
13271.910000000315,-4.297799971810248,2.775099988228232,9.547800002338525,0.10599999906071246,0.39879999874284866,-0.184799998849333,52.201782,-2.201743,8.250000000635728,Vw7
13272.010000000315,4.521477212223345,-0.9278306929215301,10.267461381088323,-0.18813762333338674,0.006553466370996475,0.1724138598790636,52.201782,-2.201743,8.451782178778998,Vw7
13272.110000000315,-0.40079997493326036,-0.8809000017498403,8.663600005325808,-0.051900001089637125,0.33189999876128473,-0.3061999981980301,52.201782,-2.201743,8.630000000317864,Vw7
13272.210000000316,7.364818773972997,-1.4345980208090408,10.294207906655506,-0.3961950499757435,-0.05179801791194892,0.25510395863383956,52.201782,-2.201743,8.73257425823638,Vw7
13272.310000000316,-4.673300000645669,-1.754399988590658,5.805000022574658,-0.5456999994590943,0.5483999955958446,-0.3044999974496095,52.201782,-2.201743,8.990000000981164,Vw7
13272.410000000316,-4.877299983100261,1.8503999934600746,12.93749999065205,-0.37480000011520753,-0.8430999992758385,0.5012999998243401,52.201782,-2.201743,9.300000000253204,Vw7
13272.510000000317,0.4621999760406354,-0.21589998702871016,9.984000000638073,-0.4111999994983409,-0.6142999990640972,0.445799999085936,52.201782,-2.201743,9.380000000822909,Vw7
13272.610000000317,-7.10779995240094,3.882399975339579,10.185599995844933,-0.2526999996306396,-0.31860000223293683,0.15700000199429268,52.201782,-2.201743,9.63999900120272,Vw7
13272.710000000317,7.931199970677663,-3.909099981025712,8.872800007942162,-0.13599999945853233,-1.024099997318764,0.7870999991943242,52.201782,-2.201743,10.020000001209628,Vw7
13272.810000000318,-1.2802999883120745,2.0515999905728117,11.36779999380331,0.034099999815436884,-0.1818000010697587,0.5339999987331382,52.201782,-2.201743,10.400000001350461,Vw7
13272.910000000318,2.3314475173460676,-0.8859871305243426,9.455168321472001,-0.025466337323687627,-0.5058267299106473,0.1366643553731702,52.201782,-2.201743,10.826039605884139,Vw7
13273.010000000319,0.00620001173975761,-1.4546999950930488,10.91200000247751,-0.24209999962469703,0.3614999979410859,-0.1968999990555352,52.201782,-2.201743,11.430000002228262,Vw7
13273.110000000319,3.694199979000222,0.08680000047048161,11.690299995526605,-0.12420000007225936,-0.28529999800475053,0.09980000011332305,52.201782,-2.201743,12.130000003501555,Vw7
13273.21000000032,-2.9027999935769886,0.23459999566495535,10.28499999407385,-0.1469000001642329,0.3414999992422236,0.1353999992547091,52.201782,-2.201743,13.230000003361493,Vw7
13273.31000000032,-0.8965000009761134,-1.1194999946699535,8.433900005649228,-0.1981999993315432,0.10479999986970215,-0.09740000059930608,52.201782,-2.201743,14.280000004449976,Vw7
13273.41000000032,-1.2013999962463335,0.5453999961301219,10.198499997149455,0.010599999657127773,0.06410000025739428,-0.2845999985551986,52.201782,-2.201743,15.670000002529124,Vw7
13273.51000000032,-0.02890000792767969,-0.6634000000192085,9.308099999239982,-0.09649999976341496,0.14449999918811954,0.16670000017447745,52.201782,-2.201743,16.460000004065805,Vw7
13273.61000000032,-2.5051999981915167,-0.6694000011816447,9.070699999920926,-0.022600000016007104,-0.10909999965616735,0.22119999917051172,52.201782,-2.201743,17.730000002625165,Vw7
13273.710000000321,-1.9403000014877823,-1.038499997257213,9.046000009529404,-0.027600000451067534,-0.001699999901801857,-0.03789999999613647,52.201782,-2.201743,18.550000002479102,Vw7
13273.810000000321,-2.4023999971496783,-0.18660000089408604,12.005799990847933,-0.1676999999111387,0.028799999409845258,-0.03669999958273839,52.201782,-2.201743,19.32000000231812,Vw7
13273.910000000322,-1.5171000082112964,-0.4642999958267399,9.163200011944113,-0.14009999865645623,-0.15449999853056942,0.09289999912265594,52.201782,-2.201743,20.040000002672276,Vw7
13274.010000000322,-4.067499987547509,0.8318999991461591,12.87299999452827,0.27719999921538074,0.30189999903379466,-0.179599999718606,52.201782,-2.201743,20.87000000183518,Vw7
13274.110000000323,-0.1998000034485256,0.5666999940923353,11.173499991662817,0.033500000410500434,0.0018000004459161572,-0.0922000001068911,52.201782,-2.201743,21.440000002607885,Vw7
13274.210000000323,-1.2708999911960948,-1.268199999980573,8.584000008893916,0.1609999998079984,0.14029999920188202,-0.12539999913906869,52.201782,-2.201743,22.250000002363596,Vw7
13274.310000000323,1.4481999885375363,-1.2621999951704959,11.330899992685483,0.1016999994269092,-0.10619999923426003,0.140499998903033,52.201782,-2.201743,22.980000003205422,Vw7
13274.410000000324,-2.0919999983147246,0.2293999955289204,9.071799999392264,-0.0752999998633648,0.1302999990166798,-0.19829999861227843,52.201782,-2.201743,23.97000000259024,Vw7
13274.510000000324,-1.5715000033731412,-1.1514999966676551,8.884100005511385,-0.033099999959851266,-0.1733999983163434,0.2302999991160803,52.201782,-2.201743,24.77000000207219,Vw7
13274.610000000324,-2.6132999955952823,-0.12230000610963264,10.586299994786158,-0.020700000291075053,0.34659999892825516,-0.04270000040030996,52.201782,-2.201743,25.4100000025837,Vw7
13274.710000000325,-1.2125989924372724,-1.9889861381557756,9.005497034043557,-0.10719207839536392,0.0243415859214686,-0.16838910997655,52.201782,-2.201743,26.207128715180964,Vw7
13274.810000000325,4.177499996961613,-1.847600000840755,10.345199994301694,0.14359999941359924,0.5684999986002462,-0.49729999862377966,52.201782,-2.201743,26.920000002288866,Vw7
13274.910000000325,3.244331680131778,-2.105817822622422,8.595100984404171,-0.03649901048703408,0.138599008502088,-0.07462673129788433,52.201782,-2.201743,27.622970299317174,Vw7
13275.010000000326,0.7609999861897141,-1.6035999964893903,8.929700002016435,0.1241999998199437,0.512799999191863,-0.2903999994578775,52.201782,-2.201743,28.420000002441995,Vw7
13275.110000000326,-3.4804999887905996,-0.5254000006482678,9.549000000770693,0.06889999950606616,0.2646000002910856,-0.12389999974863748,52.201782,-2.201743,29.170000002311756,Vw7
13275.210000000327,-0.03780000859570719,-0.7245000045455454,9.785699994175888,-0.08280000030253432,0.35399999948071487,-0.04670000062012986,52.201782,-2.201743,29.880000002422893,Vw7
13275.310000000327,-2.6630999889614264,-2.1127999966737594,8.006900006054614,-0.17519999960709828,0.19539999940606356,-0.23609999940933776,52.20178200000158,-2.201743000000665,30.62000000235741,Vw7
13275.410000000327,0.7082999882401244,-1.096899996855804,9.856100000814289,-0.05519999988474883,0.01400000050651579,-0.05569999984578608,52.202263,-2.201946,31.34000000235741,Vw7
13275.510000000328,-2.8833999915414807,-0.13659999705290976,10.104800002072228,-0.02000000025767804,0.16869999846571881,-0.008599999445026332,52.202263,-2.201946,32.06000000248838,Vw7
13275.610000000328,-0.2999999895412839,0.7634999889362152,10.73769999407275,-0.09869999992469383,-0.29989999905965525,0.16089999997806298,52.202263,-2.201946,32.82000000202999,Vw7
13275.710000000328,2.894299993950927,-2.6155999872051887,8.927400005755723,-0.07569999954828673,-0.01270000035985613,0.15420000032726167,52.202263,-2.201946,33.44000000138279,Vw7
13275.810000000329,1.0569999981629234,1.2705999928951301,10.675599994321491,0.06149999938509155,-0.12199999996907167,0.25359999912336467,52.202263,-2.201946,33.86000000189561,Vw7
13275.91000000033,0.4852683104631465,-0.8678158422482476,8.969696040129751,-0.12105544477217571,-0.11280396043028781,-0.009959405927220949,52.202263,-2.201946,34.433168317875435,Vw7
13276.01000000033,-1.4479000112829548,-1.069399995856222,9.12929999745862,0.11339999903533535,-0.1231999988341715,-0.005899999662531991,52.202263,-2.201946,34.750000000790166,Vw7
13276.11000000033,-4.874900007324867,0.18919999773122728,8.357400008755402,-0.17959999842756372,0.23089999826920066,0.09659999980410394,52.202263,-2.201946,34.990000000823095,Vw7
13276.21000000033,-7.099699973972041,-0.4998999971641737,11.016700005237308,0.2979999995212929,-0.29480000171089776,0.03710000096469739,52.202263,-2.201946,35.240000000198634,Vw7
13276.31000000033,0.7624000044879833,0.3566999929849553,12.59869998680658,0.15339999927803025,-0.8115999949191253,0.32849999736225227,52.202263,-2.201946,35.300000000936315,Vw7
13276.410000000331,2.1227118872208806,-1.7638108986121865,8.660449507318798,-0.06322178241731119,0.7027960379463776,-0.45647524625778724,52.202263,-2.201946,35.58267326821226,Vw7
13276.510000000331,3.9439000012143137,-4.034899996859272,9.375400003853825,-0.13539999947792455,0.20240000171784994,-0.0740000013473982,52.202263,-2.201946,35.85000000046348,Vw7
13276.610000000332,4.310699968681433,-3.086199994379661,10.539499995430432,0.02229999966199175,0.7212999997656123,-0.4809999995318867,52.202263,-2.201946,35.990000000033106,Vw7
13276.710000000332,-5.149499978846455,-1.3884999976545624,9.159200009670354,-0.07979999883160853,0.6504999990349951,-0.33959999961719367,52.202263,-2.201946,36.000000000233015,Vw7
13276.810000000332,1.2052999690183195,-0.6838999953031328,12.064299994174686,0.27119999961752655,0.3606000013072003,-0.2246000015748319,52.202263,-2.201946,36.07000000083219,Vw7
13276.910000000333,-8.101999950109352,0.7270999846744322,10.31429999427954,0.15629999994973587,0.7532999984521309,-0.6976999987304146,52.202263,-2.201946,36.32000000069904,Vw7
13277.010000000333,6.8857999508784005,-3.876899995092615,8.595800007858879,0.14120000034968694,0.2883000017198545,-0.3163000004623265,52.202263,-2.201946,36.530000001378575,Vw7
13277.110000000333,-7.619010856318018,-2.4258930721358976,10.913531676650283,0.2413178204890589,0.7877722732213944,-0.4463722747536138,52.202263,-2.201946,36.938712870858396,Vw7
13277.210000000334,2.819899986967683,-3.275199995419377,8.956700007118608,-0.14689999902403214,-0.41499999856416253,0.2963999984704482,52.202263,-2.201946,36.810000001004084,Vw7
13277.310000000334,-1.0739000115034345,-1.9065999959441775,11.083599998373053,0.14469999854675844,0.013999997814782545,-0.160599998126048,52.202263,-2.201946,37.109999999665305,Vw7
13277.410000000335,-4.510899998636456,-0.6948000013200333,10.597500002861299,-0.28949999921547714,-0.6388999983794115,0.39929999941662825,52.202263,-2.201946,37.010000000736326,Vw7
13277.510000000335,-4.103500001431486,-1.089199994165948,11.452400000441463,-0.05510000118548633,-0.1547000014847028,0.22500000070084936,52.202263,-2.201946,37.2300000004351,Vw7
13277.610000000335,-4.531199973160884,0.6538999863602134,11.584299984383176,-0.4093000000746368,-0.5982999996820407,0.4343999997155101,52.202263,-2.201946,37.35999999989959,Vw7
13277.710000000336,3.4877999791567187,-3.421399990410388,6.9183000146188,-0.4315999984957867,-0.5032999988804211,0.34939999928322724,52.202263,-2.201946,37.33000000030286,Vw7
13277.810000000336,-2.7060999764198583,-0.5717000057318266,11.262499993472655,0.015399999379806469,-0.17060000109770554,0.1364000005602942,52.202263,-2.201946,37.42000000016826,Vw7
13277.910000000336,4.301099979926324,-2.2749999967654366,9.32279999933606,-0.16889999928423677,-0.496799998567464,0.3028999988238869,52.202263,-2.201946,37.470000000134604,Vw7
13278.010000000337,-1.6640999848723927,-1.3138000062295294,9.125500006701994,0.04380000004711183,-0.07110000086012733,-0.046599999142564776,52.202263,-2.201946,37.509999999932695,Vw7
13278.110000000337,2.8312999831036803,-3.1649999985927026,11.117099994570026,0.0577999993549045,-0.326699998658659,0.20819999896152075,52.202263,-2.201946,37.49000000043747,Vw7
13278.210000000337,-2.1896999910213446,-2.7468000009493596,9.503499995767129,-0.13389999989376372,0.07189999894947906,-0.10039999904522702,52.202263,-2.201946,37.61999999996616,Vw7
13278.310000000338,0.4640999965558483,-3.027399999488743,8.25240000392226,-0.10250000033867378,-0.23859999899423115,0.18179999922696258,52.202263,-2.201946,37.61000000047845,Vw7
13278.410000000338,-0.523228993069909,-2.876899999695321,9.393692997831025,-0.2008059997312055,0.05264299896510732,-0.043405999663499076,52.202263,-2.201946,37.74899999966147,Vw7
13278.510000000339,1.4993396025858297,-2.794713863726689,8.757688118232357,-0.12078811833391687,-0.24854950445945875,0.05509009904040222,52.202263,-2.201946,37.64990099006549,Vw7
13278.610000000339,1.0932999885992256,-3.486099994997084,8.586500007270077,0.02040000034036202,-0.1034999994559621,0.06409999932773426,52.202263,-2.201946,37.640000000067666,Vw7
13278.71000000034,-2.276399982207721,-2.0073999994986176,10.735299995979416,0.12099999931867751,0.057299998449931805,-0.1345999989438311,52.202263,-2.201946,37.66000000071431,Vw7
13278.81000000034,2.954299998466939,-1.8600000031140826,9.553299999086695,-0.07929999972209661,-0.3983999992234352,0.17589999902750825,52.202263,-2.201946,37.870000000408176,Vw7
13278.91000000034,2.503599997325176,-2.775500002226787,9.284799998567243,0.00239999951760401,-0.17010000116785184,-0.10999999923654993,52.202263,-2.201946,37.989999999141034,Vw7
13279.01000000034,1.7240939996576068,-3.416601997618223,8.876329002902855,-0.13734299977638934,-0.5086479995398453,0.11227000002382458,52.202263,-2.201946,37.74030000010211,Vw7
13279.11000000034,1.5960702873531665,-2.714722769187638,9.72771584397212,-0.07244554460399404,-0.37484356437126354,0.11891287118939954,52.202263,-2.201946,37.77287128810601,Vw7
13279.210000000341,-1.2468999921866692,-1.8070000043276304,10.429299997079918,-0.08699999992852826,-0.37920000002017623,0.09019999987483898,52.202263,-2.201946,38.060000000547156,Vw7
13279.310000000341,1.0378999927009922,-3.0725000000711296,9.575400000191504,-0.0661000002212546,-0.3850999997171908,0.0535999999487045,52.202263,-2.201946,38.219999999042486,Vw7
13279.410000000342,-1.0964999928422259,-3.0933000040677334,9.631399999379324,-0.13079999967478653,-0.30240000036624987,0.03860000027904753,52.202263,-2.201946,37.93999999962383,Vw7
13279.510000000342,0.9965999940244161,-4.282799993126061,9.44990000248954,-0.03569999988202035,-0.40949999935504455,0.12019999967581244,52.202263,-2.201946,37.82999999986321,Vw7
13279.610000000343,-0.750799998278523,-2.2727000049294976,10.177899998561674,-0.0012000002116794347,-0.2209000003515452,0.02540000018876744,52.202263,-2.201946,37.79000000023938,Vw7
13279.710000000343,-0.24740000174679191,-3.714199991336861,9.757300000270218,-0.06309999975694118,-0.3236999994709087,0.08059999978891356,52.202263,-2.201946,37.86000000072195,Vw7
13279.810000000343,-0.755499998842577,-1.194300001225486,9.835900000075704,0.00759999999583286,-0.16980000025732087,0.019200000063201612,52.202263,-2.201946,38.07000000010418,Vw7
13279.910000000344,-0.42379207975557553,-1.5442801970154276,9.854427721646655,0.006534653511665591,-0.24358910880394857,0.0367742572104952,52.202263,-2.201946,38.10009900993505,Vw7
13280.010000000344,-0.5829999962127648,-1.252300000990043,9.52719999993784,0.019999999979164303,-0.21250000025454277,-0.025799999769071026,52.202263,-2.201946,38.109999999861095,Vw7
13280.110000000344,0.4952831640797786,-1.5386287132939707,9.509092079136394,0.014017821788309003,-0.28453465303006087,0.04016831664878144,52.202263,-2.201946,38.07029702980515,Vw7
13280.210000000345,-0.7363999971985017,-1.6614999970847966,9.488300001834142,0.01579999992845915,-0.15800000013029422,-0.012999999937444953,52.202263,-2.201946,38.10000000027649,Vw7
13280.310000000345,0.07419999963953088,-0.8179999985909562,10.019000000123036,-0.00489999990219294,-0.1957000001378976,0.005099999827196007,52.202263,-2.201946,38.18000000041473,Vw7
13280.410000000345,-0.030099996807619024,-0.4102999986168768,10.05460000036669,0.02340000005356924,-0.2356000001164699,-0.044899999537576514,52.202263,-2.201946,38.29999999965439,Vw7
13280.510000000346,0.8935999971888245,-0.010100001741173037,10.16069999726002,0.03889999972455043,-0.2693000000653199,0.08889999999170542,52.202263,-2.201946,38.200000000483854,Vw7
13280.610000000346,0.08020000391200312,-0.5139000054110342,9.367900002187106,-0.04079999990399778,-0.2882000005177138,0.08650000002757881,52.202263,-2.201946,38.340000000209464,Vw7
13280.710000000347,1.1929539972866472,-2.0549449969031257,9.99511900024865,-0.013381000028011927,-0.434329999249557,0.0935469997050102,52.202263,-2.201946,38.401300000449574,Vw7
13280.810000000347,0.42567500329376645,-1.1717900011784559,10.061548998348425,-0.021856000158517942,-0.22084000046582028,0.009856000262806062,52.202263,-2.201946,38.53020000006953,Vw7
13280.910000000347,1.3583811862698594,-1.498524749389989,9.596635645453922,-0.06606831650780673,-0.3519158410334652,0.08358712832600931,52.202263,-2.201946,38.55089108941867,Vw7
13281.010000000348,0.8264999993791936,-0.6109999997494314,10.140199999061947,0.027099999869100746,-0.19350000041691237,-0.027699999672576393,52.202263,-2.201946,38.640000000315844,Vw7
13281.110000000348,0.6586554486926175,-0.5274940551973939,9.872101979920593,-0.009803960258359171,-0.3114999997218855,0.06405841530566307,52.202263,-2.201946,38.73009900993541,Vw7
13281.210000000348,1.5642000026867493,0.6830999984737952,9.792299999472988,0.029799999808962457,-0.2315000003866153,-0.09009999959627166,52.202263,-2.201946,38.7400000001397,Vw7
13281.310000000349,2.3334999996719206,0.2460999985730304,9.641400001123232,-0.024900000032102406,-0.34219999990016503,0.02549999998306686,52.202263,-2.201946,38.78000000003528,Vw7
13281.41000000035,2.2296959962245846,-0.15694799949260435,9.960008000072685,-0.03372899990530012,-0.3138049999668026,0.02050199993080968,52.202263,-2.201946,38.79070000024461,Vw7
13281.51000000035,1.1901257530665752,-0.018832675235631022,9.982547525433027,-0.007313861530760022,-0.305503960781812,0.0020673271405886756,52.202263,-2.201946,38.86,Vw7
13281.61000000035,4.192699989951594,-0.5821000021155839,10.177299997607136,-0.04869999996860314,-0.4158999992796361,0.11879999938582099,52.202263,-2.201946,38.86000000063499,Vw7
13281.71000000035,1.3615376297862722,-1.2083861479047087,9.501418812726472,-0.04002277235507819,-0.2156603974236122,-0.05288118727352884,52.202263,-2.201946,39.04089108942031,Vw7
13281.81000000035,3.085299998721273,-3.866999990926212,9.7432999968046,-0.06230000010922021,-0.6116999993191468,0.1889999993304943,52.202263,-2.201946,39.129999999751774,Vw7
13281.910000000351,2.7094999946608014,-1.2904732610999863,8.852900003758515,-0.09174752427740065,-0.4216811888147301,0.0011613864763133008,52.202263,-2.201946,39.061782178843835,Vw7
13282.010000000351,1.1895000019852724,0.4821999915825156,9.922900000589438,0.04349999963699883,-0.6198000002618945,0.09730000002843626,52.202263,-2.201946,39.24000000031596,Vw7
13282.110000000352,1.754999994671185,-1.9154999846321317,10.090799998577484,-0.05989999992452104,-0.6943999990868801,0.1053999994990303,52.202263,-2.201946,39.33000000017553,Vw7
13282.210000000352,0.23710000380797064,2.461999985220515,9.685600000057521,-0.03840000004869798,-0.4343000010300683,-0.03729999862057666,52.202263,-2.201946,39.380000000176445,Vw7
13282.310000000352,1.3161999936833775,-1.726199984942442,9.701900001162047,-0.052199999968593334,-0.726199998014322,0.35359999813042087,52.202263,-2.201946,39.42999999982356,Vw7
13282.410000000353,-0.4737999951464342,2.5407999768744562,10.031199998140302,-0.04330000017961792,-0.16350000134201764,-0.17619999843107798,52.202263,-2.201946,39.38000000014116,Vw7
13282.510000000353,0.9015999990955584,-4.012499997747895,9.504200003407448,-0.09419999977415427,-0.5437999982440495,0.26839999871550246,52.202263,-2.201946,39.42000000038817,Vw7
13282.610000000353,0.6453000028336581,-3.3743000019980287,10.469799997730602,-0.030199999947773178,-0.046200000784108124,-0.09559999953701627,52.202263,-2.201946,39.530000000105865,Vw7
13282.710000000354,1.4482999985482008,-3.9404999961489904,9.82670000245561,-0.01539999988259333,-0.2683999989805838,0.03559999932216269,52.202263,-2.201946,39.560000000461116,Vw7
13282.810000000354,1.038999996361966,-2.8547999874041046,10.518999996433982,0.017699999778221096,0.018999999483351886,-0.15549999977965423,52.202263,-2.201946,39.689999999892514,Vw7
13282.910000000355,0.02681782292418652,0.6433148452796511,9.537021786906132,-0.0430881184172734,-0.12669604013490643,-0.09322475220011137,52.202263,-2.201946,39.660198019872254,Vw7
13283.010000000355,0.3486000003121386,-1.105200003165369,10.869199996825763,0.06809999969992131,-0.2763000000897398,-0.01569999977405423,52.202263,-2.201946,39.680000000602995,Vw7
13283.110000000355,0.43659999766037944,-1.9976000018632545,9.97429999937395,-0.016499999885785654,-0.30159999966125867,0.047999999663386916,52.202263,-2.201946,39.84999999996453,Vw7
13283.210000000356,-0.22299999907910387,-2.5228999967281984,9.79780000022853,0.01569999998324347,-0.20609999985204341,-0.04690000008663482,52.202263,-2.201946,39.840000000641744,Vw7
13283.310000000356,0.03529999828013824,-1.6052000026350535,9.861900002845402,0.011000000207495758,-0.16459999987379123,-0.07120000013084354,52.202263,-2.201946,40.019999999607826,Vw7
13283.410000000356,-0.44709999402290995,-2.3442999917675524,10.65999999748153,0.06919999970479984,-0.1291999999511565,-0.10790000007736525,52.202263,-2.201946,39.91,Vw7
13283.510000000357,1.229399995009752,-0.03520000304526201,9.953599999399561,-0.01359999998764528,-0.1155000002389756,-0.12959999957782156,52.202263,-2.201946,39.910000000211795,Vw7
13283.610000000357,-0.17030297528450467,-0.889358418885154,9.785184157815737,-0.010134653452998679,-0.1825297032091398,-0.011184157993897728,52.202263,-2.201946,39.969405940805736,Vw7
13283.710000000357,1.3586150055813413,-1.0013550003742382,10.462541002456364,0.03247000015399273,-0.1656769999366123,-0.026335000059090237,52.202263,-2.201946,39.99970000010744,Vw7
13283.810000000358,0.27500000071489017,-2.3768999936566493,9.820400001899205,-0.0035999998351631804,-0.05129999988210584,-0.11230000009675205,52.202263,-2.201946,40.06000000043001,Vw7
13283.910000000358,0.4745000027126407,-0.6067000037120536,10.35039999701753,0.04239999973841113,-0.018399999413754267,-0.13929999997491616,52.202263,-2.201946,40.180000000573344,Vw7
13284.010000000359,1.2314999946858043,-1.6425999859007185,9.518100001213343,-0.030599999900381224,0.14520000008886855,-0.13230000041030035,52.202263,-2.201946,40.34000000075252,Vw7
13284.110000000359,-0.2514999982140289,2.291999984424712,9.856700001565592,-0.0028000000250838638,0.16999999924497572,-0.2467999991303066,52.202263,-2.201946,40.54999999924748,Vw7
13284.21000000036,0.24690000085285865,-2.054499985510407,10.293599995777486,-0.009800000056905265,-0.04069999906322409,-0.004100000430391083,52.2022630000014,-2.2019459999995497,40.34000000025212,Vw7
13284.31000000036,0.4837000046179703,1.968599977845844,9.121200007068499,-0.025599999463001587,0.2193999977832158,-0.12359999885253055,52.202652,-2.201821,40.410000000576254,Vw7
13284.41000000036,1.7658999999373322,-4.1825999818112045,11.083799992922858,0.1234999988763011,-0.3960999980504545,0.19499999891735934,52.202652,-2.201821,40.57000000086438,Vw7
13284.51000000036,1.7484999965351888,0.8676000025462214,9.118799996999396,-0.18849999932260836,0.14519999881147233,-0.10559999942192516,52.202652,-2.201821,40.81000000080036,Vw7
13284.61000000036,0.8004445560211189,1.564577226669475,8.301277230345312,-0.0038702975956003633,-0.17744158269586008,0.05208118767958131,52.202652,-2.201821,41.02990099006333,Vw7
13284.710000000361,1.2348999965137815,1.2722999949402591,9.028999996268722,-0.16090000017881756,0.22839999934699007,-0.06979999984615898,52.202652,-2.201821,41.02,Vw7
13284.810000000361,0.2718000065011409,-0.12550000535801156,7.998200009050558,-0.2102999993889796,0.04800000018641913,-0.027299999959458365,52.202652,-2.201821,41.02000000018099,Vw7
13284.910000000362,2.067799993609263,-1.6056999879066471,10.498499994253947,-0.04150000028379145,0.09950000033374454,-0.0161000004579033,52.202652,-2.201821,41.070000000579164,Vw7
13285.010000000362,0.3023000038134476,1.7351999845663062,8.911100004990603,-0.11989999953051339,0.19169999849018604,-0.14259999930427658,52.202652,-2.201821,41.230000000542965,Vw7
13285.110000000363,1.3557999977954776,-2.5284999984665584,10.289800000080913,0.009800000142307388,-0.22539999925403956,0.04959999990311741,52.202652,-2.201821,41.380000000496835,Vw7
13285.210000000363,0.746780389943869,-2.1048725474802734,10.312152941257693,0.04911372563305032,-0.01932156787862402,0.022835294020392177,52.202652,-2.201821,41.51725490245953,Vw7
13285.310000000363,0.21160000032123355,2.0792000010128135,9.082200003804235,-0.14349999897081578,-0.15939999839201335,-0.036800000743602866,52.202652,-2.201821,41.63000000014552,Vw7
13285.410000000364,0.29990000499395275,2.3575999970991712,10.127900000597144,0.1393999998441916,0.28259999948847814,-0.24119999967882894,52.202652,-2.201821,41.66999999992651,Vw7
13285.510000000364,1.6360891006078182,1.5134059206492416,10.283296037018147,0.09590891049393706,0.1453683175481426,-0.15565940661741035,52.202652,-2.201821,41.651782178866526,Vw7
13285.610000000364,-0.644999997303486,-3.965999991064904,9.572900004870483,-0.01319999987175206,0.3421999994535682,-0.34159999915481304,52.202652,-2.201821,41.829999999522286,Vw7
13285.710000000365,0.10434852051136222,-1.5231712830049027,10.903830695082558,0.022799010301045086,0.19393960412041805,-0.11238316860191591,52.202652,-2.201821,41.698514850944534,Vw7
13285.810000000365,1.6591999985157433,-0.3902999842991559,11.456899990006102,0.13269999831963966,0.23789999931566863,-0.19069999976770405,52.202652,-2.201821,41.549999999482964,Vw7
13285.910000000365,1.2770247596908575,3.852583165201247,8.793367342304439,-0.3149584131559227,0.056482179637980724,-0.13139406072070137,52.202652,-2.201821,41.40594059257441,Vw7
13286.010000000366,3.249499988763862,3.000899988895119,13.050099991160847,0.4191999987711617,0.4446999986055372,-0.49079999852107975,52.202652,-2.201821,40.99999999890315,Vw7
13286.110000000366,0.17629998760814744,-0.036400023384489395,10.63249998862968,0.08310000074110539,0.0633000025095942,-0.08630000143065882,52.202652,-2.201821,40.699999998976274,Vw7
13286.210000000367,-3.212999988229927,-6.432299980066237,7.522600008868064,0.28579999955577007,0.7496999988352283,-0.4775999998614767,52.202652,-2.201821,40.419999998456774,Vw7
13286.310000000367,-0.009699999274314178,-1.0071999914784275,9.936099999836124,0.16489999927688623,0.4326999967867734,-0.4398999973540944,52.202652,-2.201821,39.99999999955908,Vw7
13286.410000000367,0.18780000194042876,1.312000011220389,9.891499998487635,-0.03190000015505793,-0.4418000003365713,0.28019999979276616,52.202652,-2.201821,39.879999999338615,Vw7
13286.510000000368,0.715899990142698,4.3656999690132805,9.47989999975059,-0.07409999987900596,-0.5334000001870582,0.22380000087368082,52.202652,-2.201821,39.69999999962886,Vw7
13286.610000000368,-1.9118549896528862,-3.9298299803792696,9.40718799797359,-0.04230700029668221,-0.5801259986493055,0.4570639992147296,52.202652,-2.201821,39.60010000003677,Vw7
13286.710000000368,0.8474683068934314,1.2925267101460294,8.864361387190607,-0.1233089112987824,-0.21955247640653852,0.24659405977140852,52.202652,-2.201821,39.609702970187826,Vw7
13286.810000000369,-1.855699994826001,-4.8347999735229505,9.150500007380666,-0.2341999997880477,-0.5347999980735975,0.34599999909015605,52.202652,-2.201821,39.58000000011077,Vw7
13286.91000000037,-0.45450000309103233,2.3355999916784724,11.149299995349974,-0.17679999957978798,-0.01310000101582009,0.09960000041134989,52.202652,-2.201821,39.609999999889226,Vw7
13287.01000000037,-1.2915999924819714,0.08200000656350494,9.889999996713263,-0.06299999975112223,-0.2881999983073358,0.21099999916696105,52.202652,-2.201821,39.57999999974152,Vw7
13287.11000000037,0.7443999971692923,1.8594999896442477,8.999900005381521,0.0044000001993976185,0.17019999897088672,-0.014599999768846465,52.202652,-2.201821,39.50999999996307,Vw7
13287.21000000037,-0.02220000245910633,-0.9450000018089849,10.457299996681115,0.05839999943745206,-0.1084999986793482,0.04799999933985964,52.202652,-2.201821,39.499999999406285,Vw7
13287.31000000037,-0.6848999966663326,-1.4324999993208225,9.562900000152553,-0.09319999990891824,0.2473999993800443,-0.1298999996075613,52.202652,-2.201821,39.339999999512735,Vw7
13287.410000000371,0.20425346525500324,-1.2453821760207007,9.618710896699358,-0.06850594044775621,0.0828861389428598,-0.02683465407224751,52.202652,-2.201821,39.20811881118276,Vw7
13287.510000000371,0.179599997063644,-0.6535999874614524,11.129799995021237,-0.02910000008358532,0.1715000004602815,-0.1902999995719532,52.202652,-2.201821,39.0199999989505,Vw7
13287.610000000372,-0.5999980183903432,2.6530128569601157,9.805231684553855,-0.04868019700996683,0.2950287131418509,-0.07580396028612307,52.202652,-2.201821,38.73831683105823,Vw7
13287.710000000372,-0.21979999324206329,-1.2056999765368375,10.17839999803299,0.22329999967334588,0.36790000033187464,-0.046200001968501235,52.202652,-2.201821,38.56999999914235,Vw7
13287.810000000372,1.5924999924768872,5.086499964134422,9.650900003018194,0.135699999297097,0.45689999932021635,-0.574099999085294,52.202652,-2.201821,38.339999999850846,Vw7
13287.910000000373,-0.42499999201077115,-4.531699971615025,10.460300008003772,-0.052799999401879905,0.27460000061117135,-0.32879999969944834,52.202652,-2.201821,38.299999999627104,Vw7
13288.010000000373,1.7175000037106565,3.0804000005582206,12.606699994423387,0.10759999794461474,0.4384999966260657,-0.24819999825896338,52.202652,-2.201821,38.199999999403374,Vw7
13288.110000000373,2.712599983531561,3.230099974163002,11.11119998341149,-0.4435999996677525,-0.4663000003012974,0.21870000074019227,52.202652,-2.201821,38.0399999989559,Vw7
13288.210000000374,-1.7037999996215032,-3.698699984416909,6.662600012117196,-0.35449999873317123,-0.5470999980458211,0.41719999965253995,52.202652,-2.201821,37.75999999894021,Vw7
13288.310000000374,-1.5929399959284567,0.4174179996318365,9.859137998177179,-0.01981500000562368,-0.03099400007273291,0.32235999886026784,52.202652,-2.201821,37.477499999062715,Vw7
13288.410000000375,-0.5044663316347406,0.34583664327479474,9.3825564374268,-0.021256435627231646,-0.05295445647821724,0.02126831678231384,52.202652,-2.201821,37.22663366210426,Vw7
13288.510000000375,0.8288999898513657,2.909499980967668,9.858200002383395,-0.016900000123011454,-0.32840000056131075,0.008100001272127694,52.202652,-2.201821,36.88999999746407,Vw7
13288.610000000375,-1.8087623598766596,-2.056758392542968,10.49372475465911,-0.04915148505533969,-0.47319702838960886,0.34225445471610555,52.202652,-2.201821,36.213465344084625,Vw7
13288.710000000376,2.554999993989062,4.157399975356059,11.076199993423137,-0.02430000021989399,-0.12290000069884117,0.14770000052827273,52.202652,-2.201821,35.55999999789143,Vw7
13288.810000000376,0.9585999829476728,-2.3875999788871645,9.329499996218123,-0.08270000038970939,-0.30849999922622917,0.28799999896303413,52.202652,-2.201821,34.99999999755255,Vw7
13288.910000000376,-3.5701999889650113,3.2195999767725674,8.325100007679723,-0.18619999915544141,-0.10300000134383844,0.012600000909321897,52.202652,-2.201821,34.349999998079696,Vw7
13289.010000000377,-0.6394999967403727,-2.9491999778328783,10.364700000624664,0.03809999893404129,-0.4598999994084701,0.2541000005147176,52.202652,-2.201821,33.83999999706306,Vw7
13289.110000000377,0.22619999941223543,2.937999999747348,10.530599999931471,-0.2449999993060537,-0.30279999898600257,0.3907999991068689,52.202652,-2.201821,33.05999999747725,Vw7
13289.210000000377,0.07010000848335912,2.8708999968869375,10.512400006248068,-0.06070000090122921,-0.033499999934545485,0.15359999910255426,52.202652,-2.201821,32.38999999776774,Vw7
13289.310000000378,2.3122999959593007,2.0480999953684633,12.163799979934085,-0.2989000006019201,-0.016199999970190622,-0.08359999964190529,52.202652,-2.201821,31.799999996980844,Vw7
13289.410000000378,1.240878994654497,0.8081819893937894,6.952461014824392,-0.4514449981242853,-0.006234999180439499,0.0092239996683903,52.202652,-2.201821,31.00449999791798,Vw7
13289.510000000379,-0.14378514347454235,-1.9164970111151438,10.811567319982151,0.03897722767629709,0.20828118818740027,-0.07733465340275494,52.202652,-2.201821,30.450891085660754,Vw7
13289.610000000379,1.1876999895458167,2.993799982873618,9.028299994194601,0.02670000020922744,0.22639999853162443,-0.06079999908212339,52.202652,-2.201821,29.539999998146087,Vw7
13289.71000000038,-1.5754000118741918,-1.5327999988306007,7.493900007338398,0.08200000025015107,-0.1616999992244557,0.18179999877547634,52.202652,-2.201821,29.04999999722477,Vw7
13289.81000000038,-4.698799980975816,-1.2252000092872546,9.424200001142811,0.14779999919358136,0.04229999833148144,-0.14029999816405359,52.202652,-2.201821,28.319999998463963,Vw7
13289.91000000038,0.25458415814355917,-3.589655424987795,9.717365344847858,-0.06292574285030587,-0.38695148315215355,0.3336752459558332,52.202652,-2.201821,27.915940592515344,Vw7
13290.01000000038,0.18300000473082037,1.8148000134005695,9.273900003014738,-0.13549999990723882,0.1378999971377092,-0.07879999836527422,52.202652,-2.201821,27.50999999798511,Vw7
13290.11000000038,1.4273999946561324,5.339699962052626,10.066899997657547,-0.11110000050881176,-0.614999998092628,0.3511999990349857,52.202652,-2.201821,26.97999999742714,Vw7
13290.210000000381,0.013719793581224039,-4.509338601361411,9.431096029788522,-0.24052871170301587,-0.12465940835961607,0.10425544720130019,52.202652,-2.201821,26.307623761472353,Vw7
13290.310000000381,-2.1942999939504597,-1.2231999826653948,6.850699999987394,0.06659999896366717,-0.7605999986855801,0.5397999988712261,52.202652,-2.201821,26.06999999839565,Vw7
13290.410000000382,-0.6105999946273419,3.314800020751104,6.847400004884096,-0.20469999909125108,-0.41650000130410625,0.2443000005279071,52.202652,-2.201821,25.64999999866304,Vw7
13290.510000000382,0.7958999832060426,8.747199939785222,8.126000006780862,0.03320000029131391,-0.7579000002693207,0.38250000088474545,52.202652,-2.201821,25.299999999691323,Vw7
13290.610000000383,-3.510667982445347,-6.738781954168796,9.887671001632324,0.10609599900478281,-0.8174059960657581,0.6049409973785734,52.202652,-2.201821,25.21819999931206,Vw7
13290.710000000383,1.0170643489690445,5.045401946679495,10.297358410818818,-0.15081881154439458,0.1956415818428657,-0.07050494912100759,52.202652,-2.201821,25.039900990061167,Vw7
13290.810000000383,-0.936500006081205,-3.7244000016449417,8.983199998232163,-0.06269999874545587,-0.4101999965775292,0.2889999979790054,52.202652,-2.201821,25.029999999224636,Vw7
13290.910000000384,-2.4939249957087237,-4.105343983350998,8.551720009415849,0.2593519994055574,0.46969999888638014,-0.23183799982258885,52.202652,-2.201821,24.828599999462387,Vw7
13291.010000000384,-1.3907138625818765,0.16981682512314847,10.96595148006102,0.10505643524283056,0.17904257289135694,-0.18346237522476339,52.202652,-2.201821,24.688316831036826,Vw7
13291.110000000384,-1.7020999942475041,-1.5384999989525914,9.641099999323732,0.0006999996434435161,-0.17669999884167117,0.08029999945154014,52.202652,-2.201821,24.519999999808096,Vw7
13291.210000000385,-0.20329999725241651,-1.2655999867317747,9.464899997527368,-0.0921999993320962,0.12509999873052,-0.06259999967106124,52.202652,-2.201821,24.469999999383,Vw7
13291.310000000385,0.5091999915960852,2.175099999075667,8.82370000397701,0.0810000004051018,-0.20409999906943443,0.022699999858993413,52.202652,-2.201821,24.309999999220956,Vw7
13291.410000000385,-1.6794188238875685,1.8941445376121329,9.823778209749658,0.18375247476619994,0.03223069207800701,-0.010965345556723679,52.202652,-2.201821,24.107821781337808,Vw7
13291.510000000386,-4.791299984121474,-2.4714000000728835,7.731600008941119,0.05900000025335612,-0.2246999986024923,0.24249999859632226,52.202652,-2.201821,23.889999998804562,Vw7
13291.610000000386,-0.673700006559494,-2.4902999973819866,10.050199994872335,0.12469999897770613,0.1376999979592685,-0.12149999900624243,52.202652,-2.201821,23.579999999383,Vw7
13291.710000000387,-2.374699996085258,-1.811399982217836,8.720500010286269,-0.14039999871174622,-0.39149999755561116,0.13619999947694958,52.202652,-2.201821,23.41999999938009,Vw7
13291.810000000387,-1.3643000027128882,2.77819999186676,11.375399990001602,0.19209999929097613,0.23939999845835738,0.001200001238660843,52.202652,-2.201821,23.259999998876413,Vw7
13291.910000000387,-2.0644999831062467,0.6790000297038387,8.794800016276941,0.009100001232849172,-0.15849999777258017,0.32089999766680777,52.202652,-2.201821,22.969999999302598,Vw7
13292.010000000388,2.295799987246094,8.34559997154102,12.995899985100426,0.32729999780551294,0.41639999484117324,-0.2812999960972691,52.202652,-2.201821,22.789999999806277,Vw7
13292.110000000388,-0.9960000002786471,1.0002999607041019,9.150299995374144,-0.23909999957615893,-0.9150999991249228,0.7259999982017085,52.202652,-2.201821,22.739999999412962,Vw7
13292.210000000388,-1.0588910858878713,-8.914648466025023,7.991697038773083,-0.12969999957357306,-0.6898267320246071,0.2651237618427242,52.202652,-2.201821,22.59128712921184,Vw7
13292.310000000389,-0.22800000382256985,3.6804999563857237,10.331400004418144,-0.019699999883999408,-0.5225000010319382,0.12750000190778155,52.202652,-2.201821,22.720000000389263,Vw7
13292.41000000039,-1.209999994785423,-7.523799952915827,11.46639999883727,0.010099998931471054,-0.787599997022911,0.6175999978808483,52.202652,-2.201821,22.82000000031141,Vw7
13292.51000000039,0.12959998968061845,4.57189996078129,11.167699989534256,-0.2644000006068622,-0.02280000277077925,0.07320000194320456,52.202652,-2.201821,22.900000000544967,Vw7
13292.61000000039,-2.5213999875922184,-5.503199947270335,8.479100015087862,-0.4202999979820568,-0.7345999959683955,0.5723999960742753,52.202652,-2.201821,23.040000000700672,Vw7
13292.71000000039,0.666099992222929,8.042799978990645,12.35509999181816,0.09809999867110092,0.3010999971274974,-0.4360999962100173,52.202652,-2.201821,23.220000000938597,Vw7
13292.81000000039,-1.3224999957898589,2.670700007087503,10.262999997106762,-0.24169999903661998,-0.4333999962467675,0.5329999967846031,52.202652,-2.201821,23.460000001006748,Vw7
13292.910000000391,-0.24596534232664524,4.482977234806685,9.523198016910209,0.0046366346262583236,0.526302974048361,-0.28917822103555046,52.202652,-2.201821,23.717425743580495,Vw7
13293.010000000391,-1.5100230050333956,-0.3574240191829565,9.618463000405345,-0.09249400039322792,-0.07502900241213661,-0.03554499896611546,52.202652,-2.201821,23.967500000977207,Vw7
13293.110000000392,-1.6512999961349295,-2.4961999955541714,10.213500000578412,-0.03830000037309292,0.3881999985561226,-0.15179999969221789,52.202652,-2.201821,23.980000002150955,Vw7
13293.210000000392,-0.6630000014969556,-1.3593999985545147,10.361400000251065,-0.13369999911597116,0.01900000097164593,-0.07310000031353556,52.20265200000043,-2.2018209999947076,24.530000001217996,Vw7
13293.310000000392,-1.0440000040044544,-0.9915000018918217,10.425299990876036,0.09129999933953223,0.2662999992279481,-0.15290000000667933,52.20276,-2.200474,24.84000000047148,Vw7
13293.410000000393,-2.0632000024733164,-1.4729999936381355,8.103100004043744,-0.07679999905782169,0.06980000112094858,-0.1546000008506322,52.20276,-2.200474,24.960000001217995,Vw7
13293.510000000393,-2.6926999887983722,0.146200013251396,9.132300003923124,0.16299999939925328,0.35509999847318396,-0.3710999989533098,52.20276,-2.200474,25.269999999685677,Vw7
13293.610000000393,0.15830000093264548,3.518900007460767,10.13080000009644,0.010100000476244498,-0.033499997821181425,-0.1047000015386666,52.20276,-2.200474,25.190000000912804,Vw7
13293.710000000394,0.39067499896806,5.353955982370927,10.157194000823193,0.12929499968353841,0.5111359982844244,-0.4879229982400018,52.20276,-2.200474,25.422800001100736,Vw7
13293.810000000394,0.1165059349490665,0.8638385938937437,10.354699996129796,0.049517821749724494,0.08373564539505927,-0.047789110130838294,52.20276,-2.200474,25.701584159041456,Vw7
13293.910000000395,-1.312899995478255,-4.192299987289994,9.374700003154976,0.04129999981380347,0.5472999988305901,-0.3566999991770672,52.20276,-2.200474,25.860000000837285,Vw7
13294.010000000395,-0.1763336623923339,-1.0041386137186679,10.16173465178088,-0.005711881311286559,0.2555287134750046,-0.15149108957929436,52.20276,-2.200474,26.07079207952073,Vw7
13294.110000000395,0.07029999189835762,-0.9679999795483363,9.735199992763587,-0.0369000003394598,0.40840000009789074,-0.270599999686197,52.20276,-2.200474,26.150000000513135,Vw7
13294.210000000396,-1.9822000036394412,4.213299967125274,7.90190000518793,-0.12289999999167266,0.43319999849195956,-0.1910999988091913,52.20276,-2.200474,26.280000001031006,Vw7
13294.310000000396,-2.899999983399121,-4.077099958419083,9.210199999456623,-0.12079999973655631,0.05290000261402105,0.10919999798707031,52.20276,-2.200474,26.540000000392613,Vw7
13294.410000000396,1.286435660156942,6.4088406356195495,9.073170296486596,-0.054364356172331485,0.7121079234047942,-0.3984237643881617,52.20276,-2.200474,26.63900990138252,Vw7
13294.510000000397,1.2372999869018975,1.0474000089534699,11.398099991967692,-0.11700000064358393,-0.28609999812238457,0.17639999878539894,52.20276,-2.200474,26.760000000436197,Vw7
13294.610000000397,-2.065800000806165,3.3052999862848815,9.372500003479637,-0.2792999984479436,0.1873999985581817,-0.12989999877350272,52.20276,-2.200474,26.870000000713773,Vw7
13294.710000000397,-2.269099992262184,-0.15339999423063966,10.250000003781993,0.11209999977587295,-0.17619999884355267,0.1793999986729425,52.20276,-2.200474,27.05000000072429,Vw7
13294.810000000398,-0.3535405970249052,1.2504663247033987,11.174755439508589,0.05664851495053243,0.11045742544661624,-0.15014356425423148,52.20276,-2.200474,27.230891089464063,Vw7
13294.910000000398,-1.097599996493647,-1.7428999755527277,9.660300006419549,0.08150000053260556,0.03620000188622835,-0.12450000039397674,52.20276,-2.200474,27.320000000796718,Vw7
13295.010000000399,-0.21740000531330808,4.394099987200735,11.271799993023146,0.21519999897303133,0.5096999967342556,-0.22339999837429822,52.20276,-2.200474,27.52000000047803,Vw7
13295.110000000399,-1.5512000002072268,1.181100011940701,9.520400000943587,-0.04259999989055196,-0.3100999980009637,0.18469999900531045,52.20276,-2.200474,27.640000000764527,Vw7
13295.2100000004,-1.612430696947716,4.1332138552536115,9.75427920767336,-0.014847524532272538,0.18134752261911352,-0.06069009828852007,52.20276,-2.200474,27.830990099404527,Vw7
13295.3100000004,-2.5854999918495816,2.5945999791799563,9.69220000276923,0.04039999980191205,-0.35389999721756465,0.12029999870022294,52.20276,-2.200474,27.929999999679858,Vw7
13295.4100000004,-0.5488000019394469,-2.608099992074865,10.38419999556409,-0.009100000263551355,0.34139999966449747,-0.20449999989773235,52.20276,-2.200474,27.849999999878737,Vw7
13295.5100000004,-1.0186257385808064,-0.65810891513864,9.294257428728347,-0.07337128675687873,0.2572871282673046,-0.17831287093194387,52.20276,-2.200474,27.82059405964379,Vw7
13295.6100000004,-0.021200009049217625,-1.718999987129886,10.039999995017387,0.019499999492174538,0.1460000003565583,-0.08960000009684299,52.20276,-2.200474,27.880000000800354,Vw7
13295.710000000401,-2.282500000033768,1.4970999892469914,8.794900007356137,-0.10739999988945091,0.23509999893792483,-0.11379999927479803,52.20276,-2.200474,28.0799999996382,Vw7
13295.810000000401,-2.290899995326387,-1.1777999909192975,10.624799991396065,-0.07990000028501563,-0.02909999948182631,0.0665999994239388,52.20276,-2.200474,27.990000000522596,Vw7
13295.910000000402,-1.1282999971494783,1.0810999946453232,8.484500006332462,-0.15079999938401117,0.09979999950785863,-0.07669999982620751,52.20276,-2.200474,28.120000000324847,Vw7
13296.010000000402,-0.4306386156063539,-0.22997128406048448,10.031614846503906,0.0004940592426734118,-0.020888118606005254,-0.03280891045225878,52.20276,-2.200474,28.200594059644867,Vw7
13296.110000000403,-0.8644999996884526,0.5328999977713306,8.793100003788819,-0.04009999975317405,0.0302999994826303,0.07630000008884127,52.20276,-2.200474,28.2600000005226,Vw7
13296.210000000403,-0.7870000022096793,-0.021500004061981597,9.735599999680177,0.02129999955741805,-0.0983999997960731,0.09839999968421617,52.20276,-2.200474,28.390000000403816,Vw7
13296.310000000403,-1.334200002384144,-1.0273999890623067,9.656399998460197,-0.08829999938693443,-0.047900000440118266,0.02020000050619719,52.20276,-2.200474,28.490000000203946,Vw7
13296.410000000404,-1.9173306925160882,1.6438207879262665,9.278535643417152,0.06159108894370527,-0.15448415788422348,0.1427821776046009,52.20276,-2.200474,28.540990099409914,Vw7
13296.510000000404,-1.7804000037025856,0.6158999975924511,9.242100002103477,0.02070000037837526,-0.022899999531170032,-0.009000000746655131,52.20276,-2.200474,28.640000000282672,Vw7
13296.610000000404,-2.697300000211599,0.019700001489272107,9.763000001313612,0.11439999940154522,0.09319999930422565,-0.19389999877684239,52.20276,-2.200474,28.710000000080765,Vw7
13296.710000000405,-2.749699997212073,0.3884999923915111,10.08829999560576,-0.03380000023323991,-0.07910000008356075,0.10900000056748285,52.20276,-2.200474,28.730000000851835,Vw7
13296.810000000405,-2.062400002446788,-1.4871999925501143,9.005000004472528,-0.09129999954406667,-0.0996999995842245,0.24889999882082012,52.20276,-2.200474,28.940000000405636,Vw7
13296.910000000405,-2.665599997180839,0.34940000264270965,10.10759999728955,0.0211000004461981,0.00279999958097942,-0.041800000161036945,52.20276,-2.200474,29.04000000048676,Vw7
13297.010000000406,-1.9705999976452908,1.0008999885663763,9.439400000347222,0.13109999980164466,-0.1005000002470315,-0.0814999993079873,52.20276,-2.200474,29.160000000202817,Vw7
13297.110000000406,-1.3901000067196039,-1.8177999803164768,9.52499999891626,0.08219999976604304,-0.16139999914161154,0.08909999960706705,52.20276,-2.200474,29.210000000327785,Vw7
13297.210000000407,-3.022616828646119,2.956187116532125,9.275158421790714,0.024836633556478912,0.04570692972184032,-0.00475643481418222,52.20276,-2.200474,29.290792079529385,Vw7
13297.310000000407,-2.2742999944407027,-0.045099996703700164,10.740999996858939,-0.001499999839870725,-0.19359999873159686,0.1995999988921336,52.20276,-2.200474,29.370000000325962,Vw7
13297.410000000407,-0.9098999995289837,0.7639000001629814,9.970099998757266,0.03779999995803228,0.11769999982438749,-0.07229999985535397,52.20276,-2.200474,29.450000000366707,Vw7
13297.510000000408,-0.7943000067904822,0.803899996572039,9.665099998993302,0.027499999635349583,0.07460000021689703,-0.03679999991892084,52.20276,-2.200474,29.540000000740825,Vw7
13297.610000000408,-2.435299006272326,-0.04146931201405224,9.432463371213737,-0.06040693041052592,0.12613564308968353,-0.01770297054284245,52.20276,-2.200474,29.720990099413534,Vw7
13297.710000000408,-1.5452000044418357,-1.2883999944388036,10.628799996436054,0.00890000081363396,0.009700000936415746,-0.07800000021732376,52.20276,-2.200474,29.820000000818546,Vw7
13297.810000000409,-2.6304999991507594,0.0704000091587026,9.758000006432946,0.20770000034624464,0.2384999997712166,-0.13110000032086971,52.20276,-2.200474,30.019999999959072,Vw7
13297.91000000041,-2.422999996451197,2.3081999975676926,11.329799993343181,0.2922999984865099,0.18260000010149963,-0.20949999958090484,52.20276,-2.200474,30.01000000016371,Vw7
13298.01000000041,-1.555900005524362,1.7138999936239419,9.703299997379428,-0.07750000025538611,0.20739999922852112,-0.10709999941474016,52.20276,-2.200474,30.05000000016371,Vw7
13298.11000000041,-2.905700001527124,0.1560000029583382,9.062999998927623,-0.1398999979962178,0.018899999786268745,0.03589999977634699,52.20276,-2.200474,30.090000000868155,Vw7
13298.21000000041,-3.285234004149781,0.8592379949378736,8.826583009411328,0.3446949999570035,-0.033941000467229115,-0.01763099976699968,52.20276,-2.200474,30.30120000049139,Vw7
13298.31000000041,-4.280521996718715,-0.34036499003234577,11.082736992118418,0.33104899866289067,-0.14478499913011808,0.03774599960762772,52.20276,-2.200474,30.419899999958872,Vw7
13298.410000000411,-3.494427724305451,2.039845536717554,9.170149498595865,0.008814851326740893,0.06149405812849918,-0.0540069295854376,52.20276,-2.200474,30.409702970174866,Vw7
13298.510000000411,-3.867199994956728,0.13440001074017927,7.625100003707635,-0.029700001555570635,-0.24909999539865166,0.21529999808677966,52.20276,-2.200474,30.37999999987667,Vw7
13298.610000000412,-2.6404000059669945,2.7470000102518024,8.526999995505946,-0.4081000001578592,0.8701999990795659,-0.25009999993216986,52.20276,-2.200474,30.349999999342256,Vw7
13298.710000000412,-4.091900005532589,5.240799969516463,7.433800017772911,-0.44649999698162357,0.6462999963874452,-0.23359999889133506,52.20276,-2.200474,30.189999999339346,Vw7
13298.810000000412,-5.4317999998451585,-2.141800007213135,11.738099988002881,0.28449999968990414,-0.2286000002700435,0.03490000015071237,52.20276,-2.200474,30.029999999091597,Vw7
13298.910000000413,-5.394299989508735,-3.88870000198781,8.832599999230068,0.20940000042250348,-0.2939999984188444,0.07139999922130902,52.20276,-2.200474,29.809999998331673,Vw7
13299.010000000413,-2.878222771997459,-4.331590085084048,8.675762387706502,0.3112346536862165,0.08189801847921431,-0.11433762336481024,52.20276,-2.200474,29.40653465203378,Vw7
13299.110000000413,-2.810500007500934,-0.9606000062126528,11.451999985774405,0.3646999978520391,-0.23829999981377734,-0.01809999959617344,52.20276,-2.200474,29.0599999976877,Vw7
13299.210000000414,-4.627099992964113,-2.465200003394976,8.006800007932533,-0.1554999997113482,-0.1932000000713335,0.079699999121188,52.20276,-2.200474,28.499999998133717,Vw7
13299.310000000414,-2.930600003900532,-3.283800012241158,9.919500004192916,-0.08589999985484464,-0.21040000136694872,-0.13219999980798022,52.20276,-2.200474,28.049999998009298,Vw7
13299.410000000415,-3.8710999937237593,-6.235399984692708,10.930499997323528,-0.05090000006493241,-0.5399999991960949,-0.08589999968664876,52.20276,-2.200474,27.56999999773784,Vw7
13299.510000000415,-2.408067341324571,-2.6095940711044365,10.293726733555708,-0.06535247481287773,-0.35312772485841865,-0.010010890637207465,52.20276,-2.200474,27.02603960231712,Vw7
13299.610000000415,-5.924799996379826,-5.4289999958390185,10.506399996638201,0.03939999971756915,-0.8558999999257634,0.09889999996433325,52.20276,-2.200474,26.629999998009296,Vw7
13299.710000000416,-5.051900003324394,-4.425699997449797,9.695799999503508,-0.028700000030715198,-0.8380000005541358,0.09030000012580609,52.20276,-2.200474,26.14999999768584,Vw7
13299.810000000416,-5.846746536631567,-3.8046980135916293,9.578367326969104,-0.035901980157170374,-0.9688762372804621,0.11882178160385012,52.20276,-2.200474,25.595148512829645,Vw7
13299.910000000416,-6.321399997881017,-2.3145000045020567,9.63510000328032,-0.026100000566089514,-0.8865000010563672,-0.01899999943640978,52.20276,-2.200474,25.109999998083875,Vw7
13300.010000000417,-5.81270000218813,-3.3952999970754125,10.422599993313979,-0.16199999990002834,-1.1400999992227203,0.11630000041988096,52.20276,-2.200474,24.649999998000567,Vw7
13300.110000000417,-6.338000002917923,-2.6932000038518247,8.817500007954829,-0.1379999995813687,-0.9535000016861886,0.21710000036531307,52.20276,-2.200474,24.169999997958914,Vw7
13300.210000000417,-7.038499998705152,-3.6178999909523832,10.727199994919344,-0.037500000141826605,-1.35829999904403,0.30479999905239746,52.20276,-2.200474,23.679999997740815,Vw7
13300.310000000418,-6.728999991637669,-1.4552999969902638,9.5128000046899,-0.07139999981298971,-1.1297999996293262,0.07829999990335709,52.20276,-2.200474,23.139999997908163,Vw7
13300.410000000418,-4.730200000963082,-0.7359000023072971,10.6337999974375,-0.026699999597530406,-1.0411999999217652,0.05519999961008143,52.20276,-2.200474,22.63999999757347,Vw7
13300.510000000419,-4.960399986284238,-1.2873999907469647,10.02129999738604,0.06949999985398973,-1.022499999298816,-0.03799999993640813,52.20276,-2.200474,22.059999998075508,Vw7
13300.610000000419,-1.6819999984901115,0.9242999980261418,9.396499996646783,0.0345999995201324,-0.8548999994531936,-0.022799999669071258,52.20276,-2.200474,21.59999999857755,Vw7
13300.71000000042,-1.3210999936816548,0.4525000005096863,8.59500000497669,-0.08009999953443331,-0.7241999997596532,0.0562999999470565,52.20276,-2.200474,21.259999996848602,Vw7
13300.81000000042,0.1825999917916557,0.5737999974297189,9.77940000035674,0.030699999713012585,-0.6669999997525101,0.04370000006849041,52.20276,-2.200474,20.509999997730993,Vw7
13300.91000000042,-1.7708999909713443,-0.037899994633146666,9.864300000162308,-0.03759999983563291,-0.6080999991167844,0.0599999996650866,52.20276,-2.200474,19.969999997610703,Vw7
13301.01000000042,0.3778254992163037,1.2393549073226264,9.90292745114255,0.0015176472230371552,-0.3979039206862365,-0.019705882687541865,52.20276,-2.200474,19.401372546632544,Vw7
13301.11000000042,-1.8789999937304838,0.9504999985900869,9.929800002906775,0.031499999608935285,-0.4268999991330012,0.028499999731663044,52.20276,-2.200474,18.65999999700461,Vw7
13301.210000000421,-0.3869207857857755,0.6149554441292631,10.621582181135686,-0.061569307323249556,-0.22056336546632757,-0.03536138640797444,52.20276,-2.200474,17.947128709864472,Vw7
13301.310000000421,-1.927587006627829,0.793265000774013,9.9397569970655,-0.03101799986586587,-0.3766030006736233,0.1547730008128191,52.20276,-2.200474,17.05889999624593,Vw7
13301.410000000422,1.1130999920522289,1.6389999978153753,10.312099995215565,0.026599999820967345,-0.040100000710589126,0.010900000231463645,52.20276,-2.200474,16.04999999518317,Vw7
13301.510000000422,-0.7413762333916932,1.1307287146566651,9.195249507293516,-0.015329702940617368,-0.20514257355765456,0.06391980143969374,52.20276,-2.200474,14.910495045491926,Vw7
13301.610000000423,0.26099999148529224,1.5535999961209592,9.750200000008098,-0.008299999820967347,-0.03940000047401026,-0.06409999948336291,52.20276,-2.200474,13.959999996802988,Vw7
13301.710000000423,-1.7104386028577043,0.6337336592005556,9.758424755145695,0.033639603934895526,-0.14869009820349943,0.056090098583498914,52.20276,-2.200474,13.202970294061611,Vw7
13301.810000000423,0.8956999876048278,-0.35289999939181177,10.390900000057641,0.027599999946174285,0.04229999904512333,-0.044899999355786716,52.20276,-2.200474,12.499999996736552,Vw7
13301.910000000424,-2.0288999890187065,-0.20940000405727224,10.404499997320158,0.014899999852509064,-0.18299999878235212,0.10709999948759615,52.20276,-2.200474,11.729999997457053,Vw7
13302.010000000424,0.5620999953387779,-1.1666999897214076,9.772199998623842,-0.019899999826655766,0.10429999933544314,-0.013799999835556081,52.20276,-2.200474,11.129999997880878,Vw7
13302.110000000424,-0.537699997908002,1.258499997971152,9.447499998314026,0.02099999990252036,-0.052499999744433805,0.024999999448180463,52.20276,-2.200474,10.629999997499436,Vw7
13302.210000000425,-0.0440999940516318,0.7797999927759782,9.049700002903739,-0.0020000000957697923,0.0077999988826857585,-0.10519999899079921,52.20276000000014,-2.2004739999954794,10.03999999833999,Vw7
13302.310000000425,1.3534000025100197,-0.9173999958665757,9.731900005853875,-0.024499999219369784,-0.2546999981173787,0.13189999831913374,52.202793,-2.199412,9.649999998297426,Vw7
13302.410000000425,1.943099989401902,0.053699987150247756,11.10719999517746,0.15889999965820828,0.18759999985655812,-0.26299999916999517,52.202793,-2.199412,9.249999998297422,Vw7
13302.510000000426,-0.5467999976104372,-2.9651999902902197,9.974199995460937,0.0785999994445352,0.15390000030859155,-0.06799999997531268,52.202793,-2.199412,8.849998998765635,Vw7
13302.610000000426,0.014599998416606105,-0.6839999938745641,8.907800016492835,-0.05189999886949081,0.22639999886480872,-0.062200000317104424,52.202793,-2.199412,8.559998998552818,Vw7
13302.710000000427,-0.35739999741470674,0.7550999934230618,12.782599999213042,0.2136999993660731,-0.04029999944301635,-0.13669999881678377,52.202793,-2.199412,8.219999998717613,Vw7
13302.810000000427,0.2473999977618063,-0.7835000036727578,12.59849999183974,0.06540000119689503,0.09000000003291461,0.14009999888646016,52.202793,-2.199412,7.919999998888597,Vw7
13302.910000000427,-0.2761999951981711,-1.6426999972491276,10.689500003990082,0.34539999959499007,0.09769999964507657,-0.12039999989637272,52.202793,-2.199412,7.659999998920549,Vw7
13303.010000000428,0.8407930713995038,-0.9896356367370299,11.592415832524528,0.2491524742008148,0.013870296332743191,-0.09343267199831795,52.202793,-2.199412,7.407623761360014,Vw7
13303.110000000428,1.3301000071471731,0.6067999940608358,9.474000013102154,0.004400000358213583,-0.14909999939428564,0.20329999889030734,52.202793,-2.199412,7.169999998546627,Vw7
13303.210000000428,3.0020999873825582,-0.7826000011397424,12.539099994445527,0.08819999855890201,-0.007400001119136869,-0.056299998909195716,52.202793,-2.199412,6.8299999985833715,Vw7
13303.310000000429,0.0628999904656579,-1.0480999928537509,11.245199988592704,-0.24749999948228651,-0.2680999993389065,0.1977999997244013,52.202793,-2.199412,6.49999999884094,Vw7
13303.41000000043,-2.1580999967387484,0.6165999896122463,8.587900006774492,-0.12689999940802082,-0.11410000028847717,0.13360000048809306,52.202793,-2.199412,6.229999998969725,Vw7
13303.51000000043,-1.3983999990512879,-1.8031999958638727,10.1659999966662,0.010999999607207428,-0.18130000003305466,0.2472999988765703,52.202793,-2.199412,5.989999998712156,Vw7
13303.61000000043,-1.1773999833820838,-0.8396999978703344,9.389400007680704,-0.08050000019789877,-0.18899999992659286,-0.014399999157749699,52.202793,-2.199412,5.68999999978536,Vw7
13303.71000000043,2.6936999962007118,-0.34359999700212723,11.178599994534508,-0.1265999994693153,-0.17189999908304926,0.1817999993123947,52.202793,-2.199412,5.64000000073287,Vw7
13303.81000000043,1.8123999887827653,0.35179999342097545,9.910800005473684,-0.0035000001336411516,0.0408000003513469,0.022299999579245923,52.202793,-2.199412,5.810000001250191,Vw7
13303.910000000431,-0.7895999918896499,-1.17429999064599,11.180499993805217,-0.03449999971695423,0.12229999986326712,-0.07530000008404283,52.202793,-2.199412,6.100000002046638,Vw7
13304.010000000431,1.0750405949826412,0.9590425678925687,9.754877226419055,0.029863366062054458,0.09045346515394488,-0.0934108905762479,52.202793,-2.199412,6.575841586677883,Vw7
13304.110000000432,1.2890999962873626,-0.5166999896281534,9.452599998982173,-0.03379999998749808,0.04580000013622775,0.025499999725820087,52.202793,-2.199412,7.160000003448804,Vw7
13304.210000000432,0.4279000006844457,1.8891999917710665,9.216500009609947,-0.03090000052210089,0.07739999937876055,-0.03809999985453906,52.202793,-2.199412,7.960000003679811,Vw7
13304.310000000432,0.5859999949270496,-0.011600005977752152,11.436299995523612,-0.15149999948742332,-0.06610000020390508,-0.004499998795618011,52.202793,-2.199412,8.80999900389628,Vw7
13304.410000000433,-0.5857999933070649,-1.3923999900961013,10.402299997070001,-0.03309999984198439,-0.11320000055933196,0.2737000001155895,52.202793,-2.199412,9.710000003809693,Vw7
13304.510000000433,0.96019998273647,0.8952999975955652,9.72550000158535,0.003400000250227458,-0.24240000038529835,0.3003999992597077,52.202793,-2.199412,10.590000004112735,Vw7
13304.610000000434,-3.027499989341089,0.3399000056521967,10.091699998109872,0.061199999730291166,-0.33139999917269086,0.1294000003246896,52.202793,-2.199412,11.54000000445907,Vw7
13304.710000000434,-0.5654000063758744,1.6454999994452737,9.655099998584056,-0.0011000000434738468,-0.14030000011607519,0.20439999910704718,52.202793,-2.199412,12.570000003521383,Vw7
13304.810000000434,-2.032000005241642,1.5179000077439964,9.329399996556436,-0.011099999057921741,-0.16699999822626707,-0.0010000009977247828,52.202793,-2.199412,13.380000003869172,Vw7
13304.910000000435,-3.2377000075887943,3.299199987022622,8.537300002279334,0.20559999967264195,0.24099999818453216,-0.2304999992700741,52.202793,-2.199412,14.270000002347587,Vw7
13305.010000000435,-4.983299982135762,0.3141000062716513,9.061599996723654,0.13030000029597347,-0.17659999686417435,-0.06260000149699337,52.202793,-2.199412,14.810000002546953,Vw7
13305.110000000435,-0.8612729765450685,1.7386309984042103,8.326699004870877,0.19566799911620483,0.5347799988169671,-0.4008599988517622,52.202793,-2.199412,15.399100003957942,Vw7
13305.210000000436,4.4568459910164036,1.3760370002770674,9.44269700317388,-0.005027999794700416,0.25737499646597645,-0.13603299849200498,52.202793,-2.199412,16.306600002870717,Vw7
13305.310000000436,2.408961384767807,1.4350257407948028,10.154206925935462,0.040581187630164564,-0.5438059391990362,0.20851881245718654,52.202793,-2.199412,16.967425745817494,Vw7
13305.410000000436,2.0951000027171336,1.0275999955060775,9.064900008877832,-0.07129999939711415,-0.2244000014602847,0.3403999995800317,52.202793,-2.199412,17.710000002619346,Vw7
13305.510000000437,2.7174999702446803,-0.0018000017462298274,11.098499992221855,0.06679999917665264,-0.5588999988439958,0.2442000005858601,52.202793,-2.199412,18.31000000296859,Vw7
13305.610000000437,-4.098399998610001,-0.4017999966769246,9.316800008190254,-0.12179999911640771,-0.294100001083099,0.3784000003479363,52.202793,-2.199412,18.990000002575687,Vw7
13305.710000000438,-3.779999987883275,0.3594000006325772,11.192899989205857,0.08059999888871572,-0.5421999986975836,0.45809999797207057,52.202793,-2.199412,19.580000002454906,Vw7
13305.810000000438,-1.0159999843539063,0.5037000049843402,8.730600005840051,-0.17289999941564418,-0.24510000077680308,-0.004499999466934241,52.202793,-2.199412,20.140000002191883,Vw7
13305.910000000438,2.553099983425425,1.6406999898428178,10.06280000070184,-0.03959999974354978,-0.4223000000412074,0.11710000106306288,52.202793,-2.199412,20.64000000206037,Vw7
13306.010000000439,-1.2277999846151786,-0.6762999884018743,10.222899993355528,0.018899999608091456,-0.4316999995975704,0.35959999892159394,52.202793,-2.199412,21.11000000280561,Vw7
13306.110000000439,2.2816999726639073,1.9693999895108472,8.707200002756016,-0.07049999957667889,-0.3399000012584503,0.11360000154405926,52.202793,-2.199412,21.75000000305535,Vw7
13306.21000000044,-3.8142415501857307,-0.39691584049462497,9.328524752003652,0.022277226484725347,-0.6192118790442263,0.4583653448089437,52.202793,-2.199412,22.445841586720494,Vw7
13306.31000000044,3.9315999677612425,-0.14850000219430753,9.220999995772345,-0.2600000002343263,-0.130400001397954,0.06490000084215167,52.202793,-2.199412,23.03000000293464,Vw7
13306.41000000044,-3.2978287035916285,-0.6137346410174704,8.287412878867567,-0.3097564343472376,-0.4388643538216244,0.25124059271206334,52.202793,-2.199412,23.6960396066202,Vw7
13306.51000000044,-1.1907000002329924,2.2127999889079644,10.00869999959004,-0.015399999828812887,0.15469999861938705,-0.05469999916674116,52.202793,-2.199412,24.30000000266785,Vw7
13306.61000000044,-1.2271609929805358,-0.25351898754517416,9.917217000315762,0.022300999648123977,-0.15481099956444883,0.13133699939974092,52.202793,-2.199412,24.905100002246016,Vw7
13306.710000000441,0.3387970244167235,2.5200296914005547,9.975711875688209,-0.05769405979969469,-0.058875248394674305,-0.0017207912515830415,52.202793,-2.199412,25.414455447506786,Vw7
13306.810000000442,-0.8614999901444044,-0.1069999931209295,8.726900008801834,-0.14709999953323277,-0.25639999860411844,0.18619999877252594,52.202793,-2.199412,25.86000000243108,Vw7
13306.910000000442,1.368199990533377,1.4492999987747361,10.718199990650069,-0.04150000011492375,0.059399999599976945,-0.09149999917829518,52.202793,-2.199412,26.410000002475282,Vw7
13307.010000000442,-0.7735000093335765,1.172099995287684,8.602899994059769,-0.0674999982315003,-0.031099998226638125,0.0943999986549501,52.202793,-2.199412,26.97000000278469,Vw7
13307.110000000443,-2.885099981143665,0.10599999655184547,7.259000019938387,0.3325999991035948,0.37009999926227793,-0.209900000428754,52.202793,-2.199412,27.600000002961497,Vw7
13307.210000000443,1.380899998419953,-0.6740999895122165,11.76979999225422,0.1297999989161588,0.2031999992241792,-0.306899998039144,52.202793,-2.199412,28.270000002307935,Vw7
13307.310000000443,1.0248999905154144,1.6888999854575069,10.024599999865504,-0.11439999974087302,0.028399999831432966,0.13489999949295395,52.202793,-2.199412,28.790000002286412,Vw7
13307.410000000444,-1.0728117567629767,-1.5253048888196854,9.992780391348903,-0.05639705873341752,-0.009938235621915955,0.021616666585261242,52.202793,-2.199412,29.304313727405617,Vw7
13307.510000000444,0.7160117726417701,1.4342049150902723,9.81081960703589,-0.03610294108643833,-0.08376176503339104,0.0032833332519998336,52.202793,-2.199412,29.735686276423532,Vw7
13307.610000000444,-1.073099988556643,-0.04689998458167101,9.115100000772713,-0.11359999948604091,-0.1201999998087078,0.1738000000386135,52.202793,-2.199412,30.280000002219168,Vw7
13307.710000000445,1.505200011157966,3.426999986933832,9.289199997550261,0.0022000003088056054,-0.07709999844336766,0.18249999833307995,52.202793,-2.199412,30.780000001845632,Vw7
13307.810000000445,3.9181643271273736,0.5164079172288066,8.754873271728734,0.07125445564816375,0.26512673108012424,-0.18560692971528822,52.202793,-2.199412,31.19455445747615,Vw7
13307.910000000446,-2.655399983199787,-0.2828000001579639,9.74220000433783,0.11669999998543908,-0.09219999779027006,0.03369999866745519,52.202793,-2.199412,31.650000001853208,Vw7
13308.010000000446,1.114401996990765,-0.3182455447123491,10.715566340969566,0.11343267325277229,0.4036415863671635,-0.2653099023220514,52.202793,-2.199412,32.0658415860108,Vw7
13308.110000000446,-2.3787999987467714,-1.8396999777939058,12.62239998525926,0.3741999986823994,-0.35139999893718654,0.13169999947151928,52.202793,-2.199412,32.57000000189065,Vw7
13308.210000000447,-2.047226708964981,3.0647514724196308,9.338478213665493,0.0813108910047912,-0.11490792061726343,0.013164355929295848,52.202793,-2.199412,32.99267326851866,Vw7
13308.310000000447,3.2700999777105006,0.20990000597713304,8.40630001413422,0.062400000023955536,-0.07570000098308109,-0.10039999816672326,52.202793,-2.199412,33.260000001265574,Vw7
13308.410000000447,-1.6097979967461145,1.5180900926485617,11.528963364350489,0.06415346375885925,-0.2865712841612403,0.3030831673691907,52.202793,-2.199412,33.54386138786724,Vw7
13308.510000000448,3.5403999958523875,0.09710000724948405,11.085299988816795,-0.29049999955118616,0.376299999147567,0.09139999938338442,52.202793,-2.199412,33.93000000147666,Vw7
13308.610000000448,2.613499991014327,1.7171999992782288,8.586100012149297,-0.19019999850410313,0.18579999958966872,-0.046400000457763234,52.202793,-2.199412,34.260000000626455,Vw7
13308.710000000448,0.6053999982756235,1.5558999882905942,11.301199990261631,0.14409999910231783,0.09409999990879406,-0.14869999924564145,52.202793,-2.199412,34.40000000058408,Vw7
13308.810000000449,0.22159999610644954,-1.0502999936829773,9.133700000464566,-0.055699999145449694,0.07380000025744339,0.01919999859102536,52.202793,-2.199412,34.53000000017972,Vw7
13308.91000000045,-0.6449999931072502,0.3556999896168539,9.237100002033152,0.134499999904696,0.1311000005591169,-0.29439999823097585,52.202793,-2.199412,34.570000000907655,Vw7
13309.01000000045,0.8465356313093421,-1.8938593887069382,9.671807914817443,0.11340297025341597,0.2557336640107518,0.09221881045128068,52.202793,-2.199412,34.76831683092661,Vw7
13309.11000000045,-1.879899970576422,1.9401999861946544,8.342600012974607,0.1037000005467864,0.39909999955969544,-0.2258999998589228,52.202793,-2.199412,34.60000000044929,Vw7
13309.21000000045,4.668999996446509,-1.132500000720435,11.230399995937782,0.2253999994966334,0.3011000012251416,-0.19450000059850156,52.202793,-2.199412,34.699999999642685,Vw7
13309.31000000045,3.8812772241708418,-1.2922029710171485,10.329904946434615,0.11381584108101286,0.5726841596404452,-0.32717326792497137,52.202793,-2.199412,34.62079207885076,Vw7
13309.410000000451,0.8226999748844857,0.8194999967687036,10.552499995611157,0.0828999999034626,0.19300000208728307,-0.08810000020209699,52.202793,-2.199412,34.79000000031578,Vw7
13309.510000000451,-4.744799961282057,0.1032000027002769,9.579600006943439,0.06149999983550456,0.6557000010639802,-0.13290000195754126,52.202793,-2.199412,34.86000000050123,Vw7
13309.610000000452,3.6398355928514583,0.6647029562621475,11.106061387339766,0.02550891094024337,0.8792336588682749,-0.5571306906460018,52.202793,-2.199412,34.97,Vw7
13309.710000000452,-7.596599971984569,-2.44499998388345,11.372199995509668,0.03639999991484947,-0.11739999617275534,-0.020200001280881407,52.202793,-2.199412,34.96999999945648,Vw7
13309.810000000452,-1.4112000232071433,1.1132999938125456,10.380800000967003,0.0176000007985127,0.7275999931417588,-0.30299999717100945,52.202793,-2.199412,34.849999999456486,Vw7
13309.910000000453,-6.534999983378436,-0.25279999813484105,10.594300009242003,0.1939000000878681,-0.7865999977335465,0.3215999992558387,52.202793,-2.199412,34.73000000036234,Vw7
13310.010000000453,-2.8651999654148432,0.15900001147086368,12.634799984667016,0.21329999788754211,-0.28620000087188713,0.15730000127091698,52.202793,-2.199412,34.80999999963766,Vw7
13310.110000000454,4.7706999892171025,2.6915999959844927,9.249500011816854,-0.25309999856481186,-0.4786999987336306,0.4378999987999686,52.202793,-2.199412,34.72999999926799,Vw7
13310.210000000454,2.4104297014430656,1.8226386178212408,11.824305936926281,0.05762178082865486,-0.2040584168196584,0.17732871365464384,52.202793,-2.199412,34.568514850812164,Vw7
13310.310000000454,2.0733999703563843,2.6964999935371305,11.014899988532637,-0.2401999999031388,-0.4198999991136974,0.35019999914552974,52.202793,-2.199412,34.41999999977263,Vw7
13310.410000000455,-4.445299981548963,1.2752999972895258,8.493200007414183,-0.21889999937596058,-0.22500000074740653,0.16230000041962825,52.202793,-2.199412,34.369999999774876,Vw7
13310.510000000455,-0.38787423898274476,0.6792603933303104,10.123596047014914,-0.08167227660395521,-0.3893564363906453,0.2545772281422177,52.202793,-2.199412,34.32049504927993,Vw7
13310.610000000455,-3.2661129655208985,1.1612920092317935,8.658839003657322,-0.13675199970519406,-0.40270899977662084,0.27969799995359534,52.202793,-2.199412,34.21859999936307,Vw7
13310.710000000456,4.175683140510905,3.1480504849722895,9.465083173040794,-0.07265940596762159,-0.3554217827795805,0.27004950515500337,52.202793,-2.199412,34.077524751349095,Vw7
13310.810000000456,-1.9359999740346157,0.9331000029727035,10.503400005146872,-0.0786000001004446,-0.4875999986421717,0.3149999989736389,52.202793,-2.199412,33.829999998949894,Vw7
13310.910000000456,3.751099969346136,1.5841999998803797,11.630699988503203,-0.10060000031503077,-0.19020000109986832,0.09020000090993671,52.202793,-2.199412,33.599999998858586,Vw7
13311.010000000457,-2.9628999792577346,1.5580000020358293,9.11260000608603,-0.1695999990544511,-0.4310999982540903,0.28949999905445106,52.202793,-2.199412,33.34999999899556,Vw7
13311.110000000457,1.5801999899281465,2.0038999933108466,10.445599995329326,0.03749999955758721,-0.048700000706764696,0.08240000011916382,52.202793,-2.199412,33.1299999989499,Vw7
13311.210000000458,-0.6258000039764927,0.5387999974880483,9.422600001179884,-0.05940000005363109,-0.2034999981004512,0.1084999991845325,52.202792999997676,-2.199411999999542,32.89999999926658,Vw7
13311.310000000458,-1.4932999853674236,-0.009199992084143741,9.679999998988801,-0.07109999964566814,0.21090000008480128,-0.06940000051339157,52.202286,-2.199312,32.739999999954165,Vw7
13311.410000000458,1.6988999928606485,1.7176999937017856,9.459400005793075,0.006199999145569745,0.2293999992532903,-0.18139999928079342,52.202286,-2.199312,32.72999999967913,Vw7
13311.510000000459,0.1414000001815206,0.3437000089898531,10.72319999558575,-0.1801999997437626,0.066500000099928,-0.024500000324078428,52.202286,-2.199312,32.659999999358256,Vw7
13311.610000000459,0.18099999926108284,2.30489999253382,9.760200005141249,-0.12429999950173513,0.08829999923724681,-0.09519999975522224,52.202286,-2.199312,32.519999999679136,Vw7
13311.71000000046,0.019799996762922822,0.676100001040522,10.881799990903602,-0.015600000297752194,-0.07809999929266596,-0.04179999934190782,52.202286,-2.199312,32.45000000032215,Vw7
13311.81000000046,-0.6836000074723375,0.902200003115123,8.905199999444074,-0.08029999981223664,0.07559999846015635,0.10120000031247874,52.202286,-2.199312,32.51999999861939,Vw7
13311.91000000046,-2.307299993472922,1.5791000042334196,8.784400002160659,-0.03950000001610715,-0.2589999988172749,0.16909999928898434,52.202286,-2.199312,32.219999999539795,Vw7
13312.01000000046,-0.8889999825429161,2.4989999995444445,9.253900005326283,-0.04300000030401376,-0.00200000097293701,0.014600000582460618,52.202286,-2.199312,32.11999999944217,Vw7
13312.11000000046,2.8362950841783676,2.3944872519033735,10.391337251051599,-0.10884901981457999,-0.21111666658225664,0.13931568600548105,52.202286,-2.199312,31.99892156813092,Vw7
13312.210000000461,-0.17419511194193982,1.743212742090393,9.555062741236044,-0.1537509805995183,-0.19278333324866828,0.08088431345564867,52.202286,-2.199312,31.89107843087452,Vw7
13312.310000000462,1.06219998695662,1.5732999978090854,9.960599999300497,-0.057699999748659324,-0.04519999993901292,0.06790000016078411,52.202286,-2.199312,31.77999999944557,Vw7
13312.410000000462,-1.7608999941031964,1.0991000061153404,9.809199995574279,-0.00330000030447336,-0.03199999975697574,0.1026999995855651,52.202286,-2.199312,31.660000000138606,Vw7
13312.510000000462,-0.48460000137867754,2.4226999970984933,8.851300002474135,-0.06919999975697574,0.020599999792089513,0.013000000065145286,52.202286,-2.199312,31.69000000060063,Vw7
13312.610000000463,-0.7829999946511562,1.7946999998831081,9.386800002544824,-0.016599999974126693,-0.024399999351319278,0.02709999980317807,52.202286,-2.199312,31.820000000138606,Vw7
13312.710000000463,0.37469999397839926,1.7694000009290762,9.937599995370853,-0.0110000002258912,0.11599999961593858,-0.015500000163736332,52.202286,-2.199312,31.849999999397006,Vw7
13312.810000000463,-0.9234999924235999,1.9697000013813224,8.939600005607854,-0.059699999945730456,0.033200001098842406,-0.05080000046616151,52.202286,-2.199312,31.720000000417457,Vw7
13312.910000000464,0.7099000096802481,2.267500001747608,10.148599998496495,-0.047999999940497,0.2700999995506821,-0.15129999933141114,52.202286,-2.199312,31.81000000140558,Vw7
13313.010000000464,2.743670282027414,2.634846532030029,9.83130693236683,-0.03481386116055065,0.17617524844134713,-0.009600000464040406,52.202286,-2.199312,32.11435643766512,Vw7
13313.110000000464,-0.4892999917445348,2.069499999832089,10.191999998214671,0.0137999997982286,0.373700000008813,-0.10959999985435352,52.202286,-2.199312,32.55000000134514,Vw7
13313.210000000465,1.290499988838099,2.0333000018663707,9.80709999905005,-0.029699999832361938,0.37559999882793055,-0.07819999957345426,52.202286,-2.199312,32.840000000791626,Vw7
13313.310000000465,-1.106499991725199,2.434100001296401,9.603099997497536,0.006300000112690032,0.12390000083772465,0.013399998960644007,52.202286,-2.199312,33.01000000083819,Vw7
13313.410000000466,0.6704999912385828,2.712499993672129,9.065700003379769,0.030500000139698384,0.30379999917438255,-0.2097999995632097,52.202286,-2.199312,33.189999999674036,Vw7
13313.510000000466,-1.2109999927533792,1.3536000028423965,9.791500002828892,0.06049999983655289,0.12650000050198287,-0.11599999961303548,52.202286,-2.199312,33.12000000386499,Vw7
13313.610000000466,0.3451999892404303,1.963999995864462,10.398999996375757,0.025400000070314854,0.23429999933084475,-0.032899999742489305,52.202286,-2.199312,33.950000000698495,Vw7
13313.710000000467,-1.965399983420812,1.0759000008367898,9.62070000218921,0.04050000002945126,0.09060000060959428,0.022399999413312253,52.202286,-2.199312,34.10000000093496,Vw7
13313.810000000467,1.5810999978117248,1.2549000028623816,10.088999994861926,0.04679999995091457,0.22099999896266126,-0.1030999988481286,52.202286,-2.199312,34.30000000158943,Vw7
13313.910000000467,1.113000001386079,1.8672000007395537,8.989900003756672,0.036299999928943,-0.0008999991253444022,0.14329999903652316,52.202286,-2.199312,34.64000000210366,Vw7
13314.010000000468,1.4094999924216771,2.025399995435055,9.793499998670486,0.021099999921930793,0.18619999933571052,-0.06279999952877988,52.202286,-2.199312,35.09000000177643,Vw7
13314.110000000468,-0.21160000103546883,1.0488999990126815,9.50910000290352,0.004400000292642653,0.044100000582947906,0.03799999985928844,52.202286,-2.199312,35.47000000140244,Vw7
13314.210000000468,-0.43310000259851,0.8376999992890116,10.130199998278611,0.06699999992209632,0.16879999941525312,0.007900000278763765,52.202286,-2.199312,35.77000000168948,Vw7
13314.310000000469,-0.9867999946485805,0.6862000031119234,9.763400000976143,0.0504000000619475,0.044200000522330085,0.06729999969213968,52.202286,-2.199312,36.13000000173641,Vw7
13314.41000000047,0.15349999934532751,1.3492999985672294,9.971399997451703,0.06359999964567906,0.155499999614236,0.0017000000647632986,52.202286,-2.199312,36.50000000173641,Vw7
13314.51000000047,0.013999996100592398,1.0439999997386002,9.428400000815174,-0.011900000050684322,0.07330000007508788,0.01550000008259667,52.202286,-2.199312,36.87000000154868,Vw7
13314.61000000047,-0.8168999988957388,0.9883000004509965,9.602100000420492,-0.02270000015956175,0.0892999998113417,0.033100000156745954,52.202286,-2.199312,37.20000000206492,Vw7
13314.71000000047,-0.5816000024691308,1.0843999972208735,9.691699999779047,-0.05669999975643186,0.04909999982945519,0.0664999999792708,52.202286,-2.199312,37.64000000131913,Vw7
13314.81000000047,-1.105699991853423,0.4944999996989554,9.644800000877222,-0.004999999854895578,0.012900000363703293,0.0620999997521918,52.202286,-2.199312,37.92000000150758,Vw7
13314.910000000471,0.6234999936521527,0.43060000058088876,9.831000001291335,0.025799999861020113,0.0900999997135601,0.009500000102232661,52.202286,-2.199312,38.24000000150758,Vw7
13315.010000000471,-0.7238999889758329,0.5538999951126191,10.1051000015382,-0.0036999997611430447,0.029300000721753167,0.0311999994761165,52.202286,-2.199312,38.56000000160181,Vw7
13315.110000000472,1.6161000006322408,-0.4834999988631916,10.43159999754029,0.04699999985772229,0.1824999996127408,-0.0799999995844737,52.202286,-2.199312,38.90000000179025,Vw7
13315.210000000472,1.7503000008687857,-0.24220000278607332,9.909500000168364,0.01680000001371518,0.10030000049752998,0.00819999972522346,52.202286,-2.199312,39.280000000425645,Vw7
13315.310000000472,1.9339999965272217,-0.8313000012353121,9.94509999992433,0.019699999916290106,0.2054999997715713,-0.04989999976826075,52.202286,-2.199312,39.37000000179716,Vw7
13315.410000000473,1.199699999254178,-1.09249999830452,9.929099999834945,0.0020000002695742297,0.15720000047341018,-0.0009000002776141628,52.202286,-2.199312,39.75000000066211,Vw7
13315.510000000473,1.0419999999205465,-0.7340000029364674,9.894199999292013,0.058999999727115206,0.25729999976353135,-0.05960000011823431,52.202286,-2.199312,39.89000000061482,Vw7
13315.610000000474,1.0252000063652622,-1.3549000003807146,9.744500000607724,0.0013000001655280357,0.20730000083568012,-0.0846000001764056,52.202286,-2.199312,40.02000000094588,Vw7
13315.710000000474,2.3710999999501268,-1.4353999968973001,9.87300000091882,0.03629999995875855,0.3839999996748639,-0.1219000000426801,52.202286,-2.199312,40.219999999856135,Vw7
13315.810000000474,2.352431996073061,-0.7794969957714638,10.066722001007857,0.02730599981286721,0.3157229997734458,-0.13053199987271172,52.202286,-2.199312,40.195300002517264,Vw7
13315.910000000475,1.5418475285271867,0.0944405905165287,10.270313858305519,-0.012269307201087869,0.26916831714910316,-0.1039118811462664,52.202286,-2.199312,40.71574257223534,Vw7
13316.010000000475,2.336599996968274,-0.6514999941370002,9.621699999953963,-0.06919999960868577,0.3360000000963899,-0.09509999981441347,52.202286,-2.199312,40.289999998369524,Vw7
13316.110000000475,1.717217827870289,0.5721346539567784,9.615034654859226,0.012518811937620477,0.35708415888328965,-0.056959406206296415,52.202286,-2.199312,39.94495049265113,Vw7
13316.210000000476,2.998999993722419,0.6756000052777167,9.908500002313986,0.024399999913178375,0.45550000000707785,-0.11289999965743207,52.202286,-2.199312,39.43999999891473,Vw7
13316.310000000476,1.6817722709527514,1.7830257478497802,10.394044556768469,0.006182178131036251,0.4569851485219264,-0.04101881153876259,52.202286,-2.199312,39.21227722663795,Vw7
13316.410000000476,1.435553998878613,3.2811790071556306,9.259607994517875,-0.0759720003944386,0.5158060002829667,-0.05386300006526339,52.202286,-2.199312,39.071399999333075,Vw7
13316.510000000477,1.904199998277657,2.6020999952213804,10.259899997353578,-0.017200000163941877,0.622599999720727,-0.02270000027974966,52.202286,-2.199312,38.699999997092895,Vw7
13316.610000000477,1.5427999980368952,1.5993999949844067,9.704599999935974,-0.051599999493097265,0.5640000008294334,-0.08140000013334478,52.202286,-2.199312,38.08999999629331,Vw7
13316.710000000478,1.150701987684588,0.5589594066364262,9.693165347424035,0.05353168308806482,0.736122772192727,-0.10911881189015746,52.202286,-2.199312,37.31405940310817,Vw7
13316.810000000478,2.72090000099793,0.7049000029861366,9.879700002104935,0.03669999995455255,0.7184000002458947,-0.11100000041476779,52.202286,-2.199312,36.71999999760803,Vw7
13316.910000000478,2.9295000033549785,1.329100005611564,10.31970000065205,0.027199999932546414,0.7697999998086423,-0.1976999998488274,52.202286,-2.199312,36.219999997847225,Vw7
13317.010000000479,3.6307999931905366,2.502100002394363,10.455999995913078,0.013099999905277946,0.7298000005439342,-0.16609999992871927,52.202286,-2.199312,35.76999999712964,Vw7
13317.110000000479,2.207399999881358,3.00260000167725,9.601699997773075,-0.006700000040185114,0.8434999998038584,-0.15119999977946028,52.202286,-2.199312,35.16999999531174,Vw7
13317.21000000048,2.182599996200073,3.35319998772335,9.1362000043685,-0.015099999779582141,0.8024999992710363,-0.10509999940405541,52.202286,-2.199312,34.189999996110274,Vw7
13317.31000000048,1.391300004170579,0.7967000061661315,10.045899994348035,0.03079999978899723,0.6507000005316299,0.01899999942034871,52.202286,-2.199312,33.37999999660455,Vw7
13317.41000000048,2.2443504918069666,2.0382831540885706,8.90092179189299,-0.011150494305105247,0.7571059390595971,-0.10054554457633558,52.202286,-2.199312,32.673762373241,Vw7
13317.51000000048,1.5693999966627608,-0.9233999969411875,10.923099997897248,0.143799999224868,0.4377000000586927,-0.10509999972739412,52.202286,-2.199312,32.04999999573143,Vw7
13317.61000000048,0.8780049488639682,-0.2959524767620663,10.485636631759249,-0.016183168404831114,0.4472316819344221,-0.048345544288078794,52.202286,-2.199312,31.163168313549544,Vw7
13317.710000000481,0.5385000028367595,-0.6111999937629854,10.08929999746692,-0.03449999991371624,0.1904000005119182,0.007099999785013643,52.202286,-2.199312,30.479999996047336,Vw7
13317.810000000482,1.1270000008421102,0.6827000005234869,9.563800002703237,-0.016599999932515493,0.2965999987071896,-0.037499999190185915,52.202286,-2.199312,29.65999999657757,Vw7
13317.910000000482,1.3016999964951441,0.7912999882239535,10.124599999638475,-0.0026000000057843863,0.02839999982791451,0.13049999949916855,52.202286,-2.199312,28.949999995854522,Vw7
13318.010000000482,0.5746000000269939,-1.6516999898387614,10.049599999986984,-0.0037999997348822944,-0.00729999938637302,0.02659999965534698,52.202286,-2.199312,28.089999997059603,Vw7
13318.110000000483,0.580200004554474,0.4562999998227679,10.046900002493908,0.05119999974535067,0.11999999982861077,-0.04490000014022755,52.202286,-2.199312,27.47999999644562,Vw7
13318.210000000483,1.5047619947733695,0.419972000034722,10.555700998360832,-0.0008409998750971282,0.08442999982156732,-0.07330599980999332,52.202286,-2.199312,26.74349999686537,Vw7
13318.310000000483,0.43732200267293114,0.42923900103538565,10.207211994197195,0.02467399993900954,0.04848500033157512,-0.033542999633573184,52.202286,-2.199312,26.093599996902075,Vw7
13318.410000000484,0.988162378252419,0.6189465239785011,9.028996043764868,0.013093069739220257,0.11455445460061496,0.04215049541278155,52.202286,-2.199312,25.453960393116137,Vw7
13318.510000000484,1.404399995490507,-1.586399993546393,9.888599998918108,0.10239999925438534,-0.05999999920987102,0.11719999867908627,52.202286,-2.199312,24.849999998016212,Vw7
13318.610000000484,0.4724000090001158,-0.252599997691546,9.665000003792425,-0.05169999947840843,0.1032999994638929,-0.15579999948179538,52.202286,-2.199312,24.439999997000125,Vw7
13318.710000000485,2.3324999921512757,0.2244999923690914,10.44879999359357,0.056099999367647625,-0.00750000019524922,-0.048699999336250764,52.202286,-2.199312,23.81999999823393,Vw7
13318.810000000485,0.7461297095439505,-1.3204475196253622,9.15622376884983,-0.07155247464139206,-0.045787127977815124,0.08559009851922213,52.202286,-2.199312,23.45376237320696,Vw7
13318.910000000486,2.0990999942928896,-0.2652000089241894,10.488599995368649,0.053199999033516354,0.10549999905877121,-0.01539999974162347,52.202286,-2.199312,22.829999997474513,Vw7
13319.010000000486,0.9240000053234307,-2.1026999838121276,9.535000005703225,-0.14579999986255535,-0.08829999909519648,0.03779999946139178,52.202286,-2.199312,22.309999997620213,Vw7
13319.110000000486,2.0200999977551244,1.2303999943191306,10.709299991817685,-0.1174999999877356,0.09799999913119004,-0.07309999932251464,52.202286,-2.199312,21.819999997498062,Vw7
13319.210000000487,1.5521148464391472,0.09530793192272383,9.046420794518742,-0.1147257424409995,-0.07618514709856512,0.06349999927117057,52.202286,-2.199312,21.30534653239241,Vw7
13319.310000000487,0.5135999980836801,2.386099990960001,9.548500003914052,-0.08729999942963769,0.21529999922342977,-0.08649999976503021,52.202286,-2.199312,20.8399999977088,Vw7
13319.410000000487,0.12050000022229505,0.5316999890002946,10.351399996630962,0.02970000017305865,0.05600000069613452,-0.03830000015794649,52.202286,-2.199312,20.369999997416308,Vw7
13319.510000000488,0.16610001001864086,-1.724699993587794,9.660299997960424,0.06520000007336957,0.19879999976314922,-0.07070000012556539,52.202286,-2.199312,19.839999997291727,Vw7
13319.610000000488,2.1859415769606585,-0.42770792333200963,9.253850498829463,0.07927029662505246,0.15076336636753776,-0.09740297088372465,52.202286,-2.199312,19.282772273702722,Vw7
13319.710000000488,0.710099993886584,-0.9484999901159754,10.028899999784704,-0.0037000004168905435,0.1570999998869698,-0.21769999883251076,52.202286,-2.199312,18.559999996770564,Vw7
13319.810000000489,-0.5392999854621656,1.0714999901590343,9.984900004083276,-0.08889999908499377,0.13400000006899246,0.0209000001443459,52.202286,-2.199312,17.899999996721633,Vw7
13319.91000000049,2.4317999907545227,-0.9396999904942106,10.819399992696097,0.09809999966188808,0.1480999998664189,0.05039999920095979,52.202286,-2.199312,17.22999999760239,Vw7
13320.01000000049,0.5422999948681362,1.0030000012780729,9.326699999451975,0.028999999885991203,0.12079999862406549,-0.11289999866663529,52.202286,-2.199312,16.739999997993834,Vw7
13320.11000000049,-0.5064999863238372,1.264200008801675,9.214700009708363,0.005700001007974788,-0.1603999984572114,0.15959999892401136,52.202286,-2.199312,16.33,Vw7
13320.21000000049,2.28849998979536,3.06299997205241,11.198799991309015,0.21169999818381183,0.15489999940573618,-0.060299999132178345,52.202286,-2.199312,16.330000000638464,Vw7
13320.31000000049,0.21069999120735083,-2.6274999998394013,9.429199976308027,-0.15809999623993062,0.03390000259708031,0.11639999935072992,52.20228599999958,-2.1993119999980943,16.459999999950888,Vw7
13320.410000000491,-1.5796000003619606,-2.5947999967737863,4.605200025561694,0.6074999985045179,0.5626999982781082,-0.015800003253717297,52.2022,-2.198924,16.450000000147337,Vw7
13320.510000000491,-1.6532999917176319,-1.9379000141984855,9.809899999691574,0.30299999871226463,0.21210000118410754,-0.6782999992672383,52.2022,-2.198924,16.48000000162072,Vw7
13320.610000000492,0.03310000643081876,-4.828899964686485,9.74709999952901,0.040799999620849854,0.45320000174399244,-0.5290999980418761,52.2022,-2.198924,16.810000000687577,Vw7
13320.710000000492,1.3424999899204966,2.361399953398168,9.651200011253113,-0.036399998778589036,0.8082999937455593,-0.13039999793908683,52.2022,-2.198924,16.950000001294605,Vw7
13320.810000000492,-0.66694355703007,-6.923813824900301,11.918843568125814,0.21014059467119775,-0.4426861360919901,0.27965544364863454,52.2022,-2.198924,17.211782179096694,Vw7
13320.910000000493,0.8187000044177832,0.4748000242460483,12.68319997727469,0.3341999984496844,0.06869999663662857,-0.10479999757667684,52.2022,-2.198924,17.390000000985893,Vw7
13321.010000000493,1.714900000742377,5.393399982536891,8.073100020226073,0.019700000717729562,-0.6135999988208729,0.38679999893178574,52.2022,-2.198924,17.59000000138025,Vw7
13321.110000000494,1.8655000028674675,1.850800017944718,12.176199993097768,0.16529999763385858,-0.3744000003396399,0.17010000074139098,52.2022,-2.198924,17.87000000128166,Vw7
13321.210000000494,2.447199986138081,5.491099952192196,10.775999986128085,-0.3146999994992377,-0.4433000014588075,0.3205000009115673,52.2022,-2.198924,18.130000000999523,Vw7
13321.310000000494,-0.2967929852960686,-3.991033958439752,8.032651016012618,-0.2110939983141485,-0.7269969959398004,0.49756899736134047,52.2022,-2.198924,18.331900000940433,Vw7
13321.410000000495,2.6112960233177103,4.233017777937258,11.21391979134829,0.12292178060511687,0.07967425474019953,-0.027191087619610654,52.2022,-2.198924,18.520594059699977,Vw7
13321.510000000495,-0.6790999865112186,-4.625199995358609,9.065900005829322,-0.1948999992637895,-0.4628999953175429,0.27369999621504687,52.2022,-2.198924,18.58000000069267,Vw7
13321.610000000495,2.04719998347534,-3.6871000107106755,10.244100000092521,-0.046099999997526175,0.48349999710117114,-0.4912999971239304,52.2022,-2.198924,18.720000001880106,Vw7
13321.710000000496,-1.2926999923133746,-5.85189997605521,10.262800004309357,-0.04559999907387064,-0.10239999610777377,0.08999999698821738,52.2022,-2.198924,19.100000000695218,Vw7
13321.810000000496,0.2552000061983628,-1.0299999680120382,11.130599998326014,0.14089999938522887,0.6813999982093177,-0.5164999983647485,52.2022,-2.198924,19.24000000084419,Vw7
13321.910000000496,1.503399996794053,5.411599980935639,10.793499999054504,0.017100000597887265,0.32080000113519125,-0.1872000008595871,52.2022,-2.198924,19.410000001787704,Vw7
13322.010000000497,0.8577999999185603,1.5725000117670571,10.603099996947993,0.13749999968913837,0.5493999995168236,-0.36030000003277457,52.2022,-2.198924,19.770000001986336,Vw7
13322.110000000497,0.8414000008595871,3.942099947034339,9.98850000122855,0.0748999991374334,0.452100000717564,-0.3669000007255094,52.2022,-2.198924,20.170000002135314,Vw7
13322.210000000498,1.0144999995459547,-6.723899961700215,10.235900003581028,-0.09879999913875945,0.5966000000189393,-0.5129999986558068,52.2022,-2.198924,20.60000000323962,Vw7
13322.310000000498,0.9233999943241855,0.9605999722429348,10.954399997891256,0.0739999993416095,0.6003999987903758,-0.24329999996909898,52.2022,-2.198924,21.25000000338914,Vw7
13322.410000000498,-0.21539999698416287,-4.608599964420498,10.53129999292766,-0.05810000009369978,0.3577000004799622,-0.23710000018241553,52.2022,-2.198924,21.930000003139938,Vw7
13322.510000000499,0.3896999957406471,2.5300999822688115,9.112300003066673,-0.07689999961822322,0.4539999991422483,-0.2736999993984275,52.2022,-2.198924,22.5600000033393,Vw7
13322.610000000499,-0.4648999988177878,-1.0274999740277164,9.727599996614847,-0.0003000004909270501,0.2819000007854833,-0.15300000146081946,52.2022,-2.198924,23.230000003538663,Vw7
13322.7100000005,-0.2276999979816039,4.183599965473672,9.048400010507166,-0.09879999960832611,0.4394999991401182,-0.4460999990100605,52.2022,-2.198924,23.940000003701645,Vw7
13322.8100000005,0.1758000084887688,-2.7185999740244675,11.14889999542697,-0.020499999813917386,0.2676000000650289,-0.24819999967785697,52.2022,-2.198924,24.68000000365162,Vw7
13322.9100000005,1.8727999835922153,2.474199985864224,10.234699999542798,0.016700000146064847,0.2805999986614057,-0.18379999950978235,52.2022,-2.198924,25.410000003901732,Vw7
13323.0100000005,-1.407299997427358,-0.3516999952008693,10.143300000408681,0.04589999962483344,0.013000000314639692,-0.0857999996988663,52.2022,-2.198924,26.19000000290129,Vw7
13323.1100000005,-0.8930000039697625,0.6076999959537036,10.224999993027904,-0.02909999959181878,0.07589999952428879,-0.02559999905007826,52.2022,-2.198924,26.7700000040518,Vw7
13323.210000000501,-1.6865999934138176,-0.20119998806434622,8.831200001510101,0.0525000002634473,-0.019199999232523343,0.16429999827118924,52.2022,-2.198924,27.5800000014415,Vw7
13323.310000000502,-0.3747188052976045,2.1762257545052015,9.131992080717424,0.1049752477880958,0.13367128789588664,-0.1800564373716929,52.2022,-2.198924,27.867128714312223,Vw7
13323.410000000502,-0.24140000150411506,-2.3414999808988433,8.806699999969878,-0.10179999984185706,-0.11539999797577039,0.13339999842760733,52.2022,-2.198924,28.430000002158778,Vw7
13323.510000000502,-0.5410000089202659,1.4631999646969738,8.800700001296773,-0.07030000025152258,0.2877999979873173,-0.17979999891508922,52.2022,-2.198924,28.86000000291184,Vw7
13323.610000000503,-2.3177999991289586,-5.568699970764642,9.059000005769455,-0.12039999911289341,-0.11309999873887283,0.036299999032566845,52.2022,-2.198924,29.44000000230939,Vw7
13323.710000000503,-2.1442999903480566,0.25459999865721294,10.20819999521081,0.0563000005804468,0.138099997238343,-0.1563999979230888,52.2022,-2.198924,29.90000000186428,Vw7
13323.810000000503,-0.22870000962881673,-0.011900006771573901,9.257699999749597,0.17149999929663173,-0.40999999920603863,0.255799998708795,52.2022,-2.198924,30.270000001984904,Vw7
13323.910000000504,-2.117935642221366,-1.3559376305861262,9.218273272253029,0.03405841622386987,-0.25421485159344615,0.0024772279129169936,52.2022,-2.198924,30.66217821891973,Vw7
13324.010000000504,-1.8514999916137531,-2.7096999955358,10.195600004476294,0.1099000002473953,-0.27570000060160893,0.040199999878569724,52.2022,-2.198924,30.880000001662737,Vw7
13324.110000000504,-0.18710000863047438,-1.8236999868582322,11.08399997845225,0.15899999791870872,-0.3950999979750812,0.01609999966026861,52.2022,-2.198924,31.210000001197294,Vw7
13324.210000000505,-1.8999712957866426,0.7845178349657527,6.807465324918356,-0.25406930901860536,0.006781190150172367,-0.051325742915069555,52.2022,-2.198924,31.447623763577337,Vw7
13324.310000000505,-2.370399982103007,3.8444000127355267,8.34040000468714,-0.24099999952769577,0.03209999967130861,-0.1578999992789017,52.2022,-2.198924,31.73000000121363,Vw7
13324.410000000506,1.1687999888980463,6.362899950512409,9.267299988375512,-0.14760000109257324,-0.032900001692747864,-0.015299997890960792,52.2022,-2.198924,31.9700000007151,Vw7
13324.510000000506,-0.9957069261436808,-3.2491940207539205,7.005081194989225,-0.35788217638764835,-0.3595009876713004,0.39307425513627275,52.2022,-2.198924,32.11198019902154,Vw7
13324.610000000506,-0.09639999857490449,4.39139995897768,8.363200007833429,0.0038999998937563197,0.1203999974409575,-0.059499998350158234,52.2022,-2.198924,32.310000000919416,Vw7
13324.710000000507,0.16409504014338538,-3.569288083140261,9.846366311119517,-0.017869307421060764,-0.3719623718678916,0.25988910708415874,52.2022,-2.198924,32.49227722887481,Vw7
13324.810000000507,-1.6863999841995558,3.4819000115608056,4.8030000173224305,-0.1147999983902162,0.4917999997985233,-0.10119999990814285,52.2022,-2.198924,32.72000000116724,Vw7
13324.910000000507,1.4269999976393652,5.759899982334967,8.216299992345494,0.2023999962470776,0.45210000137127,-0.0831000004034353,52.2022,-2.198924,32.950000000820204,Vw7
13325.010000000508,0.9609811853169323,2.360554479131832,6.761593088849714,-0.5243277200447927,0.7212554463850178,-0.16292772334481773,52.2022,-2.198924,33.11227722887891,Vw7
13325.110000000508,0.40909999996346014,7.025999958728229,10.610900003102843,0.012899998474968378,0.8867999972970655,-0.27569999733918776,52.2022,-2.198924,33.34000000116725,Vw7
13325.210000000508,0.4019000033458599,-1.106399954196262,11.222299984981703,-0.2875999993237682,0.3542000027891411,0.24859999607825883,52.2022,-2.198924,33.57000000105898,Vw7
13325.310000000509,1.0588306964138654,7.886768362617604,8.273587113700415,-0.15482772209630843,0.9018237651642937,-0.5214000039202158,52.2022,-2.198924,33.777920793137774,Vw7
13325.41000000051,2.8211999865927386,-5.3544999570538785,9.928699997139674,0.02019999944535375,0.18700000388863555,0.044199997407576304,52.2022,-2.198924,33.96000000030559,Vw7
13325.51000000051,0.18879999615720297,3.077599968429474,9.36710000160486,-0.08869999896353983,0.9504999927508907,-0.46479999635176206,52.2022,-2.198924,34.02000000050932,Vw7
13325.61000000051,-0.5656999870613303,-3.1209999721706145,9.68220000714708,0.1148000002354961,-0.4727999972088418,0.2514999985128951,52.2022,-2.198924,34.12000000025213,Vw7
13325.71000000051,1.97469605258335,2.343059433857561,11.085467333902246,0.16103762399861346,0.07521980478014034,-0.040480199511586934,52.2022,-2.198924,34.169504950747985,Vw7
13325.81000000051,1.9030999801566773,7.589999994477175,11.808099969782148,-0.3362999986051098,-0.7158999954790018,0.5520999978169381,52.2022,-2.198924,33.949999999744435,Vw7
13325.910000000511,-1.979100000852575,6.509499925772316,5.896200000026579,-0.06339999731091338,0.16859999959211344,0.12500000186564647,52.2022,-2.198924,33.89999999928441,Vw7
13326.010000000511,-2.145899985367198,-8.012599949438936,5.901400022845736,0.4627000011858356,0.08880000467178324,0.489999993397656,52.2022,-2.198924,33.75999999989777,Vw7
13326.110000000512,0.7168999987102851,1.8792999543472924,10.37099998198891,0.6946999933345798,1.0027999889259025,-0.801699993200342,52.2022,-2.198924,33.739999998605995,Vw7
13326.210000000512,0.47121485358928666,-6.952822767073081,6.895492085851449,-0.5928584140817228,-1.1353336599063557,0.5162148519529598,52.2022,-2.198924,33.468316830822474,Vw7
13326.310000000512,0.8826999863616144,-5.935099932939682,8.194700003793276,-0.24869999910984172,-0.4587000003891204,0.6076999994103608,52.2022,-2.198924,33.299999998652844,Vw7
13326.410000000513,-1.7287920685815867,6.9189583704061945,8.93901386765372,-0.07719207935780215,-0.5356920801788472,0.49168613747781154,52.2022,-2.198924,33.037920791012255,Vw7
13326.510000000513,0.34199999490174016,-1.9351999512426004,10.160399996956636,-0.10640000035034827,-0.7248999979297136,0.2702999990659089,52.2022,-2.198924,32.82999999897409,Vw7
13326.610000000514,-0.6518999920430419,7.569999942469531,9.567099993659363,-0.1746999998004605,-0.3213000015029582,0.08820000261247987,52.2022,-2.198924,32.62999999943575,Vw7
13326.710000000514,0.899299999152682,-3.645499943725421,8.331000014932563,-0.13579999991351796,-0.6142999946901061,0.59749999568362,52.2022,-2.198924,32.51999999871307,Vw7
13326.810000000514,0.7347000074199524,7.286399937936273,11.231799986825903,-0.11900000062287654,0.4171999947004017,-0.2409999975342325,52.2022,-2.198924,32.269999999897045,Vw7
13326.910000000515,2.1760999960655822,-4.770100000007207,8.672600004188716,-0.23999999813137038,-0.6122999932147638,0.23799999708174618,52.2022,-2.198924,32.24999999927932,Vw7
13327.010000000515,1.4118000009801503,-4.771500010670901,9.486299997267018,0.1229999994514277,0.7057999961844327,-0.3288999989366537,52.2022,-2.198924,32.109999999272034,Vw7
13327.110000000515,1.6000861385037248,-6.811195043065024,8.99566536454146,0.018118812199870125,-0.017495044095004793,-0.13171782555078412,52.2022,-2.198924,31.96821782086437,Vw7
13327.210000000516,1.5786999861894029,-5.56069992375449,12.492199987959767,0.07999999887692684,1.0329999985380418,-0.8634999980152498,52.2022,-2.198924,31.789999998915153,Vw7
13327.310000000516,-1.094699976295614,9.198599944197626,10.161500013219614,-0.13739999720988125,0.7500000002242013,-0.4793000000805885,52.2022,-2.198924,31.579999999483405,Vw7
13327.410000000516,3.4938999833574402,-1.6033999342733571,12.720499984626192,0.40269999859125094,0.7934000014082325,-0.4949000019005456,52.2022,-2.198924,31.479999999638384,Vw7
13327.510000000517,0.2722999904409633,11.119699904495388,9.744499986944662,0.13000000081570035,1.0659999947044052,-0.8627999964804519,52.2022,-2.198924,31.409999999845024,Vw7
13327.610000000517,-1.5780999951956853,-7.367699930851962,7.217300005905174,0.28790000006250777,0.040900004358495064,-0.1815000019516883,52.2022,-2.198924,31.379999999380086,Vw7
13327.710000000518,-0.6480999913006281,6.017699943466388,8.360400005747566,0.29999999976278724,0.8845999928757627,-0.5592999965449674,52.2022,-2.198924,31.259999999947638,Vw7
13327.810000000518,1.0163901006643186,-4.758982168147544,9.464531686555715,0.25331881116489,-0.4698544523102641,0.09875742483885767,52.2022,-2.198924,31.250099009952336,Vw7
13327.910000000518,1.335399991592913,-2.8172000390804874,10.117699990628147,0.11519999844891135,0.13469999207866493,-0.07549999481017766,52.2022,-2.198924,31.260000000466572,Vw7
13328.010000000519,-0.2862999931403727,-10.355699952119988,8.309900020245026,-0.1839999970481622,-1.3932999935411052,0.9255999964348808,52.2022,-2.198924,31.350000000155525,Vw7
13328.110000000519,1.0368999804263188,-1.1197999601600392,12.215099987631207,0.38539999634519556,-0.14740000519863533,0.23790000334790457,52.2022,-2.198924,31.38,Vw7
13328.21000000052,-2.738799976098735,6.565200001390202,9.829200013913345,-0.3195999998861673,-1.1501999990342247,0.8836999992340758,52.2022,-2.198924,31.380000000103013,Vw7
13328.31000000052,1.8555564595357272,6.832427724161949,12.503655459452602,-0.29771881176739873,-0.9645564346781568,0.7364722764620902,52.2022,-2.198924,31.399801980300996,Vw7
13328.41000000052,3.141662360709257,2.7454138040941114,10.433075230962226,-0.42081287092952696,-0.904136631236415,0.5491475241006507,52.2022,-2.198924,31.311188119430213,Vw7
13328.51000000052,0.15789999727971227,-8.263199954991697,7.25060002373814,-0.3520999988268792,-0.4378000007616182,0.423899999898555,52.2022,-2.198924,31.430000000416186,Vw7
13328.61000000052,-0.3650000000286127,0.38839997538319077,11.813599987888502,-0.12659999973364172,-0.5841999993335841,0.40439999890907563,52.2022,-2.198924,31.510000000572255,Vw7
13328.710000000521,-0.37049999797966665,-4.34349997620183,9.485499995679515,-0.07539999900862712,-0.45609999806528284,0.19469999853303963,52.2022,-2.198924,31.620000000574255,Vw7
13328.810000000522,0.016500010087571355,0.21509997633025488,8.65790001119745,0.1144999999561478,-0.08550000104201172,-0.08629999880607174,52.2022,-2.198924,31.729999999843386,Vw7
13328.910000000522,1.9487999947549641,-4.318899989812717,10.802799992035606,0.10609999913913962,-0.28509999616606513,0.14239999808929715,52.2022,-2.198924,31.69999999989559,Vw7
13329.010000000522,0.9440999953161678,-2.3674999610571614,9.277199994734605,-0.058800000637422994,0.44929999685778127,-0.22360000042077227,52.2022,-2.198924,31.68000000010441,Vw7
13329.110000000523,0.046900003936256686,5.092100001331228,8.268600005176646,-0.1808999994732516,-0.1525999963237242,-0.30420000197648117,52.2022,-2.198924,31.700000000261024,Vw7
13329.210000000523,0.8008999941022833,5.347099948621553,9.260199999332066,-0.0800000007171766,0.5515999957865221,-0.6827999941389542,52.2022,-2.198924,31.750000000314323,Vw7
13329.310000000523,-0.3248999890532556,-4.460399976635445,9.13270000435499,-0.21689999950735153,-0.25269999820826233,0.43599999871255235,52.20220000000167,-2.198923999993163,31.81000000037041,Vw7
13329.410000000524,1.724557415658175,-0.04104455238252684,9.954724751964152,-0.12425049528559456,0.08605148522790323,0.19006138475580328,52.202515,-2.197632,31.879603960188486,Vw7
13329.510000000524,-0.1997000008167117,0.3544999878902454,9.857200007147668,-0.16929999967886833,0.10119999873276102,-0.07380000081880717,52.202515,-2.197632,31.840000000628642,Vw7
13329.610000000524,-0.3555999942919451,-1.9570999979643193,11.221599994127907,-0.10799999892262911,-0.14069999883637593,-0.2300999987390104,52.202515,-2.197632,31.96000000052916,Vw7
13329.710000000525,0.707895041536263,-1.5982267462086723,10.088396027285887,0.09213465164921017,0.07428118554093605,0.012515843846026536,52.202515,-2.197632,32.06138613934032,Vw7
13329.810000000525,-0.8125999934094503,-4.180899969315069,7.73800001357484,-0.2543999985391132,-0.4175999976117997,0.4440999973857539,52.202515,-2.197632,32.19999999952688,Vw7
13329.910000000526,0.4410999991683617,1.6562000001130228,10.320299998164296,0.023499999943225703,0.03669999774322169,-0.05319999844554076,52.202515,-2.197632,32.11,Vw7
13330.010000000526,0.28289999760706847,1.677700001320528,9.971100003271882,0.012699999852807377,-0.3925999981769142,0.24249999812802525,52.202515,-2.197632,32.11000000036798,Vw7
13330.110000000526,-0.1722999987020765,1.928900008239107,10.59349999193069,-0.015300001023514413,-0.0458000029506864,-0.11359999819741606,52.202515,-2.197632,32.179999999737156,Vw7
13330.210000000527,0.07459999015039066,3.49619997333769,9.058499997365104,-0.20999999942712747,-0.6071000004088178,0.22930000132878994,52.202515,-2.197632,32.12999999984175,Vw7
13330.310000000527,-1.7925999832479624,-1.55819996078197,8.559000015768763,-0.10139999819909136,-0.684599993303827,0.4811999950947131,52.202515,-2.197632,32.10000000052751,Vw7
13330.410000000527,1.3830999975402352,5.876399958573299,11.54829999847234,0.2399999990040669,0.5847999971641228,-0.44869999782772646,52.202515,-2.197632,32.20000000063301,Vw7
13330.510000000528,0.916799990262968,-1.97689998183085,11.25869998760412,0.051200000140668514,0.047200001051284,-0.036900000793391736,52.202515,-2.197632,32.32000000090582,Vw7
13330.610000000528,-0.918976242044096,1.3886435409485225,8.9373851511984,0.07924158502471763,0.23996633424114472,-0.18448712802003886,52.202515,-2.197632,32.4904950497662,Vw7
13330.710000000528,-1.7565999988616818,-3.046999975574015,9.445900015868014,0.24339999989948155,-0.2133999973849161,-0.053199999763140014,52.202515,-2.197632,32.53999999989306,Vw7
13330.810000000529,-1.5271673179782257,1.5193970286423495,12.410651483534254,0.21834356104350267,0.26914356088464547,-0.004034650889028658,52.202515,-2.197632,32.52168316920811,Vw7
13330.91000000053,0.12609998449657323,1.3191000239943438,12.105799995324993,-0.40729999877778644,-0.3864999959035467,0.4824999967854037,52.202515,-2.197632,32.68999999994706,Vw7
13331.01000000053,-2.8027999875735445,5.852099948749606,11.222600009154162,-0.17639999867192127,0.3873999947813758,-0.12479999728667535,52.202515,-2.197632,32.680000001005716,Vw7
13331.11000000053,-0.45520000224963514,-3.8301000137730603,12.95199998803353,0.07449999978826963,-0.5984999987042102,0.3877999975550436,52.202515,-2.197632,32.870000001905574,Vw7
13331.21000000053,-0.8802000042528773,-6.432099941480579,10.691300013385383,0.03449999993360689,-0.3537000011743614,-0.07409999803848186,52.202515,-2.197632,33.23000000053114,Vw7
13331.31000000053,-1.6809000208532803,4.585499957645974,13.211399971680946,0.021999999063060386,-0.5748000002119268,0.29520000063578045,52.202515,-2.197632,33.3299999996282,Vw7
13331.410000000531,-5.60699996982194,-3.3885999654155614,7.87970003601906,-0.15439999678710448,-0.6146999954188752,0.4148999946572134,52.202515,-2.197632,33.26000000053114,Vw7
13331.510000000531,0.07469999510178169,3.122699977145897,14.66109998568405,0.4504999989977296,0.2477999944893716,-0.5909999936453824,52.202515,-2.197632,33.360000000743604,Vw7
13331.610000000532,-0.8475000037416208,-1.180099975776573,11.965799996159662,0.2617999991013457,-0.7896999954305443,0.6053999981302627,52.202515,-2.197632,33.50000000069746,Vw7
13331.710000000532,-1.5466140009107565,3.266543963678138,11.225386986921558,0.09285999923483701,0.0569829973341509,0.25660399984271653,52.202515,-2.197632,33.6311000005845,Vw7
13331.810000000532,-1.709956432261417,-3.5266623900797764,8.79731485607826,-0.04822970218639052,-0.43103167854669966,0.2197296989341023,52.202515,-2.197632,33.740495049768896,Vw7
13331.910000000533,-1.0756000061966287,-6.1229000022284215,9.658800004023085,0.09879999987599355,0.43579999670037306,-0.5372999960835069,52.202515,-2.197632,33.78999999994723,Vw7
13332.010000000533,-2.2382732735210578,-6.541018814108782,10.413651489170107,0.07553267314336638,-0.18330891418948952,0.19755148906355213,52.202515,-2.197632,33.78009900984824,Vw7
13332.110000000534,-1.4592999976880026,-0.4769999731945809,10.432399996785694,0.11099999916484558,0.5700999972253901,-0.16930000038746476,52.202515,-2.197632,33.7899999998934,Vw7
13332.210000000534,-1.0254999960706963,4.552499992047941,9.829300010105776,-0.04569999854906381,0.04950000255021212,-0.24200000213426986,52.202515,-2.197632,33.77,Vw7
13332.310000000534,-0.3103277293138765,3.0627633569013697,11.696300988066612,0.2225732671519369,0.5191455432413684,-0.6310178185283285,52.202515,-2.197632,33.76920792036834,Vw7
13332.410000000535,-1.5330999997946433,1.2990999701794368,11.316399992026387,0.18989999942296928,0.2736999989571734,-0.02279999969624332,52.202515,-2.197632,33.68999999989304,Vw7
13332.510000000535,-1.4946999898813729,-4.277099948365643,9.825400006211503,0.08200000054922203,0.07870000285092757,0.03399999851651228,52.202515,-2.197632,33.66999999941174,Vw7
13332.610000000535,0.39739998768929796,5.378099947602507,10.986899988639607,0.18469999805552945,0.611799992859579,-0.243399996088598,52.202515,-2.197632,33.55999999935826,Vw7
13332.710000000536,-1.9045999970041518,-4.419799997379774,8.862600001459558,-0.178899998799085,-0.7233999951614609,0.48799999658077287,52.202515,-2.197632,33.439999999141435,Vw7
13332.810000000536,-1.3463000194872337,-3.931500023177445,9.134599998081113,0.044899999496667446,0.1782999948276945,-0.14919999651799043,52.202515,-2.197632,33.28,Vw7
13332.910000000536,-4.977899988160953,-8.250799969582722,8.77700000744052,-0.04889999905021468,-0.7855999972740625,0.49969999706586093,52.202515,-2.197632,33.27999999903412,Vw7
13333.010000000537,-2.771600011066877,-2.5822999511869376,10.163599991119776,0.12809999922139068,-0.27760000439262295,-0.04709999735294296,52.202515,-2.197632,33.0999999991951,Vw7
13333.110000000537,-4.833999985968397,6.5143999703125015,8.508700016373332,-0.016999999245537765,-1.0961999991419737,0.44620000152985195,52.202515,-2.197632,32.94999999881948,Vw7
13333.210000000538,-2.21909998699929,0.9819000382758007,11.55999999283631,0.12359999779678182,-0.9363000012254459,0.7313000002627493,52.202515,-2.197632,32.73,Vw7
13333.310000000538,0.19549997415634243,8.090799897342176,10.229499985918935,-0.28560000001957897,-1.1638999998667543,0.7801000003491578,52.202515,-2.197632,32.729999999129824,Vw7
13333.410000000538,-4.515435621500177,-10.659053397509341,7.6609930803987485,-0.2875900981427778,-1.1357990079614284,0.839849502553374,52.202515,-2.197632,32.567920790959306,Vw7
13333.510000000539,-0.4190000304109893,1.9355999266317274,9.72029999527658,-0.12660000042584194,-0.7757000026594727,0.3948000026442447,52.202515,-2.197632,32.35999999847719,Vw7
13333.610000000539,-5.935184117740216,-11.417454381520018,8.876956449193752,-0.2057029707295392,-1.2554178167824537,0.87570494764294,52.202515,-2.197632,32.07801980091359,Vw7
13333.71000000054,1.6163999708637844,2.30709995893907,11.39259998833622,-0.28600000004970205,-0.3272000021782471,0.34620000058886147,52.202515,-2.197632,31.879999997893062,Vw7
13333.81000000054,-3.776799987180649,-5.293399975412604,9.233600014503278,-0.2951999975435294,-0.7303999965392236,0.4551999985753875,52.202515,-2.197632,31.489999998217208,Vw7
13333.91000000054,-1.403900003532088,-0.7422000047881457,11.918199994243745,0.15949999889142782,-0.08980000081954387,0.19149999869207932,52.202515,-2.197632,31.15999999659649,Vw7
13334.01000000054,-2.0576999930654813,-1.6285000035547783,10.852699990793774,-0.04569999966018913,-0.24149999949271478,-0.05060000003781679,52.202515,-2.197632,30.52999999632637,Vw7
13334.11000000054,-0.7741000001026456,-2.2864999937910238,9.148600010941477,0.017200000079955497,-0.14759999894491158,-0.05759999922043389,52.202515,-2.197632,29.849999994651625,Vw7
13334.210000000541,-0.793100004044301,-1.137200001538363,11.173899988135958,0.031999998900704665,0.04769999879120878,0.08670000073340561,52.202515,-2.197632,28.859999996856057,Vw7
13334.310000000542,-1.5391999992508745,-1.4209999805091902,8.985200013196966,-0.17079999934248263,-0.17529999835322524,0.22199999761385697,52.202515,-2.197632,28.27999999593456,Vw7
13334.410000000542,-1.4010000103029125,2.174699965950032,11.419799993732717,-0.04950000051658208,0.1284999973818558,-0.2181999969986202,52.202515,-2.197632,27.529999996259797,Vw7
13334.510000000542,-3.3017000034848962,-4.106899993488789,10.263599994262307,-0.14480000006016855,-0.35449999709944313,0.3354999968457596,52.202515,-2.197632,26.839999997777557,Vw7
13334.610000000543,-3.9445999932042084,-2.90569999876519,9.205100005104567,-0.15589999867303997,0.18059999636061694,-0.24639999830172965,52.202515,-2.197632,26.429999997723353,Vw7
13334.710000000543,-2.6908999972354692,-2.6778999987164487,10.146800002450714,0.08890000010605618,-0.4907999984798615,0.06690000016207559,52.202515,-2.197632,26.00999999755255,Vw7
13334.810000000543,-2.1825999978176243,-2.441899982590629,10.597399994810456,0.10839999779386254,-0.21129999975076666,0.09670000026349032,52.202515,-2.197632,25.55999999757103,Vw7
13334.910000000544,-1.7813378618976325,0.7590708911771236,9.643225237534462,-0.2972310701649386,-0.16547475703258713,0.14514660220495557,52.202515,-2.197632,25.113398055826064,Vw7
13335.010000000544,-1.2413999968966332,-1.5754999880401264,9.583800005591064,-0.09799999973186824,-0.10390000075055142,-0.0025000005030869944,52.202515,-2.197632,24.70999999951051,Vw7
13335.110000000544,-0.6708000073374558,0.6234999860207081,10.611799994185402,-0.04870000115030161,-0.2418999992864323,-0.09499999844559716,52.202515,-2.197632,24.619999998857857,Vw7
13335.210000000545,-2.0198999826364727,-1.9467999933032087,9.542700004897629,-0.2601999984087481,-0.11070000011350495,0.19079999889278115,52.202515,-2.197632,24.409999998963176,Vw7
13335.310000000545,1.1619999844867763,-0.7196000052138851,10.440199987463306,0.031399998377240966,-0.13150000048396143,-0.012099999956454496,52.202515,-2.197632,24.219999999834638,Vw7
13335.410000000546,-1.6453990060791852,-1.6335267152192228,8.182351494183887,-0.26221089065833836,-0.21954554468849696,-0.003040593426492117,52.202515,-2.197632,24.189603960179845,Vw7
13335.510000000546,-0.945299994506652,1.5637999821590214,9.83749999565427,-0.18329999926082885,-0.24410000017804048,0.11289999991235779,52.202515,-2.197632,24.149999999614153,Vw7
13335.610000000546,0.056950498134183306,-1.6595019728838676,9.0652079295856,-0.04985742610147148,-0.27403564227362365,0.09505049398524498,52.202515,-2.197632,24.079801980089915,Vw7
13335.710000000547,0.6219999923588694,-0.3197000061305345,10.675999994435049,-0.11559999987352385,-0.037600000143996656,-0.09989999855072565,52.202515,-2.197632,24.05999999901447,Vw7
13335.810000000547,-0.7736000068209519,-1.4393999856934119,9.659600008199597,-0.09249999841548924,-0.06389999927180397,0.16479999976347318,52.202515,-2.197632,23.880000000273757,Vw7
13335.910000000547,-2.0193999950006334,1.1735999976336366,11.157199998515138,0.19690000000657018,0.06909999907962591,0.12159999760297578,52.202515,-2.197632,23.930000001259288,Vw7
13336.010000000548,-1.1063000091177808,0.7413999590036586,10.885999999946343,0.19809999779734389,-0.09899999663168274,-0.3162000010014064,52.202515,-2.197632,24.160000000219007,Vw7
13336.110000000548,-2.7715999926151067,-6.746299938040373,10.876199985234594,-0.20419999963918709,0.516200001179349,-0.4990999981680121,52.202515,-2.197632,24.200000000657017,Vw7
13336.210000000548,-1.422800001468372,4.5701999531236135,8.179400008585553,-0.1382999983157395,0.7315999944330411,-0.16449999825201667,52.202515,-2.197632,24.319999999285866,Vw7
13336.310000000549,-1.6900999954861158,-3.963099982406454,9.742300011542623,0.16830000002142406,-0.28179999657544685,0.15369999755985483,52.202515,-2.197632,24.190000000494404,Vw7
13336.41000000055,-0.8684000029307011,-0.7604000185224707,11.843499983784737,0.17220000045045453,0.34159999712862704,-0.29049999737912363,52.202515,-2.197632,24.28,Vw7
13336.51000000055,-1.4018999691658376,-4.132199969586079,8.891700022268934,0.25420000107779483,-0.181099998117979,0.18659999696217855,52.202515,-2.197632,24.2799999998352,Vw7
13336.61000000055,4.211099972948796,1.404299987938022,12.945499988297536,0.4503999971135448,0.16149999992385458,-0.3663999988725039,52.202515,-2.197632,24.25,Vw7
13336.71000000055,-0.7132564627736997,-0.7914425863545991,10.815202958560421,-0.0750455474493329,0.14763861378501852,-0.16115247411673883,52.202515,-2.197632,24.25,Vw7
13336.81000000055,0.9469999807641816,1.99469999096218,10.265199987439205,-0.08139999748618756,0.22740000028439536,-0.09359999968033081,52.202515,-2.197632,24.35000000121254,Vw7
13336.910000000551,-2.54309995735172,0.35490002989403036,7.98620003881721,0.3747000007545295,0.2790000014897687,-0.03560000329865543,52.202515,-2.197632,24.570000001267655,Vw7
13337.010000000551,5.194899937938981,5.778799959283514,15.029099948018482,0.5115999955334497,0.5492999987125048,-0.6340999973439899,52.202515,-2.197632,24.800000001488115,Vw7
13337.110000000552,-6.06529994196571,-1.6086999514538232,5.597700026088313,-0.2987999979563218,0.31570000382996766,-0.15220000089727836,52.202515,-2.197632,25.070000001433,Vw7
13337.210000000552,4.464299985741515,7.199399973146875,10.33110000208487,0.07199999918860825,1.0105999927451066,-0.3149999959518013,52.202515,-2.197632,25.330000001040244,Vw7
13337.310000000552,1.8857851342614746,2.3432613592951093,10.708129705054422,-0.07473267407842778,-0.3013802052720962,0.41707921196754055,52.202515,-2.197632,25.51811881292106,Vw7
13337.410000000553,3.5973999731824957,6.261299949547099,10.743599992132147,0.05949999949450468,0.5423999951528305,-0.2650999965006319,52.202515,-2.197632,25.780000001228828,Vw7
13337.510000000553,-1.2124810048020938,-2.7635049956327,9.334443999692438,-0.030150999530356236,-0.31867499627991247,0.356077997056014,52.202515,-2.197632,26.001700000940392,Vw7
13337.610000000554,-2.080376004688693,-1.9971510084364394,9.29321400764153,0.053063999537547486,0.33785399488536366,-0.16446299649454355,52.202515,-2.197632,26.17160000088508,Vw7
13337.710000000554,-2.91181484723381,-3.491457417144595,10.656329700497379,-0.0295138612831688,-0.5753940582409577,0.4594732654311022,52.202515,-2.197632,26.332772278761315,Vw7
13337.810000000554,-2.143299982551799,-1.937199954525383,10.209300004221966,-0.010900000472682586,-0.36479999967600163,0.1168000005392576,52.202515,-2.197632,26.610000001664375,Vw7
13337.910000000555,1.0016999821911843,6.259499967206259,10.970299996568057,-0.0960999991855657,-0.3063999996765564,0.21400000081387952,52.202515,-2.197632,26.91000000144246,Vw7
13338.010000000555,-2.208299999360325,0.3485000090236881,10.3516999985703,0.05069999991456207,-0.2480999981580913,0.36069999885324544,52.202515,-2.197632,27.170000000943148,Vw7
13338.110000000555,-2.093000013758836,1.9749999933807796,10.093999996299539,0.035299999672672853,0.08389999905130607,0.15399999941746864,52.202515,-2.197632,27.340000000832188,Vw7
13338.210000000556,-4.572999988276664,0.7819000115034745,9.427000000932322,-0.023700000423024174,-0.08709999986084731,0.049000001010248526,52.202515,-2.197632,27.490000001335865,Vw7
13338.310000000556,-2.466800003041321,2.848599982997211,9.594499996476097,-0.09969999978013874,-0.062100000338419344,0.23049999988144193,52.20251500000068,-2.1976319999909886,27.730000001224543,Vw7
13338.410000000556,-3.013200001382621,-0.20610000015807747,8.961400004056578,-0.06019999899587419,-0.12289999770008435,0.20919999802514502,52.202637,-2.196013,27.950000001280205,Vw7
13338.510000000557,-3.2616000024234832,-0.23449999978180858,9.690199996367003,0.12019999951129576,0.2902999989374301,-0.14559999937715257,52.202637,-2.196013,28.180000001669832,Vw7
13338.610000000557,-3.696999990224245,-0.1952999972047008,9.037500000566629,0.03240000040131635,0.09940000144663136,-0.03370000062507388,52.202637,-2.196013,28.480000001224543,Vw7
13338.710000000558,-1.940699993102276,0.30690002282079004,9.139300008450718,0.10450000024012479,0.3592999992075882,-0.1460000003171881,52.202637,-2.196013,28.70000000167529,Vw7
13338.810000000558,-0.7055000062276086,4.393499980167927,10.652599995797816,0.1474999991065124,0.21740000265645032,-0.20280000004914184,52.202637,-2.196013,29.000000000781803,Vw7
13338.910000000558,-1.8206999896899203,0.8421000332637986,9.900099992828972,-0.012500000365517653,0.6931000001297363,-0.21160000181010208,52.202637,-2.196013,29.140000001748618,Vw7
13339.010000000559,-0.008748523704907,6.647294998164285,8.646257435494778,-0.07532475137181924,0.7112465319421843,-0.5298039588899568,52.202637,-2.196013,29.450792079650398,Vw7
13339.110000000559,-1.5935999956803484,-2.543199955082506,10.391999987663779,0.12219999926050364,0.22590000249093511,-0.26020000001579396,52.202637,-2.196013,29.530000001297363,Vw7
13339.21000000056,-0.8518396173900213,5.376723738256011,8.20990792353387,-0.009819802494041591,0.6571544496660489,-0.25697623425861243,52.202637,-2.196013,29.76168316925713,Vw7
13339.31000000056,-3.255799987786017,1.0591000106979496,8.700700008842405,-0.10179999886549632,-0.3773999952939106,0.34539999625473716,52.202637,-2.196013,29.930000001120497,Vw7
13339.41000000056,-1.0757000117299278,2.968599976993946,10.278999992283135,0.1006999991792356,0.46259999840329113,-0.3230999980099965,52.202637,-2.196013,30.130000000280123,Vw7
13339.51000000056,-3.1693999875748036,-1.1377999550820574,8.9016000064395,-0.04579999942238355,0.17760000276202628,0.032099998364073686,52.202637,-2.196013,30.180000000392173,Vw7
13339.61000000056,-0.9515999995131439,6.87969997981928,10.051000005943118,0.05729999867052975,0.6705999955460226,-0.25989999741837383,52.202637,-2.196013,30.250000000056026,Vw7
13339.710000000561,-0.8646999997139075,3.277600025902891,11.11179998904249,-0.17999999931652563,-0.12439999686422415,0.2008999987145511,52.202637,-2.196013,30.259999999887587,Vw7
13339.810000000562,-0.8138000090279318,7.886099978333413,9.162300003526974,-0.05839999965601455,0.4334999958789194,-0.027799998082224917,52.202637,-2.196013,30.239999999550346,Vw7
13339.910000000562,-2.4200000056144946,4.031299974791263,9.789799999392967,0.002800000133210051,-0.2996999975572537,0.31339999933113943,52.202637,-2.196013,30.159999999269314,Vw7
13340.010000000562,-3.4188999964322893,-0.453699982454403,9.681799998525,0.0264999996230172,0.13489999983194742,0.1944000003332664,52.202637,-2.196013,30.02999999937548,Vw7
13340.110000000563,-2.79034999991566,2.6354959993230294,9.425317001865043,-0.039378999707058465,0.10581400028900566,0.25086399874276916,52.202637,-2.196013,29.916899998256973,Vw7
13340.210000000563,-2.755342562923231,2.561139629172981,9.748042571076347,0.012109900939437793,0.15656930685720646,0.030657426393376052,52.202637,-2.196013,29.60613861169019,Vw7
13340.310000000563,-0.7396000049986564,7.045099991222733,9.182299995745218,0.0031000001856839082,0.14350000093297618,0.14640000035769785,52.202637,-2.196013,29.219999996525544,Vw7
13340.410000000564,-1.6286128777249562,5.507461388034721,8.437985150029503,0.03700396113158388,0.30785841615657805,0.20776633582495563,52.202637,-2.196013,28.603267322934872,Vw7
13340.510000000564,-2.7698999997671145,5.84359999099191,8.706500009451869,0.16740000010883013,0.363700000980599,0.06440000012631063,52.202637,-2.196013,27.92999999622196,Vw7
13340.610000000564,-2.7286000076998733,4.246099999994925,10.382699986302065,0.18669999894553185,0.5376000005565561,0.08680000026277121,52.202637,-2.196013,27.259999996052795,Vw7
13340.710000000565,-4.094099988558036,4.24520000932679,7.95350000993662,-0.00029999918990943113,0.6363000004819812,0.1333999990886481,52.202637,-2.196013,26.559999997510893,Vw7
13340.810000000565,-2.071500002187584,5.893899999667365,9.710000001914349,0.14289999865701467,0.7214999996498282,-0.02769999933755862,52.202637,-2.196013,26.119999999264582,Vw7
13340.910000000566,-2.4581999968139456,5.8350999781252915,10.04839999557392,-0.09449999984216811,0.6596000000395994,0.08939999955196108,52.202637,-2.196013,25.989999997850315,Vw7
13341.010000000566,-1.8950000084765344,1.968300016948543,9.26600000735361,-0.06660000039203406,0.6666000020619972,0.010199998543873517,52.202637,-2.196013,25.609999998585735,Vw7
13341.110000000566,-3.393400018471423,4.964299998732253,10.565899986721755,-0.13590000061096216,1.031099997771685,-0.24719999873338494,52.202637,-2.196013,25.359999998246312,Vw7
13341.210000000567,-6.658599993687423,4.740199999678214,8.218700007464085,-0.24389999847733126,0.6372000022281019,-0.02330000082688348,52.202637,-2.196013,25.049999998297427,Vw7
13341.310000000567,-5.546299994051882,4.683499988629443,9.533899991217698,0.024399999636554894,1.0297999992885878,-0.16899999937858914,52.202637,-2.196013,24.749999999770697,Vw7
13341.410000000567,-4.4916217724825245,2.6972237608001044,8.012397035662373,-0.0386782176390991,0.9050960392610783,-0.06186831755173555,52.202637,-2.196013,24.7093069302996,Vw7
13341.510000000568,-2.7838000128071405,2.419600007503364,9.062099999509291,-0.006500000479243075,0.8447000007383554,-0.18869999974031446,52.202637,-2.196013,24.639999999770698,Vw7
13341.610000000568,-4.99886830602662,3.708741572940757,8.991833672071882,-0.08907326674381463,0.9705128695912139,-0.1423524746528022,52.202637,-2.196013,24.6,Vw7
13341.710000000568,-3.095700004391917,1.7328999905585738,10.525199997772159,0.013599999719882907,0.671800000498745,-0.03760000034217555,52.202637,-2.196013,24.600000000227737,Vw7
13341.810000000569,-3.8670999945696,0.07459999401733658,10.133899991833903,-0.0356000004366866,0.7593999980397497,-0.09769999869961903,52.202637,-2.196013,24.640000000170804,Vw7
13341.91000000057,-2.913299997065603,-0.9761999925746196,8.699600010051762,-0.11229999888522507,0.4151000007196504,0.13069999942439356,52.202637,-2.196013,24.669999999772266,Vw7
13342.01000000057,-2.3979000149593612,0.32800001998626366,10.46510000103287,0.08349999940995291,0.5414999985519117,0.029600000524486303,52.202637,-2.196013,24.630000000345056,Vw7
13342.11000000057,-4.954959380799886,3.765825721230427,10.643839603470349,-0.01940792096745851,0.2889108906396642,0.12165544603178186,52.202637,-2.196013,24.690792079659058,Vw7
13342.21000000057,-0.5409000107011003,0.018400000961362913,10.557800001147982,-0.050199999850705994,0.2100000010727679,0.20719999883731638,52.202637,-2.196013,24.770000001074465,Vw7
13342.31000000057,-2.4144643671330317,0.1867168326441978,10.758790100157483,-0.02406138598937164,0.3978217832506137,0.003635642402076089,52.202637,-2.196013,24.95811881295528,Vw7
13342.410000000571,2.101299988744057,1.4813999950562697,8.41140000973515,-0.17319999873363426,0.006900002281189099,0.16179999819074128,52.202637,-2.196013,25.14000000092309,Vw7
13342.510000000571,0.17283763663949053,0.6176425703393617,10.084010882639193,0.04494257348184591,0.3980158391363583,-0.14929603817329562,52.202637,-2.196013,25.30178217923609,Vw7
13342.610000000572,2.4265999740749264,-0.06809999925349038,8.605100000532895,-0.09079999958419357,-0.030399997821585565,0.1010999987268784,52.202637,-2.196013,25.480000001313673,Vw7
13342.710000000572,-2.1123999924234633,0.06260000645463842,8.698400007990802,-0.017999999991978256,0.3509999983246016,-0.12179999883627425,52.202637,-2.196013,25.71000000126056,Vw7
13342.810000000572,-0.7901000021698816,1.1890999959238084,10.093000000974643,-0.016599999728406693,0.058600001485741446,0.0812999988190848,52.202637,-2.196013,25.93000000154705,Vw7
13342.910000000573,-1.1687999952356576,0.47770000095802534,10.263100000925938,0.030800000625695975,0.3178999988918535,-0.12480000001145963,52.202637,-2.196013,26.200000001604348,Vw7
13343.010000000573,-0.33729998191727173,0.6448999883495639,10.424699991749064,0.14000000032659957,0.12450000113450368,-0.12680000070705938,52.202637,-2.196013,26.480000001203262,Vw7
13343.110000000574,2.818599969948831,-1.3883999858891807,8.984700006184765,0.1969999990998458,0.3224999987084993,-0.2501999990786455,52.202637,-2.196013,26.690000001661648,Vw7
13343.210000000574,-2.4260999961668346,1.0742999942229632,10.064100002694596,0.03990000029669003,0.09710000034371918,-0.08940000056725275,52.202637,-2.196013,26.980000002264365,Vw7
13343.310000000574,-1.7532762303651146,0.09340693880453695,10.52798910878963,0.09121089121037103,0.15492772198321952,-0.18559504863960583,52.202637,-2.196013,27.370792079663367,Vw7
13343.410000000575,-0.49089997466812885,1.5040999934356605,10.506899990978532,0.11229999971724453,0.017700001772592313,-0.0351000010114169,52.202637,-2.196013,27.450000002322426,Vw7
13343.510000000575,3.84894850153941,0.37748515080630696,8.969889118564607,0.06389009917670757,0.3220950489846051,-0.2087950492146046,52.202637,-2.196013,27.85425742819059,Vw7
13343.610000000575,1.5338000110114562,0.775999992036137,10.648799997338672,0.09289999914757063,0.2316000004414469,-0.15829999999770078,52.202637,-2.196013,28.280000001379523,Vw7
13343.710000000576,3.4494999652269525,-0.6094999940931084,10.185799996144722,-0.05539999972091609,0.30840000057604305,-0.15790000068790724,52.202637,-2.196013,28.520000002537127,Vw7
13343.810000000576,-2.580999965994433,0.4148999997705054,9.51720000598243,-0.006999999297677278,0.40829999792416927,-0.2771999985296199,52.202637,-2.196013,28.960000002133494,Vw7
13343.910000000576,3.3163999636550874,0.37510000834599266,10.554699993730992,0.11479999973417834,0.048300001550530214,-0.022200001802512997,52.202637,-2.196013,29.330000002537126,Vw7
13344.010000000577,-2.986699973009541,1.8224999891356706,9.467500001929054,0.06869999984390499,0.31719999701788626,-0.3347999980359985,52.202637,-2.196013,29.770000001922064,Vw7
13344.110000000577,1.602419776091695,-0.03647128347808498,9.791822768310197,0.0406811874157576,-0.1916871269172558,0.0014910885846185877,52.202637,-2.196013,30.103960398324105,Vw7
13344.210000000578,-2.885599973291911,0.5964000031153887,9.10410000677007,-0.08119999968273517,0.11959999704412017,-0.0893999981986603,52.202637,-2.196013,30.500000002746123,Vw7
13344.310000000578,1.7007792167619031,1.1060168180370806,10.258669304540522,-0.02851485241956091,-0.38251880969325375,0.21714158314093185,52.202637,-2.196013,30.974059408289513,Vw7
13344.410000000578,3.228700004265985,-1.252299987291125,9.845600007790411,-0.18999999831442985,-0.004400003005567124,0.041300001198524845,52.202637,-2.196013,31.38000000196669,Vw7
13344.510000000579,3.9661999869319144,0.9447999924623662,11.192399992815213,0.10139999949270932,-0.5239999983450871,0.24849999906350786,52.202637,-2.196013,31.720000000983344,Vw7
13344.610000000579,1.7069999803643223,-0.35829999421387837,9.950300001784484,0.013700000199561328,-0.23790000018162974,0.08660000008503048,52.202637,-2.196013,31.890000001272565,Vw7
13344.71000000058,-1.6875999824239967,0.6419999957583168,10.258800000518171,0.04819999957060936,-0.26929999989439307,0.10130000022688072,52.202637,-2.196013,32.110000002146954,Vw7
13344.81000000058,1.3413999916959332,-0.08899999842518082,10.348099997795602,-0.025800000359759725,-0.2510999991307741,0.1403999994139398,52.202637,-2.196013,32.48000000255313,Vw7
13344.91000000058,-0.08969998850393604,0.18239999890969594,9.968199994000717,-0.08779999926249257,-0.10130000060346793,0.03940000034293225,52.202637,-2.196013,32.92000000185683,Vw7
13345.01000000058,1.8914999856014054,-0.005499994654010354,8.934299999276144,0.03929999901649264,-0.20529999942677582,0.0984999998188893,52.202637,-2.196013,33.24000000211003,Vw7
13345.11000000058,-0.5374326572071703,0.8907881096334994,8.82860595092994,-0.12735247458141677,-0.10958911012356394,0.06822475283789992,52.202637,-2.196013,33.60277227883696,Vw7
13345.210000000581,2.2292999842105896,-0.6903999954219675,10.609200001073349,-0.012600000278814695,-0.3184999984400347,0.1306999995151302,52.202637,-2.196013,33.88000000174623,Vw7
13345.310000000582,-0.48329999546504115,0.0961000050594099,10.793599993717065,-0.0604999996839324,-0.050499999889987525,0.04740000001455191,52.202637,-2.196013,34.18000000128057,Vw7
13345.410000000582,0.2957999995202278,0.9652999959871992,9.714199998954026,-0.00619999965134199,-0.03160000094719739,0.04989999999941205,52.202637,-2.196013,34.40000000258701,Vw7
13345.510000000582,0.2142,0.2828,9.5363,0.0531,-0.1927,0.0498,52.202637,-2.196013,34.84,Vw7
