time_since_start_s,accel_x,accel_y,accel_z,gyro_x,gyro_y,gyro_z,latitude,longitude,vehicle_speed,trip_id
13365.41,-1.399,3.8243,10.2656,0.047,-0.3425,0.065,52.203125,-2.197729,33.13,Vw8
13365.51,-2.431,3.1283,10.2752,0.0326,-0.3397,0.1064,52.203125,-2.197729,33.38,Vw8
13365.61,-0.6225,1.6089,9.186,0.0841,-0.3966,0.076,52.203125,-2.197729,33.5,Vw8
13365.710000000001,-2.060199999987629,1.632599999987229,9.14360000001299,-0.055900000000090946,-0.3776000000005966,0.12800000000152978,52.203125,-2.197729,33.59,Vw8
13365.810000000001,-1.3800999999789034,0.9305000000507844,9.857800000002,-0.06089999999897045,-0.4104000000011296,0.21209999999607282,52.203125,-2.197729,33.59000000000146,Vw8
13365.910000000002,-0.22029999998052227,3.7223999999530575,9.967800000001887,-0.004299999999372449,-0.47249999999770986,-0.003800000001398803,52.203125,-2.197729,33.66999999999964,Vw8
13366.010000000002,0.8504999999470565,1.1417000000112814,10.071500000002723,0.030200000001078663,-0.3466000000000837,-0.08069999999559259,52.203125,-2.197729,33.650000000002365,Vw8
13366.110000000002,-2.060099999960959,1.7618999999766096,10.221199999986263,0.08949999999910688,-0.35119999999507784,0.16159999999657665,52.203125,-2.197729,33.780000000002914,Vw8
13366.210000000003,0.08620000003284838,0.47599999994311154,9.466000000022646,0.04040000000260906,-0.08060000000323377,-0.026600000004251657,52.203125,-2.197729,33.94000000000698,Vw8
13366.310000000003,0.9602109999236647,-1.0758540000144081,10.068118999945572,0.11006099999486083,-0.16427199998338884,-0.1443020000076838,52.203125,-2.197729,34.13080000000307,Vw8
13366.410000000003,-0.991906930628266,-1.4537970297271263,8.682440594129378,-0.022920792080822115,0.2633128712837256,-0.34136237623325977,52.203125,-2.197729,34.21128712871781,Vw8
13366.510000000004,0.697399999928783,-2.0834999999211066,10.506500000052322,-0.06500000000028376,0.17459999999856665,-0.2275999999950196,52.203125,-2.197729,34.340000000004366,Vw8
13366.610000000004,-1.2601999998786624,0.08509999986461625,11.944699999925195,-0.0727999999945394,0.13520000000301588,-0.09070000000017826,52.203125,-2.197729,34.460000000009096,Vw8
13366.710000000005,2.075099999857742,-3.636299999848209,9.888500000017675,0.07730000000388536,0.21809999997596205,-0.09559999998456224,52.203125,-2.197729,34.710000000017466,Vw8
13366.810000000005,-0.5317999999753291,-0.8546999999270894,10.212400000000732,0.14849999999349528,-0.22239999998623752,0.18729999998565364,52.203125,-2.197729,35.03000000001255,Vw8
13366.910000000005,-0.07969999998414237,0.4814000000336279,10.225799999985256,0.02930000000195046,0.029799999983099606,-0.07559999998619549,52.203125,-2.197729,35.26000000000432,Vw8
13367.010000000006,0.21089405942122252,1.0976376237947831,9.95560198018381,0.0650425742593054,-0.2799029703133165,0.17737029704300633,52.203125,-2.197729,35.33920792079625,Vw8
13367.110000000006,0.42140000007305245,-0.7241000002256783,11.280099999872704,0.13429999999499595,0.04409999998010935,0.08020000001018815,52.203125,-2.197729,35.33000000000163,Vw8
13367.210000000006,1.7600999998067506,-4.859699999769629,8.94740000022931,0.042600000013904356,-0.32039999998506247,0.26689999998958813,52.203125,-2.197729,35.36000000000655,Vw8
13367.310000000007,-0.8958999998073399,-1.693500000011154,12.09899999981033,0.23369999996417318,-0.11509999999813007,0.1237999999936699,52.203125,-2.197729,35.45000000000582,Vw8
13367.410000000007,1.7519999998937783,-1.846799999801672,9.492199999913897,-0.2586999999837746,-0.08940000000234286,0.03680000001320586,52.203125,-2.197729,35.530000000008,Vw8
13367.510000000007,0.29210000017169807,0.8789999996304905,8.308800000253138,-0.035699999998326536,-0.12159999995563121,0.21829999996134283,52.203125,-2.197729,35.64000000000873,Vw8
13367.610000000008,2.651899999829277,-4.199499999574487,11.787899999894085,-0.01270000000395812,0.48819999994761315,-0.3129999999737993,52.203125,-2.197729,35.76000000000291,Vw8
13367.710000000008,0.3054999998127441,1.6487000002915841,10.332199999753264,-0.06709999997436135,-0.23179999988927813,0.047099999992278395,52.203125,-2.197729,35.8000000000191,Vw8
13367.810000000009,-1.7533999998788827,4.8546999995593865,7.619300000218279,0.2147999999763986,0.9855999999397733,-0.037800000052459655,52.203125,-2.197729,36.00999999999636,Vw8
13367.910000000009,-0.4217000003011337,0.010100000666486812,10.019299999942028,-0.044700000001209626,0.32340000001954505,-0.6145999999675129,52.203125,-2.197729,35.96999999999818,Vw8
13368.01000000001,-3.7326999993514303,7.3381999987504996,9.381900000061464,-0.057999999992287485,0.5383000000494765,-0.257400000045211,52.203125,-2.197729,35.949999999996365,Vw8
13368.11000000001,3.398399999276871,-6.400199999443822,10.05770000009249,0.026800000014092665,1.0822999999354979,-0.7544999999860784,52.203125,-2.197729,35.9100000000009,Vw8
13368.21000000001,-4.552491089959483,-0.28495247459332607,11.074630693178095,0.18175049506608126,0.373092079132051,-0.6014306930529318,52.203125,-2.197729,35.91990099010007,Vw8
13368.31000000001,1.7885999997949271,-4.564699999585358,10.251999999852412,-0.061199999985135214,0.7115999998997555,-0.38099999993330497,52.203125,-2.197729,35.820000000001095,Vw8
13368.41000000001,-0.0903999998412677,-0.7655000004939428,8.899700000042072,0.07500000000058935,-0.20689999995102917,0.2300999999520005,52.203125,-2.197729,35.83000000000436,Vw8
13368.510000000011,1.363999999799773,-5.291299999159354,9.285199999891875,0.0804000000093969,0.24179999993471282,-0.2096999999440115,52.203125,-2.197729,35.87000000000982,Vw8
13368.610000000011,-0.4706000002023617,2.4112000000945084,8.29450000031283,0.166500000003285,-0.3563999999648161,0.30329999995737084,52.203125,-2.197729,35.96000000000108,Vw8
13368.710000000012,-2.3247584160736654,3.2771405941677942,11.160836634022141,0.19659900990475754,-0.03402376233588639,-0.08729405945483049,52.203125,-2.197729,35.96990099010025,Vw8
13368.810000000012,-0.1120999998253934,3.68419999983805,8.86980000005032,0.00980000000395994,-0.4833999999722422,0.4037999999442425,52.203125,-2.197729,35.98000000000127,Vw8
13368.910000000013,1.2591999999746106,2.4122999995682775,9.265000000389067,0.04089999997848135,-0.2653999999951106,-0.034100000006430126,52.203125,-2.197729,35.99000000001146,Vw8
13369.010000000013,1.0597999996031402,-0.9782999993011915,12.320599999440363,-0.1281000000027503,-0.22700000003911555,-0.08459999994195058,52.203125,-2.197729,36.08000000000891,Vw8
13369.110000000013,-2.0569999995584474,4.509899999020443,7.92540000044047,-0.14969999995323197,-0.5341999999116717,0.37129999993446366,52.203125,-2.197729,36.15000000000764,Vw8
13369.210000000014,1.4107999998559362,-3.183199999600579,11.384699999925466,0.21759999996842233,0.15949999991113145,-0.14339999995164399,52.203125,-2.197729,36.21000000000582,Vw8
13369.310000000014,0.42080000030265075,-0.4384000004186877,10.87249999987273,0.0006000000173604349,-0.45119999989090426,0.18889999993710663,52.203125,-2.197729,36.25,Vw8
13369.410000000014,2.5005999996379513,-3.315599998986643,9.997900000000499,0.11989999999441442,0.29849999991168896,-0.24329999994027834,52.203125,-2.197729,36.25000000001911,Vw8
13369.510000000015,0.03435247520109869,3.554352474891348,9.99251980185069,0.08186336633609331,-0.29750198012724893,0.15970297024839844,52.203125,-2.197729,36.37990099009755,Vw8
13369.610000000015,-0.28040000014352007,1.1396000000756845,9.114500000120207,0.07819999999234188,0.1822999999636496,-0.1699999999640759,52.203125,-2.197729,36.370000000010286,Vw8
13369.710000000015,-1.236119801674792,1.6390851482872046,9.930241584128018,0.025780198015079137,-0.06219702966157594,0.07208019798554306,52.203125,-2.197729,36.44,Vw8
13369.810000000016,0.8318999999702512,0.09759999961867369,9.724400000117589,-0.006199999998958215,0.2180999999782548,-0.15989999998503465,52.203125,-2.197729,36.44000000000827,Vw8
13369.910000000016,0.6580138614857823,-2.1778128707803304,10.42942376227556,0.0005663366413901038,0.08724752476320409,-0.07002574258462536,52.203125,-2.197729,36.490792079221045,Vw8
13370.010000000017,1.2594000000888,0.8808999998042603,9.821799999959618,0.04719999999012785,0.1520000000020505,-0.1325999999975361,52.203125,-2.197729,36.570000000011575,Vw8
13370.110000000017,1.7854881186308855,-0.2865712868595269,9.592293069550646,-0.01447227726043698,0.1626603960107491,-0.11564752471843079,52.203125,-2.197729,36.640297029707895,Vw8
13370.210000000017,0.6943000000917028,1.336299999291421,11.061599999829603,-0.211699999978264,-0.011299999952816516,0.08959999997795164,52.203125,-2.197729,36.66999999999816,Vw8
13370.310000000018,1.1822782176172748,-2.477052474454128,10.134333663368794,-0.09339801980194379,0.24039504941108064,-0.028415841547673706,52.203125,-2.197729,36.661485148542155,Vw8
13370.410000000018,0.07010000001788066,1.8377000000869659,10.147699999778975,-0.09319999999543434,-0.27009999994788597,0.16999999996894985,52.203125,-2.197729,36.80999999999818,Vw8
13370.510000000018,0.16840000000464853,2.3157999997799203,8.932600000199042,-0.06809999998938003,0.016399999965512696,-0.0006999999929261523,52.203125,-2.197729,36.80000000001653,Vw8
13370.610000000019,0.19720495055956166,1.1009267323590166,10.015539603953762,-0.010017821776984442,-0.16920594055551613,0.037303960386909495,52.203125,-2.197729,36.890297029708435,Vw8
13370.71000000002,0.547699999995738,-0.6064000000620275,9.979500000085197,0.018199999972927983,0.040199999953299266,-0.012299999984112946,52.203125,-2.197729,36.920000000026015,Vw8
13370.81000000002,0.5264000000111049,-0.9163999998926323,10.405299999847553,-0.11709999998745442,-0.1931999999722677,0.0671000000105647,52.203125,-2.197729,37.05000000001,Vw8
13370.91000000002,0.5818999997993509,-0.3797999998785661,9.64340000011443,-0.05439999998343264,-0.05460000000998443,0.119899999986454,52.203125,-2.197729,37.10000000001201,Vw8
13371.01000000002,-0.4209000000173814,0.2270999999345568,10.215300000082259,0.028400000004971906,-0.10449999997227051,0.05219999998389184,52.203125,-2.197729,37.159999999977764,Vw8
13371.11000000002,-0.49805148496955365,-0.09859603964230779,10.626898019894975,0.054030693090152696,0.031212871257051533,-0.027913861394508962,52.203125,-2.197729,37.05049504951496,Vw8
13371.210000000021,0.38679999979940183,-0.28819999973188826,11.086699999879052,0.1570999999824722,-0.11750000000482395,-0.06929999997636041,52.203125,-2.197729,37.10000000000655,Vw8
13371.310000000021,-0.5321999999133433,0.9400999997533233,10.532599999906381,0.07679999997801933,-0.1395999999841748,0.03899999998788553,52.203125,-2.197729,37.12999999999345,Vw8
13371.410000000022,-0.1351999997997729,-0.18999999960144487,10.103699999884574,-0.023900000019274014,-0.0671000000162836,-0.01649999996276165,52.203125,-2.197729,37.09999999996726,Vw8
13371.510000000022,0.7821000000030559,1.6358999997124832,9.57490000026547,-0.1121999999631982,-0.14169999993731033,0.15409999995833057,52.203125,-2.197729,36.94999999997381,Vw8
13371.610000000022,0.7960999999933207,0.31869999979730634,10.791099999771221,0.056399999980027496,0.14549999995806864,-0.03680000000530417,52.203125,-2.197729,36.82999999998035,Vw8
13371.710000000023,0.765500000281303,-0.6099000000633263,9.74299999987375,-0.0351000000173095,-0.046600000001631635,-0.06110000000189175,52.203125,-2.197729,36.73999999995744,Vw8
13371.810000000023,1.9550999993002185,-0.8776999991022706,9.20909999998489,-0.10829999999456122,-0.053500000063420886,-0.06909999991761433,52.203125,-2.197729,36.559999999962166,Vw8
13371.910000000024,-1.0041999994108148,2.9186999990356335,9.145200000351489,-0.08530000000061481,-0.3216999999515712,0.27929999999196004,52.203125,-2.197729,36.399999999959796,Vw8
13372.010000000024,1.487399999637582,-1.1595000001688003,10.63159999957641,-0.08789999997962548,-0.11689999996854251,0.2452999999545216,52.203125,-2.197729,36.22999999998089,Vw8
13372.110000000024,-0.03643861401741695,-1.8392693062880465,8.875884158837838,-0.0009099009497682115,0.013703960369884834,0.055461386152010204,52.203125,-2.197729,36.148316831643,Vw8
13372.210000000025,-0.6902999998755229,0.8537999996922961,10.644299999902083,0.16809999996215774,-0.09589999996893166,0.11159999993106394,52.203125,-2.197729,35.97999999993633,Vw8
13372.310000000025,-0.2014999997863415,-0.35449999997995835,10.259799999919222,0.01949999999337888,0.02609999998502608,-0.15909999998494967,52.203125,-2.197729,35.729999999969436,Vw8
13372.410000000025,0.6374999996167644,-0.2757999995184153,9.942599999942956,-0.0065000000229701975,-0.032700000037434805,-0.09999999993628444,52.203125,-2.197729,35.609999999926146,Vw8
13372.510000000026,-0.8673999996036494,1.6152999989590069,9.71860000026459,-0.09670000002246087,-0.17969999999498323,0.15020000000277578,52.203125,-2.197729,35.31999999991851,Vw8
13372.610000000026,0.6889999999958999,-2.4724999992401755,10.757599999950061,-0.18489999997318446,-0.1600000000140317,0.1611000000075888,52.203125,-2.197729,34.99999999996944,Vw8
13372.710000000026,0.6729000004155564,0.5112000004739294,10.561499999603157,-0.07959999996359265,-0.2150999999776485,0.19090000003742708,52.203125,-2.197729,34.87999999991457,Vw8
13372.810000000027,2.1603841578575023,2.220581187837969,9.136835643983078,0.05334851487480484,-0.13094158407436157,0.3219970295737188,52.203125,-2.197729,34.569504950481445,Vw8
13372.910000000027,0.12879999975438186,1.1986999999784997,10.660399999748488,0.13819999999219654,0.17489999993459823,-0.14829999996766746,52.203125,-2.197729,34.519999999923606,Vw8
13373.010000000028,-0.7713999997781197,1.1198999996663064,9.738600000162645,0.10959999997667147,-0.06479999997432496,-0.0297999999990996,52.203125,-2.197729,34.239999999904505,Vw8
13373.110000000028,0.041800000361715134,-0.10309999999399733,10.334699999799538,0.024099999975279934,0.029299999956180545,-0.026499999956344254,52.203125,-2.197729,33.88999999992906,Vw8
13373.210000000028,1.3674999998260173,-0.08110000010157237,9.600000000085215,-0.06649999999639113,-0.13129999999965075,0.1334999999991851,52.203125,-2.197729,33.62999999995926,Vw8
13373.310000000029,0.7696999999235443,-0.43009999983335145,9.89280000010422,-0.0540999999779393,-0.13010000000293948,0.13069999998151907,52.203125,-2.197729,33.489999999956346,Vw8
13373.410000000029,0.5069999999359716,0.14250000035480215,10.250899999882908,0.021699999996148887,-0.1401999999674566,0.06719999998888762,52.203125,-2.197729,33.33999999993239,Vw8
13373.51000000003,0.2889306930614157,1.3367287124999938,9.854750495112519,0.009522772304266739,-0.03052871290143041,0.029759405951125348,52.203125,-2.197729,33.10831683163385,Vw8
13373.61000000003,0.2620000003129397,0.06960000015639634,10.069800000015523,0.10179999999009294,-0.13339999996683927,0.06569999997424751,52.203125,-2.197729,32.93999999992944,Vw8
13373.71000000003,1.311841583728632,0.5970623761045809,10.11810891075941,0.06706237620720068,-0.01988514849389208,-0.021491089096921646,52.203125,-2.197729,32.69792079201825,Vw8
13373.81000000003,-0.15399999967537223,0.1433000000486416,9.669000000101025,-0.036699999981168005,0.05159999998812564,0.01939999996193401,52.203125,-2.197729,32.489999999922695,Vw8
13373.91000000003,0.8957999997509308,0.30059999994615055,9.995699999894644,0.024199999962642733,0.013199999989504982,-0.10369999995795746,52.203125,-2.197729,32.23999999994378,Vw8
13374.010000000031,0.10902079240973682,0.13467029723106463,9.64930098981584,-0.09501782177028448,-0.020448514852994978,0.030180197997401074,52.203125,-2.197729,32.058217821726714,Vw8
13374.110000000032,1.1711000004484746,0.7816999999434331,8.739400000458438,-0.05679999999628302,-0.025300000009870312,-0.0417999999932532,52.203125,-2.197729,31.879999999937528,Vw8
13374.210000000032,2.592394058954241,0.6092257428428539,10.209113861448849,-0.04520594060358607,-0.05847722777188547,-0.01857029697895575,52.203125,-2.197729,31.677722772206316,Vw8
13374.310000000032,1.1418000000212656,1.4717999992719744,10.410499999657402,-0.07579999998610955,-0.2161999999362031,0.1443999999897806,52.20312499999994,-2.1977290000004124,31.449999999957004,Vw8
13374.410000000033,1.1995960393897205,-0.7068999992555579,9.366853465091364,-0.03433861387912803,-0.025233663430031347,0.11301188117204022,52.20295,-2.198977,31.31811881181922,Vw8
13374.510000000033,0.5492000004032865,1.5530999994206682,8.592200000452532,-0.08820000000281117,-0.2185999999548229,0.0642000000062507,52.20295,-2.198977,31.129999999943777,Vw8
13374.610000000033,1.7620069304757753,-0.1636069295397703,9.944207920255126,-0.09738811883456015,-0.08414752482325322,0.08359900991743642,52.20295,-2.198977,30.957722772202175,Vw8
13374.710000000034,1.1027000003649274,3.3356999983296074,8.315000000586046,-0.16619999994750215,-0.29889999995825056,0.13349999996084264,52.20295,-2.198977,30.729999999920512,Vw8
13374.810000000034,2.1585999993624223,-1.4974999994544234,10.010700000068258,-0.01429999995541657,-0.17810000003145032,0.020200000106343576,52.20295,-2.198977,30.49999999992742,Vw8
13374.910000000034,0.3138000006287622,0.08109999925945635,10.208199999411313,0.11469999996456645,-0.2690999999567816,0.3278999999763311,52.20295,-2.198977,30.28999999996858,Vw8
13375.010000000035,2.0920702962361672,-2.0003594045557787,8.532853465727266,0.013946534679414075,-0.14672376242572607,0.25888415837358025,52.20295,-2.198977,30.198316831624663,Vw8
13375.110000000035,-0.19089999944118644,1.9836999996331717,9.628199999843508,0.08859999999263855,-0.28909999994708746,0.13730000004731374,52.20295,-2.198977,30.029999999979264,Vw8
13375.210000000036,1.425999998695639,0.9223000008719507,9.175400001120206,0.06730000004041795,-0.13600000015905245,0.2741999999099964,52.20295,-2.198977,29.969999999930877,Vw8
13375.310000000036,-2.1593999982938614,3.3190999984151643,12.254599998965087,0.17839999985764113,-0.5731999995961476,0.02679999987983646,52.20295,-2.198977,29.779999999926506,Vw8
13375.410000000036,2.4804257424618075,-1.00515049546834,9.428292078841851,-0.20602673256451146,0.5202881186102682,-0.29717128701792894,52.20295,-2.198977,29.57881188114466,Vw8
13375.510000000037,2.1730000006125034,-2.150200001732376,8.427500000441261,0.09129999990063542,-0.030899999684855493,0.005699999754895772,52.20295,-2.198977,29.459999999926506,Vw8
13375.610000000037,3.8284524748322517,-6.788846531884857,9.609307920097047,-0.17993267329779916,0.8195980195420768,-0.6547594057012351,52.20295,-2.198977,29.25732673257544,Vw8
13375.710000000037,2.693699998457839,0.7765000015341392,7.71010000126862,-0.26319999991095866,0.10940000027934765,-0.0007000001500447979,52.20295,-2.198977,28.98999999994652,Vw8
13375.810000000038,-1.3434999987594565,4.792699998351226,11.031199998945562,-0.03010000004125468,0.8406999999072916,-0.39349999998277235,52.20295,-2.198977,28.849999999923604,Vw8
13375.910000000038,1.9040999992170777,0.4764000013591125,8.270800001016202,-0.1380999998654639,0.597999999943695,-0.34840000000397264,52.20295,-2.198977,28.649999999858665,Vw8
13376.010000000038,-0.14549999883890996,4.0343999970728275,10.931100000005273,0.21409999992677295,0.45060000005179757,-0.35879999997154194,52.20295,-2.198977,28.279999999858667,Vw8
13376.110000000039,2.894099999206497,-3.628599997635954,10.944899999766568,0.02240000004037611,0.5861999998433086,-0.28429999990144716,52.20295,-2.198977,27.909999999893042,Vw8
13376.21000000004,0.8168000010190924,2.560199998098716,10.333799999985715,0.12809999998903512,0.17600000009292124,-0.02630000011252996,52.20295,-2.198977,27.629999999855936,Vw8
13376.31000000004,3.363399999539836,-2.190899998259591,10.298099999253486,0.10069999993524398,0.40819999982084976,-0.30749999986713294,52.20295,-2.198977,27.269999999826187,Vw8
13376.41000000004,2.240395050124076,2.1084188116285847,8.460127723127291,-0.058888118787273847,-0.03352376231686944,0.021632673284727066,52.20295,-2.198977,26.833960395796716,Vw8
13376.51000000004,3.779900000251061,1.4802999989132144,9.342900000692065,0.00229999994526863,0.1140999999417519,0.0649000000266381,52.20295,-2.198977,26.229999999773636,Vw8
13376.61000000004,4.391530999619177,-1.1971999995535818,11.038823999349436,-0.13231399996838877,-0.02903899996135064,0.1306259999930021,52.20295,-2.198977,25.664099999762715,Vw8
13376.710000000041,3.447174257147093,-0.09821386138267292,9.447030693456787,-0.05372079204785736,0.06552574255115283,0.11331287128362319,52.20295,-2.198977,25.074554455226448,Vw8
13376.810000000041,2.7545999995309263,-0.08959999849693086,10.410099999240076,0.02419999997276427,0.008099999993808159,0.10459999999661122,52.20295,-2.198977,24.529999999707144,Vw8
13376.910000000042,1.6334000001352582,3.5030999988364777,8.593700000750301,-0.040899999972596926,-0.006700000083171472,0.0965000001006174,52.20295,-2.198977,23.829999999748978,Vw8
13377.010000000042,1.9567000001809547,0.7220000001137622,10.38709999937342,0.02459999996238918,-0.2054999999282436,0.33699999989840856,52.20295,-2.198977,23.229999999733767,Vw8
13377.110000000042,2.416337625084419,0.9652663355430783,8.907822772421166,-0.06303960390318747,-0.03259207907722379,0.09535643559126891,52.20295,-2.198977,22.592772276923778,Vw8
13377.210000000043,5.560099998912885,-1.62809999920289,9.250100000072337,0.07299999996965925,0.27819999996738914,-0.028999999983541785,52.20295,-2.198977,21.869999999672583,Vw8
13377.310000000043,3.0699000012299016,0.19779999945862467,9.415800000033471,0.0035000000123911763,0.2035000001378022,0.00869999998765292,52.20295,-2.198977,21.11999999971778,Vw8
13377.410000000044,5.855127722602463,-1.0317376238429632,9.494972277371225,0.03164158416023947,0.5152376237289431,-0.019185148509814808,52.20295,-2.198977,20.47316831653209,Vw8
13377.510000000044,5.46790000056639,-1.2154999997768319,9.822199999907756,0.0357999999889551,0.4390000001189619,-0.0077000000618165365,52.20295,-2.198977,19.78999999969441,Vw8
13377.610000000044,6.7652999989939095,-0.7042999995032413,9.610900000208893,0.010500000008119969,0.711499999931766,-0.14929999992853554,52.20295,-2.198977,19.089999999720604,Vw8
13377.710000000045,4.460699999804959,0.43360000009035826,10.089399999537475,0.02910000003378773,0.5552000001094577,0.01439999993797246,52.20295,-2.198977,18.44999999969532,Vw8
13377.810000000045,4.031799999647935,0.6322999998420208,9.072300000031559,0.10339999998858584,0.7958999999342891,-0.12199999995766302,52.20295,-2.198977,17.779999999818102,Vw8
13377.910000000045,3.2576000001841274,0.2848999998291969,9.141699999877947,0.07829999999645297,0.6514000000417458,-0.028900000028376234,52.20295,-2.198977,17.379999999845385,Vw8
13378.010000000046,3.6625000003335417,-0.09070000019680205,8.873300000208374,0.07049999995303945,0.7431999999794238,-0.09130000002048615,52.20295,-2.198977,17.03999999989644,Vw8
13378.110000000046,4.395965346866742,-0.5234722774236675,9.331517821989644,-0.03276732677942923,0.6979524752270382,-0.13634950497089196,52.20295,-2.198977,16.812277227619667,Vw8
13378.210000000046,3.5158722784281253,-0.2764099011230549,11.171163365873483,0.08849108907195107,0.9279693069064452,-0.3086534653444084,52.20295,-2.198977,16.59742574245664,Vw8
13378.310000000047,6.143099998086638,-0.5673999988230011,10.157500000090426,0.007600000028423528,0.8749000000068576,-0.3039999999600841,52.20295,-2.198977,16.33999999991014,Vw8
13378.410000000047,2.097400000309081,1.921299999725983,10.348699999374624,0.0676999999529929,0.8893999999674198,-0.21959999999761143,52.20295,-2.198977,16.149999999899677,Vw8
13378.510000000048,2.7193449988100427,1.338542999565099,9.049827000485719,-0.029326999934790994,0.8206959999760631,-0.21462900000137733,52.20295,-2.198977,15.938499999928759,Vw8
13378.610000000048,0.2678475261277676,0.43052475240515875,10.059611881060407,0.10578019798085332,0.7703386138394658,-0.21669999996199213,52.20295,-2.198977,15.787722772169037,Vw8
13378.710000000048,3.1625999985462143,0.28299999925977315,9.790800000244435,0.023800000032856407,0.724199999882375,-0.1366999999853644,52.20295,-2.198977,15.559999999936155,Vw8
13378.810000000049,0.2025000001787212,-1.224199999246169,10.288499999818923,0.09069999995383406,0.4846999999808952,-0.1068999999640986,52.20295,-2.198977,15.429999999916507,Vw8
13378.910000000049,0.5664000002867692,0.3106999994840218,9.919800000051863,-0.003299999988360287,0.44579999986665897,-0.03379999997637678,52.20295,-2.198977,15.259999999941064,Vw8
13379.01000000005,1.150299999809983,-0.7399000001758727,10.025399999822604,0.020399999980011126,0.1742999999942047,0.014299999982663212,52.20295,-2.198977,15.139999999995089,Vw8
13379.11000000005,0.7634000002041615,-1.0979999998850762,9.664200000276455,-0.020299999952704456,0.16249999989190292,-0.02099999997789928,52.20295,-2.198977,15.130000000024557,Vw8
13379.21000000005,1.179099998662992,-0.8640000002190064,10.227100000071355,0.0759999999820211,-0.05759999999185093,0.02400000002353045,52.20295,-2.198977,15.179999999994907,Vw8
13379.31000000005,-1.4459999990488503,-1.2939999995715625,10.367199999992565,0.040700000003819875,-0.04160000000224099,0.0701999999694919,52.20295,-2.198977,15.170000000040746,Vw8
13379.41000000005,0.42149999904360447,-0.45279999984236635,10.352599999593973,0.048199999968167685,-0.04600000002622982,0.01029999999546708,52.20295,-2.198977,15.250000000056025,Vw8
13379.510000000051,-1.4562999983321905,-0.14330000015671687,9.555400000119487,-0.014299999954874512,-0.09749999994820246,0.0013999999336869223,52.20295,-2.198977,15.360000000091677,Vw8
13379.610000000052,1.818299998218358,-0.45100000006717894,9.790000000092643,0.07429999997723354,0.0041999998644707374,-0.12879999987919,52.20295,-2.198977,15.540000000061116,Vw8
13379.710000000052,-1.6797999967684398,-0.5829000004636785,9.971900000154031,0.02959999998227577,-0.261899999768952,0.10839999987012779,52.20295,-2.198977,15.6600000000633,Vw8
13379.810000000052,4.446299998443588,-1.4618999998603972,10.263899999483682,-0.004000000001385372,0.17609999981393393,-0.13779999985714686,52.20295,-2.198977,15.780000000053283,Vw8
13379.910000000053,1.5382722779145894,-1.2035455447474825,9.299853465608814,-0.007534653514835315,-0.1693792077237806,0.1277495048154494,52.20295,-2.198977,15.881386138687256,Vw8
13380.010000000053,2.8354999980926934,-1.5680999995620637,9.795199999655907,-0.10100000002210255,0.20269999988495074,-0.12729999989228308,52.20295,-2.198977,16.02000000007385,Vw8
13380.110000000053,-0.780199998910751,-0.7379000003741607,9.142900001165472,-0.14289999998591557,-0.01539999994893733,0.0768999999319516,52.20295,-2.198977,16.16000000014243,Vw8
13380.210000000054,1.2847000009954055,-1.4471999999382816,11.35229999897087,-0.11620000006815753,0.08139999996845873,-0.052099999938827385,52.20295,-2.198977,16.43000000019645,Vw8
13380.310000000054,3.1087999979673886,-1.3340999994475913,9.466400001338377,-0.24109999983716407,0.023600000215713953,0.05999999993255187,52.20295,-2.198977,16.790000000169165,Vw8
13380.410000000054,-0.6159999959703322,-0.321799999999559,11.918999999599768,0.05730000004376599,0.4189000000999893,-0.0636000002150266,52.20295,-2.198977,17.10000000020395,Vw8
13380.510000000055,6.63961385837467,-0.3205673267089767,11.176279207010507,0.13657227722072768,0.593750494690803,-0.4489594056809622,52.20295,-2.198977,17.47386138635009,Vw8
13380.610000000055,1.1409999992341144,-0.2772999992546327,9.514200000656201,0.12380000001937223,-0.06120000000054569,0.02510000003792593,52.20295,-2.198977,17.860000000240106,Vw8
13380.710000000056,-0.2624999968986795,1.0885999982134942,10.71670000046515,0.15929999983483759,-0.06219999981104156,0.09459999987820047,52.20295,-2.198977,18.3000000003045,Vw8
13380.810000000056,5.237399998659754,-2.079599999520922,11.541599998389822,-0.13360000011435622,0.2728999998370931,-0.12139999985823888,52.20295,-2.198977,18.84000000024811,Vw8
13380.910000000056,2.8606000015328132,-1.2299999997596152,8.686100002735019,-0.3363999996713104,-0.01599999963454502,0.12999999975454013,52.20295,-2.198977,19.280000000219918,Vw8
13381.010000000057,5.578899998756743,-0.803700000401431,13.536399997920217,0.2464999998760013,0.6320999998231651,-0.30529999988987294,52.20295,-2.198977,19.67000000027067,Vw8
13381.110000000057,3.3740999959476845,-1.515599999213942,9.848099998039535,0.026600000244726835,0.318500000207172,-0.11000000017407183,52.20295,-2.198977,20.150000000270666,Vw8
13381.210000000057,-3.812299994388258,-0.12160000076531433,6.371400002632675,0.46059999991903317,0.6858999998795683,-0.41869999996303814,52.20295,-2.198977,20.630000000261933,Vw8
13381.310000000058,5.828599997821054,-1.4364000001389416,10.89429999925663,0.32149999991990624,0.4790000001383014,-0.35519999995611146,52.20295,-2.198977,21.08000000017462,Vw8
13381.410000000058,2.085200002390705,-1.6750999994551763,9.61720000160077,0.1839000000370201,0.7165999999125721,-0.27980000007933703,52.20295,-2.198977,21.380000000197906,Vw8
13381.510000000058,6.192399995742168,-0.7391000006647896,12.367299998576474,0.24749999983509768,0.5663999999317224,-0.4160999998274143,52.20295,-2.198977,21.72000000024447,Vw8
13381.610000000059,-1.1224999974913086,-1.8811999993131496,9.921700001076665,-0.035799999863241394,0.44910000003574774,-0.11960000005567945,52.20295,-2.198977,22.140000000205784,Vw8
13381.71000000006,3.089187125492969,-0.7240930699550296,11.728624751056996,0.19338118791907197,0.5062891086999292,-0.21201881174791248,52.20295,-2.198977,22.493366336830334,Vw8
13381.81000000006,-2.4220999978420417,-1.8333999999624833,9.301100000769482,-0.14849999980443315,0.14520000006765002,0.01609999991026016,52.20295,-2.198977,22.8300000002281,Vw8
13381.91000000006,1.1728999983904453,-1.770899998196019,10.582999998975525,0.17729999986049808,0.2578999998352869,-0.13339999987466433,52.20295,-2.198977,23.21000000027012,Vw8
13382.01000000006,-1.5084999990137622,1.234399998416617,8.876300001320107,-0.055099999917583416,-0.016499999931989806,0.07539999996254336,52.20295,-2.198977,23.660000000060027,Vw8
13382.11000000006,0.13449999898909118,-1.4034000005817784,11.07549999975203,0.08219999994537575,0.09679999991872391,0.013000000089859895,52.20295,-2.198977,23.76000000010805,Vw8
13382.210000000061,-1.5495999997818086,-2.3726000001017358,10.662399999994001,-0.008799999949286576,-0.03859999989708886,0.16269999969850252,52.20295,-2.198977,23.940000000259754,Vw8
13382.310000000061,-1.196800000115033,-2.5370999989076823,10.652699998568954,0.07319999998719795,0.12779999985565227,-0.32479999991861114,52.20295,-2.198977,24.360000000210274,Vw8
13382.410000000062,-1.3828000008906391,-0.770900000931952,8.338800003625392,0.05250000019654544,-0.1056000002409506,-0.19319999975249377,52.20295,-2.198977,24.70000000021646,Vw8
13382.510000000062,-2.822899994269074,-2.27779999925241,14.200799997951671,0.37029999955019666,-0.4952000000910986,0.2070000003395944,52.20295,-2.198977,25.05000000014843,Vw8
13382.610000000062,6.4435999970493505,-1.0689999976152689,10.888799999699895,-0.3569999998886166,-0.6424999998371194,0.7560999996485208,52.20295,-2.198977,25.290000000104097,Vw8
13382.710000000063,1.6726098979629773,2.786940596505943,10.403552474939643,-0.17690098998473977,-0.3791336631992346,0.18778316795624317,52.20295,-2.198977,25.458316831789965,Vw8
13382.810000000063,-3.38659999993207,0.5570999999695684,12.38669999800233,-0.04050000012580131,-0.3392999998095791,0.28559999978360395,52.20295,-2.198977,25.770000000146428,Vw8
13382.910000000064,-3.2798999998214846,0.509299997843106,9.248900001006156,-0.23809999979251698,-0.040200000290438034,-0.054299999813398975,52.20295,-2.198977,26.000000000101863,Vw8
13383.010000000064,-2.9995000000744874,-2.878599997987816,10.82929999868106,0.08779999990214747,-0.4963999998873136,0.23879999991322512,52.20295,-2.198977,26.160000000133696,Vw8
13383.110000000064,-3.116499996572592,0.28200000114950025,8.757600000224498,-0.06589999993440614,-0.3194000002135016,0.10250000001620553,52.20295,-2.198977,26.370000000135047,Vw8
13383.210000000065,2.169202997189344,2.062738999568088,9.110940000270864,0.03705200006081653,-0.6509979999743191,0.13048700017804168,52.20294636999977,-2.198981210000269,26.581900000121376,Vw8
13383.310000000065,-2.1414148485238784,1.3773514840944208,9.52768118792053,0.13040594053533605,-0.6005861379167247,0.3995138609338451,52.202587,-2.199398,26.771584158519893,Vw8
13383.410000000065,2.367099993413265,-0.22749999963767914,9.225799999147469,0.04100000007366907,0.4607999995329708,-0.2890999996078186,52.202587,-2.199398,26.930000000091677,Vw8
13383.510000000066,-7.691499994983824,0.3257999995452817,7.923900001830332,0.15350000005749462,-0.2523999994775717,0.30979999940619457,52.202587,-2.199398,27.070000000150614,Vw8
13383.610000000066,-0.03130000264652044,-0.3685999989789794,10.718999998119244,0.24129999970309726,0.5453999994437166,-0.5969999996336192,52.202587,-2.199398,27.300000000045838,Vw8
13383.710000000066,-4.07279999406629,1.1905999999454102,7.846900001431098,-0.2120999999160417,-0.3040999994640945,-0.037500000133381534,52.202587,-2.199398,27.370000000033993,Vw8
13383.810000000067,4.648002969790975,1.082196037706923,9.976990100696751,-0.09090000015525164,0.47278712794249433,-0.22633663316633382,52.202587,-2.199398,27.421089108984408,Vw8
13383.910000000067,3.8983000041900584,-1.7281999981106813,12.475999999127355,-0.32089999982077316,-0.6684999993228011,0.5099999996871775,52.202587,-2.199398,27.530000000114416,Vw8
13384.010000000068,10.12399999310283,1.0789999999656756,11.179399999003316,-0.05460000016637205,0.33769999899914294,0.045200000625039316,52.202587,-2.199398,27.70000000007403,Vw8
13384.110000000068,-0.12400000490945604,1.028000000928978,9.698499998797773,-0.30179999988323,-1.1493999994552526,0.9738999993533566,52.202587,-2.199398,27.81000000008749,Vw8
13384.210000000068,-7.418599995312089,2.4082999988092935,7.912200000678928,-0.12829999996145947,-0.3400000001787387,0.013100000245276942,52.202587,-2.199398,27.94000000002793,Vw8
13384.310000000069,-0.7211653477037544,0.7123811887760451,8.884730693078367,-0.07269405937780091,-0.5928346532459257,0.3632455444744289,52.202587,-2.199398,27.979603960368586,Vw8
13384.410000000069,-2.4076999968932986,1.6604999989937572,8.897800001789202,-0.03210000004314863,-0.27629999976491676,0.24779999971338973,52.202587,-2.199398,27.93999999989527,Vw8
13384.51000000007,1.988016827948003,0.22486732711859872,11.44066039467126,-0.09449009905080648,0.05636831655220808,-0.15708514812563165,52.202587,-2.199398,27.789306930645026,Vw8
13384.61000000007,-3.4002999954490343,0.7816000003187887,9.46670000107256,-0.1534999998432322,-0.346799999600408,0.404399999820975,52.202587,-2.199398,27.720000000055297,Vw8
13384.71000000007,3.1836999978761806,1.2427999999073516,11.018399998361556,0.07329999977150037,0.23129999984151872,0.14539999992905941,52.202587,-2.199398,27.79999999994325,Vw8
13384.81000000007,0.18989999913395733,1.1122000006338542,8.708800002274213,-0.24879999969800592,0.007899999705099981,0.04540000000127693,52.202587,-2.199398,27.72000000001419,Vw8
13384.91000000007,-1.03090000207636,2.005699999517888,11.914599998154552,0.17689999992700214,-0.4077999998785497,0.0472000002079978,52.202587,-2.199398,27.739999999992904,Vw8
13385.010000000071,-3.9577999951030423,1.3261000015636724,9.3131999981393,0.07400000014216493,-0.23659999996069891,0.34039999979739366,52.202587,-2.199398,27.72999999996453,Vw8
13385.110000000072,2.945099997551911,3.5302999973927918,6.69030000293694,0.27440000003752757,-0.18119999995757752,0.05480000008817915,52.202587,-2.199398,27.680000000007094,Vw8
13385.210000000072,-0.5057999991182267,-0.14489999840627424,10.83029999763524,0.3272999998711428,-0.12140000008614733,0.17910000002139131,52.202587,-2.199398,27.68999999998545,Vw8
13385.310000000072,0.7060999968222982,2.045499998310159,7.580200002902379,0.15020000011867088,-0.23980000018568245,0.20849999992644005,52.202587,-2.199398,27.669999999919966,Vw8
13385.410000000073,-3.6612999972238915,-0.27700000054709323,11.569199999973689,0.3132999996192249,-0.49499999942534634,0.10739999973740406,52.202587,-2.199398,27.560000000066143,Vw8
13385.510000000073,0.07535940297555045,-1.0124970290534303,11.512045542996484,-0.20301683155307249,0.2834584155904941,-0.2458653462402945,52.202587,-2.199398,27.648613861285007,Vw8
13385.610000000073,-3.988699994833197,-0.12220000007894415,9.376600001169464,-0.02470000002211891,-0.0606999996691622,0.1575999995861435,52.202587,-2.199398,27.51000000003638,Vw8
13385.710000000074,3.1124999997246556,-0.23070000042599276,10.983899998677126,-0.05510000002513298,0.39399999974352434,-0.411199999536718,52.202587,-2.199398,27.559999999985084,Vw8
13385.810000000074,2.743299998150377,-0.8018999989908774,9.210100000641003,-0.0887999999968677,0.050100000203077436,0.20999999997538907,52.202587,-2.199398,27.539999999940335,Vw8
13385.910000000074,0.2632000019485887,0.5512000005248839,10.069599999359443,-0.08460000003475361,0.3223999999347438,0.17699999973957165,52.202587,-2.199398,27.45999999997017,Vw8
13386.010000000075,2.876000000470146,1.2549999994925642,9.210700000653127,-0.13119999981912817,0.23489999948879783,-0.17219999982086076,52.202587,-2.199398,27.41999999992467,Vw8
13386.110000000075,3.485998998945546,0.5876370004663944,10.056111998385678,0.10759599990248864,-0.44246899990794747,0.070276000349665,52.202587,-2.199398,27.320300000022435,Vw8
13386.210000000076,2.1423792118384783,1.2220059418585338,7.921887128936293,-0.018018811620813754,-0.3228445546233263,0.5322138613123807,52.202587,-2.199398,27.350297029725187,Vw8
13386.310000000076,7.380299987199742,2.912599996693819,8.220600002286348,0.33009999992306766,-0.5473000004104077,0.4336000000628752,52.202587,-2.199398,27.37999999993124,Vw8
13386.410000000076,-9.37449999134515,-1.4149999966104698,11.213299998208324,0.22939999970502903,-1.0844999991228796,0.5158999995381004,52.202587,-2.199398,27.289999999801367,Vw8
13386.510000000077,1.954199991980625,3.02169999458815,8.868100002386354,-0.15669999968012344,0.06359999930371268,-0.08869999949478297,52.202587,-2.199398,27.02999999975553,Vw8
13386.610000000077,-8.542699988345706,-4.062099997297055,11.991699999021806,0.26199999959127307,-0.8477999986285875,0.5725999990276883,52.202587,-2.199398,26.709999999824287,Vw8
13386.710000000077,6.712100001073444,-0.5240999961449412,10.711299998299728,-0.27299999988580387,0.9472999990875258,-0.7000999993712954,52.202587,-2.199398,26.479999999843567,Vw8
13386.810000000078,8.084499996351589,4.404599999881033,8.537499999595228,-0.12700000003629247,-0.2192999991480654,0.10369999958756417,52.202587,-2.199398,26.279999999812283,Vw8
13386.910000000078,3.4199999998749324,4.252499999233795,8.019999999912619,-0.17339999996626418,0.869899999760847,-0.4235999999107225,52.202587,-2.199398,26.03999999986569,Vw8
13387.010000000078,3.141731673761043,3.255063364169517,7.943918814587969,-0.13044158413815227,0.5700099012104365,-0.314736633987739,52.202587,-2.199398,25.866039603649845,Vw8
13387.110000000079,-8.855099993421206,0.49140000135885603,11.39579999725632,-0.10460000018271384,0.8509999998785297,-0.7283999996071966,52.202587,-2.199398,25.4699999998201,Vw8
13387.21000000008,-0.4441000027172864,2.2286999984563547,7.888000002480782,-0.33819999955780367,0.6956999994860918,-0.2261999997490086,52.202587,-2.199398,25.23999999984793,Vw8
13387.31000000008,-3.8391999960252754,0.30000000010988875,10.98760000038009,0.21429999983072484,0.05360000027324131,0.08739999967697659,52.202587,-2.199398,25.049999999871943,Vw8
13387.41000000008,1.1269999977399565,0.43730000088487286,11.462499997778695,0.0028000000564250512,0.394999999513384,-0.31619999977678087,52.202587,-2.199398,24.889999999711872,Vw8
13387.51000000008,-1.6967999998349668,1.5428999993719612,8.687100001379331,0.07329999995269901,-0.2129999998472922,-0.037299999863219274,52.202587,-2.199398,24.529999999879948,Vw8
13387.61000000008,-1.4905999984870082,0.7582000008939168,10.410500000294132,0.014199999891711924,-0.022199999997198756,0.1335999999659849,52.202587,-2.199398,24.379999999863937,Vw8
13387.710000000081,0.39980000038504365,1.875100001295839,10.777999998759986,-0.12110000000671207,-0.018699999857900548,0.0910999998797557,52.202587,-2.199398,24.209999999860848,Vw8
13387.810000000081,0.8701999982679582,3.458199998866888,9.263100000362451,-0.1293000000559885,0.15489999985994693,-0.05579999987017873,52.202587,-2.199398,24.039999999811734,Vw8
13387.910000000082,-1.2458000007058316,2.073900000884029,9.705899998562716,-0.1976999999018564,-0.01619999981017936,0.10279999985798241,52.202587,-2.199398,23.809999999885402,Vw8
13388.010000000082,-2.108100001874223,3.153899997966488,7.95000000139914,-0.07780000001244188,0.2156999998028943,-0.07069999980854227,52.202587,-2.199398,23.669999999811736,Vw8
13388.110000000082,-4.397799994413757,0.6696000009445193,9.659299999224837,-0.09299999998256499,-0.025099999750179996,0.16319999961855794,52.202587,-2.199398,23.439999999754438,Vw8
13388.210000000083,2.426799998877938,1.8234999994080099,8.712300000206758,-0.07169999994310201,0.28009999955326714,-0.3027999996661427,52.202587,-2.199398,23.139999999958164,Vw8
13388.310000000083,1.0857999976137989,1.1160000007398414,8.959400001909179,-0.0036999998741550372,-0.25379999984035095,0.09619999997807753,52.202587,-2.199398,23.08999999984102,Vw8
13388.410000000084,-1.7659999979398744,2.00020000087238,11.241099998796356,0.14669999974839373,-0.0630000001601511,0.07000000010735312,52.202587,-2.199398,22.899999999857755,Vw8
13388.510000000084,0.696099998284355,3.0427999984779874,9.80260000012137,-0.15399999990221186,-0.25439999994633067,0.19829999990212735,52.202587,-2.199398,22.729999999746443,Vw8
13388.610000000084,-1.3282227718093562,1.2513277235547764,9.94404950477009,-0.03889900995124082,-0.19034554450794236,0.08176831677030254,52.202587,-2.199398,22.43,Vw8
13388.710000000085,-0.7705000007601924,2.1840999992054377,9.728999999247751,-0.09879999993601016,-0.13489999996398952,0.008600000057167713,52.202587,-2.199398,22.429999999775475,Vw8
13388.810000000085,-1.6470702967101025,1.2656960397492951,8.86574851552403,-0.02455940592854647,-0.09300396037924086,0.07431683164176534,52.202587,-2.199398,22.167524752263144,Vw8
13388.910000000085,-1.274100000919692,1.4353000008914536,9.650600000408378,-0.010500000004922296,-0.07340000009335092,0.025999999941968725,52.202587,-2.199398,21.919999999645942,Vw8
13389.010000000086,-2.3190794100491687,2.4690186275725408,10.135059804912112,-0.018092157024881497,-0.18239901968487893,-0.03945588220349006,52.202587,-2.199398,21.50627450948469,Vw8
13389.110000000086,-0.31702058652761167,2.6108813726700233,11.29104019706444,-0.20730784329864896,-0.27230098046883994,0.13495588250170804,52.202587,-2.199398,21.133725489878305,Vw8
13389.210000000086,-0.6873999998488042,4.812599998675804,8.74600000175548,-0.14859999985260783,-0.18540000016520028,0.2933999998161272,52.202587,-2.199398,20.719999999610987,Vw8
13389.310000000087,-0.514231683017464,3.295966335312473,10.756594061157436,0.02021188133517654,-0.37460792095690465,0.0828059404106038,52.202587,-2.199398,20.274455445156423,Vw8
13389.410000000087,-4.677299996537488,2.3062000009492505,9.75299999976976,-0.015699999934079823,-0.3314999999042193,0.21839999991565712,52.202587,-2.199398,19.729999999738066,Vw8
13389.510000000088,-0.7116000020196894,3.3933999995543624,9.489299999857245,0.05979999995512189,-0.22180000007334166,0.12179999995459803,52.202587,-2.199398,19.429999999589636,Vw8
13389.610000000088,-3.0247999974379316,2.883000000601838,9.32580000007727,0.008399999963503796,-0.305799999842752,0.06979999988544733,52.202587,-2.199398,18.95999999955471,Vw8
13389.710000000088,-0.09040000206016192,3.5722999981115033,9.41430000105994,-0.03339999995079997,-0.12570000015419575,-0.06139999977672815,52.202587,-2.199398,18.449999999661305,Vw8
13389.810000000089,-2.4017999969986206,1.4535000006058199,10.603499999274835,0.021799999954721715,-0.2986999997301129,0.18909999984393253,52.202587,-2.199398,18.069999999598913,Vw8
13389.910000000089,0.9655999986738973,2.1331999994703357,9.789899999456127,-0.0289999999691132,0.004099999862950855,0.014000000039093864,52.202587,-2.199398,17.61999999959406,Vw8
13390.01000000009,-0.5222217835013729,1.5389425737289384,9.179701979655357,0.005653465377352802,-0.14966237637436827,0.057861386177620835,52.202587,-2.199398,17.164554455040506,Vw8
13390.11000000009,0.693199998520345,1.8349999994322388,9.371500000204643,-0.04879999997736086,0.05099999987459341,-0.05429999990195647,52.202587,-2.199398,16.75999999959,Vw8
13390.21000000009,-0.9668999998814928,1.1979999994746757,9.601100000658656,-0.023400000002455637,-0.08969999984147507,0.055699999930423655,52.202587,-2.199398,16.299999999618013,Vw8
13390.31000000009,-0.8366000000692125,0.6204000000307409,10.325299999315606,-0.026100000017826096,0.0845999999224201,-0.02079999999126885,52.202587,-2.199398,15.879999999708962,Vw8
13390.41000000009,-0.9126999996098267,0.6541999999884495,9.572800000414185,-0.04569999997198756,-0.000699999955889507,-0.011200000035743141,52.202587,-2.199398,15.559999999590728,Vw8
13390.510000000091,-0.4836999993486199,0.6415000002961314,10.028199999845205,-0.01489999999317879,0.047799999972260414,-0.05049999997098712,52.202587,-2.199398,15.109999999663486,Vw8
13390.610000000092,0.23249999981929537,0.9670999995598596,9.85800000005163,-0.007399999990261977,0.01730000004418858,-0.018600000016995608,52.202587,-2.199398,14.739999999660087,Vw8
13390.710000000092,0.03696930703729362,0.491339604264853,9.911926732466023,0.0029980197835665547,0.06512772274745492,-0.036996039594482784,52.202587,-2.199398,14.366930692789492,Vw8
13390.810000000092,0.15389999919438402,0.8252999997628434,9.684600000098095,-0.017199999973455362,0.03789999998613066,-0.02659999999586675,52.202587,-2.199398,14.059999999623416,Vw8
13390.910000000093,-0.7145158423880539,0.5696564354069142,9.79034257435531,0.01141386141262657,0.022949504936655325,-0.022144554451321123,52.202587,-2.199398,13.654059405564814,Vw8
13391.010000000093,-0.08220000024091968,0.38859999950099844,9.687200000337306,-0.004899999997216946,0.017699999976344045,-0.02139999998005478,52.202587,-2.199398,13.119999999916507,Vw8
13391.110000000093,-0.3418999996220613,-0.14929999987541195,10.05079999982374,-0.0018999999951760402,-0.007799999964933522,9.999999434112397e-05,52.202587,-2.199398,13.029999999434112,Vw8
13391.210000000094,0.0654999997083076,-0.015000000139970316,9.86080000006688,0.0033000000012420572,0.02999999994955336,-0.005999999977834052,52.202587,-2.199398,12.419999999570058,Vw8
13391.310000000094,-0.2337326726922318,-0.16061485140124923,9.930827722774904,0.004413861368495362,-0.022484158385904365,0.016997029683731645,52.202587,-2.199398,11.964554454929386,Vw8
13391.410000000094,0.37299999943351575,-0.07210000003064633,9.93359999982596,-0.01419999999555439,0.009099999965948518,-0.003299999967556505,52.202587,-2.199398,11.4199999994041,Vw8
13391.510000000095,-0.2259000000136206,-0.10449999984837631,9.749600000158622,-0.009499999985622707,-0.02689999996150291,0.030999999953557563,52.202587,-2.199398,10.789999999508144,Vw8
13391.610000000095,-0.24030000020922745,0.055800000015228585,9.917299999932936,0.005699999999243301,0.013799999959989508,-0.018099999972853404,52.202587,-2.199398,10.269999999489228,Vw8
13391.710000000096,-0.4614999995117014,0.07190000011848352,9.846400000054276,0.004900000013014869,-0.02849999996375118,0.010599999961437425,52.202587,-2.199398,9.729999999479405,Vw8
13391.810000000096,0.04499999989742355,0.19479999991429467,9.902699999807476,0.01839999998833482,0.009099999972234946,-0.029399999968378686,52.202587,-2.199398,9.189999999190185,Vw8
13391.910000000096,-0.061399999691113774,0.10589999960598688,9.703000000230892,0.006300000021884262,-0.019699999959220074,0.003399999982068402,52.202587,-2.199398,8.349998999296234,Vw8
13392.010000000097,0.25899999961408504,-0.30280000023822035,9.942499999920948,0.02899999998592466,0.02259999997184932,-0.015199999974452294,52.202587,-2.199398,7.61999999924803,Vw8
13392.110000000097,-0.14129999982588998,-0.5498999999377215,9.860500000053506,0.014399999993251549,-0.006600000003856257,0.011299999990648575,52.202587,-2.199398,6.839999999238389,Vw8
13392.210000000097,0.039300000212952726,-0.4853000006857117,9.91600000007416,0.007400000007268682,-0.010600000019939762,0.0016000000054023987,52.20258699999962,-2.199397999999841,6.049999999430292,Vw8
13392.310000000098,0.2560999997705454,-1.1833999996393163,9.991499999818677,0.014799999990275684,-0.030899999985560863,0.007100000010018994,52.202194,-2.199236,5.469999999469582,Vw8
13392.410000000098,0.022499999871619367,-0.8161999993264683,9.806899999949708,0.004899999997053237,-0.016200000016010744,0.01729999998693602,52.202194,-2.199236,4.929999999548163,Vw8
13392.510000000098,-0.10819999961701907,-0.13050000125473163,9.75570000016443,0.0019000000219042705,-0.03249999998929343,0.004000000003143214,52.202194,-2.199236,4.469999999557985,Vw8
13392.610000000099,0.2816999998709318,-1.4078999992670418,9.923099999890871,0.0242,-0.021599999977211702,0.0071999999994106475,52.202194,-2.199236,4.019999999715146,Vw8
13392.7100000001,0.15029999991396178,-0.6616999998960538,9.81199999997969,0.024199999965284588,0.0015999999552801455,0.006599999992596713,52.202194,-2.199236,3.7299999996998667,Vw8
13392.8100000001,0.06430000009094947,-0.5578000003718823,9.791700000185436,-0.010499999992521934,-0.04309999997615103,-0.0008000000228384226,52.202194,-2.199236,3.4299999997776793,Vw8
13392.9100000001,0.152444554269451,-0.921499009469848,9.974857425708233,-0.003108910891982359,-0.01963465347884454,-0.023082178185962525,52.202194,-2.199236,3.207920791870783,Vw8
13393.0100000001,-0.03309999982182089,-0.49139999960932657,9.940599999848832,-0.003999999996198312,-0.033100000006702976,0.00870000000070031,52.202194,-2.199236,2.9999999997899067,Vw8
13393.1100000001,0.14499999982622283,-0.10090000009254109,9.789500000013206,-0.0002000000138061296,-0.039800000015006665,0.009399999991096046,52.202194,-2.199236,2.7899999998299245,Vw8
13393.210000000101,-0.02869999964745075,-0.1934000000978907,9.802700000093713,-0.013999999997249688,-0.054800000001629816,0.0005000000151776476,52.202194,-2.199236,2.619999999877764,Vw8
13393.310000000101,0.3173999992770785,-0.289500000084063,9.89469999991995,-0.011299999993517782,-0.056399999986212423,0.01540000001718302,52.202194,-2.199236,2.4999999998971076,Vw8
13393.410000000102,-0.3813039599984039,-0.37050990091966646,9.816842574251565,-0.0049732673240042964,-0.04275841581692771,0.03173663362628062,52.202194,-2.199236,2.3998019801778097,Vw8
13393.510000000102,0.008299999971910395,-0.30149999996954385,9.811100000150839,-0.002299999993723568,-0.018600000027163572,-0.004600000024899944,52.202194,-2.199236,2.38,Vw8
13393.610000000102,-0.019896039695427692,-0.2690554452541837,9.957142574200525,0.0037821782160025433,-0.04467524749160189,-0.028884158424432434,52.202194,-2.199236,2.3807920792887756,Vw8
13393.710000000103,-0.10950000021182313,0.015399999935302186,9.901399999944946,0.0020000000085019566,-0.01220000002332854,-0.03729999994442624,52.202194,-2.199236,2.4600000002073648,Vw8
13393.810000000103,-0.31379999980186296,-0.046999999909277904,9.84829999994339,0.01020000000559885,-0.03469999993364327,0.016299999960289642,52.202194,-2.199236,2.6600000003317836,Vw8
13393.910000000104,-0.12269999944384763,0.04049999995303188,9.79370000002426,0.015599999977604601,0.029299999956764442,-0.02200000001036824,52.202194,-2.199236,2.98000000052878,Vw8
13394.010000000104,0.41369999987968736,-0.0048000001943275,9.817100000001334,-0.005999999994251273,-0.012399999982856475,-0.03200000000174515,52.202194,-2.199236,3.490000000677529,Vw8
13394.110000000104,0.2976603959195212,-0.1922257427682136,9.818387128714203,-0.0004554455388167131,0.0041346534824573036,-0.0336831683185735,52.202194,-2.199236,4.1434653472108876,Vw8
13394.210000000105,0.2959999996808583,-0.4057000000626678,9.92149999994208,-0.0044999999936699165,-0.006100000014242687,-0.00499999999082138,52.202194,-2.199236,4.940000000960063,Vw8
13394.310000000105,-0.006499999700481566,-0.4651000000975888,9.866599999938176,0.0015000000155087037,-0.019599999986073816,0.0036999999790052244,52.202194,-2.199236,5.850000000970613,Vw8
13394.410000000105,0.2773999992292069,-0.55760000004104,9.808000000009283,0.016199999991243386,-0.006400000017302228,-0.016199999993775416,52.202194,-2.199236,6.770000001002263,Vw8
13394.510000000106,-0.45319999927118787,-0.5965000000480618,9.81679999991464,0.00789999998625285,-0.022800000000319703,-0.010300000014279985,52.202194,-2.199236,7.72000000096976,Vw8
13394.610000000106,0.227113861007021,-0.6407108909951145,9.737900990225976,-0.004814851465575076,-0.023351485175101234,-0.0233455445169833,52.202194,-2.199236,8.639108911854061,Vw8
13394.710000000106,-0.13149999933139406,-0.5518000011470401,9.858000000155508,0.013700000000858564,-0.04849999998851672,0.012099999967911208,52.202194,-2.199236,9.550000000933688,Vw8
13394.810000000107,0.49149999914057846,-1.620599998648622,10.002899999666127,0.014500000007834388,-0.037800000082314725,-0.017799999952457075,52.202194,-2.199236,10.42000000079417,Vw8
13394.910000000107,-0.3093000000646069,-0.3614000016386748,9.691800000118912,0.02180000004861613,-0.11450000000407817,0.026499999976174877,52.202194,-2.199236,11.16000000090149,Vw8
13395.010000000108,-0.36950000059980165,-1.8883000010379725,9.802599999738096,0.067099999926285,-0.11830000005008284,0.004299999989051154,52.202194,-2.199236,12.00000000072631,Vw8
13395.110000000108,-0.9195689996526013,-2.850505000505884,9.56176200008193,-0.000664999974732691,-0.1656190001203154,-0.005273999943444236,52.202194,-2.199236,12.676400000688131,Vw8
13395.210000000108,-0.6085637264433512,-3.3170568628264867,9.638965686464381,0.022006862681315395,-0.27679705886622685,0.04703137257390011,52.202194,-2.199236,13.315588235895046,Vw8
13395.310000000109,-1.4949362754752884,-3.3927431373373436,9.815534313917817,-0.03730686280970573,-0.3165029412197204,0.07016862747618274,52.202194,-2.199236,13.874411765314584,Vw8
13395.410000000109,-1.2257000005280163,-2.9883000004301183,9.505400000252548,-0.035300000026739144,-0.39440000011830706,0.02090000008218194,52.202194,-2.199236,14.470000000633009,Vw8
13395.51000000011,-1.7094999996082008,-3.3824000004166037,9.736799999843127,-0.05979999998754268,-0.5028000000189616,0.09619999996196658,52.202194,-2.199236,15.050000000826815,Vw8
13395.61000000011,-1.3779078457407228,-3.7441794100018653,9.595550980507085,-0.048690196099229956,-0.5227039218643104,0.06327450997609951,52.202194,-2.199236,15.807058824301318,Vw8
13395.71000000011,-3.758692159499329,-2.1321205864500303,9.700649019724233,-0.06770980394263176,-0.7930960787308166,0.2207254903704465,52.202194,-2.199236,16.512941177252312,Vw8
13395.81000000011,-5.447599999128423,-2.0212999976936197,10.065699998737959,-0.07930000005170659,-0.7820000001637746,0.07780000006457775,52.202194,-2.199236,17.25000000064356,Vw8
13395.91000000011,-4.662099999031223,0.05729999940071393,8.928300000285274,-0.12589999992066478,-0.9295999999452975,0.13599999995816872,52.202194,-2.199236,17.830000000699037,Vw8
13396.010000000111,-3.7890000013087484,-0.48280000002701107,9.185400000200397,-0.054399999956961605,-0.8803000001617302,0.09829999990630184,52.202194,-2.199236,18.460000000728517,Vw8
13396.110000000112,-4.958095049660044,-0.5002643556979294,9.378554457041394,-0.015661386100968646,-1.0263722774247548,0.01780000034464086,52.202194,-2.199236,19.11653465419183,Vw8
13396.210000000112,-5.09759999759897,0.16329999965963798,10.813999997749077,0.01819999978324195,-1.203599999892523,0.32780000009586074,52.202194,-2.199236,19.770000000800717,Vw8
13396.310000000112,-2.9686000023646786,-0.13849999570466415,8.818099998868124,-0.1740000001263334,-1.1083000001053729,0.4127999996846791,52.202194,-2.199236,20.480000000729067,Vw8
13396.410000000113,-5.057268318285487,3.629765346270895,7.851591092169539,-0.2835623760865051,-1.2006188118607184,0.13729306945301578,52.202194,-2.199236,21.127821783061886,Vw8
13396.510000000113,-6.34409999500137,3.396299998124851,10.56069999740894,-0.14980000011311567,-1.182499999635278,0.266599999575055,52.202194,-2.199236,21.910000000868386,Vw8
13396.610000000113,-1.9117999994373538,1.7335999983304442,8.263200002271109,-0.25009999968264457,-0.8591000002236374,-0.11020000001770605,52.202194,-2.199236,22.680000000834553,Vw8
13396.710000000114,-1.412899999378888,0.25319999910603397,10.27699999837846,0.03129999993972233,-1.0573999998166457,-0.12589999969540297,52.202194,-2.199236,23.42000000068758,Vw8
13396.810000000114,-0.8708999996880687,-0.5269000025520604,8.862000001349372,-0.021299999894800567,-0.897399999861453,0.13989999997272606,52.202194,-2.199236,24.020000000550063,Vw8
13396.910000000114,-0.5987000011479114,-2.7538999955045003,10.039499999774703,0.07049999986156763,-0.7764999998842577,0.11609999998533166,52.202194,-2.199236,24.50000000056152,Vw8
13397.010000000115,-1.6003999984490533,1.1689999979362347,9.842899999773215,-0.05029999997123632,-0.6754999998258135,0.10329999994522296,52.202194,-2.199236,24.990000000687576,Vw8
13397.110000000115,-0.2470000005222155,-0.6318999967715921,9.645000000390315,-0.025200000098323655,-0.523500000031514,0.055500000065434506,52.202194,-2.199236,25.59000000057298,Vw8
13397.210000000116,-0.7026999973145314,2.1852999949570044,9.985600000851926,-0.11099999990756623,-0.5509999995807885,0.11259999982304872,52.202194,-2.199236,26.090000000360888,Vw8
13397.310000000116,1.6040999965195313,-2.1465999938410474,10.717399999889986,-0.03159999996309635,-0.1909000004590256,-0.03939999983946327,52.202194,-2.199236,26.400000000337602,Vw8
13397.410000000116,-1.3855999953209188,3.143899990565586,10.622899999892315,9.999993981327862e-05,-0.5851999989576172,0.09849999952234793,52.202194,-2.199236,26.69000000043074,Vw8
13397.510000000117,2.6336999999545982,-4.960199999275548,10.530399999302672,-0.05159999992852099,0.3101999996325932,-0.31179999953049703,52.202194,-2.199236,27.060000000209545,Vw8
13397.610000000117,2.5947000003323657,-4.337899999688823,9.931399999360414,0.009799999958788976,-0.005399999335152097,0.09149999958230182,52.202194,-2.199236,27.240000000291037,Vw8
13397.710000000117,2.8801999986723468,-4.070599997859013,9.382000000554637,-0.025600000000118237,0.5656999997087889,-0.2672999998215844,52.202194,-2.199236,27.49000000041382,Vw8
13397.810000000118,1.7572999978716644,-2.259799996089518,9.851099999984749,-0.025699999908841347,0.31940000049776646,-0.1164000002291381,52.202194,-2.199236,27.840000000319232,Vw8
13397.910000000118,-0.0427999975337505,1.0475999960729656,9.83820000029393,0.051400000033815015,0.7404000000036652,-0.3101999999634656,52.202194,-2.199236,28.11000000017735,Vw8
13398.010000000118,2.0430999968414887,-2.273799993684514,10.086800000079336,0.08000000005462425,0.743499999742131,-0.27929999991889126,52.202194,-2.199236,28.260000000153706,Vw8
13398.110000000119,-0.6282999962802303,3.06769998992218,10.153900000321716,0.1261999999493957,0.5254000002592878,-0.21070000019414073,52.202194,-2.199236,28.390000000283763,Vw8
13398.21000000012,2.517799996648832,-5.455899993799367,10.42600000031766,0.08340000008811913,0.7446999998068343,-0.3748999997709383,52.202194,-2.199236,28.630000000240106,Vw8
13398.31000000012,-0.27359999433312404,-0.291000005223279,10.690599998261748,0.15679999983756787,0.5838000001948465,-0.18410000026159615,52.202194,-2.199236,28.830000000312136,Vw8
13398.41000000012,4.446699994295307,-4.641799990916647,9.24269999991224,0.02150000013133831,0.7460999996403203,-0.4019999998514941,52.202194,-2.199236,29.09000000043219,Vw8
13398.51000000012,-0.30509999825170864,2.924299995567608,9.169600000771737,0.13090000000254656,0.4465000001095032,-0.27829999982161774,52.202194,-2.199236,29.45000000035167,Vw8
13398.61000000012,1.1057643527270586,-0.6884455394605098,9.797724751479988,0.13225049495936245,0.5360999999158115,-0.13057128705309795,52.202194,-2.199236,29.74376237669012,Vw8
13398.710000000121,-1.9777999952015224,3.5469999921409436,8.970200000820201,0.05730000003278364,0.4660999998430285,-0.06770000029956208,52.202194,-2.199236,30.120000000365618,Vw8
13398.810000000121,1.9594999968845788,-2.9015999936575225,9.643200000765114,0.08419999984193163,0.33729999962853324,-0.3134999996014776,52.202194,-2.199236,30.42000000014625,Vw8
13398.910000000122,-0.5967999954021241,2.302599995184582,10.270999998336565,-0.0454999999898846,0.03250000045202432,0.0134999998526564,52.202194,-2.199236,30.540000000329055,Vw8
13399.010000000122,3.1758999949820303,-1.6485999973190535,8.90610000137411,-0.03719999992626726,0.40339999945644955,-0.10739999994113568,52.202194,-2.199236,30.810000000243743,Vw8
13399.110000000122,-0.9414999973625617,0.5511999967731874,10.033599999547853,0.023299999904695872,-0.04259999965376082,-0.05909999999183456,52.202194,-2.199236,31.010000000316868,Vw8
13399.210000000123,1.2225999965948158,-2.096499996176102,9.662600000547915,-0.054899999938399294,0.24149999914640768,-0.05239999939832153,52.202194,-2.199236,31.270000000379646,Vw8
13399.310000000123,-1.5303703004294333,0.9949851523326245,10.10557029757674,-0.005098019740478153,-0.44859901075321534,0.43403564416507123,52.202194,-2.199236,31.576930693448343,Vw8
13399.410000000124,0.4773000007292838,-0.8115000035018238,9.945099999704626,-0.021600000011626982,0.07509999906625453,-0.037499999605548506,52.202194,-2.199236,31.930000000371074,Vw8
13399.510000000124,1.0668999993018864,-3.6425999986520123,9.706300001156885,-0.03099999981730798,-0.6797999995505059,0.281399999961532,52.202194,-2.199236,32.230000000309225,Vw8
13399.610000000124,0.5025000005151741,-2.5527999990433714,10.641599998022672,0.11669999967345503,-0.3164000000728542,0.25030000016364357,52.202194,-2.199236,32.48000000016079,Vw8
13399.710000000125,0.9189999975170304,-1.7793999949887516,9.043000000718923,-0.14729999976491925,-0.3753000000135551,0.3825999997128325,52.202194,-2.199236,32.610000000451834,Vw8
13399.810000000125,-1.0592999998818948,2.2132999953985424,9.615799999848385,0.03999999990486322,-0.38609999985189786,0.15380000004003777,52.202194,-2.199236,32.97000000032632,Vw8
13399.910000000125,-0.9651999991039821,-1.4528999968242138,9.494999999084904,-0.03580000009714494,-0.26809999998795103,0.18570000000577347,52.202194,-2.199236,33.23000000037653,Vw8
13400.010000000126,-0.2512999991304294,1.0773999960082663,8.76590000253949,-0.11319999988539264,-0.2585000001304546,0.1902999999439641,52.202194,-2.199236,33.53000000027891,Vw8
13400.110000000126,0.41003068998029674,-2.052881185815654,10.761076236627536,-0.022856435650659805,-0.3615574257623668,0.14806336658348063,52.202194,-2.199236,33.75188118835533,Vw8
13400.210000000126,-2.0468999984057104,-0.22100000157047908,9.96870000015687,-0.0285000000635373,-0.37729999952480725,0.34439999977042535,52.202194,-2.199236,33.94000000008913,Vw8
13400.310000000127,-0.7948000002174783,-1.4543999974313868,10.091899997796313,-0.07839999999567081,-0.004100000471754902,0.16409999996014593,52.202194,-2.199236,34.010000000292855,Vw8
13400.410000000127,-0.9655999985225986,0.5628999967552685,8.361200001390944,-0.07500000002062733,-0.374599999770298,0.13279999996982297,52.202194,-2.199236,34.24000000021646,Vw8
13400.510000000128,0.19469999897308954,-1.9853999948822552,9.453599998943549,-0.09120000013535101,-0.19420000013331373,0.10910000007130438,52.202194,-2.199236,34.41000000024192,Vw8
13400.610000000128,-0.6118000010695658,2.033899999917803,8.623900002791915,-0.1974999997152111,-0.29889999938566786,0.16509999936852252,52.202194,-2.199236,34.60000000015128,Vw8
13400.710000000128,-1.4518000010830296,1.969345544471224,10.816573270153793,0.026163366625007595,0.18357524814681814,-0.33084059469883276,52.202194,-2.199236,34.7188118813413,Vw8
13400.810000000129,-1.488599999967842,2.69379999831694,9.002800002315242,-0.09749999970412136,0.017500000381374777,0.06789999972865954,52.202194,-2.199236,34.960000000064575,Vw8
13400.910000000129,-1.4636999973257272,1.390599993324198,10.795499998728666,0.13159999982397094,0.31279999981170187,-0.1422000002133529,52.202194,-2.199236,35.00999999998708,Vw8
13401.01000000013,0.6069999991522709,-3.778499994208993,9.81110000057161,-0.0046999998594867065,0.16699999994072096,-0.3073999997932337,52.202194,-2.199236,35.00000000005166,Vw8
13401.11000000013,-0.04939999865711652,0.7054999943613876,10.253700000491797,0.10410000001988882,0.12110000028451359,-0.14730000011507108,52.202194,-2.199236,35.04000000002583,Vw8
13401.21000000013,0.9903999987521441,-3.660499989378164,10.63449999853212,0.1194999999168358,0.34139999967873735,-0.23640000004413597,52.2021939999998,-2.1992360000005577,35.060000000117874,Vw8
13401.31000000013,0.0376000013155659,4.449799990505268,9.513700000930129,0.05600000014615944,0.09610000008591452,-0.270099999940148,52.20204,-2.199662,35.15000000019645,Vw8
13401.41000000013,1.0420999982325971,-2.7998999969898493,10.223900000610962,0.16759999998271233,0.1617000000660075,-0.22440000001073931,52.20204,-2.199662,35.30000000002619,Vw8
13401.510000000131,-0.30739999933497747,-0.5015000026173604,10.690399998466626,0.1543999998163813,0.21210000002725177,-0.23260000004114223,52.20204,-2.199662,35.319999999920626,Vw8
13401.610000000132,0.1820405923199926,-2.436347519025997,9.53420396077699,0.015773267349462463,0.23105544532881628,-0.2630158414944082,52.20204,-2.199662,35.26019801982795,Vw8
13401.710000000132,-1.1438999979532143,1.928899996183536,9.824600000643276,0.033099999803503206,0.06660000022962628,-0.19459999977949438,52.20204,-2.199662,35.279999999852464,Vw8
13401.810000000132,0.379056435238818,-0.8828356390875244,10.306910891449615,-0.11255544543224194,0.23490990060576114,-0.029506930600901947,52.20204,-2.199662,35.17,Vw8
13401.910000000133,0.07470000085023021,2.4835999962429467,10.577999997712757,-0.02810000017209095,-0.05409999986562034,0.03979999972274236,52.20204,-2.199662,35.16999999998672,Vw8
13402.010000000133,0.7150000008024271,-0.3458000025172285,8.855500002606858,-0.15769999968649173,0.047099999994157406,-0.16900000018178435,52.20204,-2.199662,35.160000000185896,Vw8
13402.110000000133,1.319299999330359,-2.241499994927566,10.818699998266476,0.07839999984583519,0.042699999900675904,-0.30589999938838663,52.20204,-2.199662,35.30000000009295,Vw8
13402.210000000134,0.8150000006289734,1.5784999991771407,9.513200000169412,-0.03769999985941233,-0.03209999984200882,0.15469999964186856,52.20204,-2.199662,35.36999999976886,Vw8
13402.310000000134,1.2769148513927884,0.98139208029876,9.636266336426921,0.0651198019019854,0.0821277225064077,-0.10660990070834672,52.20204,-2.199662,35.19920792068531,Vw8
13402.410000000134,1.2084000007994202,1.7905999977060578,9.482900000481349,0.007100000181851647,-0.11509999968852352,0.10239999977965127,52.20204,-2.199662,35.12000000005384,Vw8
13402.510000000135,1.8022999984731731,0.08639999932953142,9.840500000855148,0.14219999988275886,0.11629999979540007,-0.06129999998505882,52.20204,-2.199662,35.159999999919236,Vw8
13402.610000000135,0.6680000000436122,-0.411700001604225,10.475799998396582,0.05509999998263593,-0.035700000053034454,-0.050199999974559616,52.20204,-2.199662,35.099999999905776,Vw8
13402.710000000136,0.7003999992129688,-1.6034999963247318,9.284600002459864,0.04220000006793925,-0.07510000003901732,-0.03129999968185875,52.20204,-2.199662,35.02999999998636,Vw8
13402.810000000136,0.12350000069589986,1.0904999970164027,11.087699997305895,0.09199999961542016,-0.103699999981992,0.20190000006725714,52.20204,-2.199662,35.02000000005457,Vw8
13402.910000000136,0.6336000041037766,-1.0965000046238256,9.112900004020558,-0.18989999949291125,-0.0904999995660346,0.2511999994810423,52.20204,-2.199662,35.05999999998636,Vw8
13403.010000000137,3.641699995389132,-4.48579999164449,12.059999997462105,0.18179999954277629,0.22759999946862097,-0.1291999994848298,52.20204,-2.199662,35.04999999991895,Vw8
13403.110000000137,0.2618980151978074,1.6388534736899114,10.199702967762821,-0.15334851530804497,-0.1619049510256569,0.24842376289065968,52.20204,-2.199662,34.99059405932502,Vw8
13403.210000000137,0.4867999997259532,-1.138899993029968,9.96529999866785,0.0479999998742258,0.34859999938617314,-0.27859999955247156,52.20204,-2.199662,34.93999999995934,Vw8
13403.310000000138,0.28856470560908387,3.9029627520482904,9.00167254769124,-0.04298039228227998,-0.09541960845522218,0.045125490642336785,52.20204,-2.199662,34.91058823525357,Vw8
13403.410000000138,0.6861000007521812,-2.1435000010559015,10.418600000212756,0.034899999953412045,0.17339999934154765,-0.11999999959632987,52.20204,-2.199662,34.90000000015207,Vw8
13403.510000000138,1.230199999803418,-2.907299995811784,10.57249999781949,0.001199999899220711,-0.30289999964485326,0.1719999999104184,52.20204,-2.199662,35.01000000016589,Vw8
13403.610000000139,1.088000001565466,0.12230000005737093,8.995200002685927,-0.07169999980908615,-0.04600000003898458,0.10719999989230855,52.20204,-2.199662,35.13,Vw8
13403.71000000014,2.220399998202862,0.16379999897306408,10.93809999781097,0.06639999968233896,-0.07420000012171404,0.029299999910080077,52.20204,-2.199662,35.13000000012606,Vw8
13403.81000000014,0.9372999999879547,-0.5694000026583803,9.37520000400914,-0.16039999957014914,-0.16109999978010237,-0.034900000232363164,52.20204,-2.199662,35.220000000154066,Vw8
13403.91000000014,0.9286999999780102,-2.4673999929125734,12.237599997102533,0.1464999997914474,-0.004100000165833627,-0.20079999931915773,52.20204,-2.199662,35.33000000036416,Vw8
13404.01000000014,0.9130000006881256,2.592799994251988,10.168899996772828,-0.0023999996198712324,-0.12249999988570925,0.28529999952799046,52.20204,-2.199662,35.59000000015407,Vw8
13404.11000000014,1.4042999924062487,-1.51109999364804,7.86480000484349,0.26899999990349716,-0.040900000288528096,-0.05169999958093395,52.20204,-2.199662,35.69999999997199,Vw8
13404.210000000141,-4.017399994581404,3.023999996202361,11.322899998875346,0.20009999973548293,-0.24689999892746262,0.2474999992717703,52.20204,-2.199662,35.67999999992976,Vw8
13404.310000000141,-0.1982910836978804,0.34736633284132656,10.530226731550183,0.013664356171495834,0.5090405951304457,-0.2657673274598861,52.20204,-2.199662,35.63049504943481,Vw8
13404.410000000142,3.543184153625519,-2.944732663809489,9.130746535739881,-0.09210594070856687,0.4118564357510382,-0.2635168316287281,52.20204,-2.199662,35.45089108923552,Vw8
13404.510000000142,0.17160000434256711,3.711999989529456,9.895399998666461,-0.17269999966235147,0.48750000012353695,-0.22520000009071797,52.20204,-2.199662,35.54000000040128,Vw8
13404.610000000142,3.1598376178138463,-3.5338831597743927,8.962034653058188,0.06085148485742644,0.5700960390918474,-0.2870603958350401,52.20204,-2.199662,35.81851485127412,Vw8
13404.710000000143,-1.0263999933096077,2.477799991560202,8.67550000120119,-0.14399999977683364,0.20970000050740528,-0.1431000000775981,52.20204,-2.199662,35.66999999935335,Vw8
13404.810000000143,3.629399997549481,-3.395399995605936,9.511400001464304,0.011299999914354703,0.5627999988041272,-0.19709999924543045,52.20204,-2.199662,35.21999999931024,Vw8
13404.910000000144,1.9241000001832176,-0.33760000110778454,10.530399998067233,-0.048299999981893785,-0.2693999994803802,0.32799999923896395,52.20204,-2.199662,34.739999999770085,Vw8
13405.010000000144,2.051599998809875,-1.108499995957858,9.185400001356241,-0.03569999993303573,0.09219999985400064,-0.20159999977927656,52.20204,-2.199662,34.58000000005748,Vw8
13405.110000000144,1.2233999995851566,1.704399997474796,10.129199998226973,0.010899999974163,-0.009399999888088055,-0.04799999990332898,52.20204,-2.199662,34.62,Vw8
13405.210000000145,0.9304831672926037,-0.031889108420008326,8.922679210076543,-0.0067673267135794244,0.06583267299858801,0.019001980255871295,52.20204,-2.199662,34.618712871101884,Vw8
13405.310000000145,0.218799999339052,0.3092000025235931,10.420599998342391,0.006499999866558937,-0.1209000001945591,0.05920000008134521,52.20204,-2.199662,34.48999999969441,Vw8
13405.410000000145,-0.2353999981498695,2.043399995517428,9.2815000015799,-0.08519999996944097,-0.2545999996610859,0.11509999988271155,52.20204,-2.199662,34.27999999994179,Vw8
13405.510000000146,1.0359999986302282,-1.0369999962023866,10.367199999218853,-0.06420000000218277,-0.021700000428117348,0.03450000011728844,52.20204,-2.199662,34.23999999992724,Vw8
13405.610000000146,0.0947000039859151,1.5726999965861206,9.830399999517748,-0.06570000005456968,-0.3158999995989492,0.1151000000077125,52.20204,-2.199662,34.18999999995634,Vw8
13405.710000000146,2.833799996812192,-0.773299995915934,9.498999999675119,-0.10319999992441553,-0.04030000000471482,0.12039999995447251,52.20204,-2.199662,34.15999999974952,Vw8
13405.810000000147,0.6701999981573892,1.998599998949479,9.278500000149252,-0.051900000063208065,-0.04350000021305095,0.08950000010652548,52.20204,-2.199662,33.98999999979373,Vw8
13405.910000000147,-0.5803999984093434,1.2855999974887033,9.379799999210922,-0.09479999994046943,-0.18809999982512896,0.16179999980816276,52.20204,-2.199662,33.84999999995535,Vw8
13406.010000000148,0.49417920877343474,-0.4038445547570914,8.861467328483535,-0.05561782190283658,-0.07177326749983214,0.03427425762849536,52.20204,-2.199662,33.82069306940918,Vw8
13406.110000000148,1.0720999977573349,-0.6083000012162093,10.048200000076793,-0.13739999985400128,-0.18909999971975988,0.17169999972511762,52.20204,-2.199662,33.889999999866056,Vw8
13406.210000000148,-0.423649503305192,-1.4039633631588115,10.096727722318949,-0.03982079215605301,-0.0010326733016586642,-0.012470296951543041,52.20204,-2.199662,33.7983168314348,Vw8
13406.310000000149,0.6914000016538543,0.7496999993140264,9.789499997421968,-0.09189999989976641,-0.024299999741809006,0.0404999998503954,52.20204,-2.199662,33.629999999850845,Vw8
13406.410000000149,1.8001999941179885,0.2898000039065744,8.061100003050413,-0.024700000148262187,0.1487999995222497,-0.05979999963531081,52.20204,-2.199662,33.52999999979118,Vw8
13406.51000000015,-2.14329999500428,2.9088999949702723,10.10619999723746,-0.12410000008397547,-0.17149999955864406,0.18469999960204878,52.20204,-2.199662,33.389999999985086,Vw8
13406.61000000015,1.205999998342566,-0.4632000016977065,8.254100003547403,-0.18039999990095967,0.12439999929627665,-0.08209999951866995,52.20204,-2.199662,33.379999999925424,Vw8
13406.71000000015,0.09479999792151174,-1.6013999975701902,10.6323999978809,-0.11399999995666986,-0.3473999997453033,0.24059999976915752,52.20204,-2.199662,33.330000000075486,Vw8
13406.81000000015,-1.2818999957625532,0.007999999394585757,9.228799999639167,-0.08529999973337617,-0.17870000020638435,0.08769999987106639,52.20204,-2.199662,33.379999999924514,Vw8
13406.91000000015,1.5247999979409876,-0.3929999944286792,8.989800004978438,0.09130000005555922,-0.3154000001764911,0.0023000002728138496,52.20204,-2.199662,33.330000000030196,Vw8
13407.010000000151,0.1610000031371328,3.2971999920947397,12.287299997263105,0.12809999994700738,-0.43229999952910547,0.18299999982441476,52.20204,-2.199662,33.3499999999698,Vw8
13407.110000000152,2.2388999966012255,-1.938899992678866,10.474500000019628,0.09300000000015098,-0.12040000021121558,0.06670000012727287,52.20204,-2.199662,33.32999999990941,Vw8
13407.210000000152,-0.01230000275245111,2.9102999997405536,10.487500000644644,0.09309999966598989,-0.2602999989490752,0.15099999939768166,52.20204,-2.199662,33.26999999998473,Vw8
13407.310000000152,-1.8136999961891374,2.740499990793942,10.90939999892371,-0.1254999998435378,0.4275000000977889,-0.24319999988234778,52.20204,-2.199662,33.26000000006112,Vw8
13407.410000000153,0.6803999964350894,-3.2845999870869615,10.204999996845938,-0.02310000007053269,0.49149999949701084,-0.16619999982050432,52.20204,-2.199662,33.29999999996913,Vw8
13407.510000000153,-1.5942039550112843,5.0119890981844,8.18480495407585,-0.06597722729090727,0.17038712944526951,-0.053550495608005934,52.20204,-2.199662,33.28009900991614,Vw8
13407.610000000153,1.925399999048392,-1.9990999901089614,10.525299996615283,0.21629999957400722,0.6490999988454802,-0.4185999990989673,52.20204,-2.199662,33.29000000003056,Vw8
13407.710000000154,1.3026000006712437,4.47429998707067,8.31010000276931,-0.062499999702953515,-0.10649999917398588,0.171099999204284,52.20204,-2.199662,33.30999999996877,Vw8
13407.810000000154,1.7212198002493668,-3.7927792061217516,10.078980197351044,0.12557029669999897,0.41612673170208897,-0.3336603953058554,52.20204,-2.199662,33.29128712891213,Vw8
13407.910000000154,0.6032000004267348,-2.6307000018974245,9.64700000197535,-0.08739999982961527,-0.21119999947956894,0.14029999973947524,52.20204,-2.199662,33.42000000023192,Vw8
13408.010000000155,0.8792000002829438,-3.8578999968237624,10.924599998564409,0.02279999973700142,0.12539999963449228,-0.02819999957388354,52.20204,-2.199662,33.57000000043292,Vw8
13408.110000000155,1.062199999246139,-1.8035999973176797,9.996099999907075,-0.1472999997644868,-0.11099999958160488,0.2473999994830579,52.20204,-2.199662,33.85000000049976,Vw8
13408.210000000156,0.5892079222951587,-0.09784554637302065,9.934558415525485,0.003317821753971525,0.15698415842887187,-0.08273564343052793,52.20204,-2.199662,34.17128712891216,Vw8
13408.310000000156,1.5599999993647253,-1.2724000007577618,9.730399999433399,-0.014900000013453246,0.16540000010778239,0.0036999999105202736,52.20204,-2.199662,34.30000000015643,Vw8
13408.410000000156,1.1538999981057516,-1.7567999968070442,9.36819999965131,-0.023499999880797987,0.2343000000425498,-0.053499999998904965,52.20204,-2.199662,34.400000000219,Vw8
13408.510000000157,-0.05699999707327912,0.2842999954560138,9.145300000579908,0.052699999997787815,0.26150000020589126,-0.052800000073318136,52.20204,-2.199662,34.540000000632055,Vw8
13408.610000000157,1.7780435616688934,-2.5605653417044296,9.510899009681525,0.04972574232765125,0.38602475157055954,-0.09687326696225185,52.20204,-2.199662,34.941287128914496,Vw8
13408.710000000157,0.062400000764199284,0.522900003346082,9.370800000601356,-0.10769999969267446,-0.19149999948599725,0.13579999997515443,52.20204,-2.199662,35.06999999990505,Vw8
13408.810000000158,0.5452999979206636,2.6372999986860286,9.750799999481604,0.08649999982784091,0.13329999936059767,0.1201000003959499,52.20204,-2.199662,35.00999999995204,Vw8
13408.910000000158,-0.7618840010115586,1.806457998598966,9.43012500057439,-0.020708999922199985,-0.26663599998985904,0.3646279994973897,52.20204,-2.199662,34.980500000079225,Vw8
13409.010000000158,-1.3870881177325374,0.8925554394371626,9.795832674349965,0.026794059230704104,-0.2595970295915845,0.051259406045077054,52.20204,-2.199662,35.03118811900014,Vw8
13409.110000000159,-0.7059000038330235,-2.96189999380269,10.479099999954267,-0.08379999980629946,-0.18930000025573535,0.1172000002011384,52.20204,-2.199662,35.149999999889225,Vw8
13409.21000000016,-3.1279999944220895,0.9541999963384148,10.450199998991229,0.03859999992513848,-0.3508999993865559,0.24429999946497458,52.20204,-2.199662,35.07999999982214,Vw8
13409.31000000016,0.30634752227591977,-1.292164353513032,9.833492080360589,-0.00685841570670416,0.024549504317352467,-0.08365049457679022,52.20204,-2.199662,34.96752475207854,Vw8
13409.41000000016,-1.2388999965783207,0.5313999952185171,10.552699995462945,0.07729999969666532,-0.3704999994195823,0.21129999965232563,52.20204,-2.199662,34.719999999727875,Vw8
13409.51000000016,0.8986999970838253,-2.455699994349011,7.718300004190981,-0.11219999980983557,-0.007900000374246157,-0.0058999996198312145,52.20204,-2.199662,34.54999999990395,Vw8
13409.61000000016,-0.9230999988231575,1.0745999993065722,10.336500001927254,0.006599999752049917,-0.24169999939845294,0.23159999954331725,52.20204,-2.199662,34.48999999979191,Vw8
13409.710000000161,-0.1879000022612803,0.6414000030383525,11.54049999793315,-0.14830000008321148,0.13409999937542816,-0.05369999958993248,52.20204,-2.199662,34.359999999627654,Vw8
13409.810000000161,-1.5846999953751773,2.5181999910005484,10.263799999594784,-0.19969999978136665,-0.251699999512531,0.1995999996943712,52.20204,-2.199662,34.12999999962389,Vw8
13409.910000000162,1.2220574222669869,-2.9529039551612337,10.020776238397934,-0.06522871274627062,0.04288712814347642,0.014479208209180625,52.20204,-2.199662,33.89801980165923,Vw8
13410.010000000162,-0.9221999969750843,0.27669999856112115,10.498399997350669,0.01189999997134546,-0.3083999994626869,0.19239999973466218,52.20204,-2.199662,33.69999999969241,Vw8
13410.110000000162,0.9462999988253977,-0.6120999977896283,8.861900003666237,-0.005799999721679922,0.023499999802952,0.028500000054944505,52.20204,-2.199662,33.509999999525775,Vw8
13410.210000000163,0.21223299744403787,0.7343529991494177,11.09914299922885,0.16086799942743335,-0.09450799959602603,0.0618839999649846,52.20203849999975,-2.1996726700017297,33.2190999998541,Vw8
13410.310000000163,-1.33123861099934,0.21260693031721886,10.635770298270529,-0.18694950464718565,0.15168613852963583,0.03908811858046376,52.20189,-2.200729,33.12742574215232,Vw8
13410.410000000164,0.4148999986913099,-0.016699994960544428,11.39279999787031,-0.0019000001678017725,0.10029999968911651,-0.10209999963116352,52.20189,-2.200729,32.86999999952524,Vw8
13410.510000000164,-0.38449999826286513,3.061599994272829,10.091899998019452,-0.10440000002017426,-0.0895999994839031,0.12319999954723701,52.20189,-2.200729,32.57999999953698,Vw8
13410.610000000164,0.6582910878452265,-0.370766331546465,8.913065349627159,-0.11546831664617181,0.21834455377426346,-0.1482950491271111,52.20189,-2.200729,32.29742574215227,Vw8
13410.710000000165,-0.11259999673181446,2.7325999956975955,10.799599997960032,-0.002300000010759322,-0.19719999962176843,0.08219999982553344,52.20189,-2.200729,32.03999999970205,Vw8
13410.810000000165,1.8618000001114003,0.13340000448630634,9.567199999555227,-0.0087999999468655,0.03129999984572787,-0.023199999884130372,52.20189,-2.200729,31.85999999965239,Vw8
13410.910000000165,1.9290999962403617,2.8436999943573147,9.298499999881647,0.02329999975932224,-0.06189999982603003,0.04679999972290607,52.20189,-2.200729,31.649999999718602,Vw8
13411.010000000166,-0.3422000015008427,-0.565199998004394,9.227000001443901,-0.1221000000200289,0.043199999939747796,-0.1205999999769916,52.20189,-2.200729,31.47999999963584,Vw8
13411.110000000166,-1.248899994763086,0.6404000000717834,10.099300000545423,-0.13419999964337723,0.006799999858727557,-0.10669999981988583,52.20189,-2.200729,31.259999999590278,Vw8
13411.210000000166,1.9148623815252486,0.683766336706142,10.428804951045754,0.08124554491453156,-0.07854653479610578,0.0021118813699771005,52.20189,-2.200729,31.012475247111063,Vw8
13411.310000000167,0.6317799977802887,0.438976999585977,9.355474998182277,0.04825499994066283,-0.10078400003610374,0.03785000005850143,52.20189,-2.200729,30.901099999816136,Vw8
13411.410000000167,1.0553455412111834,-0.7343405931279545,10.45742277164437,0.1199821776786914,0.04627425705283024,-0.06131287108823107,52.20189,-2.200729,30.617227722307796,Vw8
13411.510000000168,-0.9400999987420524,-0.17840000200465,10.079700002652116,-0.2017999995324324,-0.17629999951837527,0.0573999998060448,52.20189,-2.200729,30.339999999765713,Vw8
13411.610000000168,-0.18839999850812614,-1.376299996340568,11.664499997179291,0.07759999948221837,0.11149999976753676,-0.05849999981906639,52.20189,-2.200729,30.199999999718326,Vw8
13411.710000000168,0.7030851500210147,0.8104326769618093,9.978955442696828,-0.23180594111680042,-0.027410891323798717,0.04961881206385473,52.20189,-2.200729,30.031683168032462,Vw8
13411.810000000169,1.8055999993415925,0.8586000009379502,8.966899999752952,0.06279999980721773,0.1492999994049041,-0.12149999975429054,52.20189,-2.200729,29.79999999963152,Vw8
13411.910000000169,1.4163920785502844,1.4130554464814062,8.820860395792844,-0.05116039623216044,-0.20248217881222075,0.02374752499789695,52.20189,-2.200729,29.58217821745373,Vw8
13412.01000000017,0.6765000012403252,0.9359999954313335,10.285199998148816,0.07459999999238753,-0.13590000013414863,0.09490000015800105,52.20189,-2.200729,29.379999999610916,Vw8
13412.11000000017,1.4097000007292746,-1.7646999980706615,9.190899998882827,0.07009999987786213,-0.21519999981916152,0.18829999954815757,52.20189,-2.200729,29.149999999424836,Vw8
13412.21000000017,1.8408000001128502,-0.6242000008528732,8.530500000671458,-0.0020999998919374774,-0.10830000007027483,-0.0787999998255953,52.20189,-2.200729,28.80999999965803,Vw8
13412.31000000017,1.9067999988178097,-1.1229999951110259,8.923200001782519,0.06109999992989615,-0.14939999999008288,0.02320000008309871,52.20189,-2.200729,28.609999999811915,Vw8
13412.41000000017,1.2153999987839548,1.7362999966974246,9.965699998961096,0.02009999981037763,-0.14359999993263192,0.07179999982251757,52.20189,-2.200729,28.499999999572537,Vw8
13412.510000000171,0.5041999983771969,-0.1951999983132934,9.358100002043011,-0.09079999987633812,-0.10419999989844528,-0.03199999962020604,52.20189,-2.200729,28.249999999637303,Vw8
13412.610000000172,-0.4154118777661305,0.7225831582473241,10.548151486372857,-0.02099207951472676,-0.04954356506581851,0.1890386140563181,52.20189,-2.200729,28.039405940492355,Vw8
13412.710000000172,1.5834000013751741,-5.15909998878312,11.263299995051065,-0.20020000003335117,-0.4638999998759267,0.3029000000193541,52.20189,-2.200729,27.979999999758075,Vw8
13412.810000000172,2.3792000000243654,1.3319999927674617,8.399400004104958,-0.21949999928441866,-0.3920999999353713,0.31409999967305485,52.20189,-2.200729,27.83999999961983,Vw8
13412.910000000173,2.3932999932366243,-2.8533999857754666,10.77490000224317,0.1945999995717917,-0.35470000024071596,0.12490000051668394,52.20189,-2.200729,27.61999999949887,Vw8
13413.010000000173,-1.5205999968413157,5.3781999906824085,12.073000000302235,-0.05319999909364305,-0.49399999936719174,0.4238999996504175,52.20189,-2.200729,27.329999999377904,Vw8
13413.110000000173,0.307300003601408,-0.013800000950249159,12.247899997798477,0.47129999969621056,-0.12779999981129803,0.22159999934991137,52.20189,-2.200729,26.969999999809914,Vw8
13413.210000000174,2.3913999987968477,-0.5636999944012379,10.97389999424076,0.29549999971309443,-0.018599999493244104,-0.15460000009691574,52.20189,-2.200729,26.859999999807915,Vw8
13413.310000000174,1.7023999996258834,2.6424999956129063,7.675800005066183,0.1312000003746457,0.27160000021642666,-0.2101000002390042,52.20189,-2.200729,26.749999999770697,Vw8
13413.410000000174,1.4692514814687905,0.19435545237227003,10.53857920627384,0.3413198015815713,0.3931534651460962,-0.3442425740201191,52.20189,-2.200729,26.618217821470616,Vw8
13413.510000000175,-0.6355999959951966,4.0998999864639245,9.596500001594832,0.11329999993678648,0.2785000004047761,-0.2085000001831795,52.20189,-2.200729,26.439999999423744,Vw8
13413.610000000175,1.6577999971096404,-3.65169998859677,10.509800000026368,0.07709999997852138,0.5102999995412654,-0.3133999998332351,52.20189,-2.200729,26.10999999954598,Vw8
13413.710000000176,0.002600003716220817,2.8784999850564232,10.524900000673655,0.06480000016179728,0.24760000070647364,-0.21790000015650404,52.20189,-2.200729,25.849999999541254,Vw8
13413.810000000176,2.108799997453413,-5.590899985464182,10.906699997703608,0.15649999988266608,0.6479999992375942,-0.306599999514961,52.20189,-2.200729,25.589999999011926,Vw8
13413.910000000176,0.6654999986009916,2.647399996525858,9.605199997463822,0.08999999965787901,0.21589999990525066,-0.031700000700298187,52.20189,-2.200729,25.029999998623754,Vw8
13414.010000000177,-0.12739999839384875,0.6784000000252312,8.167800001930274,-0.10389999989448771,0.16219999990860307,-0.42859999940415544,52.20189,-2.200729,24.24999999807678,Vw8
13414.110000000177,0.7829000016964897,0.6926999926730707,9.261800000476745,-0.044099999647116056,0.11040000023766733,-0.09089999983926136,52.20189,-2.200729,23.159999998006207,Vw8
13414.210000000177,1.7443999976982945,-3.4598999936275274,9.531999998892642,0.15589999932367793,0.24510000069931775,0.00019999944632145345,52.20189,-2.200729,22.029999998199564,Vw8
13414.310000000178,0.4532000046000331,0.11489999427440196,8.910799996742867,-0.22350000015341248,0.6374000003134872,-0.3104000004605975,52.20189,-2.200729,21.019999997875274,Vw8
13414.410000000178,2.969530686221956,-3.0004049389853233,7.1443544630219264,-0.30084455305357,0.801072275366801,-0.5575603944977883,52.20189,-2.200729,19.830990097402,Vw8
13414.510000000178,-0.8673999993507735,3.4490999907266864,11.38980000346272,0.4846999994609389,-0.24169999894095162,0.3063999985305949,52.20189,-2.200729,18.929999999483044,Vw8
13414.610000000179,-0.5031999993336606,-1.7529999846982571,13.332299992643527,0.18230000020018705,0.35239999820740775,-0.5178999989874777,52.20189,-2.200729,18.63999999777174,Vw8
13414.71000000018,-0.1294000004867561,6.830899984791348,9.205500008926023,0.29460000043237194,-0.6531999985557588,0.05009999991932418,52.20189,-2.200729,17.389999998433304,Vw8
13414.81000000018,-0.3996999947754986,-1.6146000017465936,14.162199987141745,0.5346999988824128,0.1487999992947778,0.005300000807631295,52.20189,-2.200729,16.519999998544808,Vw8
13414.91000000018,2.4560287099018754,-2.6020851534337655,7.1528079315200515,-0.07524752394979164,-0.2335990089453379,0.4409930678093733,52.20189,-2.200729,15.71168316681749,Vw8
13415.01000000018,0.8088999988305607,-5.330599983488829,13.103599996016632,0.3699999984026908,0.29649999934666993,-0.3896999994174413,52.20189,-2.200729,14.879999999153625,Vw8
13415.11000000018,0.15950000578488835,3.838199998519563,10.891599990947741,-0.5170000000356558,-0.06629999927895987,-0.06619999995389952,52.20189,-2.200729,14.40999999866741,Vw8
13415.210000000181,3.371899991949335,3.016099996727274,5.8648000142825225,-0.5367999985047908,0.3340999987303454,-0.04059999940991983,52.20189,-2.200729,13.66999999823558,Vw8
13415.310000000181,-1.0539999958714399,1.2168999974330423,13.716699990104152,0.2851999992433004,-0.36389999949141055,0.28379999942992873,52.20189,-2.200729,12.699999998653947,Vw8
13415.410000000182,1.2157000056576028,-0.19430000186482793,8.276399996585393,-0.13079999947795004,-0.08430000043492036,-0.029599999911960915,52.20189,-2.200729,11.95999999858119,Vw8
13415.510000000182,4.325999996973565,-1.219499993770689,6.399200007678682,0.15619999995579856,-0.3234000000392902,0.018800000412546796,52.20189,-2.200729,11.179999998599378,Vw8
13415.610000000182,2.662200003827881,2.2050999936917446,10.620599995672443,0.1318999997067789,-0.34499999933788783,0.2455999995743565,52.20189,-2.200729,10.409999998290148,Vw8
13415.710000000183,4.766599997136784,-1.2628999957819105,8.241500000507916,-0.029299999965297724,0.01899999939874132,0.011600000298216881,52.20189,-2.200729,9.469998998218495,Vw8
13415.810000000183,3.2270603966576346,1.0043336623058148,8.515614851561446,-0.012797030107039295,-0.30209801926825947,0.17154851471327498,52.20189,-2.200729,8.500297027918439,Vw8
13415.910000000184,3.5630999994172465,0.4277000049076571,8.557100001193248,-0.23249999986919284,-0.011900000192352673,0.09640000007808013,52.20189,-2.200729,7.52999999845677,Vw8
13416.010000000184,3.245899999152509,3.0990000007337697,9.206600001964864,-0.1612999995278449,-0.11659999950892197,0.1388999994956943,52.20189,-2.200729,6.689999998732347,Vw8
13416.110000000184,2.7846000031807088,3.4983999942722264,10.276099994897786,0.09569999987599039,0.15070000024654948,-0.13559999996987027,52.20189,-2.200729,5.999999999063038,Vw8
13416.210000000185,4.515899995183176,0.38070000271740223,7.498900003081697,0.028200000231207546,0.28489999971473695,-0.1192000000795668,52.20189,-2.200729,5.489999999054476,Vw8
13416.310000000185,1.9197461490493093,1.8453153873215156,9.159861541530454,0.15281538484563315,0.1311499997159202,-0.16208461546385217,52.20189,-2.200729,4.980384614443013,Vw8
13416.410000000185,3.3149999977338522,-0.7450999959424931,10.510799997531059,0.1307999996250299,0.24389999967698023,-0.09469999965341704,52.20189,-2.200729,4.459999999183638,Vw8
13416.510000000186,2.0936000020069527,1.4417999976420113,9.180099999249132,-0.07130000000204091,0.06980000000723594,0.09209999968365955,52.20189,-2.200729,4.019999999053761,Vw8
13416.610000000186,3.1753000004415406,0.1709000019981764,8.775400002179214,-0.07239999992915863,0.07369999998407006,-0.07839999997488692,52.20189,-2.200729,3.509999999100427,Vw8
13416.710000000186,3.410637623713639,1.2305554443288838,9.93040098865032,-0.03517029713563737,0.0654663366831362,-0.06418415826429653,52.20189,-2.200729,3.0260396032247403,Vw8
13416.810000000187,3.3843999963491824,0.5761000008768256,9.150500000545017,-0.09220000004796311,0.09209999997639316,0.017400000154568624,52.20189,-2.200729,2.629999999400461,Vw8
13416.910000000187,1.4358000065711338,1.044100000499116,9.441399999233527,-0.11780000014332727,0.07949999988796116,0.09989999978135566,52.20189,-2.200729,2.309999999456668,Vw8
13417.010000000188,4.9430999953661265,1.31049999627499,9.03230000525908,-0.1942999991994282,0.019699999515684977,-0.016800000176489263,52.20189,-2.200729,2.019999999494139,Vw8
13417.110000000188,2.469799994784199,-0.6776999931620714,11.839299992735274,0.2329999995853814,-0.23879999998407475,-0.11099999922266034,52.20189,-2.200729,1.7499999996065525,Vw8
13417.210000000188,-0.3140999970751669,2.9719999952153886,7.9617999988066845,0.011700000149258994,-0.23029999949244376,0.3038999990851502,52.20189,-2.200729,1.5399999996973202,Vw8
13417.310000000189,1.2320000029121583,0.4427999979784771,7.331000001982932,0.09059999981063593,0.03799999943531293,-0.17969999948639015,52.20189,-2.200729,1.379999999735155,Vw8
13417.410000000189,2.7713999996136245,-0.6258000064155131,8.379200006320735,-0.00949999994190993,-0.26049999876520386,0.09179999958266871,52.20189,-2.200729,1.23999999973248,Vw8
13417.51000000019,2.579746536650694,-3.9346227630780124,11.666743560520413,0.018561385695743525,0.3819722765217927,-0.12547524731175472,52.20189,-2.200729,1.0987128710433813,Vw8
13417.61000000019,3.634399997901861,0.9231000108981767,9.641100000438508,-0.21529999958286933,0.009200000874744728,-0.013000000769752659,52.20189,-2.200729,0.9699999997919075,Vw8
13417.71000000019,2.525300001257695,6.683999993754118,9.872899997811018,0.005200000036288838,0.47159999960464266,-0.4198999994243444,52.20189,-2.200729,0.8599999998472049,Vw8
13417.81000000019,3.1837999978190408,3.4138000009326235,8.726800000247529,0.02420000015394107,0.2646000002528759,-0.11850000019806066,52.20189,-2.200729,0.7799999985102477,Vw8
13417.91000000019,2.0419000013004776,3.9020999863584525,8.856400000309984,0.10479999993296114,0.39699999989991924,-0.22220000012471902,52.20189,-2.200729,0.0,Vw8
13418.010000000191,2.7227999975037678,-3.24029999105647,9.018700002447423,0.06970000000926031,0.3445999996693298,-0.2874999996864999,52.20189,-2.200729,0.0,Vw8
13418.110000000192,1.4401940615654778,1.3616702905611253,10.28152871176776,0.07356336615753993,0.17436534675747936,-0.12548415850841751,52.20189,-2.200729,0.0,Vw8
13418.210000000192,2.5695999985255598,-2.021299992955967,9.70439999950312,-0.020099999931937056,0.29089999942869543,-0.17389999973025477,52.20189,-2.200729,0.0,Vw8
13418.310000000192,1.804900001656243,1.6319999950889197,9.446699999468889,0.01519999995948982,-0.0053999996474835285,-0.0340000001449018,52.20189,-2.200729,0.0,Vw8
13418.410000000193,2.645119800015308,-0.8674653422624221,9.177589109603629,-0.0051188117883135265,0.17296732622453842,-0.1065633659821432,52.20189,-2.200729,0.0,Vw8
13418.510000000193,1.6271000000072062,1.345999999151234,9.536500001524585,0.04299999999863667,-0.09029999972480345,0.0770999997304515,52.20189,-2.200729,0.0,Vw8
13418.610000000193,1.6294099007217697,0.9114376240012735,10.312972276006288,0.04226138613116026,0.04921683133896513,-0.06053861371441654,52.20189,-2.200729,0.0,Vw8
13418.710000000194,1.4903999995612998,1.0351999980219562,9.680200000878372,0.03840000004924186,-0.12909999975009268,0.015600000010899383,52.20189,-2.200729,0.0,Vw8
13418.810000000194,1.2650000001967727,0.018899999100606146,10.131499998809632,0.0636999998857511,-0.0007000001738062565,0.02120000008875213,52.20189,-2.200729,0.0,Vw8
13418.910000000194,1.3660999993911915,-0.4431999990040687,9.519900000985615,0.005000000037369319,-0.0899999999536776,0.06679999983981798,52.20189,-2.200729,0.0,Vw8
13419.010000000195,1.0533000006854933,0.06849999920298251,10.026299998702779,0.024199999928959368,-0.06619999994920107,-0.015499999929348633,52.20189,-2.200729,0.0,Vw8
13419.110000000195,1.405499999211741,-0.3409999984875158,9.35980000079838,-0.01229999993635538,-0.040099999996496626,0.020800000025496774,52.20189,-2.200729,7.396010914925078e-10,Vw8
13419.210000000196,1.0005000001349618,0.4360999995129983,9.769999999808656,0.02039999994440441,-0.03829999998585554,0.033899999933206706,52.20188999999977,-2.2007290000019233,0.38000000001964507,Vw8
13419.310000000196,1.0692000000011905,0.18820000085981975,9.672600000733018,-0.007899999962694181,-0.031099999987895453,-9.999996487696824e-05,52.201775,-2.201708,0.39,Vw8
13419.410000000196,1.0693267325801998,0.6141495035050278,10.03745049415485,0.011137623809104704,-0.024869306904992415,0.01723564349270612,52.201775,-2.201708,0.38613861310204856,Vw8
13419.510000000197,1.0219999990853248,-0.12089999998978455,9.582500000077008,0.034899999948529874,-0.011800000199397618,-0.019199999858948283,52.201775,-2.201708,0.0,Vw8
13419.610000000197,0.5563999967208582,-0.11569999910267599,9.621700001757343,0.0086999999825377,-0.11329999962872772,0.05259999983728313,52.201775,-2.201708,0.0,Vw8
13419.710000000197,-1.1112306960450147,0.33412673220652406,10.51620495224636,0.0004544555545876287,0.0724029700222801,-0.029069306865656664,52.201775,-2.201708,0.0,Vw8
13419.810000000198,-2.624299999406578,0.09679999912384556,11.406699997835688,0.055899999891149854,-0.06729999956955617,0.003999999864779966,52.201775,-2.201708,0.0,Vw8
13419.910000000198,-2.324999997862453,-0.3451000036053389,10.315099997898736,0.0010000000273612387,0.1497999997269824,-0.06420000000158615,52.201775,-2.201708,0.0,Vw8
13420.010000000198,-1.246900003148368,-2.1634999965084876,9.255300003112836,0.014800000060069875,0.012099999985080684,-0.06499999990204292,52.201775,-2.201708,0.0,Vw8
13420.110000000199,-2.83482079522443,-0.40250989750207555,10.825300003109726,0.045097029762980155,0.004575247509848067,-0.015594059308081394,52.201775,-2.201708,0.0,Vw8
13420.2100000002,-1.6286000040872146,-0.5949999968231896,9.93860000146545,-0.00760000003961759,-0.05550000043659384,-0.03689999980531357,52.201775,-2.201708,0.0,Vw8
13420.3100000002,-3.6712999983928216,0.9926999999052105,10.670999998049032,-0.027400000114394224,-0.27369999991713495,0.060399999934314275,52.201775,-2.201708,0.0,Vw8
13420.4100000002,-2.8651089086897175,0.9583990124244073,9.710972278283691,-0.08342079196320014,-0.23470396079740669,0.02867920807685725,52.201775,-2.201708,0.0,Vw8
13420.5100000002,-1.765999996186994,2.2183000004179636,10.238199999190348,-0.025500000142689612,-0.4350999999658434,0.1065999998902543,52.201775,-2.201708,0.0,Vw8
13420.6100000002,0.12609703080405257,2.421766335965914,9.837706930714488,-0.09623168319469362,-0.4207702975445462,0.05323366355335403,52.201775,-2.201708,0.0,Vw8
13420.710000000201,0.6758000013200733,2.088400001513905,9.848400000032305,-0.1094000000389682,-0.677799999833426,0.1465999999590127,52.201775,-2.201708,0.0,Vw8
13420.810000000201,1.3295999988250982,2.838199998821868,9.864400001514309,-0.12869999975367247,-0.595300000269345,0.12629999997577104,52.201775,-2.201708,0.0,Vw8
13420.910000000202,0.747700000902528,2.2547000017424645,10.614400000649134,-0.006699999985866453,-0.7286999998972289,0.11429999966604446,52.201775,-2.201708,0.0,Vw8
13421.010000000202,1.1946999988953624,3.1176999947946147,10.935899998194945,0.00030000010640542313,-0.6778000000710716,-0.05110000014658508,52.201775,-2.201708,0.0,Vw8
13421.110000000202,0.6475999999911161,0.5396000045023426,10.041900000549592,0.053000000044419716,-0.7130000001229618,-0.12369999926424789,52.201775,-2.201708,0.0,Vw8
13421.210000000203,0.6432000002524978,2.7695000004854458,10.314099997228904,0.07500000003848173,-0.7738999997164288,0.24069999997798103,52.201775,-2.201708,0.0,Vw8
13421.310000000203,0.7650372547260272,3.0037470584864567,8.973770589514011,0.09274509784448924,-0.638500980881772,0.2279892152762294,52.201775,-2.201708,0.0,Vw8
13421.410000000204,0.678762744922444,2.8384529408400465,9.600829413040964,-0.0027450982335675,-0.8785990200965162,0.026910783904469243,52.201775,-2.201708,0.0,Vw8
13421.510000000204,1.5997000030825903,1.9001999995155374,10.12160000095446,0.030100000083935444,-0.7350000002075976,0.012700000236526829,52.201775,-2.201708,0.0,Vw8
13421.610000000204,3.112800000606495,1.6624000017551066,10.590099998334534,0.07129999975104584,-0.8368999997418781,0.12879999961658614,52.201775,-2.201708,7.74161890160382e-10,Vw8
13421.710000000205,3.410500001268778,2.5238999940557814,9.772600000632002,-0.05090000011523022,-0.7101999999676111,-0.05940000005834179,52.201775,-2.201708,0.3800000009965857,Vw8
13421.810000000205,3.998833658682302,-0.29710494185482383,10.080618812625737,-0.10512871260972753,-0.6943544553950253,-0.08712277219961541,52.201775,-2.201708,0.8603960396854431,Vw8
13421.910000000205,1.7221999973810558,3.902399993983114,10.442499999130687,0.02200000005128264,-0.6698000000425625,-0.04939999985902464,52.201775,-2.201708,0.9000000000207622,Vw8
13422.010000000206,0.47367723037218346,1.0053485150466364,10.019819801161296,0.04727029714703811,-0.6895514849945125,0.01864158418754592,52.201775,-2.201708,0.9095049503931961,Vw8
13422.110000000206,1.7614000012614346,1.1002000017360398,9.621800003116897,0.10429999991058758,-0.6147000001013341,0.03280000000308319,52.201775,-2.201708,0.8599999999383362,Vw8
13422.210000000206,2.37509999574446,1.944799995553477,11.13819999729845,0.06079999972067963,-0.6639999998608582,0.03429999993862002,52.201775,-2.201708,0.8299999999170541,Vw8
13422.310000000207,0.3229000066931134,-0.1995000022329041,9.83540000172569,-0.07389999996329642,-0.5969000007220442,0.004700000581243512,52.201775,-2.201708,0.7899999991705409,Vw8
13422.410000000207,3.5505999828733272,-1.2762999972329243,10.667599998449742,-0.05620000001306398,-0.945099998960895,0.28499999976567775,52.201775,-2.201708,0.38999999997926355,Vw8
13422.510000000208,-4.708599985772494,0.05809999705376103,9.919999999598542,-0.06249999987412957,-0.44400000080975954,0.17200000027745407,52.201775,-2.201708,0.3799999992120138,Vw8
13422.610000000208,2.1524999895722465,-1.3626999976692198,9.726399998917142,-0.0018000001248336048,-0.834499998572086,0.30579999926758755,52.201775,-2.201708,0.0,Vw8
13422.710000000208,-2.876199989082698,-0.2387000016506692,9.204200000843429,-0.061999999923438735,-0.14590000056186764,-0.04739999955443854,52.201775,-2.201708,0.0,Vw8
13422.810000000209,2.3427999992120045,-1.0277999992276936,9.607400001153858,-0.025400000082418408,-0.41449999865139214,0.16559999909820872,52.201775,-2.201708,0.0,Vw8
13422.910000000209,1.9660999998159183,-0.6586000025053941,10.158999999208659,-0.06479999992051017,0.23019999932831087,-0.2654999995318467,52.201775,-2.201708,0.0,Vw8
13423.01000000021,1.8780999930267848,-1.856299998724824,9.780700000267078,-0.026799999997887035,-0.09089999902169604,-0.04170000035941577,52.201775,-2.201708,0.0,Vw8
13423.11000000021,-1.4435821827161877,-1.253487128856756,9.90839603987535,-0.02589504952485385,0.36993663321035763,-0.2100049501191663,52.201775,-2.201708,0.0,Vw8
13423.21000000021,-3.591799997718274,-1.32220000281999,10.037999998801421,-0.0354000000179973,0.15360000033077786,-0.030500000279682103,52.201775,-2.201708,0.0,Vw8
13423.31000000021,-2.5104274487029086,-2.6586705910500408,9.469960783117376,-0.043929411782669715,0.3103647062125158,-0.1630490198870052,52.201775,-2.201708,0.0,Vw8
13423.41000000021,-1.104499992380057,-3.7911000007226847,9.052100002054534,-0.02169999995885446,0.14800000042348255,0.023699999561114234,52.201775,-2.201708,0.0,Vw8
13423.510000000211,2.5067999954807427,-4.133599998971784,10.025799997878789,-0.002199999995357939,0.34869999979511634,-0.18429999974531966,52.201775,-2.201708,0.0,Vw8
13423.610000000212,0.3650000008750285,-3.6463000020081133,9.02049999978562,1.49389961736588e-10,0.25159999991981896,-0.06360000010381336,52.201775,-2.201708,9.073119145018763e-10,Vw8
13423.710000000212,0.7796999952808903,-4.597999998674546,8.91890000237573,0.07079999998659223,0.213599999935515,-0.11279999997829218,52.201775,-2.201708,0.43000000112795533,Vw8
13423.810000000212,-1.4376999953114722,-3.9751999988892424,10.035199998842808,0.06449999980867539,0.18329999975149297,-0.10259999984350077,52.201775,-2.201708,0.9600000005804229,Vw8
13423.910000000213,0.7210029655473194,-3.437376233123981,9.502871288400716,-0.02399603949660682,0.06916930724368463,-0.030567326896129107,52.201775,-2.201708,1.2334653472728412,Vw8
13424.010000000213,-1.5086999966340109,-1.325000000349666,10.099999999081248,0.026400000041925886,0.21609999962096443,-0.10729999970332647,52.201775,-2.201708,1.580000000830005,Vw8
13424.110000000213,0.0728999971890502,-1.4892999981488764,9.668299999878053,0.046099999904868676,0.038000000265814377,0.03209999978036794,52.201775,-2.201708,1.970000000830005,Vw8
13424.210000000214,-1.2478999952083079,-0.6195000007772598,9.610999999012437,0.0013999998833568452,0.16289999946903513,-0.07109999968497675,52.201775,-2.201708,2.360000000910597,Vw8
13424.310000000214,0.945687125165265,-0.9749762369741407,9.167922774946122,-0.05210891082855186,-0.08037326697724728,0.07252871251222971,52.201775,-2.201708,2.784059406812712,Vw8
13424.410000000214,-0.7055999997690465,-0.672600001183529,10.410199998799515,-0.02300000009723226,0.082299999657648,-0.09459999965421376,52.201775,-2.201708,3.190000000643922,Vw8
13424.510000000215,-0.5980000016465091,-1.2239999992360935,9.850900000567725,-0.06829999986499097,-0.07719999961171489,0.06649999969671262,52.201775,-2.201708,3.490000000815635,Vw8
13424.610000000215,-1.3650999949628801,-0.8681000005021292,10.115399999173958,-0.0054000000318708994,0.10369999957895723,-0.07479999964118138,52.201775,-2.201708,3.8700000007805118,Vw8
13424.710000000216,0.9573594057599867,-1.0997148514883393,9.736425743009503,-0.020097029702332108,-0.0880930687897851,0.08913069273213056,52.201775,-2.201708,4.233168317512418,Vw8
13424.810000000216,0.873300001195776,-1.1011999998340476,9.938999999643169,-0.01980000007324648,0.15259999961212165,-0.06779999984847818,52.201775,-2.201708,4.550000000699668,Vw8
13424.910000000216,1.4057534622165795,-1.0284425749382893,9.778927723449923,-0.052988118744309684,-0.0232257422331822,0.0008207919320521952,52.201775,-2.201708,4.874158416742538,Vw8
13425.010000000217,-0.03890000220031324,-1.3426999986287276,10.091699999540673,-0.02180000000930777,0.13419999989003847,-0.06709999996428415,52.201775,-2.201708,5.290000001082299,Vw8
13425.110000000217,-1.0553999986726688,-0.7091999965474672,9.879499999799991,-0.026099999850859243,0.08339999995670805,-0.050599999911035046,52.201775,-2.201708,5.790000001363697,Vw8
13425.210000000217,-0.4422000003369545,0.8858000009102012,9.787100000172716,0.04279999988068842,0.06339999998474168,-0.009499999995337736,52.201775,-2.201708,6.420000001398679,Vw8
13425.310000000218,-0.5965689323748898,1.3027902921699068,9.866226213764488,-0.011860194293750306,0.056409708722646494,-0.007364077665253096,52.201775,-2.201708,7.060776700424071,Vw8
13425.410000000218,0.11590000116997398,2.2086999987529734,10.200999999381835,0.037099999888241295,-0.002899999955471139,0.02859999994128302,52.201775,-2.201708,7.690000001331501,Vw8
13425.510000000218,0.6518999973260856,1.6374000001381703,9.91779999988453,-0.014100000011568772,0.017499999968131306,0.0017000000331783666,52.201775,-2.201708,8.30000000124419,Vw8
13425.610000000219,-0.5731000000700676,1.7007000020598964,9.86490000066706,-0.0194000000410364,0.0029000001431908457,0.01689999996398401,52.201775,-2.201708,8.870000001091393,Vw8
13425.71000000022,-0.6051999981252076,2.644399998299305,10.170499999357755,-0.03820000000352156,0.06849999992010454,0.0004000000897998689,52.201775,-2.201708,9.370000001056466,Vw8
13425.81000000022,0.24659999842189936,1.8716999982918214,9.878699999787607,-0.03979999991020013,0.03220000004159847,0.0411999998939129,52.201775,-2.201708,9.849999000770344,Vw8
13425.91000000022,-0.4704000007621984,1.09559999572086,9.782199998443248,0.0009999997937684385,0.051099999924506485,-0.006999999868161467,52.201775,-2.201708,10.200000001518674,Vw8
13426.01000000022,-0.8166999965927094,-0.8486000013699416,9.07490000237283,-0.09269999995464653,0.016799999912405553,0.05289999993908407,52.201775,-2.201708,10.890000001445086,Vw8
13426.11000000022,0.7119534644770584,-1.474017823812992,10.131447522383557,-0.07231881188533264,-0.024200000352502134,0.02659009925006488,52.201775,-2.201708,11.547425744210251,Vw8
13426.210000000221,0.3173000023587527,-2.3957999958909904,9.056200002769742,-0.07419999969486453,-0.1841999997714258,0.13560000002596426,52.201775,-2.201708,12.290000001398074,Vw8
13426.310000000221,1.3801999796961748,-0.544200000668857,10.304300002578007,0.06329999957613909,-0.08120000134237415,0.14730000080267272,52.201775,-2.201708,12.92000000173095,Vw8
13426.410000000222,-7.769099973351354,-0.8456000024102374,11.466000000672851,-0.12769999953841327,-0.6861000005183975,0.5089999997312589,52.201775,-2.201708,13.7000000015978,Vw8
13426.510000000222,4.2392999727615,-1.9316999957247747,11.769199993281028,0.0802999997503437,-0.9196999977546467,0.387899998686475,52.201775,-2.201708,14.4200000013315,Vw8
13426.610000000222,-8.034899975317758,-0.00519999927011595,8.74150000058808,-0.03219999976210529,0.0920999984871938,-0.20399999799942087,52.201775,-2.201708,15.020000001087391,Vw8
13426.710000000223,3.0873999894041013,0.3237000028656068,9.006500001154476,0.07499999974292768,-0.5895999985996383,0.6974999990976739,52.201775,-2.201708,15.510000000917316,Vw8
13426.810000000223,-1.6484999818908328,1.604499996775745,9.522500001030304,-0.039899999740914065,0.03629999788569767,0.2942000002024808,52.201775,-2.201708,15.920000000894943,Vw8
13426.910000000224,6.44549997836364,0.163399994572172,9.982999995770948,0.07590000011589508,-0.9086999974158526,0.38469999945140004,52.201775,-2.201708,16.320000000962064,Vw8
13427.010000000224,-3.2249999905328477,-2.262599991797402,8.092800003634586,0.12769999984808347,0.24629999976776235,0.13949999966014548,52.201775,-2.201708,16.750000000962064,Vw8
13427.110000000224,1.0064000064914675,1.4035999965175538,9.71730000307122,0.0597999999366828,0.14250000068709232,-0.012400000830730642,52.201775,-2.201708,17.180000000984435,Vw8
13427.210000000225,3.90779998845479,-0.15290000228630432,11.089999998215383,0.03149999989018449,0.44959999994304173,-0.38369999931718446,52.201775,-2.201708,17.620000001048034,Vw8
13427.310000000225,-1.1104593948469677,-1.1229514775974192,10.313105942040218,-0.01590396021633144,0.41977722663401795,-0.08058613784317264,52.201775,-2.201708,18.084257426703697,Vw8
13427.410000000225,3.8035999858558984,2.2218999915578754,10.953699999504007,0.06370000023216185,-0.06249999927161785,0.26079999917729496,52.201775,-2.201708,18.510000001048034,Vw8
13427.510000000226,-2.4296217878495305,-1.47413366125186,10.715209896296678,0.16428019772185298,0.248112869235684,-0.09449603829370012,52.201775,-2.201708,18.974554456473726,Vw8
13427.610000000226,-4.941799996495331,-0.5374999996111437,8.636200004426286,0.032300000126085075,-0.660599998940344,0.4858999989746284,52.201775,-2.201708,19.43000000108266,Vw8
13427.710000000227,-3.3879999965903043,-0.36510000253544383,10.598599996984342,0.08819999959800334,-0.1908000007860308,0.031300000748741515,52.201775,-2.201708,19.910000000932232,Vw8
13427.810000000227,-1.8883999848075732,-1.4801999990584456,9.27230000080945,-0.08859999973215381,-0.5364999995884536,0.3605999996612132,52.201775,-2.201708,20.320000001023182,Vw8
13427.910000000227,4.7932999886556615,-1.0661000005188255,9.62829999798602,0.02919999981121095,-0.355499999939367,0.21160000009026048,52.201775,-2.201708,20.770000001033516,Vw8
13428.010000000228,-0.12002870693819784,-1.2952653472777542,8.767643568053012,-0.05217326713859164,-0.3292069307174037,0.24996336612348227,52.201775,-2.201708,21.22366336717031,Vw8
13428.110000000228,2.4870999902952367,-1.6217999989886418,10.392000001359921,0.030499999545025275,-0.3398999995677626,0.15629999981559994,52.201775,-2.201708,21.59000000104592,Vw8
13428.210000000228,-1.7810999931616622,-1.1769999985715172,10.990099997887343,-0.1695999997551496,-0.14980000022737727,0.07520000033584669,52.201775000000474,-2.2017080000003926,22.05000000106654,Vw8
13428.310000000229,1.2025633731690601,-0.5537326718400785,10.068317819671348,-0.06276831658704443,-0.24900792101925995,0.22173465380090296,52.20198193069355,-2.2018792871291053,22.515346535719083,Vw8
13428.410000000229,-0.9508999941331308,-0.9123999990688758,9.458699999295522,0.03469999999606437,0.20389999949971177,-0.17029999954647634,52.201984,-2.201881,22.83000000092603,Vw8
13428.51000000023,1.5646287085882662,-0.5170198035445976,9.165214853965976,0.03315346538173819,-0.010806930373512063,0.023839603556577434,52.201984,-2.201881,23.233663367176977,Vw8
13428.61000000023,-0.30249999665241195,-1.1989999978604866,10.246700000275949,0.04850000005546463,0.12849999953634325,-0.15219999966675388,52.201984,-2.201881,23.600000000848013,Vw8
13428.71000000023,1.1580999969690804,-0.26549999817174114,10.367099999383504,0.07269999997083186,-0.07379999988216072,-0.006800000204643657,52.201984,-2.201881,23.97000000093338,Vw8
13428.81000000023,-0.1576049543805181,0.5182069307409137,10.09754851361417,0.05869603925623007,-0.027040594924267802,-0.09205742517782725,52.201984,-2.201881,24.372079208401527,Vw8
13428.91000000023,-1.8381000021463294,0.5389000027753741,9.562400004210188,-0.09169999950540406,-0.40109999885695435,0.15220000005613582,52.201984,-2.201881,24.58000000106265,Vw8
13429.010000000231,-2.7671999889922945,1.7402999967766943,11.3848999952936,0.12239999942593603,0.09369999887866944,0.1764999999958418,52.201984,-2.201881,25.04000000099335,Vw8
13429.110000000232,1.9978000077114,0.3449999936795211,9.34759999406947,-0.12610000001085753,-0.3917000001711796,0.17470000011204065,52.201984,-2.201881,25.470000000947145,Vw8
13429.210000000232,5.335899998754702,-2.3909999940229376,6.780400003319105,-0.13080000092117947,-0.465800001679608,0.2232000017531456,52.201984,-2.201881,25.88000000082989,Vw8
13429.310000000232,4.801048513607247,0.17612871884326387,8.205944557771726,-0.5264435652768312,-1.1871861402920403,0.9761702987813567,52.201984,-2.201881,26.23643564439354,Vw8
13429.410000000233,9.154099969059368,-1.2114999943415168,5.569900011258991,-0.4635999991240911,-0.8795999989098869,0.6980999984998723,52.201984,-2.201881,26.780000001396985,Vw8
13429.510000000233,-4.134799977229629,1.2187999967261685,10.405600003879425,-0.08739999995483086,-0.4114000011608936,0.05380000061490573,52.201984,-2.201881,27.380000000954606,Vw8
13429.610000000233,5.644999972769162,-0.1872999948259857,12.071799993994615,-0.06800000066415529,-0.9099999987102594,0.3178999997368308,52.201984,-2.201881,27.789999999647225,Vw8
13429.710000000234,-5.834370976874789,1.9783949920052568,9.522067000877895,-0.3493679997594935,-0.364197000605228,0.20984400089584004,52.201984,-2.201881,27.63749999941738,Vw8
13429.810000000234,3.956333992257944,-1.404737996932393,9.888778998539,-0.24474099942250455,-0.6156539986740385,0.5843099985697652,52.201984,-2.201881,27.39140000032879,Vw8
13429.910000000235,0.7219752543999782,-0.1359247581878607,9.254065342111378,-0.002357425990908304,-0.05916336691514968,-0.018322772212121415,52.201984,-2.201881,27.53128712901515,Vw8
13430.010000000235,3.6494999929370464,-2.5683999954182313,7.370600013168068,-0.1080999997404775,-0.30549999862542243,0.009399998959798176,52.201984,-2.201881,27.660000000657018,Vw8
13430.110000000235,0.6395000143586803,-0.6158000118488679,12.982399980127992,0.0024999996090737113,0.28029999963089614,-0.4338999986071198,52.201984,-2.201881,27.94000000018772,Vw8
13430.210000000236,6.758700005194584,-5.665399995497263,4.513600010227385,-0.16409999799259212,0.1230000027069804,0.15969999746908337,52.201984,-2.201881,28.020000000304364,Vw8
13430.310000000236,8.955432678457559,-3.7612415796594507,8.838649515169312,0.684810893094835,1.2677524779522373,-0.9105970322317667,52.201984,-2.201881,28.148712871591236,Vw8
13430.410000000236,-11.096599961962603,1.5239999929626937,10.503799994859172,0.24489999966303222,0.7844999994029167,-0.8239999986464536,52.201984,-2.201881,28.270000000496584,Vw8
13430.510000000237,4.988999960220961,-1.4519999845454619,8.329800007000665,0.10240000011154632,0.532000001853293,-0.2516000012191271,52.201984,-2.201881,28.48000000078823,Vw8
13430.610000000237,-11.56576433297175,4.968697017986373,11.246767323435021,0.14704851436592992,1.2870227673359065,-0.7490613830762414,52.201984,-2.201881,28.81099009924424,Vw8
13430.710000000237,-1.652200017862665,0.018400004554181722,9.85349999915781,-0.05809999970659333,-0.8006999971667843,0.5447999979497637,52.201984,-2.201881,28.910000001010918,Vw8
13430.810000000238,-8.968440569004237,1.8750851400689152,9.495378215861004,0.06385346535928538,0.36301880868996583,-0.29760197795672627,52.201984,-2.201881,29.330990099246023,Vw8
13430.910000000238,1.5375000122369114,-1.6664000046795837,8.673200004590285,0.0692000002960543,-0.9750999984212844,0.6421999986706439,52.201984,-2.201881,29.43000000033697,Vw8
13431.010000000239,6.576553454627428,-3.6077524745684304,10.555499003986307,0.18840197929224634,-0.3242247536735792,0.09463069419750966,52.201984,-2.201881,29.571386138944437,Vw8
13431.110000000239,2.0819000036882156,-3.3229999958211502,8.07540000424986,-0.1913999996613933,-0.8266999994945919,0.5676999992117445,52.201984,-2.201881,29.710000000834007,Vw8
13431.21000000024,3.6296999830806485,-1.569299989738324,9.858900002044988,-0.04930000016927515,-0.6145999991565055,0.2368999998035928,52.201984,-2.201881,30.06000000086438,Vw8
13431.31000000024,-3.416899984922986,2.7044999894084176,10.710599998927684,-0.11979999979855056,-0.26330000072656257,0.15510000032270327,52.201984,-2.201881,30.420000000600268,Vw8
13431.41000000024,2.8623999864013228,-1.706699995931874,10.263999998916159,-0.035900000163512594,-0.5658999983886446,0.28949999921485137,52.201984,-2.201881,30.670000000504224,Vw8
13431.51000000024,-2.8011999963386147,-0.01240000363113213,9.812599996416889,-0.10399999984032911,0.10519999935459345,-0.03749999961342837,52.201984,-2.201881,30.880000000120052,Vw8
13431.61000000024,-1.2763000043982726,-1.524699993321915,8.320300005885253,-0.03750000005234324,-0.16359999871038744,0.12349999890751497,52.201984,-2.201881,30.930000000192084,Vw8
13431.710000000241,-3.108099994832567,1.2565999959869676,10.77139999415542,-0.05930000046283542,0.3734999994340407,-0.33149999920237866,52.201984,-2.201881,31.010000000390992,Vw8
13431.810000000241,-0.9669148450482541,-0.39619802236801194,8.389945547035145,-0.2457574250301073,0.14592970394598362,-0.005517821883342773,52.201984,-2.201881,31.172277228274144,Vw8
13431.910000000242,1.691599991419867,-1.4559999961724952,9.414499996799325,0.04849999948421464,0.5488999996177576,-0.047300001110922314,52.201984,-2.201881,31.40000000038708,Vw8
13432.010000000242,-1.85499999185243,0.12609999771283545,8.091500004335064,-0.16469999963275697,0.39089999981299156,-0.5064999991358418,52.201984,-2.201881,31.55999999990323,Vw8
13432.110000000243,1.5127999924395832,-0.8192999982995051,9.88340000296141,-0.012900000052014002,0.31359999998911336,-0.14929999996564655,52.201984,-2.201881,31.519999999975806,Vw8
13432.210000000243,-1.6122999902860473,-0.11640000432183516,11.107499997290535,-0.034399999671432306,0.30909999855240095,-0.13509999896432928,52.201984,-2.201881,31.509999999975626,Vw8
13432.310000000243,2.3729999904343795,-1.8894999894771278,9.995900001406579,0.10040000018367017,-0.2847999987000289,0.28979999931751516,52.201984,-2.201881,31.500000000147725,Vw8
13432.410000000244,-1.5233752502508724,2.3651128665577805,10.548511876629288,0.1733930689149317,0.23872475138354363,0.013640594313251252,52.201984,-2.201881,31.55900990074857,Vw8
13432.510000000244,-2.640900000522832,0.4263999998825151,8.679700004858562,0.01270000014746547,-0.20879999927412865,0.1176999996375518,52.201984,-2.201881,31.46000000004875,Vw8
13432.610000000244,-2.8554000004241153,0.3782000031106683,10.672999994993974,0.07319999954761006,0.08899999918345565,-0.03099999927997851,52.201984,-2.201881,31.479999999805006,Vw8
13432.710000000245,-3.0293999864927756,1.6543999933103573,8.619200003275818,-0.11239999940205271,-0.2459999993873189,0.26439999973700146,52.201984,-2.201881,31.400000000171893,Vw8
13432.810000000245,2.471099992339399,-1.0697999982766349,9.953199997351598,0.13109999930309058,0.003499999848732841,0.15730000015200385,52.201984,-2.201881,31.470000000221006,Vw8
13432.910000000245,-0.6484999926372674,-0.3680000004312096,8.874700000859473,-0.15269999976524123,-0.05810000024630026,0.21919999991012373,52.201984,-2.201881,31.55999999985266,Vw8
13433.010000000246,2.349799989310618,-0.5435999924722488,9.224700001784756,-0.05710000012892087,-0.15839999940868293,0.18259999990963263,52.201984,-2.201881,31.499999999508873,Vw8
13433.110000000246,-2.003199996194747,2.521899999158208,9.951500002739753,-0.10959999957861291,0.08239999977064363,0.1457999996994302,52.201984,-2.201881,31.299999999557986,Vw8
13433.210000000247,-0.4535999986938201,2.179099994739657,11.067199994672617,0.06199999948668119,-0.011000000106621883,0.02340000036266283,52.201984,-2.201881,31.120000000247384,Vw8
13433.310000000247,0.0744000003347086,0.052699995177771776,8.913699998580519,-0.14549999973950617,-0.05409999969027704,0.16999999948866026,52.201984,-2.201881,31.2199999996784,Vw8
13433.410000000247,0.20970000247704157,-1.896599996330822,8.339900002264292,-0.04020000023600296,0.07109999996635596,-0.03669999987136107,52.201984,-2.201881,31.08999999987631,Vw8
13433.510000000248,1.2109999932192441,-0.4133999987677875,9.255200002072325,-0.13559999966108588,0.05750000030848605,0.015299999583902536,52.201984,-2.201881,31.039999999653663,Vw8
13433.610000000248,-1.5299999912069244,0.08469999959694134,10.092899996735051,0.0014000001269397374,0.18219999984107546,-0.15289999960268863,52.201984,-2.201881,30.89999999982508,Vw8
13433.710000000248,1.9363207790606656,-0.0789029708672421,8.799357428975576,0.052643564466261596,0.12167821858394483,0.0029534645674568387,52.201984,-2.201881,30.829504950372474,Vw8
13433.810000000249,-3.3215999814473225,-0.309200001690543,10.105099998484402,0.09699999952551018,0.42949999860598165,-0.31169999893699174,52.201984,-2.201881,30.77999999974828,Vw8
13433.910000000249,4.014130684422794,-0.9799534651354092,9.497910889819886,-0.09027821751707012,-0.11889405805770087,0.10764455371835845,52.201984,-2.201881,30.680792079405464,Vw8
13434.01000000025,0.5472000093320996,-0.8952999991457371,8.98900000090859,0.03189999979465792,0.4216999983585094,-0.1878999990328488,52.201984,-2.201881,30.75999999982556,Vw8
13434.11000000025,4.291999986383378,-0.5525000004151698,9.353600002091051,-0.0504999996448878,-0.236999999195079,0.2001999991312834,52.201984,-2.201881,30.690000000224284,Vw8
13434.21000000025,-1.1720999944373849,-0.7191000063992665,10.192700000564797,0.09199999928609759,0.08599999966488757,-0.14839999965685494,52.201984,-2.201881,30.78000000012551,Vw8
13434.31000000025,1.0438999815959273,-3.2684000000921247,10.417699990951714,-0.19240000029921647,-0.047499998943956595,-0.011700000091371477,52.201984,-2.201881,30.829999999698774,Vw8
13434.41000000025,-6.287800002663353,-3.305099989658968,6.81310000876797,-0.31159999854002396,0.3731999972615941,-0.048099999483252665,52.201984,-2.201881,30.71,Vw8
13434.510000000251,-7.210548482783052,0.7312009795229536,10.27325742628456,0.2606445535622513,-0.708633663826987,0.16023069420750152,52.201984,-2.201881,30.707128712149967,Vw8
13434.610000000252,5.5545999764605485,-3.4786999954713385,10.488999997128326,-0.09489999953485895,-0.8919999971361067,0.6132999988450545,52.201984,-2.201881,30.42000000022592,Vw8
13434.710000000252,-3.8228999961902144,-1.6746000017322036,9.344999998834158,0.09039999972389923,0.24889999970089086,0.15319999931859749,52.201984,-2.201881,30.509999999974717,Vw8
13434.810000000252,-2.316099993932104,-2.3596999961050074,8.883900003828497,-0.018800000181285942,0.13059999981921974,-0.11630000002149136,52.201984,-2.201881,30.499999999974715,Vw8
13434.910000000253,0.08380000448891296,-0.8192000035486028,10.39810000066522,-0.09049999992440098,0.05909999928800389,-0.12479999924148141,52.201984,-2.201881,30.490000000278123,Vw8
13435.010000000253,1.8591999966622654,-2.222699997756555,10.661199995391746,-0.06059999964855306,-0.22249999888219646,0.1751999998022795,52.201984,-2.201881,30.599999999949432,Vw8
13435.110000000253,0.5390999907190195,-1.3353999982212739,8.838600005340982,0.07840000030391311,0.21960000078683659,0.09699999877322261,52.201984,-2.201881,30.579999999393184,Vw8
13435.210000000254,-3.131599974947714,-0.6319000056304999,10.950999992433077,0.19859999890675098,0.5307999980900612,-0.388199998686726,52.201984,-2.201881,30.34000000017826,Vw8
13435.310000000254,6.70599997871717,-2.8428999975188622,7.979600004873654,-0.23069999950672646,-0.2191999988140553,0.12749999938780093,52.201984,-2.201881,30.40999999951615,Vw8
13435.410000000255,-1.6514000082804763,-1.8685999944110097,9.893400001765801,-0.03700000029718649,0.24649999809591827,-0.11289999894571374,52.201984,-2.201881,30.219999999108694,Vw8
13435.510000000255,-4.902999989331081,0.3260999979102722,10.586800000074614,-0.1536999993842357,-0.5011999997361738,0.3010999998438943,52.201984,-2.201881,29.86999999933789,Vw8
13435.610000000255,-0.7135000031651507,-0.49450000600586647,10.616099993388046,0.08809999972013029,-0.3975999995102917,0.23980000002190063,52.201984,-2.201881,29.609999998115526,Vw8
13435.710000000256,-1.9563999889432286,-2.8529000007044063,8.019700006433181,-0.021799999232899096,-0.20529999976528424,0.24839999939637114,52.201984,-2.201881,28.86999999805699,Vw8
13435.810000000256,2.326354459258321,-3.136109903893075,10.480074251566931,0.2703950485026449,-0.11567821807286684,0.018367327494313676,52.201984,-2.201881,28.112178215814122,Vw8
13435.910000000256,3.8117999848432054,-4.267099994316715,8.197500005370895,-0.12009999937009125,-0.21349999909335202,0.31509999862066396,52.201984,-2.201881,27.329999997435223,Vw8
13436.010000000257,-2.097799993940206,-2.0512000037045612,10.291599996885594,0.12549999956937427,0.13999999915003355,-0.22269999948524966,52.201984,-2.201881,26.32999999817901,Vw8
13436.110000000257,0.2648999903974822,-3.4955999945042002,9.07730000399361,-0.0423999993980473,-0.19139999892638515,-0.022000000365736922,52.201984,-2.201881,25.619999998230305,Vw8
13436.210000000257,-3.4790999885641143,-1.3528000077596358,10.634399994457622,0.1922999994956825,0.22719999871439953,-0.16459999921385798,52.201984,-2.201881,24.92999999803081,Vw8
13436.310000000258,0.9483257540013721,-4.356958423595268,8.488657420204447,-0.0029475252564059307,-0.27052277356184223,0.13975643642910343,52.201984,-2.201881,24.167623760408556,Vw8
13436.410000000258,0.5736000016932771,-3.61330000013541,9.64959999974118,0.13399999950427946,0.08089999939965632,-0.08059999971483024,52.201984,-2.201881,23.309999998069298,Vw8
13436.510000000259,1.2191910882277257,-3.661806929815979,9.541602968023044,-0.056617821941881814,-0.14817524725985948,0.02810198004343491,52.201984,-2.201881,22.558019798883382,Vw8
13436.610000000259,0.8782999983179732,-3.322500005883994,8.661899998222145,-0.1183999993149977,-0.04569999996228871,-0.03169999993620076,52.201984,-2.201881,21.3599999983469,Vw8
13436.71000000026,0.22709998569864046,-5.6004999922369985,7.973600006330528,0.1468000003181817,-0.031099999031004133,-0.007000000402784887,52.201984,-2.201881,20.71999999834472,Vw8
13436.81000000026,-5.129095977377536,-2.665804005181321,10.368442996210586,0.2646619991570982,0.3317479984506017,-0.1582779994736419,52.201984,-2.201881,20.08439999854223,Vw8
13436.91000000026,3.4463683095346553,-4.6174049455764115,8.929593069903849,-0.05467326700739748,-0.25295445426227753,0.04012772231092938,52.201984,-2.201881,19.52257425549272,Vw8
13437.01000000026,0.643200007200777,-2.7279000024903457,9.15890000205283,0.0679999999360116,0.20159999854309318,-0.13709999900948022,52.201984,-2.201881,18.77999999867341,Vw8
13437.11000000026,3.4114999861709605,-3.685299995066129,9.948100002031241,0.04340000025933514,-0.3584999987618503,0.24369999889763058,52.201984,-2.201881,18.26999999836127,Vw8
13437.210000000261,-1.9050000028387473,-1.7885000006473153,10.728999996518345,0.1430999995142542,0.11749999829249844,-0.1800999990645568,52.20198400000131,-2.2018810000004256,17.63999999834022,Vw8
13437.310000000261,-2.988762379074224,-2.035628713518113,9.3997920757289,-0.0423455450398339,-0.5343811898250221,0.17702871380602284,52.2024830099023,-2.202043376238049,17.00633663200484,Vw8
13437.410000000262,-1.5319999983257149,-2.4647000016415435,10.82119999573911,0.055199999724183,-0.1892000003761379,0.10140000025040936,52.202488,-2.202045,16.359999998768906,Vw8
13437.510000000262,-0.8927999919347523,-3.091400003802459,9.19450000162555,-0.05009999969216215,-0.3327999998807031,0.1969999996115071,52.202488,-2.202045,15.889999998210547,Vw8
13437.610000000263,2.1863089189502363,-4.543083172116415,9.815094061030262,0.06742475278285257,-0.2872554454253478,0.04868316792863259,52.202488,-2.202045,15.206831681380216,Vw8
13437.710000000263,-0.18810500640258754,-3.0780449960614664,9.072265998006094,-0.003373000191590092,-0.3017490000397938,0.08977000011332013,52.202488,-2.202045,14.52679999820796,Vw8
13437.810000000263,1.1687999937010878,-3.0516000022733416,9.656699999212737,0.026199999997602242,-0.31529999956227583,0.11409999975969128,52.202488,-2.202045,13.789999998481418,Vw8
13437.910000000264,-1.187643562282717,-3.9037158412715978,9.37117921055482,0.025255445532794237,-0.15135544563837486,0.024216831766796537,52.202488,-2.202045,13.21267326539283,Vw8
13438.010000000264,-0.40200000270706965,-3.785299998190225,10.369099998849341,0.020799999878779972,-0.18689999982895988,0.05589999999467164,52.202488,-2.202045,12.479999998215002,Vw8
13438.110000000264,-1.4085376212381997,-3.1022821772364297,9.93288316717732,-0.023992079021051237,-0.12295346541344179,0.05365544547999952,52.202488,-2.202045,11.802673265392698,Vw8
13438.210000000265,-0.45230000116108277,-2.7304999989722347,9.50119999904155,0.04679999976178151,-0.14829999983773523,0.029199999942105207,52.202488,-2.202045,11.06999999816755,Vw8
13438.310000000265,-0.8894999969860182,-2.3434999979179123,9.140300002464778,-0.04289999988978743,-0.08720000009268479,0.007399999994954123,52.202488,-2.202045,10.379999998087879,Vw8
13438.410000000265,0.24540000087824812,-1.5594999980121902,10.068400001641503,-0.0014000000887011994,-0.12209999979789936,0.0054999998268467605,52.202488,-2.202045,9.659999998698694,Vw8
13438.510000000266,0.5760999992971718,-0.8109999997338911,10.686499997107944,-0.034799999976393554,-0.04600000013627354,-0.05969999988679639,52.202488,-2.202045,9.169999998846503,Vw8
13438.610000000266,0.3075643546985442,-0.7014999972623777,9.61137920871263,-0.026179207968423494,-0.09601188097864584,-0.017671287174239034,52.202488,-2.202045,8.73554455327124,Vw8
13438.710000000267,-0.3460000000532236,0.3284999981114525,9.90929999791231,-0.04410000007410563,-0.01720000032570824,-0.0347999997519626,52.202488,-2.202045,8.289999998930433,Vw8
13438.810000000267,-0.36590476195779587,-0.3777857161675323,9.128538093157843,-0.07181428578812728,-0.13900952413407144,0.05796190500905832,52.202488,-2.202045,7.889999998934245,Vw8
13438.910000000267,0.024100000627300323,-0.48680000086340697,9.856499999194083,0.022199999874326023,-0.06070000001898479,0.06419999968608243,52.202488,-2.202045,7.509999999625652,Vw8
13439.010000000268,0.25870000208430277,-0.8096999985190836,9.55510000105066,-0.02479999982525024,-0.067799999880079,-0.05320000006428198,52.202488,-2.202045,7.3699999999189725,Vw8
13439.110000000268,1.0156069267343322,-0.2554999984211154,9.941121781381225,0.03956138604799823,-0.023471287147789847,-0.07656732661688663,52.202488,-2.202045,7.341089109202345,Vw8
13439.210000000268,-0.46369999633955394,0.3344999979472025,9.64330000189399,0.0057000000766841835,-0.03060000016941222,-0.033299999836298305,52.202488,-2.202045,7.4500000006254385,Vw8
13439.310000000269,0.8657277182806233,-0.4191257422309616,10.334621780783163,0.03370891083960807,-0.09249801969368329,0.026013861147405306,52.202488,-2.202045,7.6814851489149625,Vw8
13439.410000000269,-0.8014999958713888,-0.2917000013237077,9.816799999063148,0.014600000003230525,-0.0523000002786328,-0.06259999987697083,52.202488,-2.202045,7.830000000565342,Vw8
13439.51000000027,0.7320999994656172,-0.7833999999736173,9.46880000130567,0.015799999965271858,-0.1557999999410429,-0.016899999867279254,52.202488,-2.202045,8.04000000080763,Vw8
13439.61000000027,0.5336000015291152,-0.7736000004331596,9.953799999406659,0.0028999999545034367,-0.1339000002167144,0.03240000000753789,52.202488,-2.202045,8.340000000646105,Vw8
13439.71000000027,1.1015999982076823,-0.9345000007537329,9.733400000198394,-0.014000000007317794,-0.21439999994037354,0.03519999988996206,52.202488,-2.202045,8.580000000704677,Vw8
13439.81000000027,0.4403000017180555,-1.2125999985131326,9.806600000338786,-0.01669999977585867,-0.19240000011139308,-0.005399999899448085,52.202488,-2.202045,8.840000001192529,Vw8
13439.91000000027,1.0741999998991771,-0.6640000010030799,9.931600000758882,0.06599999991137338,-0.23350000015123443,0.03169999996666338,52.202488,-2.202045,9.280000001978514,Vw8
13440.010000000271,1.0369999998934853,-1.0341000014058297,10.211599999346278,0.033299999835756176,-0.2893000001805056,0.01940000001002809,52.202488,-2.202045,10.010000002059824,Vw8
13440.110000000272,0.9977000021526307,-1.5527999960818453,9.970399999515157,-0.027299999851892003,-0.355900000048183,0.023100000232154493,52.202488,-2.202045,10.770000002436527,Vw8
13440.210000000272,1.7873650009127486,-0.12868000192043372,9.788952998820887,0.02641799989638338,-0.37378600007757684,0.10797700002088607,52.202488,-2.202045,11.67300000352622,Vw8
13440.310000000272,2.1131445524470664,-0.834979209389566,9.365526734564586,-0.01089702956563601,-0.4024702971308113,0.11497623745344622,52.202488,-2.202045,12.970891092082686,Vw8
13440.410000000273,1.3775999999705324,-1.37289999906604,10.058199998851308,0.039399999918145474,-0.43950000029631336,0.052600000288127925,52.202488,-2.202045,14.060000001309673,Vw8
13440.510000000273,1.3668000036643542,-1.0305999998534803,9.637200000432191,0.009399999927149474,-0.5481000000957699,0.1581999996859515,52.202488,-2.202045,14.540000001364241,Vw8
13440.610000000273,2.7097999982243026,-0.9768999998395651,9.795599998861132,-0.017299999972169463,-0.5832000000572982,0.043100000088948584,52.202488,-2.202045,15.040000001773514,Vw8
13440.710000000274,2.059000003917756,-0.9181000023787862,9.378200002229244,-0.007099999898456295,-0.6042000003603969,0.0757000002341609,52.202488,-2.202045,15.690000001720138,Vw8
13440.810000000274,3.4769870016181446,-1.7808850014801616,10.18452300077595,0.029217999922487366,-0.7345860001335855,0.1594539998224356,52.202488,-2.202045,16.31520000142931,Vw8
13440.910000000275,4.056187127719817,-2.3229524777082515,10.450446530928085,0.0006871285444141096,-0.7829980198838955,0.09694257465393966,52.202488,-2.202045,16.836435645333292,Vw8
13441.010000000275,3.694899994898053,-3.2181999962782566,9.09510000025297,-0.06059999979207678,-0.812800000142827,0.24120000008130155,52.202488,-2.202045,17.48000000195014,Vw8
13441.110000000275,1.8374000057518098,-1.8632000056820446,9.187200000528186,0.01509999969786586,-0.8648000003271289,0.2707999995391081,52.202488,-2.202045,18.190000001510672,Vw8
13441.210000000276,3.9314999937555553,-3.9318999959044074,9.379500001854117,-0.09489999980535357,-0.9838999995852704,0.10300000010285293,52.202488,-2.202045,18.74000000157597,Vw8
13441.310000000276,1.673000002191431,-2.450600004474656,10.050099998863642,-0.024500000299711246,-0.833900000304688,0.14019999997179838,52.202488,-2.202045,19.310000002156592,Vw8
13441.410000000276,2.4655999976769554,-4.068999985620753,9.63909999897337,-0.1328999998578469,-0.9440999987513429,0.12999999916104535,52.202488,-2.202045,20.090000001703604,Vw8
13441.510000000277,1.64015346710444,1.0281732530700847,9.274217822534156,-0.08204554456705693,-0.5000306939078527,-0.1675267318782788,52.202488,-2.202045,20.706435645345,Vw8
13441.610000000277,2.275500003819383,-4.12449999085466,9.546000004016793,-0.08660000037270366,-0.8030999990204087,0.11979999950840721,52.202488,-2.202045,21.35000000149303,Vw8
13441.710000000277,3.656899992451523,-0.8168000081089838,10.998799999179276,-0.22139999992040468,-0.4488000007158014,-0.05799999899810064,52.202488,-2.202045,21.89000000141936,Vw8
13441.810000000278,0.9446000017625079,-3.7304999928508917,10.70390000112825,-0.19279999971167563,-0.7059999992624907,0.30199999932566607,52.202488,-2.202045,22.400000001502846,Vw8
13441.910000000278,1.57789999769424,-1.1617000054475495,11.109299994802925,-0.08919999999610373,-0.4409999997973937,0.059700000194257155,52.202488,-2.202045,22.94000000150285,Vw8
13442.010000000279,0.7494000033427258,-3.1190999957096444,9.241900001208123,-0.08779999997523083,-0.36820000008404824,0.1294999996896895,52.202488,-2.202045,23.480000001363695,Vw8
13442.110000000279,1.9504999969917718,-1.5775000030475843,9.675999998228685,-0.07890000005819112,-0.3984000002288288,0.01800000024316581,52.202488,-2.202045,23.970000001461806,Vw8
13442.21000000028,0.8948130040143615,-2.6199109883886273,9.067287005956786,-0.09966500001810404,-0.47713799925857003,0.10328899966270785,52.202488,-2.202045,24.494900001364766,Vw8
13442.31000000028,2.3149742555403656,1.4746544462942648,11.157029695241723,-0.10673168334539182,-0.21482673301714808,-0.013597028861170228,52.202488,-2.202045,24.984158417007283,Vw8
13442.41000000028,1.642400002400666,-1.7898999888359235,8.40000000603612,-0.16989999924198346,-0.33749999938428665,0.2866999994537575,52.202488,-2.202045,25.400000001176522,Vw8
13442.51000000028,2.4994000001457213,2.1954999913348194,10.554799999159627,0.10069999955859191,-0.11770000096260919,0.0917000000031125,52.202488,-2.202045,25.820000001018634,Vw8
13442.61000000028,2.544536631879457,-0.8176633525336119,10.256146534189932,-0.05405445509636799,-0.45046435435113164,0.08934851388389412,52.202488,-2.202045,26.18405940707861,Vw8
13442.710000000281,1.908199993767642,4.105999985067434,10.090799997437417,0.07049999959851265,0.2930999986080457,-0.2557999994146856,52.202488,-2.202045,26.59000000090222,Vw8
13442.810000000281,-0.3022999973345075,-1.190300005625334,9.181900003986962,-0.07189999984887836,-0.20059999805092557,-0.04820000089883542,52.202488,-2.202045,26.910000001014996,Vw8
13442.910000000282,0.6431000004866343,-3.185499997769546,10.595999994849459,-0.018299999981955625,0.4906999989429944,-0.3669999989940261,52.202488,-2.202045,27.27000000118416,Vw8
13443.010000000282,0.8157000035801167,-2.394399998557578,8.769200002213818,-0.01189999953225597,0.11580000048888978,-0.010200000363143046,52.202488,-2.202045,27.690000000930414,Vw8
13443.110000000283,2.085500002545667,-1.882799985923696,9.554400003060213,0.1539999998750991,0.2891999998274507,-0.13900000055063538,52.202488,-2.202045,28.020000001409716,Vw8
13443.210000000283,2.9883999935707966,3.1097999905345395,10.63979999876166,0.10969999991345249,0.22799999993359962,-0.3342999999182764,52.202488,-2.202045,28.520000001021543,Vw8
13443.310000000283,0.7227000015291953,-0.22589999315082823,10.20340000024063,0.07919999981129805,0.20460000027723582,-0.3054999996135157,52.202488,-2.202045,28.88000000104992,Vw8
13443.410000000284,1.2615999938715847,2.18779998545718,10.288199999860673,0.012700000176216418,0.302300000068103,-0.1693000000445507,52.202488,-2.202045,29.2500000011918,Vw8
13443.510000000284,-0.8980999970261706,-2.937199997706065,10.239099995940213,0.07479999955108797,0.32629999986067265,-0.18499999999943248,52.202488,-2.202045,29.670000000624277,Vw8
13443.610000000284,0.14989999883061536,-2.128800005854301,8.808400005140072,-0.08339999933259096,0.2772000002298475,-0.18480000015805562,52.202488,-2.202045,29.890000000766157,Vw8
13443.710000000285,-0.2621999989867574,-4.191899980556195,10.619799997755901,0.1517999993297406,0.3581999992372123,-0.24049999992831908,52.202488,-2.202045,30.16000000045693,Vw8
13443.810000000285,0.09260000439709584,2.616599994271524,9.8340000043534,-0.08289999953821497,0.09109999983579073,-0.21540000010166696,52.202488,-2.202045,30.32000000062828,Vw8
13443.910000000285,1.6322999902105575,0.6106999900283565,11.358399992773078,0.07879999927119642,0.03359999932202991,-0.2509999989230728,52.202488,-2.202045,30.540000000799626,Vw8
13444.010000000286,-1.7955999904601412,-2.8809999824831904,8.827800005334602,-0.17639999940056766,-0.20379999986990185,0.12609999915681389,52.202488,-2.202045,30.820000000461548,Vw8
13444.110000000286,1.4986643527672494,3.1289207742228093,10.670194057432239,0.03061287106216933,-0.1599396043146717,-0.15986435462493276,52.202488,-2.202045,30.98089108936358,Vw8
13444.210000000287,0.21509999748697156,-3.1189999959528287,9.979599998429645,-0.04809999993878373,-0.28389999859001397,0.47369999793157985,52.202488,-2.202045,31.07000000063228,Vw8
13444.310000000287,-0.6592999943408263,-1.7107999975594197,9.433200004936028,-0.026799999905361107,0.2067000001123474,-0.245999999912909,52.202488,-2.202045,31.29000000017418,Vw8
13444.410000000287,1.2836108892228513,-0.8565079168830185,11.125912869105083,0.005025742351582202,0.24253663283986668,-0.2139247518784096,52.202488,-2.202045,31.35207920851877,Vw8
13444.510000000288,0.6346999985385694,0.5027000032254939,10.36720000340828,-0.07239999931684943,-0.04379999969075725,-0.006400000330797775,52.202488,-2.202045,31.560000000689758,Vw8
13444.610000000288,0.12620000475273918,1.6249999986701986,11.553099995336355,0.16529999989279967,0.06380000003592504,-0.12149999961545836,52.202488,-2.202045,31.800000000459843,Vw8
13444.710000000288,1.7798999913934117,1.1623000002576944,9.930399989477623,0.12800000041734347,0.07629999864442907,0.012300000516256477,52.202488,-2.202045,31.959999999624017,Vw8
13444.810000000289,-1.1958999973776485,1.25140000972847,6.292200014113324,0.2723000001642766,-0.3923999980980938,0.1907999991794848,52.202488,-2.202045,31.830000000260295,Vw8
13444.910000000289,-0.28919999510438466,4.615099978282232,11.171999996890603,0.3290999987739993,0.2651999994374684,-0.09289999963008849,52.202488,-2.202045,31.91999999997108,Vw8
13445.01000000029,1.4034999991303174,-2.8939999834991705,10.096899996730954,-0.0947999994984937,0.0707000000928394,0.0349999986583116,52.202488,-2.202045,31.910000000809813,Vw8
13445.11000000029,1.102799993478972,2.8112999880887917,8.966599999665084,0.07859999954245504,0.10279999958497028,-0.4288999986921503,52.202488,-2.202045,32.19000000011569,Vw8
13445.21000000029,-1.151899994429642,-1.3070999866926336,8.85080000432869,-0.07959999964095671,-0.04069999887330716,0.023299999884737306,52.202488,-2.202045,32.23000000008644,Vw8
13445.31000000029,0.7620604016061703,3.26527625092207,10.338126736999012,0.043766336992462254,0.34642871399721303,-0.01630396051122384,52.202488,-2.202045,32.259702970383415,Vw8
13445.41000000029,-0.35649999772029695,-0.16059999345483955,10.405699996194091,-0.05019999970197678,-0.21679999866791766,0.13399999890918846,52.202488,-2.202045,32.250000000261934,Vw8
13445.510000000291,0.42679999929510526,2.088299989932985,9.098000000692963,0.05220000000844011,0.2408999987022602,-0.2407999990442302,52.202488,-2.202045,32.34000000052387,Vw8
13445.610000000292,0.1845999961364665,-1.3707000040969461,9.336100003410678,0.05510000023195753,-0.2049999997159466,0.08760000001455191,52.202488,-2.202045,32.52000000014552,Vw8
13445.710000000292,-1.1429000000597314,-2.778400001411224,10.50799999374909,0.13479999913505614,-0.10740000085247568,0.09260000053671173,52.202488,-2.202045,32.570000000318956,Vw8
13445.810000000292,-1.1632960396636514,-3.2602811895290813,8.373544548208766,-0.16054653551782413,-0.39848910976279006,0.2758673272690219,52.202488,-2.202045,32.678910891407845,Vw8
13445.910000000293,-0.6743999908979953,-2.6566999800148325,10.5095000010209,0.0533999992909925,-0.26340000038920736,0.20960000042405738,52.202488,-2.202045,32.720000000409996,Vw8
13446.010000000293,2.433599990217102,4.167499984837607,10.858099999515321,-0.18869999976307847,-0.3962999998093499,0.3543999994719783,52.202488,-2.202045,32.86000000023429,Vw8
13446.110000000293,-0.9068999953752214,-1.0098999936884816,10.692599999518412,-0.10780000030883133,-0.3311999995965077,0.17409999955272704,52.202488,-2.202045,32.94,Vw8
13446.210000000294,0.6220376136623701,1.0929544464348429,10.507363359761053,-0.2118415840533737,-0.19532079223183824,0.02511584223356267,52.20249000000059,-2.2020389207902977,32.93960396027997,Vw8
13446.310000000294,-2.8241999872251937,-1.981599989847518,8.263700008028161,-0.17599999969530472,-0.24739999953352745,0.24669999941271017,52.20269,-2.201431,32.90000000026521,Vw8
13446.410000000295,1.5109999889148675,1.4636999826320745,10.988099989788877,-0.07260000040400118,-0.08910000095327777,0.047400000817137335,52.20269,-2.201431,32.99000000026521,Vw8
13446.510000000295,-2.250799997698578,-4.430199977957919,7.522900002741078,-0.20969999920142726,-0.41259999962310906,0.3246999996228144,52.20269,-2.201431,33.08000000023574,Vw8
13446.610000000295,-1.469800007507173,3.0498999840930794,8.453100005079333,0.061299999817006026,-0.28470000015352637,0.1966999999876236,52.20269,-2.201431,33.16000000050094,Vw8
13446.710000000296,-4.0173999873518085,-2.348199982789339,10.176800013905629,-0.0007999994766858436,-0.33679999648949593,0.19249999742049112,52.20269,-2.201431,33.32999999985175,Vw8
13446.810000000296,0.24850000203010314,3.4565000209381997,14.866799996244591,0.17569999964450217,0.8471999986355288,-0.6774999988169839,52.20269,-2.201431,33.27999999979245,Vw8
13446.910000000296,0.9331999828287728,10.518399960761222,13.600199979481637,0.05579999985797877,0.3870000002386787,-0.278500000222075,52.20269,-2.201431,33.210000000266845,Vw8
13447.010000000297,-4.858199985001532,-2.7157999736104235,6.6799000082437665,0.007900000011979607,0.46750000078436477,-0.3534000000805628,52.20269,-2.201431,33.300000000299484,Vw8
13447.110000000297,0.14642772177168414,6.08039306476519,9.430238613190406,0.01098514824340463,0.7208504925127694,-0.3751356420320331,52.20269,-2.201431,33.401287129094776,Vw8
13447.210000000297,-0.1907999976845992,4.549699996891505,9.204100004855894,-0.08049999975441806,-0.1340999984867331,0.14129999861539996,52.20269,-2.201431,33.530000000090396,Vw8
13447.310000000298,0.577181999875221,3.452587980443728,10.80674199735576,0.0003029997919354974,0.3607499978059195,-0.3132399985193688,52.20269,-2.201431,33.55909999973134,Vw8
13447.410000000298,0.5168683111803416,-3.039285150361195,9.928126732173777,-0.06791287105216105,-0.36131782011582897,0.17580098950228074,52.20269,-2.201431,33.47099009930545,Vw8
13447.510000000299,-1.376299995038139,-3.657799998432657,9.760799997499529,0.010799999768508133,0.19689999756247414,-0.024099999009298337,52.20269,-2.201431,33.57000000035798,Vw8
13447.610000000299,0.2869999951849095,-3.1323999966558973,8.922600003935361,-0.06679999991289223,-0.6201999989875213,0.3079999996888582,52.20269,-2.201431,33.690000000149155,Vw8
13447.7100000003,-1.3270999897153337,-2.0113999871311865,10.241799998230414,-0.037600000174377424,-0.2808000000093041,0.2037000010867825,52.20269,-2.201431,33.740000000570255,Vw8
13447.8100000003,2.0995999991417404,2.276300012128718,9.652200004547474,-0.09569999915113828,-0.28389999842081404,0.5657999972251316,52.20269,-2.201431,33.92999999993937,Vw8
13447.9100000003,1.8017445500239226,6.2304841444456756,11.131313855113376,0.17888316668998724,0.22968316611935766,-0.34575841471786906,52.20269,-2.201431,33.910495049653626,Vw8
13448.0100000003,0.3261999962936545,1.578899992796802,9.042699995089519,-0.36279999891141673,-0.5019999991491222,0.028400000832869775,52.20269,-2.201431,33.959999999849934,Vw8
13448.1100000003,-0.9086999963766266,-0.8211000002810072,7.406600006647069,-0.00010000065852766379,-0.2184999990651732,0.30589999963542636,52.20269,-2.201431,33.91000000029425,Vw8
13448.210000000301,0.29855490560095055,-0.9147274512627016,9.621305889030817,-0.219511765367462,0.09297058917445347,0.1844294113984426,52.20269,-2.201431,34.00803921598188,Vw8
13448.310000000301,0.39569999706623205,0.8690000029431285,9.608199996831917,-0.05939999960202695,0.10939999886435763,-0.06209999924028817,52.20269,-2.201431,34.150000000150975,Vw8
13448.410000000302,-0.5758999924545154,1.8437000003324493,8.55900000939947,0.07240000037502468,-0.26669999956669854,0.18949999940213458,52.20269,-2.201431,34.20000000018118,Vw8
13448.510000000302,1.9229999957449135,1.9537999966766952,11.671899994445605,0.19659999926555455,-0.12320000055418912,-0.008499999224989249,52.20269,-2.201431,34.260000000183,Vw8
13448.610000000303,0.5069089045482462,0.8232930569461505,9.844695047660228,-0.04492772299217203,-0.3044227721330246,0.24365544495697164,52.20269,-2.201431,34.320594059585446,Vw8
13448.710000000303,-1.5921999909205817,-3.2673999845608273,9.234200002479684,-0.11769999948601907,-0.2567000005732163,0.04920000021355118,52.20269,-2.201431,34.38000000075943,Vw8
13448.810000000303,1.396699990020655,1.8150999767065765,10.05049999845138,0.05149999953605848,-0.4454000003258637,0.11950000079931722,52.20269,-2.201431,34.62999999996932,Vw8
13448.910000000304,-1.843593065657192,-5.714664337700298,9.532374253344729,-0.09771089048448078,-0.5443227700651736,0.37407326552518766,52.20269,-2.201431,34.62108910924194,Vw8
13449.010000000304,-0.6429000006810551,0.44889997434317813,8.189800006320567,0.1012000004571757,0.18339999761144682,-0.21859999868770827,52.20269,-2.201431,34.73000000042528,Vw8
13449.110000000304,-0.8671000009231608,-7.997199975390278,10.270499998181322,0.25169999916432534,-0.602899995217122,0.21339999780859434,52.20269,-2.201431,34.870000000212634,Vw8
13449.210000000305,-1.1709999971833749,0.10420002243735071,9.671800000250277,-0.023400000117652236,0.9715999974626844,-0.507999999043197,52.20269,-2.201431,34.94000000036671,Vw8
13449.310000000305,-0.2493000018864084,7.446499965343014,9.753699996688319,-0.061899999396153725,0.14130000080736937,-0.1949000007025519,52.20269,-2.201431,35.06000000030559,Vw8
13449.410000000305,-0.8666000072718125,-3.894499990872421,8.669999999344988,0.13569999900019522,0.4054999996570599,-0.4247999990180985,52.20269,-2.201431,35.15999999978392,Vw8
13449.510000000306,-3.184091077394493,-0.9541099060692129,8.494530704301125,-0.1864910885863459,0.2963564362418195,-0.10893762444661546,52.20269,-2.201431,35.09158415890026,Vw8
13449.610000000306,0.6468000085065205,-2.615099980688859,12.167600000538332,-0.015599999849365628,0.4920000006127238,-0.33269999994845095,52.20269,-2.201431,35.24999999975306,Vw8
13449.710000000307,3.3480267159844166,3.575587108709201,12.318977220682264,0.033911881405816593,0.6833415819693269,-0.31453564311654697,52.20269,-2.201431,35.17108910924395,Vw8
13449.810000000307,-2.109299992328162,-2.9656999861674986,10.016700003990536,0.10510000036189064,-0.03249999888602208,-0.16809999951362384,52.20269,-2.201431,35.280000000517425,Vw8
13449.910000000307,0.3863435720233297,1.534002984120617,11.314818815869153,0.22282277263888517,0.32987623873702243,-0.009882177731759062,52.20269,-2.201431,35.44831683220026,Vw8
13450.010000000308,0.7799760011440466,2.676811003406642,8.3917569908891,0.060649999493104956,-0.2798050019031604,0.30157000096156455,52.20269,-2.201431,35.539100000276484,Vw8
13450.110000000308,1.1560000004701187,0.6572000040192978,10.840799996646444,0.021299999089261404,-0.23260000016550414,-0.060699999037716015,52.20269,-2.201431,35.58999999990685,Vw8
13450.210000000308,1.2916442259224552,1.9187990283713365,9.757626922100824,-0.2710586535565778,-0.2868298079783343,0.24916442306597894,52.20269,-2.201431,35.56221153914185,Vw8
13450.310000000309,-0.28393269716989966,-1.3612971255069444,9.440319229790024,-0.1769240381710404,-0.3798105772100142,0.2456067307582518,52.20269,-2.201431,35.78336538529786,Vw8
13450.410000000309,0.37749999692967323,3.0791999830487287,9.624600000831823,-0.07629999991248843,-0.003900000788222678,-0.1471999987006231,52.20269,-2.201431,35.979999999536155,Vw8
13450.51000000031,-0.6154000050005292,-2.4025999954073427,9.893600001180014,-0.04799999951884092,-0.25879999780107826,0.27299999889852916,52.20269,-2.201431,35.83000000030923,Vw8
13450.61000000031,-2.2324999976943944,-0.917400008424613,10.275199993496003,0.10759999950214261,0.45229999891491823,-0.08320000059619197,52.20269,-2.201431,35.93,Vw8
13450.71000000031,-1.4869000058269508,-3.6417999983825546,8.171899998511687,-0.05339999919630434,0.10140000076159433,-0.27600000063560454,52.20269,-2.201431,35.930000000691216,Vw8
13450.81000000031,-3.3081425638750837,-3.0992990012791872,7.729387138419718,0.2033207923658001,0.3452821786791428,-0.4729534636824509,52.20269,-2.201431,36.14980198013639,Vw8
13450.91000000031,0.02760000265136623,-0.3292000047559115,10.848099996563862,0.29539999894430585,0.4934999988027794,0.0617000005253587,52.20269,-2.201431,36.13000000031105,Vw8
13451.010000000311,0.879999997237901,-1.858199989018168,9.743399995427605,-0.043999999953965016,0.10859999833309812,0.23060000078943776,52.20269,-2.201431,36.230000000062205,Vw8
13451.110000000312,-0.00800000219681004,1.6723999787438522,8.273400004111165,-0.02920000000031419,-0.42729999972100013,0.48439999886546325,52.20269,-2.201431,36.25000000037703,Vw8
13451.210000000312,-0.6733519894642865,-5.002990971983307,9.593700003672932,-0.03132900063155763,-0.3386170000364181,0.12246999974164967,52.20269,-2.201431,36.36959999987549,Vw8
13451.310000000312,2.6289702818054796,3.8578950338501867,10.772067329915702,-0.22994851414662554,-0.34974158401490224,0.043574258450795635,52.20269,-2.201431,36.33198019863973,Vw8
13451.410000000313,-2.2339999897698957,-1.1425999836336915,11.788800007041658,-0.0047999990812266505,-0.3038999989384234,0.37099999943807993,52.20269,-2.201431,36.53000000068149,Vw8
13451.510000000313,1.0358019904216471,4.088489125266836,14.03949307634413,0.28886336725482525,0.03540693175397375,0.19139603904239613,52.20269,-2.201431,36.747821782859276,Vw8
13451.610000000313,-0.8119999929820009,1.1009000084284253,10.164999997396574,-0.24809999897006982,-0.5534999980431643,0.1027999993018976,52.20269,-2.201431,36.92999999990519,Vw8
13451.710000000314,1.3861593988835332,3.703595029372209,9.333247522262697,0.07659702932634159,0.0628920783288105,-0.11397029573676608,52.20269,-2.201431,36.900099009931985,Vw8
13451.810000000314,-0.8679000009631274,-2.7268999944326158,8.538000003796883,-0.04369999944214902,-0.21789999863700002,0.29899999838938407,52.20269,-2.201431,36.91000000009536,Vw8
13451.910000000315,-1.1721821786215583,-1.017978231228951,9.723260393130207,0.12986138552817678,0.20508712688249534,-0.20458415743471517,52.20269,-2.201431,36.939207920542664,Vw8
13452.010000000315,-1.3003999990612942,-5.275799977075815,8.799300000287623,-0.06399999902038507,-0.37619999794447645,0.10699999942758769,52.20269,-2.201431,36.86000000040909,Vw8
13452.110000000315,-1.0020999907844448,2.008999998735595,8.890700007452061,0.2472999998813637,0.2769999993001402,-0.0748999998895455,52.20269,-2.201431,36.99000000025175,Vw8
13452.210000000316,1.9263999920741028,1.6071999860124153,11.258799995257187,0.20959999924703662,0.054600000152555006,-0.03980000121632547,52.20269,-2.201431,37.07000000142427,Vw8
13452.310000000316,-0.5777999969438359,-2.812200001521752,9.760299998843179,-0.02829999990947981,0.10279999897642556,-0.4240999975705141,52.20269,-2.201431,37.5199999998101,Vw8
13452.410000000316,0.38780000015002297,-3.2929999833601107,9.394800002509244,0.000300000004114554,-0.22059999830860177,0.34349999894983924,52.20269,-2.201431,37.459999999715144,Vw8
13452.510000000317,0.43519999655298197,1.9643999975060111,10.187599997412018,0.0015999994043967244,0.3137999975203978,0.0116999999453311,52.20269,-2.201431,37.36999999984015,Vw8
13452.610000000317,-0.6372009981634321,1.2351420161018771,9.39230300449815,-0.18173299906033852,-0.4529939972111024,-0.009022001147102776,52.20269,-2.201431,37.319499999841646,Vw8
13452.710000000317,-0.05472375972331335,6.195049481687234,10.79349108755416,0.11163960384625131,0.4131217803798111,-0.36266633507107215,52.20269,-2.201431,37.27316831783516,Vw8
13452.810000000318,0.7828999961021331,-1.1500000125346104,10.302599998555769,0.07559999966830729,-0.15469999758965713,0.13069999818651304,52.20269,-2.201431,37.59000000060482,Vw8
13452.910000000318,-0.4415999989537136,-5.087699991111068,9.848899998228644,-0.028600000209000047,0.6024999988968013,-0.4389999989260613,52.20269,-2.201431,37.780000000289384,Vw8
13453.010000000319,-0.12207524939614368,-2.3314019828105246,9.319934660452,-0.0915366330061403,0.25999207939651064,-0.10603861419220673,52.20269,-2.201431,37.87029702979758,Vw8
13453.110000000319,-0.7095999997957689,-3.1515999892633704,11.51339999390301,0.11479999901351341,0.3191999992549347,-0.2098999997043692,52.20269,-2.201431,37.90000000022062,Vw8
13453.21000000032,-0.6454415839531564,0.2212712979194058,9.598053459218844,-0.1951009910904638,0.08514059331058901,-0.11702871257416772,52.20269,-2.201431,37.9693069309148,Vw8
13453.31000000032,-0.2973000072912371,1.7378999821261445,12.177499986019393,0.19979999912217028,0.08829999875400682,-0.14399999916667,52.20269,-2.201431,37.95000000051223,Vw8
13453.41000000032,-2.5748000003944154,-3.8451999767858536,7.810500003791764,-0.07439999953035148,-0.30089999859937816,0.11629999916058732,52.20269,-2.201431,38.11000000003202,Vw8
13453.51000000032,-2.6979999954539817,3.4059999879367244,8.99490000678061,0.07230000015462866,0.136599999049498,-0.14589999889006722,52.20269,-2.201431,38.12000000054424,Vw8
13453.61000000032,-1.2779999988778856,-0.36209998955010797,11.112899992438825,0.12059999968244488,-0.1602999985862006,0.20079999880124558,52.20269,-2.201431,38.29000000009701,Vw8
13453.710000000321,-0.9361653481894149,2.835235632619523,8.78956832159487,0.02303465366866301,0.273478216725586,-0.16856237580910494,52.20269,-2.201431,38.32059405959625,Vw8
13453.810000000321,-1.4527000019523724,-0.5812000104927131,10.276399998301978,0.08649999974758248,-0.06869999805889637,-0.034800000970712786,52.20269,-2.201431,38.38000000016098,Vw8
13453.910000000322,-2.0590999947169397,-3.8401999901306034,9.74900000075854,0.008100000165809978,0.5341999992111952,-0.3362999993535021,52.20269,-2.201431,38.43000000025757,Vw8
13454.010000000322,-0.4182000010734184,-0.7748000054846078,9.984599999698,0.059599999961042704,0.2892000001194476,-0.13550000024147085,52.20269,-2.201431,38.510000000289764,Vw8
13454.110000000323,-0.7515999984948318,-2.4782999828822927,9.890800000871227,0.04749999980102802,0.326299999676751,-0.21049999994075916,52.20269,-2.201431,38.59999999961365,Vw8
13454.210000000323,-0.2840999970251476,2.8383999922433403,10.161400000635787,-0.0142999995509595,0.22590000033359162,-0.19209999998201222,52.20269,-2.201431,38.48000000075221,Vw8
13454.310000000323,0.6210039589394206,0.5012604072364196,10.34898910670431,0.12191386103425336,0.32915643605062217,-0.18705049519545552,52.20269,-2.201431,38.71049504966533,Vw8
13454.410000000324,0.17140000000194267,3.9572999790682633,9.6679000011941,0.013300000075116985,0.4547999990435535,-0.2320999997620216,52.20269,-2.201431,38.75999999990287,Vw8
13454.510000000324,0.17199999459870013,-2.5074999847266444,10.03669999613698,0.03649999946414391,0.15940000056046336,-0.15860000010911388,52.20269,-2.201431,38.72999999983811,Vw8
13454.610000000324,-1.4961999996373008,2.209699988135585,8.843600003703521,-0.12899999935440207,0.33249999889097137,-0.19229999927198532,52.20269,-2.201431,38.6800000006214,Vw8
13454.710000000325,-1.3872009907149234,-1.4083039572545593,9.98062277377499,0.06700495004305873,-0.005249504512939743,0.02937326702647478,52.20269,-2.201431,38.8687128708701,Vw8
13454.810000000325,-1.5772999946897746,-0.4387000014888759,10.44290000145796,-0.07249999904918483,0.12979999905740705,-0.06329999956718341,52.20269,-2.201431,38.74000000026311,Vw8
13454.910000000325,0.023033658718403946,-0.8808950460824669,10.875164352840262,0.21472277166563214,-0.15501782120154953,0.06786633649237706,52.20269,-2.201431,38.819900990066756,Vw8
13455.010000000326,-1.40360000168699,0.1696000008501038,9.771599998084445,0.02699999989812939,0.02319999961379433,0.024500000296585323,52.20269,-2.201431,38.80999999987105,Vw8
13455.110000000326,-1.9217188135671521,0.4306891097604777,9.183283166402443,-0.0042871288146799184,-0.09541386177210931,0.11558910920729595,52.20269,-2.201431,38.770396039475095,Vw8
13455.210000000327,-1.2883000001882654,0.20630000394047676,9.44609999741045,0.09659999967454642,-0.0386999999548163,-0.05700000014897524,52.20269000000042,-2.2014309999951998,38.61999999963984,Vw8
13455.310000000327,-1.345800000502587,1.4097999902527634,8.655200006067385,-0.0027999999276406016,-0.02490000032905518,-0.10249999906653101,52.20282,-2.199965,38.50999999954161,Vw8
13455.410000000327,-1.4992999962536822,-1.56719999471318,10.508299999730207,0.019299999494793885,-0.1253999994627069,0.18259999978390407,52.20282,-2.199965,38.36999999967258,Vw8
13455.510000000328,-0.35510000319101676,0.04750000056839781,10.425899999686662,-0.13499999966112228,0.03869999983661837,0.11659999949021002,52.20282,-2.199965,38.26999999954162,Vw8
13455.610000000328,-1.329699998883177,0.2211000004089452,10.330199999022328,-0.03150000034608092,-0.011200000234431354,-0.039099999963656595,52.20282,-2.199965,38.129999999345166,Vw8
13455.710000000328,-0.9886000026485294,0.3459999955024219,10.0315999985324,-0.13719999981908587,-0.08280000008014761,-0.027999999417350135,52.20282,-2.199965,37.92999999913533,Vw8
13455.810000000329,-1.7895475262505898,-1.0052891085449245,9.589143563975464,-0.08164851447214543,-0.10513564298311534,0.1462227719552945,52.20282,-2.199965,37.66920792053114,Vw8
13455.91000000033,-2.2442999995950386,-0.8941999978540327,9.473500004376218,0.03349999989958269,0.07130000006025039,0.04849999929049409,52.20282,-2.199965,37.58999999924276,Vw8
13456.01000000033,-2.1212999955303573,-0.24240000085900948,10.80269999757462,0.0030000000056535662,0.08959999917457935,-0.1669999993242326,52.20282,-2.199965,37.359999999068826,Vw8
13456.11000000033,-0.7855386165756238,-0.5147544600758299,10.071102969540265,0.003454455035195916,-0.15741782139270583,0.036435643641989965,52.20282,-2.199965,37.07722772185894,Vw8
13456.21000000033,-1.609400000940396,-1.9201999864447288,9.841399998923576,-0.12109999930838782,-0.03920000048281742,0.06000000014520578,52.20282,-2.199965,36.799999999311666,Vw8
13456.31000000033,-1.8934594068804274,2.174354468992704,9.516251484072734,0.08781089178030722,-0.18504158464094433,0.10386138628373276,52.20282,-2.199965,36.59207920723287,Vw8
13456.410000000331,-3.123699994659072,0.2654000020763837,9.548500001053421,-0.106699999639811,-0.1369000001936678,0.10409999993047822,52.20282,-2.199965,36.319999999039936,Vw8
13456.510000000331,-1.510400004020676,0.8925999896230474,9.866700000052306,0.002100000264513801,-0.19539999950805068,0.08310000011686279,52.20282,-2.199965,36.02999999917236,Vw8
13456.610000000332,-2.7248999989293647,-2.2418999957184518,9.882499998368555,0.08199999960505011,-0.04680000043070395,0.11840000021452433,52.20282,-2.199965,35.77999999903994,Vw8
13456.710000000332,-2.4014999982990086,-0.9486000001904046,9.389700005545699,-0.03729999989081698,-0.17689999993908387,0.18319999956027205,52.20282,-2.199965,35.48999999863521,Vw8
13456.810000000332,-1.8904999987433968,-1.0057999871660022,11.05569999983456,-0.004500000812548023,-0.1586000004164267,0.05110000072533476,52.20282,-2.199965,35.079999998968084,Vw8
13456.910000000333,-1.5129999986627836,2.8496999972734507,11.00600000116809,-0.24859999877172465,-0.2836999995901266,0.2689999994583215,52.20282,-2.199965,34.76999999852056,Vw8
13457.010000000333,-1.1025574214983647,2.0388049504966985,11.334301973836983,0.11478316767838648,-0.16400396113011967,0.10765742566177927,52.20282,-2.199965,34.326039602641295,Vw8
13457.110000000333,0.17169998446239076,2.039299982415209,9.424499997568347,-0.07690000001631088,-0.384399999906795,0.08340000082320002,52.20282,-2.199965,33.929999998968086,Vw8
13457.210000000334,-4.495999993293067,-3.243400000733649,8.694000009037074,-0.08180000029720831,-0.35639999950030177,0.3307000004270696,52.20282,-2.199965,33.619999997757546,Vw8
13457.310000000334,-2.49210000526775,-3.4625999909615874,11.394099986307666,-0.17060000067775546,-0.20709999967501208,0.4582999980627908,52.20282,-2.199965,32.94999999805878,Vw8
13457.410000000335,-4.065999993503923,-0.762099995425067,7.303100010988006,-0.373099998146799,-0.11000000106600055,-0.12049999937679967,52.20282,-2.199965,32.36999999859428,Vw8
13457.510000000335,-2.1251000009916985,0.6047999964355084,10.586099991032208,0.18059999924995065,-0.42849999950565687,0.06570000041569,52.20282,-2.199965,31.949999998627753,Vw8
13457.610000000335,-2.4213999972548397,-0.46020000259689114,7.906700005233611,-0.04349999944742012,-0.2807999990839424,0.18989999930450577,52.20282,-2.199965,31.53999999832653,Vw8
13457.710000000336,-1.601200000376558,-1.236099998789226,9.470400007998915,0.12160000005922629,-0.007100000239260771,-0.01790000022916538,52.20282,-2.199965,31.03999999851934,Vw8
13457.810000000336,-1.7130999990395919,-0.8763000184553846,11.847400002077295,0.1392000001342687,-0.07820000042400643,-0.08599999940470843,52.20282,-2.199965,30.59999999740885,Vw8
13457.910000000336,-1.427699998464491,-6.360599974560287,12.464699992053244,0.17909999959349227,-0.20419999938922884,0.09089999895142536,52.20282,-2.199965,29.82999999902411,Vw8
13458.010000000337,-0.9713999979652859,1.199199981963241,10.103200000849439,0.05830000031781787,-0.022700001288607004,-0.22069999936504409,52.20282,-2.199965,29.53999999779057,Vw8
13458.110000000337,-0.38931089664880736,-4.0933138567439435,10.356515842734371,0.15082772244488313,-0.4002386133356219,-0.032951484829122246,52.20282,-2.199965,28.88534653308651,Vw8
13458.210000000337,-2.0403999978045633,-2.7146999967530276,10.698099997796106,0.05360000024359906,-0.24410000136110976,0.061899999906958686,52.20282,-2.199965,28.419999997158012,Vw8
13458.310000000338,-1.3915000050871604,-1.7550000036370692,10.04669999632436,0.12559999934329752,-0.6463999990587602,0.034399999944513544,52.20282,-2.199965,27.579999997124176,Vw8
13458.410000000338,-2.8951000070041495,-2.830000005890699,8.960300001709253,-0.06849999998815838,-0.3682000009957112,0.01800000030179217,52.20282,-2.199965,26.729999997902343,Vw8
13458.510000000339,-4.965299997577205,-4.57110000430832,9.465500008744868,-0.06500000020773587,-0.6624999996521946,0.10719999958452828,52.20282,-2.199965,26.109999997225678,Vw8
13458.610000000339,-4.249200008508196,-5.844499997580414,12.050199989947096,-0.12640000022657993,-0.5597000005245855,-0.015599999631935762,52.20282,-2.199965,25.289999996855904,Vw8
13458.71000000034,-6.725683163876153,-5.125490095282519,9.12719901619765,-0.19049009826174312,-0.712812871156067,0.09206039602619612,52.20282,-2.199965,24.36346534432236,Vw8
13458.81000000034,-5.413999998197199,-4.024499992778594,10.98709999389633,0.03049999937514258,-0.6741000001989884,0.08809999982312147,52.20282,-2.199965,23.709999996428415,Vw8
13458.91000000034,-4.883999999790808,-1.901500004471285,9.192700006488382,-0.15319999959283923,-0.7326000005626098,0.036100000081296095,52.20282,-2.199965,22.659999997040686,Vw8
13459.01000000034,-4.82250000858235,-3.215999998294143,11.100199993127928,-0.03350000024014662,-0.8980000002258604,0.06000000018062019,52.20282,-2.199965,21.789999996768564,Vw8
13459.11000000034,-7.345599992935743,-2.7145000004823343,9.079900004439311,-0.10409999945167656,-0.9643999992166322,0.11309999960712558,52.20282,-2.199965,20.83999999778902,Vw8
13459.210000000341,-5.268800003309243,-2.856299993488207,10.384999997423598,0.05709999979345012,-0.734100000398737,-0.0024000001190055626,52.20282,-2.199965,20.189999997366833,Vw8
13459.310000000341,-6.2364999932666105,-0.9520999981099317,9.631600000949652,-0.0032999994928584785,-0.850699999316402,-0.03720000040728628,52.20282,-2.199965,19.41999999900829,Vw8
13459.410000000342,-4.267499996572355,-0.3993999987979236,9.90930000182315,0.14499999962176044,-0.6508000004400706,-0.15629999927046398,52.20282,-2.199965,19.12999999827288,Vw8
13459.510000000342,-3.2583128655088918,-0.04897128629768477,10.435906930284839,0.03584554467268977,-0.7754514842080608,0.052673266564815746,52.20282,-2.199965,18.626336632409878,Vw8
13459.610000000343,-1.5696000111451447,0.1938999941037531,10.31660000136959,0.07039999991963705,-0.5006000006880437,-0.1699999993307647,52.20282,-2.199965,18.259999998597923,Vw8
13459.710000000343,-4.828699993005957,-1.530299995944665,10.717100000346884,0.04690000001065746,-0.7017999986901639,0.02569999947915967,52.20282,-2.199965,17.849999999243664,Vw8
13459.810000000343,-2.7942999937653865,-0.350699996037488,10.817999995203111,0.04999999991783443,-0.3208000003513523,-0.12579999977894368,52.20282,-2.199965,17.62999999927804,Vw8
13459.910000000344,-0.980800000860167,0.8018999930822014,9.422700003018745,0.026100000198286382,-0.4229999994204204,-0.061500000195161025,52.20282,-2.199965,17.419999999618014,Vw8
13460.010000000344,-1.2188722739159101,-1.1783900949474473,10.2866613843022,0.08268712853645017,-0.25624950500192284,-0.1176554455292283,52.20282,-2.199965,17.30831683110418,Vw8
13460.110000000344,-0.2561000011334619,0.0025999988630654777,9.75280000324134,0.031399999995485595,-0.27120000011424905,-0.11319999992985315,52.20282,-2.199965,17.13999999982637,Vw8
13460.210000000345,-0.5746495211089845,-0.3186104740612993,10.675280948624833,0.030363809614559176,-0.30380476180320093,-0.09025809429488856,52.20282,-2.199965,17.089619047488,Vw8
13460.310000000345,0.2103980979447545,0.3003419068959068,9.58337618671156,0.05674476199571721,-0.27428095227916127,0.18393238189772512,52.20282,-2.199965,17.051523809392467,Vw8
13460.410000000345,-2.977899990866618,-1.538599994963109,7.88130001152499,-0.14919999905026926,-0.3551999988992386,0.19759999938654582,52.20282,-2.199965,16.970000000138242,Vw8
13460.510000000346,-0.33519998774370396,-0.08120001179940227,11.215999996761306,0.12559999817691786,-0.03670000166928658,0.02010000148645995,52.20282,-2.199965,17.009999999792637,Vw8
13460.610000000346,3.211099996803817,-3.495299987453739,10.278900007390135,-0.4019000001081753,-0.5196999983528324,0.4501999982864756,52.20282,-2.199965,16.949999999792634,Vw8
13460.710000000347,2.2862999941660065,0.13489998997152033,12.417200009611566,-0.4331999983674406,-0.04310000127436215,-0.04559999967376607,52.20282,-2.199965,16.889999999409376,Vw8
13460.810000000347,0.6070999927036825,-2.7515999911269255,15.18369998799938,0.03669999971223221,-0.40989999881453704,0.04830000031408803,52.20282,-2.199965,16.719999999754343,Vw8
13460.910000000347,-1.4464919911327287,-0.2555250112370449,11.773168003152282,-0.03779499739105888,-0.07070899951645075,0.13457299887820748,52.20282,-2.199965,16.64789999926998,Vw8
13461.010000000348,1.0940940647225392,-3.4433445501603828,12.687746540509742,0.7023613851518405,0.06783069335807668,-0.1846118810879615,52.20282,-2.199965,16.439009900645917,Vw8
13461.110000000348,2.623499988549849,-2.207799985387569,14.372399980317567,0.4184999979904824,0.1508999999652573,-0.15579999863391714,52.20282,-2.199965,16.339999999339888,Vw8
13461.210000000348,-0.6721999813670293,1.9980999941127608,8.70720001571537,-0.15989999863305127,0.14090000115740112,0.23739999785982072,52.20282,-2.199965,16.149999999511053,Vw8
13461.310000000349,4.6629999756907345,0.3123999925320735,13.206999987883611,0.23149999813886826,0.47229999804946127,-0.3753999981842702,52.20282,-2.199965,16.009999999057037,Vw8
13461.41000000035,-2.2974999919037797,-1.8258999934963418,9.737699993245235,-0.3013999991520308,-0.0861999974889215,0.14449999897845553,52.20282,-2.199965,15.73999999916181,Vw8
13461.51000000035,0.020699982334440575,0.036299998305807823,7.803600005880604,-0.058600000144238586,0.6327999966570177,-0.14799999807146377,52.20282,-2.199965,15.499999999441206,Vw8
13461.61000000035,-5.037499970571617,-0.44879999575966006,9.487400000786332,-0.09989999985359892,-0.3243999977358984,0.4041999979913065,52.20282,-2.199965,15.339999999647226,Vw8
13461.71000000035,3.319137628877671,0.7578049521043051,9.72317624212352,-0.05785247505618561,0.3107782155077204,-0.1601009883170993,52.20282,-2.199965,15.239009900644097,Vw8
13461.81000000035,4.7828999997974355,1.2183000027913173,11.01079999627836,-0.0030999996506903696,-0.351399998400197,0.3497999990735396,52.20282,-2.199965,15.139999999754256,Vw8
13461.910000000351,4.7251999944187695,2.0133999936106175,9.950699996920457,0.09639999971388206,0.10429999863435734,0.08590000107917367,52.20282,-2.199965,15.06999999989468,Vw8
13462.010000000351,3.1353999774865557,0.193399998648751,9.073500000129542,0.014900000103915227,-0.2846999993761576,0.39329999925504017,52.20282,-2.199965,15.04000000049149,Vw8
13462.110000000352,-3.277499995060165,-0.19149999298256262,9.110399995484252,0.04449999957696673,-0.1070000007863855,0.18110000078498126,52.20282,-2.199965,15.180000000772342,Vw8
13462.210000000352,-1.8704000008807984,1.8073999941167187,7.824100010724496,-0.07599999923777068,-0.3309999994025675,0.4046999992769408,52.20282,-2.199965,15.400000000846921,Vw8
13462.310000000352,-2.119999988415526,0.1401999993404599,10.86320000618535,0.1399999986816256,-0.16170000066271606,0.1997999998860185,52.20282,-2.199965,15.640000000846921,Vw8
13462.410000000353,1.1627999881194564,-0.04669999768684575,12.615999988253199,-0.23359999996577027,-0.34949999938986365,0.16750000100607212,52.20282,-2.199965,15.880000001058653,Vw8
13462.510000000353,-2.2038999949997415,0.6087999995212897,9.287200008001555,-0.22389999883619588,-0.17660000084371344,0.45259999981642907,52.20282,-2.199965,16.180000000962412,Vw8
13462.610000000353,-0.8362732797464156,0.4748643565642978,11.516773261950172,0.10095742516258119,-0.4134782178847109,0.39814059301443955,52.20282,-2.199965,16.452871288142564,Vw8
13462.710000000354,-4.353599996811615,0.5112999918661959,9.994099997108275,-0.06329999961305134,-0.4312999994382079,0.10220000000967372,52.20282,-2.199965,16.740000001146512,Vw8
13462.810000000354,-3.502098033429477,-1.755708909758568,9.195635646629155,0.04438613850247165,-0.28034257633096143,0.1061029707239651,52.20282,-2.199965,17.06316831795612,Vw8
13462.910000000355,-7.341899977166353,-1.4365999949199446,10.059199999188085,0.012999999704887159,-0.8645999985212435,0.22639999970772479,52.20282,-2.199965,17.38000000124146,Vw8
13463.010000000355,-0.9045000096837448,-0.004399996459355317,9.830299998645389,-0.07019999960698915,-0.44770000113363057,0.14400000025077497,52.20282,-2.199965,17.73000000106411,Vw8
13463.110000000355,-3.6345999765498793,0.9937999896221016,9.448400005453202,0.04060000005356014,-0.7672999997722807,0.21469999941474016,52.20282,-2.199965,18.030000001418813,Vw8
13463.210000000356,2.976599976209292,-1.9320000013515746,10.985799999139356,0.0556999998634521,-0.7030999995154866,0.049700000703417756,52.20282,-2.199965,18.430000000962607,Vw8
13463.310000000356,-3.6963999947819453,-2.311099994964841,10.744399999053078,0.017399999838139047,-0.5671999981264774,0.24699999844092962,52.20282,-2.199965,18.70000000181826,Vw8
13463.410000000356,-2.232800004792159,-0.8988000024564001,10.478800001061643,-0.027999999366903495,-0.041700000335994906,-0.1902999995149141,52.20282,-2.199965,19.210000001908654,Vw8
13463.510000000357,-3.5404366254362016,-1.5753831663488673,10.764611877981876,0.1455841576254065,-0.1287663344099908,-0.059545545961910216,52.20282,-2.199965,19.744950496815445,Vw8
13463.610000000357,-1.2340999818943907,-1.0236999973321466,9.865800000386827,-0.07599999968982593,0.49459999878782546,-0.4540999987036863,52.20282,-2.199965,20.240000001283477,Vw8
13463.710000000357,3.844299986979683,-0.275399999088739,9.974299999741994,0.010999999711893907,0.15460000090266074,-0.09050000015910337,52.20282,-2.199965,20.600000001720037,Vw8
13463.810000000358,0.21080001591822,-0.0211000033615961,9.902299997152623,-0.06940000015444493,0.4064999996208753,-0.1349000008557181,52.20282,-2.199965,21.08000000053751,Vw8
13463.910000000358,4.652999963061143,-0.9592000013606204,9.10770000141473,-0.11249999918835783,0.30070000058266233,-0.37370000009066023,52.20282,-2.199965,21.230000001182525,Vw8
13464.010000000359,-5.655299987479569,-1.338899994732747,9.502499996651304,0.11400000001505033,0.4632999996198003,-0.3989999993815036,52.20282,-2.199965,21.560000001469195,Vw8
13464.110000000359,-2.161299995738639,0.13100000075287788,8.568000001073212,0.11819999969993474,0.35720000019292497,-0.22640000107212704,52.20282,-2.199965,21.97000000148404,Vw8
13464.21000000036,-0.9085851214743264,0.34919307296172736,8.869138615524593,0.03533960397459632,0.41053366337840685,-0.5195603949497325,52.20281742574166,-2.19995913861176,22.38267326828525,Vw8
13464.31000000036,6.632899976386477,1.3684999983245363,9.33299999702652,0.03929999891771949,0.4138999989969547,-0.21559999987106276,52.20256,-2.199373,22.65000000104446,Vw8
13464.41000000036,0.07650001238229742,0.9032999980083157,8.507400007349064,-0.2611999993517122,0.1354000008809511,-0.17979999935351296,52.20256,-2.199373,22.940000000972432,Vw8
13464.51000000036,3.5145000053501754,0.35029999971295256,10.547900007987266,-0.08120000111865665,0.3799999971896723,-0.00029999815814226165,52.20256,-2.199373,23.21000000118853,Vw8
13464.61000000036,5.000000000139022,0.2706000070076312,12.765599988023961,-0.3917999993034507,-0.40029999763266894,0.5110999975051723,52.20256,-2.199373,23.540000001008448,Vw8
13464.710000000361,5.038599979158703,2.21629999063633,9.440400006050478,-0.19839999943676084,0.2569999988076415,-0.18159999906102678,52.20256,-2.199373,23.82000000068776,Vw8
13464.810000000361,-0.7189999897208854,-0.3704999987891806,11.11189999096899,-0.042800000334830474,-0.0723999987946103,0.07779999931404999,52.20256,-2.199373,24.01000000123073,Vw8
13464.910000000362,2.120699995588201,-0.03599999875406865,8.617000006960131,-0.13529999994425526,0.2605999988134332,-0.111700000068414,52.20256,-2.199373,24.35000000057917,Vw8
13465.010000000362,0.9018999927586123,0.3082000093817689,10.539799991310696,-0.11990000006949995,-0.06719999900093826,-0.13059999849525375,52.20256,-2.199373,24.51000000101354,Vw8
13465.110000000363,-1.0985999901661194,2.899999993582838,8.13930001109212,-0.1391000000673281,0.2088000000499531,0.2850999994718728,52.20256,-2.199373,24.790000001303124,Vw8
13465.210000000363,1.6181000006735773,1.1271999914000386,11.203599999849336,-0.15769999991474637,0.22260000050233505,0.13919999864292365,52.20256,-2.199373,25.149999999522283,Vw8
13465.310000000363,1.8029188124340294,-1.219262378480704,11.138225733702125,-0.13508811902595408,0.3607970302478831,-0.22996435638626986,52.20256,-2.199373,25.021782178866527,Vw8
13465.410000000364,1.9548000124077127,-1.8354999948917632,8.700800005285357,-0.1938999998103841,0.510500000683499,-0.21639999986660746,52.20256,-2.199373,25.19999999974277,Vw8
13465.510000000364,5.283084140865468,-0.4533346563535286,10.158111888108367,-0.14243465351435985,0.6884297000327413,-0.17753069213408953,52.20256,-2.199373,25.124356433589327,Vw8
13465.610000000364,0.46150001645239536,-1.2467999959185514,12.0592999910513,-0.155899999488864,-0.11859999891442712,0.07939999993815436,52.20256,-2.199373,24.559999997671692,Vw8
13465.710000000365,4.983899996069985,-0.12489999198275327,9.59949999854777,-0.015399999927973477,0.17979999686812587,0.06240000127271232,52.20256,-2.199373,23.91999999868378,Vw8
13465.810000000365,3.9089999671328712,2.0678999891872465,9.202300005947489,0.004300000786807505,-0.6767999988212512,0.4104999997210343,52.20256,-2.199373,23.559999998098792,Vw8
13465.910000000365,-5.0804999788075165,-0.8894999896253443,10.828999990279023,0.21949999898624414,-0.3543999993681106,0.3341999993806672,52.20256,-2.199373,23.039999998744346,Vw8
13466.010000000366,0.623417809168081,1.9353277284891321,8.212462381967155,-0.052991088374021195,-0.1838287130646982,0.16535940552334769,52.20256,-2.199373,22.695247523013947,Vw8
13466.110000000366,-2.8247999775577055,3.4980999870823903,9.77869999735074,0.14789999882271368,-0.2366999994585214,0.051299999734196536,52.20256,-2.199373,22.219999998354723,Vw8
13466.210000000367,3.3133999905381595,-0.03500000198378621,9.054100008488136,-0.17409999896052397,-0.0886000001168446,-0.021399998840739863,52.20256,-2.199373,21.769999998346538,Vw8
13466.310000000367,0.7383000101265322,-0.5748999935882442,11.36419999573554,0.10879999914277214,-0.12039999862652476,0.2940999984835922,52.20256,-2.199373,21.31999999731772,Vw8
13466.410000000367,3.4942999914471953,1.1700999955881977,10.203600001391479,-0.124499999329797,0.2533999979125969,-0.11859999872756961,52.20256,-2.199373,20.589999998493514,Vw8
13466.510000000368,1.1666000142458557,-0.030599988275489157,10.582299993563993,0.05790000035200355,-0.3146999975521423,0.22769999913248395,52.20256,-2.199373,20.179999998089333,Vw8
13466.610000000368,5.04369997130994,3.160299989483169,8.830700009653913,0.15370000020635793,0.35149999782767466,-0.008399999163062765,52.20256,-2.199373,19.65999999866387,Vw8
13466.710000000368,-2.6489346396911375,0.3445386204197878,11.421664352709255,0.20579900861384418,-0.23090593953005276,0.2142425732068875,52.20256,-2.199373,19.294356433568698,Vw8
13466.810000000369,1.0975999858294758,2.128399990296721,10.408099998497502,-0.14429999999630747,0.05849999894208486,-0.07149999835718517,52.20256,-2.199373,18.729999998744535,Vw8
13466.91000000037,-2.739999985415172,-0.49939999349040626,10.001199998522242,-0.14330000035189988,-0.22799999831656714,0.37339999916474553,52.20256,-2.199373,18.38999999852298,Vw8
13467.01000000037,1.2097999894688516,1.263500008824083,9.600999989745056,-0.23860000008382085,0.22789999903181377,0.14719999931097044,52.20256,-2.199373,17.989999998559906,Vw8
13467.11000000037,-1.6421999875022004,3.653199994999551,6.8238000121459,-0.26129999940513043,-0.03430000046083005,-0.03940000001033913,52.20256,-2.199373,17.599999998079877,Vw8
13467.21000000037,1.7423999848854204,2.2989999957118705,10.113099995014622,-0.1002000003773821,-0.15909999983116138,-0.04219999870940519,52.20256,-2.199373,17.079999999035206,Vw8
13467.31000000037,-2.330799989566517,1.1434000022739406,8.769600001662782,-0.20189999924968868,-0.1135999993305828,0.30559999906006996,52.20256,-2.199373,16.819999999925784,Vw8
13467.410000000371,0.4808999825524792,1.7561999985390824,9.217700002874338,0.00029999986010516294,0.06679999886562728,0.05229999973542435,52.20256,-2.199373,16.799999999777356,Vw8
13467.510000000371,-4.220999975128405,1.362499996893741,9.992300004980182,-0.037400000247506254,-0.23889999797987402,-0.019000001270556822,52.20256,-2.199373,16.740000000482393,Vw8
13467.610000000372,2.4815999976318066,0.5254000008197021,11.334399992992271,-0.1040999998100102,0.3054999985186732,-0.36139999753273006,52.20256,-2.199373,16.870000000408183,Vw8
13467.710000000372,1.8433999945084072,0.7463000047472985,9.445899998473378,-0.052900000350146366,-0.09369999892569576,0.3034999992199082,52.20256,-2.199373,16.980000000335604,Vw8
13467.810000000372,0.37069999717645546,2.0194000017951064,9.036499993064567,-0.14680000045418348,0.19440000007383276,0.09429999956595274,52.20256,-2.199373,17.070000000857654,Vw8
13467.910000000373,-0.38649999037339877,2.5007999997397206,7.176600007889666,-0.2685999989682056,0.21419999750571989,-0.022099998951798264,52.20256,-2.199373,17.300000000820365,Vw8
13468.010000000373,2.195099996721933,2.4309999984888426,9.292400000125427,0.008099999781914195,-0.45469999888584145,0.2589999992184317,52.20256,-2.199373,17.52000000112998,Vw8
13468.110000000373,1.3183613837363095,2.045985154553675,9.334891092538188,-0.048189108309853214,-0.16243069438664012,0.053268317491457995,52.20256,-2.199373,17.82247524844829,Vw8
13468.210000000374,0.6744999837942705,3.664499985594,10.254000006083317,0.1128999994012031,-0.5154999993095656,0.23010000005787629,52.20256,-2.199373,18.070000001113005,Vw8
13468.310000000374,-3.6503515013456767,-0.18005446984392837,11.877465352614754,-0.046901980796500126,-0.3312425735673564,0.24554554461230113,52.20256,-2.199373,18.367029704082714,Vw8
13468.410000000375,-2.126700002715162,1.434099998350144,9.990400003422243,0.1982999998032763,-0.5398999995548424,0.3809999988646232,52.20256,-2.199373,18.450000001536317,Vw8
13468.510000000375,-2.8512999838720288,0.9938000063727239,10.903699993170504,0.14579999897703674,-0.42109999878705784,0.0779999998666026,52.20256,-2.199373,18.860000002023444,Vw8
13468.610000000375,1.4527999811811398,2.6944999963785428,9.081100004835674,-0.12719999955980824,-0.09740000046782203,0.0424000006941631,52.20256,-2.199373,19.400000000756993,Vw8
13468.710000000376,-3.4952178127905897,1.7450485176066486,10.354282176561458,-0.011090099081174419,-0.2172148500659906,0.22304752372049538,52.20256,-2.199373,19.603564357772022,Vw8
13468.810000000376,-1.0969999974230231,2.4799000038443797,9.912499999063568,-0.030100000048949003,0.16129999899089745,-0.0522000001540011,52.20256,-2.199373,19.960000000753062,Vw8
13468.910000000376,-0.41259999030659095,3.5009000019342387,9.663799997963345,-0.043099999829808076,-0.1066999983229318,-0.09310000061412174,52.20256,-2.199373,20.16000000097898,Vw8
13469.010000000377,2.161799989585911,4.014599999546657,9.122899999623092,0.002099999981926521,0.33869999907411075,-0.25619999905076585,52.20256,-2.199373,20.420000001129594,Vw8
13469.110000000377,-0.6040000049995761,3.894199992611713,9.022800002672616,-0.0027000000263571566,0.09280000059416561,-0.004100000516223736,52.20256,-2.199373,20.72000000086602,Vw8
13469.210000000377,-1.93179999820246,1.9319999989360803,9.73260000240025,-0.00969999994211248,0.2505999994529062,-0.14119999964775634,52.20256,-2.199373,20.950000000718862,Vw8
13469.310000000378,-1.4566999894970099,1.6508000062106118,10.366999995706488,0.005599999533494701,0.10600000021452433,-0.04810000006885966,52.20256,-2.199373,21.140000001021544,Vw8
13469.410000000378,1.3192999964204326,3.292299999053747,9.232199997913023,-0.11769999979758286,0.16269999916536035,-0.06629999927016324,52.20256,-2.199373,21.41000000174041,Vw8
13469.510000000379,0.3732000031508971,3.0422000012156376,8.680600003197812,-0.06419999984487658,-0.057899998732528185,0.12659999933788785,52.20256,-2.199373,21.870000000945875,Vw8
13469.610000000379,1.2059999884868158,3.3634999921431885,9.525800004009751,-0.02319999986682087,0.2770999986050243,-0.048399999394261976,52.20256,-2.199373,22.12000000128639,Vw8
13469.71000000038,-1.8370000022715085,1.2869000004858557,10.585599998125007,0.01199999983386624,-0.0915999990974793,0.11169999926893542,52.20256,-2.199373,22.46000000072232,Vw8
13469.81000000038,-2.434499997373414,1.4146999992784397,10.092399998997495,-0.03169999960842615,0.14579999916895106,-0.08059999953011139,52.20256,-2.199373,22.65000000121654,Vw8
13469.91000000038,-1.74359999237896,1.2249000001532195,9.82869999913598,0.07129999987174104,-0.07279999949464433,0.04299999958680645,52.20256,-2.199373,22.97000000138243,Vw8
13470.01000000038,0.25659406533740453,1.2764227766981455,9.598691087203687,0.03782376234723936,0.0579039600552158,-0.06340792033865175,52.20256,-2.199373,23.331386139141102,Vw8
13470.11000000038,1.815999993789943,2.4386999947460675,9.097800004427445,0.03020000001292574,-0.03170000007147173,0.05580000022315908,52.20256,-2.199373,23.470000000152066,Vw8
13470.210000000381,0.1825000060208913,1.0567000056667886,10.26239999792657,0.033599999833453326,-0.05049999947591278,0.11449999983001545,52.20256,-2.199373,23.510000000496586,Vw8
13470.310000000381,1.7586999906508491,2.540199995531507,9.719600000349137,-0.009999999842621036,0.08669999956949978,0.07000000031437595,52.20256,-2.199373,23.64,Vw8
13470.410000000382,-0.6887999952023879,1.3704000030809822,9.81099999865494,0.031199999901223362,-0.025999999242583834,0.1522999995335119,52.20256,-2.199373,23.640000000424433,Vw8
13470.510000000382,0.5307593968290556,2.150740587119137,9.467018813646433,0.005914851605480308,0.1689099004588228,0.032424752866893454,52.20256,-2.199373,23.750396039755323,Vw8
13470.610000000383,-1.8532999946421391,0.33480000114210484,9.92890000102558,0.03739999991434214,0.0299000009279602,0.13489999921248783,52.20256,-2.199373,23.78999999976849,Vw8
13470.710000000383,-0.46597524801215706,0.6334108920870016,10.189140591934578,0.014856435512252722,0.26926930649853775,-0.06871881169727614,52.20256,-2.199373,23.72910891055051,Vw8
13470.810000000383,-0.5934999994150785,0.8945000043354812,9.633200000279029,-0.019499999950872735,0.15620000056956923,-0.020600000079448,52.20256,-2.199373,23.640000000460567,Vw8
13470.910000000384,-0.44109999766645486,2.024099999516403,9.705899998953743,-0.006700000029936928,0.3045999998015719,-0.04130000004644062,52.20256,-2.199373,23.75999999996162,Vw8
13471.010000000384,0.16689999810015652,1.898099995320628,9.43330000078258,-0.014500000031472155,0.25289999999194007,-0.05340000009978976,52.20256,-2.199373,23.74999999996162,Vw8
13471.110000000384,-0.3280999955820003,0.6789000001872977,9.637199998780646,-0.022700000033774998,0.25080000016465315,-0.07939999990481592,52.20256,-2.199373,23.73999999969295,Vw8
13471.210000000385,0.8230000016716876,0.7276999955240419,9.319500001394422,-0.03149999942156137,0.29369999899235993,-0.05459999949714402,52.20256,-2.199373,23.659999999035936,Vw8
13471.310000000385,1.25649999896738,-0.4329999987457425,9.681099999372872,0.1184999997881006,0.03240000044678054,0.07579999981770419,52.20256,-2.199373,23.409999999337813,Vw8
13471.410000000385,0.9921396042457529,-0.11530396205661023,9.526548517339476,0.06430594067351621,0.14741485160662574,0.02805544518012281,52.20256,-2.199373,23.237623761459428,Vw8
13471.510000000386,1.0661000048041256,-0.5456999996213154,10.171399998446313,0.08489999967646,0.1789000005256079,-0.06640000026261114,52.20256,-2.199373,22.99999999892025,Vw8
13471.610000000386,2.311899993237527,-0.44750000273210006,9.768500004010118,0.0010000001620407207,0.3151999993946844,-0.13449999934833143,52.20256,-2.199373,22.719999999182004,Vw8
13471.710000000387,0.6104802114008745,-1.1305257354846996,10.785340589174877,0.04214356418032366,0.16247227825879923,0.03135148458961717,52.20256,-2.199373,22.506138612371505,Vw8
13471.810000000387,4.078499995955852,0.7068999969705695,9.519400001142186,-0.00349999978186861,0.4296999997814812,-0.11349999938202564,52.20256,-2.199373,22.1199999986052,Vw8
13471.910000000387,3.034700001269269,-0.07500000041262865,9.81420000325221,0.052799999841922546,0.37330000030569394,0.045999999843472326,52.20256,-2.199373,21.7599999986052,Vw8
13472.010000000388,3.362299998299505,-0.18149999892987762,10.653599997789241,0.011999999733050572,0.45220000035644914,0.005599999843859768,52.20256,-2.199373,21.399999997830307,Vw8
13472.110000000388,2.923400001290966,0.0946999982723839,10.083000001544743,-0.05689999989229036,0.5441999999845022,-0.03470000022781751,52.20256,-2.199373,20.839999998295244,Vw8
13472.210000000388,3.256599999747757,-0.3511999896654372,10.481699994810725,-0.029099999864146957,0.5402000004822978,-0.09350000001051012,52.20256,-2.199373,20.39999999782012,Vw8
13472.310000000389,3.191799994396915,2.3037000026003587,9.148599997134093,0.005800000317962949,0.6640999999182932,-0.09619999978224356,52.20256,-2.199373,19.83999999876669,Vw8
13472.41000000039,1.752394053805707,2.9717198045792337,8.412362373373176,0.08748316863463282,0.6431099009084338,-0.04025940572294844,52.20256,-2.199373,19.523168315599,Vw8
13472.51000000039,3.7338277234841057,6.0650088952381935,7.435298033704997,-0.2207366325871406,0.9300277228999128,-0.43140297037607894,52.20256,-2.199373,18.955742572599323,Vw8
13472.61000000039,3.9165999928912654,2.0459000068576594,11.005099990175372,0.05559999950563506,0.9627999994612589,-0.4516999990404649,52.20256,-2.199373,18.529999998209387,Vw8
13472.71000000039,2.0903999913371263,3.8075999824446876,8.481200006333193,-0.07139999961243702,0.8244000002123579,-0.20520000015486875,52.20256,-2.199373,18.06999999796637,Vw8
13472.81000000039,-0.12469998777983819,-0.6812999945616037,10.100600000834962,0.027699999792335072,0.8786999995404778,-0.24479999987680892,52.20256,-2.199373,17.54999999796637,Vw8
13472.910000000391,2.999999995366638,0.7092999927188917,10.31410000164913,-0.02540000022225889,0.7611999998149133,-0.21329999984201806,52.20256,-2.199373,17.02999999887709,Vw8
13473.010000000391,1.81524752012146,-1.152482185495242,10.735783169965126,-0.08223168339046313,0.7138732671417398,-0.1729039602381377,52.20256,-2.199373,16.74287128600637,Vw8
13473.110000000392,3.5013999928498345,3.514799984144333,9.158100003342192,-0.08499999963942173,0.8609999984442729,-0.31279999907626266,52.20256,-2.199373,16.29999999796637,Vw8
13473.210000000392,1.6731000037016104,-0.5394999929555501,10.012699999008618,0.0071999999114978975,0.46320000074889445,-0.07660000036432704,52.20255999999843,-2.199372999999143,15.779999998333144,Vw8
13473.310000000392,2.5808544456394555,1.208482167597121,9.761635643067338,-0.015042574234851695,0.6475990082102717,-0.16683069245241267,52.202164,-2.199157,15.356039602403564,Vw8
13473.410000000393,0.08630001038910705,-1.493299981252302,9.635200001120948,-0.009299999964245943,0.21750000095160793,-0.009900000839238057,52.202164,-2.199157,14.959999998349813,Vw8
13473.510000000393,2.7304999957900584,3.278299983691436,9.920500002806497,-0.00020000021648884287,0.4596999977714615,-0.22349999872699847,52.202164,-2.199157,14.539999998664133,Vw8
13473.610000000393,1.6589999980217398,-0.8725000022847235,10.634799998355707,-0.055299999960709834,-0.10749999880675751,0.10049999962635048,52.202164,-2.199157,14.199999998506973,Vw8
13473.710000000394,1.1555000046273107,-1.454000002498582,10.21630000308119,-0.045299999319896235,0.19619999863150334,0.005400000597607141,52.202164,-2.199157,13.819999998815838,Vw8
13473.810000000394,2.3278000006366844,-2.0869999960867394,10.996899997792722,0.12699999960291097,-0.15049999962027868,0.15679999947225842,52.202164,-2.199157,13.519999998618477,Vw8
13473.910000000395,2.4890999979439,-1.0955999847625968,10.437699996057528,0.026400000296435244,-0.05430000018512401,0.023100000198939232,52.202164,-2.199157,13.16999999905267,Vw8
13474.010000000395,1.9682000014221785,2.764699992249659,9.438900003539855,0.10149999983974341,-0.1011999998342173,0.07350000019617618,52.202164,-2.199157,12.929999998184284,Vw8
13474.110000000395,2.3285000010057484,0.8012000038145809,10.33569999611358,0.060899999409497835,-0.05919999971145917,0.12319999964040945,52.202164,-2.199157,12.469999998815839,Vw8
13474.210000000396,2.5832999967800174,1.7675999911339333,9.351099999282225,-0.08869999981655033,0.01390000042377676,0.03210000011615809,52.202164,-2.199157,12.169999998077383,Vw8
13474.310000000396,1.7733762352339082,-0.42701583409209903,9.187874263763335,-0.043522772524305024,0.11960990095435332,0.060530692843441355,52.202164,-2.199157,11.686732671971054,Vw8
13474.410000000396,1.1710000025719565,1.4613999964696072,10.785299994706195,-0.10579999990760626,0.11059999953922088,0.0036000002093729564,52.202164,-2.199157,11.35999999861211,Vw8
13474.510000000397,1.8196000008022,0.57110000199856,9.450300005411181,-0.08249999947379183,-0.005599999758110789,0.05640000011301381,52.202164,-2.199157,11.009999998255225,Vw8
13474.610000000397,2.0218999976231413,1.075099997172672,10.814899993436871,0.05019999951423888,0.055399999723611836,0.08489999972599108,52.202164,-2.199157,10.569999998929344,Vw8
13474.710000000397,1.422499999655963,0.36209999991710917,9.159800001838084,-0.0722999993928048,-0.014299999675679702,0.015799999948897425,52.202164,-2.199157,10.299999999034283,Vw8
13474.810000000398,1.3324465328386508,0.3491673297885384,9.613360394748439,0.07767722735499513,0.066427722823182,0.003225742624372982,52.202164,-2.199157,10.05564356262015,Vw8
13474.910000000398,0.8771000030952469,1.1158999944062473,9.28940000377405,-0.014600000074094715,0.07919999972831938,0.015800000062542313,52.202164,-2.199157,9.619999998924428,Vw8
13475.010000000399,1.65409999861411,-0.28830000327411,10.236799998326497,-0.033199999917938115,0.011000000129068212,0.03149999995817234,52.202164,-2.199157,9.349998998526077,Vw8
13475.110000000399,1.3061999972381793,-1.1101999956076973,9.816699999720353,-0.012600000094809365,0.04339999960164132,0.020999999787674827,52.202164,-2.199157,8.979999999163446,Vw8
13475.2100000004,0.6128999959483001,-0.007600000736960855,9.746499995681646,-0.036399999885493715,-0.05659999945678853,-0.0322999997547426,52.202164,-2.199157,8.769999998375516,Vw8
13475.3100000004,-0.3995752515744464,-0.19175841657818016,8.667391084792694,-0.007786138499411788,0.0791425748003683,0.02898712895800728,52.202164,-2.199157,8.364059404316913,Vw8
13475.4100000004,-0.2566999908535392,-0.09769998840004991,7.8218000115335204,0.17800000020729204,-0.16419999928448234,0.02919999994157406,52.202164,-2.199157,8.099998998559364,Vw8
13475.5100000004,2.0288999910880436,2.8009999943002697,10.7038999786009,0.2297999989607386,0.01459999876585207,0.014600000581458153,52.202164,-2.199157,7.739999998799467,Vw8
13475.6100000004,-0.19809999208888768,1.3766999798586579,5.356500018479804,-0.029899996781771188,-0.2937999996886618,0.15990000044739863,52.202164,-2.199157,7.439999998319254,Vw8
13475.710000000401,1.778799995190914,-3.6564000015573352,9.974399985553044,0.7742999944785759,-0.21599999993206256,0.27170000061867283,52.202164,-2.199157,7.019999998512612,Vw8
13475.810000000401,0.5825000120414079,-4.043799986765064,6.380600017496503,-0.5991999977689185,-0.19909999987095908,0.42559999827262035,52.202164,-2.199157,6.64999999887441,Vw8
13475.910000000402,3.5778999977597823,-0.7514999859711287,10.733000004992068,-0.04420000078734497,-0.16700000067080656,-0.0040999993429994015,52.202164,-2.199157,6.369999998456983,Vw8
13476.010000000402,3.002126722991125,2.709144556765875,11.956597027369046,-0.23521088992712444,-0.3284237608574546,0.15779801984140326,52.202164,-2.199157,5.98633663218998,Vw8
13476.110000000403,0.5947999919706243,3.2835999913436718,11.376299985434727,0.05369999959110037,0.0491999979701199,0.16760000065740666,52.202164,-2.199157,5.619999998741223,Vw8
13476.210000000403,-1.3839000005228739,1.0970274289502893,7.808511772433059,-0.04447058721793775,-0.4507352941318427,0.32761568551661874,52.202164,-2.199157,5.306666665325964,Vw8
13476.310000000403,-1.5139000005246823,-4.380227473086683,9.729688243048018,0.2084705892561689,-0.4542647058965977,0.13918431296497807,52.202164,-2.199157,4.973333331987995,Vw8
13476.410000000404,-2.066699990755448,0.7178999863720295,7.370800019053638,-0.3308999982450172,-0.353099999643027,0.32909999979243876,52.202164,-2.199157,4.609999999111606,Vw8
13476.510000000404,0.2226000103752354,-2.65689996676153,12.089200002430566,0.10369999706304879,-0.2647000011250304,0.27770000082943735,52.202164,-2.199157,4.389999998990461,Vw8
13476.610000000404,2.791899988971391,5.574199980634213,12.691099990230084,-0.6235999993337042,-0.543299999447984,0.4830999994483878,52.202164,-2.199157,4.139999999394276,Vw8
13476.710000000405,0.06080000493399222,0.7785000072977358,10.271700007578811,-0.4585999987326991,-0.406600000567069,0.34650000002171577,52.202164,-2.199157,3.989999999303456,Vw8
13476.810000000405,1.2508980140789348,2.4836623454196496,12.099277218744627,-0.1497019803611565,-0.5432623755324392,0.35097128679239403,52.202164,-2.199157,3.819504950294142,Vw8
13476.910000000405,-0.15929999985316026,-5.1100999764650785,9.887000005487021,-0.18989999830241905,-0.36949999986898,0.2680999996592669,52.202164,-2.199157,3.769999999918873,Vw8
13477.010000000406,-0.12309999302998004,0.6918999864128622,11.23970000314448,0.22859999990021387,-0.3372000001736116,0.18409999984829267,52.202164,-2.199157,3.7499999998377462,Vw8
13477.110000000406,1.5951999934233922,-2.6576999798006247,12.014899984310544,0.20399999969597887,-0.37999999855282673,0.14669999972629905,52.202164,-2.199157,3.710000000163893,Vw8
13477.210000000407,0.0004772319343779776,2.2175366114781982,8.210710901239798,0.1306297033070326,-0.02854455516347429,0.07873960348944843,52.202164,-2.199157,3.75059405964704,Vw8
13477.310000000407,1.0381999906790909,-3.2487999908404426,10.71179999241077,0.2135999987075571,-0.20299999751982978,-0.03730000143953366,52.202164,-2.199157,3.8100000002852177,Vw8
13477.410000000407,-1.2493999955868698,-1.0007999790947768,8.8492000016127,-0.10359999962269793,0.4056999998052372,-0.39059999812571333,52.202164,-2.199157,3.880000000570435,Vw8
13477.510000000408,-0.166300003963001,4.1298999789560495,9.245000002824188,-0.011000000539978946,0.35790000011770884,0.06939999937441464,52.202164,-2.199157,4.020000000740825,Vw8
13477.610000000408,-1.1171584109325947,-0.9469098861957236,9.913696032468126,-0.14240891097625574,0.3868277229058799,-0.08498415938779084,52.202164,-2.199157,4.201782178944362,Vw8
13477.710000000408,0.0869999965355073,2.682099976685376,8.16330000605478,-0.1632999992154244,0.41959999902593115,-0.32339999928254515,52.202164,-2.199157,4.380000001473381,Vw8
13477.810000000409,-0.7595000017463662,-3.014499974830962,9.642699992644962,0.028399999646797736,0.18160000132031348,-0.14810000072113835,52.202164,-2.199157,4.740000002496563,Vw8
13477.91000000041,-1.1861999979143467,3.1351999721244423,7.845600011171096,-0.05789999882907105,0.5041999979364474,-0.32429999934680087,52.202164,-2.199157,5.35000000208729,Vw8
13478.01000000041,-0.6765999946168373,-3.675799980127359,10.575100005404446,0.22819999977080732,1.2687451089686192e-09,-0.16469999987066986,52.202164,-2.199157,5.86000000298769,Vw8
13478.11000000041,0.6386999946668942,1.179799983459308,11.895599990620363,0.1721999995335913,0.30999999854242216,-0.13309999919725837,52.202164,-2.199157,6.590000002958109,Vw8
13478.21000000041,-0.6643693122846854,-2.8616851651203232,9.603817812365808,0.058239603492160716,-0.046138615324672394,0.06303861466727162,52.202164,-2.199157,7.312772280197417,Vw8
13478.31000000041,0.21499999680677329,3.0816999865901087,10.525299994399187,0.06989999999750854,0.3020999982588817,-0.1939999987347514,52.202164,-2.199157,7.990000002034696,Vw8
13478.410000000411,-0.5511752463629609,-0.1308564287159796,9.181833665560019,0.06919504946178544,-0.11461485042190352,0.10816633559159369,52.202164,-2.199157,8.484554457318746,Vw8
13478.510000000411,-0.26870000338122846,1.553499982938054,9.715199994938228,0.05869999959589695,0.14389999917082824,-0.14519999884606585,52.202164,-2.199157,8.940000002630986,Vw8
13478.610000000412,-1.0911999951951612,-2.596899989573073,8.483900003161295,-0.039599999603296604,-0.05779999914862928,0.13549999863764242,52.202164,-2.199157,9.580000002795423,Vw8
13478.710000000412,0.07759999884963109,-0.06050001176836486,9.25290000230239,0.05689999972582736,0.14929999938641483,-0.1958999991006807,52.202164,-2.199157,10.260000002807791,Vw8
13478.810000000412,-0.20100000301878937,-2.9105999752294935,9.810499997871858,-0.00950000045915658,0.0007000017767542886,0.021899998724519174,52.202164,-2.199157,10.940000002642627,Vw8
13478.910000000413,-0.9320999965385011,3.088399985889087,9.295100003073118,-0.1206999995249484,0.43099999771999764,-0.2869999984775455,52.202164,-2.199157,11.580000002493817,Vw8
13479.010000000413,-0.09378316485699334,-0.3290257566784005,10.039357428814217,-0.005650494574681281,-0.12117822010069063,0.08171287280885275,52.202164,-2.199157,12.183960398532223,Vw8
13479.110000000413,0.44829999277778076,4.606899968855393,10.029499991625348,0.15429999922372808,0.3218999982302652,-0.23979999808409486,52.202164,-2.199157,12.7700000023123,Vw8
13479.210000000414,-1.3007999953259974,-2.935799988276424,8.001300009612603,-0.03369999898557144,-0.10669999927837052,0.224199998303756,52.202164,-2.199157,13.33000000211512,Vw8
13479.310000000414,-0.17380000063549977,-0.10900000331867452,10.319100005791134,0.21089999796573045,0.06730000049139172,-0.18479999892714902,52.202164,-2.199157,13.840000002178378,Vw8
13479.410000000415,-0.33713663849172787,-0.8436831444515055,11.6792376145251,-0.2738405937028146,0.18944455646558533,0.0683326720361007,52.202164,-2.199157,14.36485148716153,Vw8
13479.510000000415,-1.500799995641192,4.90799995981851,9.453000015897828,-0.187899999395739,0.6738999965751632,-0.22839999924228904,52.202164,-2.199157,14.850000001451553,Vw8
13479.610000000415,-0.4498000041705207,-4.780599995535436,13.286299980473702,-0.04220000070504029,-0.15189999921450217,-0.045699999910833136,52.202164,-2.199157,15.200000001741863,Vw8
13479.710000000416,-1.4553999933827684,-3.7040999917982007,8.578100006659728,-0.21219999922454644,0.03749999736101752,-0.024199997752320727,52.202164,-2.199157,15.620000001683024,Vw8
13479.810000000416,0.09762177397738586,-1.7782455543253082,10.144319795070455,-0.02943168380664071,-0.5882940588200195,0.5066059391795964,52.202164,-2.199157,16.024059407632336,Vw8
13479.910000000416,-1.8701999976785748,-4.12279995818852,8.48630001039122,-0.1826000003711448,-0.4476999989686257,0.1671999992772882,52.202164,-2.199157,16.43000000170785,Vw8
13480.010000000417,-1.3129000039392997,5.914799955512195,10.980899981607715,-0.27170000060107957,-0.20010000216063745,-0.006299997580269337,52.202164,-2.199157,16.840000001083027,Vw8
13480.110000000417,-2.258599985024662,-4.765299930523863,6.565500019635267,-0.41599999817884964,-0.7187999964297622,0.5745999961931626,52.202164,-2.199157,17.10000000162454,Vw8
13480.210000000417,1.3364999918008325,11.913699998057101,11.279299989060943,0.02119999907457095,0.1382999952783037,-0.3392999953046608,52.202164,-2.199157,17.490000001715305,Vw8
13480.310000000418,-0.6233000002020715,11.449299941982877,8.66459999145024,-0.20000000076603103,-0.9902999929262412,0.7829999951235077,52.202164,-2.199157,17.900000001506122,Vw8
13480.410000000418,-0.6715999884762979,-2.418200031628588,6.621000016719067,-0.3830999990424031,0.7004999917670335,-0.3825999944357114,52.202164,-2.199157,18.260000001859414,Vw8
13480.510000000419,2.042354450026984,-9.851890077784477,10.56932672933593,-0.15552871246473968,-1.2401475215912685,0.9279098983991361,52.202164,-2.199157,18.70445544740945,Vw8
13480.610000000419,0.7477999889111885,-4.780899936237056,9.77199999208167,-0.058399999274277255,-0.4849000027314017,0.30890000126131606,52.202164,-2.199157,19.15000000215397,Vw8
13480.71000000042,-1.902695060636246,10.459991153116146,7.879326724724599,0.11506534726315662,-1.1377712898705794,0.6103851497809999,52.202164,-2.199157,19.66485148731074,Vw8
13480.81000000042,0.46439999581074004,-0.93739996384925,10.539099987133048,0.10139999906004268,-1.0513999979545317,0.6713999987470037,52.202164,-2.199157,20.260000001806805,Vw8
13480.91000000042,-0.5325999852518765,7.666099953437388,7.476900015335535,-0.12229999928398515,-0.564600000527992,0.37320000068333364,52.202164,-2.199157,20.6900000024617,Vw8
13481.01000000042,2.9087029562153925,-3.283365337649969,11.083966334055164,0.049008911987835226,-0.6853613846089963,0.5324980190864939,52.202164,-2.199157,21.274356437474943,Vw8
13481.11000000042,-0.4410000040951381,-1.1698999969246546,10.470599999245344,0.3098999996180504,-0.321499999292826,0.362299998137313,52.202164,-2.199157,21.710000002647178,Vw8
13481.210000000421,-1.4155999951942009,-0.4380000006439805,10.290999984080264,0.21900000018019636,-0.1531999994817772,-0.08099999978435517,52.202164,-2.199157,22.34000000160362,Vw8
13481.310000000421,-0.27680000040385927,-0.5905999780261715,6.5186000168586995,0.2617000000211003,-0.030399998625105944,-0.029900000297513905,52.202164,-2.199157,22.720000001983426,Vw8
13481.410000000422,-0.37249999993880917,4.616399978449443,10.51349999386615,0.2666999993674137,0.2953999974173261,-0.10039999879011012,52.202164,-2.199157,23.190000001814624,Vw8
13481.510000000422,-0.35799999136745464,-0.49030000288145387,9.060000007725234,0.11680000017682032,-0.31659999867110455,0.18629999914375076,52.202164,-2.199157,23.620000001941225,Vw8
13481.610000000423,1.6876000080949103,-1.1730999978941923,10.89059999606522,0.1587000000219443,-0.0017000016390695237,-0.016599998737781424,52.202164,-2.199157,24.08000000173022,Vw8
13481.710000000423,3.605799984931766,-0.6741000081768467,9.958200005822924,0.16390000003517743,-0.3900999991027635,0.28249999971561374,52.202164,-2.199157,24.490000002373417,Vw8
13481.810000000423,0.050499997827475454,-2.603399974877377,11.332099988967,0.17219999947911965,-0.1784000005475813,0.21540000010129406,52.202164,-2.199157,25.05000000156815,Vw8
13481.910000000424,-0.4620999922440111,3.324199989048374,8.728900001220614,0.0492999998410658,-0.30759999973638114,0.23929999945369018,52.202164,-2.199157,25.42000000152577,Vw8
13482.010000000424,1.3679000019864656,0.7402000138815248,9.016900000599712,0.011799999955922248,-0.2454000008171337,0.11040000055478631,52.202164,-2.199157,25.780000002119124,Vw8
13482.110000000424,1.8366000041077073,4.015499971012521,9.158400006954537,0.0014000003238019416,-0.4381999993083183,0.2413000001161279,52.202164,-2.199157,26.280000001610535,Vw8
13482.210000000425,2.805799984450683,-2.8239999843797423,10.799299996002391,0.07779999923814108,-0.2749999991151774,0.2686999995472701,52.202164,-2.199157,26.660000001418812,Vw8
13482.310000000425,-0.7969623703449875,0.7743326584619518,9.847816822449573,-0.10018217855090583,-0.07149604058170964,0.16316831673302282,52.202166297030686,-2.1991461485102306,26.994653467328174,Vw8
13482.410000000425,0.5867999989724966,-2.7023999885923278,7.679500010665775,-0.17839999885714716,-0.30109999814461985,0.1399999987477568,52.202396,-2.198061,27.46000000114924,Vw8
13482.510000000426,0.34540000155870654,-0.022300011197829737,10.185299998079497,0.0900999990737997,0.13479999886480873,-0.15419999844342164,52.202396,-2.198061,27.730000001617444,Vw8
13482.610000000426,0.7116000017860002,-2.653099988842606,9.734100003790354,-0.12749999934621156,-0.1318999989409989,0.21149999876265427,52.202396,-2.198061,28.110000001234365,Vw8
13482.710000000427,1.131199998442754,-0.031800006529062376,10.624599999655038,0.026100000193213055,0.1168999982486861,-0.07919999933102118,52.202396,-2.198061,28.40000000158161,Vw8
13482.810000000427,0.7668999900533748,-1.559199988550844,10.543899991275063,0.07129999942677277,-0.2927999983568341,0.07729999987945557,52.202396,-2.198061,28.770000000769432,Vw8
13482.910000000427,-1.5599999917268907,1.1191999981409655,8.502800003230334,-0.062799999463962,0.0915999993305937,0.04909999923142241,52.202396,-2.198061,28.950000001667103,Vw8
13483.010000000428,0.3754000119710876,0.6842999889795891,9.258500005967376,0.06259999942378054,-0.06499999869410203,-0.13070000070274837,52.202396,-2.198061,29.340000000641194,Vw8
13483.110000000428,3.1758999826950354,-1.8937999953406586,10.65449999081896,-0.07220000046764398,0.24049999951696735,-0.2950999979686981,52.202396,-2.198061,29.490000000940416,Vw8
13483.210000000428,-0.872399995452621,-0.8037999910404657,8.506700004101786,-0.18159999935693633,0.12749999952950747,0.1801000000626751,52.202396,-2.198061,29.71000000090149,Vw8
13483.310000000429,0.1868999879208772,1.2832999881501137,9.462199996102981,-0.031800000710031605,0.017900000390646164,0.19469999891992776,52.202396,-2.198061,29.920000000386356,Vw8
13483.41000000043,-2.626899979253684,-1.4771000161255303,8.554400014211364,-0.19719999979437414,0.10889999784586543,-0.05689999911610939,52.202396,-2.198061,30.01000000055807,Vw8
13483.51000000043,2.20589998417325,-5.233499971233847,11.864899984673793,-0.14930000024726614,-0.3928999974543607,0.14899999990126525,52.202396,-2.198061,30.139999999914146,Vw8
13483.61000000043,-1.4809000138353134,1.4675000449560758,8.294699991945821,-0.20689999949473567,0.20009999198703154,0.12600000373174408,52.202396,-2.198061,30.12000000090149,Vw8
13483.71000000043,-4.703799974497389,11.939899971390448,6.418500028958744,-0.08919999967667464,-1.666499997267254,0.9952999985152898,52.202396,-2.198061,30.32999999995689,Vw8
13483.81000000043,1.211899978214768,5.3035000423263075,13.13589998030776,-0.014200002585740732,-1.0325999998637723,0.6509000003410005,52.202396,-2.198061,30.32000000047421,Vw8
13483.910000000431,-3.84149999057097,15.121699889008006,8.568000004495946,-0.61399999828422,-1.0010000030625377,0.7300000012488981,52.202396,-2.198061,30.43000000038799,Vw8
13484.010000000431,-1.6543000077611023,-10.62449991133858,9.610900006770002,-0.21599999869161002,-1.7113999911421782,1.0196999944137999,52.202396,-2.198061,30.52000000038799,Vw8
13484.110000000432,-3.4545999847712663,9.941799925714419,11.181299991384957,0.08749999940647478,0.34329999485771145,-0.27609999698447385,52.202396,-2.198061,30.610000001088636,Vw8
13484.210000000432,0.0317316784806313,-7.1066445497733115,9.206214852914899,-0.04814851457048879,-0.8201494974238067,0.40544256953130603,52.202396,-2.198061,30.86237623864867,Vw8
13484.310000000432,-1.0551000080435564,-6.021100006485483,9.53770000057329,0.01699999936067851,0.9248999966516521,-0.6902999970150421,52.202396,-2.198061,31.100000000568482,Vw8
13484.410000000433,-2.9085613922288474,-7.517355451242409,9.664266334670053,-0.12574554305827004,0.16967723226064385,-0.012559408045288229,52.202396,-2.198061,31.231188119326475,Vw8
13484.510000000433,-4.314700001729946,-8.832899922350697,9.210900004719688,0.21970000047837604,1.2173999997445775,-0.49850000206416006,52.202396,-2.198061,31.35000000064938,Vw8
13484.610000000434,-4.714299979244726,9.103299938795903,10.301099998154735,0.3301999984157719,1.1583999972696069,-0.9752999977196716,52.202396,-2.198061,31.500000000814403,Vw8
13484.710000000434,0.07995744657469483,-5.034224813905951,9.874862374385525,-0.03574059564949961,0.527706927952567,-0.4485673244439021,52.202396,-2.198061,31.688118812698608,Vw8
13484.810000000434,-2.706999998954019,7.971699933806721,10.117499995713043,0.15460000015867953,0.9351999978028318,-0.8309999978297855,52.202396,-2.198061,31.890000000608634,Vw8
13484.910000000435,-2.4664000134403747,-7.254299956432685,9.131400005369889,0.19109999983045198,0.4298000015637543,-0.3318000011346674,52.202396,-2.198061,32.03000000078253,Vw8
13485.010000000435,-5.557999983491241,2.7671999617960528,10.366599995752171,0.15209999947396646,0.7894999963916707,-0.5927999973576595,52.202396,-2.198061,32.21000000078253,Vw8
13485.110000000435,-1.7606000010707608,-6.020599972934052,9.389500000016085,0.031099999986523106,-0.04049999856145041,0.01499999820409539,52.202396,-2.198061,32.39000000078253,Vw8
13485.210000000436,-2.006900004483445,0.2051999869892781,9.393200002829765,0.027999999579595168,0.2903999969611235,-0.3980999981049041,52.202396,-2.198061,32.570000001178705,Vw8
13485.310000000436,-3.033899996032129,-2.7750999964346352,10.041400003239255,-0.06829999962281436,-0.40569999855848726,0.03600000075960997,52.202396,-2.198061,32.84000000065484,Vw8
13485.410000000436,-2.12499999697553,-1.9583999838172514,10.783400000365399,0.018099999327701517,-0.07550000078623997,0.21000000026891938,52.202396,-2.198061,32.99000000043656,Vw8
13485.510000000437,-1.432200008851974,1.7484999942061328,10.867099993781924,-0.13590000001014224,-0.255599999597397,0.27159999870487955,52.202396,-2.198061,33.09000000061736,Vw8
13485.610000000437,-3.4376299991395878,0.4438730040500527,9.464138003117576,-0.13671399935097828,-0.1629029993898497,-0.022450000152865142,52.202396,-2.198061,33.22829999925751,Vw8
13485.710000000438,-3.2303950441741507,1.3447673192495744,10.16905148438481,0.01080396057247883,-0.026130693737873214,-0.054668315769588215,52.202396,-2.198061,33.06178217899623,Vw8
13485.810000000438,-2.009900015598749,-0.36849999960765306,9.994199996883582,0.05119999888827734,-0.17919999889134597,0.18849999932753053,52.202396,-2.198061,33.239999999561626,Vw8
13485.910000000438,-5.568199986355094,-0.27900000301602995,9.28329999960064,-0.20239999949104495,0.07369999900137846,0.03509999969006785,52.202396,-2.198061,33.13999999969314,Vw8
13486.010000000439,-2.455599988254611,-0.9670000099821416,9.192200013687087,-0.08629999988487083,-0.1540999981092248,-0.03560000098789682,52.202396,-2.198061,33.069999999424354,Vw8
13486.110000000439,0.1606385979574118,-3.1977009797486593,12.233240572147583,-0.06217821864555455,0.2709841575755677,-0.25649108814009897,52.202396,-2.198061,32.94,Vw8
13486.21000000044,-3.465500000916927,-0.8377999967909753,7.237300015209192,-0.24999999717966784,0.0793999992560697,-0.035599999892152116,52.202396,-2.198061,32.94,Vw8
13486.31000000044,-3.6737999809461406,-0.1088000033745382,10.692400009412697,0.3906999993137353,-0.08960000037020437,-0.011099999900515831,52.202396,-2.198061,32.940000000572255,Vw8
13486.41000000044,0.6546999877163463,-0.8753999936669082,12.830699983190257,0.2347999994022146,-0.17369999953207224,0.011499999519306584,52.202396,-2.198061,33.06999999964784,Vw8
13486.51000000044,-2.135800000582481,0.5632999911814182,9.012000007662959,0.09899999972610063,-0.0674000002369941,-0.0976999990257897,52.202396,-2.198061,32.99000000013339,Vw8
13486.61000000044,-2.2683554462295907,-1.4042782108977276,10.724859401298396,0.03660296994600862,-0.11948811827815471,0.12104752459724107,52.202396,-2.198061,33.02267326850407,Vw8
13486.710000000441,-2.423899991019593,0.16789999674456374,9.670800001043155,-0.04309999980683969,0.0016999997529139363,0.08579999952660256,52.202396,-2.198061,33.28999999849715,Vw8
13486.810000000442,-0.3922000007500985,-0.5685999944889641,9.906800003865417,0.0006000002523902367,-0.05420000090878166,-0.021300000110503606,52.202396,-2.198061,32.949999999778996,Vw8
13486.910000000442,-0.5618999972595106,0.6781999803551109,10.781300001305711,0.05770000005613583,-0.2598000003257646,-0.04629999826332532,52.202396,-2.198061,32.89999999871816,Vw8
13487.010000000442,0.05809998791753569,-3.766199982374675,11.076699992026503,0.07039999977368862,-0.3334999985745035,0.3465999989617081,52.202396,-2.198061,32.60999999951378,Vw8
13487.110000000443,-2.6753999923929315,0.22129999055768784,9.272800008488446,0.019200000174595697,-0.011000000704128978,0.1116999994947775,52.202396,-2.198061,32.49999999964639,Vw8
13487.210000000443,-0.9544000056863937,-1.914899997530511,11.193199998148327,0.05869999935954839,-0.17029999919843686,-0.002600000368825567,52.202396,-2.198061,32.419999999156715,Vw8
13487.310000000443,-2.235600002363413,-1.358500001436245,10.77599999634592,-0.08559999976388062,0.010299999866406142,-0.08569999964981544,52.202396,-2.198061,32.2300000005326,Vw8
13487.410000000444,-2.7680999986001495,-1.6820999918330213,9.952699996008162,-0.032399999897918315,-0.019800000052816177,-0.006800000121166522,52.202396,-2.198061,32.35000000102082,Vw8
13487.510000000444,-2.4526999926296753,0.1579999972253687,9.053300001919691,-0.009400000394518592,-0.03170000031695982,-0.03409999953823392,52.202396,-2.198061,32.580000000044826,Vw8
13487.610000000444,-0.8095732677145066,-0.4601415838216416,9.480638613478888,-0.09684455420880021,-0.10106930633979944,0.0690594060113782,52.202396,-2.198061,32.58792079115594,Vw8
13487.710000000445,-0.8968999941295425,-0.38429999820163496,9.394500001034904,-0.04129999959081007,0.031999998258354395,0.08500000034076655,52.202396,-2.198061,32.38000000094532,Vw8
13487.810000000445,0.3959980148075716,0.01806336761326701,9.628130694732638,0.049227722606297236,-0.3521386126302207,0.15796237501705282,52.202396,-2.198061,32.59287128840888,Vw8
13487.910000000446,-0.7241999935179857,0.30439999389545336,10.001199999128305,0.011999999711217242,-0.07600000120237019,-0.11579999929631485,52.202396,-2.198061,32.880000002050004,Vw8
13488.010000000446,0.7303000002344131,-1.0654000088778415,9.805600001295957,-0.05279999951958671,-0.34579999957261937,0.04210000043985892,52.202396,-2.198061,33.340000001025004,Vw8
13488.110000000446,0.7828999978207598,-3.05749998938456,10.096399995945454,0.054999999477249734,-0.2499000000953696,0.14079999985204342,52.202396,-2.198061,33.57000000066848,Vw8
13488.210000000447,0.2939000010021587,-0.6755000067204887,9.186600004071547,-0.062299999705820786,-0.2713000004284206,0.10759999984626478,52.202396,-2.198061,33.72000000044304,Vw8
13488.310000000447,0.5178603970413189,-2.1773811948363253,10.096500994168755,0.00344257455147471,-0.3670425746856567,0.07324356420276848,52.202396,-2.198061,33.81900990143294,Vw8
13488.410000000447,1.1124999940365488,-0.36229999867145746,10.437000001635955,-0.09859999970064164,-0.23089999988455237,0.06579999950285928,52.202396,-2.198061,34.31000000017899,Vw8
13488.510000000448,-0.22020000005548646,-0.0653999913512729,10.802599997086961,-0.03170000007249037,-0.20510000042151805,-0.045299999882762496,52.202396,-2.198061,34.35000000187938,Vw8
13488.610000000448,-0.23260000671930275,1.867399986228729,10.15160000105992,-0.04789999954394077,-0.2993000009844371,-0.019099999166980023,52.202396,-2.198061,34.77000000094918,Vw8
13488.710000000448,-1.7264260032350056,-1.1613939919388998,10.367581991709683,0.05088699905403172,-0.5087889962792511,0.16292999898374447,52.202396,-2.198061,34.98310000138783,Vw8
13488.810000000449,-2.4203470491807213,0.6535931518151814,8.5541931461966,-0.15560686153456907,0.31413431378586243,-0.06534411924009204,52.202396,-2.198061,35.292941177792606,Vw8
13488.91000000045,-0.27505293154207866,3.8929068772926687,10.543506871678991,0.11370686395457041,0.3275656863348293,-0.4197558839445839,52.202396,-2.198061,35.58705882485028,Vw8
13489.01000000045,1.8023999905568147,0.1496000008266943,9.863200005816065,-0.024899999285179,0.013000001207243258,-0.1541000004474932,52.202396,-2.198061,35.80000000080872,Vw8
13489.11000000045,-0.29940000595264826,0.33359998124257584,11.157699992685552,0.13419999952105646,0.28170000110390647,-0.25369999999056486,52.202396,-2.198061,35.980000001078295,Vw8
13489.21000000045,-1.6242999898676325,-3.841299953099512,9.529700001339343,0.027600000284650015,0.5274000020543521,-0.251600001670458,52.202396,-2.198061,36.22000000148866,Vw8
13489.31000000045,0.6217999916179368,6.555399953454986,9.82660000208638,0.0906999998123385,0.9827999964299204,-0.6218999983286397,52.202396,-2.198061,36.550000001037546,Vw8
13489.410000000451,-1.2362999913251667,-3.7624999785497497,10.289099999055827,0.04910000047546927,0.19140000121258197,-0.25140000033427207,52.202396,-2.198061,36.780000000992445,Vw8
13489.510000000451,0.6866999934593652,0.9924999815338379,10.079800000180896,0.1544999994938553,0.46019999915507215,-0.32549999941852004,52.202396,-2.198061,37.00000000108266,Vw8
13489.610000000452,-0.7631999895446381,-3.1009999731923745,10.119899999291757,0.042299999865118294,0.27290000060583985,-0.19660000017277487,52.202396,-2.198061,37.240000001263105,Vw8
13489.710000000452,1.5545000048150814,2.841599988897367,9.962900008409067,0.012400000659916623,0.4071999995439011,-0.23489999975315404,52.202396,-2.198061,37.520000001087034,Vw8
13489.810000000452,2.617599992657528,0.39030001483226007,11.819499987986875,0.15809999926845206,0.3065000007576256,-0.18040000002150267,52.202396,-2.198061,37.76000000114376,Vw8
13489.910000000453,1.0210267364463301,3.5955742407843365,9.20489010408043,-0.0007396034799025263,0.46529306622253025,-0.18230989972583128,52.202396,-2.198061,38.01188118897122,Vw8
13490.010000000453,1.8536999968001941,-0.07700000525974161,10.32389999829841,0.10529999921670037,-0.21539999861323994,0.09669999942806692,52.202396,-2.198061,38.20000000124334,Vw8
13490.110000000454,1.1472294085550732,-1.2382745150798165,9.94821372378338,-0.06764117725629348,0.09077647197925429,-0.02957451037761112,52.202396,-2.198061,38.474509805168715,Vw8
13490.210000000454,1.3336000002028172,0.8365999977262633,11.359299997732629,0.13549999988494893,-0.0035000001732587408,0.04019999989995558,52.202396,-2.198061,38.79000000109139,Vw8
13490.310000000454,1.3782000064896995,0.3366000040017767,10.860699994579866,0.11020000012369129,-0.041599999823558026,0.018200000184627425,52.202396,-2.198061,39.03000000104592,Vw8
13490.410000000455,2.805299990762717,1.2165999964238667,9.66880000690943,0.13739999957117324,-0.0028000001482476364,0.058799999906322044,52.202396,-2.198061,39.260000000454745,Vw8
13490.510000000455,0.7740000012651072,0.4302000064496817,11.188199999514785,0.04309999949477569,-0.0353999999663487,0.038200000333329806,52.202396,-2.198061,39.36000000086402,Vw8
13490.610000000455,1.0521999877095434,1.8484999872429726,11.081499995035069,-0.06799999936562745,-0.028000000252839528,0.11150000006093615,52.202396,-2.198061,39.55000000181899,Vw8
13490.710000000456,-1.6504999985294,-0.9568000013290646,9.989699972960315,0.0714999965981242,-0.08360000316263504,0.12490000152584471,52.202396,-2.198061,39.95000000050223,Vw8
13490.810000000456,-1.3284000006848495,-1.2479000277971286,4.067300015968865,-0.6735999987659012,-0.7762999990247743,0.4591000017020793,52.202396,-2.198061,40.06000000150667,Vw8
13490.910000000456,-1.4783999845762759,-7.336199937414342,7.564900024946328,-0.40329999869239397,-0.5626999996447913,0.8318999980655284,52.202396,-2.198061,40.39000000027394,Vw8
13491.010000000457,1.8997999992704069,6.371699973918191,13.028799993916254,-0.11689999986074727,-0.4849000003159439,0.4082000005752736,52.202396,-2.198061,40.45000000114142,Vw8
13491.110000000457,1.7400000043825803,0.6591000176362446,11.696299996575297,-0.08640000003606875,-0.5541000000707679,0.5342000007200052,52.202396,-2.198061,40.70000000123273,Vw8
13491.210000000458,2.6998999913562276,4.521899949690835,10.946199995164493,-0.09429999952236248,-0.5695999999436187,0.6918999982952649,52.20239600000109,-2.198060999995833,40.9700000017877,Vw8
13491.310000000458,0.8141999949463018,-6.453399967477561,9.8912999997786,0.009899999838189979,-0.5572999993784296,0.3199999992780431,52.202633,-2.197152,41.36000000128348,Vw8
13491.410000000458,-0.2883000009713185,0.641599968769749,9.843000004076421,-0.025399999546198523,-0.4217000010684962,0.1625000014879188,52.202633,-2.197152,41.64000000146683,Vw8
13491.510000000459,-0.5001999973571076,-6.17149996193596,10.732299995317062,0.07359999931195899,-0.6547999980960804,0.4870999987174471,52.202633,-2.197152,41.96000000087973,Vw8
13491.610000000459,0.08715050263958593,1.9802029385631716,9.740395058445408,-0.07362475184455702,-0.24771782367061726,0.21062277251697187,52.202633,-2.197152,42.152475248659904,Vw8
13491.71000000046,1.7421999969930249,-4.939499959575192,11.689899993563122,0.06389999885547186,-0.6594999960914847,0.26289999790514995,52.202633,-2.197152,42.40000000110449,Vw8
13491.81000000046,1.0887999975056926,3.844599991493123,10.291199993034807,-0.18479999963689878,0.18979999734830272,-0.192299998060699,52.202633,-2.197152,42.64000000211694,Vw8
13491.91000000046,0.5467999990036576,1.9961000085395513,8.777700010575034,-0.10589999940081397,-0.38639999552129156,0.22909999738235784,52.202633,-2.197152,43.10000000032215,Vw8
13492.01000000046,0.3303000007616381,3.8516999920729806,11.075599986850122,0.02429999925538941,0.5867999982852787,-0.3396999993281017,52.202633,-2.197152,43.17000000147266,Vw8
13492.11000000046,0.49579999880162795,2.1291999671427924,8.218200004900256,-0.13749999803952961,0.21420000076716061,-0.1937000003621808,52.202633,-2.197152,43.49000000151867,Vw8
13492.210000000461,0.23539998904681342,-5.010499962343714,9.282999994590169,0.2884999989087009,0.3809000008593634,-0.27239999988264607,52.202633,-2.197152,43.82000000157088,Vw8
13492.310000000462,-2.135299995773873,3.139799959838624,8.112100005955943,0.052300001122254615,0.5668999968490009,-0.2469999986361072,52.202633,-2.197152,44.16000000138607,Vw8
13492.410000000462,-1.2205999924559527,-5.5526999771345125,9.4012000079482,0.29519999961451393,-0.11509999800769949,0.0481999987030679,52.202633,-2.197152,44.460000001446744,Vw8
13492.510000000462,0.3878715649165536,-0.7041706117948926,11.088099992512046,0.21094901884472786,0.3046509770877408,-0.22402744835842953,52.202633,-2.197152,44.77284313856906,Vw8
13492.610000000463,-0.4149715723351985,-5.801229435304307,9.4680999925184,0.04585097962968934,-0.41025098369376817,0.3432274536001293,52.202633,-2.197152,45.057156864058136,Vw8
13492.710000000463,0.6189000058439491,0.27170000925829224,10.604899999616404,0.08339999953151928,0.05049999727446266,-0.0027999986706279743,52.202633,-2.197152,45.23000000125237,Vw8
13492.810000000463,1.8787999921517884,2.2677000082633505,10.522199999824204,-0.017600000073750927,-0.5370999974674211,0.2837999986534658,52.202633,-2.197152,45.50000000134514,Vw8
13492.910000000464,0.18680000657218152,4.0491999846064655,10.484300001774196,-0.033499999615474736,0.008899997803706719,-0.006499998582961779,52.202633,-2.197152,45.79000000120599,Vw8
13493.010000000464,1.6036999980152187,0.7304999782300257,10.866800001749613,0.04940000016095328,-0.4645999977568587,0.2989999991196273,52.202633,-2.197152,46.050000001066834,Vw8
13493.110000000464,1.17579998904114,-3.9629000027999206,11.243999993751247,0.084099999821491,0.018999997848989907,0.10920000129594727,52.202633,-2.197152,46.280000000609085,Vw8
13493.210000000465,-1.152936628900565,-4.524663349706342,9.916530695960711,0.04606534656497807,-0.4366603944434268,0.3824693053850569,52.202633,-2.197152,46.41188118899179,Vw8
13493.310000000465,-0.1265999968437478,-0.9409999841796234,10.539599998002778,0.05259999919626862,-0.09270000156462194,0.04940000101327896,52.202633,-2.197152,46.6000000002794,Vw8
13493.410000000466,0.5511999969578348,2.4564000008931384,10.110700005588866,-0.11999999827938154,-0.4286999984530732,0.26699999898299576,52.202633,-2.197152,46.66000000041909,Vw8
13493.510000000466,-0.10210002058036625,2.6481999880460094,11.310899976536259,0.24949999843724072,-0.0965000007096678,0.0486000002104789,52.202633,-2.197152,46.74999999962747,Vw8
13493.610000000466,-4.521699993391801,0.08109999666772784,6.272100011297874,-0.08609999917484819,-0.24889999904446306,0.09380000003259628,52.202633,-2.197152,46.66999999832362,Vw8
13493.710000000467,-3.1025999873832264,-0.6345000039688603,8.698299995218479,0.09109999829912732,-0.04370000021437985,0.1008000001827423,52.202633,-2.197152,46.3099999992917,Vw8
13493.810000000467,-0.40602898846185775,-1.474536999783464,7.700821007071794,-0.2683289996394184,-0.08985100035122795,0.13831799944720183,52.202633,-2.197152,46.15869999939201,Vw8
13493.910000000467,2.0063791938807167,-1.4463406023095307,9.213489116248349,-0.19004455354092595,-0.16108910745599458,0.019178216829470518,52.202633,-2.197152,46.02950495026353,Vw8
13494.010000000468,-0.9957000202825668,-3.210399998130079,10.782399984045366,0.0054999991753647915,0.14999999874762032,-0.19299999938339352,52.202633,-2.197152,45.98000000018699,Vw8
13494.110000000468,-5.334399987968459,-2.8103999913852733,7.369500014677946,-0.17089999850453058,-0.1178999984404858,-0.06110000066054963,52.202633,-2.197152,46.02000000014025,Vw8
13494.210000000468,-2.7606999797882192,-0.9675999740355489,10.509300001421977,0.14899999892108098,0.21569999711334023,-0.20239999893750646,52.202633,-2.197152,46.05000000107938,Vw8
13494.310000000469,1.546099981140332,4.564999942753075,10.8122999952743,-0.08089999962219038,-0.39939999465852105,0.023999997126845606,52.202633,-2.197152,46.27999999914673,Vw8
13494.41000000047,-2.4452505010827785,-7.508387127298336,9.815157425628687,-0.0019564359987089045,0.7185326691041402,-0.575710888089439,52.202633,-2.197152,46.09970297015758,Vw8
13494.51000000047,-3.730299994413462,-7.207099980658769,9.790900000002347,-0.07759999970246427,-0.16819999460915933,0.06319999721330097,52.202633,-2.197152,46.07000000070395,Vw8
13494.61000000047,-2.5398999795052317,-3.085799946626594,9.791399996055539,-0.014200000494641428,0.9804999978487322,-0.5305999996527185,52.202633,-2.197152,46.220000000657016,Vw8
13494.71000000047,1.827199986838669,8.287199956951213,8.950900008560076,-0.11959999866564082,0.5221000007528375,-0.4566000003059889,52.202633,-2.197152,46.359999999476535,Vw8
13494.81000000047,-0.9135554337877778,-0.6905227400027898,10.738885143417635,0.1601732670313433,0.6802861386073283,-0.5209742574607413,52.202633,-2.197152,46.24534653246021,Vw8
13494.910000000471,1.580899977471125,6.1571999474081265,9.657400000466408,0.09750000011024168,0.6788999973730445,-0.5283999989748467,52.202633,-2.197152,45.78000000094224,Vw8
13495.010000000471,-3.201099996708236,-5.005999979630899,9.756399994661436,0.12089999885019158,0.12130000017492015,-0.31079999896540567,52.202633,-2.197152,45.979999998973796,Vw8
13495.110000000472,-2.5023871254224916,-0.6824356232038209,8.623231677831999,-0.12315940708991897,0.1584287130461337,-0.09119603856980107,52.202633,-2.197152,45.762178216796016,Vw8
13495.210000000472,-1.575199989554708,-3.4367999776125693,10.052200001323751,0.07059999934923834,0.15310000088581147,-0.02690000125517545,52.202633,-2.197152,45.55999999910142,Vw8
13495.310000000472,0.6333999887168638,1.2968999733311164,10.332100007554576,-0.06699999918454154,0.34039999801270815,-0.29229999878660545,52.202633,-2.197152,45.36999999780251,Vw8
13495.410000000473,-1.6924385967994695,-4.231972251807238,11.902780192947885,0.10365841582190922,-0.0726603946487734,-0.03984950568362062,52.202633,-2.197152,44.907425741356285,Vw8
13495.510000000473,1.9136999913599095,1.1408000032462413,10.830799985759386,0.09950000020383595,0.22129999604529876,-0.19479999778854545,52.202633,-2.197152,44.64999999895954,Vw8
13495.610000000474,0.08680000769705366,1.8271999960779313,7.81970001611912,0.14260000053347321,-0.6148999984563328,0.2727999988152922,52.202633,-2.197152,44.42999999872307,Vw8
13495.710000000474,1.7142999799795295,0.9979000012272449,11.227999990238063,0.2553999977695952,-0.28849999967811524,0.022300000497544534,52.202633,-2.197152,44.159999998718156,Vw8
13495.810000000474,-2.5027000064514096,1.2563999881037597,9.171799991449111,-0.2144000000676168,-0.220700000870866,0.1271000001289994,52.202633,-2.197152,43.88999999918476,Vw8
13495.910000000475,-3.7809793799331164,-1.2157470547612894,7.426181390350887,-0.22546372404811021,-0.4012166661521349,0.15222352856802573,52.202633,-2.197152,43.71705882213249,Vw8
13496.010000000475,2.921079443570001,-0.3604529371175863,11.174318645238143,0.07816372693109072,-0.2928833328192266,-0.025423530254806703,52.202633,-2.197152,43.422941175074826,Vw8
13496.110000000475,-0.8762999949528665,-3.3174999696412377,9.35719999697438,-0.1394999989242024,-0.32560000055071725,0.1426999993272704,52.202633,-2.197152,43.07999999857573,Vw8
13496.210000000476,0.18679999471945213,3.077099969366122,8.719900002220086,0.08709999902797529,-0.44160000101496366,0.0010000023578677158,52.202633,-2.197152,42.77999999863162,Vw8
13496.310000000476,-0.9212198072585508,-3.3508208227003515,9.18574158637758,-0.11686039701122462,-0.6545702980442447,0.4957524776044123,52.202633,-2.197152,42.4928712857609,Vw8
13496.410000000476,2.2817999720002526,3.26169996938719,10.579699989841323,-0.07520000097793236,-0.2881000024562687,0.18090000097650263,52.202633,-2.197152,42.19999999799839,Vw8
13496.510000000477,-3.593399969279961,-3.1617999693581194,8.448100002933321,-0.28039999921841663,-0.8034999953367115,0.3857999971586585,52.202633,-2.197152,41.77999999895154,Vw8
13496.610000000477,2.8525999798613606,3.267799967344589,9.063600001426865,-0.11640000019873187,0.1749999970990866,-0.2103999979459608,52.202633,-2.197152,41.559999997855414,Vw8
13496.710000000478,-1.3730999977955207,-3.5842999824757915,9.363000002530173,-0.15809999950710898,-0.4336999978747699,0.220599998849921,52.202633,-2.197152,41.10999999758387,Vw8
13496.810000000478,-0.9234410031304854,0.040236999060519384,9.873533993746687,-0.05711200048433743,0.004289999133744314,-0.01665699964440443,52.202633,-2.197152,40.6062999982292,Vw8
13496.910000000478,-1.5529831596941144,-0.13715246713656953,8.597517830166073,-0.15683762354108652,-0.17432475219993848,0.05493960302216555,52.202633,-2.197152,40.23871287067112,Vw8
13497.010000000479,0.2486999834332084,1.5575999934565241,10.349299994329115,-0.11059999985696013,-0.11680000065492167,-0.14109999835241033,52.202633,-2.197152,40.109999998516976,Vw8
13497.110000000479,-3.214299982431451,0.1898000044050539,9.163899998666714,-0.08070000022388849,-0.2536999983543239,0.20329999944123556,52.202633,-2.197152,39.799999997942905,Vw8
13497.21000000048,0.4580999982089474,1.1105999939379028,8.885199999951027,-0.1275000002733887,0.09029999919837678,0.08649999976940256,52.202633,-2.197152,39.36999999776534,Vw8
13497.31000000048,0.08512970117998331,-0.15177624368335874,8.875001980149069,-0.18443069334258283,-0.07663069387059944,0.03848019778929968,52.202633,-2.197152,38.9046534631128,Vw8
13497.41000000048,0.2764999959545676,-0.6867999884021235,11.22679999026962,-0.22459999959254637,0.1422000004370425,-0.1510999991952791,52.202633,-2.197152,38.579999999078375,Vw8
13497.51000000048,-0.5632386166182811,1.6713791921533123,9.242722782809176,-0.13825148402026174,0.23159009866885652,0.015055445667273385,52.202633,-2.197152,38.383564353343886,Vw8
13497.61000000048,-1.1370999937101676,-1.6106999769444839,11.434999991352802,0.09659999958317494,0.1606000003856112,0.0405999983634334,52.202633,-2.197152,37.73999999889551,Vw8
13497.710000000481,0.1726999868161761,3.19039999183418,9.634299993384474,0.009799999968838322,0.240899997939921,-0.3001999987028952,52.202633,-2.197152,37.509999998685366,Vw8
13497.810000000482,-2.5017267166278896,1.520691092673118,8.293683177037083,0.003784158601094412,-0.17884554293683538,-0.032737623250066225,52.202633,-2.197152,37.23742574133288,Vw8
13497.910000000482,0.8255999883044529,2.259799996169772,10.102000002677206,0.042199999814417605,0.15659999839579686,0.07350000043672116,52.202633,-2.197152,36.97999999749343,Vw8
13498.010000000482,-1.6006999941765692,1.465199996883662,10.657399994500013,0.0036999996134101823,-0.17619999956520696,0.16409999890530488,52.202633,-2.197152,36.45999999831289,Vw8
13498.110000000483,-0.3926000092492337,0.8187000020115203,9.516399999345401,-0.07649999934202606,-0.08599999978790583,-0.0629999996196766,52.202633,-2.197152,36.10999999893953,Vw8
13498.210000000483,-2.3113999788106714,1.2359999967299324,9.380600012108735,0.06000000088482488,-0.041999999278055714,0.01589999989029513,52.202633,-2.197152,35.88999999817957,Vw8
13498.310000000483,2.067906951873722,0.5601584125728556,11.88317426952952,0.24287128801317545,0.1072079215137279,-0.006773267436392626,52.202633,-2.197152,35.51376237441794,Vw8
13498.410000000484,-1.8883999795819641,-1.2939999883135425,4.967500034401335,0.37700000068174633,0.3644000002332163,-0.20190000186669785,52.202633,-2.197152,35.149999998548445,Vw8
13498.510000000484,2.331499977752523,1.1212999834697082,12.077399981311732,0.5178999960841925,0.4125999996709812,-0.58769999807524,52.202633,-2.197152,34.84999999956454,Vw8
13498.610000000484,-2.266499980402092,-2.295099970572171,8.215000006601182,-0.2913999969749624,0.34460000089367315,-0.1899000004828835,52.202633,-2.197152,34.759999998548444,Vw8
13498.710000000485,1.783899985119851,3.7868999776287566,9.579299996044487,0.33379999761040463,0.5292999987029172,-0.2896999985773298,52.202633,-2.197152,34.45999999798864,Vw8
13498.810000000485,-1.2269237515043336,-0.7262177989064413,8.774899010823658,-0.15227227672838486,0.26651980276720844,-0.0020108922118975865,52.202633,-2.197152,34.04633663188345,Vw8
13498.910000000486,1.0106999899155444,3.9819999804372057,8.96480001145356,-0.04950000040504893,0.42849999837737596,-0.23309999898349235,52.202633,-2.197152,33.67999999868869,Vw8
13499.010000000486,-1.065699994856753,-0.04599998670283639,11.32309998609672,-0.13289999983827183,0.09440000117483614,-0.023800000264690244,52.202633,-2.197152,33.40999999830015,Vw8
13499.110000000486,-0.006699995918913556,2.6918999842599156,8.46040001462887,-0.09959999924866823,0.33629999743323313,-0.07829999954444138,52.202633,-2.197152,33.0599999998543,Vw8
13499.210000000487,0.8335999900936294,-0.549000006289595,11.472499990762818,0.05509999935346135,-0.19219999859366765,0.01550000063422832,52.202633,-2.197152,33.02999999940911,Vw8
13499.310000000487,-1.1841940029232092,-1.8224969981453178,9.607448005290454,-0.07496899939965454,0.09361200010339012,0.14172699874517558,52.202633,-2.197152,32.90919999960985,Vw8
13499.410000000487,-1.7523593936310777,-1.4121168151587784,10.684231684549292,0.04680297024970955,0.1186653485172712,-0.1157227736050891,52.202633,-2.197152,32.828316830862306,Vw8
13499.510000000488,0.771700000606924,1.9762000048695292,10.967399994071643,0.03709999937845132,0.5251999978540727,-0.38799999768686394,52.202633,-2.197152,32.65999999965875,Vw8
13499.610000000488,0.8962000055332482,2.9751000048394376,9.751300009487819,-0.09039999853851734,0.08500000095675904,0.08649999867196134,52.202633,-2.197152,32.590000000098485,Vw8
13499.710000000488,1.9918267189817864,3.9223247351250117,11.651829690158134,0.20382178092080738,0.2763376223176097,-0.1810485138021945,52.202633,-2.197152,32.609801980101444,Vw8
13499.810000000489,-0.815500002940742,0.3648000027000024,9.024800001333366,-0.053999998740031516,-0.01989999912805288,0.034099999062974895,52.202633,-2.197152,32.59000000019573,Vw8
13499.91000000049,-1.4164999973523538,0.9165999939839563,9.297300001896069,0.20349999948720504,0.15829999884327553,-0.1573999982037498,52.202633,-2.197152,32.63000000039145,Vw8
13500.01000000049,-0.8753999941420028,-0.3128999956314569,9.684800000034251,0.09869999987522642,-0.07809999867544284,0.2096999991363711,52.202633,-2.197152,32.71000000044038,Vw8
13500.11000000049,0.32179999723565605,0.579900000995915,9.69179999972915,0.07319999973705865,0.19259999931101457,0.03320000005239057,52.202633,-2.197152,32.79999999975287,Vw8
13500.21000000049,-0.24487921153309342,0.7845980213674885,9.64408218168472,0.019388118512350498,0.05293069293747465,0.044162376415015726,52.20263292079204,-2.1971403762319337,32.750594059696745,Vw8
13500.31000000049,-0.9828000016005833,1.1043999988610762,10.352299999197006,-0.041800000071213435,0.025999999844803823,0.08040000040763552,52.202625,-2.195978,32.81000000034379,Vw8
13500.410000000491,-1.308700000925204,0.872500004937068,10.188799995900824,-0.05629999985613448,-0.0055999998844114916,0.16339999961007481,52.202625,-2.195978,32.88,Vw8
13500.510000000491,-1.4907821760472344,1.861285145363073,9.370184162191263,-0.026397029259318194,0.01794455457560132,0.08400792040291069,52.202625,-2.195978,32.88188118904309,Vw8
13500.610000000492,-1.0489999984090457,1.2198000009485204,10.138599997159897,0.06389999922213399,0.04240000219915819,0.004799999235528362,52.202625,-2.195978,33.06999999995039,Vw8
13500.710000000492,-0.7268188111534163,1.439490113008319,9.558397025918168,-0.09305940601891709,0.48541485134504275,-0.15095841665643558,52.202625,-2.195978,33.06138613929493,Vw8
13500.810000000492,-0.5787000058507776,4.288499975358116,8.788100007257153,-0.10899999891256085,0.4568999989485459,-0.31679999923100405,52.202625,-2.195978,33.200000000640834,Vw8
13500.910000000493,-1.7655999938889468,-0.7103999719779844,10.260299988969837,0.11159999932417086,0.24360000216008995,-0.16080000073350384,52.202625,-2.195978,33.330000001133776,Vw8
13501.010000000493,-0.525900006670547,4.974199963621562,8.022700005810849,-0.025499999032839695,0.681799997657027,-0.3095999988435484,52.202625,-2.195978,33.56000000088731,Vw8
13501.110000000494,-1.8790999889042757,-2.405599964050425,9.201500007541089,0.1707000001508415,0.20650000192396872,-0.07500000141722012,52.202625,-2.195978,33.74000000044365,Vw8
13501.210000000494,0.37179998805983344,4.887199974341481,10.731299991441553,0.20129999887094602,0.5967999990347133,-0.3624999981659057,52.202625,-2.195978,33.83,Vw8
13501.310000000494,-2.0414999855998612,-0.29879996662017655,9.001500009546493,-0.026899998857587343,0.4017000021641026,0.00819999815452611,52.202625,-2.195978,33.83000000054424,Vw8
13501.410000000495,0.868999976035062,6.4477999518445115,10.930999985154077,0.2039999981164292,0.8390999966326286,-0.3647999971585639,52.202625,-2.195978,33.940000000643195,Vw8
13501.510000000495,-3.974699991492019,-3.2851999648137893,7.930400003170455,-0.1766999986710609,0.15850000375823584,0.2094999971546058,52.202625,-2.195978,34.07000000133586,Vw8
13501.610000000495,-2.255100013055431,3.826499960717119,8.571200006326135,0.09189999886644902,0.9180999944498132,-0.3655999967766787,52.202625,-2.195978,34.34000000200846,Vw8
13501.710000000496,-4.893812884384855,-4.113203009707174,9.849813867732768,-0.13720891202831242,-0.20368218378598935,0.28588515174861523,52.202625,-2.195978,34.74594059607436,Vw8
13501.810000000496,-2.7989269893639794,6.037466051293346,8.236425991846396,-0.10831499984363903,0.6323420042480544,-0.12656800210069724,52.202625,-2.195978,34.79950000024819,Vw8
13501.910000000496,-2.0362000000029794,9.820899982477533,8.326800001319425,0.11419999965835013,-0.364499997605968,0.4510999986850453,52.202625,-2.195978,34.690000000695214,Vw8
13502.010000000497,-2.0367999987482146,6.292300002290187,8.592500000957768,0.04540000000639168,0.11759999946801583,0.18630000072963446,52.202625,-2.195978,34.8300000010325,Vw8
13502.110000000497,-1.784720790827922,6.753488121101154,8.785371288086099,0.04668712871926041,0.010471286596940951,0.33323069379865033,52.202625,-2.195978,35.0379207931113,Vw8
13502.210000000498,-2.8801999911069935,2.3114000294341914,9.916599999545955,-0.010199999500101696,0.26660000053727856,-0.026700000164971427,52.202625,-2.195978,35.11000000034888,Vw8
13502.310000000498,-1.095900013809753,8.217099963301584,9.825499997504995,0.09009999936603126,0.3743999985172508,-0.05979999776615732,52.202625,-2.195978,35.17999999960128,Vw8
13502.410000000498,-3.866700000202322,0.8539000384170093,9.3248999928378,-0.03709999936293228,0.07690000345230501,0.3883999988072869,52.202625,-2.195978,35.100000000296085,Vw8
13502.510000000499,-3.907294059608182,8.561919840381936,7.887870289870349,0.09072178281503232,0.7695732707776654,0.14909306811469164,52.202625,-2.195978,35.15940594089002,Vw8
13502.610000000499,-1.7353000091217836,0.6248000164261578,8.416399992395073,0.011600000456114349,0.2669000038945923,0.3220999977682617,52.202625,-2.195978,35.019999999748286,Vw8
13502.7100000005,-3.546579999690855,3.907363009854254,6.936524015319644,0.10209899994963924,1.0385959990506248,-0.1224770006367395,52.202625,-2.195978,34.969299999650964,Vw8
13502.8100000005,-3.4909306959370614,5.860661384517946,9.971878214658235,0.09172970278499291,0.8514257432376857,-0.24766831621532404,52.202625,-2.195978,34.898415840791415,Vw8
13502.9100000005,-4.064000003914738,5.536800002208481,9.339699997749502,0.05470000009154064,0.9839999998034127,-0.12450000029413058,52.202625,-2.195978,34.739999998499336,Vw8
13503.0100000005,-4.846599996940055,5.9782999716096175,8.88979999477192,0.07300000030771236,0.9447000004067462,-0.18329999944722933,52.202625,-2.195978,34.43999999873681,Vw8
13503.1100000005,-4.229153994071998,0.3859270132246568,7.873891009403433,0.13293599951759302,1.0285790016909264,-0.07864400237400279,52.202625,-2.195978,34.18749999874894,Vw8
13503.210000000501,-3.0322534532626864,2.974480184147754,9.736589110106491,0.036483167807970264,1.3567930661507015,-0.5440118790421804,52.202625,-2.195978,33.937623761187076,Vw8
13503.310000000502,-0.617600035004814,0.2025000122518104,9.975499992928752,-0.0652000003569512,0.7261000020066581,-0.11520000071490649,52.202625,-2.195978,33.699999998343266,Vw8
13503.410000000502,-7.590099993551784,2.6428999990923097,8.567000008015086,-0.13629999997841225,1.1257999964340022,-0.2575999978628111,52.202625,-2.195978,33.36999999809224,Vw8
13503.510000000502,-6.305700004099667,2.462099997631872,10.163499998393972,-0.13199999959033448,0.4155000019775398,0.16809999875493814,52.202625,-2.195978,32.989999998343265,Vw8
13503.610000000503,-7.122299978523185,1.9903999937229804,9.843600005377864,-0.05039999978161213,0.8093999962618021,-0.07989999808471329,52.202625,-2.195978,32.659999998142446,Vw8
13503.710000000503,-2.8443999820001027,0.7400999961968642,10.914799996399415,-0.006899999582300006,0.06480000238124266,0.3015999985433405,52.202625,-2.195978,32.28999999823649,Vw8
13503.810000000503,0.7279999931207985,-0.01469999588799801,10.20020000048421,0.07600000015367732,0.5373999979321583,0.012500000782998542,52.202625,-2.195978,31.939999997329544,Vw8
13503.910000000504,-0.6372999893756066,0.8014000111645313,10.29629999470292,0.10649999938377913,0.12699999975058926,0.16789999990376273,52.202625,-2.195978,31.40999999697684,Vw8
13504.010000000504,1.4712999715450068,3.017199992444114,9.244999997311906,-0.015799999779813154,0.0775000000125965,0.14879999998639576,52.202625,-2.195978,30.809999996624136,Vw8
13504.110000000504,-4.1760999846398255,1.5175999935747766,8.711500001902575,0.02789999984833812,0.07999999902654235,0.1461000003647947,52.202625,-2.195978,30.139999995011785,Vw8
13504.210000000505,-1.1276000032302778,0.24240000728885788,9.089099997291584,-0.0022000004035318856,-0.11319999814466354,0.21849999879951792,52.202625,-2.195978,29.14999999610627,Vw8
13504.310000000505,-1.766399986467722,1.683799990360429,8.5535000047258,-0.08200000003269037,0.25369999853710623,-0.0188999994999396,52.202625,-2.195978,28.379999995607232,Vw8
13504.410000000506,0.8878683193450412,-0.20162970207474418,9.487469311366885,-0.08755940551535672,-0.029766335149590067,0.07757227650547042,52.202625,-2.195978,27.508217815821844,Vw8
13504.510000000506,1.3847000028191607,-0.024599999569667127,10.364399996512837,-0.0035000003089699023,0.2635999988035634,-0.06519999951100836,52.202625,-2.195978,26.329999995448887,Vw8
13504.610000000506,1.942199997932784,0.06050000550886762,9.67480000107204,-0.06460000021895904,0.027000000434378307,0.031499999138828574,52.202625,-2.195978,25.429999995297184,Vw8
13504.710000000507,1.5333999941135303,1.1499000029475486,9.886799998494253,-0.10789999959755404,0.11290000007409472,-0.13879999914334332,52.202625,-2.195978,24.499999995635516,Vw8
13504.810000000507,0.37350000048161563,1.730700004347228,9.590100006536574,-0.02859999913826832,0.1274999990443812,0.02999999998629755,52.202625,-2.195978,23.63999999487427,Vw8
13504.910000000507,0.46839999897739143,2.587299986742121,10.87809999194296,0.1411999992199755,-0.060800000138546965,0.027299999752848456,52.202625,-2.195978,22.629999996143013,Vw8
13505.010000000508,0.2668999882460378,-0.025100004685898604,9.29049999750352,-0.01249999955504212,-0.08810000079456765,-0.02139999964013775,52.202625,-2.195978,21.869999995642694,Vw8
13505.110000000508,-1.9940989937044056,-0.9297485100528323,8.814396045136034,0.07441782184199801,-0.24320891094638472,0.05048217907188749,52.202625,-2.195978,21.013663363119434,Vw8
13505.210000000508,1.195999987438165,0.015400000725405911,9.90400000165899,0.08619999925382582,-0.2540999985205082,0.2186999987301688,52.202625,-2.195978,20.37999999634083,Vw8
13505.310000000509,-1.2704077795377524,0.15782718519059527,10.229728156996897,-0.060304855114252404,0.03638543837100283,-0.030620389617892763,52.202625,-2.195978,19.66155339440327,Vw8
13505.41000000051,0.6086287005046989,1.2209227673465335,9.572983168868722,-0.013639603878671828,-0.14830395963378476,0.09963168257304172,52.202625,-2.195978,18.976336631796826,Vw8
13505.51000000051,-1.8184999831859168,0.25320000614949384,9.681299996815751,0.0023999997646955307,0.0012999989426578395,-0.017199999472856872,52.202625,-2.195978,18.609999998624843,Vw8
13505.61000000051,1.4827999906877296,1.4605999968077654,9.056100004527263,-0.043799999845661505,-0.20629999923551,0.08629999920001213,52.202625,-2.195978,18.340000000360124,Vw8
13505.71000000051,-0.3144811815872023,0.8359019780589895,9.934987128145826,-0.014486138963471756,-0.05889207981532467,-0.06715742470181496,52.202625,-2.195978,18.40811881092266,Vw8
13505.81000000051,0.9673999882975408,0.4161000053311487,9.823699999525667,-0.08309999981496875,-0.17810000002197884,0.13709999982570262,52.202625,-2.195978,18.21999999943775,Vw8
13505.910000000511,-1.3220999836078677,1.4590999902649033,9.73089999918985,-0.04690000005878064,-0.1823999997500545,0.10300000025761255,52.202625,-2.195978,18.109999999897774,Vw8
13506.010000000511,1.8848999850865842,-0.44549999302248217,9.572400003552907,-0.05839999943723924,-0.13349999922205097,0.15339999912033492,52.202625,-2.195978,18.090000000817817,Vw8
13506.110000000512,-1.032799987746025,0.9195999964384042,10.267499998409345,0.05169999989266144,0.018699998585686627,-0.018699999955531166,52.202625,-2.195978,18.25000000056225,Vw8
13506.210000000512,1.3646000023000904,0.22279999557627597,9.95629999855039,0.03070000016363265,-0.25799999725261297,-0.010000001009495463,52.202625,-2.195978,18.36,Vw8
13506.310000000512,1.813000004184174,-0.6395999963154441,9.673700003045415,0.06259999989843491,0.2775999980471803,-0.20679999880584074,52.202625,-2.195978,18.359999999948705,Vw8
13506.410000000513,2.628699981185323,0.07869999672273044,10.267399992700138,0.042800000069248924,-0.10309999860578828,0.02599999944754745,52.202625,-2.195978,18.35000000092332,Vw8
13506.510000000513,-1.0392000019517937,-0.5601999884431236,8.844300012392994,0.05630000088895104,0.16869999965580718,-0.08169999988099443,52.202625,-2.195978,18.53,Vw8
13506.610000000514,-1.4196999862210025,1.6927999906257472,11.260299990137415,0.2295999992428784,0.10160000021749292,-0.05850000007899508,52.202625,-2.195978,18.530000000666842,Vw8
13506.710000000514,1.2664999689030174,-0.13469998671265346,9.337600010793782,0.08200000079789971,0.14400000175846797,-0.0739000014789457,52.202625,-2.195978,18.660000001081027,Vw8
13506.810000000514,-4.774399962764853,2.446499985127664,11.434399990361886,0.23699999966591165,0.48559999800473597,-0.3611999984206734,52.202625,-2.195978,18.870000001132503,Vw8
13506.910000000515,2.458899980102685,-0.4425999952796784,9.562099998467117,0.17209999977173154,0.09800000161243856,-0.054400001911943434,52.202625,-2.195978,19.090000000467978,Vw8
13507.010000000515,-1.3343306758850444,0.4625386124908465,9.281574264776587,0.12844851497946339,0.40550989965627027,-0.42094653405946286,52.202625,-2.195978,19.182376238847457,Vw8
13507.110000000515,2.0025999805266146,0.1964000052882733,10.709000002170802,0.1532999995269227,0.14650000013744466,-0.30559999885462785,52.202625,-2.195978,19.420000000514776,Vw8
13507.210000000516,-1.7802999845298302,1.223699990845563,11.130699995923518,0.06140000026903754,0.1731999992159039,-0.08309999949210213,52.202625,-2.195978,19.520000000767215,Vw8
13507.310000000516,1.2143534808107717,-0.5483792170717183,10.341591085033993,0.11347920818972645,0.021417820998382797,0.015216832190871415,52.202625,-2.195978,19.668514852252073,Vw8
13507.410000000516,-2.5566999903686405,0.3366999944497249,9.91480000002583,0.08079999983210727,0.19909999821982055,-0.18549999907323217,52.202625,-2.195978,19.77000000067157,Vw8
13507.510000000517,-0.6923000027477582,-0.737700004069203,9.919799996793508,0.04829999939455302,-0.14549999886194565,-0.006100000154977897,52.202625,-2.195978,19.900000000309955,Vw8
13507.610000000517,-1.2242000014743564,-1.525399994960119,9.299100005591086,-0.06889999893375207,0.07479999952111831,-0.03609999996538827,52.202625,-2.195978,19.96000000082655,Vw8
13507.710000000518,-1.5095999983597446,-0.5498000014717715,10.38140000099224,0.13749999952150577,-0.017900000849158822,-0.029399999689989634,52.202625,-2.195978,20.12000000077762,Vw8
13507.810000000518,-1.1932000132449077,-0.8336999974188267,10.572799994492911,0.045199999706578814,-0.1816999981217934,0.030399999069968906,52.202625,-2.195978,20.27000000171076,Vw8
13507.910000000518,-3.748099979191781,-0.3358000119543708,9.51049999898098,-0.011400000389594458,0.18059999891447676,-0.14899999844476405,52.202625,-2.195978,20.60000000172804,Vw8
13508.010000000519,0.21219405245348455,-2.614275245230031,9.322547528199948,-0.08516930660360929,-0.025881187694167782,0.14610494951225772,52.202625,-2.195978,20.933267328427142,Vw8
13508.110000000519,-1.1283999988517175,-2.1717999988828223,9.98730000036859,-0.02210000008864845,0.055999999712799765,-0.043399999577494235,52.202625,-2.195978,21.260000001399714,Vw8
13508.21000000052,-0.9069000086925393,-1.956299994950638,10.058400002096011,-0.03920000019664731,0.0006000004234680091,0.03809999973936429,52.202625,-2.195978,21.53000000265318,Vw8
13508.31000000052,-2.5777999920576335,-0.9857000053230033,10.46129999666844,-0.0769999999427746,0.08199999921185008,-0.011999999255029252,52.202625,-2.195978,22.0400000020289,Vw8
13508.41000000052,-1.051099999477688,-2.0088999947487887,9.820899996292313,-0.06599999995578038,-0.06949999978046253,0.13119999995161852,52.202625,-2.195978,22.43000000197688,Vw8
13508.51000000052,-0.950699989357635,-0.9994999997097112,9.1082000029263,-0.057499999814277544,-0.027300000366242604,0.12190000041618478,52.202625,-2.195978,22.81000000249711,Vw8
13508.61000000052,1.0949999823026884,-0.9437000008596947,9.67070000598686,-0.021800000290068178,-0.09769999879821391,0.201899999629007,52.202625,-2.195978,23.290000001944296,Vw8
13508.710000000521,-2.2599459933101453,-1.0991409957536544,10.791362990300389,-0.0773290001712278,0.13095599997710025,0.12994699929583217,52.202625,-2.195978,23.66360000187362,Vw8
13508.810000000522,-1.010796051822497,-0.2814069254742082,8.97110793374797,-0.10893663316025012,0.12828712959397098,-0.005236634309195876,52.202625,-2.195978,24.023861388155215,Vw8
13508.910000000522,-3.3504000005575496,0.7178999959854357,11.45189999257645,-0.012600000436955815,0.2969999993302099,-0.12889999889273202,52.202625,-2.195978,24.410000002244814,Vw8
13509.010000000522,-3.4571999943947493,-0.05109999929732076,10.029900001081687,-0.09629999912243402,0.1687000012048913,0.08319999957818362,52.202625,-2.195978,24.840000002558046,Vw8
13509.110000000523,-2.3835000079868425,0.08349999849075357,10.237099995221676,0.07179999969303463,0.3995000002735542,0.0023999995870584824,52.202625,-2.195978,25.33000000271466,Vw8
13509.210000000523,-3.9133999778151978,-0.2055999996579136,9.321800004341826,0.012999999946041499,0.45190000021373855,-0.07669999996437692,52.202625,-2.195978,25.850000002095477,Vw8
13509.310000000523,0.32139997651181185,-0.14030000694597838,10.150599996202999,0.0027000003729946913,0.49269999769497663,-0.0698999987364281,52.20262500000224,-2.1959779999987377,26.25000000167638,Vw8
13509.410000000524,-4.162199979159541,-1.4661999927150466,9.42580000073077,0.0738999990247571,0.05270000081437809,0.17129999960207126,52.203053,-2.195737,26.57000000201081,Vw8
13509.510000000524,-0.23340990602633152,-0.0984188165552436,9.560463364535607,-0.11063069319020556,0.20996336809926316,0.09431980104725489,52.203053,-2.195737,26.953168318492093,Vw8
13509.610000000524,-1.194399996294151,-0.9903000000602449,9.216800001105362,-0.1336999999376596,0.5462999973115046,-0.08369999894807115,52.203053,-2.195737,27.270000002043087,Vw8
13509.710000000525,-0.48700000248772524,-1.0017999963000066,9.427800001126776,-0.12179999960440656,0.0331000008655266,0.11709999984070062,52.203053,-2.195737,27.660000001592994,Vw8
13509.810000000525,-0.9796441303440665,-0.31125294446479296,9.631484309247227,-0.046770587956884886,0.19590784303620265,0.08718431376982944,52.203053,-2.195737,27.963235295819036,Vw8
13509.910000000526,-3.3940558950404762,-0.9365470621093985,8.779915681799586,0.0061705885134956465,0.17669215676176825,0.09561568631881597,52.203053,-2.195737,28.286764707582474,Vw8
13510.010000000526,-0.5925623876821537,-0.6597089122104903,9.235464359361861,-0.02727722765820805,0.12308019911374908,0.029703959977413485,52.203053,-2.195737,28.61198019906116,Vw8
13510.110000000526,-2.7687999960862535,-0.9106000014361794,9.791900000138781,-0.015000000359044861,0.331099999595746,-0.04989999986279545,52.203053,-2.195737,28.810000001419358,Vw8
13510.210000000527,-2.0242999988463426,-1.1837999988368473,9.818299998183795,-0.08329999976684194,0.2542000005633774,-0.023800000375057428,52.203053,-2.195737,29.080000001266015,Vw8
13510.310000000527,-1.8055999958907212,-0.9633000021474808,9.473999999940393,-0.039100000114996515,0.36099999942712746,-0.09489999957060936,52.203053,-2.195737,29.320000000896762,Vw8
13510.410000000527,-1.026600008527677,-1.3704000051178722,9.462700007964827,-0.0608999996265251,0.252399999314241,-0.01349999983541784,52.203053,-2.195737,29.490000001266015,Vw8
13510.510000000528,-2.643199990032229,-2.34059999047006,10.972599989264179,0.009899999702486093,0.12239999986232068,0.017700000744312275,52.203053,-2.195737,29.730000000369255,Vw8
13510.610000000528,-0.7536000160013951,-0.5340000075813296,8.937400005730835,-0.046499999322153596,0.0962999999841748,0.1587999992229823,52.203053,-2.195737,29.80000000079126,Vw8
13510.710000000528,-3.7869999800846417,-1.971199988462283,10.023799997998617,0.08199999966334873,0.0932999996384704,0.011500000817808541,52.203053,-2.195737,29.94999999936481,Vw8
13510.810000000529,-0.024600019619994418,0.20849999095487873,9.645700002252811,0.01839999951619611,0.02500000070029819,0.16599999933357867,52.203053,-2.195737,29.829999999153078,Vw8
13510.91000000053,-3.7311999681859245,-1.5002999893679596,10.071299995785507,-0.07300000012915552,0.15729999792239577,0.040100001519165374,52.203053,-2.195737,29.669999998888418,Vw8
13511.01000000053,2.279099974591832,0.5082999912771281,9.275100001381489,-0.09739999933493605,-0.23519999715054948,0.3270999984319375,52.203053,-2.195737,29.45999999905665,Vw8
13511.11000000053,-2.5209990352996496,-1.139620800798815,9.536090100390872,0.02824356502125068,0.30311683453155236,0.030862374670148074,52.203053,-2.195737,29.281782177274824,Vw8
13511.21000000053,0.053399985097136234,0.36839999434808707,10.283599996430175,0.023899999491694326,0.08500000132626884,0.15359999869179009,52.203053,-2.195737,28.829999998459677,Vw8
13511.31000000053,-2.752399992861198,-0.6957000012103666,9.611500001906757,-0.07179999925210505,0.33469999955255064,-0.09269999898492308,52.203053,-2.195737,28.53999999694189,Vw8
13511.410000000531,-1.4191247510537734,-0.9254643586483453,9.954333656689302,0.06545247410645247,0.25030098956819297,0.09681386155290667,52.203053,-2.195737,27.964950492366484,Vw8
13511.510000000531,-1.1515999981511864,-1.341899994605392,8.697700004007192,-0.14929999910939337,0.15039999961210326,0.12819999975642446,52.203053,-2.195737,27.459999996351733,Vw8
13511.610000000532,-0.8063108907229434,-0.3359544552087995,9.452571291364343,0.016175247245919462,0.08192673470664392,0.08092079108067007,52.203053,-2.195737,26.773960392830396,Vw8
13511.710000000532,-0.7373999930725461,-0.2913999964167599,10.249700001929437,-0.03629999981427016,0.46459999884147646,-0.10699999963715387,52.203053,-2.195737,26.16999999633924,Vw8
13511.810000000532,0.5386346477256728,0.361745537914213,10.61570990504741,-0.0008732668326340249,0.2526079225024207,-0.041312872200366606,52.203053,-2.195737,25.483267323143068,Vw8
13511.910000000533,-0.5379000094489169,-0.8837000155108483,11.37669998848105,0.0917999991232744,0.5733999987971005,-0.2125999992250705,52.203053,-2.195737,24.80999999600277,Vw8
13512.010000000533,-2.310799995063893,-3.7939999895275287,9.215400001711407,-0.07269999968129835,0.347700000677241,-0.06720000011089955,52.203053,-2.195737,24.0599999975236,Vw8
13512.110000000534,-1.4056901052961461,-1.8777980353164627,9.525747520725647,-0.014565347102674944,0.4747584165125463,-0.08972079310333587,52.203053,-2.195737,23.597128711340375,Vw8
13512.210000000534,-2.5846999838158657,-4.787599971691268,8.770500008623374,-0.12109999935826053,0.6005999986876428,-0.2817999995096041,52.203053,-2.195737,23.309999998876954,Vw8
13512.310000000534,0.4416000011283919,0.5058999852202054,10.382999990396367,-0.0011000007775743142,0.35519999992994344,-0.19009999894273422,52.203053,-2.195737,23.099999998823478,Vw8
13512.410000000535,0.6525999949627773,-2.2577999880122204,8.587200013275039,-0.146499998535019,0.3420999989628453,0.007600000670909437,52.203053,-2.195737,22.87999999994598,Vw8
13512.510000000535,-0.2884604006192531,-0.047251489776894966,11.040041581666253,0.12347326667045401,0.15141782248718783,0.12917128572240144,52.203053,-2.195737,22.869108910414376,Vw8
13512.610000000535,-1.1444999977328447,-0.9123999928371505,10.574200001887945,0.0008000011673392058,0.2831999986862707,-0.13369999910491392,52.203053,-2.195737,22.779999999243742,Vw8
13512.710000000536,-0.7373554522617053,0.387552461312125,10.92834158664166,0.21637623734355005,0.04176930787727051,0.03110395991665931,52.203053,-2.195737,22.64029702986188,Vw8
13512.810000000536,-1.9928999841902995,-2.217199988839765,11.392499978789049,0.1639999998818392,0.21870000039513413,-0.05849999969755167,52.203053,-2.195737,22.670000000325214,Vw8
13512.910000000536,0.8983920655152694,-0.19144556240066318,7.514723781445392,0.142256435673859,0.29323267414374576,-0.005198021142917182,52.203053,-2.195737,22.72980198009172,Vw8
13513.010000000537,-1.6523999931980347,-3.51599997910365,11.067099994131185,0.14789999897509043,0.4564999976813433,-0.254999998053745,52.203053,-2.195737,22.710000000482943,Vw8
13513.110000000537,-0.3847999991451932,0.37819999683995154,9.97340000077217,-0.043099999209048834,0.02440000124545295,0.10769999892572306,52.203053,-2.195737,22.800000000697583,Vw8
13513.210000000538,-0.22550000008399365,-0.210700001078457,10.117300004396206,0.1043000003790483,0.25649999895169456,-0.0924999997910927,52.203053,-2.195737,22.929999999353896,Vw8
13513.310000000538,-0.2411000012758943,-0.41100000518243673,10.933800004066981,0.174700000034807,0.061800000488929654,-0.05370000036710513,52.203053,-2.195737,22.810000000108772,Vw8
13513.410000000538,-0.4670329953317722,-1.3700580033168277,11.65099198351389,0.18142700017612906,0.15018799918560513,-0.1205839996682095,52.203053,-2.195737,22.830700000377032,Vw8
13513.510000000539,0.38981485084680506,-1.9643138530988724,8.644137636332463,0.2143366339524074,-3.4653753321034074e-05,-0.059553465321470204,52.203053,-2.195737,22.900297029862955,Vw8
13513.610000000539,0.2713000063156767,-0.4257000015608821,10.977899989844843,0.2679999990087672,-0.05349999783554813,-0.05490000050557719,52.203053,-2.195737,22.93000000096916,Vw8
13513.71000000054,1.4442999957931522,-0.7156000129954697,9.091800004165249,0.0838999994440932,0.3484999992885041,-0.14880000023122264,52.203053,-2.195737,23.110000001026457,Vw8
13513.81000000054,0.6655999956748397,-3.1210999916576165,9.862800001064812,-0.019000000050782544,0.21680000026039561,-0.1915999997887662,52.203053,-2.195737,23.300000000702312,Vw8
13513.91000000054,-0.13499999905295954,-1.57689999554032,10.0598999945452,-0.028400000621816072,0.26499999908105204,-0.15249999912102977,52.203053,-2.195737,23.430000000756337,Vw8
13514.01000000054,0.04029999163924804,-0.751400011128941,9.050200009123031,-0.1434999996234528,0.09489999901946466,0.01020000044137596,52.203053,-2.195737,23.57000000081036,Vw8
13514.11000000054,-1.5072999975399988,-2.811399989166281,10.738899998415295,-0.07380000057079888,-0.08659999994597602,0.09190000008840288,52.203053,-2.195737,23.720000001145962,Vw8
13514.210000000541,-1.0435722702408579,-0.8140247459491079,10.43936633169732,-0.17618019682009675,-0.07343762199920553,0.10571782049471577,52.203053,-2.195737,23.93158415927201,Vw8
13514.310000000542,0.24920000713783083,0.39350000225930126,9.526000000013552,0.04579999980811117,0.2527999988519194,-0.13249999961513823,52.203053,-2.195737,24.090000001409354,Vw8
13514.410000000542,1.5659999975886596,0.8102999949736363,9.528499997748538,0.01040000020806299,0.04100000060940555,-0.06150000017685354,52.203053,-2.195737,24.350000001697357,Vw8
13514.510000000542,1.118319413527681,-0.10978058365251092,9.129071851043722,0.048798058468282536,0.15081067880403556,-0.09269611590625061,52.203053,-2.195737,24.661067961744173,Vw8
13514.610000000543,0.3902611610918819,-0.3178388360821572,10.306256317077068,0.08860388371147197,0.0018786399673219323,0.01769223360961862,52.203053,-2.195737,24.76786407825029,Vw8
13514.710000000543,0.5132959603593024,0.5818767726912153,9.54184039966903,-0.008402020744597602,0.10353232381279316,-0.009203030464485517,52.203053,-2.195737,25.047171718709386,Vw8
13514.810000000543,-0.3080999971930465,-1.2696999864079492,10.253300000542245,0.020900000195796017,0.1449000001816552,-0.15709999986294276,52.203053,-2.195737,25.20000000070704,Vw8
13514.910000000544,0.2080000031028505,1.229399991536382,10.353000002283737,0.05690000019228004,0.17829999953523165,-0.13189999981486178,52.203053,-2.195737,25.330000000878993,Vw8
13515.010000000544,0.7838604020572993,-0.3164851513903736,10.75896138084007,0.09178910885055791,0.09211089022451299,-0.09662475161819324,52.203053,-2.195737,25.491386139368025,Vw8
13515.110000000544,1.88989999333097,-0.844999993032925,9.785100011831519,0.0807000004731737,-0.06679999958719672,0.060899999495281375,52.203053,-2.195737,25.630000000815816,Vw8
13515.210000000545,0.6636999992392986,0.4359999930336344,11.960499989203933,0.1676999999088686,0.009100001002445061,-0.03190000026902853,52.203053,-2.195737,25.780000000873116,Vw8
13515.310000000545,0.5242999998368422,-0.840600011144893,9.982100005152702,0.15099999991456262,0.1928000000429943,-0.08120000101587801,52.203053,-2.195737,25.940000000496088,Vw8
13515.410000000546,0.5038693119361712,-2.8206663137968784,10.912116829072062,0.13441782119142262,0.20124851520550613,-0.26504356410726976,52.203053,-2.195737,26.031683169235666,Vw8
13515.510000000546,1.4208000019208529,1.3626999943274816,10.433800005225592,0.0262000003263267,0.266099998768908,-0.21939999835690688,52.203053,-2.195737,26.200000000873114,Vw8
13515.610000000546,1.772799994137579,0.3231999961528374,11.391399988866148,0.08599999966712493,0.040500000274485505,0.08170000030395312,52.203053,-2.195737,26.360000000436557,Vw8
13515.710000000547,0.6984999962094208,-0.3818000023294309,9.35109999944419,0.02500000008350999,0.09080000024887083,0.13739999838787012,52.203053,-2.195737,26.440000000663655,Vw8
13515.810000000547,0.04106338165255861,-0.7963089072262866,9.243771283388533,0.038394058471573185,0.1355544553110564,-0.15343564320047914,52.203053,-2.195737,26.561980199104383,Vw8
13515.910000000547,2.83739998935246,-0.12720000483182703,8.560900010722003,-0.13219999862245024,0.11100000022995664,-0.08699999984395798,52.203053,-2.195737,26.76000000136879,Vw8
13516.010000000548,0.8927000065466466,-1.0096999944646152,10.519199993080495,0.11939999904294236,0.15299999963206937,-0.058499999282206776,52.203053,-2.195737,27.01000000098553,Vw8
13516.110000000548,2.088399996817291,0.0012999959171746012,9.255400001838558,-0.05539999954227678,0.08580000039913903,0.07259999856167597,52.203053,-2.195737,27.190000000766524,Vw8
13516.210000000548,1.507099999996704,-0.7443999974395504,9.591200006030599,0.028200000003845344,0.15870000010437363,-0.19009999943912917,52.203053,-2.195737,27.330000000164798,Vw8
13516.310000000549,1.5065000012447927,-0.2783000072094699,10.688999990231729,0.028899999836298228,0.177700000131291,-0.08800000011426164,52.203053,-2.195737,27.360000000714134,Vw8
13516.41000000055,1.7330999997885894,-1.5906999866628169,8.910800004014028,-0.0009000004527850472,0.2015999988574946,-0.10879999980634561,52.203053,-2.195737,27.49000000133172,Vw8
13516.51000000055,1.6906722748494967,0.7894465217650143,9.6386633687894,-0.0823316830758212,-0.0017158401640783275,-0.07340098982478753,52.203053,-2.195737,27.732475248884985,Vw8
13516.61000000055,1.2578999956314012,-1.5558999823480417,10.085000006750715,-0.06549999993618838,0.25669999899066664,-0.02350000012817812,52.203053,-2.195737,27.98000000105428,Vw8
13516.71000000055,0.4708841585720011,1.599736619614995,11.269552457635779,-0.055440594851085725,0.07620594136669535,-0.047594059952226854,52.203053,-2.195737,28.171584159286418,Vw8
13516.81000000055,0.4992999998644162,-0.9565999895203618,8.064800019274399,-0.1994999989875305,0.21679999873951128,-0.1469999991782297,52.203053,-2.195737,28.33000000060627,Vw8
13516.910000000551,0.4747000158340972,0.944799992291012,11.561899978005105,-0.015800001135376808,-0.01189999955907697,0.0021000000843265296,52.203053,-2.195737,28.44000000088185,Vw8
13517.010000000551,3.347599993509613,-0.45390000168377487,7.571200011121732,-0.22179999740516795,0.0680999994990012,0.01739999942018621,52.203053,-2.195737,28.600000000716502,Vw8
13517.110000000552,2.1700000066449503,-0.7593999972780642,9.58909999290976,0.24899999800165823,-0.02280000000381988,-0.08779999959454726,52.203053,-2.195737,28.730000000818546,Vw8
13517.210000000552,3.375643571020711,-0.26553861113153443,8.302664349324784,-0.11357425942989591,-0.02349306931076168,-0.014235643157724548,52.203053,-2.195737,28.878514852306072,Vw8
13517.310000000552,2.877799998691298,0.11720000564479081,8.396200015214013,0.22080000021951343,0.05730000076243216,0.016599999273315572,52.203053,-2.195737,29.100000001731534,Vw8
13517.410000000553,2.6285613778750077,1.086053442253567,11.107217814711449,0.25596138384925315,0.18868217538679177,-0.10871682903725886,52.203053,-2.195737,29.41207920907095,Vw8
13517.510000000553,1.134699987375464,-3.0886000283764403,9.829000012036934,-0.15789999815396463,-0.3230999960727762,0.3695999961967761,52.203053,-2.195737,29.620000001563966,Vw8
13517.610000000554,-1.076651458126059,-8.094693028256481,11.946558395129315,0.17003861244445578,0.3716762330191495,-0.3043653426984802,52.203053,-2.195737,29.901287129424894,Vw8
13517.710000000554,3.8081999943849523,-0.6739999842189482,8.202400002142607,-0.0861000000743421,-0.46069999867016415,0.3890999978041342,52.203053,-2.195737,30.03000000083219,Vw8
13517.810000000554,2.796100019462095,2.170499989334683,8.588599999204982,-0.09950000011761587,-0.22099999952898178,-0.006700000195841494,52.203053,-2.195737,30.18000000072123,Vw8
13517.910000000555,6.304099970649851,0.24809998030322786,8.445300033843962,-0.1206999967583517,-0.13609999646431206,-0.041999998980847525,52.203053,-2.195737,30.310000000887666,Vw8
13518.010000000555,1.0138000005037509,-3.302199985344621,14.545599967959111,0.463599997253226,0.5011999988454783,0.14170000118337084,52.203053,-2.195737,30.470000000388353,Vw8
13518.110000000555,1.1046000021437155,-0.6606000377324976,8.770300013156888,-0.031499999637720974,0.2931000015378828,0.3549999939183726,52.203053,-2.195737,30.540000000110958,Vw8
13518.210000000556,1.491,-7.4618,11.1418,0.0338,0.5703,-0.7412,52.203053,-2.195737,30.56,Vw8
